solid OpenSCAD_Model
  facet normal 0 1 0
    outer loop
      vertex 40 20 4
      vertex 40 20 0
      vertex 38 20 4
    endloop
  endfacet
  facet normal 0 1 -0
    outer loop
      vertex 4 20 38
      vertex 0 20 40
      vertex 4 20 40
    endloop
  endfacet
  facet normal 0 1 0
    outer loop
      vertex 0 20 0
      vertex 4 20 38
      vertex 38 20 4
    endloop
  endfacet
  facet normal 0 1 0
    outer loop
      vertex 0 20 0
      vertex 38 20 4
      vertex 40 20 0
    endloop
  endfacet
  facet normal 0 1 0
    outer loop
      vertex 4 20 38
      vertex 0 20 0
      vertex 0 20 40
    endloop
  endfacet
  facet normal 0 -1 0
    outer loop
      vertex 0 0 40
      vertex 4 0 38
      vertex 4 0 40
    endloop
  endfacet
  facet normal 0 -1 0
    outer loop
      vertex 0 0 0
      vertex 4 0 38
      vertex 0 0 40
    endloop
  endfacet
  facet normal 0 -1 -0
    outer loop
      vertex 4 0 38
      vertex 0 0 0
      vertex 38 0 4
    endloop
  endfacet
  facet normal 0 -1 0
    outer loop
      vertex 40 0 0
      vertex 38 0 4
      vertex 0 0 0
    endloop
  endfacet
  facet normal 0 -1 0
    outer loop
      vertex 38 0 4
      vertex 40 0 0
      vertex 40 0 4
    endloop
  endfacet
  facet normal 0 0 1
    outer loop
      vertex 38 17 4
      vertex 29.16 10 4
      vertex 38 3 4
    endloop
  endfacet
  facet normal 0 0 1
    outer loop
      vertex 38 17 4
      vertex 29.1295 10.4647 4
      vertex 29.16 10 4
    endloop
  endfacet
  facet normal 0 0 1
    outer loop
      vertex 38 17 4
      vertex 29.0387 10.9214 4
      vertex 29.1295 10.4647 4
    endloop
  endfacet
  facet normal 0 0 1
    outer loop
      vertex 38 17 4
      vertex 28.889 11.3624 4
      vertex 29.0387 10.9214 4
    endloop
  endfacet
  facet normal 0 0 1
    outer loop
      vertex 38 17 4
      vertex 28.6831 11.78 4
      vertex 28.889 11.3624 4
    endloop
  endfacet
  facet normal 0 0 1
    outer loop
      vertex 38 17 4
      vertex 28.4243 12.1672 4
      vertex 28.6831 11.78 4
    endloop
  endfacet
  facet normal 0 0 1
    outer loop
      vertex 38 17 4
      vertex 28.1173 12.5173 4
      vertex 28.4243 12.1672 4
    endloop
  endfacet
  facet normal 0 0 1
    outer loop
      vertex 38 17 4
      vertex 27.7672 12.8243 4
      vertex 28.1173 12.5173 4
    endloop
  endfacet
  facet normal 0 0 1
    outer loop
      vertex 38 17 4
      vertex 27.38 13.083 4
      vertex 27.7672 12.8243 4
    endloop
  endfacet
  facet normal 0 0 1
    outer loop
      vertex 38 17 4
      vertex 26.9624 13.289 4
      vertex 27.38 13.083 4
    endloop
  endfacet
  facet normal 0 0 1
    outer loop
      vertex 38 17 4
      vertex 26.5214 13.4387 4
      vertex 26.9624 13.289 4
    endloop
  endfacet
  facet normal 0 0 1
    outer loop
      vertex 38 17 4
      vertex 26.0647 13.5295 4
      vertex 26.5214 13.4387 4
    endloop
  endfacet
  facet normal 0 0 1
    outer loop
      vertex 38 17 4
      vertex 25.6 13.56 4
      vertex 26.0647 13.5295 4
    endloop
  endfacet
  facet normal 0 0 1
    outer loop
      vertex 38 17 4
      vertex 25.1353 13.5295 4
      vertex 25.6 13.56 4
    endloop
  endfacet
  facet normal -0 0 1
    outer loop
      vertex 8 17 4
      vertex 25.1353 13.5295 4
      vertex 38 17 4
    endloop
  endfacet
  facet normal 0 0 1
    outer loop
      vertex 22.0705 10.4647 4
      vertex 8 17 4
      vertex 22.04 10 4
    endloop
  endfacet
  facet normal 0 0 1
    outer loop
      vertex 22.1613 10.9214 4
      vertex 8 17 4
      vertex 22.0705 10.4647 4
    endloop
  endfacet
  facet normal 0 0 1
    outer loop
      vertex 22.311 11.3624 4
      vertex 8 17 4
      vertex 22.1613 10.9214 4
    endloop
  endfacet
  facet normal 0 0 1
    outer loop
      vertex 22.517 11.78 4
      vertex 8 17 4
      vertex 22.311 11.3624 4
    endloop
  endfacet
  facet normal 0 0 1
    outer loop
      vertex 22.7757 12.1672 4
      vertex 8 17 4
      vertex 22.517 11.78 4
    endloop
  endfacet
  facet normal 0 0 1
    outer loop
      vertex 23.0827 12.5173 4
      vertex 8 17 4
      vertex 22.7757 12.1672 4
    endloop
  endfacet
  facet normal 0 0 1
    outer loop
      vertex 23.4328 12.8243 4
      vertex 8 17 4
      vertex 23.0827 12.5173 4
    endloop
  endfacet
  facet normal 0 0 1
    outer loop
      vertex 23.82 13.083 4
      vertex 8 17 4
      vertex 23.4328 12.8243 4
    endloop
  endfacet
  facet normal 0 0 1
    outer loop
      vertex 24.2376 13.289 4
      vertex 8 17 4
      vertex 23.82 13.083 4
    endloop
  endfacet
  facet normal 0 0 1
    outer loop
      vertex 24.6786 13.4387 4
      vertex 8 17 4
      vertex 24.2376 13.289 4
    endloop
  endfacet
  facet normal 0 0 1
    outer loop
      vertex 25.1353 13.5295 4
      vertex 8 17 4
      vertex 24.6786 13.4387 4
    endloop
  endfacet
  facet normal 0 0 1
    outer loop
      vertex 38 17 4
      vertex 40 20 4
      vertex 38 20 4
    endloop
  endfacet
  facet normal 0 0 1
    outer loop
      vertex 40 20 4
      vertex 38 17 4
      vertex 40 0 4
    endloop
  endfacet
  facet normal -0 0 1
    outer loop
      vertex 38 3 4
      vertex 40 0 4
      vertex 38 17 4
    endloop
  endfacet
  facet normal 0 0 1
    outer loop
      vertex 40 0 4
      vertex 38 3 4
      vertex 38 0 4
    endloop
  endfacet
  facet normal -0 0 1
    outer loop
      vertex 29.1295 9.53533 4
      vertex 38 3 4
      vertex 29.16 10 4
    endloop
  endfacet
  facet normal -0 0 1
    outer loop
      vertex 29.0387 9.0786 4
      vertex 38 3 4
      vertex 29.1295 9.53533 4
    endloop
  endfacet
  facet normal -0 0 1
    outer loop
      vertex 28.889 8.63765 4
      vertex 38 3 4
      vertex 29.0387 9.0786 4
    endloop
  endfacet
  facet normal -0 0 1
    outer loop
      vertex 28.6831 8.22 4
      vertex 38 3 4
      vertex 28.889 8.63765 4
    endloop
  endfacet
  facet normal -0 0 1
    outer loop
      vertex 28.4243 7.83281 4
      vertex 38 3 4
      vertex 28.6831 8.22 4
    endloop
  endfacet
  facet normal -0 0 1
    outer loop
      vertex 28.1173 7.4827 4
      vertex 38 3 4
      vertex 28.4243 7.83281 4
    endloop
  endfacet
  facet normal -0 0 1
    outer loop
      vertex 27.7672 7.17566 4
      vertex 38 3 4
      vertex 28.1173 7.4827 4
    endloop
  endfacet
  facet normal -0 0 1
    outer loop
      vertex 27.38 6.91695 4
      vertex 38 3 4
      vertex 27.7672 7.17566 4
    endloop
  endfacet
  facet normal -0 0 1
    outer loop
      vertex 26.9624 6.71099 4
      vertex 38 3 4
      vertex 27.38 6.91695 4
    endloop
  endfacet
  facet normal -0 0 1
    outer loop
      vertex 26.5214 6.5613 4
      vertex 38 3 4
      vertex 26.9624 6.71099 4
    endloop
  endfacet
  facet normal -0 0 1
    outer loop
      vertex 26.0647 6.47046 4
      vertex 38 3 4
      vertex 26.5214 6.5613 4
    endloop
  endfacet
  facet normal -0 0 1
    outer loop
      vertex 25.6 6.44 4
      vertex 38 3 4
      vertex 26.0647 6.47046 4
    endloop
  endfacet
  facet normal 0 0 1
    outer loop
      vertex 25.1353 6.47046 4
      vertex 38 3 4
      vertex 25.6 6.44 4
    endloop
  endfacet
  facet normal 0 0 1
    outer loop
      vertex 8 3 4
      vertex 25.1353 6.47046 4
      vertex 24.6786 6.5613 4
    endloop
  endfacet
  facet normal 0 0 1
    outer loop
      vertex 8 3 4
      vertex 22.04 10 4
      vertex 8 17 4
    endloop
  endfacet
  facet normal 0 0 1
    outer loop
      vertex 22.04 10 4
      vertex 8 3 4
      vertex 22.0705 9.53533 4
    endloop
  endfacet
  facet normal 0 0 1
    outer loop
      vertex 22.0705 9.53533 4
      vertex 8 3 4
      vertex 22.1613 9.0786 4
    endloop
  endfacet
  facet normal 0 0 1
    outer loop
      vertex 22.1613 9.0786 4
      vertex 8 3 4
      vertex 22.311 8.63765 4
    endloop
  endfacet
  facet normal 0 0 1
    outer loop
      vertex 22.311 8.63765 4
      vertex 8 3 4
      vertex 22.517 8.22 4
    endloop
  endfacet
  facet normal 0 0 1
    outer loop
      vertex 22.517 8.22 4
      vertex 8 3 4
      vertex 22.7757 7.83281 4
    endloop
  endfacet
  facet normal 0 0 1
    outer loop
      vertex 22.7757 7.83281 4
      vertex 8 3 4
      vertex 23.0827 7.4827 4
    endloop
  endfacet
  facet normal 0 0 1
    outer loop
      vertex 23.0827 7.4827 4
      vertex 8 3 4
      vertex 23.4328 7.17566 4
    endloop
  endfacet
  facet normal 0 0 1
    outer loop
      vertex 25.1353 6.47046 4
      vertex 8 3 4
      vertex 38 3 4
    endloop
  endfacet
  facet normal 0 0 1
    outer loop
      vertex 24.2376 6.71099 4
      vertex 8 3 4
      vertex 24.6786 6.5613 4
    endloop
  endfacet
  facet normal 0 0 1
    outer loop
      vertex 23.82 6.91695 4
      vertex 8 3 4
      vertex 24.2376 6.71099 4
    endloop
  endfacet
  facet normal 0 0 1
    outer loop
      vertex 23.4328 7.17566 4
      vertex 8 3 4
      vertex 23.82 6.91695 4
    endloop
  endfacet
  facet normal -0 0 1
    outer loop
      vertex 29.1198 10.4622 4
      vertex 29.16 10 4
      vertex 29.1295 10.4647 4
    endloop
  endfacet
  facet normal 0 0 1
    outer loop
      vertex 29.16 10 4
      vertex 29.1198 10.4622 4
      vertex 29.1501 10 4
    endloop
  endfacet
  facet normal 0 0 1
    outer loop
      vertex 29.1295 10.4647 4
      vertex 29.1197 10.4634 4
      vertex 29.1198 10.4622 4
    endloop
  endfacet
  facet normal 0 0 1
    outer loop
      vertex 29.1295 10.4647 4
      vertex 29.1194 10.4645 4
      vertex 29.1197 10.4634 4
    endloop
  endfacet
  facet normal 0 0 1
    outer loop
      vertex 29.0387 10.9214 4
      vertex 29.1194 10.4645 4
      vertex 29.1295 10.4647 4
    endloop
  endfacet
  facet normal 0 0 1
    outer loop
      vertex 29.0387 10.9214 4
      vertex 29.0291 10.9188 4
      vertex 29.1194 10.4645 4
    endloop
  endfacet
  facet normal -0 0 1
    outer loop
      vertex 28.8802 11.3574 4
      vertex 29.0387 10.9214 4
      vertex 28.889 11.3624 4
    endloop
  endfacet
  facet normal 0 0 1
    outer loop
      vertex 29.0387 10.9214 4
      vertex 28.8802 11.3574 4
      vertex 29.0291 10.9188 4
    endloop
  endfacet
  facet normal 0 0 1
    outer loop
      vertex 28.889 11.3624 4
      vertex 28.8798 11.3585 4
      vertex 28.8802 11.3574 4
    endloop
  endfacet
  facet normal -0 0 1
    outer loop
      vertex 28.675 11.774 4
      vertex 28.889 11.3624 4
      vertex 28.6831 11.78 4
    endloop
  endfacet
  facet normal 0 0 1
    outer loop
      vertex 28.889 11.3624 4
      vertex 28.675 11.774 4
      vertex 28.8798 11.3585 4
    endloop
  endfacet
  facet normal 0 0 1
    outer loop
      vertex 28.6831 11.78 4
      vertex 28.6744 11.775 4
      vertex 28.675 11.774 4
    endloop
  endfacet
  facet normal 0 0 1
    outer loop
      vertex 28.6831 11.78 4
      vertex 28.6738 11.776 4
      vertex 28.6744 11.775 4
    endloop
  endfacet
  facet normal 0 0 1
    outer loop
      vertex 28.4243 12.1672 4
      vertex 28.6738 11.776 4
      vertex 28.6831 11.78 4
    endloop
  endfacet
  facet normal 0 0 1
    outer loop
      vertex 28.4243 12.1672 4
      vertex 28.4164 12.1611 4
      vertex 28.6738 11.776 4
    endloop
  endfacet
  facet normal -0 0 1
    outer loop
      vertex 28.1111 12.5094 4
      vertex 28.4243 12.1672 4
      vertex 28.1173 12.5173 4
    endloop
  endfacet
  facet normal 0 0 1
    outer loop
      vertex 28.4243 12.1672 4
      vertex 28.1111 12.5094 4
      vertex 28.4164 12.1611 4
    endloop
  endfacet
  facet normal 0 0 1
    outer loop
      vertex 28.1173 12.5173 4
      vertex 28.1103 12.5103 4
      vertex 28.1111 12.5094 4
    endloop
  endfacet
  facet normal 0 0 1
    outer loop
      vertex 28.1173 12.5173 4
      vertex 28.1094 12.5111 4
      vertex 28.1103 12.5103 4
    endloop
  endfacet
  facet normal 0 0 1
    outer loop
      vertex 27.7672 12.8243 4
      vertex 28.1094 12.5111 4
      vertex 28.1173 12.5173 4
    endloop
  endfacet
  facet normal 0 0 1
    outer loop
      vertex 27.7672 12.8243 4
      vertex 27.7611 12.8164 4
      vertex 28.1094 12.5111 4
    endloop
  endfacet
  facet normal -0 0 1
    outer loop
      vertex 27.376 13.0738 4
      vertex 27.7672 12.8243 4
      vertex 27.38 13.083 4
    endloop
  endfacet
  facet normal 0 0 1
    outer loop
      vertex 27.7672 12.8243 4
      vertex 27.376 13.0738 4
      vertex 27.7611 12.8164 4
    endloop
  endfacet
  facet normal 0 0 1
    outer loop
      vertex 27.38 13.083 4
      vertex 27.375 13.0744 4
      vertex 27.376 13.0738 4
    endloop
  endfacet
  facet normal 0 0 1
    outer loop
      vertex 27.38 13.083 4
      vertex 27.374 13.075 4
      vertex 27.375 13.0744 4
    endloop
  endfacet
  facet normal 0 0 1
    outer loop
      vertex 26.9624 13.289 4
      vertex 27.374 13.075 4
      vertex 27.38 13.083 4
    endloop
  endfacet
  facet normal 0 0 1
    outer loop
      vertex 26.9624 13.289 4
      vertex 26.9585 13.2798 4
      vertex 27.374 13.075 4
    endloop
  endfacet
  facet normal 0 0 1
    outer loop
      vertex 26.9624 13.289 4
      vertex 26.9574 13.2802 4
      vertex 26.9585 13.2798 4
    endloop
  endfacet
  facet normal 0 0 1
    outer loop
      vertex 26.5214 13.4387 4
      vertex 26.9574 13.2802 4
      vertex 26.9624 13.289 4
    endloop
  endfacet
  facet normal 0 0 1
    outer loop
      vertex 26.5214 13.4387 4
      vertex 26.5188 13.4291 4
      vertex 26.9574 13.2802 4
    endloop
  endfacet
  facet normal -0 0 1
    outer loop
      vertex 26.0645 13.5195 4
      vertex 26.5214 13.4387 4
      vertex 26.0647 13.5295 4
    endloop
  endfacet
  facet normal 0 0 1
    outer loop
      vertex 26.5214 13.4387 4
      vertex 26.0645 13.5195 4
      vertex 26.5188 13.4291 4
    endloop
  endfacet
  facet normal 0 0 1
    outer loop
      vertex 26.0647 13.5295 4
      vertex 26.0634 13.5197 4
      vertex 26.0645 13.5195 4
    endloop
  endfacet
  facet normal 0 0 1
    outer loop
      vertex 26.0647 13.5295 4
      vertex 26.0622 13.5198 4
      vertex 26.0634 13.5197 4
    endloop
  endfacet
  facet normal 0 0 1
    outer loop
      vertex 25.6 13.56 4
      vertex 26.0622 13.5198 4
      vertex 26.0647 13.5295 4
    endloop
  endfacet
  facet normal 0 0 1
    outer loop
      vertex 25.6 13.56 4
      vertex 25.6 13.5501 4
      vertex 26.0622 13.5198 4
    endloop
  endfacet
  facet normal 0 0 1
    outer loop
      vertex 25.6 13.56 4
      vertex 25.1378 13.5198 4
      vertex 25.6 13.5501 4
    endloop
  endfacet
  facet normal -0 0 1
    outer loop
      vertex 25.1353 13.5295 4
      vertex 25.1378 13.5198 4
      vertex 25.6 13.56 4
    endloop
  endfacet
  facet normal 0 0 1
    outer loop
      vertex 25.1378 13.5198 4
      vertex 25.1353 13.5295 4
      vertex 25.1366 13.5197 4
    endloop
  endfacet
  facet normal 0 0 1
    outer loop
      vertex 25.1353 13.5295 4
      vertex 25.1355 13.5195 4
      vertex 25.1366 13.5197 4
    endloop
  endfacet
  facet normal 0 0 1
    outer loop
      vertex 24.6786 13.4387 4
      vertex 25.1355 13.5195 4
      vertex 25.1353 13.5295 4
    endloop
  endfacet
  facet normal 0 0 1
    outer loop
      vertex 25.1355 13.5195 4
      vertex 24.6786 13.4387 4
      vertex 24.6812 13.4291 4
    endloop
  endfacet
  facet normal 0 0 1
    outer loop
      vertex 24.6786 13.4387 4
      vertex 24.2426 13.2802 4
      vertex 24.6812 13.4291 4
    endloop
  endfacet
  facet normal -0 0 1
    outer loop
      vertex 24.2376 13.289 4
      vertex 24.2426 13.2802 4
      vertex 24.6786 13.4387 4
    endloop
  endfacet
  facet normal 0 0 1
    outer loop
      vertex 24.2426 13.2802 4
      vertex 24.2376 13.289 4
      vertex 24.2415 13.2798 4
    endloop
  endfacet
  facet normal 0 0 1
    outer loop
      vertex 24.2376 13.289 4
      vertex 23.826 13.075 4
      vertex 24.2415 13.2798 4
    endloop
  endfacet
  facet normal -0 0 1
    outer loop
      vertex 23.82 13.083 4
      vertex 23.826 13.075 4
      vertex 24.2376 13.289 4
    endloop
  endfacet
  facet normal 0 0 1
    outer loop
      vertex 23.826 13.075 4
      vertex 23.82 13.083 4
      vertex 23.825 13.0744 4
    endloop
  endfacet
  facet normal 0 0 1
    outer loop
      vertex 23.82 13.083 4
      vertex 23.824 13.0738 4
      vertex 23.825 13.0744 4
    endloop
  endfacet
  facet normal 0 0 1
    outer loop
      vertex 23.4328 12.8243 4
      vertex 23.824 13.0738 4
      vertex 23.82 13.083 4
    endloop
  endfacet
  facet normal 0 0 1
    outer loop
      vertex 23.824 13.0738 4
      vertex 23.4328 12.8243 4
      vertex 23.4389 12.8164 4
    endloop
  endfacet
  facet normal 0 0 1
    outer loop
      vertex 23.4328 12.8243 4
      vertex 23.0906 12.5111 4
      vertex 23.4389 12.8164 4
    endloop
  endfacet
  facet normal -0 0 1
    outer loop
      vertex 23.0827 12.5173 4
      vertex 23.0906 12.5111 4
      vertex 23.4328 12.8243 4
    endloop
  endfacet
  facet normal 0 0 1
    outer loop
      vertex 23.0906 12.5111 4
      vertex 23.0827 12.5173 4
      vertex 23.0897 12.5103 4
    endloop
  endfacet
  facet normal 0 0 1
    outer loop
      vertex 23.0827 12.5173 4
      vertex 23.0889 12.5094 4
      vertex 23.0897 12.5103 4
    endloop
  endfacet
  facet normal 0 0 1
    outer loop
      vertex 22.7757 12.1672 4
      vertex 23.0889 12.5094 4
      vertex 23.0827 12.5173 4
    endloop
  endfacet
  facet normal 0 0 1
    outer loop
      vertex 23.0889 12.5094 4
      vertex 22.7757 12.1672 4
      vertex 22.7836 12.1611 4
    endloop
  endfacet
  facet normal 0 0 1
    outer loop
      vertex 22.7757 12.1672 4
      vertex 22.5262 11.776 4
      vertex 22.7836 12.1611 4
    endloop
  endfacet
  facet normal -0 0 1
    outer loop
      vertex 22.517 11.78 4
      vertex 22.5262 11.776 4
      vertex 22.7757 12.1672 4
    endloop
  endfacet
  facet normal 0 0 1
    outer loop
      vertex 22.5262 11.776 4
      vertex 22.517 11.78 4
      vertex 22.5256 11.775 4
    endloop
  endfacet
  facet normal 0 0 1
    outer loop
      vertex 22.517 11.78 4
      vertex 22.525 11.774 4
      vertex 22.5256 11.775 4
    endloop
  endfacet
  facet normal 0 0 1
    outer loop
      vertex 22.311 11.3624 4
      vertex 22.525 11.774 4
      vertex 22.517 11.78 4
    endloop
  endfacet
  facet normal 0 0 1
    outer loop
      vertex 22.525 11.774 4
      vertex 22.311 11.3624 4
      vertex 22.3202 11.3585 4
    endloop
  endfacet
  facet normal 0 0 1
    outer loop
      vertex 22.311 11.3624 4
      vertex 22.3198 11.3574 4
      vertex 22.3202 11.3585 4
    endloop
  endfacet
  facet normal 0 0 1
    outer loop
      vertex 22.1613 10.9214 4
      vertex 22.3198 11.3574 4
      vertex 22.311 11.3624 4
    endloop
  endfacet
  facet normal 0 0 1
    outer loop
      vertex 22.3198 11.3574 4
      vertex 22.1613 10.9214 4
      vertex 22.1709 10.9188 4
    endloop
  endfacet
  facet normal 0 0 1
    outer loop
      vertex 22.1613 10.9214 4
      vertex 22.0805 10.4645 4
      vertex 22.1709 10.9188 4
    endloop
  endfacet
  facet normal -0 0 1
    outer loop
      vertex 22.0705 10.4647 4
      vertex 22.0805 10.4645 4
      vertex 22.1613 10.9214 4
    endloop
  endfacet
  facet normal 0 0 1
    outer loop
      vertex 22.0805 10.4645 4
      vertex 22.0705 10.4647 4
      vertex 22.0803 10.4634 4
    endloop
  endfacet
  facet normal 0 0 1
    outer loop
      vertex 22.0705 10.4647 4
      vertex 22.0802 10.4622 4
      vertex 22.0803 10.4634 4
    endloop
  endfacet
  facet normal 0 0 1
    outer loop
      vertex 22.04 10 4
      vertex 22.0802 10.4622 4
      vertex 22.0705 10.4647 4
    endloop
  endfacet
  facet normal 0 0 1
    outer loop
      vertex 22.0802 10.4622 4
      vertex 22.04 10 4
      vertex 22.0499 10 4
    endloop
  endfacet
  facet normal 0 0 1
    outer loop
      vertex 29.1198 9.53781 4
      vertex 29.16 10 4
      vertex 29.1501 10 4
    endloop
  endfacet
  facet normal 0 0 1
    outer loop
      vertex 29.16 10 4
      vertex 29.1198 9.53781 4
      vertex 29.1295 9.53533 4
    endloop
  endfacet
  facet normal -0 0 1
    outer loop
      vertex 29.1197 9.53662 4
      vertex 29.1295 9.53533 4
      vertex 29.1198 9.53781 4
    endloop
  endfacet
  facet normal -0 0 1
    outer loop
      vertex 29.1194 9.53546 4
      vertex 29.1295 9.53533 4
      vertex 29.1197 9.53662 4
    endloop
  endfacet
  facet normal 0 0 1
    outer loop
      vertex 29.1194 9.53546 4
      vertex 29.0387 9.0786 4
      vertex 29.1295 9.53533 4
    endloop
  endfacet
  facet normal -0 0 1
    outer loop
      vertex 29.0291 9.08118 4
      vertex 29.0387 9.0786 4
      vertex 29.1194 9.53546 4
    endloop
  endfacet
  facet normal 0 0 1
    outer loop
      vertex 28.8802 8.64258 4
      vertex 29.0387 9.0786 4
      vertex 29.0291 9.08118 4
    endloop
  endfacet
  facet normal 0 0 1
    outer loop
      vertex 29.0387 9.0786 4
      vertex 28.8802 8.64258 4
      vertex 28.889 8.63765 4
    endloop
  endfacet
  facet normal -0 0 1
    outer loop
      vertex 28.8798 8.64145 4
      vertex 28.889 8.63765 4
      vertex 28.8802 8.64258 4
    endloop
  endfacet
  facet normal 0 0 1
    outer loop
      vertex 28.675 8.22604 4
      vertex 28.889 8.63765 4
      vertex 28.8798 8.64145 4
    endloop
  endfacet
  facet normal 0 0 1
    outer loop
      vertex 28.889 8.63765 4
      vertex 28.675 8.22604 4
      vertex 28.6831 8.22 4
    endloop
  endfacet
  facet normal -0 0 1
    outer loop
      vertex 28.6744 8.22497 4
      vertex 28.6831 8.22 4
      vertex 28.675 8.22604 4
    endloop
  endfacet
  facet normal -0 0 1
    outer loop
      vertex 28.6738 8.22398 4
      vertex 28.6831 8.22 4
      vertex 28.6744 8.22497 4
    endloop
  endfacet
  facet normal 0 0 1
    outer loop
      vertex 28.6738 8.22398 4
      vertex 28.4243 7.83281 4
      vertex 28.6831 8.22 4
    endloop
  endfacet
  facet normal -0 0 1
    outer loop
      vertex 28.4164 7.83886 4
      vertex 28.4243 7.83281 4
      vertex 28.6738 8.22398 4
    endloop
  endfacet
  facet normal 0 0 1
    outer loop
      vertex 28.1111 7.49063 4
      vertex 28.4243 7.83281 4
      vertex 28.4164 7.83886 4
    endloop
  endfacet
  facet normal 0 0 1
    outer loop
      vertex 28.4243 7.83281 4
      vertex 28.1111 7.49063 4
      vertex 28.1173 7.4827 4
    endloop
  endfacet
  facet normal -0 0 1
    outer loop
      vertex 28.1103 7.48973 4
      vertex 28.1173 7.4827 4
      vertex 28.1111 7.49063 4
    endloop
  endfacet
  facet normal -0 0 1
    outer loop
      vertex 28.1094 7.48895 4
      vertex 28.1173 7.4827 4
      vertex 28.1103 7.48973 4
    endloop
  endfacet
  facet normal 0 0 1
    outer loop
      vertex 28.1094 7.48895 4
      vertex 27.7672 7.17566 4
      vertex 28.1173 7.4827 4
    endloop
  endfacet
  facet normal -0 0 1
    outer loop
      vertex 27.7611 7.18355 4
      vertex 27.7672 7.17566 4
      vertex 28.1094 7.48895 4
    endloop
  endfacet
  facet normal 0 0 1
    outer loop
      vertex 27.376 6.92622 4
      vertex 27.7672 7.17566 4
      vertex 27.7611 7.18355 4
    endloop
  endfacet
  facet normal 0 0 1
    outer loop
      vertex 27.7672 7.17566 4
      vertex 27.376 6.92622 4
      vertex 27.38 6.91695 4
    endloop
  endfacet
  facet normal -0 0 1
    outer loop
      vertex 27.375 6.92556 4
      vertex 27.38 6.91695 4
      vertex 27.376 6.92622 4
    endloop
  endfacet
  facet normal -0 0 1
    outer loop
      vertex 27.374 6.92504 4
      vertex 27.38 6.91695 4
      vertex 27.375 6.92556 4
    endloop
  endfacet
  facet normal 0 0 1
    outer loop
      vertex 27.374 6.92504 4
      vertex 26.9624 6.71099 4
      vertex 27.38 6.91695 4
    endloop
  endfacet
  facet normal -0 0 1
    outer loop
      vertex 26.9585 6.72018 4
      vertex 26.9624 6.71099 4
      vertex 27.374 6.92504 4
    endloop
  endfacet
  facet normal -0 0 1
    outer loop
      vertex 26.9574 6.7198 4
      vertex 26.9624 6.71099 4
      vertex 26.9585 6.72018 4
    endloop
  endfacet
  facet normal 0 0 1
    outer loop
      vertex 26.9574 6.7198 4
      vertex 26.5214 6.5613 4
      vertex 26.9624 6.71099 4
    endloop
  endfacet
  facet normal -0 0 1
    outer loop
      vertex 26.5188 6.57091 4
      vertex 26.5214 6.5613 4
      vertex 26.9574 6.7198 4
    endloop
  endfacet
  facet normal 0 0 1
    outer loop
      vertex 26.0645 6.48055 4
      vertex 26.5214 6.5613 4
      vertex 26.5188 6.57091 4
    endloop
  endfacet
  facet normal 0 0 1
    outer loop
      vertex 26.5214 6.5613 4
      vertex 26.0645 6.48055 4
      vertex 26.0647 6.47046 4
    endloop
  endfacet
  facet normal -0 0 1
    outer loop
      vertex 26.0634 6.48032 4
      vertex 26.0647 6.47046 4
      vertex 26.0645 6.48055 4
    endloop
  endfacet
  facet normal -0 0 1
    outer loop
      vertex 26.0622 6.48024 4
      vertex 26.0647 6.47046 4
      vertex 26.0634 6.48032 4
    endloop
  endfacet
  facet normal 0 0 1
    outer loop
      vertex 25.6 6.44 4
      vertex 26.0622 6.48024 4
      vertex 25.6 6.44995 4
    endloop
  endfacet
  facet normal 0 0 1
    outer loop
      vertex 26.0622 6.48024 4
      vertex 25.6 6.44 4
      vertex 26.0647 6.47046 4
    endloop
  endfacet
  facet normal 0 0 1
    outer loop
      vertex 25.1378 6.48024 4
      vertex 25.6 6.44 4
      vertex 25.6 6.44995 4
    endloop
  endfacet
  facet normal 0 0 1
    outer loop
      vertex 25.1353 6.47046 4
      vertex 25.1378 6.48024 4
      vertex 25.1366 6.48032 4
    endloop
  endfacet
  facet normal 0 0 1
    outer loop
      vertex 25.1378 6.48024 4
      vertex 25.1353 6.47046 4
      vertex 25.6 6.44 4
    endloop
  endfacet
  facet normal 0 0 1
    outer loop
      vertex 25.1355 6.48055 4
      vertex 25.1353 6.47046 4
      vertex 25.1366 6.48032 4
    endloop
  endfacet
  facet normal -0 0 1
    outer loop
      vertex 24.6786 6.5613 4
      vertex 25.1355 6.48055 4
      vertex 24.6812 6.57091 4
    endloop
  endfacet
  facet normal 0 0 1
    outer loop
      vertex 25.1355 6.48055 4
      vertex 24.6786 6.5613 4
      vertex 25.1353 6.47046 4
    endloop
  endfacet
  facet normal 0 0 1
    outer loop
      vertex 24.2426 6.7198 4
      vertex 24.6786 6.5613 4
      vertex 24.6812 6.57091 4
    endloop
  endfacet
  facet normal 0 0 1
    outer loop
      vertex 24.2376 6.71099 4
      vertex 24.2426 6.7198 4
      vertex 24.2415 6.72018 4
    endloop
  endfacet
  facet normal 0 0 1
    outer loop
      vertex 24.2426 6.7198 4
      vertex 24.2376 6.71099 4
      vertex 24.6786 6.5613 4
    endloop
  endfacet
  facet normal 0 0 1
    outer loop
      vertex 23.826 6.92504 4
      vertex 24.2376 6.71099 4
      vertex 24.2415 6.72018 4
    endloop
  endfacet
  facet normal 0 0 1
    outer loop
      vertex 23.82 6.91695 4
      vertex 23.826 6.92504 4
      vertex 23.825 6.92556 4
    endloop
  endfacet
  facet normal 0 0 1
    outer loop
      vertex 23.826 6.92504 4
      vertex 23.82 6.91695 4
      vertex 24.2376 6.71099 4
    endloop
  endfacet
  facet normal 0 0 1
    outer loop
      vertex 23.824 6.92622 4
      vertex 23.82 6.91695 4
      vertex 23.825 6.92556 4
    endloop
  endfacet
  facet normal -0 0 1
    outer loop
      vertex 23.4328 7.17566 4
      vertex 23.824 6.92622 4
      vertex 23.4389 7.18355 4
    endloop
  endfacet
  facet normal 0 0 1
    outer loop
      vertex 23.824 6.92622 4
      vertex 23.4328 7.17566 4
      vertex 23.82 6.91695 4
    endloop
  endfacet
  facet normal 0 0 1
    outer loop
      vertex 23.0906 7.48895 4
      vertex 23.4328 7.17566 4
      vertex 23.4389 7.18355 4
    endloop
  endfacet
  facet normal 0 0 1
    outer loop
      vertex 23.0827 7.4827 4
      vertex 23.0906 7.48895 4
      vertex 23.0897 7.48973 4
    endloop
  endfacet
  facet normal 0 0 1
    outer loop
      vertex 23.0906 7.48895 4
      vertex 23.0827 7.4827 4
      vertex 23.4328 7.17566 4
    endloop
  endfacet
  facet normal 0 0 1
    outer loop
      vertex 23.0889 7.49063 4
      vertex 23.0827 7.4827 4
      vertex 23.0897 7.48973 4
    endloop
  endfacet
  facet normal -0 0 1
    outer loop
      vertex 22.7757 7.83281 4
      vertex 23.0889 7.49063 4
      vertex 22.7836 7.83886 4
    endloop
  endfacet
  facet normal 0 0 1
    outer loop
      vertex 23.0889 7.49063 4
      vertex 22.7757 7.83281 4
      vertex 23.0827 7.4827 4
    endloop
  endfacet
  facet normal 0 0 1
    outer loop
      vertex 22.5262 8.22398 4
      vertex 22.7757 7.83281 4
      vertex 22.7836 7.83886 4
    endloop
  endfacet
  facet normal 0 0 1
    outer loop
      vertex 22.517 8.22 4
      vertex 22.5262 8.22398 4
      vertex 22.5256 8.22497 4
    endloop
  endfacet
  facet normal 0 0 1
    outer loop
      vertex 22.5262 8.22398 4
      vertex 22.517 8.22 4
      vertex 22.7757 7.83281 4
    endloop
  endfacet
  facet normal 0 0 1
    outer loop
      vertex 22.525 8.22604 4
      vertex 22.517 8.22 4
      vertex 22.5256 8.22497 4
    endloop
  endfacet
  facet normal -0 0 1
    outer loop
      vertex 22.311 8.63765 4
      vertex 22.525 8.22604 4
      vertex 22.3202 8.64145 4
    endloop
  endfacet
  facet normal 0 0 1
    outer loop
      vertex 22.525 8.22604 4
      vertex 22.311 8.63765 4
      vertex 22.517 8.22 4
    endloop
  endfacet
  facet normal 0 0 1
    outer loop
      vertex 22.3198 8.64258 4
      vertex 22.311 8.63765 4
      vertex 22.3202 8.64145 4
    endloop
  endfacet
  facet normal -0 0 1
    outer loop
      vertex 22.1613 9.0786 4
      vertex 22.3198 8.64258 4
      vertex 22.1709 9.08118 4
    endloop
  endfacet
  facet normal 0 0 1
    outer loop
      vertex 22.3198 8.64258 4
      vertex 22.1613 9.0786 4
      vertex 22.311 8.63765 4
    endloop
  endfacet
  facet normal 0 0 1
    outer loop
      vertex 22.0805 9.53546 4
      vertex 22.1613 9.0786 4
      vertex 22.1709 9.08118 4
    endloop
  endfacet
  facet normal 0 0 1
    outer loop
      vertex 22.0705 9.53533 4
      vertex 22.0805 9.53546 4
      vertex 22.0803 9.53662 4
    endloop
  endfacet
  facet normal 0 0 1
    outer loop
      vertex 22.0805 9.53546 4
      vertex 22.0705 9.53533 4
      vertex 22.1613 9.0786 4
    endloop
  endfacet
  facet normal 0 0 1
    outer loop
      vertex 22.0802 9.53781 4
      vertex 22.0705 9.53533 4
      vertex 22.0803 9.53662 4
    endloop
  endfacet
  facet normal -0 0 1
    outer loop
      vertex 22.04 10 4
      vertex 22.0802 9.53781 4
      vertex 22.0499 10 4
    endloop
  endfacet
  facet normal 0 0 1
    outer loop
      vertex 22.0802 9.53781 4
      vertex 22.04 10 4
      vertex 22.0705 9.53533 4
    endloop
  endfacet
  facet normal 1 0 0
    outer loop
      vertex 4 20 40
      vertex 4 17 38
      vertex 4 20 38
    endloop
  endfacet
  facet normal 1 0 0
    outer loop
      vertex 4 17 38
      vertex 4 13.56 25.6
      vertex 4 17 8
    endloop
  endfacet
  facet normal 1 0 0
    outer loop
      vertex 4 17 38
      vertex 4 13.5295 26.0647
      vertex 4 13.56 25.6
    endloop
  endfacet
  facet normal 1 0 0
    outer loop
      vertex 4 17 38
      vertex 4 13.4387 26.5214
      vertex 4 13.5295 26.0647
    endloop
  endfacet
  facet normal 1 0 0
    outer loop
      vertex 4 17 38
      vertex 4 13.289 26.9624
      vertex 4 13.4387 26.5214
    endloop
  endfacet
  facet normal 1 0 0
    outer loop
      vertex 4 17 38
      vertex 4 13.083 27.38
      vertex 4 13.289 26.9624
    endloop
  endfacet
  facet normal 1 0 0
    outer loop
      vertex 4 17 38
      vertex 4 12.8243 27.7672
      vertex 4 13.083 27.38
    endloop
  endfacet
  facet normal 1 0 0
    outer loop
      vertex 4 17 38
      vertex 4 12.5173 28.1173
      vertex 4 12.8243 27.7672
    endloop
  endfacet
  facet normal 1 0 0
    outer loop
      vertex 4 17 38
      vertex 4 10.8425 29.7983
      vertex 4 12.5173 28.1173
    endloop
  endfacet
  facet normal 1 0 0
    outer loop
      vertex 4 17 38
      vertex 4 10.005 30.6388
      vertex 4 10.8425 29.7983
    endloop
  endfacet
  facet normal 1 0 0
    outer loop
      vertex 4 17 38
      vertex 4 9.995 30.6388
      vertex 4 10.005 30.6388
    endloop
  endfacet
  facet normal 1 -0 0
    outer loop
      vertex 4 3 38
      vertex 4 9.995 30.6388
      vertex 4 17 38
    endloop
  endfacet
  facet normal 1 0 0
    outer loop
      vertex 4 9.995 30.6388
      vertex 4 3 38
      vertex 4 9.15751 29.7983
    endloop
  endfacet
  facet normal 1 0 0
    outer loop
      vertex 4 6.47046 26.0647
      vertex 4 3 38
      vertex 4 6.44 25.6
    endloop
  endfacet
  facet normal 1 0 0
    outer loop
      vertex 4 6.5613 26.5214
      vertex 4 3 38
      vertex 4 6.47046 26.0647
    endloop
  endfacet
  facet normal 1 0 0
    outer loop
      vertex 4 6.71099 26.9624
      vertex 4 3 38
      vertex 4 6.5613 26.5214
    endloop
  endfacet
  facet normal 1 0 0
    outer loop
      vertex 4 6.91695 27.38
      vertex 4 3 38
      vertex 4 6.71099 26.9624
    endloop
  endfacet
  facet normal 1 0 0
    outer loop
      vertex 4 7.17566 27.7672
      vertex 4 3 38
      vertex 4 6.91695 27.38
    endloop
  endfacet
  facet normal 1 0 0
    outer loop
      vertex 4 7.4827 28.1173
      vertex 4 3 38
      vertex 4 7.17566 27.7672
    endloop
  endfacet
  facet normal 1 0 0
    outer loop
      vertex 4 9.15751 29.7983
      vertex 4 3 38
      vertex 4 7.4827 28.1173
    endloop
  endfacet
  facet normal 1 0 0
    outer loop
      vertex 4 20 40
      vertex 4 3 38
      vertex 4 17 38
    endloop
  endfacet
  facet normal 1 -0 0
    outer loop
      vertex 4 0 40
      vertex 4 3 38
      vertex 4 20 40
    endloop
  endfacet
  facet normal 1 0 0
    outer loop
      vertex 4 3 38
      vertex 4 0 40
      vertex 4 0 38
    endloop
  endfacet
  facet normal 1 -0 0
    outer loop
      vertex 4 13.5295 25.1353
      vertex 4 17 8
      vertex 4 13.56 25.6
    endloop
  endfacet
  facet normal 1 -0 0
    outer loop
      vertex 4 13.4387 24.6786
      vertex 4 17 8
      vertex 4 13.5295 25.1353
    endloop
  endfacet
  facet normal 1 -0 0
    outer loop
      vertex 4 13.289 24.2376
      vertex 4 17 8
      vertex 4 13.4387 24.6786
    endloop
  endfacet
  facet normal 1 -0 0
    outer loop
      vertex 4 13.083 23.82
      vertex 4 17 8
      vertex 4 13.289 24.2376
    endloop
  endfacet
  facet normal 1 -0 0
    outer loop
      vertex 4 12.8243 23.4328
      vertex 4 17 8
      vertex 4 13.083 23.82
    endloop
  endfacet
  facet normal 1 -0 0
    outer loop
      vertex 4 12.5173 23.0827
      vertex 4 17 8
      vertex 4 12.8243 23.4328
    endloop
  endfacet
  facet normal 1 -0 0
    outer loop
      vertex 4 12.1672 22.7757
      vertex 4 17 8
      vertex 4 12.5173 23.0827
    endloop
  endfacet
  facet normal 1 -0 0
    outer loop
      vertex 4 11.78 22.517
      vertex 4 17 8
      vertex 4 12.1672 22.7757
    endloop
  endfacet
  facet normal 1 -0 0
    outer loop
      vertex 4 11.3624 22.311
      vertex 4 17 8
      vertex 4 11.78 22.517
    endloop
  endfacet
  facet normal 1 -0 0
    outer loop
      vertex 4 10.9214 22.1613
      vertex 4 17 8
      vertex 4 11.3624 22.311
    endloop
  endfacet
  facet normal 1 -0 0
    outer loop
      vertex 4 10.4647 22.0705
      vertex 4 17 8
      vertex 4 10.9214 22.1613
    endloop
  endfacet
  facet normal 1 -0 0
    outer loop
      vertex 4 10 22.04
      vertex 4 17 8
      vertex 4 10.4647 22.0705
    endloop
  endfacet
  facet normal 1 0 0
    outer loop
      vertex 4 3 8
      vertex 4 10 22.04
      vertex 4 9.53533 22.0705
    endloop
  endfacet
  facet normal 1 0 0
    outer loop
      vertex 4 3 8
      vertex 4 9.53533 22.0705
      vertex 4 9.0786 22.1613
    endloop
  endfacet
  facet normal 1 0 0
    outer loop
      vertex 4 3 8
      vertex 4 9.0786 22.1613
      vertex 4 8.63765 22.311
    endloop
  endfacet
  facet normal 1 0 0
    outer loop
      vertex 4 3 8
      vertex 4 8.63765 22.311
      vertex 4 8.22 22.517
    endloop
  endfacet
  facet normal 1 0 0
    outer loop
      vertex 4 3 8
      vertex 4 8.22 22.517
      vertex 4 7.83281 22.7757
    endloop
  endfacet
  facet normal 1 0 0
    outer loop
      vertex 4 3 8
      vertex 4 7.83281 22.7757
      vertex 4 7.4827 23.0827
    endloop
  endfacet
  facet normal 1 0 0
    outer loop
      vertex 4 3 8
      vertex 4 7.4827 23.0827
      vertex 4 7.17566 23.4328
    endloop
  endfacet
  facet normal 1 0 0
    outer loop
      vertex 4 3 8
      vertex 4 7.17566 23.4328
      vertex 4 6.91695 23.82
    endloop
  endfacet
  facet normal 1 0 0
    outer loop
      vertex 4 3 38
      vertex 4 6.47046 25.1353
      vertex 4 6.44 25.6
    endloop
  endfacet
  facet normal 1 0 0
    outer loop
      vertex 4 3 8
      vertex 4 6.47046 25.1353
      vertex 4 3 38
    endloop
  endfacet
  facet normal 1 0 0
    outer loop
      vertex 4 10 22.04
      vertex 4 3 8
      vertex 4 17 8
    endloop
  endfacet
  facet normal 1 0 0
    outer loop
      vertex 4 6.71099 24.2376
      vertex 4 3 8
      vertex 4 6.91695 23.82
    endloop
  endfacet
  facet normal 1 0 0
    outer loop
      vertex 4 6.5613 24.6786
      vertex 4 3 8
      vertex 4 6.71099 24.2376
    endloop
  endfacet
  facet normal 1 0 0
    outer loop
      vertex 4 6.47046 25.1353
      vertex 4 3 8
      vertex 4 6.5613 24.6786
    endloop
  endfacet
  facet normal 1 -0 0
    outer loop
      vertex 4 7.4827 28.1173
      vertex 4 7.48973 28.1103
      vertex 4 9.15751 29.7983
    endloop
  endfacet
  facet normal 1 0 0
    outer loop
      vertex 4 7.4827 28.1173
      vertex 4 7.48895 28.1094
      vertex 4 7.48973 28.1103
    endloop
  endfacet
  facet normal 1 0 0
    outer loop
      vertex 4 7.17566 27.7672
      vertex 4 7.48895 28.1094
      vertex 4 7.4827 28.1173
    endloop
  endfacet
  facet normal 1 0 0
    outer loop
      vertex 4 7.48895 28.1094
      vertex 4 7.17566 27.7672
      vertex 4 7.18355 27.7611
    endloop
  endfacet
  facet normal 1 0 0
    outer loop
      vertex 4 7.17566 27.7672
      vertex 4 6.92622 27.376
      vertex 4 7.18355 27.7611
    endloop
  endfacet
  facet normal 1 -0 0
    outer loop
      vertex 4 6.91695 27.38
      vertex 4 6.92622 27.376
      vertex 4 7.17566 27.7672
    endloop
  endfacet
  facet normal 1 0 0
    outer loop
      vertex 4 6.92622 27.376
      vertex 4 6.91695 27.38
      vertex 4 6.92556 27.375
    endloop
  endfacet
  facet normal 1 0 0
    outer loop
      vertex 4 6.91695 27.38
      vertex 4 6.92504 27.374
      vertex 4 6.92556 27.375
    endloop
  endfacet
  facet normal 1 0 0
    outer loop
      vertex 4 6.71099 26.9624
      vertex 4 6.92504 27.374
      vertex 4 6.91695 27.38
    endloop
  endfacet
  facet normal 1 0 0
    outer loop
      vertex 4 6.92504 27.374
      vertex 4 6.71099 26.9624
      vertex 4 6.72018 26.9585
    endloop
  endfacet
  facet normal 1 0 0
    outer loop
      vertex 4 6.71099 26.9624
      vertex 4 6.7198 26.9574
      vertex 4 6.72018 26.9585
    endloop
  endfacet
  facet normal 1 0 0
    outer loop
      vertex 4 6.5613 26.5214
      vertex 4 6.7198 26.9574
      vertex 4 6.71099 26.9624
    endloop
  endfacet
  facet normal 1 0 0
    outer loop
      vertex 4 6.7198 26.9574
      vertex 4 6.5613 26.5214
      vertex 4 6.57091 26.5188
    endloop
  endfacet
  facet normal 1 0 0
    outer loop
      vertex 4 6.5613 26.5214
      vertex 4 6.48055 26.0645
      vertex 4 6.57091 26.5188
    endloop
  endfacet
  facet normal 1 -0 0
    outer loop
      vertex 4 6.47046 26.0647
      vertex 4 6.48055 26.0645
      vertex 4 6.5613 26.5214
    endloop
  endfacet
  facet normal 1 0 0
    outer loop
      vertex 4 6.48055 26.0645
      vertex 4 6.47046 26.0647
      vertex 4 6.48032 26.0634
    endloop
  endfacet
  facet normal 1 0 0
    outer loop
      vertex 4 6.47046 26.0647
      vertex 4 6.48024 26.0622
      vertex 4 6.48032 26.0634
    endloop
  endfacet
  facet normal 1 0 0
    outer loop
      vertex 4 6.44 25.6
      vertex 4 6.48024 26.0622
      vertex 4 6.47046 26.0647
    endloop
  endfacet
  facet normal 1 0 0
    outer loop
      vertex 4 6.48024 26.0622
      vertex 4 6.44 25.6
      vertex 4 6.44995 25.6
    endloop
  endfacet
  facet normal 1 -0 0
    outer loop
      vertex 4 13.5198 26.0622
      vertex 4 13.56 25.6
      vertex 4 13.5295 26.0647
    endloop
  endfacet
  facet normal 1 0 0
    outer loop
      vertex 4 13.56 25.6
      vertex 4 13.5198 26.0622
      vertex 4 13.5501 25.6
    endloop
  endfacet
  facet normal 1 0 0
    outer loop
      vertex 4 13.5295 26.0647
      vertex 4 13.5197 26.0634
      vertex 4 13.5198 26.0622
    endloop
  endfacet
  facet normal 1 0 0
    outer loop
      vertex 4 13.5295 26.0647
      vertex 4 13.5195 26.0645
      vertex 4 13.5197 26.0634
    endloop
  endfacet
  facet normal 1 0 0
    outer loop
      vertex 4 13.4387 26.5214
      vertex 4 13.5195 26.0645
      vertex 4 13.5295 26.0647
    endloop
  endfacet
  facet normal 1 0 0
    outer loop
      vertex 4 13.4387 26.5214
      vertex 4 13.4291 26.5188
      vertex 4 13.5195 26.0645
    endloop
  endfacet
  facet normal 1 -0 0
    outer loop
      vertex 4 13.2802 26.9574
      vertex 4 13.4387 26.5214
      vertex 4 13.289 26.9624
    endloop
  endfacet
  facet normal 1 0 0
    outer loop
      vertex 4 13.4387 26.5214
      vertex 4 13.2802 26.9574
      vertex 4 13.4291 26.5188
    endloop
  endfacet
  facet normal 1 0 0
    outer loop
      vertex 4 13.289 26.9624
      vertex 4 13.2798 26.9585
      vertex 4 13.2802 26.9574
    endloop
  endfacet
  facet normal 1 -0 0
    outer loop
      vertex 4 13.075 27.374
      vertex 4 13.289 26.9624
      vertex 4 13.083 27.38
    endloop
  endfacet
  facet normal 1 0 0
    outer loop
      vertex 4 13.289 26.9624
      vertex 4 13.075 27.374
      vertex 4 13.2798 26.9585
    endloop
  endfacet
  facet normal 1 0 0
    outer loop
      vertex 4 13.083 27.38
      vertex 4 13.0744 27.375
      vertex 4 13.075 27.374
    endloop
  endfacet
  facet normal 1 0 0
    outer loop
      vertex 4 13.083 27.38
      vertex 4 13.0738 27.376
      vertex 4 13.0744 27.375
    endloop
  endfacet
  facet normal 1 0 0
    outer loop
      vertex 4 12.8243 27.7672
      vertex 4 13.0738 27.376
      vertex 4 13.083 27.38
    endloop
  endfacet
  facet normal 1 0 0
    outer loop
      vertex 4 12.8243 27.7672
      vertex 4 12.8164 27.7611
      vertex 4 13.0738 27.376
    endloop
  endfacet
  facet normal 1 -0 0
    outer loop
      vertex 4 12.5111 28.1094
      vertex 4 12.8243 27.7672
      vertex 4 12.5173 28.1173
    endloop
  endfacet
  facet normal 1 0 0
    outer loop
      vertex 4 12.8243 27.7672
      vertex 4 12.5111 28.1094
      vertex 4 12.8164 27.7611
    endloop
  endfacet
  facet normal 1 0 0
    outer loop
      vertex 4 12.5173 28.1173
      vertex 4 12.5103 28.1103
      vertex 4 12.5111 28.1094
    endloop
  endfacet
  facet normal 1 0 -0
    outer loop
      vertex 4 12.5103 28.1103
      vertex 4 12.5173 28.1173
      vertex 4 10.8425 29.7983
    endloop
  endfacet
  facet normal 1 0 0
    outer loop
      vertex 4 13.5198 25.1378
      vertex 4 13.56 25.6
      vertex 4 13.5501 25.6
    endloop
  endfacet
  facet normal 1 0 0
    outer loop
      vertex 4 13.56 25.6
      vertex 4 13.5198 25.1378
      vertex 4 13.5295 25.1353
    endloop
  endfacet
  facet normal 1 -0 0
    outer loop
      vertex 4 13.5197 25.1366
      vertex 4 13.5295 25.1353
      vertex 4 13.5198 25.1378
    endloop
  endfacet
  facet normal 1 -0 0
    outer loop
      vertex 4 13.5195 25.1355
      vertex 4 13.5295 25.1353
      vertex 4 13.5197 25.1366
    endloop
  endfacet
  facet normal 1 0 0
    outer loop
      vertex 4 13.5195 25.1355
      vertex 4 13.4387 24.6786
      vertex 4 13.5295 25.1353
    endloop
  endfacet
  facet normal 1 -0 0
    outer loop
      vertex 4 13.4291 24.6812
      vertex 4 13.4387 24.6786
      vertex 4 13.5195 25.1355
    endloop
  endfacet
  facet normal 1 0 0
    outer loop
      vertex 4 13.2802 24.2426
      vertex 4 13.4387 24.6786
      vertex 4 13.4291 24.6812
    endloop
  endfacet
  facet normal 1 0 0
    outer loop
      vertex 4 13.4387 24.6786
      vertex 4 13.2802 24.2426
      vertex 4 13.289 24.2376
    endloop
  endfacet
  facet normal 1 -0 0
    outer loop
      vertex 4 13.2798 24.2415
      vertex 4 13.289 24.2376
      vertex 4 13.2802 24.2426
    endloop
  endfacet
  facet normal 1 0 0
    outer loop
      vertex 4 13.075 23.826
      vertex 4 13.289 24.2376
      vertex 4 13.2798 24.2415
    endloop
  endfacet
  facet normal 1 0 0
    outer loop
      vertex 4 13.289 24.2376
      vertex 4 13.075 23.826
      vertex 4 13.083 23.82
    endloop
  endfacet
  facet normal 1 -0 0
    outer loop
      vertex 4 13.0744 23.825
      vertex 4 13.083 23.82
      vertex 4 13.075 23.826
    endloop
  endfacet
  facet normal 1 -0 0
    outer loop
      vertex 4 13.0738 23.824
      vertex 4 13.083 23.82
      vertex 4 13.0744 23.825
    endloop
  endfacet
  facet normal 1 0 0
    outer loop
      vertex 4 13.0738 23.824
      vertex 4 12.8243 23.4328
      vertex 4 13.083 23.82
    endloop
  endfacet
  facet normal 1 -0 0
    outer loop
      vertex 4 12.8164 23.4389
      vertex 4 12.8243 23.4328
      vertex 4 13.0738 23.824
    endloop
  endfacet
  facet normal 1 0 0
    outer loop
      vertex 4 12.5111 23.0906
      vertex 4 12.8243 23.4328
      vertex 4 12.8164 23.4389
    endloop
  endfacet
  facet normal 1 0 0
    outer loop
      vertex 4 12.8243 23.4328
      vertex 4 12.5111 23.0906
      vertex 4 12.5173 23.0827
    endloop
  endfacet
  facet normal 1 -0 0
    outer loop
      vertex 4 12.5103 23.0897
      vertex 4 12.5173 23.0827
      vertex 4 12.5111 23.0906
    endloop
  endfacet
  facet normal 1 -0 0
    outer loop
      vertex 4 12.5094 23.0889
      vertex 4 12.5173 23.0827
      vertex 4 12.5103 23.0897
    endloop
  endfacet
  facet normal 1 0 0
    outer loop
      vertex 4 12.5094 23.0889
      vertex 4 12.1672 22.7757
      vertex 4 12.5173 23.0827
    endloop
  endfacet
  facet normal 1 -0 0
    outer loop
      vertex 4 12.1611 22.7836
      vertex 4 12.1672 22.7757
      vertex 4 12.5094 23.0889
    endloop
  endfacet
  facet normal 1 0 0
    outer loop
      vertex 4 11.776 22.5262
      vertex 4 12.1672 22.7757
      vertex 4 12.1611 22.7836
    endloop
  endfacet
  facet normal 1 0 0
    outer loop
      vertex 4 12.1672 22.7757
      vertex 4 11.776 22.5262
      vertex 4 11.78 22.517
    endloop
  endfacet
  facet normal 1 -0 0
    outer loop
      vertex 4 11.775 22.5256
      vertex 4 11.78 22.517
      vertex 4 11.776 22.5262
    endloop
  endfacet
  facet normal 1 -0 0
    outer loop
      vertex 4 11.774 22.525
      vertex 4 11.78 22.517
      vertex 4 11.775 22.5256
    endloop
  endfacet
  facet normal 1 0 0
    outer loop
      vertex 4 11.774 22.525
      vertex 4 11.3624 22.311
      vertex 4 11.78 22.517
    endloop
  endfacet
  facet normal 1 -0 0
    outer loop
      vertex 4 11.3585 22.3202
      vertex 4 11.3624 22.311
      vertex 4 11.774 22.525
    endloop
  endfacet
  facet normal 1 -0 0
    outer loop
      vertex 4 11.3574 22.3198
      vertex 4 11.3624 22.311
      vertex 4 11.3585 22.3202
    endloop
  endfacet
  facet normal 1 0 0
    outer loop
      vertex 4 11.3574 22.3198
      vertex 4 10.9214 22.1613
      vertex 4 11.3624 22.311
    endloop
  endfacet
  facet normal 1 -0 0
    outer loop
      vertex 4 10.9188 22.1709
      vertex 4 10.9214 22.1613
      vertex 4 11.3574 22.3198
    endloop
  endfacet
  facet normal 1 0 0
    outer loop
      vertex 4 10.4645 22.0805
      vertex 4 10.9214 22.1613
      vertex 4 10.9188 22.1709
    endloop
  endfacet
  facet normal 1 0 0
    outer loop
      vertex 4 10.9214 22.1613
      vertex 4 10.4645 22.0805
      vertex 4 10.4647 22.0705
    endloop
  endfacet
  facet normal 1 -0 0
    outer loop
      vertex 4 10.4634 22.0803
      vertex 4 10.4647 22.0705
      vertex 4 10.4645 22.0805
    endloop
  endfacet
  facet normal 1 -0 0
    outer loop
      vertex 4 10.4622 22.0802
      vertex 4 10.4647 22.0705
      vertex 4 10.4634 22.0803
    endloop
  endfacet
  facet normal 1 0 0
    outer loop
      vertex 4 10 22.04
      vertex 4 10.4622 22.0802
      vertex 4 10 22.0499
    endloop
  endfacet
  facet normal 1 0 0
    outer loop
      vertex 4 10.4622 22.0802
      vertex 4 10 22.04
      vertex 4 10.4647 22.0705
    endloop
  endfacet
  facet normal 1 0 0
    outer loop
      vertex 4 9.53781 22.0802
      vertex 4 10 22.04
      vertex 4 10 22.0499
    endloop
  endfacet
  facet normal 1 0 0
    outer loop
      vertex 4 9.53533 22.0705
      vertex 4 9.53781 22.0802
      vertex 4 9.53662 22.0803
    endloop
  endfacet
  facet normal 1 0 0
    outer loop
      vertex 4 9.53781 22.0802
      vertex 4 9.53533 22.0705
      vertex 4 10 22.04
    endloop
  endfacet
  facet normal 1 0 0
    outer loop
      vertex 4 9.53546 22.0805
      vertex 4 9.53533 22.0705
      vertex 4 9.53662 22.0803
    endloop
  endfacet
  facet normal 1 -0 0
    outer loop
      vertex 4 9.0786 22.1613
      vertex 4 9.53546 22.0805
      vertex 4 9.08118 22.1709
    endloop
  endfacet
  facet normal 1 0 0
    outer loop
      vertex 4 9.53546 22.0805
      vertex 4 9.0786 22.1613
      vertex 4 9.53533 22.0705
    endloop
  endfacet
  facet normal 1 0 0
    outer loop
      vertex 4 8.64258 22.3198
      vertex 4 9.0786 22.1613
      vertex 4 9.08118 22.1709
    endloop
  endfacet
  facet normal 1 0 0
    outer loop
      vertex 4 8.63765 22.311
      vertex 4 8.64258 22.3198
      vertex 4 8.64145 22.3202
    endloop
  endfacet
  facet normal 1 0 0
    outer loop
      vertex 4 8.64258 22.3198
      vertex 4 8.63765 22.311
      vertex 4 9.0786 22.1613
    endloop
  endfacet
  facet normal 1 0 0
    outer loop
      vertex 4 8.22604 22.525
      vertex 4 8.63765 22.311
      vertex 4 8.64145 22.3202
    endloop
  endfacet
  facet normal 1 0 0
    outer loop
      vertex 4 8.22 22.517
      vertex 4 8.22604 22.525
      vertex 4 8.22497 22.5256
    endloop
  endfacet
  facet normal 1 0 0
    outer loop
      vertex 4 8.22604 22.525
      vertex 4 8.22 22.517
      vertex 4 8.63765 22.311
    endloop
  endfacet
  facet normal 1 0 0
    outer loop
      vertex 4 8.22398 22.5262
      vertex 4 8.22 22.517
      vertex 4 8.22497 22.5256
    endloop
  endfacet
  facet normal 1 -0 0
    outer loop
      vertex 4 7.83281 22.7757
      vertex 4 8.22398 22.5262
      vertex 4 7.83886 22.7836
    endloop
  endfacet
  facet normal 1 0 0
    outer loop
      vertex 4 8.22398 22.5262
      vertex 4 7.83281 22.7757
      vertex 4 8.22 22.517
    endloop
  endfacet
  facet normal 1 0 0
    outer loop
      vertex 4 7.49063 23.0889
      vertex 4 7.83281 22.7757
      vertex 4 7.83886 22.7836
    endloop
  endfacet
  facet normal 1 0 0
    outer loop
      vertex 4 7.4827 23.0827
      vertex 4 7.49063 23.0889
      vertex 4 7.48973 23.0897
    endloop
  endfacet
  facet normal 1 0 0
    outer loop
      vertex 4 7.49063 23.0889
      vertex 4 7.4827 23.0827
      vertex 4 7.83281 22.7757
    endloop
  endfacet
  facet normal 1 0 0
    outer loop
      vertex 4 7.48895 23.0906
      vertex 4 7.4827 23.0827
      vertex 4 7.48973 23.0897
    endloop
  endfacet
  facet normal 1 -0 0
    outer loop
      vertex 4 7.17566 23.4328
      vertex 4 7.48895 23.0906
      vertex 4 7.18355 23.4389
    endloop
  endfacet
  facet normal 1 0 0
    outer loop
      vertex 4 7.48895 23.0906
      vertex 4 7.17566 23.4328
      vertex 4 7.4827 23.0827
    endloop
  endfacet
  facet normal 1 0 0
    outer loop
      vertex 4 6.92622 23.824
      vertex 4 7.17566 23.4328
      vertex 4 7.18355 23.4389
    endloop
  endfacet
  facet normal 1 0 0
    outer loop
      vertex 4 6.91695 23.82
      vertex 4 6.92622 23.824
      vertex 4 6.92556 23.825
    endloop
  endfacet
  facet normal 1 0 0
    outer loop
      vertex 4 6.92622 23.824
      vertex 4 6.91695 23.82
      vertex 4 7.17566 23.4328
    endloop
  endfacet
  facet normal 1 0 0
    outer loop
      vertex 4 6.92504 23.826
      vertex 4 6.91695 23.82
      vertex 4 6.92556 23.825
    endloop
  endfacet
  facet normal 1 -0 0
    outer loop
      vertex 4 6.71099 24.2376
      vertex 4 6.92504 23.826
      vertex 4 6.72018 24.2415
    endloop
  endfacet
  facet normal 1 0 0
    outer loop
      vertex 4 6.92504 23.826
      vertex 4 6.71099 24.2376
      vertex 4 6.91695 23.82
    endloop
  endfacet
  facet normal 1 0 0
    outer loop
      vertex 4 6.7198 24.2426
      vertex 4 6.71099 24.2376
      vertex 4 6.72018 24.2415
    endloop
  endfacet
  facet normal 1 -0 0
    outer loop
      vertex 4 6.5613 24.6786
      vertex 4 6.7198 24.2426
      vertex 4 6.57091 24.6812
    endloop
  endfacet
  facet normal 1 0 0
    outer loop
      vertex 4 6.7198 24.2426
      vertex 4 6.5613 24.6786
      vertex 4 6.71099 24.2376
    endloop
  endfacet
  facet normal 1 0 0
    outer loop
      vertex 4 6.48055 25.1355
      vertex 4 6.5613 24.6786
      vertex 4 6.57091 24.6812
    endloop
  endfacet
  facet normal 1 0 0
    outer loop
      vertex 4 6.47046 25.1353
      vertex 4 6.48055 25.1355
      vertex 4 6.48032 25.1366
    endloop
  endfacet
  facet normal 1 0 0
    outer loop
      vertex 4 6.48055 25.1355
      vertex 4 6.47046 25.1353
      vertex 4 6.5613 24.6786
    endloop
  endfacet
  facet normal 1 0 0
    outer loop
      vertex 4 6.48024 25.1378
      vertex 4 6.47046 25.1353
      vertex 4 6.48032 25.1366
    endloop
  endfacet
  facet normal 1 -0 0
    outer loop
      vertex 4 6.44 25.6
      vertex 4 6.48024 25.1378
      vertex 4 6.44995 25.6
    endloop
  endfacet
  facet normal 1 0 0
    outer loop
      vertex 4 6.48024 25.1378
      vertex 4 6.44 25.6
      vertex 4 6.47046 25.1353
    endloop
  endfacet
  facet normal -0 0 1
    outer loop
      vertex 0 20 40
      vertex 4 0 40
      vertex 4 20 40
    endloop
  endfacet
  facet normal 0 0 1
    outer loop
      vertex 4 0 40
      vertex 0 20 40
      vertex 0 0 40
    endloop
  endfacet
  facet normal -1 0 0
    outer loop
      vertex 0 11.6855 25.3781
      vertex 0 20 40
      vertex 0 20 0
    endloop
  endfacet
  facet normal -1 0 0
    outer loop
      vertex 0 20 40
      vertex 0 11.6855 25.3781
      vertex 0 11.7 25.6
    endloop
  endfacet
  facet normal -1 0 0
    outer loop
      vertex 0 20 0
      vertex 0 11.6421 25.16
      vertex 0 11.6855 25.3781
    endloop
  endfacet
  facet normal -1 0 0
    outer loop
      vertex 0 20 0
      vertex 0 11.5706 24.9494
      vertex 0 11.6421 25.16
    endloop
  endfacet
  facet normal -1 0 0
    outer loop
      vertex 0 20 0
      vertex 0 11.4722 24.75
      vertex 0 11.5706 24.9494
    endloop
  endfacet
  facet normal -1 0 0
    outer loop
      vertex 0 20 0
      vertex 0 11.3487 24.5651
      vertex 0 11.4722 24.75
    endloop
  endfacet
  facet normal -1 0 0
    outer loop
      vertex 0 20 0
      vertex 0 11.2021 24.3979
      vertex 0 11.3487 24.5651
    endloop
  endfacet
  facet normal -1 0 0
    outer loop
      vertex 0 20 0
      vertex 0 11.0349 24.2513
      vertex 0 11.2021 24.3979
    endloop
  endfacet
  facet normal -1 0 0
    outer loop
      vertex 0 20 0
      vertex 0 10.85 24.1278
      vertex 0 11.0349 24.2513
    endloop
  endfacet
  facet normal -1 0 0
    outer loop
      vertex 0 20 0
      vertex 0 10.6506 24.0294
      vertex 0 10.85 24.1278
    endloop
  endfacet
  facet normal -1 0 0
    outer loop
      vertex 0 20 0
      vertex 0 10.44 23.9579
      vertex 0 10.6506 24.0294
    endloop
  endfacet
  facet normal -1 0 0
    outer loop
      vertex 0 20 0
      vertex 0 10.2219 23.9145
      vertex 0 10.44 23.9579
    endloop
  endfacet
  facet normal -1 0 0
    outer loop
      vertex 0 20 0
      vertex 0 10 23.9
      vertex 0 10.2219 23.9145
    endloop
  endfacet
  facet normal -1 0 0
    outer loop
      vertex 0 0 0
      vertex 0 10 23.9
      vertex 0 20 0
    endloop
  endfacet
  facet normal -1 -0 0
    outer loop
      vertex 0 10 23.9
      vertex 0 0 0
      vertex 0 9.77811 23.9145
    endloop
  endfacet
  facet normal -1 -0 0
    outer loop
      vertex 0 9.77811 23.9145
      vertex 0 0 0
      vertex 0 9.56001 23.9579
    endloop
  endfacet
  facet normal -1 -0 0
    outer loop
      vertex 0 9.56001 23.9579
      vertex 0 0 0
      vertex 0 9.34944 24.0294
    endloop
  endfacet
  facet normal -1 -0 0
    outer loop
      vertex 0 9.34944 24.0294
      vertex 0 0 0
      vertex 0 9.15 24.1278
    endloop
  endfacet
  facet normal -1 -0 0
    outer loop
      vertex 0 9.15 24.1278
      vertex 0 0 0
      vertex 0 8.96511 24.2513
    endloop
  endfacet
  facet normal -1 -0 0
    outer loop
      vertex 0 8.96511 24.2513
      vertex 0 0 0
      vertex 0 8.79792 24.3979
    endloop
  endfacet
  facet normal -1 -0 0
    outer loop
      vertex 0 8.79792 24.3979
      vertex 0 0 0
      vertex 0 8.6513 24.5651
    endloop
  endfacet
  facet normal -1 -0 0
    outer loop
      vertex 0 8.6513 24.5651
      vertex 0 0 0
      vertex 0 8.52776 24.75
    endloop
  endfacet
  facet normal -1 0 0
    outer loop
      vertex 0 0 40
      vertex 0 8.31454 25.3781
      vertex 0 0 0
    endloop
  endfacet
  facet normal -1 -0 0
    outer loop
      vertex 0 8.35793 25.16
      vertex 0 0 0
      vertex 0 8.31454 25.3781
    endloop
  endfacet
  facet normal -1 -0 0
    outer loop
      vertex 0 8.42941 24.9494
      vertex 0 0 0
      vertex 0 8.35793 25.16
    endloop
  endfacet
  facet normal -1 -0 0
    outer loop
      vertex 0 8.52776 24.75
      vertex 0 0 0
      vertex 0 8.42941 24.9494
    endloop
  endfacet
  facet normal -1 0 0
    outer loop
      vertex 0 11.6855 25.8219
      vertex 0 20 40
      vertex 0 11.7 25.6
    endloop
  endfacet
  facet normal -1 0 0
    outer loop
      vertex 0 11.6421 26.04
      vertex 0 20 40
      vertex 0 11.6855 25.8219
    endloop
  endfacet
  facet normal -1 0 0
    outer loop
      vertex 0 11.5706 26.2506
      vertex 0 20 40
      vertex 0 11.6421 26.04
    endloop
  endfacet
  facet normal -1 0 0
    outer loop
      vertex 0 11.4722 26.45
      vertex 0 20 40
      vertex 0 11.5706 26.2506
    endloop
  endfacet
  facet normal -1 0 0
    outer loop
      vertex 0 11.3487 26.6349
      vertex 0 20 40
      vertex 0 11.4722 26.45
    endloop
  endfacet
  facet normal -1 0 0
    outer loop
      vertex 0 11.2021 26.8021
      vertex 0 20 40
      vertex 0 11.3487 26.6349
    endloop
  endfacet
  facet normal -1 0 0
    outer loop
      vertex 0 10.005 28.0088
      vertex 0 20 40
      vertex 0 11.2021 26.8021
    endloop
  endfacet
  facet normal -1 0 0
    outer loop
      vertex 0 9.995 28.0088
      vertex 0 20 40
      vertex 0 10.005 28.0088
    endloop
  endfacet
  facet normal -1 0 0
    outer loop
      vertex 0 0 40
      vertex 0 9.995 28.0088
      vertex 0 8.79792 26.8021
    endloop
  endfacet
  facet normal -1 0 0
    outer loop
      vertex 0 0 40
      vertex 0 8.79792 26.8021
      vertex 0 8.6513 26.6349
    endloop
  endfacet
  facet normal -1 0 0
    outer loop
      vertex 0 8.31454 25.3781
      vertex 0 0 40
      vertex 0 8.3 25.6
    endloop
  endfacet
  facet normal -1 0 0
    outer loop
      vertex 0 8.3 25.6
      vertex 0 0 40
      vertex 0 8.31454 25.8219
    endloop
  endfacet
  facet normal -1 0 0
    outer loop
      vertex 0 9.995 28.0088
      vertex 0 0 40
      vertex 0 20 40
    endloop
  endfacet
  facet normal -1 0 0
    outer loop
      vertex 0 8.52776 26.45
      vertex 0 0 40
      vertex 0 8.6513 26.6349
    endloop
  endfacet
  facet normal -1 0 0
    outer loop
      vertex 0 8.42941 26.2506
      vertex 0 0 40
      vertex 0 8.52776 26.45
    endloop
  endfacet
  facet normal -1 0 0
    outer loop
      vertex 0 8.35793 26.04
      vertex 0 0 40
      vertex 0 8.42941 26.2506
    endloop
  endfacet
  facet normal -1 0 0
    outer loop
      vertex 0 8.31454 25.8219
      vertex 0 0 40
      vertex 0 8.35793 26.04
    endloop
  endfacet
  facet normal 0 0 -1
    outer loop
      vertex 40 0 0
      vertex 27.3 10 0
      vertex 40 20 0
    endloop
  endfacet
  facet normal 0 0 -1
    outer loop
      vertex 40 0 0
      vertex 27.2855 9.77811 0
      vertex 27.3 10 0
    endloop
  endfacet
  facet normal 0 0 -1
    outer loop
      vertex 40 0 0
      vertex 27.2421 9.56001 0
      vertex 27.2855 9.77811 0
    endloop
  endfacet
  facet normal 0 0 -1
    outer loop
      vertex 40 0 0
      vertex 27.1706 9.34944 0
      vertex 27.2421 9.56001 0
    endloop
  endfacet
  facet normal 0 0 -1
    outer loop
      vertex 40 0 0
      vertex 27.0722 9.15 0
      vertex 27.1706 9.34944 0
    endloop
  endfacet
  facet normal 0 0 -1
    outer loop
      vertex 40 0 0
      vertex 26.9487 8.96511 0
      vertex 27.0722 9.15 0
    endloop
  endfacet
  facet normal 0 0 -1
    outer loop
      vertex 40 0 0
      vertex 26.8021 8.79792 0
      vertex 26.9487 8.96511 0
    endloop
  endfacet
  facet normal 0 0 -1
    outer loop
      vertex 40 0 0
      vertex 26.6349 8.6513 0
      vertex 26.8021 8.79792 0
    endloop
  endfacet
  facet normal 0 0 -1
    outer loop
      vertex 40 0 0
      vertex 26.45 8.52776 0
      vertex 26.6349 8.6513 0
    endloop
  endfacet
  facet normal 0 0 -1
    outer loop
      vertex 40 0 0
      vertex 26.2506 8.42941 0
      vertex 26.45 8.52776 0
    endloop
  endfacet
  facet normal 0 0 -1
    outer loop
      vertex 40 0 0
      vertex 26.04 8.35793 0
      vertex 26.2506 8.42941 0
    endloop
  endfacet
  facet normal 0 0 -1
    outer loop
      vertex 40 0 0
      vertex 25.8219 8.31454 0
      vertex 26.04 8.35793 0
    endloop
  endfacet
  facet normal 0 0 -1
    outer loop
      vertex 40 0 0
      vertex 25.6 8.3 0
      vertex 25.8219 8.31454 0
    endloop
  endfacet
  facet normal 0 0 -1
    outer loop
      vertex 40 0 0
      vertex 25.3781 8.31454 0
      vertex 25.6 8.3 0
    endloop
  endfacet
  facet normal 0 0 -1
    outer loop
      vertex 40 0 0
      vertex 25.16 8.35793 0
      vertex 25.3781 8.31454 0
    endloop
  endfacet
  facet normal 0 0 -1
    outer loop
      vertex 0 0 0
      vertex 25.16 8.35793 0
      vertex 40 0 0
    endloop
  endfacet
  facet normal -0 0 -1
    outer loop
      vertex 25.16 8.35793 0
      vertex 0 0 0
      vertex 24.9494 8.42941 0
    endloop
  endfacet
  facet normal -0 0 -1
    outer loop
      vertex 23.9145 9.77811 0
      vertex 0 0 0
      vertex 23.9 10 0
    endloop
  endfacet
  facet normal -0 0 -1
    outer loop
      vertex 23.9579 9.56001 0
      vertex 0 0 0
      vertex 23.9145 9.77811 0
    endloop
  endfacet
  facet normal -0 0 -1
    outer loop
      vertex 24.0294 9.34944 0
      vertex 0 0 0
      vertex 23.9579 9.56001 0
    endloop
  endfacet
  facet normal -0 0 -1
    outer loop
      vertex 24.1278 9.15 0
      vertex 0 0 0
      vertex 24.0294 9.34944 0
    endloop
  endfacet
  facet normal -0 0 -1
    outer loop
      vertex 24.2513 8.96511 0
      vertex 0 0 0
      vertex 24.1278 9.15 0
    endloop
  endfacet
  facet normal -0 0 -1
    outer loop
      vertex 24.3979 8.79792 0
      vertex 0 0 0
      vertex 24.2513 8.96511 0
    endloop
  endfacet
  facet normal -0 0 -1
    outer loop
      vertex 24.5651 8.6513 0
      vertex 0 0 0
      vertex 24.3979 8.79792 0
    endloop
  endfacet
  facet normal -0 0 -1
    outer loop
      vertex 24.75 8.52776 0
      vertex 0 0 0
      vertex 24.5651 8.6513 0
    endloop
  endfacet
  facet normal -0 0 -1
    outer loop
      vertex 24.9494 8.42941 0
      vertex 0 0 0
      vertex 24.75 8.52776 0
    endloop
  endfacet
  facet normal 0 0 -1
    outer loop
      vertex 27.2855 10.2219 0
      vertex 40 20 0
      vertex 27.3 10 0
    endloop
  endfacet
  facet normal 0 0 -1
    outer loop
      vertex 27.2421 10.44 0
      vertex 40 20 0
      vertex 27.2855 10.2219 0
    endloop
  endfacet
  facet normal 0 0 -1
    outer loop
      vertex 27.1706 10.6506 0
      vertex 40 20 0
      vertex 27.2421 10.44 0
    endloop
  endfacet
  facet normal 0 0 -1
    outer loop
      vertex 27.0722 10.85 0
      vertex 40 20 0
      vertex 27.1706 10.6506 0
    endloop
  endfacet
  facet normal 0 0 -1
    outer loop
      vertex 26.9487 11.0349 0
      vertex 40 20 0
      vertex 27.0722 10.85 0
    endloop
  endfacet
  facet normal 0 0 -1
    outer loop
      vertex 26.8021 11.2021 0
      vertex 40 20 0
      vertex 26.9487 11.0349 0
    endloop
  endfacet
  facet normal 0 0 -1
    outer loop
      vertex 26.6349 11.3487 0
      vertex 40 20 0
      vertex 26.8021 11.2021 0
    endloop
  endfacet
  facet normal 0 0 -1
    outer loop
      vertex 26.45 11.4722 0
      vertex 40 20 0
      vertex 26.6349 11.3487 0
    endloop
  endfacet
  facet normal 0 0 -1
    outer loop
      vertex 26.2506 11.5706 0
      vertex 40 20 0
      vertex 26.45 11.4722 0
    endloop
  endfacet
  facet normal 0 0 -1
    outer loop
      vertex 26.04 11.6421 0
      vertex 40 20 0
      vertex 26.2506 11.5706 0
    endloop
  endfacet
  facet normal 0 0 -1
    outer loop
      vertex 25.8219 11.6855 0
      vertex 40 20 0
      vertex 26.04 11.6421 0
    endloop
  endfacet
  facet normal 0 0 -1
    outer loop
      vertex 25.6 11.7 0
      vertex 40 20 0
      vertex 25.8219 11.6855 0
    endloop
  endfacet
  facet normal 0 0 -1
    outer loop
      vertex 25.3781 11.6855 0
      vertex 40 20 0
      vertex 25.6 11.7 0
    endloop
  endfacet
  facet normal 0 0 -1
    outer loop
      vertex 25.16 11.6421 0
      vertex 40 20 0
      vertex 25.3781 11.6855 0
    endloop
  endfacet
  facet normal 0 0 -1
    outer loop
      vertex 0 20 0
      vertex 25.16 11.6421 0
      vertex 24.9494 11.5706 0
    endloop
  endfacet
  facet normal 0 0 -1
    outer loop
      vertex 0 20 0
      vertex 24.9494 11.5706 0
      vertex 24.75 11.4722 0
    endloop
  endfacet
  facet normal 0 0 -1
    outer loop
      vertex 0 20 0
      vertex 23.9 10 0
      vertex 0 0 0
    endloop
  endfacet
  facet normal 0 0 -1
    outer loop
      vertex 23.9 10 0
      vertex 0 20 0
      vertex 23.9145 10.2219 0
    endloop
  endfacet
  facet normal 0 0 -1
    outer loop
      vertex 23.9145 10.2219 0
      vertex 0 20 0
      vertex 23.9579 10.44 0
    endloop
  endfacet
  facet normal 0 0 -1
    outer loop
      vertex 23.9579 10.44 0
      vertex 0 20 0
      vertex 24.0294 10.6506 0
    endloop
  endfacet
  facet normal 0 0 -1
    outer loop
      vertex 24.0294 10.6506 0
      vertex 0 20 0
      vertex 24.1278 10.85 0
    endloop
  endfacet
  facet normal 0 0 -1
    outer loop
      vertex 24.1278 10.85 0
      vertex 0 20 0
      vertex 24.2513 11.0349 0
    endloop
  endfacet
  facet normal 0 0 -1
    outer loop
      vertex 24.2513 11.0349 0
      vertex 0 20 0
      vertex 24.3979 11.2021 0
    endloop
  endfacet
  facet normal 0 0 -1
    outer loop
      vertex 24.3979 11.2021 0
      vertex 0 20 0
      vertex 24.5651 11.3487 0
    endloop
  endfacet
  facet normal 0 0 -1
    outer loop
      vertex 24.5651 11.3487 0
      vertex 0 20 0
      vertex 24.75 11.4722 0
    endloop
  endfacet
  facet normal 0 0 -1
    outer loop
      vertex 25.16 11.6421 0
      vertex 0 20 0
      vertex 40 20 0
    endloop
  endfacet
  facet normal 1 -0 0
    outer loop
      vertex 40 0 4
      vertex 40 20 0
      vertex 40 20 4
    endloop
  endfacet
  facet normal 1 0 0
    outer loop
      vertex 40 20 0
      vertex 40 0 4
      vertex 40 0 0
    endloop
  endfacet
  facet normal 0.233453 0 0.972368
    outer loop
      vertex 6.76393 17 4.19577
      vertex 7.37425 3 4.04924
      vertex 7.37425 17 4.04924
    endloop
  endfacet
  facet normal 0.233453 0 0.972368
    outer loop
      vertex 7.37425 3 4.04924
      vertex 6.76393 17 4.19577
      vertex 6.76393 3 4.19577
    endloop
  endfacet
  facet normal 0.382672 0 0.923884
    outer loop
      vertex 6.18404 17 4.43596
      vertex 6.76393 3 4.19577
      vertex 6.76393 17 4.19577
    endloop
  endfacet
  facet normal 0.382672 0 0.923884
    outer loop
      vertex 6.76393 3 4.19577
      vertex 6.18404 17 4.43596
      vertex 6.18404 3 4.43596
    endloop
  endfacet
  facet normal 0.522505 0 0.852637
    outer loop
      vertex 5.64885 17 4.76393
      vertex 6.18404 3 4.43596
      vertex 6.18404 17 4.43596
    endloop
  endfacet
  facet normal 0.522505 0 0.852637
    outer loop
      vertex 6.18404 3 4.43596
      vertex 5.64885 17 4.76393
      vertex 5.64885 3 4.76393
    endloop
  endfacet
  facet normal 0.649452 0 0.760403
    outer loop
      vertex 5.17157 17 5.17157
      vertex 5.64885 3 4.76393
      vertex 5.64885 17 4.76393
    endloop
  endfacet
  facet normal 0.649452 0 0.760403
    outer loop
      vertex 5.64885 3 4.76393
      vertex 5.17157 17 5.17157
      vertex 5.17157 3 5.17157
    endloop
  endfacet
  facet normal 0.760403 -0 0.649452
    outer loop
      vertex 4.76393 3 5.64885
      vertex 5.17157 17 5.17157
      vertex 4.76393 17 5.64885
    endloop
  endfacet
  facet normal 0.760403 0 0.649452
    outer loop
      vertex 5.17157 17 5.17157
      vertex 4.76393 3 5.64885
      vertex 5.17157 3 5.17157
    endloop
  endfacet
  facet normal 0.852637 -0 0.522505
    outer loop
      vertex 4.43596 3 6.18404
      vertex 4.76393 17 5.64885
      vertex 4.43596 17 6.18404
    endloop
  endfacet
  facet normal 0.852637 0 0.522505
    outer loop
      vertex 4.76393 17 5.64885
      vertex 4.43596 3 6.18404
      vertex 4.76393 3 5.64885
    endloop
  endfacet
  facet normal 0.923884 -0 0.382672
    outer loop
      vertex 4.19577 3 6.76393
      vertex 4.43596 17 6.18404
      vertex 4.19577 17 6.76393
    endloop
  endfacet
  facet normal 0.923884 0 0.382672
    outer loop
      vertex 4.43596 17 6.18404
      vertex 4.19577 3 6.76393
      vertex 4.43596 3 6.18404
    endloop
  endfacet
  facet normal 0.972368 -0 0.233453
    outer loop
      vertex 4.04924 3 7.37425
      vertex 4.19577 17 6.76393
      vertex 4.04924 17 7.37425
    endloop
  endfacet
  facet normal 0.972368 0 0.233453
    outer loop
      vertex 4.19577 17 6.76393
      vertex 4.04924 3 7.37425
      vertex 4.19577 3 6.76393
    endloop
  endfacet
  facet normal 0.996918 -0 0.0784471
    outer loop
      vertex 4 3 8
      vertex 4.04924 17 7.37425
      vertex 4 17 8
    endloop
  endfacet
  facet normal 0.996918 0 0.0784471
    outer loop
      vertex 4.04924 17 7.37425
      vertex 4 3 8
      vertex 4.04924 3 7.37425
    endloop
  endfacet
  facet normal 0.0784471 0 0.996918
    outer loop
      vertex 7.37425 17 4.04924
      vertex 8 3 4
      vertex 8 17 4
    endloop
  endfacet
  facet normal 0.0784471 0 0.996918
    outer loop
      vertex 8 3 4
      vertex 7.37425 17 4.04924
      vertex 7.37425 3 4.04924
    endloop
  endfacet
  facet normal 0 -1 0
    outer loop
      vertex 8 17 4
      vertex 4 17 8
      vertex 4.04924 17 7.37425
    endloop
  endfacet
  facet normal 0 -1 0
    outer loop
      vertex 8 17 4
      vertex 4.04924 17 7.37425
      vertex 4.19577 17 6.76393
    endloop
  endfacet
  facet normal 0 -1 0
    outer loop
      vertex 8 17 4
      vertex 4.19577 17 6.76393
      vertex 4.43596 17 6.18404
    endloop
  endfacet
  facet normal 0 -1 0
    outer loop
      vertex 8 17 4
      vertex 4.43596 17 6.18404
      vertex 4.76393 17 5.64885
    endloop
  endfacet
  facet normal 0 -1 0
    outer loop
      vertex 8 17 4
      vertex 4.76393 17 5.64885
      vertex 5.17157 17 5.17157
    endloop
  endfacet
  facet normal 0 -1 0
    outer loop
      vertex 8 17 4
      vertex 5.17157 17 5.17157
      vertex 5.64885 17 4.76393
    endloop
  endfacet
  facet normal 0 -1 0
    outer loop
      vertex 8 17 4
      vertex 5.64885 17 4.76393
      vertex 6.18404 17 4.43596
    endloop
  endfacet
  facet normal 0 -1 0
    outer loop
      vertex 8 17 4
      vertex 6.18404 17 4.43596
      vertex 6.76393 17 4.19577
    endloop
  endfacet
  facet normal 0 -1 0
    outer loop
      vertex 8 17 4
      vertex 6.76393 17 4.19577
      vertex 7.37425 17 4.04924
    endloop
  endfacet
  facet normal 0 -1 0
    outer loop
      vertex 4 17 8
      vertex 8 17 4
      vertex 4 17 38
    endloop
  endfacet
  facet normal 0 -1 0
    outer loop
      vertex 4 17 38
      vertex 8 17 4
      vertex 38 17 4
    endloop
  endfacet
  facet normal 0.707107 -0 0.707107
    outer loop
      vertex 4 17 38
      vertex 38 20 4
      vertex 4 20 38
    endloop
  endfacet
  facet normal 0.707107 0 0.707107
    outer loop
      vertex 38 20 4
      vertex 4 17 38
      vertex 38 17 4
    endloop
  endfacet
  facet normal 0 1 0
    outer loop
      vertex 8 3 4
      vertex 4 3 8
      vertex 4 3 38
    endloop
  endfacet
  facet normal 0 1 0
    outer loop
      vertex 4 3 8
      vertex 8 3 4
      vertex 4.04924 3 7.37425
    endloop
  endfacet
  facet normal 0 1 0
    outer loop
      vertex 4.04924 3 7.37425
      vertex 8 3 4
      vertex 4.19577 3 6.76393
    endloop
  endfacet
  facet normal 0 1 0
    outer loop
      vertex 4.19577 3 6.76393
      vertex 8 3 4
      vertex 4.43596 3 6.18404
    endloop
  endfacet
  facet normal 0 1 0
    outer loop
      vertex 4.43596 3 6.18404
      vertex 8 3 4
      vertex 4.76393 3 5.64885
    endloop
  endfacet
  facet normal 0 1 0
    outer loop
      vertex 4.76393 3 5.64885
      vertex 8 3 4
      vertex 5.17157 3 5.17157
    endloop
  endfacet
  facet normal 0 1 0
    outer loop
      vertex 5.17157 3 5.17157
      vertex 8 3 4
      vertex 5.64885 3 4.76393
    endloop
  endfacet
  facet normal 0 1 0
    outer loop
      vertex 5.64885 3 4.76393
      vertex 8 3 4
      vertex 6.18404 3 4.43596
    endloop
  endfacet
  facet normal 0 1 0
    outer loop
      vertex 6.18404 3 4.43596
      vertex 8 3 4
      vertex 6.76393 3 4.19577
    endloop
  endfacet
  facet normal 0 1 -0
    outer loop
      vertex 8 3 4
      vertex 4 3 38
      vertex 38 3 4
    endloop
  endfacet
  facet normal 0 1 0
    outer loop
      vertex 6.76393 3 4.19577
      vertex 8 3 4
      vertex 7.37425 3 4.04924
    endloop
  endfacet
  facet normal 0.707107 -0 0.707107
    outer loop
      vertex 4 0 38
      vertex 38 3 4
      vertex 4 3 38
    endloop
  endfacet
  facet normal 0.707107 0 0.707107
    outer loop
      vertex 38 3 4
      vertex 4 0 38
      vertex 38 0 4
    endloop
  endfacet
  facet normal -0.98077 -0.195165 0
    outer loop
      vertex 27.2855 10.2219 0
      vertex 27.2421 10.44 2.14
      vertex 27.2421 10.44 0
    endloop
  endfacet
  facet normal -0.98077 -0.195165 0
    outer loop
      vertex 27.2421 10.44 2.14
      vertex 27.2855 10.2219 0
      vertex 27.2855 10.2219 2.14
    endloop
  endfacet
  facet normal -0.997872 -0.0652057 0
    outer loop
      vertex 27.3 10 0
      vertex 27.2855 10.2219 2.14
      vertex 27.2855 10.2219 0
    endloop
  endfacet
  facet normal -0.997872 -0.0652057 0
    outer loop
      vertex 27.2855 10.2219 2.14
      vertex 27.3 10 0
      vertex 27.3 10 2.14
    endloop
  endfacet
  facet normal -0.0653848 0.99786 0
    outer loop
      vertex 25.8219 8.31454 0
      vertex 25.6 8.3 2.14
      vertex 25.8219 8.31454 2.14
    endloop
  endfacet
  facet normal -0.0653848 0.99786 0
    outer loop
      vertex 25.6 8.3 2.14
      vertex 25.8219 8.31454 0
      vertex 25.6 8.3 0
    endloop
  endfacet
  facet normal 0.659268 -0.751908 0
    outer loop
      vertex 24.3979 11.2021 0
      vertex 24.5651 11.3487 2.14
      vertex 24.3979 11.2021 2.14
    endloop
  endfacet
  facet normal 0.659268 -0.751908 0
    outer loop
      vertex 24.5651 11.3487 2.14
      vertex 24.3979 11.2021 0
      vertex 24.5651 11.3487 0
    endloop
  endfacet
  facet normal 0.831552 0.555447 0
    outer loop
      vertex 24.2513 8.96511 2.14
      vertex 24.1278 9.15 0
      vertex 24.1278 9.15 2.14
    endloop
  endfacet
  facet normal 0.831552 0.555447 0
    outer loop
      vertex 24.1278 9.15 0
      vertex 24.2513 8.96511 2.14
      vertex 24.2513 8.96511 0
    endloop
  endfacet
  facet normal 0.195122 0.980779 -0
    outer loop
      vertex 25.3781 8.31454 0
      vertex 25.16 8.35793 2.14
      vertex 25.3781 8.31454 2.14
    endloop
  endfacet
  facet normal 0.195122 0.980779 0
    outer loop
      vertex 25.16 8.35793 2.14
      vertex 25.3781 8.31454 0
      vertex 25.16 8.35793 0
    endloop
  endfacet
  facet normal -0.659268 -0.751908 0
    outer loop
      vertex 26.6349 11.3487 0
      vertex 26.8021 11.2021 2.14
      vertex 26.6349 11.3487 2.14
    endloop
  endfacet
  facet normal -0.659268 -0.751908 -0
    outer loop
      vertex 26.8021 11.2021 2.14
      vertex 26.6349 11.3487 0
      vertex 26.8021 11.2021 0
    endloop
  endfacet
  facet normal -0.946901 0.321525 0
    outer loop
      vertex 27.1706 9.34944 0
      vertex 27.2421 9.56001 2.14
      vertex 27.2421 9.56001 0
    endloop
  endfacet
  facet normal -0.946901 0.321525 0
    outer loop
      vertex 27.2421 9.56001 2.14
      vertex 27.1706 9.34944 0
      vertex 27.1706 9.34944 2.14
    endloop
  endfacet
  facet normal -0.751888 0.659291 0
    outer loop
      vertex 26.8021 8.79792 0
      vertex 26.9487 8.96511 2.14
      vertex 26.9487 8.96511 0
    endloop
  endfacet
  facet normal -0.751888 0.659291 0
    outer loop
      vertex 26.9487 8.96511 2.14
      vertex 26.8021 8.79792 0
      vertex 26.8021 8.79792 2.14
    endloop
  endfacet
  facet normal -0.751908 -0.659268 0
    outer loop
      vertex 26.9487 11.0349 0
      vertex 26.8021 11.2021 2.14
      vertex 26.8021 11.2021 0
    endloop
  endfacet
  facet normal -0.751908 -0.659268 0
    outer loop
      vertex 26.8021 11.2021 2.14
      vertex 26.9487 11.0349 0
      vertex 26.9487 11.0349 2.14
    endloop
  endfacet
  facet normal 0.946901 0.321525 0
    outer loop
      vertex 24.0294 9.34944 2.14
      vertex 23.9579 9.56001 0
      vertex 23.9579 9.56001 2.14
    endloop
  endfacet
  facet normal 0.946901 0.321525 0
    outer loop
      vertex 23.9579 9.56001 0
      vertex 24.0294 9.34944 2.14
      vertex 24.0294 9.34944 0
    endloop
  endfacet
  facet normal -0.321403 0.946943 0
    outer loop
      vertex 26.2506 8.42941 0
      vertex 26.04 8.35793 2.14
      vertex 26.2506 8.42941 2.14
    endloop
  endfacet
  facet normal -0.321403 0.946943 0
    outer loop
      vertex 26.04 8.35793 2.14
      vertex 26.2506 8.42941 0
      vertex 26.04 8.35793 0
    endloop
  endfacet
  facet normal 0.0653848 0.99786 -0
    outer loop
      vertex 25.6 8.3 0
      vertex 25.3781 8.31454 2.14
      vertex 25.6 8.3 2.14
    endloop
  endfacet
  facet normal 0.0653848 0.99786 0
    outer loop
      vertex 25.3781 8.31454 2.14
      vertex 25.6 8.3 0
      vertex 25.3781 8.31454 0
    endloop
  endfacet
  facet normal 0.321484 -0.946915 0
    outer loop
      vertex 24.9494 11.5706 0
      vertex 25.16 11.6421 2.14
      vertex 24.9494 11.5706 2.14
    endloop
  endfacet
  facet normal 0.321484 -0.946915 0
    outer loop
      vertex 25.16 11.6421 2.14
      vertex 24.9494 11.5706 0
      vertex 25.16 11.6421 0
    endloop
  endfacet
  facet normal -0.946915 -0.321484 0
    outer loop
      vertex 27.2421 10.44 0
      vertex 27.1706 10.6506 2.14
      vertex 27.1706 10.6506 0
    endloop
  endfacet
  facet normal -0.946915 -0.321484 0
    outer loop
      vertex 27.1706 10.6506 2.14
      vertex 27.2421 10.44 0
      vertex 27.2421 10.44 2.14
    endloop
  endfacet
  facet normal 0.751908 -0.659268 0
    outer loop
      vertex 24.2513 11.0349 2.14
      vertex 24.3979 11.2021 0
      vertex 24.3979 11.2021 2.14
    endloop
  endfacet
  facet normal 0.751908 -0.659268 0
    outer loop
      vertex 24.3979 11.2021 0
      vertex 24.2513 11.0349 2.14
      vertex 24.2513 11.0349 0
    endloop
  endfacet
  facet normal 0.442349 0.896843 -0
    outer loop
      vertex 24.9494 8.42941 0
      vertex 24.75 8.52776 2.14
      vertex 24.9494 8.42941 2.14
    endloop
  endfacet
  facet normal 0.442349 0.896843 0
    outer loop
      vertex 24.75 8.52776 2.14
      vertex 24.9494 8.42941 0
      vertex 24.75 8.52776 0
    endloop
  endfacet
  facet normal 0.0652057 -0.997872 0
    outer loop
      vertex 25.3781 11.6855 0
      vertex 25.6 11.7 2.14
      vertex 25.3781 11.6855 2.14
    endloop
  endfacet
  facet normal 0.0652057 -0.997872 0
    outer loop
      vertex 25.6 11.7 2.14
      vertex 25.3781 11.6855 0
      vertex 25.6 11.7 0
    endloop
  endfacet
  facet normal -0.896789 0.442459 0
    outer loop
      vertex 27.0722 9.15 0
      vertex 27.1706 9.34944 2.14
      vertex 27.1706 9.34944 0
    endloop
  endfacet
  facet normal -0.896789 0.442459 0
    outer loop
      vertex 27.1706 9.34944 2.14
      vertex 27.0722 9.15 0
      vertex 27.0722 9.15 2.14
    endloop
  endfacet
  facet normal -0.555551 0.831483 0
    outer loop
      vertex 26.6349 8.6513 0
      vertex 26.45 8.52776 2.14
      vertex 26.6349 8.6513 2.14
    endloop
  endfacet
  facet normal -0.555551 0.831483 0
    outer loop
      vertex 26.45 8.52776 2.14
      vertex 26.6349 8.6513 0
      vertex 26.45 8.52776 0
    endloop
  endfacet
  facet normal 0.98077 0.195165 0
    outer loop
      vertex 23.9579 9.56001 2.14
      vertex 23.9145 9.77811 0
      vertex 23.9145 9.77811 2.14
    endloop
  endfacet
  facet normal 0.98077 0.195165 0
    outer loop
      vertex 23.9145 9.77811 0
      vertex 23.9579 9.56001 2.14
      vertex 23.9579 9.56001 0
    endloop
  endfacet
  facet normal -0.195165 -0.98077 0
    outer loop
      vertex 25.8219 11.6855 0
      vertex 26.04 11.6421 2.14
      vertex 25.8219 11.6855 2.14
    endloop
  endfacet
  facet normal -0.195165 -0.98077 -0
    outer loop
      vertex 26.04 11.6421 2.14
      vertex 25.8219 11.6855 0
      vertex 26.04 11.6421 0
    endloop
  endfacet
  facet normal -0.831566 -0.555426 0
    outer loop
      vertex 27.0722 10.85 0
      vertex 26.9487 11.0349 2.14
      vertex 26.9487 11.0349 0
    endloop
  endfacet
  facet normal -0.831566 -0.555426 0
    outer loop
      vertex 26.9487 11.0349 2.14
      vertex 27.0722 10.85 0
      vertex 27.0722 10.85 2.14
    endloop
  endfacet
  facet normal -0.997872 0.0652086 0
    outer loop
      vertex 27.2855 9.77811 0
      vertex 27.3 10 2.14
      vertex 27.3 10 0
    endloop
  endfacet
  facet normal -0.997872 0.0652086 0
    outer loop
      vertex 27.3 10 2.14
      vertex 27.2855 9.77811 0
      vertex 27.2855 9.77811 2.14
    endloop
  endfacet
  facet normal -0.321484 -0.946915 0
    outer loop
      vertex 26.04 11.6421 0
      vertex 26.2506 11.5706 2.14
      vertex 26.04 11.6421 2.14
    endloop
  endfacet
  facet normal -0.321484 -0.946915 -0
    outer loop
      vertex 26.2506 11.5706 2.14
      vertex 26.04 11.6421 0
      vertex 26.2506 11.5706 0
    endloop
  endfacet
  facet normal -0.555426 -0.831566 0
    outer loop
      vertex 26.45 11.4722 0
      vertex 26.6349 11.3487 2.14
      vertex 26.45 11.4722 2.14
    endloop
  endfacet
  facet normal -0.555426 -0.831566 -0
    outer loop
      vertex 26.6349 11.3487 2.14
      vertex 26.45 11.4722 0
      vertex 26.6349 11.3487 0
    endloop
  endfacet
  facet normal 0.195165 -0.98077 0
    outer loop
      vertex 25.16 11.6421 0
      vertex 25.3781 11.6855 2.14
      vertex 25.16 11.6421 2.14
    endloop
  endfacet
  facet normal 0.195165 -0.98077 0
    outer loop
      vertex 25.3781 11.6855 2.14
      vertex 25.16 11.6421 0
      vertex 25.3781 11.6855 0
    endloop
  endfacet
  facet normal -0.659319 0.751863 0
    outer loop
      vertex 26.8021 8.79792 0
      vertex 26.6349 8.6513 2.14
      vertex 26.8021 8.79792 2.14
    endloop
  endfacet
  facet normal -0.659319 0.751863 0
    outer loop
      vertex 26.6349 8.6513 2.14
      vertex 26.8021 8.79792 0
      vertex 26.6349 8.6513 0
    endloop
  endfacet
  facet normal 0.896754 -0.44253 0
    outer loop
      vertex 24.0294 10.6506 2.14
      vertex 24.1278 10.85 0
      vertex 24.1278 10.85 2.14
    endloop
  endfacet
  facet normal 0.896754 -0.44253 0
    outer loop
      vertex 24.1278 10.85 0
      vertex 24.0294 10.6506 2.14
      vertex 24.0294 10.6506 0
    endloop
  endfacet
  facet normal -0.98077 0.195165 0
    outer loop
      vertex 27.2421 9.56001 0
      vertex 27.2855 9.77811 2.14
      vertex 27.2855 9.77811 0
    endloop
  endfacet
  facet normal -0.98077 0.195165 0
    outer loop
      vertex 27.2855 9.77811 2.14
      vertex 27.2421 9.56001 0
      vertex 27.2421 9.56001 2.14
    endloop
  endfacet
  facet normal -0.195122 0.980779 0
    outer loop
      vertex 26.04 8.35793 0
      vertex 25.8219 8.31454 2.14
      vertex 26.04 8.35793 2.14
    endloop
  endfacet
  facet normal -0.195122 0.980779 0
    outer loop
      vertex 25.8219 8.31454 2.14
      vertex 26.04 8.35793 0
      vertex 25.8219 8.31454 0
    endloop
  endfacet
  facet normal 0.659319 0.751863 -0
    outer loop
      vertex 24.5651 8.6513 0
      vertex 24.3979 8.79792 2.14
      vertex 24.5651 8.6513 2.14
    endloop
  endfacet
  facet normal 0.659319 0.751863 0
    outer loop
      vertex 24.3979 8.79792 2.14
      vertex 24.5651 8.6513 0
      vertex 24.3979 8.79792 0
    endloop
  endfacet
  facet normal 0.751888 0.659291 0
    outer loop
      vertex 24.3979 8.79792 2.14
      vertex 24.2513 8.96511 0
      vertex 24.2513 8.96511 2.14
    endloop
  endfacet
  facet normal 0.751888 0.659291 0
    outer loop
      vertex 24.2513 8.96511 0
      vertex 24.3979 8.79792 2.14
      vertex 24.3979 8.79792 0
    endloop
  endfacet
  facet normal -0.0652057 -0.997872 0
    outer loop
      vertex 25.6 11.7 0
      vertex 25.8219 11.6855 2.14
      vertex 25.6 11.7 2.14
    endloop
  endfacet
  facet normal -0.0652057 -0.997872 -0
    outer loop
      vertex 25.8219 11.6855 2.14
      vertex 25.6 11.7 0
      vertex 25.8219 11.6855 0
    endloop
  endfacet
  facet normal -0.44253 -0.896754 0
    outer loop
      vertex 26.2506 11.5706 0
      vertex 26.45 11.4722 2.14
      vertex 26.2506 11.5706 2.14
    endloop
  endfacet
  facet normal -0.44253 -0.896754 -0
    outer loop
      vertex 26.45 11.4722 2.14
      vertex 26.2506 11.5706 0
      vertex 26.45 11.4722 0
    endloop
  endfacet
  facet normal -0.831552 0.555447 0
    outer loop
      vertex 26.9487 8.96511 0
      vertex 27.0722 9.15 2.14
      vertex 27.0722 9.15 0
    endloop
  endfacet
  facet normal -0.831552 0.555447 0
    outer loop
      vertex 27.0722 9.15 2.14
      vertex 26.9487 8.96511 0
      vertex 26.9487 8.96511 2.14
    endloop
  endfacet
  facet normal 0.997872 0.0652086 0
    outer loop
      vertex 23.9145 9.77811 2.14
      vertex 23.9 10 0
      vertex 23.9 10 2.14
    endloop
  endfacet
  facet normal 0.997872 0.0652086 0
    outer loop
      vertex 23.9 10 0
      vertex 23.9145 9.77811 2.14
      vertex 23.9145 9.77811 0
    endloop
  endfacet
  facet normal -0.442349 0.896843 0
    outer loop
      vertex 26.45 8.52776 0
      vertex 26.2506 8.42941 2.14
      vertex 26.45 8.52776 2.14
    endloop
  endfacet
  facet normal -0.442349 0.896843 0
    outer loop
      vertex 26.2506 8.42941 2.14
      vertex 26.45 8.52776 0
      vertex 26.2506 8.42941 0
    endloop
  endfacet
  facet normal 0.98077 -0.195165 0
    outer loop
      vertex 23.9145 10.2219 2.14
      vertex 23.9579 10.44 0
      vertex 23.9579 10.44 2.14
    endloop
  endfacet
  facet normal 0.98077 -0.195165 0
    outer loop
      vertex 23.9579 10.44 0
      vertex 23.9145 10.2219 2.14
      vertex 23.9145 10.2219 0
    endloop
  endfacet
  facet normal 0.896789 0.442459 0
    outer loop
      vertex 24.1278 9.15 2.14
      vertex 24.0294 9.34944 0
      vertex 24.0294 9.34944 2.14
    endloop
  endfacet
  facet normal 0.896789 0.442459 0
    outer loop
      vertex 24.0294 9.34944 0
      vertex 24.1278 9.15 2.14
      vertex 24.1278 9.15 0
    endloop
  endfacet
  facet normal 0.946915 -0.321484 0
    outer loop
      vertex 23.9579 10.44 2.14
      vertex 24.0294 10.6506 0
      vertex 24.0294 10.6506 2.14
    endloop
  endfacet
  facet normal 0.946915 -0.321484 0
    outer loop
      vertex 24.0294 10.6506 0
      vertex 23.9579 10.44 2.14
      vertex 23.9579 10.44 0
    endloop
  endfacet
  facet normal 0.555426 -0.831566 0
    outer loop
      vertex 24.5651 11.3487 0
      vertex 24.75 11.4722 2.14
      vertex 24.5651 11.3487 2.14
    endloop
  endfacet
  facet normal 0.555426 -0.831566 0
    outer loop
      vertex 24.75 11.4722 2.14
      vertex 24.5651 11.3487 0
      vertex 24.75 11.4722 0
    endloop
  endfacet
  facet normal -0.896754 -0.44253 0
    outer loop
      vertex 27.1706 10.6506 0
      vertex 27.0722 10.85 2.14
      vertex 27.0722 10.85 0
    endloop
  endfacet
  facet normal -0.896754 -0.44253 0
    outer loop
      vertex 27.0722 10.85 2.14
      vertex 27.1706 10.6506 0
      vertex 27.1706 10.6506 2.14
    endloop
  endfacet
  facet normal 0.997872 -0.0652057 0
    outer loop
      vertex 23.9 10 2.14
      vertex 23.9145 10.2219 0
      vertex 23.9145 10.2219 2.14
    endloop
  endfacet
  facet normal 0.997872 -0.0652057 0
    outer loop
      vertex 23.9145 10.2219 0
      vertex 23.9 10 2.14
      vertex 23.9 10 0
    endloop
  endfacet
  facet normal 0.321403 0.946943 -0
    outer loop
      vertex 25.16 8.35793 0
      vertex 24.9494 8.42941 2.14
      vertex 25.16 8.35793 2.14
    endloop
  endfacet
  facet normal 0.321403 0.946943 0
    outer loop
      vertex 24.9494 8.42941 2.14
      vertex 25.16 8.35793 0
      vertex 24.9494 8.42941 0
    endloop
  endfacet
  facet normal 0.44253 -0.896754 0
    outer loop
      vertex 24.75 11.4722 0
      vertex 24.9494 11.5706 2.14
      vertex 24.75 11.4722 2.14
    endloop
  endfacet
  facet normal 0.44253 -0.896754 0
    outer loop
      vertex 24.9494 11.5706 2.14
      vertex 24.75 11.4722 0
      vertex 24.9494 11.5706 0
    endloop
  endfacet
  facet normal 0.831566 -0.555426 0
    outer loop
      vertex 24.1278 10.85 2.14
      vertex 24.2513 11.0349 0
      vertex 24.2513 11.0349 2.14
    endloop
  endfacet
  facet normal 0.831566 -0.555426 0
    outer loop
      vertex 24.2513 11.0349 0
      vertex 24.1278 10.85 2.14
      vertex 24.1278 10.85 0
    endloop
  endfacet
  facet normal 0.555551 0.831483 -0
    outer loop
      vertex 24.75 8.52776 0
      vertex 24.5651 8.6513 2.14
      vertex 24.75 8.52776 2.14
    endloop
  endfacet
  facet normal 0.555551 0.831483 0
    outer loop
      vertex 24.5651 8.6513 2.14
      vertex 24.75 8.52776 0
      vertex 24.5651 8.6513 0
    endloop
  endfacet
  facet normal -0.138489 0.696116 0.704445
    outer loop
      vertex 25.8219 8.31454 2.14
      vertex 26.0645 6.48055 4
      vertex 26.04 8.35793 2.14
    endloop
  endfacet
  facet normal -0.145312 0.694969 0.704204
    outer loop
      vertex 26.0645 6.48055 4
      vertex 25.8219 8.31454 2.14
      vertex 26.0634 6.48032 4
    endloop
  endfacet
  facet normal 0.467932 0.533663 0.704446
    outer loop
      vertex 23.4389 7.18355 4
      vertex 24.5651 8.6513 2.14
      vertex 23.0906 7.48895 4
    endloop
  endfacet
  facet normal -0.313867 0.63659 0.704444
    outer loop
      vertex 26.9585 6.72018 4
      vertex 27.374 6.92504 4
      vertex 26.2506 8.42941 2.14
    endloop
  endfacet
  facet normal -0.708227 -0.0464285 0.704457
    outer loop
      vertex 29.1501 10 4
      vertex 29.1198 10.4622 4
      vertex 27.3 10 2.14
    endloop
  endfacet
  facet normal -0.706956 -0.058913 0.704799
    outer loop
      vertex 27.2855 10.2219 2.14
      vertex 29.1198 10.4622 4
      vertex 29.1197 10.4634 4
    endloop
  endfacet
  facet normal -0.70825 -0.0462804 0.704443
    outer loop
      vertex 29.1198 10.4622 4
      vertex 27.2855 10.2219 2.14
      vertex 27.3 10 2.14
    endloop
  endfacet
  facet normal -0.0472106 0.708159 0.704473
    outer loop
      vertex 25.8219 8.31454 2.14
      vertex 26.0622 6.48024 4
      vertex 26.0634 6.48032 4
    endloop
  endfacet
  facet normal -0.0464073 0.708238 0.704447
    outer loop
      vertex 26.0622 6.48024 4
      vertex 25.8219 8.31454 2.14
      vertex 25.6 8.3 2.14
    endloop
  endfacet
  facet normal -0.696141 0.138376 0.704443
    outer loop
      vertex 29.0291 9.08118 4
      vertex 29.1194 9.53546 4
      vertex 27.2421 9.56001 2.14
    endloop
  endfacet
  facet normal -0.138458 0.69612 0.704448
    outer loop
      vertex 26.0645 6.48055 4
      vertex 26.5188 6.57091 4
      vertex 26.04 8.35793 2.14
    endloop
  endfacet
  facet normal -0.228151 0.672087 0.704447
    outer loop
      vertex 26.5188 6.57091 4
      vertex 26.9574 6.7198 4
      vertex 26.04 8.35793 2.14
    endloop
  endfacet
  facet normal -0.394413 -0.590087 0.70444
    outer loop
      vertex 27.7611 12.8164 4
      vertex 27.376 13.0738 4
      vertex 26.6349 11.3487 2.14
    endloop
  endfacet
  facet normal 0.0464073 0.708238 0.704447
    outer loop
      vertex 25.3781 8.31454 2.14
      vertex 25.1378 6.48024 4
      vertex 25.6 8.3 2.14
    endloop
  endfacet
  facet normal 0.0472106 0.708159 0.704473
    outer loop
      vertex 25.1378 6.48024 4
      vertex 25.3781 8.31454 2.14
      vertex 25.1366 6.48032 4
    endloop
  endfacet
  facet normal 0.696107 0.138523 0.704447
    outer loop
      vertex 22.1709 9.08118 4
      vertex 23.9579 9.56001 2.14
      vertex 22.0805 9.53546 4
    endloop
  endfacet
  facet normal 0.138517 -0.69611 0.704446
    outer loop
      vertex 25.16 11.6421 2.14
      vertex 25.1355 13.5195 4
      vertex 24.6812 13.4291 4
    endloop
  endfacet
  facet normal -0.672068 0.228204 0.704449
    outer loop
      vertex 27.1706 9.34944 2.14
      vertex 28.8802 8.64258 4
      vertex 27.2421 9.56001 2.14
    endloop
  endfacet
  facet normal -0.668823 0.236752 0.704715
    outer loop
      vertex 28.8802 8.64258 4
      vertex 27.1706 9.34944 2.14
      vertex 28.8798 8.64145 4
    endloop
  endfacet
  facet normal -0.672086 -0.228166 0.704443
    outer loop
      vertex 29.0291 10.9188 4
      vertex 28.8802 11.3574 4
      vertex 27.2421 10.44 2.14
    endloop
  endfacet
  facet normal 0.228119 0.672102 0.704444
    outer loop
      vertex 24.9494 8.42941 2.14
      vertex 24.2426 6.7198 4
      vertex 25.16 8.35793 2.14
    endloop
  endfacet
  facet normal 0.231712 0.670746 0.704563
    outer loop
      vertex 24.2426 6.7198 4
      vertex 24.9494 8.42941 2.14
      vertex 24.2415 6.72018 4
    endloop
  endfacet
  facet normal -0.471436 -0.530365 0.7046
    outer loop
      vertex 28.1094 12.5111 4
      vertex 26.8021 11.2021 2.14
      vertex 28.1103 12.5103 4
    endloop
  endfacet
  facet normal -0.467917 -0.533668 0.704451
    outer loop
      vertex 26.8021 11.2021 2.14
      vertex 28.1094 12.5111 4
      vertex 26.6349 11.3487 2.14
    endloop
  endfacet
  facet normal 0.228166 -0.672086 0.704443
    outer loop
      vertex 25.16 11.6421 2.14
      vertex 24.6812 13.4291 4
      vertex 24.2426 13.2802 4
    endloop
  endfacet
  facet normal 0.0464139 0.708237 0.704448
    outer loop
      vertex 25.6 6.44995 4
      vertex 25.6 8.3 2.14
      vertex 25.1378 6.48024 4
    endloop
  endfacet
  facet normal 0.530365 -0.471436 0.7046
    outer loop
      vertex 23.0889 12.5094 4
      vertex 24.3979 11.2021 2.14
      vertex 23.0897 12.5103 4
    endloop
  endfacet
  facet normal 0.533668 -0.467917 0.704451
    outer loop
      vertex 24.3979 11.2021 2.14
      vertex 23.0889 12.5094 4
      vertex 24.2513 11.0349 2.14
    endloop
  endfacet
  facet normal 0.126906 -0.697984 0.704779
    outer loop
      vertex 25.1355 13.5195 4
      vertex 25.3781 11.6855 2.14
      vertex 25.1366 13.5197 4
    endloop
  endfacet
  facet normal 0.13852 -0.696109 0.704446
    outer loop
      vertex 25.3781 11.6855 2.14
      vertex 25.1355 13.5195 4
      vertex 25.16 11.6421 2.14
    endloop
  endfacet
  facet normal -0.636629 -0.313794 0.704441
    outer loop
      vertex 28.8798 11.3585 4
      vertex 28.675 11.774 4
      vertex 27.1706 10.6506 2.14
    endloop
  endfacet
  facet normal -0.590087 -0.394413 0.70444
    outer loop
      vertex 28.6738 11.776 4
      vertex 28.4164 12.1611 4
      vertex 26.9487 11.0349 2.14
    endloop
  endfacet
  facet normal 0.138489 0.696116 0.704445
    outer loop
      vertex 25.1355 6.48055 4
      vertex 25.3781 8.31454 2.14
      vertex 25.16 8.35793 2.14
    endloop
  endfacet
  facet normal 0.145312 0.694969 0.704204
    outer loop
      vertex 25.3781 8.31454 2.14
      vertex 25.1355 6.48055 4
      vertex 25.1366 6.48032 4
    endloop
  endfacet
  facet normal -0.228166 -0.672086 0.704443
    outer loop
      vertex 26.9574 13.2802 4
      vertex 26.5188 13.4291 4
      vertex 26.04 11.6421 2.14
    endloop
  endfacet
  facet normal -0.0464139 0.708237 0.704448
    outer loop
      vertex 25.6 6.44995 4
      vertex 26.0622 6.48024 4
      vertex 25.6 8.3 2.14
    endloop
  endfacet
  facet normal -0.231712 0.670746 0.704563
    outer loop
      vertex 26.2506 8.42941 2.14
      vertex 26.9574 6.7198 4
      vertex 26.9585 6.72018 4
    endloop
  endfacet
  facet normal -0.228119 0.672102 0.704444
    outer loop
      vertex 26.9574 6.7198 4
      vertex 26.2506 8.42941 2.14
      vertex 26.04 8.35793 2.14
    endloop
  endfacet
  facet normal -0.636597 0.313846 0.704447
    outer loop
      vertex 28.675 8.22604 4
      vertex 28.8798 8.64145 4
      vertex 27.1706 9.34944 2.14
    endloop
  endfacet
  facet normal -0.70825 0.0462825 0.704443
    outer loop
      vertex 27.2855 9.77811 2.14
      vertex 29.1198 9.53781 4
      vertex 27.3 10 2.14
    endloop
  endfacet
  facet normal -0.706904 0.0594037 0.704811
    outer loop
      vertex 29.1198 9.53781 4
      vertex 27.2855 9.77811 2.14
      vertex 29.1197 9.53662 4
    endloop
  endfacet
  facet normal -0.672085 0.228166 0.704445
    outer loop
      vertex 28.8802 8.64258 4
      vertex 29.0291 9.08118 4
      vertex 27.2421 9.56001 2.14
    endloop
  endfacet
  facet normal -0.708226 0.0464295 0.704457
    outer loop
      vertex 29.1198 9.53781 4
      vertex 29.1501 10 4
      vertex 27.3 10 2.14
    endloop
  endfacet
  facet normal 0.696108 0.138519 0.704448
    outer loop
      vertex 23.9145 9.77811 2.14
      vertex 22.0805 9.53546 4
      vertex 23.9579 9.56001 2.14
    endloop
  endfacet
  facet normal 0.698971 0.120512 0.704923
    outer loop
      vertex 22.0805 9.53546 4
      vertex 23.9145 9.77811 2.14
      vertex 22.0803 9.53662 4
    endloop
  endfacet
  facet normal 0.467917 -0.533668 0.704451
    outer loop
      vertex 23.0906 12.5111 4
      vertex 24.3979 11.2021 2.14
      vertex 24.5651 11.3487 2.14
    endloop
  endfacet
  facet normal 0.471436 -0.530365 0.7046
    outer loop
      vertex 24.3979 11.2021 2.14
      vertex 23.0906 12.5111 4
      vertex 23.0897 12.5103 4
    endloop
  endfacet
  facet normal 0.364804 -0.608007 0.705157
    outer loop
      vertex 23.824 13.0738 4
      vertex 24.75 11.4722 2.14
      vertex 23.825 13.0744 4
    endloop
  endfacet
  facet normal 0.39421 -0.590197 0.704461
    outer loop
      vertex 24.75 11.4722 2.14
      vertex 23.824 13.0738 4
      vertex 24.5651 11.3487 2.14
    endloop
  endfacet
  facet normal -0.533692 0.467898 0.704446
    outer loop
      vertex 28.1111 7.49063 4
      vertex 28.4164 7.83886 4
      vertex 26.9487 8.96511 2.14
    endloop
  endfacet
  facet normal -0.68897 0.178182 0.702547
    outer loop
      vertex 27.2855 9.77811 2.14
      vertex 29.1194 9.53546 4
      vertex 29.1197 9.53662 4
    endloop
  endfacet
  facet normal -0.696126 0.138523 0.704429
    outer loop
      vertex 29.1194 9.53546 4
      vertex 27.2855 9.77811 2.14
      vertex 27.2421 9.56001 2.14
    endloop
  endfacet
  facet normal -0.313794 -0.636629 0.704441
    outer loop
      vertex 27.374 13.075 4
      vertex 26.9585 13.2798 4
      vertex 26.2506 11.5706 2.14
    endloop
  endfacet
  facet normal -0.0462804 -0.70825 0.704443
    outer loop
      vertex 25.8219 11.6855 2.14
      vertex 26.0622 13.5198 4
      vertex 25.6 11.7 2.14
    endloop
  endfacet
  facet normal -0.058913 -0.706956 0.704799
    outer loop
      vertex 26.0622 13.5198 4
      vertex 25.8219 11.6855 2.14
      vertex 26.0634 13.5197 4
    endloop
  endfacet
  facet normal 0.590093 0.394396 0.704445
    outer loop
      vertex 22.7836 7.83886 4
      vertex 24.2513 8.96511 2.14
      vertex 22.5262 8.22398 4
    endloop
  endfacet
  facet normal -0.608007 -0.364804 0.705157
    outer loop
      vertex 28.6738 11.776 4
      vertex 27.0722 10.85 2.14
      vertex 28.6744 11.775 4
    endloop
  endfacet
  facet normal -0.590197 -0.39421 0.704461
    outer loop
      vertex 27.0722 10.85 2.14
      vertex 28.6738 11.776 4
      vertex 26.9487 11.0349 2.14
    endloop
  endfacet
  facet normal 0.533742 -0.467848 0.704442
    outer loop
      vertex 24.2513 11.0349 2.14
      vertex 23.0889 12.5094 4
      vertex 22.7836 12.1611 4
    endloop
  endfacet
  facet normal -0.242416 -0.666643 0.704856
    outer loop
      vertex 26.9574 13.2802 4
      vertex 26.2506 11.5706 2.14
      vertex 26.9585 13.2798 4
    endloop
  endfacet
  facet normal -0.228176 -0.672082 0.704444
    outer loop
      vertex 26.2506 11.5706 2.14
      vertex 26.9574 13.2802 4
      vertex 26.04 11.6421 2.14
    endloop
  endfacet
  facet normal -0.464931 0.536459 0.704308
    outer loop
      vertex 26.8021 8.79792 2.14
      vertex 28.1094 7.48895 4
      vertex 28.1103 7.48973 4
    endloop
  endfacet
  facet normal -0.467955 0.533639 0.704449
    outer loop
      vertex 28.1094 7.48895 4
      vertex 26.8021 8.79792 2.14
      vertex 26.6349 8.6513 2.14
    endloop
  endfacet
  facet normal 0.70825 0.0462825 0.704443
    outer loop
      vertex 22.0802 9.53781 4
      vertex 23.9145 9.77811 2.14
      vertex 23.9 10 2.14
    endloop
  endfacet
  facet normal 0.706904 0.0594037 0.704811
    outer loop
      vertex 23.9145 9.77811 2.14
      vertex 22.0802 9.53781 4
      vertex 22.0803 9.53662 4
    endloop
  endfacet
  facet normal 0.394413 -0.590087 0.70444
    outer loop
      vertex 24.5651 11.3487 2.14
      vertex 23.824 13.0738 4
      vertex 23.4389 12.8164 4
    endloop
  endfacet
  facet normal 0.533692 0.467898 0.704446
    outer loop
      vertex 23.0889 7.49063 4
      vertex 24.2513 8.96511 2.14
      vertex 22.7836 7.83886 4
    endloop
  endfacet
  facet normal 0.467848 -0.533742 0.704442
    outer loop
      vertex 24.5651 11.3487 2.14
      vertex 23.4389 12.8164 4
      vertex 23.0906 12.5111 4
    endloop
  endfacet
  facet normal 0.394336 0.590132 0.704445
    outer loop
      vertex 23.824 6.92622 4
      vertex 24.5651 8.6513 2.14
      vertex 23.4389 7.18355 4
    endloop
  endfacet
  facet normal 0.672085 0.228166 0.704445
    outer loop
      vertex 22.3198 8.64258 4
      vertex 23.9579 9.56001 2.14
      vertex 22.1709 9.08118 4
    endloop
  endfacet
  facet normal -0.467932 0.533663 0.704446
    outer loop
      vertex 27.7611 7.18355 4
      vertex 28.1094 7.48895 4
      vertex 26.6349 8.6513 2.14
    endloop
  endfacet
  facet normal 0.672086 -0.228166 0.704443
    outer loop
      vertex 23.9579 10.44 2.14
      vertex 22.3198 11.3574 4
      vertex 22.1709 10.9188 4
    endloop
  endfacet
  facet normal -0.467848 -0.533742 0.704442
    outer loop
      vertex 28.1094 12.5111 4
      vertex 27.7611 12.8164 4
      vertex 26.6349 11.3487 2.14
    endloop
  endfacet
  facet normal 0.313958 0.636534 0.704453
    outer loop
      vertex 24.75 8.52776 2.14
      vertex 23.826 6.92504 4
      vertex 24.9494 8.42941 2.14
    endloop
  endfacet
  facet normal 0.327258 0.629342 0.704863
    outer loop
      vertex 23.826 6.92504 4
      vertex 24.75 8.52776 2.14
      vertex 23.825 6.92556 4
    endloop
  endfacet
  facet normal 0.467955 0.533639 0.704449
    outer loop
      vertex 24.3979 8.79792 2.14
      vertex 23.0906 7.48895 4
      vertex 24.5651 8.6513 2.14
    endloop
  endfacet
  facet normal 0.464931 0.536459 0.704308
    outer loop
      vertex 23.0906 7.48895 4
      vertex 24.3979 8.79792 2.14
      vertex 23.0897 7.48973 4
    endloop
  endfacet
  facet normal 0.533655 0.467933 0.704451
    outer loop
      vertex 23.0889 7.49063 4
      vertex 24.3979 8.79792 2.14
      vertex 24.2513 8.96511 2.14
    endloop
  endfacet
  facet normal 0.530366 0.471437 0.704599
    outer loop
      vertex 24.3979 8.79792 2.14
      vertex 23.0889 7.49063 4
      vertex 23.0897 7.48973 4
    endloop
  endfacet
  facet normal 0.138458 0.69612 0.704448
    outer loop
      vertex 25.1355 6.48055 4
      vertex 25.16 8.35793 2.14
      vertex 24.6812 6.57091 4
    endloop
  endfacet
  facet normal -0.327258 0.629342 0.704863
    outer loop
      vertex 26.45 8.52776 2.14
      vertex 27.374 6.92504 4
      vertex 27.375 6.92556 4
    endloop
  endfacet
  facet normal -0.313958 0.636534 0.704453
    outer loop
      vertex 27.374 6.92504 4
      vertex 26.45 8.52776 2.14
      vertex 26.2506 8.42941 2.14
    endloop
  endfacet
  facet normal -0.608007 -0.364804 0.705157
    outer loop
      vertex 27.0722 10.85 2.14
      vertex 28.675 11.774 4
      vertex 28.6744 11.775 4
    endloop
  endfacet
  facet normal -0.636455 -0.314078 0.704472
    outer loop
      vertex 28.675 11.774 4
      vertex 27.0722 10.85 2.14
      vertex 27.1706 10.6506 2.14
    endloop
  endfacet
  facet normal -0.364804 -0.608007 0.705157
    outer loop
      vertex 26.45 11.4722 2.14
      vertex 27.376 13.0738 4
      vertex 27.375 13.0744 4
    endloop
  endfacet
  facet normal -0.39421 -0.590197 0.704461
    outer loop
      vertex 27.376 13.0738 4
      vertex 26.45 11.4722 2.14
      vertex 26.6349 11.3487 2.14
    endloop
  endfacet
  facet normal -0.126906 -0.697984 0.704779
    outer loop
      vertex 25.8219 11.6855 2.14
      vertex 26.0645 13.5195 4
      vertex 26.0634 13.5197 4
    endloop
  endfacet
  facet normal -0.13852 -0.696109 0.704446
    outer loop
      vertex 26.0645 13.5195 4
      vertex 25.8219 11.6855 2.14
      vertex 26.04 11.6421 2.14
    endloop
  endfacet
  facet normal 0.666643 -0.242416 0.704856
    outer loop
      vertex 22.3198 11.3574 4
      vertex 24.0294 10.6506 2.14
      vertex 22.3202 11.3585 4
    endloop
  endfacet
  facet normal 0.672082 -0.228176 0.704444
    outer loop
      vertex 24.0294 10.6506 2.14
      vertex 22.3198 11.3574 4
      vertex 23.9579 10.44 2.14
    endloop
  endfacet
  facet normal 0.228151 0.672087 0.704447
    outer loop
      vertex 24.6812 6.57091 4
      vertex 25.16 8.35793 2.14
      vertex 24.2426 6.7198 4
    endloop
  endfacet
  facet normal -0.590093 0.394396 0.704445
    outer loop
      vertex 28.4164 7.83886 4
      vertex 28.6738 8.22398 4
      vertex 26.9487 8.96511 2.14
    endloop
  endfacet
  facet normal -0.533655 0.467933 0.704451
    outer loop
      vertex 26.8021 8.79792 2.14
      vertex 28.1111 7.49063 4
      vertex 26.9487 8.96511 2.14
    endloop
  endfacet
  facet normal -0.530366 0.471437 0.704599
    outer loop
      vertex 28.1111 7.49063 4
      vertex 26.8021 8.79792 2.14
      vertex 28.1103 7.48973 4
    endloop
  endfacet
  facet normal 0.636484 0.31403 0.704467
    outer loop
      vertex 22.525 8.22604 4
      vertex 24.1278 9.15 2.14
      vertex 24.0294 9.34944 2.14
    endloop
  endfacet
  facet normal 0.618432 0.346785 0.705182
    outer loop
      vertex 24.1278 9.15 2.14
      vertex 22.525 8.22604 4
      vertex 22.5256 8.22497 4
    endloop
  endfacet
  facet normal 0.636597 0.313846 0.704447
    outer loop
      vertex 22.525 8.22604 4
      vertex 24.0294 9.34944 2.14
      vertex 22.3202 8.64145 4
    endloop
  endfacet
  facet normal -0.394336 0.590132 0.704445
    outer loop
      vertex 27.376 6.92622 4
      vertex 27.7611 7.18355 4
      vertex 26.6349 8.6513 2.14
    endloop
  endfacet
  facet normal 0.228176 -0.672082 0.704444
    outer loop
      vertex 24.2426 13.2802 4
      vertex 24.9494 11.5706 2.14
      vertex 25.16 11.6421 2.14
    endloop
  endfacet
  facet normal 0.242416 -0.666643 0.704856
    outer loop
      vertex 24.9494 11.5706 2.14
      vertex 24.2426 13.2802 4
      vertex 24.2415 13.2798 4
    endloop
  endfacet
  facet normal 0.590197 -0.39421 0.704461
    outer loop
      vertex 22.5262 11.776 4
      vertex 24.1278 10.85 2.14
      vertex 24.2513 11.0349 2.14
    endloop
  endfacet
  facet normal 0.608007 -0.364804 0.705157
    outer loop
      vertex 24.1278 10.85 2.14
      vertex 22.5262 11.776 4
      vertex 22.5256 11.775 4
    endloop
  endfacet
  facet normal 0.636629 -0.313794 0.704441
    outer loop
      vertex 24.0294 10.6506 2.14
      vertex 22.525 11.774 4
      vertex 22.3202 11.3585 4
    endloop
  endfacet
  facet normal 0.672068 0.228204 0.704449
    outer loop
      vertex 22.3198 8.64258 4
      vertex 24.0294 9.34944 2.14
      vertex 23.9579 9.56001 2.14
    endloop
  endfacet
  facet normal 0.668823 0.236752 0.704715
    outer loop
      vertex 24.0294 9.34944 2.14
      vertex 22.3198 8.64258 4
      vertex 22.3202 8.64145 4
    endloop
  endfacet
  facet normal 0.708227 -0.0464285 0.704457
    outer loop
      vertex 23.9 10 2.14
      vertex 22.0802 10.4622 4
      vertex 22.0499 10 4
    endloop
  endfacet
  facet normal 0.608007 -0.364804 0.705157
    outer loop
      vertex 22.525 11.774 4
      vertex 24.1278 10.85 2.14
      vertex 22.5256 11.775 4
    endloop
  endfacet
  facet normal 0.636455 -0.314078 0.704472
    outer loop
      vertex 24.1278 10.85 2.14
      vertex 22.525 11.774 4
      vertex 24.0294 10.6506 2.14
    endloop
  endfacet
  facet normal 0.590087 -0.394413 0.70444
    outer loop
      vertex 24.2513 11.0349 2.14
      vertex 22.7836 12.1611 4
      vertex 22.5262 11.776 4
    endloop
  endfacet
  facet normal 0.313867 0.63659 0.704444
    outer loop
      vertex 24.2415 6.72018 4
      vertex 24.9494 8.42941 2.14
      vertex 23.826 6.92504 4
    endloop
  endfacet
  facet normal 0.706956 -0.058913 0.704799
    outer loop
      vertex 22.0802 10.4622 4
      vertex 23.9145 10.2219 2.14
      vertex 22.0803 10.4634 4
    endloop
  endfacet
  facet normal 0.70825 -0.0462804 0.704443
    outer loop
      vertex 23.9145 10.2219 2.14
      vertex 22.0802 10.4622 4
      vertex 23.9 10 2.14
    endloop
  endfacet
  facet normal -0.636484 0.31403 0.704467
    outer loop
      vertex 27.0722 9.15 2.14
      vertex 28.675 8.22604 4
      vertex 27.1706 9.34944 2.14
    endloop
  endfacet
  facet normal -0.618432 0.346785 0.705182
    outer loop
      vertex 28.675 8.22604 4
      vertex 27.0722 9.15 2.14
      vertex 28.6744 8.22497 4
    endloop
  endfacet
  facet normal 0.708226 0.0464295 0.704457
    outer loop
      vertex 22.0802 9.53781 4
      vertex 23.9 10 2.14
      vertex 22.0499 10 4
    endloop
  endfacet
  facet normal 0.314078 -0.636455 0.704472
    outer loop
      vertex 23.826 13.075 4
      vertex 24.75 11.4722 2.14
      vertex 24.9494 11.5706 2.14
    endloop
  endfacet
  facet normal 0.364804 -0.608007 0.705157
    outer loop
      vertex 24.75 11.4722 2.14
      vertex 23.826 13.075 4
      vertex 23.825 13.0744 4
    endloop
  endfacet
  facet normal -0.606402 0.367516 0.70513
    outer loop
      vertex 27.0722 9.15 2.14
      vertex 28.6738 8.22398 4
      vertex 28.6744 8.22497 4
    endloop
  endfacet
  facet normal -0.590186 0.394224 0.704463
    outer loop
      vertex 28.6738 8.22398 4
      vertex 27.0722 9.15 2.14
      vertex 26.9487 8.96511 2.14
    endloop
  endfacet
  facet normal 0.69611 -0.138517 0.704446
    outer loop
      vertex 23.9579 10.44 2.14
      vertex 22.1709 10.9188 4
      vertex 22.0805 10.4645 4
    endloop
  endfacet
  facet normal -0.138517 -0.69611 0.704446
    outer loop
      vertex 26.5188 13.4291 4
      vertex 26.0645 13.5195 4
      vertex 26.04 11.6421 2.14
    endloop
  endfacet
  facet normal 0.058913 -0.706956 0.704799
    outer loop
      vertex 25.3781 11.6855 2.14
      vertex 25.1378 13.5198 4
      vertex 25.1366 13.5197 4
    endloop
  endfacet
  facet normal 0.0462804 -0.70825 0.704443
    outer loop
      vertex 25.1378 13.5198 4
      vertex 25.3781 11.6855 2.14
      vertex 25.6 11.7 2.14
    endloop
  endfacet
  facet normal 0.313794 -0.636629 0.704441
    outer loop
      vertex 24.9494 11.5706 2.14
      vertex 24.2415 13.2798 4
      vertex 23.826 13.075 4
    endloop
  endfacet
  facet normal -0.394305 0.590149 0.704448
    outer loop
      vertex 26.45 8.52776 2.14
      vertex 27.376 6.92622 4
      vertex 26.6349 8.6513 2.14
    endloop
  endfacet
  facet normal -0.390895 0.592265 0.704573
    outer loop
      vertex 27.376 6.92622 4
      vertex 26.45 8.52776 2.14
      vertex 27.375 6.92556 4
    endloop
  endfacet
  facet normal 0.696109 -0.13852 0.704446
    outer loop
      vertex 22.0805 10.4645 4
      vertex 23.9145 10.2219 2.14
      vertex 23.9579 10.44 2.14
    endloop
  endfacet
  facet normal 0.697984 -0.126906 0.704779
    outer loop
      vertex 23.9145 10.2219 2.14
      vertex 22.0805 10.4645 4
      vertex 22.0803 10.4634 4
    endloop
  endfacet
  facet normal 0.590186 0.394224 0.704463
    outer loop
      vertex 24.1278 9.15 2.14
      vertex 22.5262 8.22398 4
      vertex 24.2513 8.96511 2.14
    endloop
  endfacet
  facet normal 0.606402 0.367516 0.70513
    outer loop
      vertex 22.5262 8.22398 4
      vertex 24.1278 9.15 2.14
      vertex 22.5256 8.22497 4
    endloop
  endfacet
  facet normal -0.364804 -0.608007 0.705157
    outer loop
      vertex 27.374 13.075 4
      vertex 26.45 11.4722 2.14
      vertex 27.375 13.0744 4
    endloop
  endfacet
  facet normal -0.314078 -0.636455 0.704472
    outer loop
      vertex 26.45 11.4722 2.14
      vertex 27.374 13.075 4
      vertex 26.2506 11.5706 2.14
    endloop
  endfacet
  facet normal 0.394305 0.590149 0.704448
    outer loop
      vertex 23.824 6.92622 4
      vertex 24.75 8.52776 2.14
      vertex 24.5651 8.6513 2.14
    endloop
  endfacet
  facet normal 0.390895 0.592265 0.704573
    outer loop
      vertex 24.75 8.52776 2.14
      vertex 23.824 6.92622 4
      vertex 23.825 6.92556 4
    endloop
  endfacet
  facet normal 0.0464285 -0.708227 0.704457
    outer loop
      vertex 25.6 11.7 2.14
      vertex 25.6 13.5501 4
      vertex 25.1378 13.5198 4
    endloop
  endfacet
  facet normal -0.533742 -0.467848 0.704442
    outer loop
      vertex 28.4164 12.1611 4
      vertex 28.1111 12.5094 4
      vertex 26.9487 11.0349 2.14
    endloop
  endfacet
  facet normal -0.696144 -0.138371 0.704441
    outer loop
      vertex 29.1194 10.4645 4
      vertex 29.0291 10.9188 4
      vertex 27.2421 10.44 2.14
    endloop
  endfacet
  facet normal -0.687139 -0.187402 0.70194
    outer loop
      vertex 29.1194 10.4645 4
      vertex 27.2855 10.2219 2.14
      vertex 29.1197 10.4634 4
    endloop
  endfacet
  facet normal -0.696128 -0.138523 0.704427
    outer loop
      vertex 27.2855 10.2219 2.14
      vertex 29.1194 10.4645 4
      vertex 27.2421 10.44 2.14
    endloop
  endfacet
  facet normal -0.0464285 -0.708227 0.704457
    outer loop
      vertex 26.0622 13.5198 4
      vertex 25.6 13.5501 4
      vertex 25.6 11.7 2.14
    endloop
  endfacet
  facet normal -0.530365 -0.471436 0.7046
    outer loop
      vertex 26.8021 11.2021 2.14
      vertex 28.1111 12.5094 4
      vertex 28.1103 12.5103 4
    endloop
  endfacet
  facet normal -0.533668 -0.467917 0.704451
    outer loop
      vertex 28.1111 12.5094 4
      vertex 26.8021 11.2021 2.14
      vertex 26.9487 11.0349 2.14
    endloop
  endfacet
  facet normal -0.666643 -0.242416 0.704856
    outer loop
      vertex 27.1706 10.6506 2.14
      vertex 28.8802 11.3574 4
      vertex 28.8798 11.3585 4
    endloop
  endfacet
  facet normal -0.672082 -0.228176 0.704444
    outer loop
      vertex 28.8802 11.3574 4
      vertex 27.1706 10.6506 2.14
      vertex 27.2421 10.44 2.14
    endloop
  endfacet
  facet normal 0 0.751863 0.659319
    outer loop
      vertex 2.14 8.79792 24.3979
      vertex 0 8.6513 24.5651
      vertex 2.14 8.6513 24.5651
    endloop
  endfacet
  facet normal 0 0.751863 0.659319
    outer loop
      vertex 0 8.6513 24.5651
      vertex 2.14 8.79792 24.3979
      vertex 0 8.79792 24.3979
    endloop
  endfacet
  facet normal 0 0.99786 -0.0653848
    outer loop
      vertex 2.14 8.3 25.6
      vertex 0 8.31454 25.8219
      vertex 2.14 8.31454 25.8219
    endloop
  endfacet
  facet normal 0 0.99786 -0.0653848
    outer loop
      vertex 0 8.31454 25.8219
      vertex 2.14 8.3 25.6
      vertex 0 8.3 25.6
    endloop
  endfacet
  facet normal -0 0 -1
    outer loop
      vertex 2.5338 9.99894 28.0088
      vertex 0 9.995 28.0088
      vertex 2.5338 10.0011 28.0088
    endloop
  endfacet
  facet normal 0 0 -1
    outer loop
      vertex 0 9.995 28.0088
      vertex 2.5338 9.99894 28.0088
      vertex 2.53394 9.995 28.0088
    endloop
  endfacet
  facet normal 0 0 -1
    outer loop
      vertex 0 10.005 28.0088
      vertex 2.5338 10.0011 28.0088
      vertex 0 9.995 28.0088
    endloop
  endfacet
  facet normal 0 0 -1
    outer loop
      vertex 2.5338 10.0011 28.0088
      vertex 0 10.005 28.0088
      vertex 2.53394 10.005 28.0088
    endloop
  endfacet
  facet normal 0 -0.997872 0.0652057
    outer loop
      vertex 0 11.6855 25.3781
      vertex 2.14 11.7 25.6
      vertex 0 11.7 25.6
    endloop
  endfacet
  facet normal 0 -0.997872 0.0652057
    outer loop
      vertex 2.14 11.7 25.6
      vertex 0 11.6855 25.3781
      vertex 2.14 11.6855 25.3781
    endloop
  endfacet
  facet normal 0 0.751863 -0.659319
    outer loop
      vertex 2.14 8.6513 26.6349
      vertex 0 8.79792 26.8021
      vertex 2.14 8.79792 26.8021
    endloop
  endfacet
  facet normal 0 0.751863 -0.659319
    outer loop
      vertex 0 8.79792 26.8021
      vertex 2.14 8.6513 26.6349
      vertex 0 8.6513 26.6349
    endloop
  endfacet
  facet normal -0 0.442459 0.896789
    outer loop
      vertex 0 9.34944 24.0294
      vertex 2.14 9.15 24.1278
      vertex 2.14 9.34944 24.0294
    endloop
  endfacet
  facet normal 0 0.442459 0.896789
    outer loop
      vertex 2.14 9.15 24.1278
      vertex 0 9.34944 24.0294
      vertex 0 9.15 24.1278
    endloop
  endfacet
  facet normal 0 -0.896754 -0.44253
    outer loop
      vertex 0 11.5706 26.2506
      vertex 2.14 11.4722 26.45
      vertex 0 11.4722 26.45
    endloop
  endfacet
  facet normal 0 -0.896754 -0.44253
    outer loop
      vertex 2.14 11.4722 26.45
      vertex 0 11.5706 26.2506
      vertex 2.14 11.5706 26.2506
    endloop
  endfacet
  facet normal 0 -0.946915 -0.321484
    outer loop
      vertex 0 11.6421 26.04
      vertex 2.14 11.5706 26.2506
      vertex 0 11.5706 26.2506
    endloop
  endfacet
  facet normal 0 -0.946915 -0.321484
    outer loop
      vertex 2.14 11.5706 26.2506
      vertex 0 11.6421 26.04
      vertex 2.14 11.6421 26.04
    endloop
  endfacet
  facet normal 0 0.709869 -0.704334
    outer loop
      vertex 2.43866 9.81303 27.8254
      vertex 0 9.995 28.0088
      vertex 2.53394 9.995 28.0088
    endloop
  endfacet
  facet normal 7.67265e-06 0.70992 -0.704282
    outer loop
      vertex 2.34582 9.60827 27.619
      vertex 0 9.995 28.0088
      vertex 2.43866 9.81303 27.8254
    endloop
  endfacet
  facet normal 5.37598e-05 0.710059 -0.704143
    outer loop
      vertex 2.26341 9.39239 27.4013
      vertex 0 9.995 28.0088
      vertex 2.34582 9.60827 27.619
    endloop
  endfacet
  facet normal -5.0491e-05 0.709864 -0.704338
    outer loop
      vertex 2.19791 9.17638 27.1836
      vertex 0 9.995 28.0088
      vertex 2.26341 9.39239 27.4013
    endloop
  endfacet
  facet normal -7.02394e-06 0.70995 -0.704252
    outer loop
      vertex 0 8.79792 26.8021
      vertex 2.19791 9.17638 27.1836
      vertex 2.15533 8.97362 26.9792
    endloop
  endfacet
  facet normal 0 0.709907 -0.704295
    outer loop
      vertex 0 8.79792 26.8021
      vertex 2.15533 8.97362 26.9792
      vertex 2.14 8.79792 26.8021
    endloop
  endfacet
  facet normal -4.44875e-07 0.709931 -0.704271
    outer loop
      vertex 2.19791 9.17638 27.1836
      vertex 0 8.79792 26.8021
      vertex 0 9.995 28.0088
    endloop
  endfacet
  facet normal 0 0.831483 -0.555551
    outer loop
      vertex 2.14 8.52776 26.45
      vertex 0 8.6513 26.6349
      vertex 2.14 8.6513 26.6349
    endloop
  endfacet
  facet normal 0 0.831483 -0.555551
    outer loop
      vertex 0 8.6513 26.6349
      vertex 2.14 8.52776 26.45
      vertex 0 8.52776 26.45
    endloop
  endfacet
  facet normal 0 -0.195165 0.98077
    outer loop
      vertex 0 10.44 23.9579
      vertex 2.14 10.2219 23.9145
      vertex 2.14 10.44 23.9579
    endloop
  endfacet
  facet normal 0 -0.195165 0.98077
    outer loop
      vertex 2.14 10.2219 23.9145
      vertex 0 10.44 23.9579
      vertex 0 10.2219 23.9145
    endloop
  endfacet
  facet normal 0 -0.946915 0.321484
    outer loop
      vertex 0 11.5706 24.9494
      vertex 2.14 11.6421 25.16
      vertex 0 11.6421 25.16
    endloop
  endfacet
  facet normal 0 -0.946915 0.321484
    outer loop
      vertex 2.14 11.6421 25.16
      vertex 0 11.5706 24.9494
      vertex 2.14 11.5706 24.9494
    endloop
  endfacet
  facet normal 0 -0.896754 0.44253
    outer loop
      vertex 0 11.4722 24.75
      vertex 2.14 11.5706 24.9494
      vertex 0 11.5706 24.9494
    endloop
  endfacet
  facet normal 0 -0.896754 0.44253
    outer loop
      vertex 2.14 11.5706 24.9494
      vertex 0 11.4722 24.75
      vertex 2.14 11.4722 24.75
    endloop
  endfacet
  facet normal 0 -0.555426 0.831566
    outer loop
      vertex 0 11.0349 24.2513
      vertex 2.14 10.85 24.1278
      vertex 2.14 11.0349 24.2513
    endloop
  endfacet
  facet normal 0 -0.555426 0.831566
    outer loop
      vertex 2.14 10.85 24.1278
      vertex 0 11.0349 24.2513
      vertex 0 10.85 24.1278
    endloop
  endfacet
  facet normal 0 -0.659268 0.751908
    outer loop
      vertex 0 11.2021 24.3979
      vertex 2.14 11.0349 24.2513
      vertex 2.14 11.2021 24.3979
    endloop
  endfacet
  facet normal 0 -0.659268 0.751908
    outer loop
      vertex 2.14 11.0349 24.2513
      vertex 0 11.2021 24.3979
      vertex 0 11.0349 24.2513
    endloop
  endfacet
  facet normal 0 0.896843 -0.442349
    outer loop
      vertex 2.14 8.42941 26.2506
      vertex 0 8.52776 26.45
      vertex 2.14 8.52776 26.45
    endloop
  endfacet
  facet normal 0 0.896843 -0.442349
    outer loop
      vertex 0 8.52776 26.45
      vertex 2.14 8.42941 26.2506
      vertex 0 8.42941 26.2506
    endloop
  endfacet
  facet normal 0 0.896843 0.442349
    outer loop
      vertex 2.14 8.52776 24.75
      vertex 0 8.42941 24.9494
      vertex 2.14 8.42941 24.9494
    endloop
  endfacet
  facet normal 0 0.896843 0.442349
    outer loop
      vertex 0 8.42941 24.9494
      vertex 2.14 8.52776 24.75
      vertex 0 8.52776 24.75
    endloop
  endfacet
  facet normal -0 0.659291 0.751888
    outer loop
      vertex 0 8.96511 24.2513
      vertex 2.14 8.79792 24.3979
      vertex 2.14 8.96511 24.2513
    endloop
  endfacet
  facet normal 0 0.659291 0.751888
    outer loop
      vertex 2.14 8.79792 24.3979
      vertex 0 8.96511 24.2513
      vertex 0 8.79792 24.3979
    endloop
  endfacet
  facet normal 0 -0.997872 -0.0652057
    outer loop
      vertex 0 11.7 25.6
      vertex 2.14 11.6855 25.8219
      vertex 0 11.6855 25.8219
    endloop
  endfacet
  facet normal 0 -0.997872 -0.0652057
    outer loop
      vertex 2.14 11.6855 25.8219
      vertex 0 11.7 25.6
      vertex 2.14 11.7 25.6
    endloop
  endfacet
  facet normal 0 -0.709811 -0.704392
    outer loop
      vertex 0 10.005 28.0088
      vertex 2.43866 10.187 27.8254
      vertex 2.53394 10.005 28.0088
    endloop
  endfacet
  facet normal 3.11369e-05 -0.710018 -0.704184
    outer loop
      vertex 0 10.005 28.0088
      vertex 2.34582 10.3917 27.619
      vertex 2.43866 10.187 27.8254
    endloop
  endfacet
  facet normal 3.50169e-05 -0.710029 -0.704172
    outer loop
      vertex 0 10.005 28.0088
      vertex 2.26341 10.6076 27.4013
      vertex 2.34582 10.3917 27.619
    endloop
  endfacet
  facet normal -4.5296e-05 -0.70988 -0.704323
    outer loop
      vertex 0 10.005 28.0088
      vertex 2.19791 10.8236 27.1836
      vertex 2.26341 10.6076 27.4013
    endloop
  endfacet
  facet normal -1.13225e-05 -0.709925 -0.704277
    outer loop
      vertex 0 11.2021 26.8021
      vertex 2.19791 10.8236 27.1836
      vertex 0 10.005 28.0088
    endloop
  endfacet
  facet normal 4.59035e-06 -0.709879 -0.704323
    outer loop
      vertex 2.19791 10.8236 27.1836
      vertex 0 11.2021 26.8021
      vertex 2.15533 11.0264 26.9792
    endloop
  endfacet
  facet normal 0 -0.709907 -0.704295
    outer loop
      vertex 2.15533 11.0264 26.9792
      vertex 0 11.2021 26.8021
      vertex 2.14 11.2021 26.8021
    endloop
  endfacet
  facet normal 0 -0.321484 0.946915
    outer loop
      vertex 0 10.6506 24.0294
      vertex 2.14 10.44 23.9579
      vertex 2.14 10.6506 24.0294
    endloop
  endfacet
  facet normal 0 -0.321484 0.946915
    outer loop
      vertex 2.14 10.44 23.9579
      vertex 0 10.6506 24.0294
      vertex 0 10.44 23.9579
    endloop
  endfacet
  facet normal 0 -0.751908 -0.659268
    outer loop
      vertex 0 11.3487 26.6349
      vertex 2.14 11.2021 26.8021
      vertex 0 11.2021 26.8021
    endloop
  endfacet
  facet normal 0 -0.751908 -0.659268
    outer loop
      vertex 2.14 11.2021 26.8021
      vertex 0 11.3487 26.6349
      vertex 2.14 11.3487 26.6349
    endloop
  endfacet
  facet normal -0 0.321525 0.946901
    outer loop
      vertex 0 9.56001 23.9579
      vertex 2.14 9.34944 24.0294
      vertex 2.14 9.56001 23.9579
    endloop
  endfacet
  facet normal 0 0.321525 0.946901
    outer loop
      vertex 2.14 9.34944 24.0294
      vertex 0 9.56001 23.9579
      vertex 0 9.34944 24.0294
    endloop
  endfacet
  facet normal -0 0.555447 0.831552
    outer loop
      vertex 0 9.15 24.1278
      vertex 2.14 8.96511 24.2513
      vertex 2.14 9.15 24.1278
    endloop
  endfacet
  facet normal 0 0.555447 0.831552
    outer loop
      vertex 2.14 8.96511 24.2513
      vertex 0 9.15 24.1278
      vertex 0 8.96511 24.2513
    endloop
  endfacet
  facet normal 0 -0.44253 0.896754
    outer loop
      vertex 0 10.85 24.1278
      vertex 2.14 10.6506 24.0294
      vertex 2.14 10.85 24.1278
    endloop
  endfacet
  facet normal 0 -0.44253 0.896754
    outer loop
      vertex 2.14 10.6506 24.0294
      vertex 0 10.85 24.1278
      vertex 0 10.6506 24.0294
    endloop
  endfacet
  facet normal 0 -0.98077 0.195165
    outer loop
      vertex 0 11.6421 25.16
      vertex 2.14 11.6855 25.3781
      vertex 0 11.6855 25.3781
    endloop
  endfacet
  facet normal 0 -0.98077 0.195165
    outer loop
      vertex 2.14 11.6855 25.3781
      vertex 0 11.6421 25.16
      vertex 2.14 11.6421 25.16
    endloop
  endfacet
  facet normal 0 0.946943 -0.321403
    outer loop
      vertex 2.14 8.35793 26.04
      vertex 0 8.42941 26.2506
      vertex 2.14 8.42941 26.2506
    endloop
  endfacet
  facet normal 0 0.946943 -0.321403
    outer loop
      vertex 0 8.42941 26.2506
      vertex 2.14 8.35793 26.04
      vertex 0 8.35793 26.04
    endloop
  endfacet
  facet normal 0 0.980779 -0.195122
    outer loop
      vertex 2.14 8.31454 25.8219
      vertex 0 8.35793 26.04
      vertex 2.14 8.35793 26.04
    endloop
  endfacet
  facet normal 0 0.980779 -0.195122
    outer loop
      vertex 0 8.35793 26.04
      vertex 2.14 8.31454 25.8219
      vertex 0 8.31454 25.8219
    endloop
  endfacet
  facet normal -0 0.195165 0.98077
    outer loop
      vertex 0 9.77811 23.9145
      vertex 2.14 9.56001 23.9579
      vertex 2.14 9.77811 23.9145
    endloop
  endfacet
  facet normal 0 0.195165 0.98077
    outer loop
      vertex 2.14 9.56001 23.9579
      vertex 0 9.77811 23.9145
      vertex 0 9.56001 23.9579
    endloop
  endfacet
  facet normal 0 -0.751908 0.659268
    outer loop
      vertex 0 11.2021 24.3979
      vertex 2.14 11.3487 24.5651
      vertex 0 11.3487 24.5651
    endloop
  endfacet
  facet normal 0 -0.751908 0.659268
    outer loop
      vertex 2.14 11.3487 24.5651
      vertex 0 11.2021 24.3979
      vertex 2.14 11.2021 24.3979
    endloop
  endfacet
  facet normal 0 -0.98077 -0.195165
    outer loop
      vertex 0 11.6855 25.8219
      vertex 2.14 11.6421 26.04
      vertex 0 11.6421 26.04
    endloop
  endfacet
  facet normal 0 -0.98077 -0.195165
    outer loop
      vertex 2.14 11.6421 26.04
      vertex 0 11.6855 25.8219
      vertex 2.14 11.6855 25.8219
    endloop
  endfacet
  facet normal 0 0.980779 0.195122
    outer loop
      vertex 2.14 8.35793 25.16
      vertex 0 8.31454 25.3781
      vertex 2.14 8.31454 25.3781
    endloop
  endfacet
  facet normal 0 0.980779 0.195122
    outer loop
      vertex 0 8.31454 25.3781
      vertex 2.14 8.35793 25.16
      vertex 0 8.35793 25.16
    endloop
  endfacet
  facet normal 0 -0.831566 -0.555426
    outer loop
      vertex 0 11.4722 26.45
      vertex 2.14 11.3487 26.6349
      vertex 0 11.3487 26.6349
    endloop
  endfacet
  facet normal 0 -0.831566 -0.555426
    outer loop
      vertex 2.14 11.3487 26.6349
      vertex 0 11.4722 26.45
      vertex 2.14 11.4722 26.45
    endloop
  endfacet
  facet normal 0 -0.831566 0.555426
    outer loop
      vertex 0 11.3487 24.5651
      vertex 2.14 11.4722 24.75
      vertex 0 11.4722 24.75
    endloop
  endfacet
  facet normal 0 -0.831566 0.555426
    outer loop
      vertex 2.14 11.4722 24.75
      vertex 0 11.3487 24.5651
      vertex 2.14 11.3487 24.5651
    endloop
  endfacet
  facet normal 0 0.831483 0.555551
    outer loop
      vertex 2.14 8.6513 24.5651
      vertex 0 8.52776 24.75
      vertex 2.14 8.52776 24.75
    endloop
  endfacet
  facet normal 0 0.831483 0.555551
    outer loop
      vertex 0 8.52776 24.75
      vertex 2.14 8.6513 24.5651
      vertex 0 8.6513 24.5651
    endloop
  endfacet
  facet normal 0 -0.0652057 0.997872
    outer loop
      vertex 0 10.2219 23.9145
      vertex 2.14 10 23.9
      vertex 2.14 10.2219 23.9145
    endloop
  endfacet
  facet normal 0 -0.0652057 0.997872
    outer loop
      vertex 2.14 10 23.9
      vertex 0 10.2219 23.9145
      vertex 0 10 23.9
    endloop
  endfacet
  facet normal 0 0.99786 0.0653848
    outer loop
      vertex 2.14 8.31454 25.3781
      vertex 0 8.3 25.6
      vertex 2.14 8.3 25.6
    endloop
  endfacet
  facet normal 0 0.99786 0.0653848
    outer loop
      vertex 0 8.3 25.6
      vertex 2.14 8.31454 25.3781
      vertex 0 8.31454 25.3781
    endloop
  endfacet
  facet normal -0 0.0652086 0.997872
    outer loop
      vertex 0 10 23.9
      vertex 2.14 9.77811 23.9145
      vertex 2.14 10 23.9
    endloop
  endfacet
  facet normal 0 0.0652086 0.997872
    outer loop
      vertex 2.14 9.77811 23.9145
      vertex 0 10 23.9
      vertex 0 9.77811 23.9145
    endloop
  endfacet
  facet normal 0 0.946943 0.321403
    outer loop
      vertex 2.14 8.42941 24.9494
      vertex 0 8.35793 25.16
      vertex 2.14 8.35793 25.16
    endloop
  endfacet
  facet normal 0 0.946943 0.321403
    outer loop
      vertex 0 8.35793 25.16
      vertex 2.14 8.42941 24.9494
      vertex 0 8.42941 24.9494
    endloop
  endfacet
  facet normal 0.704457 -0.708227 -0.0464285
    outer loop
      vertex 4 13.5501 25.6
      vertex 4 13.5198 26.0622
      vertex 2.14 11.7 25.6
    endloop
  endfacet
  facet normal 0.704445 0.228166 0.672085
    outer loop
      vertex 4 8.64258 22.3198
      vertex 4 9.08118 22.1709
      vertex 2.14 9.56001 23.9579
    endloop
  endfacet
  facet normal 0.704443 -0.70825 0.0462804
    outer loop
      vertex 2.14 11.6855 25.3781
      vertex 4 13.5198 25.1378
      vertex 2.14 11.7 25.6
    endloop
  endfacet
  facet normal 0.704799 -0.706956 0.058913
    outer loop
      vertex 4 13.5198 25.1378
      vertex 2.14 11.6855 25.3781
      vertex 4 13.5197 25.1366
    endloop
  endfacet
  facet normal 0.704799 -0.706956 -0.058913
    outer loop
      vertex 2.14 11.6855 25.8219
      vertex 4 13.5198 26.0622
      vertex 4 13.5197 26.0634
    endloop
  endfacet
  facet normal 0.704443 -0.70825 -0.0462804
    outer loop
      vertex 4 13.5198 26.0622
      vertex 2.14 11.6855 25.8219
      vertex 2.14 11.7 25.6
    endloop
  endfacet
  facet normal 0.704443 -0.672086 -0.228166
    outer loop
      vertex 4 13.4291 26.5188
      vertex 4 13.2802 26.9574
      vertex 2.14 11.6421 26.04
    endloop
  endfacet
  facet normal 0.704473 0.708159 -0.0472106
    outer loop
      vertex 4 6.48024 26.0622
      vertex 2.14 8.31454 25.8219
      vertex 4 6.48032 26.0634
    endloop
  endfacet
  facet normal 0.704447 0.708238 -0.0464073
    outer loop
      vertex 2.14 8.31454 25.8219
      vertex 4 6.48024 26.0622
      vertex 2.14 8.3 25.6
    endloop
  endfacet
  facet normal 0.868258 -0.0968233 -0.486574
    outer loop
      vertex 3.995 10.005 30.6388
      vertex 2.43866 10.187 27.8254
      vertex 2.34582 10.3917 27.619
    endloop
  endfacet
  facet normal 0.868262 0.0967923 -0.486573
    outer loop
      vertex 2.43866 9.81303 27.8254
      vertex 3.995 9.995 30.6388
      vertex 2.34582 9.60827 27.619
    endloop
  endfacet
  facet normal 0.705157 -0.608007 -0.364804
    outer loop
      vertex 2.14 11.4722 26.45
      vertex 4 13.075 27.374
      vertex 4 13.0744 27.375
    endloop
  endfacet
  facet normal 0.704472 -0.636455 -0.314078
    outer loop
      vertex 4 13.075 27.374
      vertex 2.14 11.4722 26.45
      vertex 2.14 11.5706 26.2506
    endloop
  endfacet
  facet normal 0.704446 -0.138517 0.69611
    outer loop
      vertex 4 10.4645 22.0805
      vertex 4 10.9188 22.1709
      vertex 2.14 10.44 23.9579
    endloop
  endfacet
  facet normal 0.704446 -0.69611 0.138517
    outer loop
      vertex 4 13.4291 24.6812
      vertex 4 13.5195 25.1355
      vertex 2.14 11.6421 25.16
    endloop
  endfacet
  facet normal 0.704443 -0.672086 0.228166
    outer loop
      vertex 4 13.2802 24.2426
      vertex 4 13.4291 24.6812
      vertex 2.14 11.6421 25.16
    endloop
  endfacet
  facet normal 0.704779 -0.697984 0.126906
    outer loop
      vertex 2.14 11.6855 25.3781
      vertex 4 13.5195 25.1355
      vertex 4 13.5197 25.1366
    endloop
  endfacet
  facet normal 0.704446 -0.696109 0.13852
    outer loop
      vertex 4 13.5195 25.1355
      vertex 2.14 11.6855 25.3781
      vertex 2.14 11.6421 25.16
    endloop
  endfacet
  facet normal 0.704448 0.590149 0.394305
    outer loop
      vertex 2.14 8.52776 24.75
      vertex 4 6.92622 23.824
      vertex 2.14 8.6513 24.5651
    endloop
  endfacet
  facet normal 0.704573 0.592265 0.390895
    outer loop
      vertex 4 6.92622 23.824
      vertex 2.14 8.52776 24.75
      vertex 4 6.92556 23.825
    endloop
  endfacet
  facet normal 0.856345 -0.166151 -0.488945
    outer loop
      vertex 3.995 10.005 30.6388
      vertex 2.34582 10.3917 27.619
      vertex 2.26341 10.6076 27.4013
    endloop
  endfacet
  facet normal 0.704444 0.672102 0.228119
    outer loop
      vertex 4 6.7198 24.2426
      vertex 2.14 8.42941 24.9494
      vertex 2.14 8.35793 25.16
    endloop
  endfacet
  facet normal 0.704563 0.670746 0.231712
    outer loop
      vertex 2.14 8.42941 24.9494
      vertex 4 6.7198 24.2426
      vertex 4 6.72018 24.2415
    endloop
  endfacet
  facet normal 0.748763 -0.437012 -0.498372
    outer loop
      vertex 3.995 10.005 30.6388
      vertex 2.15533 11.0264 26.9792
      vertex 2.14 11.2021 26.8021
    endloop
  endfacet
  facet normal 0.704457 0.0464295 0.708226
    outer loop
      vertex 4 9.53781 22.0802
      vertex 4 10 22.0499
      vertex 2.14 10 23.9
    endloop
  endfacet
  facet normal 0.704448 0.69612 0.138458
    outer loop
      vertex 4 6.48055 25.1355
      vertex 4 6.57091 24.6812
      vertex 2.14 8.35793 25.16
    endloop
  endfacet
  facet normal 0.704447 0.708238 0.0464073
    outer loop
      vertex 4 6.48024 25.1378
      vertex 2.14 8.31454 25.3781
      vertex 2.14 8.3 25.6
    endloop
  endfacet
  facet normal 0.704473 0.708159 0.0472106
    outer loop
      vertex 2.14 8.31454 25.3781
      vertex 4 6.48024 25.1378
      vertex 4 6.48032 25.1366
    endloop
  endfacet
  facet normal 0.704463 0.394224 0.590186
    outer loop
      vertex 4 8.22398 22.5262
      vertex 2.14 9.15 24.1278
      vertex 2.14 8.96511 24.2513
    endloop
  endfacet
  facet normal 0.70513 0.367516 0.606402
    outer loop
      vertex 2.14 9.15 24.1278
      vertex 4 8.22398 22.5262
      vertex 4 8.22497 22.5256
    endloop
  endfacet
  facet normal 0.704442 -0.533742 0.467848
    outer loop
      vertex 4 12.5111 23.0906
      vertex 4 12.8164 23.4389
      vertex 2.14 11.3487 24.5651
    endloop
  endfacet
  facet normal 0.704443 0.0462825 0.70825
    outer loop
      vertex 2.14 9.77811 23.9145
      vertex 4 9.53781 22.0802
      vertex 2.14 10 23.9
    endloop
  endfacet
  facet normal 0.704811 0.0594037 0.706904
    outer loop
      vertex 4 9.53781 22.0802
      vertex 2.14 9.77811 23.9145
      vertex 4 9.53662 22.0803
    endloop
  endfacet
  facet normal 0.70444 -0.590087 -0.394413
    outer loop
      vertex 4 13.0738 27.376
      vertex 4 12.8164 27.7611
      vertex 2.14 11.3487 26.6349
    endloop
  endfacet
  facet normal 0.705157 -0.608007 0.364804
    outer loop
      vertex 2.14 11.4722 24.75
      vertex 4 13.0738 23.824
      vertex 4 13.0744 23.825
    endloop
  endfacet
  facet normal 0.704461 -0.590197 0.39421
    outer loop
      vertex 4 13.0738 23.824
      vertex 2.14 11.4722 24.75
      vertex 2.14 11.3487 24.5651
    endloop
  endfacet
  facet normal 0.704447 0.672087 0.228151
    outer loop
      vertex 4 6.57091 24.6812
      vertex 4 6.7198 24.2426
      vertex 2.14 8.35793 25.16
    endloop
  endfacet
  facet normal 0.704453 0.636534 0.313958
    outer loop
      vertex 4 6.92504 23.826
      vertex 2.14 8.52776 24.75
      vertex 2.14 8.42941 24.9494
    endloop
  endfacet
  facet normal 0.704863 0.629342 0.327258
    outer loop
      vertex 2.14 8.52776 24.75
      vertex 4 6.92504 23.826
      vertex 4 6.92556 23.825
    endloop
  endfacet
  facet normal 0.704446 -0.13852 0.696109
    outer loop
      vertex 2.14 10.2219 23.9145
      vertex 4 10.4645 22.0805
      vertex 2.14 10.44 23.9579
    endloop
  endfacet
  facet normal 0.704779 -0.126906 0.697984
    outer loop
      vertex 4 10.4645 22.0805
      vertex 2.14 10.2219 23.9145
      vertex 4 10.4634 22.0803
    endloop
  endfacet
  facet normal 0.704444 0.63659 0.313867
    outer loop
      vertex 4 6.72018 24.2415
      vertex 4 6.92504 23.826
      vertex 2.14 8.42941 24.9494
    endloop
  endfacet
  facet normal 0.704856 -0.242416 0.666643
    outer loop
      vertex 2.14 10.6506 24.0294
      vertex 4 11.3574 22.3198
      vertex 4 11.3585 22.3202
    endloop
  endfacet
  facet normal 0.704444 -0.228176 0.672082
    outer loop
      vertex 4 11.3574 22.3198
      vertex 2.14 10.6506 24.0294
      vertex 2.14 10.44 23.9579
    endloop
  endfacet
  facet normal 0.704457 -0.0464285 0.708227
    outer loop
      vertex 4 10 22.0499
      vertex 4 10.4622 22.0802
      vertex 2.14 10 23.9
    endloop
  endfacet
  facet normal 0.704447 0.313846 0.636597
    outer loop
      vertex 4 8.22604 22.525
      vertex 4 8.64145 22.3202
      vertex 2.14 9.34944 24.0294
    endloop
  endfacet
  facet normal 0.704443 -0.228166 0.672086
    outer loop
      vertex 4 10.9188 22.1709
      vertex 4 11.3574 22.3198
      vertex 2.14 10.44 23.9579
    endloop
  endfacet
  facet normal 0.704446 0.467898 0.533692
    outer loop
      vertex 4 7.49063 23.0889
      vertex 4 7.83886 22.7836
      vertex 2.14 8.96511 24.2513
    endloop
  endfacet
  facet normal 0.704441 -0.636629 0.313794
    outer loop
      vertex 4 13.075 23.826
      vertex 4 13.2798 24.2415
      vertex 2.14 11.5706 24.9494
    endloop
  endfacet
  facet normal 0.704444 -0.672082 0.228176
    outer loop
      vertex 2.14 11.5706 24.9494
      vertex 4 13.2802 24.2426
      vertex 2.14 11.6421 25.16
    endloop
  endfacet
  facet normal 0.704856 -0.666643 0.242416
    outer loop
      vertex 4 13.2802 24.2426
      vertex 2.14 11.5706 24.9494
      vertex 4 13.2798 24.2415
    endloop
  endfacet
  facet normal 0.704457 -0.708227 0.0464285
    outer loop
      vertex 4 13.5198 25.1378
      vertex 4 13.5501 25.6
      vertex 2.14 11.7 25.6
    endloop
  endfacet
  facet normal 0.704308 0.536459 -0.464931
    outer loop
      vertex 4 7.48895 28.1094
      vertex 2.14 8.79792 26.8021
      vertex 4 7.48973 28.1103
    endloop
  endfacet
  facet normal 0.704449 0.533639 -0.467955
    outer loop
      vertex 2.14 8.79792 26.8021
      vertex 4 7.48895 28.1094
      vertex 2.14 8.6513 26.6349
    endloop
  endfacet
  facet normal 0.704448 0.138519 0.696108
    outer loop
      vertex 4 9.53546 22.0805
      vertex 2.14 9.77811 23.9145
      vertex 2.14 9.56001 23.9579
    endloop
  endfacet
  facet normal 0.704923 0.120512 0.698971
    outer loop
      vertex 2.14 9.77811 23.9145
      vertex 4 9.53546 22.0805
      vertex 4 9.53662 22.0803
    endloop
  endfacet
  facet normal 0.704448 0.708237 0.0464139
    outer loop
      vertex 4 6.44995 25.6
      vertex 4 6.48024 25.1378
      vertex 2.14 8.3 25.6
    endloop
  endfacet
  facet normal 0.835937 -0.242654 -0.49227
    outer loop
      vertex 3.995 10.005 30.6388
      vertex 2.26341 10.6076 27.4013
      vertex 2.19791 10.8236 27.1836
    endloop
  endfacet
  facet normal 0.705157 -0.364804 0.608007
    outer loop
      vertex 2.14 10.85 24.1278
      vertex 4 11.774 22.525
      vertex 4 11.775 22.5256
    endloop
  endfacet
  facet normal 0.704472 -0.314078 0.636455
    outer loop
      vertex 4 11.774 22.525
      vertex 2.14 10.85 24.1278
      vertex 2.14 10.6506 24.0294
    endloop
  endfacet
  facet normal 0.704451 -0.533668 0.467917
    outer loop
      vertex 2.14 11.2021 24.3979
      vertex 4 12.5111 23.0906
      vertex 2.14 11.3487 24.5651
    endloop
  endfacet
  facet normal 0.7046 -0.530365 0.471436
    outer loop
      vertex 4 12.5111 23.0906
      vertex 2.14 11.2021 24.3979
      vertex 4 12.5103 23.0897
    endloop
  endfacet
  facet normal 0.704447 0.672087 -0.228151
    outer loop
      vertex 4 6.7198 26.9574
      vertex 4 6.57091 26.5188
      vertex 2.14 8.35793 26.04
    endloop
  endfacet
  facet normal 0 0.708374 -0.705837
    outer loop
      vertex 4 9.995 30.6388
      vertex 4 9.15751 29.7983
      vertex 3.995 9.995 30.6388
    endloop
  endfacet
  facet normal 0.748765 0.43701 -0.49837
    outer loop
      vertex 2.15533 8.97362 26.9792
      vertex 3.995 9.995 30.6388
      vertex 2.14 8.79792 26.8021
    endloop
  endfacet
  facet normal 0.70444 -0.590087 0.394413
    outer loop
      vertex 4 12.8164 23.4389
      vertex 4 13.0738 23.824
      vertex 2.14 11.3487 24.5651
    endloop
  endfacet
  facet normal 0.704461 -0.39421 0.590197
    outer loop
      vertex 2.14 10.85 24.1278
      vertex 4 11.776 22.5262
      vertex 2.14 11.0349 24.2513
    endloop
  endfacet
  facet normal 0.705157 -0.364804 0.608007
    outer loop
      vertex 4 11.776 22.5262
      vertex 2.14 10.85 24.1278
      vertex 4 11.775 22.5256
    endloop
  endfacet
  facet normal 0.704445 0.590132 0.394336
    outer loop
      vertex 4 6.92622 23.824
      vertex 4 7.18355 23.4389
      vertex 2.14 8.6513 24.5651
    endloop
  endfacet
  facet normal 0.7046 -0.471436 0.530365
    outer loop
      vertex 2.14 11.2021 24.3979
      vertex 4 12.5094 23.0889
      vertex 4 12.5103 23.0897
    endloop
  endfacet
  facet normal 0.704451 -0.467917 0.533668
    outer loop
      vertex 4 12.5094 23.0889
      vertex 2.14 11.2021 24.3979
      vertex 2.14 11.0349 24.2513
    endloop
  endfacet
  facet normal 0.704799 -0.058913 0.706956
    outer loop
      vertex 2.14 10.2219 23.9145
      vertex 4 10.4622 22.0802
      vertex 4 10.4634 22.0803
    endloop
  endfacet
  facet normal 0.704443 -0.0462804 0.70825
    outer loop
      vertex 4 10.4622 22.0802
      vertex 2.14 10.2219 23.9145
      vertex 2.14 10 23.9
    endloop
  endfacet
  facet normal 0.704441 -0.313794 0.636629
    outer loop
      vertex 4 11.3585 22.3202
      vertex 4 11.774 22.525
      vertex 2.14 10.6506 24.0294
    endloop
  endfacet
  facet normal 0.704448 0.708237 -0.0464139
    outer loop
      vertex 4 6.48024 26.0622
      vertex 4 6.44995 25.6
      vertex 2.14 8.3 25.6
    endloop
  endfacet
  facet normal 0.704563 0.670746 -0.231712
    outer loop
      vertex 4 6.7198 26.9574
      vertex 2.14 8.42941 26.2506
      vertex 4 6.72018 26.9585
    endloop
  endfacet
  facet normal 0.704444 0.672102 -0.228119
    outer loop
      vertex 2.14 8.42941 26.2506
      vertex 4 6.7198 26.9574
      vertex 2.14 8.35793 26.04
    endloop
  endfacet
  facet normal 0.704444 0.63659 -0.313867
    outer loop
      vertex 4 6.92504 27.374
      vertex 4 6.72018 26.9585
      vertex 2.14 8.42941 26.2506
    endloop
  endfacet
  facet normal 0.705157 -0.608007 -0.364804
    outer loop
      vertex 4 13.0738 27.376
      vertex 2.14 11.4722 26.45
      vertex 4 13.0744 27.375
    endloop
  endfacet
  facet normal 0.704461 -0.590197 -0.39421
    outer loop
      vertex 2.14 11.4722 26.45
      vertex 4 13.0738 27.376
      vertex 2.14 11.3487 26.6349
    endloop
  endfacet
  facet normal 0.7046 -0.530365 -0.471436
    outer loop
      vertex 2.14 11.2021 26.8021
      vertex 4 12.5111 28.1094
      vertex 4 12.5103 28.1103
    endloop
  endfacet
  facet normal 0.704451 -0.533668 -0.467917
    outer loop
      vertex 4 12.5111 28.1094
      vertex 2.14 11.2021 26.8021
      vertex 2.14 11.3487 26.6349
    endloop
  endfacet
  facet normal 0.704441 -0.636629 -0.313794
    outer loop
      vertex 4 13.2798 26.9585
      vertex 4 13.075 27.374
      vertex 2.14 11.5706 26.2506
    endloop
  endfacet
  facet normal 0 -0.70837 -0.705841
    outer loop
      vertex 4 10.8425 29.7983
      vertex 4 10.005 30.6388
      vertex 3.995 10.005 30.6388
    endloop
  endfacet
  facet normal 0.705223 0.50432 -0.498319
    outer loop
      vertex 4 9.15751 29.7983
      vertex 2.14 8.79792 26.8021
      vertex 3.995 9.995 30.6388
    endloop
  endfacet
  facet normal 0.705205 0.504353 -0.498312
    outer loop
      vertex 2.14 8.79792 26.8021
      vertex 4 9.15751 29.7983
      vertex 4 7.48973 28.1103
    endloop
  endfacet
  facet normal 0.704445 0.696116 0.138489
    outer loop
      vertex 2.14 8.31454 25.3781
      vertex 4 6.48055 25.1355
      vertex 2.14 8.35793 25.16
    endloop
  endfacet
  facet normal 0.704204 0.694969 0.145312
    outer loop
      vertex 4 6.48055 25.1355
      vertex 2.14 8.31454 25.3781
      vertex 4 6.48032 25.1366
    endloop
  endfacet
  facet normal 0.704447 0.138523 0.696107
    outer loop
      vertex 4 9.08118 22.1709
      vertex 4 9.53546 22.0805
      vertex 2.14 9.56001 23.9579
    endloop
  endfacet
  facet normal 0.704451 0.467933 0.533655
    outer loop
      vertex 2.14 8.79792 24.3979
      vertex 4 7.49063 23.0889
      vertex 2.14 8.96511 24.2513
    endloop
  endfacet
  facet normal 0.704599 0.471437 0.530366
    outer loop
      vertex 4 7.49063 23.0889
      vertex 2.14 8.79792 24.3979
      vertex 4 7.48973 23.0897
    endloop
  endfacet
  facet normal 0.704449 0.533639 0.467955
    outer loop
      vertex 4 7.48895 23.0906
      vertex 2.14 8.79792 24.3979
      vertex 2.14 8.6513 24.5651
    endloop
  endfacet
  facet normal 0.704308 0.536459 0.464931
    outer loop
      vertex 2.14 8.79792 24.3979
      vertex 4 7.48895 23.0906
      vertex 4 7.48973 23.0897
    endloop
  endfacet
  facet normal 0.704448 0.69612 -0.138458
    outer loop
      vertex 4 6.57091 26.5188
      vertex 4 6.48055 26.0645
      vertex 2.14 8.35793 26.04
    endloop
  endfacet
  facet normal 0.704467 0.31403 0.636484
    outer loop
      vertex 2.14 9.15 24.1278
      vertex 4 8.22604 22.525
      vertex 2.14 9.34944 24.0294
    endloop
  endfacet
  facet normal 0.705182 0.346785 0.618432
    outer loop
      vertex 4 8.22604 22.525
      vertex 2.14 9.15 24.1278
      vertex 4 8.22497 22.5256
    endloop
  endfacet
  facet normal 0.704863 0.629342 -0.327258
    outer loop
      vertex 4 6.92504 27.374
      vertex 2.14 8.52776 26.45
      vertex 4 6.92556 27.375
    endloop
  endfacet
  facet normal 0.704453 0.636534 -0.313958
    outer loop
      vertex 2.14 8.52776 26.45
      vertex 4 6.92504 27.374
      vertex 2.14 8.42941 26.2506
    endloop
  endfacet
  facet normal 0.704446 0.533663 0.467932
    outer loop
      vertex 4 7.18355 23.4389
      vertex 4 7.48895 23.0906
      vertex 2.14 8.6513 24.5651
    endloop
  endfacet
  facet normal 0.704472 -0.636455 0.314078
    outer loop
      vertex 2.14 11.4722 24.75
      vertex 4 13.075 23.826
      vertex 2.14 11.5706 24.9494
    endloop
  endfacet
  facet normal 0.705157 -0.608007 0.364804
    outer loop
      vertex 4 13.075 23.826
      vertex 2.14 11.4722 24.75
      vertex 4 13.0744 23.825
    endloop
  endfacet
  facet normal 0.802635 -0.331355 -0.495964
    outer loop
      vertex 3.995 10.005 30.6388
      vertex 2.19791 10.8236 27.1836
      vertex 2.15533 11.0264 26.9792
    endloop
  endfacet
  facet normal 0.704442 -0.467848 0.533742
    outer loop
      vertex 4 12.1611 22.7836
      vertex 4 12.5094 23.0889
      vertex 2.14 11.0349 24.2513
    endloop
  endfacet
  facet normal 0.705206 -0.504349 -0.498314
    outer loop
      vertex 4 10.8425 29.7983
      vertex 2.14 11.2021 26.8021
      vertex 4 12.5103 28.1103
    endloop
  endfacet
  facet normal 0.705224 -0.504316 -0.498321
    outer loop
      vertex 2.14 11.2021 26.8021
      vertex 4 10.8425 29.7983
      vertex 3.995 10.005 30.6388
    endloop
  endfacet
  facet normal 0.704445 0.590132 -0.394336
    outer loop
      vertex 4 7.18355 27.7611
      vertex 4 6.92622 27.376
      vertex 2.14 8.6513 26.6349
    endloop
  endfacet
  facet normal 0.70444 -0.394413 0.590087
    outer loop
      vertex 4 11.776 22.5262
      vertex 4 12.1611 22.7836
      vertex 2.14 11.0349 24.2513
    endloop
  endfacet
  facet normal 0.704446 0.533663 -0.467932
    outer loop
      vertex 4 7.48895 28.1094
      vertex 4 7.18355 27.7611
      vertex 2.14 8.6513 26.6349
    endloop
  endfacet
  facet normal 0.704445 0.394396 0.590093
    outer loop
      vertex 4 7.83886 22.7836
      vertex 4 8.22398 22.5262
      vertex 2.14 8.96511 24.2513
    endloop
  endfacet
  facet normal 0.704446 -0.69611 -0.138517
    outer loop
      vertex 4 13.5195 26.0645
      vertex 4 13.4291 26.5188
      vertex 2.14 11.6421 26.04
    endloop
  endfacet
  facet normal 0.704448 0.590149 -0.394305
    outer loop
      vertex 4 6.92622 27.376
      vertex 2.14 8.52776 26.45
      vertex 2.14 8.6513 26.6349
    endloop
  endfacet
  facet normal 0.704573 0.592265 -0.390895
    outer loop
      vertex 2.14 8.52776 26.45
      vertex 4 6.92622 27.376
      vertex 4 6.92556 27.375
    endloop
  endfacet
  facet normal 0.85634 0.16617 -0.488947
    outer loop
      vertex 2.34582 9.60827 27.619
      vertex 3.995 9.995 30.6388
      vertex 2.26341 9.39239 27.4013
    endloop
  endfacet
  facet normal 0.704449 0.228204 0.672068
    outer loop
      vertex 2.14 9.34944 24.0294
      vertex 4 8.64258 22.3198
      vertex 2.14 9.56001 23.9579
    endloop
  endfacet
  facet normal 0.704715 0.236752 0.668823
    outer loop
      vertex 4 8.64258 22.3198
      vertex 2.14 9.34944 24.0294
      vertex 4 8.64145 22.3202
    endloop
  endfacet
  facet normal 0.704445 0.696116 -0.138489
    outer loop
      vertex 4 6.48055 26.0645
      vertex 2.14 8.31454 25.8219
      vertex 2.14 8.35793 26.04
    endloop
  endfacet
  facet normal 0.704204 0.694969 -0.145312
    outer loop
      vertex 2.14 8.31454 25.8219
      vertex 4 6.48055 26.0645
      vertex 4 6.48032 26.0634
    endloop
  endfacet
  facet normal 0.873725 -0.0317101 -0.485386
    outer loop
      vertex 3.995 10.005 30.6388
      vertex 2.53394 10.005 28.0088
      vertex 2.43866 10.187 27.8254
    endloop
  endfacet
  facet normal 0.873734 -0.0313648 -0.485391
    outer loop
      vertex 2.53394 10.005 28.0088
      vertex 3.995 10.005 30.6388
      vertex 2.5338 10.0011 28.0088
    endloop
  endfacet
  facet normal 0.83594 0.242642 -0.49227
    outer loop
      vertex 2.26341 9.39239 27.4013
      vertex 3.995 9.995 30.6388
      vertex 2.19791 9.17638 27.1836
    endloop
  endfacet
  facet normal 0.802603 0.33143 -0.495967
    outer loop
      vertex 2.19791 9.17638 27.1836
      vertex 3.995 9.995 30.6388
      vertex 2.15533 8.97362 26.9792
    endloop
  endfacet
  facet normal 0.873743 0.0310467 -0.485396
    outer loop
      vertex 3.995 9.995 30.6388
      vertex 2.53394 9.995 28.0088
      vertex 2.5338 9.99894 28.0088
    endloop
  endfacet
  facet normal 0.873725 0.0317153 -0.485386
    outer loop
      vertex 2.53394 9.995 28.0088
      vertex 3.995 9.995 30.6388
      vertex 2.43866 9.81303 27.8254
    endloop
  endfacet
  facet normal 0.874145 0 -0.485666
    outer loop
      vertex 3.995 10.005 30.6388
      vertex 2.5338 9.99894 28.0088
      vertex 2.5338 10.0011 28.0088
    endloop
  endfacet
  facet normal 0.874145 0 -0.485666
    outer loop
      vertex 2.5338 9.99894 28.0088
      vertex 3.995 10.005 30.6388
      vertex 3.995 9.995 30.6388
    endloop
  endfacet
  facet normal 0 0 -1
    outer loop
      vertex 3.995 9.995 30.6388
      vertex 4 10.005 30.6388
      vertex 4 9.995 30.6388
    endloop
  endfacet
  facet normal -0 0 -1
    outer loop
      vertex 4 10.005 30.6388
      vertex 3.995 9.995 30.6388
      vertex 3.995 10.005 30.6388
    endloop
  endfacet
  facet normal 0.704779 -0.697984 -0.126906
    outer loop
      vertex 4 13.5195 26.0645
      vertex 2.14 11.6855 25.8219
      vertex 4 13.5197 26.0634
    endloop
  endfacet
  facet normal 0.704446 -0.696109 -0.13852
    outer loop
      vertex 2.14 11.6855 25.8219
      vertex 4 13.5195 26.0645
      vertex 2.14 11.6421 26.04
    endloop
  endfacet
  facet normal 0.704442 -0.533742 -0.467848
    outer loop
      vertex 4 12.8164 27.7611
      vertex 4 12.5111 28.1094
      vertex 2.14 11.3487 26.6349
    endloop
  endfacet
  facet normal 0.704856 -0.666643 -0.242416
    outer loop
      vertex 2.14 11.5706 26.2506
      vertex 4 13.2802 26.9574
      vertex 4 13.2798 26.9585
    endloop
  endfacet
  facet normal 0.704444 -0.672082 -0.228176
    outer loop
      vertex 4 13.2802 26.9574
      vertex 2.14 11.5706 26.2506
      vertex 2.14 11.6421 26.04
    endloop
  endfacet
endsolid OpenSCAD_Model
