solid OpenSCAD_Model
  facet normal 0 1 0
    outer loop
      vertex 100 40 6
      vertex 100 40 0
      vertex 98 40 6
    endloop
  endfacet
  facet normal 0 1 -0
    outer loop
      vertex 6 40 98
      vertex 0 40 100
      vertex 6 40 100
    endloop
  endfacet
  facet normal 0 1 0
    outer loop
      vertex 0 40 0
      vertex 6 40 98
      vertex 98 40 6
    endloop
  endfacet
  facet normal 0 1 0
    outer loop
      vertex 0 40 0
      vertex 98 40 6
      vertex 100 40 0
    endloop
  endfacet
  facet normal 0 1 0
    outer loop
      vertex 6 40 98
      vertex 0 40 0
      vertex 0 40 100
    endloop
  endfacet
  facet normal 0 -1 0
    outer loop
      vertex 0 0 100
      vertex 6 0 98
      vertex 6 0 100
    endloop
  endfacet
  facet normal 0 -1 0
    outer loop
      vertex 0 0 0
      vertex 6 0 98
      vertex 0 0 100
    endloop
  endfacet
  facet normal 0 -1 -0
    outer loop
      vertex 6 0 98
      vertex 0 0 0
      vertex 98 0 6
    endloop
  endfacet
  facet normal 0 -1 0
    outer loop
      vertex 100 0 0
      vertex 98 0 6
      vertex 0 0 0
    endloop
  endfacet
  facet normal 0 -1 0
    outer loop
      vertex 98 0 6
      vertex 100 0 0
      vertex 100 0 6
    endloop
  endfacet
  facet normal 0 0 1
    outer loop
      vertex 98 36 6
      vertex 85.12 20 6
      vertex 98 4 6
    endloop
  endfacet
  facet normal 0 0 1
    outer loop
      vertex 98 36 6
      vertex 85.0704 20.7571 6
      vertex 85.12 20 6
    endloop
  endfacet
  facet normal 0 0 1
    outer loop
      vertex 98 36 6
      vertex 84.9224 21.5012 6
      vertex 85.0704 20.7571 6
    endloop
  endfacet
  facet normal 0 0 1
    outer loop
      vertex 98 36 6
      vertex 84.6785 22.2196 6
      vertex 84.9224 21.5012 6
    endloop
  endfacet
  facet normal 0 0 1
    outer loop
      vertex 98 36 6
      vertex 84.3429 22.9 6
      vertex 84.6785 22.2196 6
    endloop
  endfacet
  facet normal 0 0 1
    outer loop
      vertex 98 36 6
      vertex 83.9214 23.5308 6
      vertex 84.3429 22.9 6
    endloop
  endfacet
  facet normal 0 0 1
    outer loop
      vertex 98 36 6
      vertex 83.4212 24.1012 6
      vertex 83.9214 23.5308 6
    endloop
  endfacet
  facet normal 0 0 1
    outer loop
      vertex 98 36 6
      vertex 82.8508 24.6014 6
      vertex 83.4212 24.1012 6
    endloop
  endfacet
  facet normal 0 0 1
    outer loop
      vertex 98 36 6
      vertex 82.22 25.0229 6
      vertex 82.8508 24.6014 6
    endloop
  endfacet
  facet normal 0 0 1
    outer loop
      vertex 98 36 6
      vertex 81.5396 25.3585 6
      vertex 82.22 25.0229 6
    endloop
  endfacet
  facet normal 0 0 1
    outer loop
      vertex 98 36 6
      vertex 80.8212 25.6024 6
      vertex 81.5396 25.3585 6
    endloop
  endfacet
  facet normal 0 0 1
    outer loop
      vertex 98 36 6
      vertex 80.077 25.7504 6
      vertex 80.8212 25.6024 6
    endloop
  endfacet
  facet normal 0 0 1
    outer loop
      vertex 98 36 6
      vertex 79.32 25.8 6
      vertex 80.077 25.7504 6
    endloop
  endfacet
  facet normal 0 0 1
    outer loop
      vertex 98 36 6
      vertex 78.563 25.7504 6
      vertex 79.32 25.8 6
    endloop
  endfacet
  facet normal 0 0 1
    outer loop
      vertex 98 36 6
      vertex 77.8188 25.6024 6
      vertex 78.563 25.7504 6
    endloop
  endfacet
  facet normal 0 0 1
    outer loop
      vertex 43.2211 25.6024 6
      vertex 77.8188 25.6024 6
      vertex 98 36 6
    endloop
  endfacet
  facet normal 0 0 1
    outer loop
      vertex 77.8188 25.6024 6
      vertex 43.2211 25.6024 6
      vertex 77.1004 25.3585 6
    endloop
  endfacet
  facet normal 0 0 1
    outer loop
      vertex 73.5696 20.7571 6
      vertex 47.52 20 6
      vertex 73.52 20 6
    endloop
  endfacet
  facet normal 0 0 1
    outer loop
      vertex 47.4704 20.7571 6
      vertex 73.5696 20.7571 6
      vertex 73.7176 21.5012 6
    endloop
  endfacet
  facet normal 0 0 1
    outer loop
      vertex 47.3224 21.5012 6
      vertex 73.7176 21.5012 6
      vertex 73.9615 22.2196 6
    endloop
  endfacet
  facet normal 0 0 1
    outer loop
      vertex 47.0785 22.2196 6
      vertex 73.9615 22.2196 6
      vertex 74.2971 22.9 6
    endloop
  endfacet
  facet normal 0 0 1
    outer loop
      vertex 46.7429 22.9 6
      vertex 74.2971 22.9 6
      vertex 74.7186 23.5308 6
    endloop
  endfacet
  facet normal 0 0 1
    outer loop
      vertex 46.3214 23.5308 6
      vertex 74.7186 23.5308 6
      vertex 75.2188 24.1012 6
    endloop
  endfacet
  facet normal 0 0 1
    outer loop
      vertex 45.8212 24.1012 6
      vertex 75.2188 24.1012 6
      vertex 75.7892 24.6014 6
    endloop
  endfacet
  facet normal 0 0 1
    outer loop
      vertex 45.2508 24.6014 6
      vertex 75.7892 24.6014 6
      vertex 76.42 25.0229 6
    endloop
  endfacet
  facet normal 0 -0 1
    outer loop
      vertex 43.9396 25.3585 6
      vertex 77.1004 25.3585 6
      vertex 43.2211 25.6024 6
    endloop
  endfacet
  facet normal 0 0 1
    outer loop
      vertex 73.5696 20.7571 6
      vertex 47.4704 20.7571 6
      vertex 47.52 20 6
    endloop
  endfacet
  facet normal 0 0 1
    outer loop
      vertex 73.7176 21.5012 6
      vertex 47.3224 21.5012 6
      vertex 47.4704 20.7571 6
    endloop
  endfacet
  facet normal 0 0 1
    outer loop
      vertex 73.9615 22.2196 6
      vertex 47.0785 22.2196 6
      vertex 47.3224 21.5012 6
    endloop
  endfacet
  facet normal 0 0 1
    outer loop
      vertex 74.2971 22.9 6
      vertex 46.7429 22.9 6
      vertex 47.0785 22.2196 6
    endloop
  endfacet
  facet normal 0 0 1
    outer loop
      vertex 74.7186 23.5308 6
      vertex 46.3214 23.5308 6
      vertex 46.7429 22.9 6
    endloop
  endfacet
  facet normal 0 0 1
    outer loop
      vertex 75.2188 24.1012 6
      vertex 45.8212 24.1012 6
      vertex 46.3214 23.5308 6
    endloop
  endfacet
  facet normal 0 0 1
    outer loop
      vertex 75.7892 24.6014 6
      vertex 45.2508 24.6014 6
      vertex 45.8212 24.1012 6
    endloop
  endfacet
  facet normal 0 0 1
    outer loop
      vertex 76.42 25.0229 6
      vertex 44.62 25.0229 6
      vertex 45.2508 24.6014 6
    endloop
  endfacet
  facet normal 0 0 1
    outer loop
      vertex 76.42 25.0229 6
      vertex 43.9396 25.3585 6
      vertex 44.62 25.0229 6
    endloop
  endfacet
  facet normal 0 0 1
    outer loop
      vertex 77.1004 25.3585 6
      vertex 43.9396 25.3585 6
      vertex 76.42 25.0229 6
    endloop
  endfacet
  facet normal 0 0 1
    outer loop
      vertex 98 36 6
      vertex 42.4771 25.7504 6
      vertex 43.2211 25.6024 6
    endloop
  endfacet
  facet normal -0 0 1
    outer loop
      vertex 10 36 6
      vertex 42.4771 25.7504 6
      vertex 98 36 6
    endloop
  endfacet
  facet normal 0 0 1
    outer loop
      vertex 42.4771 25.7504 6
      vertex 10 36 6
      vertex 41.72 25.8 6
    endloop
  endfacet
  facet normal 0 0 1
    outer loop
      vertex 35.9696 20.7571 6
      vertex 10 36 6
      vertex 35.92 20 6
    endloop
  endfacet
  facet normal 0 0 1
    outer loop
      vertex 36.1176 21.5012 6
      vertex 10 36 6
      vertex 35.9696 20.7571 6
    endloop
  endfacet
  facet normal 0 0 1
    outer loop
      vertex 36.3615 22.2196 6
      vertex 10 36 6
      vertex 36.1176 21.5012 6
    endloop
  endfacet
  facet normal 0 0 1
    outer loop
      vertex 36.6971 22.9 6
      vertex 10 36 6
      vertex 36.3615 22.2196 6
    endloop
  endfacet
  facet normal 0 0 1
    outer loop
      vertex 37.1185 23.5308 6
      vertex 10 36 6
      vertex 36.6971 22.9 6
    endloop
  endfacet
  facet normal 0 0 1
    outer loop
      vertex 37.6188 24.1012 6
      vertex 10 36 6
      vertex 37.1185 23.5308 6
    endloop
  endfacet
  facet normal 0 0 1
    outer loop
      vertex 38.1892 24.6014 6
      vertex 10 36 6
      vertex 37.6188 24.1012 6
    endloop
  endfacet
  facet normal 0 0 1
    outer loop
      vertex 38.82 25.0229 6
      vertex 10 36 6
      vertex 38.1892 24.6014 6
    endloop
  endfacet
  facet normal 0 0 1
    outer loop
      vertex 39.5004 25.3585 6
      vertex 10 36 6
      vertex 38.82 25.0229 6
    endloop
  endfacet
  facet normal 0 0 1
    outer loop
      vertex 40.2188 25.6024 6
      vertex 10 36 6
      vertex 39.5004 25.3585 6
    endloop
  endfacet
  facet normal 0 0 1
    outer loop
      vertex 40.9629 25.7504 6
      vertex 10 36 6
      vertex 40.2188 25.6024 6
    endloop
  endfacet
  facet normal 0 0 1
    outer loop
      vertex 41.72 25.8 6
      vertex 10 36 6
      vertex 40.9629 25.7504 6
    endloop
  endfacet
  facet normal 0 0 1
    outer loop
      vertex 98 36 6
      vertex 100 40 6
      vertex 98 40 6
    endloop
  endfacet
  facet normal 0 0 1
    outer loop
      vertex 100 40 6
      vertex 98 36 6
      vertex 100 0 6
    endloop
  endfacet
  facet normal -0 0 1
    outer loop
      vertex 98 4 6
      vertex 100 0 6
      vertex 98 36 6
    endloop
  endfacet
  facet normal 0 0 1
    outer loop
      vertex 100 0 6
      vertex 98 4 6
      vertex 98 0 6
    endloop
  endfacet
  facet normal -0 0 1
    outer loop
      vertex 85.0704 19.2429 6
      vertex 98 4 6
      vertex 85.12 20 6
    endloop
  endfacet
  facet normal -0 0 1
    outer loop
      vertex 84.9224 18.4988 6
      vertex 98 4 6
      vertex 85.0704 19.2429 6
    endloop
  endfacet
  facet normal -0 0 1
    outer loop
      vertex 84.6785 17.7804 6
      vertex 98 4 6
      vertex 84.9224 18.4988 6
    endloop
  endfacet
  facet normal -0 0 1
    outer loop
      vertex 84.3429 17.1 6
      vertex 98 4 6
      vertex 84.6785 17.7804 6
    endloop
  endfacet
  facet normal -0 0 1
    outer loop
      vertex 83.9214 16.4692 6
      vertex 98 4 6
      vertex 84.3429 17.1 6
    endloop
  endfacet
  facet normal -0 0 1
    outer loop
      vertex 83.4212 15.8988 6
      vertex 98 4 6
      vertex 83.9214 16.4692 6
    endloop
  endfacet
  facet normal -0 0 1
    outer loop
      vertex 82.8508 15.3986 6
      vertex 98 4 6
      vertex 83.4212 15.8988 6
    endloop
  endfacet
  facet normal -0 0 1
    outer loop
      vertex 82.22 14.9771 6
      vertex 98 4 6
      vertex 82.8508 15.3986 6
    endloop
  endfacet
  facet normal -0 0 1
    outer loop
      vertex 81.5396 14.6415 6
      vertex 98 4 6
      vertex 82.22 14.9771 6
    endloop
  endfacet
  facet normal -0 0 1
    outer loop
      vertex 80.8212 14.3976 6
      vertex 98 4 6
      vertex 81.5396 14.6415 6
    endloop
  endfacet
  facet normal -0 0 1
    outer loop
      vertex 80.077 14.2496 6
      vertex 98 4 6
      vertex 80.8212 14.3976 6
    endloop
  endfacet
  facet normal -0 0 1
    outer loop
      vertex 79.32 14.2 6
      vertex 98 4 6
      vertex 80.077 14.2496 6
    endloop
  endfacet
  facet normal 0 0 1
    outer loop
      vertex 78.563 14.2496 6
      vertex 98 4 6
      vertex 79.32 14.2 6
    endloop
  endfacet
  facet normal 0 0 1
    outer loop
      vertex 77.8188 14.3976 6
      vertex 98 4 6
      vertex 78.563 14.2496 6
    endloop
  endfacet
  facet normal 0 0 1
    outer loop
      vertex 43.2211 14.3976 6
      vertex 77.8188 14.3976 6
      vertex 77.1004 14.6415 6
    endloop
  endfacet
  facet normal 0 0 1
    outer loop
      vertex 43.9396 14.6415 6
      vertex 77.1004 14.6415 6
      vertex 76.42 14.9771 6
    endloop
  endfacet
  facet normal -0 0 1
    outer loop
      vertex 47.52 20 6
      vertex 73.5696 19.2429 6
      vertex 73.52 20 6
    endloop
  endfacet
  facet normal 0 0 1
    outer loop
      vertex 47.4704 19.2429 6
      vertex 73.5696 19.2429 6
      vertex 47.52 20 6
    endloop
  endfacet
  facet normal 0 0 1
    outer loop
      vertex 73.5696 19.2429 6
      vertex 47.4704 19.2429 6
      vertex 73.7176 18.4988 6
    endloop
  endfacet
  facet normal 0 0 1
    outer loop
      vertex 47.3224 18.4988 6
      vertex 73.7176 18.4988 6
      vertex 47.4704 19.2429 6
    endloop
  endfacet
  facet normal 0 0 1
    outer loop
      vertex 73.7176 18.4988 6
      vertex 47.3224 18.4988 6
      vertex 73.9615 17.7804 6
    endloop
  endfacet
  facet normal 0 0 1
    outer loop
      vertex 47.0785 17.7804 6
      vertex 73.9615 17.7804 6
      vertex 47.3224 18.4988 6
    endloop
  endfacet
  facet normal 0 0 1
    outer loop
      vertex 73.9615 17.7804 6
      vertex 47.0785 17.7804 6
      vertex 74.2971 17.1 6
    endloop
  endfacet
  facet normal 0 0 1
    outer loop
      vertex 46.7429 17.1 6
      vertex 74.2971 17.1 6
      vertex 47.0785 17.7804 6
    endloop
  endfacet
  facet normal 0 0 1
    outer loop
      vertex 74.2971 17.1 6
      vertex 46.7429 17.1 6
      vertex 74.7186 16.4692 6
    endloop
  endfacet
  facet normal 0 0 1
    outer loop
      vertex 46.3214 16.4692 6
      vertex 74.7186 16.4692 6
      vertex 46.7429 17.1 6
    endloop
  endfacet
  facet normal 0 0 1
    outer loop
      vertex 74.7186 16.4692 6
      vertex 46.3214 16.4692 6
      vertex 75.2188 15.8988 6
    endloop
  endfacet
  facet normal 0 0 1
    outer loop
      vertex 45.8212 15.8988 6
      vertex 75.2188 15.8988 6
      vertex 46.3214 16.4692 6
    endloop
  endfacet
  facet normal 0 0 1
    outer loop
      vertex 75.2188 15.8988 6
      vertex 45.8212 15.8988 6
      vertex 75.7892 15.3986 6
    endloop
  endfacet
  facet normal 0 0 1
    outer loop
      vertex 45.2508 15.3986 6
      vertex 75.7892 15.3986 6
      vertex 45.8212 15.8988 6
    endloop
  endfacet
  facet normal 0 0 1
    outer loop
      vertex 75.7892 15.3986 6
      vertex 45.2508 15.3986 6
      vertex 76.42 14.9771 6
    endloop
  endfacet
  facet normal 0 0 1
    outer loop
      vertex 44.62 14.9771 6
      vertex 76.42 14.9771 6
      vertex 45.2508 15.3986 6
    endloop
  endfacet
  facet normal 0 0 1
    outer loop
      vertex 43.9396 14.6415 6
      vertex 76.42 14.9771 6
      vertex 44.62 14.9771 6
    endloop
  endfacet
  facet normal 0 0 1
    outer loop
      vertex 77.1004 14.6415 6
      vertex 43.9396 14.6415 6
      vertex 43.2211 14.3976 6
    endloop
  endfacet
  facet normal 0 0 1
    outer loop
      vertex 77.8188 14.3976 6
      vertex 43.2211 14.3976 6
      vertex 98 4 6
    endloop
  endfacet
  facet normal -0 0 1
    outer loop
      vertex 42.4771 14.2496 6
      vertex 98 4 6
      vertex 43.2211 14.3976 6
    endloop
  endfacet
  facet normal 0 0 1
    outer loop
      vertex 10 4 6
      vertex 42.4771 14.2496 6
      vertex 41.72 14.2 6
    endloop
  endfacet
  facet normal 0 0 1
    outer loop
      vertex 10 4 6
      vertex 41.72 14.2 6
      vertex 40.9629 14.2496 6
    endloop
  endfacet
  facet normal 0 0 1
    outer loop
      vertex 10 4 6
      vertex 35.92 20 6
      vertex 10 36 6
    endloop
  endfacet
  facet normal 0 0 1
    outer loop
      vertex 35.92 20 6
      vertex 10 4 6
      vertex 35.9696 19.2429 6
    endloop
  endfacet
  facet normal 0 0 1
    outer loop
      vertex 35.9696 19.2429 6
      vertex 10 4 6
      vertex 36.1176 18.4988 6
    endloop
  endfacet
  facet normal 0 0 1
    outer loop
      vertex 36.1176 18.4988 6
      vertex 10 4 6
      vertex 36.3615 17.7804 6
    endloop
  endfacet
  facet normal 0 0 1
    outer loop
      vertex 36.3615 17.7804 6
      vertex 10 4 6
      vertex 36.6971 17.1 6
    endloop
  endfacet
  facet normal 0 0 1
    outer loop
      vertex 36.6971 17.1 6
      vertex 10 4 6
      vertex 37.1185 16.4692 6
    endloop
  endfacet
  facet normal 0 0 1
    outer loop
      vertex 37.1185 16.4692 6
      vertex 10 4 6
      vertex 37.6188 15.8988 6
    endloop
  endfacet
  facet normal 0 0 1
    outer loop
      vertex 42.4771 14.2496 6
      vertex 10 4 6
      vertex 98 4 6
    endloop
  endfacet
  facet normal 0 0 1
    outer loop
      vertex 40.2188 14.3976 6
      vertex 10 4 6
      vertex 40.9629 14.2496 6
    endloop
  endfacet
  facet normal 0 0 1
    outer loop
      vertex 39.5004 14.6415 6
      vertex 10 4 6
      vertex 40.2188 14.3976 6
    endloop
  endfacet
  facet normal 0 0 1
    outer loop
      vertex 38.82 14.9771 6
      vertex 10 4 6
      vertex 39.5004 14.6415 6
    endloop
  endfacet
  facet normal 0 0 1
    outer loop
      vertex 38.1892 15.3986 6
      vertex 10 4 6
      vertex 38.82 14.9771 6
    endloop
  endfacet
  facet normal 0 0 1
    outer loop
      vertex 37.6188 15.8988 6
      vertex 10 4 6
      vertex 38.1892 15.3986 6
    endloop
  endfacet
  facet normal -0 0 1
    outer loop
      vertex 47.4606 20.7546 6
      vertex 47.52 20 6
      vertex 47.4704 20.7571 6
    endloop
  endfacet
  facet normal 0 0 1
    outer loop
      vertex 47.52 20 6
      vertex 47.4606 20.7546 6
      vertex 47.51 20 6
    endloop
  endfacet
  facet normal 0 0 1
    outer loop
      vertex 47.4704 20.7571 6
      vertex 47.4605 20.7558 6
      vertex 47.4606 20.7546 6
    endloop
  endfacet
  facet normal 0 0 1
    outer loop
      vertex 47.4704 20.7571 6
      vertex 47.4603 20.7569 6
      vertex 47.4605 20.7558 6
    endloop
  endfacet
  facet normal 0 0 1
    outer loop
      vertex 47.3224 21.5012 6
      vertex 47.4603 20.7569 6
      vertex 47.4704 20.7571 6
    endloop
  endfacet
  facet normal 0 0 1
    outer loop
      vertex 47.3224 21.5012 6
      vertex 47.3127 21.4986 6
      vertex 47.4603 20.7569 6
    endloop
  endfacet
  facet normal 0 0 1
    outer loop
      vertex 47.3224 21.5012 6
      vertex 47.3124 21.4997 6
      vertex 47.3127 21.4986 6
    endloop
  endfacet
  facet normal 0 0 1
    outer loop
      vertex 47.0785 22.2196 6
      vertex 47.3124 21.4997 6
      vertex 47.3224 21.5012 6
    endloop
  endfacet
  facet normal 0 0 1
    outer loop
      vertex 47.0785 22.2196 6
      vertex 47.0693 22.2157 6
      vertex 47.3124 21.4997 6
    endloop
  endfacet
  facet normal -0 0 1
    outer loop
      vertex 46.7348 22.894 6
      vertex 47.0785 22.2196 6
      vertex 46.7429 22.9 6
    endloop
  endfacet
  facet normal 0 0 1
    outer loop
      vertex 47.0785 22.2196 6
      vertex 46.7348 22.894 6
      vertex 47.0693 22.2157 6
    endloop
  endfacet
  facet normal 0 0 1
    outer loop
      vertex 46.7429 22.9 6
      vertex 46.7343 22.895 6
      vertex 46.7348 22.894 6
    endloop
  endfacet
  facet normal -0 0 1
    outer loop
      vertex 46.3142 23.5238 6
      vertex 46.7429 22.9 6
      vertex 46.3214 23.5308 6
    endloop
  endfacet
  facet normal 0 0 1
    outer loop
      vertex 46.7429 22.9 6
      vertex 46.3142 23.5238 6
      vertex 46.7343 22.895 6
    endloop
  endfacet
  facet normal 0 0 1
    outer loop
      vertex 46.3214 23.5308 6
      vertex 46.3135 23.5247 6
      vertex 46.3142 23.5238 6
    endloop
  endfacet
  facet normal -0 0 1
    outer loop
      vertex 45.8149 24.0933 6
      vertex 46.3214 23.5308 6
      vertex 45.8212 24.1012 6
    endloop
  endfacet
  facet normal 0 0 1
    outer loop
      vertex 46.3214 23.5308 6
      vertex 45.8149 24.0933 6
      vertex 46.3135 23.5247 6
    endloop
  endfacet
  facet normal 0 0 1
    outer loop
      vertex 45.8212 24.1012 6
      vertex 45.8142 24.0942 6
      vertex 45.8149 24.0933 6
    endloop
  endfacet
  facet normal 0 0 1
    outer loop
      vertex 45.8212 24.1012 6
      vertex 45.8133 24.0949 6
      vertex 45.8142 24.0942 6
    endloop
  endfacet
  facet normal 0 0 1
    outer loop
      vertex 45.2508 24.6014 6
      vertex 45.8133 24.0949 6
      vertex 45.8212 24.1012 6
    endloop
  endfacet
  facet normal 0 0 1
    outer loop
      vertex 45.2508 24.6014 6
      vertex 45.2447 24.5935 6
      vertex 45.8133 24.0949 6
    endloop
  endfacet
  facet normal 0 0 1
    outer loop
      vertex 45.2508 24.6014 6
      vertex 45.2438 24.5942 6
      vertex 45.2447 24.5935 6
    endloop
  endfacet
  facet normal 0 0 1
    outer loop
      vertex 44.62 25.0229 6
      vertex 45.2438 24.5942 6
      vertex 45.2508 24.6014 6
    endloop
  endfacet
  facet normal 0 0 1
    outer loop
      vertex 44.62 25.0229 6
      vertex 44.615 25.0143 6
      vertex 45.2438 24.5942 6
    endloop
  endfacet
  facet normal 0 0 1
    outer loop
      vertex 44.62 25.0229 6
      vertex 44.614 25.0148 6
      vertex 44.615 25.0143 6
    endloop
  endfacet
  facet normal 0 0 1
    outer loop
      vertex 43.9396 25.3585 6
      vertex 44.614 25.0148 6
      vertex 44.62 25.0229 6
    endloop
  endfacet
  facet normal 0 0 1
    outer loop
      vertex 43.9396 25.3585 6
      vertex 43.9357 25.3493 6
      vertex 44.614 25.0148 6
    endloop
  endfacet
  facet normal -0 0 1
    outer loop
      vertex 43.2197 25.5924 6
      vertex 43.9396 25.3585 6
      vertex 43.2211 25.6024 6
    endloop
  endfacet
  facet normal 0 0 1
    outer loop
      vertex 43.9396 25.3585 6
      vertex 43.2197 25.5924 6
      vertex 43.9357 25.3493 6
    endloop
  endfacet
  facet normal 0 0 1
    outer loop
      vertex 43.2211 25.6024 6
      vertex 43.2186 25.5927 6
      vertex 43.2197 25.5924 6
    endloop
  endfacet
  facet normal -0 0 1
    outer loop
      vertex 42.4769 25.7403 6
      vertex 43.2211 25.6024 6
      vertex 42.4771 25.7504 6
    endloop
  endfacet
  facet normal 0 0 1
    outer loop
      vertex 43.2211 25.6024 6
      vertex 42.4769 25.7403 6
      vertex 43.2186 25.5927 6
    endloop
  endfacet
  facet normal 0 0 1
    outer loop
      vertex 42.4771 25.7504 6
      vertex 42.4757 25.7405 6
      vertex 42.4769 25.7403 6
    endloop
  endfacet
  facet normal 0 0 1
    outer loop
      vertex 42.4771 25.7504 6
      vertex 42.4746 25.7406 6
      vertex 42.4757 25.7405 6
    endloop
  endfacet
  facet normal 0 0 1
    outer loop
      vertex 41.72 25.8 6
      vertex 42.4746 25.7406 6
      vertex 42.4771 25.7504 6
    endloop
  endfacet
  facet normal 0 0 1
    outer loop
      vertex 41.72 25.8 6
      vertex 41.72 25.79 6
      vertex 42.4746 25.7406 6
    endloop
  endfacet
  facet normal 0 0 1
    outer loop
      vertex 41.72 25.8 6
      vertex 40.9654 25.7406 6
      vertex 41.72 25.79 6
    endloop
  endfacet
  facet normal -0 0 1
    outer loop
      vertex 40.9629 25.7504 6
      vertex 40.9654 25.7406 6
      vertex 41.72 25.8 6
    endloop
  endfacet
  facet normal 0 0 1
    outer loop
      vertex 40.9654 25.7406 6
      vertex 40.9629 25.7504 6
      vertex 40.9642 25.7405 6
    endloop
  endfacet
  facet normal 0 0 1
    outer loop
      vertex 40.9629 25.7504 6
      vertex 40.9631 25.7403 6
      vertex 40.9642 25.7405 6
    endloop
  endfacet
  facet normal 0 0 1
    outer loop
      vertex 40.2188 25.6024 6
      vertex 40.9631 25.7403 6
      vertex 40.9629 25.7504 6
    endloop
  endfacet
  facet normal 0 0 1
    outer loop
      vertex 40.9631 25.7403 6
      vertex 40.2188 25.6024 6
      vertex 40.2214 25.5927 6
    endloop
  endfacet
  facet normal 0 0 1
    outer loop
      vertex 40.2188 25.6024 6
      vertex 40.2203 25.5924 6
      vertex 40.2214 25.5927 6
    endloop
  endfacet
  facet normal 0 0 1
    outer loop
      vertex 39.5004 25.3585 6
      vertex 40.2203 25.5924 6
      vertex 40.2188 25.6024 6
    endloop
  endfacet
  facet normal 0 0 1
    outer loop
      vertex 40.2203 25.5924 6
      vertex 39.5004 25.3585 6
      vertex 39.5042 25.3493 6
    endloop
  endfacet
  facet normal 0 0 1
    outer loop
      vertex 39.5004 25.3585 6
      vertex 38.826 25.0148 6
      vertex 39.5042 25.3493 6
    endloop
  endfacet
  facet normal -0 0 1
    outer loop
      vertex 38.82 25.0229 6
      vertex 38.826 25.0148 6
      vertex 39.5004 25.3585 6
    endloop
  endfacet
  facet normal 0 0 1
    outer loop
      vertex 38.826 25.0148 6
      vertex 38.82 25.0229 6
      vertex 38.825 25.0143 6
    endloop
  endfacet
  facet normal 0 0 1
    outer loop
      vertex 38.82 25.0229 6
      vertex 38.1962 24.5942 6
      vertex 38.825 25.0143 6
    endloop
  endfacet
  facet normal -0 0 1
    outer loop
      vertex 38.1892 24.6014 6
      vertex 38.1962 24.5942 6
      vertex 38.82 25.0229 6
    endloop
  endfacet
  facet normal 0 0 1
    outer loop
      vertex 38.1962 24.5942 6
      vertex 38.1892 24.6014 6
      vertex 38.1953 24.5935 6
    endloop
  endfacet
  facet normal 0 0 1
    outer loop
      vertex 38.1892 24.6014 6
      vertex 37.6267 24.0949 6
      vertex 38.1953 24.5935 6
    endloop
  endfacet
  facet normal -0 0 1
    outer loop
      vertex 37.6188 24.1012 6
      vertex 37.6267 24.0949 6
      vertex 38.1892 24.6014 6
    endloop
  endfacet
  facet normal 0 0 1
    outer loop
      vertex 37.6267 24.0949 6
      vertex 37.6188 24.1012 6
      vertex 37.6258 24.0942 6
    endloop
  endfacet
  facet normal 0 0 1
    outer loop
      vertex 37.6188 24.1012 6
      vertex 37.6251 24.0933 6
      vertex 37.6258 24.0942 6
    endloop
  endfacet
  facet normal 0 0 1
    outer loop
      vertex 37.1185 23.5308 6
      vertex 37.6251 24.0933 6
      vertex 37.6188 24.1012 6
    endloop
  endfacet
  facet normal 0 0 1
    outer loop
      vertex 37.6251 24.0933 6
      vertex 37.1185 23.5308 6
      vertex 37.1265 23.5247 6
    endloop
  endfacet
  facet normal 0 0 1
    outer loop
      vertex 37.1185 23.5308 6
      vertex 37.1258 23.5238 6
      vertex 37.1265 23.5247 6
    endloop
  endfacet
  facet normal 0 0 1
    outer loop
      vertex 36.6971 22.9 6
      vertex 37.1258 23.5238 6
      vertex 37.1185 23.5308 6
    endloop
  endfacet
  facet normal 0 0 1
    outer loop
      vertex 37.1258 23.5238 6
      vertex 36.6971 22.9 6
      vertex 36.7057 22.895 6
    endloop
  endfacet
  facet normal 0 0 1
    outer loop
      vertex 36.6971 22.9 6
      vertex 36.7052 22.894 6
      vertex 36.7057 22.895 6
    endloop
  endfacet
  facet normal 0 0 1
    outer loop
      vertex 36.3615 22.2196 6
      vertex 36.7052 22.894 6
      vertex 36.6971 22.9 6
    endloop
  endfacet
  facet normal 0 0 1
    outer loop
      vertex 36.7052 22.894 6
      vertex 36.3615 22.2196 6
      vertex 36.3707 22.2157 6
    endloop
  endfacet
  facet normal 0 0 1
    outer loop
      vertex 36.3615 22.2196 6
      vertex 36.1276 21.4997 6
      vertex 36.3707 22.2157 6
    endloop
  endfacet
  facet normal -0 0 1
    outer loop
      vertex 36.1176 21.5012 6
      vertex 36.1276 21.4997 6
      vertex 36.3615 22.2196 6
    endloop
  endfacet
  facet normal 0 0 1
    outer loop
      vertex 36.1276 21.4997 6
      vertex 36.1176 21.5012 6
      vertex 36.1273 21.4986 6
    endloop
  endfacet
  facet normal 0 0 1
    outer loop
      vertex 36.1176 21.5012 6
      vertex 35.9797 20.7569 6
      vertex 36.1273 21.4986 6
    endloop
  endfacet
  facet normal -0 0 1
    outer loop
      vertex 35.9696 20.7571 6
      vertex 35.9797 20.7569 6
      vertex 36.1176 21.5012 6
    endloop
  endfacet
  facet normal 0 0 1
    outer loop
      vertex 35.9797 20.7569 6
      vertex 35.9696 20.7571 6
      vertex 35.9795 20.7558 6
    endloop
  endfacet
  facet normal 0 0 1
    outer loop
      vertex 35.9696 20.7571 6
      vertex 35.9794 20.7546 6
      vertex 35.9795 20.7558 6
    endloop
  endfacet
  facet normal 0 0 1
    outer loop
      vertex 35.92 20 6
      vertex 35.9794 20.7546 6
      vertex 35.9696 20.7571 6
    endloop
  endfacet
  facet normal 0 0 1
    outer loop
      vertex 35.9794 20.7546 6
      vertex 35.92 20 6
      vertex 35.93 20 6
    endloop
  endfacet
  facet normal 0 0 1
    outer loop
      vertex 47.4606 19.2454 6
      vertex 47.52 20 6
      vertex 47.51 20 6
    endloop
  endfacet
  facet normal 0 0 1
    outer loop
      vertex 47.52 20 6
      vertex 47.4606 19.2454 6
      vertex 47.4704 19.2429 6
    endloop
  endfacet
  facet normal -0 0 1
    outer loop
      vertex 47.4605 19.2442 6
      vertex 47.4704 19.2429 6
      vertex 47.4606 19.2454 6
    endloop
  endfacet
  facet normal -0 0 1
    outer loop
      vertex 47.4603 19.2431 6
      vertex 47.4704 19.2429 6
      vertex 47.4605 19.2442 6
    endloop
  endfacet
  facet normal 0 0 1
    outer loop
      vertex 47.4603 19.2431 6
      vertex 47.3224 18.4988 6
      vertex 47.4704 19.2429 6
    endloop
  endfacet
  facet normal -0 0 1
    outer loop
      vertex 47.3127 18.5014 6
      vertex 47.3224 18.4988 6
      vertex 47.4603 19.2431 6
    endloop
  endfacet
  facet normal -0 0 1
    outer loop
      vertex 47.3124 18.5003 6
      vertex 47.3224 18.4988 6
      vertex 47.3127 18.5014 6
    endloop
  endfacet
  facet normal 0 0 1
    outer loop
      vertex 47.3124 18.5003 6
      vertex 47.0785 17.7804 6
      vertex 47.3224 18.4988 6
    endloop
  endfacet
  facet normal -0 0 1
    outer loop
      vertex 47.0693 17.7843 6
      vertex 47.0785 17.7804 6
      vertex 47.3124 18.5003 6
    endloop
  endfacet
  facet normal 0 0 1
    outer loop
      vertex 46.7348 17.106 6
      vertex 47.0785 17.7804 6
      vertex 47.0693 17.7843 6
    endloop
  endfacet
  facet normal 0 0 1
    outer loop
      vertex 47.0785 17.7804 6
      vertex 46.7348 17.106 6
      vertex 46.7429 17.1 6
    endloop
  endfacet
  facet normal -0 0 1
    outer loop
      vertex 46.7343 17.105 6
      vertex 46.7429 17.1 6
      vertex 46.7348 17.106 6
    endloop
  endfacet
  facet normal 0 0 1
    outer loop
      vertex 46.3142 16.4762 6
      vertex 46.7429 17.1 6
      vertex 46.7343 17.105 6
    endloop
  endfacet
  facet normal 0 0 1
    outer loop
      vertex 46.7429 17.1 6
      vertex 46.3142 16.4762 6
      vertex 46.3214 16.4692 6
    endloop
  endfacet
  facet normal -0 0 1
    outer loop
      vertex 46.3135 16.4753 6
      vertex 46.3214 16.4692 6
      vertex 46.3142 16.4762 6
    endloop
  endfacet
  facet normal 0 0 1
    outer loop
      vertex 45.8149 15.9067 6
      vertex 46.3214 16.4692 6
      vertex 46.3135 16.4753 6
    endloop
  endfacet
  facet normal 0 0 1
    outer loop
      vertex 46.3214 16.4692 6
      vertex 45.8149 15.9067 6
      vertex 45.8212 15.8988 6
    endloop
  endfacet
  facet normal -0 0 1
    outer loop
      vertex 45.8142 15.9058 6
      vertex 45.8212 15.8988 6
      vertex 45.8149 15.9067 6
    endloop
  endfacet
  facet normal -0 0 1
    outer loop
      vertex 45.8133 15.9051 6
      vertex 45.8212 15.8988 6
      vertex 45.8142 15.9058 6
    endloop
  endfacet
  facet normal 0 0 1
    outer loop
      vertex 45.8133 15.9051 6
      vertex 45.2508 15.3986 6
      vertex 45.8212 15.8988 6
    endloop
  endfacet
  facet normal -0 0 1
    outer loop
      vertex 45.2447 15.4065 6
      vertex 45.2508 15.3986 6
      vertex 45.8133 15.9051 6
    endloop
  endfacet
  facet normal -0 0 1
    outer loop
      vertex 45.2438 15.4058 6
      vertex 45.2508 15.3986 6
      vertex 45.2447 15.4065 6
    endloop
  endfacet
  facet normal 0 0 1
    outer loop
      vertex 45.2438 15.4058 6
      vertex 44.62 14.9771 6
      vertex 45.2508 15.3986 6
    endloop
  endfacet
  facet normal -0 0 1
    outer loop
      vertex 44.615 14.9857 6
      vertex 44.62 14.9771 6
      vertex 45.2438 15.4058 6
    endloop
  endfacet
  facet normal -0 0 1
    outer loop
      vertex 44.614 14.9852 6
      vertex 44.62 14.9771 6
      vertex 44.615 14.9857 6
    endloop
  endfacet
  facet normal 0 0 1
    outer loop
      vertex 44.614 14.9852 6
      vertex 43.9396 14.6415 6
      vertex 44.62 14.9771 6
    endloop
  endfacet
  facet normal -0 0 1
    outer loop
      vertex 43.9357 14.6507 6
      vertex 43.9396 14.6415 6
      vertex 44.614 14.9852 6
    endloop
  endfacet
  facet normal 0 0 1
    outer loop
      vertex 43.2197 14.4076 6
      vertex 43.9396 14.6415 6
      vertex 43.9357 14.6507 6
    endloop
  endfacet
  facet normal 0 0 1
    outer loop
      vertex 43.9396 14.6415 6
      vertex 43.2197 14.4076 6
      vertex 43.2211 14.3976 6
    endloop
  endfacet
  facet normal -0 0 1
    outer loop
      vertex 43.2186 14.4073 6
      vertex 43.2211 14.3976 6
      vertex 43.2197 14.4076 6
    endloop
  endfacet
  facet normal 0 0 1
    outer loop
      vertex 42.4769 14.2597 6
      vertex 43.2211 14.3976 6
      vertex 43.2186 14.4073 6
    endloop
  endfacet
  facet normal 0 0 1
    outer loop
      vertex 43.2211 14.3976 6
      vertex 42.4769 14.2597 6
      vertex 42.4771 14.2496 6
    endloop
  endfacet
  facet normal -0 0 1
    outer loop
      vertex 42.4757 14.2595 6
      vertex 42.4771 14.2496 6
      vertex 42.4769 14.2597 6
    endloop
  endfacet
  facet normal -0 0 1
    outer loop
      vertex 42.4746 14.2594 6
      vertex 42.4771 14.2496 6
      vertex 42.4757 14.2595 6
    endloop
  endfacet
  facet normal 0 0 1
    outer loop
      vertex 41.72 14.2 6
      vertex 42.4746 14.2594 6
      vertex 41.72 14.21 6
    endloop
  endfacet
  facet normal 0 0 1
    outer loop
      vertex 42.4746 14.2594 6
      vertex 41.72 14.2 6
      vertex 42.4771 14.2496 6
    endloop
  endfacet
  facet normal 0 0 1
    outer loop
      vertex 40.9654 14.2594 6
      vertex 41.72 14.2 6
      vertex 41.72 14.21 6
    endloop
  endfacet
  facet normal 0 0 1
    outer loop
      vertex 40.9629 14.2496 6
      vertex 40.9654 14.2594 6
      vertex 40.9642 14.2595 6
    endloop
  endfacet
  facet normal 0 0 1
    outer loop
      vertex 40.9654 14.2594 6
      vertex 40.9629 14.2496 6
      vertex 41.72 14.2 6
    endloop
  endfacet
  facet normal 0 0 1
    outer loop
      vertex 40.9631 14.2597 6
      vertex 40.9629 14.2496 6
      vertex 40.9642 14.2595 6
    endloop
  endfacet
  facet normal -0 0 1
    outer loop
      vertex 40.2188 14.3976 6
      vertex 40.9631 14.2597 6
      vertex 40.2214 14.4073 6
    endloop
  endfacet
  facet normal 0 0 1
    outer loop
      vertex 40.9631 14.2597 6
      vertex 40.2188 14.3976 6
      vertex 40.9629 14.2496 6
    endloop
  endfacet
  facet normal 0 0 1
    outer loop
      vertex 40.2203 14.4076 6
      vertex 40.2188 14.3976 6
      vertex 40.2214 14.4073 6
    endloop
  endfacet
  facet normal -0 0 1
    outer loop
      vertex 39.5004 14.6415 6
      vertex 40.2203 14.4076 6
      vertex 39.5042 14.6507 6
    endloop
  endfacet
  facet normal 0 0 1
    outer loop
      vertex 40.2203 14.4076 6
      vertex 39.5004 14.6415 6
      vertex 40.2188 14.3976 6
    endloop
  endfacet
  facet normal 0 0 1
    outer loop
      vertex 38.826 14.9852 6
      vertex 39.5004 14.6415 6
      vertex 39.5042 14.6507 6
    endloop
  endfacet
  facet normal 0 0 1
    outer loop
      vertex 38.82 14.9771 6
      vertex 38.826 14.9852 6
      vertex 38.825 14.9857 6
    endloop
  endfacet
  facet normal 0 0 1
    outer loop
      vertex 38.826 14.9852 6
      vertex 38.82 14.9771 6
      vertex 39.5004 14.6415 6
    endloop
  endfacet
  facet normal 0 0 1
    outer loop
      vertex 38.1962 15.4058 6
      vertex 38.82 14.9771 6
      vertex 38.825 14.9857 6
    endloop
  endfacet
  facet normal 0 0 1
    outer loop
      vertex 38.1892 15.3986 6
      vertex 38.1962 15.4058 6
      vertex 38.1953 15.4065 6
    endloop
  endfacet
  facet normal 0 0 1
    outer loop
      vertex 38.1962 15.4058 6
      vertex 38.1892 15.3986 6
      vertex 38.82 14.9771 6
    endloop
  endfacet
  facet normal 0 0 1
    outer loop
      vertex 37.6267 15.9051 6
      vertex 38.1892 15.3986 6
      vertex 38.1953 15.4065 6
    endloop
  endfacet
  facet normal 0 0 1
    outer loop
      vertex 37.6188 15.8988 6
      vertex 37.6267 15.9051 6
      vertex 37.6258 15.9058 6
    endloop
  endfacet
  facet normal 0 0 1
    outer loop
      vertex 37.6267 15.9051 6
      vertex 37.6188 15.8988 6
      vertex 38.1892 15.3986 6
    endloop
  endfacet
  facet normal 0 0 1
    outer loop
      vertex 37.6251 15.9067 6
      vertex 37.6188 15.8988 6
      vertex 37.6258 15.9058 6
    endloop
  endfacet
  facet normal -0 0 1
    outer loop
      vertex 37.1185 16.4692 6
      vertex 37.6251 15.9067 6
      vertex 37.1265 16.4753 6
    endloop
  endfacet
  facet normal 0 0 1
    outer loop
      vertex 37.6251 15.9067 6
      vertex 37.1185 16.4692 6
      vertex 37.6188 15.8988 6
    endloop
  endfacet
  facet normal 0 0 1
    outer loop
      vertex 37.1258 16.4762 6
      vertex 37.1185 16.4692 6
      vertex 37.1265 16.4753 6
    endloop
  endfacet
  facet normal -0 0 1
    outer loop
      vertex 36.6971 17.1 6
      vertex 37.1258 16.4762 6
      vertex 36.7057 17.105 6
    endloop
  endfacet
  facet normal 0 0 1
    outer loop
      vertex 37.1258 16.4762 6
      vertex 36.6971 17.1 6
      vertex 37.1185 16.4692 6
    endloop
  endfacet
  facet normal 0 0 1
    outer loop
      vertex 36.7052 17.106 6
      vertex 36.6971 17.1 6
      vertex 36.7057 17.105 6
    endloop
  endfacet
  facet normal -0 0 1
    outer loop
      vertex 36.3615 17.7804 6
      vertex 36.7052 17.106 6
      vertex 36.3707 17.7843 6
    endloop
  endfacet
  facet normal 0 0 1
    outer loop
      vertex 36.7052 17.106 6
      vertex 36.3615 17.7804 6
      vertex 36.6971 17.1 6
    endloop
  endfacet
  facet normal 0 0 1
    outer loop
      vertex 36.1276 18.5003 6
      vertex 36.3615 17.7804 6
      vertex 36.3707 17.7843 6
    endloop
  endfacet
  facet normal 0 0 1
    outer loop
      vertex 36.1176 18.4988 6
      vertex 36.1276 18.5003 6
      vertex 36.1273 18.5014 6
    endloop
  endfacet
  facet normal 0 0 1
    outer loop
      vertex 36.1276 18.5003 6
      vertex 36.1176 18.4988 6
      vertex 36.3615 17.7804 6
    endloop
  endfacet
  facet normal 0 0 1
    outer loop
      vertex 35.9797 19.2431 6
      vertex 36.1176 18.4988 6
      vertex 36.1273 18.5014 6
    endloop
  endfacet
  facet normal 0 0 1
    outer loop
      vertex 35.9696 19.2429 6
      vertex 35.9797 19.2431 6
      vertex 35.9795 19.2442 6
    endloop
  endfacet
  facet normal 0 0 1
    outer loop
      vertex 35.9797 19.2431 6
      vertex 35.9696 19.2429 6
      vertex 36.1176 18.4988 6
    endloop
  endfacet
  facet normal 0 0 1
    outer loop
      vertex 35.9794 19.2454 6
      vertex 35.9696 19.2429 6
      vertex 35.9795 19.2442 6
    endloop
  endfacet
  facet normal -0 0 1
    outer loop
      vertex 35.92 20 6
      vertex 35.9794 19.2454 6
      vertex 35.93 20 6
    endloop
  endfacet
  facet normal 0 0 1
    outer loop
      vertex 35.9794 19.2454 6
      vertex 35.92 20 6
      vertex 35.9696 19.2429 6
    endloop
  endfacet
  facet normal -0 0 1
    outer loop
      vertex 85.0606 20.7546 6
      vertex 85.12 20 6
      vertex 85.0704 20.7571 6
    endloop
  endfacet
  facet normal 0 0 1
    outer loop
      vertex 85.12 20 6
      vertex 85.0606 20.7546 6
      vertex 85.11 20 6
    endloop
  endfacet
  facet normal 0 0 1
    outer loop
      vertex 85.0704 20.7571 6
      vertex 85.0605 20.7558 6
      vertex 85.0606 20.7546 6
    endloop
  endfacet
  facet normal 0 0 1
    outer loop
      vertex 85.0704 20.7571 6
      vertex 85.0603 20.7569 6
      vertex 85.0605 20.7558 6
    endloop
  endfacet
  facet normal 0 0 1
    outer loop
      vertex 84.9224 21.5012 6
      vertex 85.0603 20.7569 6
      vertex 85.0704 20.7571 6
    endloop
  endfacet
  facet normal 0 0 1
    outer loop
      vertex 84.9224 21.5012 6
      vertex 84.9127 21.4986 6
      vertex 85.0603 20.7569 6
    endloop
  endfacet
  facet normal 0 0 1
    outer loop
      vertex 84.9224 21.5012 6
      vertex 84.9124 21.4997 6
      vertex 84.9127 21.4986 6
    endloop
  endfacet
  facet normal 0 0 1
    outer loop
      vertex 84.6785 22.2196 6
      vertex 84.9124 21.4997 6
      vertex 84.9224 21.5012 6
    endloop
  endfacet
  facet normal 0 0 1
    outer loop
      vertex 84.6785 22.2196 6
      vertex 84.6693 22.2157 6
      vertex 84.9124 21.4997 6
    endloop
  endfacet
  facet normal -0 0 1
    outer loop
      vertex 84.3348 22.894 6
      vertex 84.6785 22.2196 6
      vertex 84.3429 22.9 6
    endloop
  endfacet
  facet normal 0 0 1
    outer loop
      vertex 84.6785 22.2196 6
      vertex 84.3348 22.894 6
      vertex 84.6693 22.2157 6
    endloop
  endfacet
  facet normal 0 0 1
    outer loop
      vertex 84.3429 22.9 6
      vertex 84.3343 22.895 6
      vertex 84.3348 22.894 6
    endloop
  endfacet
  facet normal -0 0 1
    outer loop
      vertex 83.9142 23.5238 6
      vertex 84.3429 22.9 6
      vertex 83.9214 23.5308 6
    endloop
  endfacet
  facet normal 0 0 1
    outer loop
      vertex 84.3429 22.9 6
      vertex 83.9142 23.5238 6
      vertex 84.3343 22.895 6
    endloop
  endfacet
  facet normal 0 0 1
    outer loop
      vertex 83.9214 23.5308 6
      vertex 83.9135 23.5247 6
      vertex 83.9142 23.5238 6
    endloop
  endfacet
  facet normal -0 0 1
    outer loop
      vertex 83.4149 24.0933 6
      vertex 83.9214 23.5308 6
      vertex 83.4212 24.1012 6
    endloop
  endfacet
  facet normal 0 0 1
    outer loop
      vertex 83.9214 23.5308 6
      vertex 83.4149 24.0933 6
      vertex 83.9135 23.5247 6
    endloop
  endfacet
  facet normal 0 0 1
    outer loop
      vertex 83.4212 24.1012 6
      vertex 83.4142 24.0942 6
      vertex 83.4149 24.0933 6
    endloop
  endfacet
  facet normal 0 0 1
    outer loop
      vertex 83.4212 24.1012 6
      vertex 83.4133 24.0949 6
      vertex 83.4142 24.0942 6
    endloop
  endfacet
  facet normal 0 0 1
    outer loop
      vertex 82.8508 24.6014 6
      vertex 83.4133 24.0949 6
      vertex 83.4212 24.1012 6
    endloop
  endfacet
  facet normal 0 0 1
    outer loop
      vertex 82.8508 24.6014 6
      vertex 82.8447 24.5935 6
      vertex 83.4133 24.0949 6
    endloop
  endfacet
  facet normal 0 0 1
    outer loop
      vertex 82.8508 24.6014 6
      vertex 82.8438 24.5942 6
      vertex 82.8447 24.5935 6
    endloop
  endfacet
  facet normal 0 0 1
    outer loop
      vertex 82.22 25.0229 6
      vertex 82.8438 24.5942 6
      vertex 82.8508 24.6014 6
    endloop
  endfacet
  facet normal 0 0 1
    outer loop
      vertex 82.22 25.0229 6
      vertex 82.215 25.0143 6
      vertex 82.8438 24.5942 6
    endloop
  endfacet
  facet normal 0 0 1
    outer loop
      vertex 82.22 25.0229 6
      vertex 82.214 25.0148 6
      vertex 82.215 25.0143 6
    endloop
  endfacet
  facet normal 0 0 1
    outer loop
      vertex 81.5396 25.3585 6
      vertex 82.214 25.0148 6
      vertex 82.22 25.0229 6
    endloop
  endfacet
  facet normal 0 0 1
    outer loop
      vertex 81.5396 25.3585 6
      vertex 81.5358 25.3493 6
      vertex 82.214 25.0148 6
    endloop
  endfacet
  facet normal -0 0 1
    outer loop
      vertex 80.8197 25.5924 6
      vertex 81.5396 25.3585 6
      vertex 80.8212 25.6024 6
    endloop
  endfacet
  facet normal 0 0 1
    outer loop
      vertex 81.5396 25.3585 6
      vertex 80.8197 25.5924 6
      vertex 81.5358 25.3493 6
    endloop
  endfacet
  facet normal 0 0 1
    outer loop
      vertex 80.8212 25.6024 6
      vertex 80.8186 25.5927 6
      vertex 80.8197 25.5924 6
    endloop
  endfacet
  facet normal -0 0 1
    outer loop
      vertex 80.0769 25.7403 6
      vertex 80.8212 25.6024 6
      vertex 80.077 25.7504 6
    endloop
  endfacet
  facet normal 0 0 1
    outer loop
      vertex 80.8212 25.6024 6
      vertex 80.0769 25.7403 6
      vertex 80.8186 25.5927 6
    endloop
  endfacet
  facet normal 0 0 1
    outer loop
      vertex 80.077 25.7504 6
      vertex 80.0758 25.7405 6
      vertex 80.0769 25.7403 6
    endloop
  endfacet
  facet normal 0 0 1
    outer loop
      vertex 80.077 25.7504 6
      vertex 80.0746 25.7406 6
      vertex 80.0758 25.7405 6
    endloop
  endfacet
  facet normal 0 0 1
    outer loop
      vertex 79.32 25.8 6
      vertex 80.0746 25.7406 6
      vertex 80.077 25.7504 6
    endloop
  endfacet
  facet normal 0 0 1
    outer loop
      vertex 79.32 25.8 6
      vertex 79.32 25.79 6
      vertex 80.0746 25.7406 6
    endloop
  endfacet
  facet normal 0 0 1
    outer loop
      vertex 79.32 25.8 6
      vertex 78.5654 25.7406 6
      vertex 79.32 25.79 6
    endloop
  endfacet
  facet normal -0 0 1
    outer loop
      vertex 78.563 25.7504 6
      vertex 78.5654 25.7406 6
      vertex 79.32 25.8 6
    endloop
  endfacet
  facet normal 0 0 1
    outer loop
      vertex 78.5654 25.7406 6
      vertex 78.563 25.7504 6
      vertex 78.5642 25.7405 6
    endloop
  endfacet
  facet normal 0 0 1
    outer loop
      vertex 78.563 25.7504 6
      vertex 78.5631 25.7403 6
      vertex 78.5642 25.7405 6
    endloop
  endfacet
  facet normal 0 0 1
    outer loop
      vertex 77.8188 25.6024 6
      vertex 78.5631 25.7403 6
      vertex 78.563 25.7504 6
    endloop
  endfacet
  facet normal 0 0 1
    outer loop
      vertex 78.5631 25.7403 6
      vertex 77.8188 25.6024 6
      vertex 77.8214 25.5927 6
    endloop
  endfacet
  facet normal 0 0 1
    outer loop
      vertex 77.8188 25.6024 6
      vertex 77.8203 25.5924 6
      vertex 77.8214 25.5927 6
    endloop
  endfacet
  facet normal 0 0 1
    outer loop
      vertex 77.1004 25.3585 6
      vertex 77.8203 25.5924 6
      vertex 77.8188 25.6024 6
    endloop
  endfacet
  facet normal 0 0 1
    outer loop
      vertex 77.8203 25.5924 6
      vertex 77.1004 25.3585 6
      vertex 77.1042 25.3493 6
    endloop
  endfacet
  facet normal 0 0 1
    outer loop
      vertex 77.1004 25.3585 6
      vertex 76.426 25.0148 6
      vertex 77.1042 25.3493 6
    endloop
  endfacet
  facet normal -0 0 1
    outer loop
      vertex 76.42 25.0229 6
      vertex 76.426 25.0148 6
      vertex 77.1004 25.3585 6
    endloop
  endfacet
  facet normal 0 0 1
    outer loop
      vertex 76.426 25.0148 6
      vertex 76.42 25.0229 6
      vertex 76.425 25.0143 6
    endloop
  endfacet
  facet normal 0 0 1
    outer loop
      vertex 76.42 25.0229 6
      vertex 75.7962 24.5942 6
      vertex 76.425 25.0143 6
    endloop
  endfacet
  facet normal -0 0 1
    outer loop
      vertex 75.7892 24.6014 6
      vertex 75.7962 24.5942 6
      vertex 76.42 25.0229 6
    endloop
  endfacet
  facet normal 0 0 1
    outer loop
      vertex 75.7962 24.5942 6
      vertex 75.7892 24.6014 6
      vertex 75.7952 24.5935 6
    endloop
  endfacet
  facet normal 0 0 1
    outer loop
      vertex 75.7892 24.6014 6
      vertex 75.2267 24.0949 6
      vertex 75.7952 24.5935 6
    endloop
  endfacet
  facet normal -0 0 1
    outer loop
      vertex 75.2188 24.1012 6
      vertex 75.2267 24.0949 6
      vertex 75.7892 24.6014 6
    endloop
  endfacet
  facet normal 0 0 1
    outer loop
      vertex 75.2267 24.0949 6
      vertex 75.2188 24.1012 6
      vertex 75.2258 24.0942 6
    endloop
  endfacet
  facet normal 0 0 1
    outer loop
      vertex 75.2188 24.1012 6
      vertex 75.2251 24.0933 6
      vertex 75.2258 24.0942 6
    endloop
  endfacet
  facet normal 0 0 1
    outer loop
      vertex 74.7186 23.5308 6
      vertex 75.2251 24.0933 6
      vertex 75.2188 24.1012 6
    endloop
  endfacet
  facet normal 0 0 1
    outer loop
      vertex 75.2251 24.0933 6
      vertex 74.7186 23.5308 6
      vertex 74.7265 23.5247 6
    endloop
  endfacet
  facet normal 0 0 1
    outer loop
      vertex 74.7186 23.5308 6
      vertex 74.7258 23.5238 6
      vertex 74.7265 23.5247 6
    endloop
  endfacet
  facet normal 0 0 1
    outer loop
      vertex 74.2971 22.9 6
      vertex 74.7258 23.5238 6
      vertex 74.7186 23.5308 6
    endloop
  endfacet
  facet normal 0 0 1
    outer loop
      vertex 74.7258 23.5238 6
      vertex 74.2971 22.9 6
      vertex 74.3057 22.895 6
    endloop
  endfacet
  facet normal 0 0 1
    outer loop
      vertex 74.2971 22.9 6
      vertex 74.3052 22.894 6
      vertex 74.3057 22.895 6
    endloop
  endfacet
  facet normal 0 0 1
    outer loop
      vertex 73.9615 22.2196 6
      vertex 74.3052 22.894 6
      vertex 74.2971 22.9 6
    endloop
  endfacet
  facet normal 0 0 1
    outer loop
      vertex 74.3052 22.894 6
      vertex 73.9615 22.2196 6
      vertex 73.9707 22.2157 6
    endloop
  endfacet
  facet normal 0 0 1
    outer loop
      vertex 73.9615 22.2196 6
      vertex 73.7276 21.4997 6
      vertex 73.9707 22.2157 6
    endloop
  endfacet
  facet normal -0 0 1
    outer loop
      vertex 73.7176 21.5012 6
      vertex 73.7276 21.4997 6
      vertex 73.9615 22.2196 6
    endloop
  endfacet
  facet normal 0 0 1
    outer loop
      vertex 73.7276 21.4997 6
      vertex 73.7176 21.5012 6
      vertex 73.7273 21.4986 6
    endloop
  endfacet
  facet normal 0 0 1
    outer loop
      vertex 73.7176 21.5012 6
      vertex 73.5797 20.7569 6
      vertex 73.7273 21.4986 6
    endloop
  endfacet
  facet normal -0 0 1
    outer loop
      vertex 73.5696 20.7571 6
      vertex 73.5797 20.7569 6
      vertex 73.7176 21.5012 6
    endloop
  endfacet
  facet normal 0 0 1
    outer loop
      vertex 73.5797 20.7569 6
      vertex 73.5696 20.7571 6
      vertex 73.5795 20.7558 6
    endloop
  endfacet
  facet normal 0 0 1
    outer loop
      vertex 73.5696 20.7571 6
      vertex 73.5794 20.7546 6
      vertex 73.5795 20.7558 6
    endloop
  endfacet
  facet normal 0 0 1
    outer loop
      vertex 73.52 20 6
      vertex 73.5794 20.7546 6
      vertex 73.5696 20.7571 6
    endloop
  endfacet
  facet normal 0 0 1
    outer loop
      vertex 73.5794 20.7546 6
      vertex 73.52 20 6
      vertex 73.53 20 6
    endloop
  endfacet
  facet normal 0 0 1
    outer loop
      vertex 85.0606 19.2454 6
      vertex 85.12 20 6
      vertex 85.11 20 6
    endloop
  endfacet
  facet normal 0 0 1
    outer loop
      vertex 85.12 20 6
      vertex 85.0606 19.2454 6
      vertex 85.0704 19.2429 6
    endloop
  endfacet
  facet normal -0 0 1
    outer loop
      vertex 85.0605 19.2442 6
      vertex 85.0704 19.2429 6
      vertex 85.0606 19.2454 6
    endloop
  endfacet
  facet normal -0 0 1
    outer loop
      vertex 85.0603 19.2431 6
      vertex 85.0704 19.2429 6
      vertex 85.0605 19.2442 6
    endloop
  endfacet
  facet normal 0 0 1
    outer loop
      vertex 85.0603 19.2431 6
      vertex 84.9224 18.4988 6
      vertex 85.0704 19.2429 6
    endloop
  endfacet
  facet normal -0 0 1
    outer loop
      vertex 84.9127 18.5014 6
      vertex 84.9224 18.4988 6
      vertex 85.0603 19.2431 6
    endloop
  endfacet
  facet normal -0 0 1
    outer loop
      vertex 84.9124 18.5003 6
      vertex 84.9224 18.4988 6
      vertex 84.9127 18.5014 6
    endloop
  endfacet
  facet normal 0 0 1
    outer loop
      vertex 84.9124 18.5003 6
      vertex 84.6785 17.7804 6
      vertex 84.9224 18.4988 6
    endloop
  endfacet
  facet normal -0 0 1
    outer loop
      vertex 84.6693 17.7843 6
      vertex 84.6785 17.7804 6
      vertex 84.9124 18.5003 6
    endloop
  endfacet
  facet normal 0 0 1
    outer loop
      vertex 84.3348 17.106 6
      vertex 84.6785 17.7804 6
      vertex 84.6693 17.7843 6
    endloop
  endfacet
  facet normal 0 0 1
    outer loop
      vertex 84.6785 17.7804 6
      vertex 84.3348 17.106 6
      vertex 84.3429 17.1 6
    endloop
  endfacet
  facet normal -0 0 1
    outer loop
      vertex 84.3343 17.105 6
      vertex 84.3429 17.1 6
      vertex 84.3348 17.106 6
    endloop
  endfacet
  facet normal 0 0 1
    outer loop
      vertex 83.9142 16.4762 6
      vertex 84.3429 17.1 6
      vertex 84.3343 17.105 6
    endloop
  endfacet
  facet normal 0 0 1
    outer loop
      vertex 84.3429 17.1 6
      vertex 83.9142 16.4762 6
      vertex 83.9214 16.4692 6
    endloop
  endfacet
  facet normal -0 0 1
    outer loop
      vertex 83.9135 16.4753 6
      vertex 83.9214 16.4692 6
      vertex 83.9142 16.4762 6
    endloop
  endfacet
  facet normal 0 0 1
    outer loop
      vertex 83.4149 15.9067 6
      vertex 83.9214 16.4692 6
      vertex 83.9135 16.4753 6
    endloop
  endfacet
  facet normal 0 0 1
    outer loop
      vertex 83.9214 16.4692 6
      vertex 83.4149 15.9067 6
      vertex 83.4212 15.8988 6
    endloop
  endfacet
  facet normal -0 0 1
    outer loop
      vertex 83.4142 15.9058 6
      vertex 83.4212 15.8988 6
      vertex 83.4149 15.9067 6
    endloop
  endfacet
  facet normal -0 0 1
    outer loop
      vertex 83.4133 15.9051 6
      vertex 83.4212 15.8988 6
      vertex 83.4142 15.9058 6
    endloop
  endfacet
  facet normal 0 0 1
    outer loop
      vertex 83.4133 15.9051 6
      vertex 82.8508 15.3986 6
      vertex 83.4212 15.8988 6
    endloop
  endfacet
  facet normal -0 0 1
    outer loop
      vertex 82.8447 15.4065 6
      vertex 82.8508 15.3986 6
      vertex 83.4133 15.9051 6
    endloop
  endfacet
  facet normal -0 0 1
    outer loop
      vertex 82.8438 15.4058 6
      vertex 82.8508 15.3986 6
      vertex 82.8447 15.4065 6
    endloop
  endfacet
  facet normal 0 0 1
    outer loop
      vertex 82.8438 15.4058 6
      vertex 82.22 14.9771 6
      vertex 82.8508 15.3986 6
    endloop
  endfacet
  facet normal -0 0 1
    outer loop
      vertex 82.215 14.9857 6
      vertex 82.22 14.9771 6
      vertex 82.8438 15.4058 6
    endloop
  endfacet
  facet normal -0 0 1
    outer loop
      vertex 82.214 14.9852 6
      vertex 82.22 14.9771 6
      vertex 82.215 14.9857 6
    endloop
  endfacet
  facet normal 0 0 1
    outer loop
      vertex 82.214 14.9852 6
      vertex 81.5396 14.6415 6
      vertex 82.22 14.9771 6
    endloop
  endfacet
  facet normal -0 0 1
    outer loop
      vertex 81.5358 14.6507 6
      vertex 81.5396 14.6415 6
      vertex 82.214 14.9852 6
    endloop
  endfacet
  facet normal 0 0 1
    outer loop
      vertex 80.8197 14.4076 6
      vertex 81.5396 14.6415 6
      vertex 81.5358 14.6507 6
    endloop
  endfacet
  facet normal 0 0 1
    outer loop
      vertex 81.5396 14.6415 6
      vertex 80.8197 14.4076 6
      vertex 80.8212 14.3976 6
    endloop
  endfacet
  facet normal -0 0 1
    outer loop
      vertex 80.8186 14.4073 6
      vertex 80.8212 14.3976 6
      vertex 80.8197 14.4076 6
    endloop
  endfacet
  facet normal 0 0 1
    outer loop
      vertex 80.0769 14.2597 6
      vertex 80.8212 14.3976 6
      vertex 80.8186 14.4073 6
    endloop
  endfacet
  facet normal 0 0 1
    outer loop
      vertex 80.8212 14.3976 6
      vertex 80.0769 14.2597 6
      vertex 80.077 14.2496 6
    endloop
  endfacet
  facet normal -0 0 1
    outer loop
      vertex 80.0758 14.2595 6
      vertex 80.077 14.2496 6
      vertex 80.0769 14.2597 6
    endloop
  endfacet
  facet normal -0 0 1
    outer loop
      vertex 80.0746 14.2594 6
      vertex 80.077 14.2496 6
      vertex 80.0758 14.2595 6
    endloop
  endfacet
  facet normal 0 0 1
    outer loop
      vertex 79.32 14.2 6
      vertex 80.0746 14.2594 6
      vertex 79.32 14.21 6
    endloop
  endfacet
  facet normal 0 0 1
    outer loop
      vertex 80.0746 14.2594 6
      vertex 79.32 14.2 6
      vertex 80.077 14.2496 6
    endloop
  endfacet
  facet normal 0 0 1
    outer loop
      vertex 78.5654 14.2594 6
      vertex 79.32 14.2 6
      vertex 79.32 14.21 6
    endloop
  endfacet
  facet normal 0 0 1
    outer loop
      vertex 78.563 14.2496 6
      vertex 78.5654 14.2594 6
      vertex 78.5642 14.2595 6
    endloop
  endfacet
  facet normal 0 0 1
    outer loop
      vertex 78.5654 14.2594 6
      vertex 78.563 14.2496 6
      vertex 79.32 14.2 6
    endloop
  endfacet
  facet normal 0 0 1
    outer loop
      vertex 78.5631 14.2597 6
      vertex 78.563 14.2496 6
      vertex 78.5642 14.2595 6
    endloop
  endfacet
  facet normal -0 0 1
    outer loop
      vertex 77.8188 14.3976 6
      vertex 78.5631 14.2597 6
      vertex 77.8214 14.4073 6
    endloop
  endfacet
  facet normal 0 0 1
    outer loop
      vertex 78.5631 14.2597 6
      vertex 77.8188 14.3976 6
      vertex 78.563 14.2496 6
    endloop
  endfacet
  facet normal 0 0 1
    outer loop
      vertex 77.8203 14.4076 6
      vertex 77.8188 14.3976 6
      vertex 77.8214 14.4073 6
    endloop
  endfacet
  facet normal -0 0 1
    outer loop
      vertex 77.1004 14.6415 6
      vertex 77.8203 14.4076 6
      vertex 77.1042 14.6507 6
    endloop
  endfacet
  facet normal 0 0 1
    outer loop
      vertex 77.8203 14.4076 6
      vertex 77.1004 14.6415 6
      vertex 77.8188 14.3976 6
    endloop
  endfacet
  facet normal 0 0 1
    outer loop
      vertex 76.426 14.9852 6
      vertex 77.1004 14.6415 6
      vertex 77.1042 14.6507 6
    endloop
  endfacet
  facet normal 0 0 1
    outer loop
      vertex 76.42 14.9771 6
      vertex 76.426 14.9852 6
      vertex 76.425 14.9857 6
    endloop
  endfacet
  facet normal 0 0 1
    outer loop
      vertex 76.426 14.9852 6
      vertex 76.42 14.9771 6
      vertex 77.1004 14.6415 6
    endloop
  endfacet
  facet normal 0 0 1
    outer loop
      vertex 75.7962 15.4058 6
      vertex 76.42 14.9771 6
      vertex 76.425 14.9857 6
    endloop
  endfacet
  facet normal 0 0 1
    outer loop
      vertex 75.7892 15.3986 6
      vertex 75.7962 15.4058 6
      vertex 75.7952 15.4065 6
    endloop
  endfacet
  facet normal 0 0 1
    outer loop
      vertex 75.7962 15.4058 6
      vertex 75.7892 15.3986 6
      vertex 76.42 14.9771 6
    endloop
  endfacet
  facet normal 0 0 1
    outer loop
      vertex 75.2267 15.9051 6
      vertex 75.7892 15.3986 6
      vertex 75.7952 15.4065 6
    endloop
  endfacet
  facet normal 0 0 1
    outer loop
      vertex 75.2188 15.8988 6
      vertex 75.2267 15.9051 6
      vertex 75.2258 15.9058 6
    endloop
  endfacet
  facet normal 0 0 1
    outer loop
      vertex 75.2267 15.9051 6
      vertex 75.2188 15.8988 6
      vertex 75.7892 15.3986 6
    endloop
  endfacet
  facet normal 0 0 1
    outer loop
      vertex 75.2251 15.9067 6
      vertex 75.2188 15.8988 6
      vertex 75.2258 15.9058 6
    endloop
  endfacet
  facet normal -0 0 1
    outer loop
      vertex 74.7186 16.4692 6
      vertex 75.2251 15.9067 6
      vertex 74.7265 16.4753 6
    endloop
  endfacet
  facet normal 0 0 1
    outer loop
      vertex 75.2251 15.9067 6
      vertex 74.7186 16.4692 6
      vertex 75.2188 15.8988 6
    endloop
  endfacet
  facet normal 0 0 1
    outer loop
      vertex 74.7258 16.4762 6
      vertex 74.7186 16.4692 6
      vertex 74.7265 16.4753 6
    endloop
  endfacet
  facet normal -0 0 1
    outer loop
      vertex 74.2971 17.1 6
      vertex 74.7258 16.4762 6
      vertex 74.3057 17.105 6
    endloop
  endfacet
  facet normal 0 0 1
    outer loop
      vertex 74.7258 16.4762 6
      vertex 74.2971 17.1 6
      vertex 74.7186 16.4692 6
    endloop
  endfacet
  facet normal 0 0 1
    outer loop
      vertex 74.3052 17.106 6
      vertex 74.2971 17.1 6
      vertex 74.3057 17.105 6
    endloop
  endfacet
  facet normal -0 0 1
    outer loop
      vertex 73.9615 17.7804 6
      vertex 74.3052 17.106 6
      vertex 73.9707 17.7843 6
    endloop
  endfacet
  facet normal 0 0 1
    outer loop
      vertex 74.3052 17.106 6
      vertex 73.9615 17.7804 6
      vertex 74.2971 17.1 6
    endloop
  endfacet
  facet normal 0 0 1
    outer loop
      vertex 73.7276 18.5003 6
      vertex 73.9615 17.7804 6
      vertex 73.9707 17.7843 6
    endloop
  endfacet
  facet normal 0 0 1
    outer loop
      vertex 73.7176 18.4988 6
      vertex 73.7276 18.5003 6
      vertex 73.7273 18.5014 6
    endloop
  endfacet
  facet normal 0 0 1
    outer loop
      vertex 73.7276 18.5003 6
      vertex 73.7176 18.4988 6
      vertex 73.9615 17.7804 6
    endloop
  endfacet
  facet normal 0 0 1
    outer loop
      vertex 73.5797 19.2431 6
      vertex 73.7176 18.4988 6
      vertex 73.7273 18.5014 6
    endloop
  endfacet
  facet normal 0 0 1
    outer loop
      vertex 73.5696 19.2429 6
      vertex 73.5797 19.2431 6
      vertex 73.5795 19.2442 6
    endloop
  endfacet
  facet normal 0 0 1
    outer loop
      vertex 73.5797 19.2431 6
      vertex 73.5696 19.2429 6
      vertex 73.7176 18.4988 6
    endloop
  endfacet
  facet normal 0 0 1
    outer loop
      vertex 73.5794 19.2454 6
      vertex 73.5696 19.2429 6
      vertex 73.5795 19.2442 6
    endloop
  endfacet
  facet normal -0 0 1
    outer loop
      vertex 73.52 20 6
      vertex 73.5794 19.2454 6
      vertex 73.53 20 6
    endloop
  endfacet
  facet normal 0 0 1
    outer loop
      vertex 73.5794 19.2454 6
      vertex 73.52 20 6
      vertex 73.5696 19.2429 6
    endloop
  endfacet
  facet normal 1 0 0
    outer loop
      vertex 6 25.6024 77.8188
      vertex 6 36 98
      vertex 6 25.7504 78.563
    endloop
  endfacet
  facet normal 1 0 0
    outer loop
      vertex 6 36 98
      vertex 6 25.7504 42.4771
      vertex 6 25.8 41.72
    endloop
  endfacet
  facet normal 1 0 0
    outer loop
      vertex 6 25.6024 43.2211
      vertex 6 36 98
      vertex 6 25.6024 77.8188
    endloop
  endfacet
  facet normal 1 0 0
    outer loop
      vertex 6 36 98
      vertex 6 25.6024 43.2211
      vertex 6 25.7504 42.4771
    endloop
  endfacet
  facet normal 1 -0 0
    outer loop
      vertex 6 25.3585 77.1004
      vertex 6 25.6024 43.2211
      vertex 6 25.6024 77.8188
    endloop
  endfacet
  facet normal 1 0 0
    outer loop
      vertex 6 25.3585 77.1004
      vertex 6 25.3585 43.9396
      vertex 6 25.6024 43.2211
    endloop
  endfacet
  facet normal 1 -0 0
    outer loop
      vertex 6 25.0229 76.42
      vertex 6 25.3585 43.9396
      vertex 6 25.3585 77.1004
    endloop
  endfacet
  facet normal 1 0 0
    outer loop
      vertex 6 25.0229 76.42
      vertex 6 25.0229 44.62
      vertex 6 25.3585 43.9396
    endloop
  endfacet
  facet normal 1 -0 0
    outer loop
      vertex 6 24.6014 75.7892
      vertex 6 25.0229 44.62
      vertex 6 25.0229 76.42
    endloop
  endfacet
  facet normal 1 0 0
    outer loop
      vertex 6 24.6014 75.7892
      vertex 6 24.6014 45.2508
      vertex 6 25.0229 44.62
    endloop
  endfacet
  facet normal 1 -0 0
    outer loop
      vertex 6 24.1012 75.2188
      vertex 6 24.6014 45.2508
      vertex 6 24.6014 75.7892
    endloop
  endfacet
  facet normal 1 0 0
    outer loop
      vertex 6 24.1012 75.2188
      vertex 6 24.1012 45.8212
      vertex 6 24.6014 45.2508
    endloop
  endfacet
  facet normal 1 -0 0
    outer loop
      vertex 6 23.5308 74.7186
      vertex 6 24.1012 45.8212
      vertex 6 24.1012 75.2188
    endloop
  endfacet
  facet normal 1 0 0
    outer loop
      vertex 6 21.3705 48.5578
      vertex 6 23.5308 74.7186
      vertex 6 22.9 74.2971
    endloop
  endfacet
  facet normal 1 0 0
    outer loop
      vertex 6 20.005 49.9262
      vertex 6 22.9 74.2971
      vertex 6 22.2196 73.9615
    endloop
  endfacet
  facet normal 1 0 0
    outer loop
      vertex 6 20.005 49.9262
      vertex 6 22.2196 73.9615
      vertex 6 21.5012 73.7176
    endloop
  endfacet
  facet normal 1 0 0
    outer loop
      vertex 6 23.5308 74.7186
      vertex 6 21.3705 48.5578
      vertex 6 24.1012 45.8212
    endloop
  endfacet
  facet normal 1 0 0
    outer loop
      vertex 6 20.005 49.9262
      vertex 6 21.5012 73.7176
      vertex 6 20.7571 73.5696
    endloop
  endfacet
  facet normal 1 0 0
    outer loop
      vertex 6 22.9 74.2971
      vertex 6 20.005 49.9262
      vertex 6 21.3705 48.5578
    endloop
  endfacet
  facet normal 1 -0 0
    outer loop
      vertex 6 20 73.52
      vertex 6 20.005 49.9262
      vertex 6 20.7571 73.5696
    endloop
  endfacet
  facet normal 1 0 0
    outer loop
      vertex 6 20 73.52
      vertex 6 19.995 49.9262
      vertex 6 20.005 49.9262
    endloop
  endfacet
  facet normal 1 0 0
    outer loop
      vertex 6 19.2429 73.5696
      vertex 6 19.995 49.9262
      vertex 6 20 73.52
    endloop
  endfacet
  facet normal 1 0 0
    outer loop
      vertex 6 18.4988 73.7176
      vertex 6 19.995 49.9262
      vertex 6 19.2429 73.5696
    endloop
  endfacet
  facet normal 1 0 0
    outer loop
      vertex 6 17.7804 73.9615
      vertex 6 19.995 49.9262
      vertex 6 18.4988 73.7176
    endloop
  endfacet
  facet normal 1 0 0
    outer loop
      vertex 6 17.1 74.2971
      vertex 6 19.995 49.9262
      vertex 6 17.7804 73.9615
    endloop
  endfacet
  facet normal 1 0 0
    outer loop
      vertex 6 19.995 49.9262
      vertex 6 17.1 74.2971
      vertex 6 18.6295 48.5578
    endloop
  endfacet
  facet normal 1 0 0
    outer loop
      vertex 6 16.4692 74.7186
      vertex 6 18.6295 48.5578
      vertex 6 17.1 74.2971
    endloop
  endfacet
  facet normal 1 0 0
    outer loop
      vertex 6 15.8988 45.8212
      vertex 6 16.4692 74.7186
      vertex 6 15.8988 75.2188
    endloop
  endfacet
  facet normal 1 0 0
    outer loop
      vertex 6 16.4692 74.7186
      vertex 6 15.8988 45.8212
      vertex 6 18.6295 48.5578
    endloop
  endfacet
  facet normal 1 0 0
    outer loop
      vertex 6 15.3986 75.7892
      vertex 6 15.8988 45.8212
      vertex 6 15.8988 75.2188
    endloop
  endfacet
  facet normal 1 0 0
    outer loop
      vertex 6 15.3986 75.7892
      vertex 6 15.3986 45.2508
      vertex 6 15.8988 45.8212
    endloop
  endfacet
  facet normal 1 0 0
    outer loop
      vertex 6 14.9771 76.42
      vertex 6 15.3986 45.2508
      vertex 6 15.3986 75.7892
    endloop
  endfacet
  facet normal 1 0 0
    outer loop
      vertex 6 14.9771 76.42
      vertex 6 14.9771 44.62
      vertex 6 15.3986 45.2508
    endloop
  endfacet
  facet normal 1 0 0
    outer loop
      vertex 6 14.6415 77.1004
      vertex 6 14.9771 44.62
      vertex 6 14.9771 76.42
    endloop
  endfacet
  facet normal 1 0 0
    outer loop
      vertex 6 14.6415 77.1004
      vertex 6 14.6415 43.9396
      vertex 6 14.9771 44.62
    endloop
  endfacet
  facet normal 1 0 0
    outer loop
      vertex 6 14.3976 77.8188
      vertex 6 14.6415 43.9396
      vertex 6 14.6415 77.1004
    endloop
  endfacet
  facet normal 1 0 0
    outer loop
      vertex 6 14.3976 77.8188
      vertex 6 14.3976 43.2211
      vertex 6 14.6415 43.9396
    endloop
  endfacet
  facet normal 1 0 0
    outer loop
      vertex 6 4 98
      vertex 6 14.3976 77.8188
      vertex 6 14.2496 78.563
    endloop
  endfacet
  facet normal 1 0 0
    outer loop
      vertex 6 14.3976 77.8188
      vertex 6 4 98
      vertex 6 14.3976 43.2211
    endloop
  endfacet
  facet normal 1 0 0
    outer loop
      vertex 6 4 98
      vertex 6 14.2496 78.563
      vertex 6 14.2 79.32
    endloop
  endfacet
  facet normal 1 0 0
    outer loop
      vertex 6 14.3976 43.2211
      vertex 6 4 98
      vertex 6 14.2496 42.4771
    endloop
  endfacet
  facet normal 1 0 0
    outer loop
      vertex 6 40 100
      vertex 6 36 98
      vertex 6 40 98
    endloop
  endfacet
  facet normal 1 0 0
    outer loop
      vertex 6 25.7504 78.563
      vertex 6 36 98
      vertex 6 25.8 79.32
    endloop
  endfacet
  facet normal 1 0 0
    outer loop
      vertex 6 36 98
      vertex 6 25.7504 80.077
      vertex 6 25.8 79.32
    endloop
  endfacet
  facet normal 1 0 0
    outer loop
      vertex 6 36 98
      vertex 6 25.6024 80.8212
      vertex 6 25.7504 80.077
    endloop
  endfacet
  facet normal 1 0 0
    outer loop
      vertex 6 36 98
      vertex 6 25.3585 81.5396
      vertex 6 25.6024 80.8212
    endloop
  endfacet
  facet normal 1 0 0
    outer loop
      vertex 6 36 98
      vertex 6 25.0229 82.22
      vertex 6 25.3585 81.5396
    endloop
  endfacet
  facet normal 1 0 0
    outer loop
      vertex 6 36 98
      vertex 6 24.6014 82.8508
      vertex 6 25.0229 82.22
    endloop
  endfacet
  facet normal 1 0 0
    outer loop
      vertex 6 36 98
      vertex 6 24.1012 83.4212
      vertex 6 24.6014 82.8508
    endloop
  endfacet
  facet normal 1 0 0
    outer loop
      vertex 6 36 98
      vertex 6 21.3705 86.1578
      vertex 6 24.1012 83.4212
    endloop
  endfacet
  facet normal 1 0 0
    outer loop
      vertex 6 36 98
      vertex 6 20.005 87.5262
      vertex 6 21.3705 86.1578
    endloop
  endfacet
  facet normal 1 0 0
    outer loop
      vertex 6 36 98
      vertex 6 19.995 87.5262
      vertex 6 20.005 87.5262
    endloop
  endfacet
  facet normal 1 0 0
    outer loop
      vertex 6 4 98
      vertex 6 18.6295 86.1578
      vertex 6 19.995 87.5262
    endloop
  endfacet
  facet normal 1 0 0
    outer loop
      vertex 6 4 10
      vertex 6 14.2496 42.4771
      vertex 6 4 98
    endloop
  endfacet
  facet normal 1 0 0
    outer loop
      vertex 6 14.2496 80.077
      vertex 6 4 98
      vertex 6 14.2 79.32
    endloop
  endfacet
  facet normal 1 0 0
    outer loop
      vertex 6 14.3976 80.8212
      vertex 6 4 98
      vertex 6 14.2496 80.077
    endloop
  endfacet
  facet normal 1 0 0
    outer loop
      vertex 6 14.6415 81.5396
      vertex 6 4 98
      vertex 6 14.3976 80.8212
    endloop
  endfacet
  facet normal 1 0 0
    outer loop
      vertex 6 14.9771 82.22
      vertex 6 4 98
      vertex 6 14.6415 81.5396
    endloop
  endfacet
  facet normal 1 0 0
    outer loop
      vertex 6 15.3986 82.8508
      vertex 6 4 98
      vertex 6 14.9771 82.22
    endloop
  endfacet
  facet normal 1 0 0
    outer loop
      vertex 6 15.8988 83.4212
      vertex 6 4 98
      vertex 6 15.3986 82.8508
    endloop
  endfacet
  facet normal 1 0 0
    outer loop
      vertex 6 18.6295 86.1578
      vertex 6 4 98
      vertex 6 15.8988 83.4212
    endloop
  endfacet
  facet normal 1 0 0
    outer loop
      vertex 6 36 98
      vertex 6 4 98
      vertex 6 19.995 87.5262
    endloop
  endfacet
  facet normal 1 0 0
    outer loop
      vertex 6 40 100
      vertex 6 4 98
      vertex 6 36 98
    endloop
  endfacet
  facet normal 1 -0 0
    outer loop
      vertex 6 0 100
      vertex 6 4 98
      vertex 6 40 100
    endloop
  endfacet
  facet normal 1 0 0
    outer loop
      vertex 6 4 98
      vertex 6 0 100
      vertex 6 0 98
    endloop
  endfacet
  facet normal 1 0 0
    outer loop
      vertex 6 36 98
      vertex 6 25.8 41.72
      vertex 6 36 10
    endloop
  endfacet
  facet normal 1 -0 0
    outer loop
      vertex 6 25.7504 40.9629
      vertex 6 36 10
      vertex 6 25.8 41.72
    endloop
  endfacet
  facet normal 1 -0 0
    outer loop
      vertex 6 25.6024 40.2188
      vertex 6 36 10
      vertex 6 25.7504 40.9629
    endloop
  endfacet
  facet normal 1 -0 0
    outer loop
      vertex 6 25.3585 39.5004
      vertex 6 36 10
      vertex 6 25.6024 40.2188
    endloop
  endfacet
  facet normal 1 -0 0
    outer loop
      vertex 6 25.0229 38.82
      vertex 6 36 10
      vertex 6 25.3585 39.5004
    endloop
  endfacet
  facet normal 1 -0 0
    outer loop
      vertex 6 24.6014 38.1892
      vertex 6 36 10
      vertex 6 25.0229 38.82
    endloop
  endfacet
  facet normal 1 -0 0
    outer loop
      vertex 6 24.1012 37.6188
      vertex 6 36 10
      vertex 6 24.6014 38.1892
    endloop
  endfacet
  facet normal 1 -0 0
    outer loop
      vertex 6 23.5308 37.1185
      vertex 6 36 10
      vertex 6 24.1012 37.6188
    endloop
  endfacet
  facet normal 1 -0 0
    outer loop
      vertex 6 22.9 36.6971
      vertex 6 36 10
      vertex 6 23.5308 37.1185
    endloop
  endfacet
  facet normal 1 -0 0
    outer loop
      vertex 6 22.2196 36.3615
      vertex 6 36 10
      vertex 6 22.9 36.6971
    endloop
  endfacet
  facet normal 1 -0 0
    outer loop
      vertex 6 21.5012 36.1176
      vertex 6 36 10
      vertex 6 22.2196 36.3615
    endloop
  endfacet
  facet normal 1 -0 0
    outer loop
      vertex 6 20.7571 35.9696
      vertex 6 36 10
      vertex 6 21.5012 36.1176
    endloop
  endfacet
  facet normal 1 -0 0
    outer loop
      vertex 6 20 35.92
      vertex 6 36 10
      vertex 6 20.7571 35.9696
    endloop
  endfacet
  facet normal 1 0 0
    outer loop
      vertex 6 4 10
      vertex 6 20 35.92
      vertex 6 19.2429 35.9696
    endloop
  endfacet
  facet normal 1 0 0
    outer loop
      vertex 6 4 10
      vertex 6 19.2429 35.9696
      vertex 6 18.4988 36.1176
    endloop
  endfacet
  facet normal 1 0 0
    outer loop
      vertex 6 4 10
      vertex 6 18.4988 36.1176
      vertex 6 17.7804 36.3615
    endloop
  endfacet
  facet normal 1 0 0
    outer loop
      vertex 6 4 10
      vertex 6 17.7804 36.3615
      vertex 6 17.1 36.6971
    endloop
  endfacet
  facet normal 1 0 0
    outer loop
      vertex 6 4 10
      vertex 6 17.1 36.6971
      vertex 6 16.4692 37.1185
    endloop
  endfacet
  facet normal 1 0 0
    outer loop
      vertex 6 4 10
      vertex 6 16.4692 37.1185
      vertex 6 15.8988 37.6188
    endloop
  endfacet
  facet normal 1 0 0
    outer loop
      vertex 6 4 10
      vertex 6 15.8988 37.6188
      vertex 6 15.3986 38.1892
    endloop
  endfacet
  facet normal 1 0 0
    outer loop
      vertex 6 14.2496 42.4771
      vertex 6 4 10
      vertex 6 14.2 41.72
    endloop
  endfacet
  facet normal 1 0 0
    outer loop
      vertex 6 20 35.92
      vertex 6 4 10
      vertex 6 36 10
    endloop
  endfacet
  facet normal 1 0 0
    outer loop
      vertex 6 14.9771 38.82
      vertex 6 4 10
      vertex 6 15.3986 38.1892
    endloop
  endfacet
  facet normal 1 0 0
    outer loop
      vertex 6 14.6415 39.5004
      vertex 6 4 10
      vertex 6 14.9771 38.82
    endloop
  endfacet
  facet normal 1 0 0
    outer loop
      vertex 6 14.3976 40.2188
      vertex 6 4 10
      vertex 6 14.6415 39.5004
    endloop
  endfacet
  facet normal 1 0 0
    outer loop
      vertex 6 14.2496 40.9629
      vertex 6 4 10
      vertex 6 14.3976 40.2188
    endloop
  endfacet
  facet normal 1 0 0
    outer loop
      vertex 6 14.2 41.72
      vertex 6 4 10
      vertex 6 14.2496 40.9629
    endloop
  endfacet
  facet normal 1 -0 0
    outer loop
      vertex 6 15.8988 45.8212
      vertex 6 15.9058 45.8142
      vertex 6 18.6295 48.5578
    endloop
  endfacet
  facet normal 1 0 0
    outer loop
      vertex 6 15.8988 45.8212
      vertex 6 15.9051 45.8133
      vertex 6 15.9058 45.8142
    endloop
  endfacet
  facet normal 1 0 0
    outer loop
      vertex 6 15.3986 45.2508
      vertex 6 15.9051 45.8133
      vertex 6 15.8988 45.8212
    endloop
  endfacet
  facet normal 1 0 0
    outer loop
      vertex 6 15.9051 45.8133
      vertex 6 15.3986 45.2508
      vertex 6 15.4065 45.2447
    endloop
  endfacet
  facet normal 1 0 0
    outer loop
      vertex 6 15.3986 45.2508
      vertex 6 15.4058 45.2438
      vertex 6 15.4065 45.2447
    endloop
  endfacet
  facet normal 1 0 0
    outer loop
      vertex 6 14.9771 44.62
      vertex 6 15.4058 45.2438
      vertex 6 15.3986 45.2508
    endloop
  endfacet
  facet normal 1 0 0
    outer loop
      vertex 6 15.4058 45.2438
      vertex 6 14.9771 44.62
      vertex 6 14.9857 44.615
    endloop
  endfacet
  facet normal 1 0 0
    outer loop
      vertex 6 14.9771 44.62
      vertex 6 14.9852 44.614
      vertex 6 14.9857 44.615
    endloop
  endfacet
  facet normal 1 0 0
    outer loop
      vertex 6 14.6415 43.9396
      vertex 6 14.9852 44.614
      vertex 6 14.9771 44.62
    endloop
  endfacet
  facet normal 1 0 0
    outer loop
      vertex 6 14.9852 44.614
      vertex 6 14.6415 43.9396
      vertex 6 14.6507 43.9357
    endloop
  endfacet
  facet normal 1 0 0
    outer loop
      vertex 6 14.6415 43.9396
      vertex 6 14.4076 43.2197
      vertex 6 14.6507 43.9357
    endloop
  endfacet
  facet normal 1 -0 0
    outer loop
      vertex 6 14.3976 43.2211
      vertex 6 14.4076 43.2197
      vertex 6 14.6415 43.9396
    endloop
  endfacet
  facet normal 1 0 0
    outer loop
      vertex 6 14.4076 43.2197
      vertex 6 14.3976 43.2211
      vertex 6 14.4073 43.2186
    endloop
  endfacet
  facet normal 1 0 0
    outer loop
      vertex 6 14.3976 43.2211
      vertex 6 14.2597 42.4769
      vertex 6 14.4073 43.2186
    endloop
  endfacet
  facet normal 1 -0 0
    outer loop
      vertex 6 14.2496 42.4771
      vertex 6 14.2597 42.4769
      vertex 6 14.3976 43.2211
    endloop
  endfacet
  facet normal 1 0 0
    outer loop
      vertex 6 14.2597 42.4769
      vertex 6 14.2496 42.4771
      vertex 6 14.2595 42.4757
    endloop
  endfacet
  facet normal 1 0 0
    outer loop
      vertex 6 14.2496 42.4771
      vertex 6 14.2594 42.4746
      vertex 6 14.2595 42.4757
    endloop
  endfacet
  facet normal 1 0 0
    outer loop
      vertex 6 14.2 41.72
      vertex 6 14.2594 42.4746
      vertex 6 14.2496 42.4771
    endloop
  endfacet
  facet normal 1 0 0
    outer loop
      vertex 6 14.2594 42.4746
      vertex 6 14.2 41.72
      vertex 6 14.21 41.72
    endloop
  endfacet
  facet normal 1 -0 0
    outer loop
      vertex 6 25.7406 42.4746
      vertex 6 25.8 41.72
      vertex 6 25.7504 42.4771
    endloop
  endfacet
  facet normal 1 0 0
    outer loop
      vertex 6 25.8 41.72
      vertex 6 25.7406 42.4746
      vertex 6 25.79 41.72
    endloop
  endfacet
  facet normal 1 0 0
    outer loop
      vertex 6 25.7504 42.4771
      vertex 6 25.7405 42.4757
      vertex 6 25.7406 42.4746
    endloop
  endfacet
  facet normal 1 0 0
    outer loop
      vertex 6 25.7504 42.4771
      vertex 6 25.7403 42.4769
      vertex 6 25.7405 42.4757
    endloop
  endfacet
  facet normal 1 0 0
    outer loop
      vertex 6 25.6024 43.2211
      vertex 6 25.7403 42.4769
      vertex 6 25.7504 42.4771
    endloop
  endfacet
  facet normal 1 0 0
    outer loop
      vertex 6 25.6024 43.2211
      vertex 6 25.5927 43.2186
      vertex 6 25.7403 42.4769
    endloop
  endfacet
  facet normal 1 0 0
    outer loop
      vertex 6 25.6024 43.2211
      vertex 6 25.5924 43.2197
      vertex 6 25.5927 43.2186
    endloop
  endfacet
  facet normal 1 0 0
    outer loop
      vertex 6 25.3585 43.9396
      vertex 6 25.5924 43.2197
      vertex 6 25.6024 43.2211
    endloop
  endfacet
  facet normal 1 0 0
    outer loop
      vertex 6 25.3585 43.9396
      vertex 6 25.3493 43.9357
      vertex 6 25.5924 43.2197
    endloop
  endfacet
  facet normal 1 -0 0
    outer loop
      vertex 6 25.0148 44.614
      vertex 6 25.3585 43.9396
      vertex 6 25.0229 44.62
    endloop
  endfacet
  facet normal 1 0 0
    outer loop
      vertex 6 25.3585 43.9396
      vertex 6 25.0148 44.614
      vertex 6 25.3493 43.9357
    endloop
  endfacet
  facet normal 1 0 0
    outer loop
      vertex 6 25.0229 44.62
      vertex 6 25.0143 44.615
      vertex 6 25.0148 44.614
    endloop
  endfacet
  facet normal 1 -0 0
    outer loop
      vertex 6 24.5942 45.2438
      vertex 6 25.0229 44.62
      vertex 6 24.6014 45.2508
    endloop
  endfacet
  facet normal 1 0 0
    outer loop
      vertex 6 25.0229 44.62
      vertex 6 24.5942 45.2438
      vertex 6 25.0143 44.615
    endloop
  endfacet
  facet normal 1 0 0
    outer loop
      vertex 6 24.6014 45.2508
      vertex 6 24.5935 45.2447
      vertex 6 24.5942 45.2438
    endloop
  endfacet
  facet normal 1 -0 0
    outer loop
      vertex 6 24.0949 45.8133
      vertex 6 24.6014 45.2508
      vertex 6 24.1012 45.8212
    endloop
  endfacet
  facet normal 1 0 0
    outer loop
      vertex 6 24.6014 45.2508
      vertex 6 24.0949 45.8133
      vertex 6 24.5935 45.2447
    endloop
  endfacet
  facet normal 1 0 0
    outer loop
      vertex 6 24.1012 45.8212
      vertex 6 24.0942 45.8142
      vertex 6 24.0949 45.8133
    endloop
  endfacet
  facet normal 1 0 -0
    outer loop
      vertex 6 24.0942 45.8142
      vertex 6 24.1012 45.8212
      vertex 6 21.3705 48.5578
    endloop
  endfacet
  facet normal 1 0 0
    outer loop
      vertex 6 25.7406 40.9654
      vertex 6 25.8 41.72
      vertex 6 25.79 41.72
    endloop
  endfacet
  facet normal 1 0 0
    outer loop
      vertex 6 25.8 41.72
      vertex 6 25.7406 40.9654
      vertex 6 25.7504 40.9629
    endloop
  endfacet
  facet normal 1 -0 0
    outer loop
      vertex 6 25.7405 40.9642
      vertex 6 25.7504 40.9629
      vertex 6 25.7406 40.9654
    endloop
  endfacet
  facet normal 1 -0 0
    outer loop
      vertex 6 25.7403 40.9631
      vertex 6 25.7504 40.9629
      vertex 6 25.7405 40.9642
    endloop
  endfacet
  facet normal 1 0 0
    outer loop
      vertex 6 25.7403 40.9631
      vertex 6 25.6024 40.2188
      vertex 6 25.7504 40.9629
    endloop
  endfacet
  facet normal 1 -0 0
    outer loop
      vertex 6 25.5927 40.2214
      vertex 6 25.6024 40.2188
      vertex 6 25.7403 40.9631
    endloop
  endfacet
  facet normal 1 -0 0
    outer loop
      vertex 6 25.5924 40.2203
      vertex 6 25.6024 40.2188
      vertex 6 25.5927 40.2214
    endloop
  endfacet
  facet normal 1 0 0
    outer loop
      vertex 6 25.5924 40.2203
      vertex 6 25.3585 39.5004
      vertex 6 25.6024 40.2188
    endloop
  endfacet
  facet normal 1 -0 0
    outer loop
      vertex 6 25.3493 39.5042
      vertex 6 25.3585 39.5004
      vertex 6 25.5924 40.2203
    endloop
  endfacet
  facet normal 1 0 0
    outer loop
      vertex 6 25.0148 38.826
      vertex 6 25.3585 39.5004
      vertex 6 25.3493 39.5042
    endloop
  endfacet
  facet normal 1 0 0
    outer loop
      vertex 6 25.3585 39.5004
      vertex 6 25.0148 38.826
      vertex 6 25.0229 38.82
    endloop
  endfacet
  facet normal 1 -0 0
    outer loop
      vertex 6 25.0143 38.825
      vertex 6 25.0229 38.82
      vertex 6 25.0148 38.826
    endloop
  endfacet
  facet normal 1 0 0
    outer loop
      vertex 6 24.5942 38.1962
      vertex 6 25.0229 38.82
      vertex 6 25.0143 38.825
    endloop
  endfacet
  facet normal 1 0 0
    outer loop
      vertex 6 25.0229 38.82
      vertex 6 24.5942 38.1962
      vertex 6 24.6014 38.1892
    endloop
  endfacet
  facet normal 1 -0 0
    outer loop
      vertex 6 24.5935 38.1953
      vertex 6 24.6014 38.1892
      vertex 6 24.5942 38.1962
    endloop
  endfacet
  facet normal 1 0 0
    outer loop
      vertex 6 24.0949 37.6267
      vertex 6 24.6014 38.1892
      vertex 6 24.5935 38.1953
    endloop
  endfacet
  facet normal 1 0 0
    outer loop
      vertex 6 24.6014 38.1892
      vertex 6 24.0949 37.6267
      vertex 6 24.1012 37.6188
    endloop
  endfacet
  facet normal 1 -0 0
    outer loop
      vertex 6 24.0942 37.6258
      vertex 6 24.1012 37.6188
      vertex 6 24.0949 37.6267
    endloop
  endfacet
  facet normal 1 -0 0
    outer loop
      vertex 6 24.0933 37.6251
      vertex 6 24.1012 37.6188
      vertex 6 24.0942 37.6258
    endloop
  endfacet
  facet normal 1 0 0
    outer loop
      vertex 6 24.0933 37.6251
      vertex 6 23.5308 37.1185
      vertex 6 24.1012 37.6188
    endloop
  endfacet
  facet normal 1 -0 0
    outer loop
      vertex 6 23.5247 37.1265
      vertex 6 23.5308 37.1185
      vertex 6 24.0933 37.6251
    endloop
  endfacet
  facet normal 1 -0 0
    outer loop
      vertex 6 23.5238 37.1258
      vertex 6 23.5308 37.1185
      vertex 6 23.5247 37.1265
    endloop
  endfacet
  facet normal 1 0 0
    outer loop
      vertex 6 23.5238 37.1258
      vertex 6 22.9 36.6971
      vertex 6 23.5308 37.1185
    endloop
  endfacet
  facet normal 1 -0 0
    outer loop
      vertex 6 22.895 36.7057
      vertex 6 22.9 36.6971
      vertex 6 23.5238 37.1258
    endloop
  endfacet
  facet normal 1 -0 0
    outer loop
      vertex 6 22.894 36.7052
      vertex 6 22.9 36.6971
      vertex 6 22.895 36.7057
    endloop
  endfacet
  facet normal 1 0 0
    outer loop
      vertex 6 22.894 36.7052
      vertex 6 22.2196 36.3615
      vertex 6 22.9 36.6971
    endloop
  endfacet
  facet normal 1 -0 0
    outer loop
      vertex 6 22.2157 36.3707
      vertex 6 22.2196 36.3615
      vertex 6 22.894 36.7052
    endloop
  endfacet
  facet normal 1 0 0
    outer loop
      vertex 6 21.4997 36.1276
      vertex 6 22.2196 36.3615
      vertex 6 22.2157 36.3707
    endloop
  endfacet
  facet normal 1 0 0
    outer loop
      vertex 6 22.2196 36.3615
      vertex 6 21.4997 36.1276
      vertex 6 21.5012 36.1176
    endloop
  endfacet
  facet normal 1 -0 0
    outer loop
      vertex 6 21.4986 36.1273
      vertex 6 21.5012 36.1176
      vertex 6 21.4997 36.1276
    endloop
  endfacet
  facet normal 1 0 0
    outer loop
      vertex 6 20.7569 35.9797
      vertex 6 21.5012 36.1176
      vertex 6 21.4986 36.1273
    endloop
  endfacet
  facet normal 1 0 0
    outer loop
      vertex 6 21.5012 36.1176
      vertex 6 20.7569 35.9797
      vertex 6 20.7571 35.9696
    endloop
  endfacet
  facet normal 1 -0 0
    outer loop
      vertex 6 20.7558 35.9795
      vertex 6 20.7571 35.9696
      vertex 6 20.7569 35.9797
    endloop
  endfacet
  facet normal 1 -0 0
    outer loop
      vertex 6 20.7546 35.9794
      vertex 6 20.7571 35.9696
      vertex 6 20.7558 35.9795
    endloop
  endfacet
  facet normal 1 0 0
    outer loop
      vertex 6 20 35.92
      vertex 6 20.7546 35.9794
      vertex 6 20 35.93
    endloop
  endfacet
  facet normal 1 0 0
    outer loop
      vertex 6 20.7546 35.9794
      vertex 6 20 35.92
      vertex 6 20.7571 35.9696
    endloop
  endfacet
  facet normal 1 0 0
    outer loop
      vertex 6 19.2454 35.9794
      vertex 6 20 35.92
      vertex 6 20 35.93
    endloop
  endfacet
  facet normal 1 0 0
    outer loop
      vertex 6 19.2429 35.9696
      vertex 6 19.2454 35.9794
      vertex 6 19.2442 35.9795
    endloop
  endfacet
  facet normal 1 0 0
    outer loop
      vertex 6 19.2454 35.9794
      vertex 6 19.2429 35.9696
      vertex 6 20 35.92
    endloop
  endfacet
  facet normal 1 0 0
    outer loop
      vertex 6 19.2431 35.9797
      vertex 6 19.2429 35.9696
      vertex 6 19.2442 35.9795
    endloop
  endfacet
  facet normal 1 -0 0
    outer loop
      vertex 6 18.4988 36.1176
      vertex 6 19.2431 35.9797
      vertex 6 18.5014 36.1273
    endloop
  endfacet
  facet normal 1 0 0
    outer loop
      vertex 6 19.2431 35.9797
      vertex 6 18.4988 36.1176
      vertex 6 19.2429 35.9696
    endloop
  endfacet
  facet normal 1 0 0
    outer loop
      vertex 6 18.5003 36.1276
      vertex 6 18.4988 36.1176
      vertex 6 18.5014 36.1273
    endloop
  endfacet
  facet normal 1 -0 0
    outer loop
      vertex 6 17.7804 36.3615
      vertex 6 18.5003 36.1276
      vertex 6 17.7843 36.3707
    endloop
  endfacet
  facet normal 1 0 0
    outer loop
      vertex 6 18.5003 36.1276
      vertex 6 17.7804 36.3615
      vertex 6 18.4988 36.1176
    endloop
  endfacet
  facet normal 1 0 0
    outer loop
      vertex 6 17.106 36.7052
      vertex 6 17.7804 36.3615
      vertex 6 17.7843 36.3707
    endloop
  endfacet
  facet normal 1 0 0
    outer loop
      vertex 6 17.1 36.6971
      vertex 6 17.106 36.7052
      vertex 6 17.105 36.7057
    endloop
  endfacet
  facet normal 1 0 0
    outer loop
      vertex 6 17.106 36.7052
      vertex 6 17.1 36.6971
      vertex 6 17.7804 36.3615
    endloop
  endfacet
  facet normal 1 0 0
    outer loop
      vertex 6 16.4762 37.1258
      vertex 6 17.1 36.6971
      vertex 6 17.105 36.7057
    endloop
  endfacet
  facet normal 1 0 0
    outer loop
      vertex 6 16.4692 37.1185
      vertex 6 16.4762 37.1258
      vertex 6 16.4753 37.1265
    endloop
  endfacet
  facet normal 1 0 0
    outer loop
      vertex 6 16.4762 37.1258
      vertex 6 16.4692 37.1185
      vertex 6 17.1 36.6971
    endloop
  endfacet
  facet normal 1 0 0
    outer loop
      vertex 6 15.9067 37.6251
      vertex 6 16.4692 37.1185
      vertex 6 16.4753 37.1265
    endloop
  endfacet
  facet normal 1 0 0
    outer loop
      vertex 6 15.8988 37.6188
      vertex 6 15.9067 37.6251
      vertex 6 15.9058 37.6258
    endloop
  endfacet
  facet normal 1 0 0
    outer loop
      vertex 6 15.9067 37.6251
      vertex 6 15.8988 37.6188
      vertex 6 16.4692 37.1185
    endloop
  endfacet
  facet normal 1 0 0
    outer loop
      vertex 6 15.9051 37.6267
      vertex 6 15.8988 37.6188
      vertex 6 15.9058 37.6258
    endloop
  endfacet
  facet normal 1 -0 0
    outer loop
      vertex 6 15.3986 38.1892
      vertex 6 15.9051 37.6267
      vertex 6 15.4065 38.1953
    endloop
  endfacet
  facet normal 1 0 0
    outer loop
      vertex 6 15.9051 37.6267
      vertex 6 15.3986 38.1892
      vertex 6 15.8988 37.6188
    endloop
  endfacet
  facet normal 1 0 0
    outer loop
      vertex 6 15.4058 38.1962
      vertex 6 15.3986 38.1892
      vertex 6 15.4065 38.1953
    endloop
  endfacet
  facet normal 1 -0 0
    outer loop
      vertex 6 14.9771 38.82
      vertex 6 15.4058 38.1962
      vertex 6 14.9857 38.825
    endloop
  endfacet
  facet normal 1 0 0
    outer loop
      vertex 6 15.4058 38.1962
      vertex 6 14.9771 38.82
      vertex 6 15.3986 38.1892
    endloop
  endfacet
  facet normal 1 0 0
    outer loop
      vertex 6 14.9852 38.826
      vertex 6 14.9771 38.82
      vertex 6 14.9857 38.825
    endloop
  endfacet
  facet normal 1 -0 0
    outer loop
      vertex 6 14.6415 39.5004
      vertex 6 14.9852 38.826
      vertex 6 14.6507 39.5042
    endloop
  endfacet
  facet normal 1 0 0
    outer loop
      vertex 6 14.9852 38.826
      vertex 6 14.6415 39.5004
      vertex 6 14.9771 38.82
    endloop
  endfacet
  facet normal 1 0 0
    outer loop
      vertex 6 14.4076 40.2203
      vertex 6 14.6415 39.5004
      vertex 6 14.6507 39.5042
    endloop
  endfacet
  facet normal 1 0 0
    outer loop
      vertex 6 14.3976 40.2188
      vertex 6 14.4076 40.2203
      vertex 6 14.4073 40.2214
    endloop
  endfacet
  facet normal 1 0 0
    outer loop
      vertex 6 14.4076 40.2203
      vertex 6 14.3976 40.2188
      vertex 6 14.6415 39.5004
    endloop
  endfacet
  facet normal 1 0 0
    outer loop
      vertex 6 14.2597 40.9631
      vertex 6 14.3976 40.2188
      vertex 6 14.4073 40.2214
    endloop
  endfacet
  facet normal 1 0 0
    outer loop
      vertex 6 14.2496 40.9629
      vertex 6 14.2597 40.9631
      vertex 6 14.2595 40.9642
    endloop
  endfacet
  facet normal 1 0 0
    outer loop
      vertex 6 14.2597 40.9631
      vertex 6 14.2496 40.9629
      vertex 6 14.3976 40.2188
    endloop
  endfacet
  facet normal 1 0 0
    outer loop
      vertex 6 14.2594 40.9654
      vertex 6 14.2496 40.9629
      vertex 6 14.2595 40.9642
    endloop
  endfacet
  facet normal 1 -0 0
    outer loop
      vertex 6 14.2 41.72
      vertex 6 14.2594 40.9654
      vertex 6 14.21 41.72
    endloop
  endfacet
  facet normal 1 0 0
    outer loop
      vertex 6 14.2594 40.9654
      vertex 6 14.2 41.72
      vertex 6 14.2496 40.9629
    endloop
  endfacet
  facet normal 1 -0 0
    outer loop
      vertex 6 15.8988 83.4212
      vertex 6 15.9058 83.4142
      vertex 6 18.6295 86.1578
    endloop
  endfacet
  facet normal 1 0 0
    outer loop
      vertex 6 15.8988 83.4212
      vertex 6 15.9051 83.4133
      vertex 6 15.9058 83.4142
    endloop
  endfacet
  facet normal 1 0 0
    outer loop
      vertex 6 15.3986 82.8508
      vertex 6 15.9051 83.4133
      vertex 6 15.8988 83.4212
    endloop
  endfacet
  facet normal 1 0 0
    outer loop
      vertex 6 15.9051 83.4133
      vertex 6 15.3986 82.8508
      vertex 6 15.4065 82.8447
    endloop
  endfacet
  facet normal 1 0 0
    outer loop
      vertex 6 15.3986 82.8508
      vertex 6 15.4058 82.8438
      vertex 6 15.4065 82.8447
    endloop
  endfacet
  facet normal 1 0 0
    outer loop
      vertex 6 14.9771 82.22
      vertex 6 15.4058 82.8438
      vertex 6 15.3986 82.8508
    endloop
  endfacet
  facet normal 1 0 0
    outer loop
      vertex 6 15.4058 82.8438
      vertex 6 14.9771 82.22
      vertex 6 14.9857 82.215
    endloop
  endfacet
  facet normal 1 0 0
    outer loop
      vertex 6 14.9771 82.22
      vertex 6 14.9852 82.214
      vertex 6 14.9857 82.215
    endloop
  endfacet
  facet normal 1 0 0
    outer loop
      vertex 6 14.6415 81.5396
      vertex 6 14.9852 82.214
      vertex 6 14.9771 82.22
    endloop
  endfacet
  facet normal 1 0 0
    outer loop
      vertex 6 14.9852 82.214
      vertex 6 14.6415 81.5396
      vertex 6 14.6507 81.5358
    endloop
  endfacet
  facet normal 1 0 0
    outer loop
      vertex 6 14.6415 81.5396
      vertex 6 14.4076 80.8197
      vertex 6 14.6507 81.5358
    endloop
  endfacet
  facet normal 1 -0 0
    outer loop
      vertex 6 14.3976 80.8212
      vertex 6 14.4076 80.8197
      vertex 6 14.6415 81.5396
    endloop
  endfacet
  facet normal 1 0 0
    outer loop
      vertex 6 14.4076 80.8197
      vertex 6 14.3976 80.8212
      vertex 6 14.4073 80.8186
    endloop
  endfacet
  facet normal 1 0 0
    outer loop
      vertex 6 14.3976 80.8212
      vertex 6 14.2597 80.0769
      vertex 6 14.4073 80.8186
    endloop
  endfacet
  facet normal 1 -0 0
    outer loop
      vertex 6 14.2496 80.077
      vertex 6 14.2597 80.0769
      vertex 6 14.3976 80.8212
    endloop
  endfacet
  facet normal 1 0 0
    outer loop
      vertex 6 14.2597 80.0769
      vertex 6 14.2496 80.077
      vertex 6 14.2595 80.0758
    endloop
  endfacet
  facet normal 1 0 0
    outer loop
      vertex 6 14.2496 80.077
      vertex 6 14.2594 80.0746
      vertex 6 14.2595 80.0758
    endloop
  endfacet
  facet normal 1 0 0
    outer loop
      vertex 6 14.2 79.32
      vertex 6 14.2594 80.0746
      vertex 6 14.2496 80.077
    endloop
  endfacet
  facet normal 1 0 0
    outer loop
      vertex 6 14.2594 80.0746
      vertex 6 14.2 79.32
      vertex 6 14.21 79.32
    endloop
  endfacet
  facet normal 1 -0 0
    outer loop
      vertex 6 25.7406 80.0746
      vertex 6 25.8 79.32
      vertex 6 25.7504 80.077
    endloop
  endfacet
  facet normal 1 0 0
    outer loop
      vertex 6 25.8 79.32
      vertex 6 25.7406 80.0746
      vertex 6 25.79 79.32
    endloop
  endfacet
  facet normal 1 0 0
    outer loop
      vertex 6 25.7504 80.077
      vertex 6 25.7405 80.0758
      vertex 6 25.7406 80.0746
    endloop
  endfacet
  facet normal 1 0 0
    outer loop
      vertex 6 25.7504 80.077
      vertex 6 25.7403 80.0769
      vertex 6 25.7405 80.0758
    endloop
  endfacet
  facet normal 1 0 0
    outer loop
      vertex 6 25.6024 80.8212
      vertex 6 25.7403 80.0769
      vertex 6 25.7504 80.077
    endloop
  endfacet
  facet normal 1 0 0
    outer loop
      vertex 6 25.6024 80.8212
      vertex 6 25.5927 80.8186
      vertex 6 25.7403 80.0769
    endloop
  endfacet
  facet normal 1 0 0
    outer loop
      vertex 6 25.6024 80.8212
      vertex 6 25.5924 80.8197
      vertex 6 25.5927 80.8186
    endloop
  endfacet
  facet normal 1 0 0
    outer loop
      vertex 6 25.3585 81.5396
      vertex 6 25.5924 80.8197
      vertex 6 25.6024 80.8212
    endloop
  endfacet
  facet normal 1 0 0
    outer loop
      vertex 6 25.3585 81.5396
      vertex 6 25.3493 81.5358
      vertex 6 25.5924 80.8197
    endloop
  endfacet
  facet normal 1 -0 0
    outer loop
      vertex 6 25.0148 82.214
      vertex 6 25.3585 81.5396
      vertex 6 25.0229 82.22
    endloop
  endfacet
  facet normal 1 0 0
    outer loop
      vertex 6 25.3585 81.5396
      vertex 6 25.0148 82.214
      vertex 6 25.3493 81.5358
    endloop
  endfacet
  facet normal 1 0 0
    outer loop
      vertex 6 25.0229 82.22
      vertex 6 25.0143 82.215
      vertex 6 25.0148 82.214
    endloop
  endfacet
  facet normal 1 -0 0
    outer loop
      vertex 6 24.5942 82.8438
      vertex 6 25.0229 82.22
      vertex 6 24.6014 82.8508
    endloop
  endfacet
  facet normal 1 0 0
    outer loop
      vertex 6 25.0229 82.22
      vertex 6 24.5942 82.8438
      vertex 6 25.0143 82.215
    endloop
  endfacet
  facet normal 1 0 0
    outer loop
      vertex 6 24.6014 82.8508
      vertex 6 24.5935 82.8447
      vertex 6 24.5942 82.8438
    endloop
  endfacet
  facet normal 1 -0 0
    outer loop
      vertex 6 24.0949 83.4133
      vertex 6 24.6014 82.8508
      vertex 6 24.1012 83.4212
    endloop
  endfacet
  facet normal 1 0 0
    outer loop
      vertex 6 24.6014 82.8508
      vertex 6 24.0949 83.4133
      vertex 6 24.5935 82.8447
    endloop
  endfacet
  facet normal 1 0 0
    outer loop
      vertex 6 24.1012 83.4212
      vertex 6 24.0942 83.4142
      vertex 6 24.0949 83.4133
    endloop
  endfacet
  facet normal 1 0 -0
    outer loop
      vertex 6 24.0942 83.4142
      vertex 6 24.1012 83.4212
      vertex 6 21.3705 86.1578
    endloop
  endfacet
  facet normal 1 0 0
    outer loop
      vertex 6 25.7406 78.5654
      vertex 6 25.8 79.32
      vertex 6 25.79 79.32
    endloop
  endfacet
  facet normal 1 0 0
    outer loop
      vertex 6 25.8 79.32
      vertex 6 25.7406 78.5654
      vertex 6 25.7504 78.563
    endloop
  endfacet
  facet normal 1 -0 0
    outer loop
      vertex 6 25.7405 78.5642
      vertex 6 25.7504 78.563
      vertex 6 25.7406 78.5654
    endloop
  endfacet
  facet normal 1 -0 0
    outer loop
      vertex 6 25.7403 78.5631
      vertex 6 25.7504 78.563
      vertex 6 25.7405 78.5642
    endloop
  endfacet
  facet normal 1 0 0
    outer loop
      vertex 6 25.7403 78.5631
      vertex 6 25.6024 77.8188
      vertex 6 25.7504 78.563
    endloop
  endfacet
  facet normal 1 -0 0
    outer loop
      vertex 6 25.5927 77.8214
      vertex 6 25.6024 77.8188
      vertex 6 25.7403 78.5631
    endloop
  endfacet
  facet normal 1 -0 0
    outer loop
      vertex 6 25.5924 77.8203
      vertex 6 25.6024 77.8188
      vertex 6 25.5927 77.8214
    endloop
  endfacet
  facet normal 1 0 0
    outer loop
      vertex 6 25.5924 77.8203
      vertex 6 25.3585 77.1004
      vertex 6 25.6024 77.8188
    endloop
  endfacet
  facet normal 1 -0 0
    outer loop
      vertex 6 25.3493 77.1042
      vertex 6 25.3585 77.1004
      vertex 6 25.5924 77.8203
    endloop
  endfacet
  facet normal 1 0 0
    outer loop
      vertex 6 25.0148 76.426
      vertex 6 25.3585 77.1004
      vertex 6 25.3493 77.1042
    endloop
  endfacet
  facet normal 1 0 0
    outer loop
      vertex 6 25.3585 77.1004
      vertex 6 25.0148 76.426
      vertex 6 25.0229 76.42
    endloop
  endfacet
  facet normal 1 -0 0
    outer loop
      vertex 6 25.0143 76.425
      vertex 6 25.0229 76.42
      vertex 6 25.0148 76.426
    endloop
  endfacet
  facet normal 1 0 0
    outer loop
      vertex 6 24.5942 75.7962
      vertex 6 25.0229 76.42
      vertex 6 25.0143 76.425
    endloop
  endfacet
  facet normal 1 0 0
    outer loop
      vertex 6 25.0229 76.42
      vertex 6 24.5942 75.7962
      vertex 6 24.6014 75.7892
    endloop
  endfacet
  facet normal 1 -0 0
    outer loop
      vertex 6 24.5935 75.7952
      vertex 6 24.6014 75.7892
      vertex 6 24.5942 75.7962
    endloop
  endfacet
  facet normal 1 0 0
    outer loop
      vertex 6 24.0949 75.2267
      vertex 6 24.6014 75.7892
      vertex 6 24.5935 75.7952
    endloop
  endfacet
  facet normal 1 0 0
    outer loop
      vertex 6 24.6014 75.7892
      vertex 6 24.0949 75.2267
      vertex 6 24.1012 75.2188
    endloop
  endfacet
  facet normal 1 -0 0
    outer loop
      vertex 6 24.0942 75.2258
      vertex 6 24.1012 75.2188
      vertex 6 24.0949 75.2267
    endloop
  endfacet
  facet normal 1 -0 0
    outer loop
      vertex 6 24.0933 75.2251
      vertex 6 24.1012 75.2188
      vertex 6 24.0942 75.2258
    endloop
  endfacet
  facet normal 1 0 0
    outer loop
      vertex 6 24.0933 75.2251
      vertex 6 23.5308 74.7186
      vertex 6 24.1012 75.2188
    endloop
  endfacet
  facet normal 1 -0 0
    outer loop
      vertex 6 23.5247 74.7265
      vertex 6 23.5308 74.7186
      vertex 6 24.0933 75.2251
    endloop
  endfacet
  facet normal 1 -0 0
    outer loop
      vertex 6 23.5238 74.7258
      vertex 6 23.5308 74.7186
      vertex 6 23.5247 74.7265
    endloop
  endfacet
  facet normal 1 0 0
    outer loop
      vertex 6 23.5238 74.7258
      vertex 6 22.9 74.2971
      vertex 6 23.5308 74.7186
    endloop
  endfacet
  facet normal 1 -0 0
    outer loop
      vertex 6 22.895 74.3057
      vertex 6 22.9 74.2971
      vertex 6 23.5238 74.7258
    endloop
  endfacet
  facet normal 1 -0 0
    outer loop
      vertex 6 22.894 74.3052
      vertex 6 22.9 74.2971
      vertex 6 22.895 74.3057
    endloop
  endfacet
  facet normal 1 0 0
    outer loop
      vertex 6 22.894 74.3052
      vertex 6 22.2196 73.9615
      vertex 6 22.9 74.2971
    endloop
  endfacet
  facet normal 1 -0 0
    outer loop
      vertex 6 22.2157 73.9707
      vertex 6 22.2196 73.9615
      vertex 6 22.894 74.3052
    endloop
  endfacet
  facet normal 1 0 0
    outer loop
      vertex 6 21.4997 73.7276
      vertex 6 22.2196 73.9615
      vertex 6 22.2157 73.9707
    endloop
  endfacet
  facet normal 1 0 0
    outer loop
      vertex 6 22.2196 73.9615
      vertex 6 21.4997 73.7276
      vertex 6 21.5012 73.7176
    endloop
  endfacet
  facet normal 1 -0 0
    outer loop
      vertex 6 21.4986 73.7273
      vertex 6 21.5012 73.7176
      vertex 6 21.4997 73.7276
    endloop
  endfacet
  facet normal 1 0 0
    outer loop
      vertex 6 20.7569 73.5797
      vertex 6 21.5012 73.7176
      vertex 6 21.4986 73.7273
    endloop
  endfacet
  facet normal 1 0 0
    outer loop
      vertex 6 21.5012 73.7176
      vertex 6 20.7569 73.5797
      vertex 6 20.7571 73.5696
    endloop
  endfacet
  facet normal 1 -0 0
    outer loop
      vertex 6 20.7558 73.5795
      vertex 6 20.7571 73.5696
      vertex 6 20.7569 73.5797
    endloop
  endfacet
  facet normal 1 -0 0
    outer loop
      vertex 6 20.7546 73.5794
      vertex 6 20.7571 73.5696
      vertex 6 20.7558 73.5795
    endloop
  endfacet
  facet normal 1 0 0
    outer loop
      vertex 6 20 73.52
      vertex 6 20.7546 73.5794
      vertex 6 20 73.53
    endloop
  endfacet
  facet normal 1 0 0
    outer loop
      vertex 6 20.7546 73.5794
      vertex 6 20 73.52
      vertex 6 20.7571 73.5696
    endloop
  endfacet
  facet normal 1 0 0
    outer loop
      vertex 6 19.2454 73.5794
      vertex 6 20 73.52
      vertex 6 20 73.53
    endloop
  endfacet
  facet normal 1 0 0
    outer loop
      vertex 6 19.2429 73.5696
      vertex 6 19.2454 73.5794
      vertex 6 19.2442 73.5795
    endloop
  endfacet
  facet normal 1 0 0
    outer loop
      vertex 6 19.2454 73.5794
      vertex 6 19.2429 73.5696
      vertex 6 20 73.52
    endloop
  endfacet
  facet normal 1 0 0
    outer loop
      vertex 6 19.2431 73.5797
      vertex 6 19.2429 73.5696
      vertex 6 19.2442 73.5795
    endloop
  endfacet
  facet normal 1 -0 0
    outer loop
      vertex 6 18.4988 73.7176
      vertex 6 19.2431 73.5797
      vertex 6 18.5014 73.7273
    endloop
  endfacet
  facet normal 1 0 0
    outer loop
      vertex 6 19.2431 73.5797
      vertex 6 18.4988 73.7176
      vertex 6 19.2429 73.5696
    endloop
  endfacet
  facet normal 1 0 0
    outer loop
      vertex 6 18.5003 73.7276
      vertex 6 18.4988 73.7176
      vertex 6 18.5014 73.7273
    endloop
  endfacet
  facet normal 1 -0 0
    outer loop
      vertex 6 17.7804 73.9615
      vertex 6 18.5003 73.7276
      vertex 6 17.7843 73.9707
    endloop
  endfacet
  facet normal 1 0 0
    outer loop
      vertex 6 18.5003 73.7276
      vertex 6 17.7804 73.9615
      vertex 6 18.4988 73.7176
    endloop
  endfacet
  facet normal 1 0 0
    outer loop
      vertex 6 17.106 74.3052
      vertex 6 17.7804 73.9615
      vertex 6 17.7843 73.9707
    endloop
  endfacet
  facet normal 1 0 0
    outer loop
      vertex 6 17.1 74.2971
      vertex 6 17.106 74.3052
      vertex 6 17.105 74.3057
    endloop
  endfacet
  facet normal 1 0 0
    outer loop
      vertex 6 17.106 74.3052
      vertex 6 17.1 74.2971
      vertex 6 17.7804 73.9615
    endloop
  endfacet
  facet normal 1 0 0
    outer loop
      vertex 6 16.4762 74.7258
      vertex 6 17.1 74.2971
      vertex 6 17.105 74.3057
    endloop
  endfacet
  facet normal 1 0 0
    outer loop
      vertex 6 16.4692 74.7186
      vertex 6 16.4762 74.7258
      vertex 6 16.4753 74.7265
    endloop
  endfacet
  facet normal 1 0 0
    outer loop
      vertex 6 16.4762 74.7258
      vertex 6 16.4692 74.7186
      vertex 6 17.1 74.2971
    endloop
  endfacet
  facet normal 1 0 0
    outer loop
      vertex 6 15.9067 75.2251
      vertex 6 16.4692 74.7186
      vertex 6 16.4753 74.7265
    endloop
  endfacet
  facet normal 1 0 0
    outer loop
      vertex 6 15.8988 75.2188
      vertex 6 15.9067 75.2251
      vertex 6 15.9058 75.2258
    endloop
  endfacet
  facet normal 1 0 0
    outer loop
      vertex 6 15.9067 75.2251
      vertex 6 15.8988 75.2188
      vertex 6 16.4692 74.7186
    endloop
  endfacet
  facet normal 1 0 0
    outer loop
      vertex 6 15.9051 75.2267
      vertex 6 15.8988 75.2188
      vertex 6 15.9058 75.2258
    endloop
  endfacet
  facet normal 1 -0 0
    outer loop
      vertex 6 15.3986 75.7892
      vertex 6 15.9051 75.2267
      vertex 6 15.4065 75.7952
    endloop
  endfacet
  facet normal 1 0 0
    outer loop
      vertex 6 15.9051 75.2267
      vertex 6 15.3986 75.7892
      vertex 6 15.8988 75.2188
    endloop
  endfacet
  facet normal 1 0 0
    outer loop
      vertex 6 15.4058 75.7962
      vertex 6 15.3986 75.7892
      vertex 6 15.4065 75.7952
    endloop
  endfacet
  facet normal 1 -0 0
    outer loop
      vertex 6 14.9771 76.42
      vertex 6 15.4058 75.7962
      vertex 6 14.9857 76.425
    endloop
  endfacet
  facet normal 1 0 0
    outer loop
      vertex 6 15.4058 75.7962
      vertex 6 14.9771 76.42
      vertex 6 15.3986 75.7892
    endloop
  endfacet
  facet normal 1 0 0
    outer loop
      vertex 6 14.9852 76.426
      vertex 6 14.9771 76.42
      vertex 6 14.9857 76.425
    endloop
  endfacet
  facet normal 1 -0 0
    outer loop
      vertex 6 14.6415 77.1004
      vertex 6 14.9852 76.426
      vertex 6 14.6507 77.1042
    endloop
  endfacet
  facet normal 1 0 0
    outer loop
      vertex 6 14.9852 76.426
      vertex 6 14.6415 77.1004
      vertex 6 14.9771 76.42
    endloop
  endfacet
  facet normal 1 0 0
    outer loop
      vertex 6 14.4076 77.8203
      vertex 6 14.6415 77.1004
      vertex 6 14.6507 77.1042
    endloop
  endfacet
  facet normal 1 0 0
    outer loop
      vertex 6 14.3976 77.8188
      vertex 6 14.4076 77.8203
      vertex 6 14.4073 77.8214
    endloop
  endfacet
  facet normal 1 0 0
    outer loop
      vertex 6 14.4076 77.8203
      vertex 6 14.3976 77.8188
      vertex 6 14.6415 77.1004
    endloop
  endfacet
  facet normal 1 0 0
    outer loop
      vertex 6 14.2597 78.5631
      vertex 6 14.3976 77.8188
      vertex 6 14.4073 77.8214
    endloop
  endfacet
  facet normal 1 0 0
    outer loop
      vertex 6 14.2496 78.563
      vertex 6 14.2597 78.5631
      vertex 6 14.2595 78.5642
    endloop
  endfacet
  facet normal 1 0 0
    outer loop
      vertex 6 14.2597 78.5631
      vertex 6 14.2496 78.563
      vertex 6 14.3976 77.8188
    endloop
  endfacet
  facet normal 1 0 0
    outer loop
      vertex 6 14.2594 78.5654
      vertex 6 14.2496 78.563
      vertex 6 14.2595 78.5642
    endloop
  endfacet
  facet normal 1 -0 0
    outer loop
      vertex 6 14.2 79.32
      vertex 6 14.2594 78.5654
      vertex 6 14.21 79.32
    endloop
  endfacet
  facet normal 1 0 0
    outer loop
      vertex 6 14.2594 78.5654
      vertex 6 14.2 79.32
      vertex 6 14.2496 78.563
    endloop
  endfacet
  facet normal -0 0 1
    outer loop
      vertex 0 40 100
      vertex 6 0 100
      vertex 6 40 100
    endloop
  endfacet
  facet normal 0 0 1
    outer loop
      vertex 6 0 100
      vertex 0 40 100
      vertex 0 0 100
    endloop
  endfacet
  facet normal -1 0 0
    outer loop
      vertex 0 22.6563 42.4318
      vertex 0 40 100
      vertex 0 22.7265 42.0789
    endloop
  endfacet
  facet normal -1 0 0
    outer loop
      vertex 0 40 100
      vertex 0 22.7265 78.9611
      vertex 0 22.75 79.32
    endloop
  endfacet
  facet normal -1 0 0
    outer loop
      vertex 0 22.5407 42.7724
      vertex 0 40 100
      vertex 0 22.6563 42.4318
    endloop
  endfacet
  facet normal -1 0 0
    outer loop
      vertex 0 40 100
      vertex 0 22.6563 78.6082
      vertex 0 22.7265 78.9611
    endloop
  endfacet
  facet normal -1 0 0
    outer loop
      vertex 0 22.5407 78.2676
      vertex 0 40 100
      vertex 0 22.5407 42.7724
    endloop
  endfacet
  facet normal -1 0 0
    outer loop
      vertex 0 40 100
      vertex 0 22.5407 78.2676
      vertex 0 22.6563 78.6082
    endloop
  endfacet
  facet normal -1 0 0
    outer loop
      vertex 0 22.3816 43.095
      vertex 0 22.5407 78.2676
      vertex 0 22.5407 42.7724
    endloop
  endfacet
  facet normal -1 0 0
    outer loop
      vertex 0 22.3816 43.095
      vertex 0 22.3816 77.945
      vertex 0 22.5407 78.2676
    endloop
  endfacet
  facet normal -1 0 0
    outer loop
      vertex 0 22.1817 43.3941
      vertex 0 22.3816 77.945
      vertex 0 22.3816 43.095
    endloop
  endfacet
  facet normal -1 0 0
    outer loop
      vertex 0 22.1817 43.3941
      vertex 0 22.1817 77.6459
      vertex 0 22.3816 77.945
    endloop
  endfacet
  facet normal -1 0 0
    outer loop
      vertex 0 21.9445 43.6645
      vertex 0 22.1817 77.6459
      vertex 0 22.1817 43.3941
    endloop
  endfacet
  facet normal -1 0 0
    outer loop
      vertex 0 21.9445 43.6645
      vertex 0 21.9445 77.3755
      vertex 0 22.1817 77.6459
    endloop
  endfacet
  facet normal -1 0 0
    outer loop
      vertex 0 20.005 45.6135
      vertex 0 21.9445 77.3755
      vertex 0 21.9445 43.6645
    endloop
  endfacet
  facet normal -1 0 0
    outer loop
      vertex 0 21.9445 77.3755
      vertex 0 20.005 45.6135
      vertex 0 21.6741 77.1383
    endloop
  endfacet
  facet normal -1 0 0
    outer loop
      vertex 0 21.6741 77.1383
      vertex 0 20.005 45.6135
      vertex 0 21.375 76.9384
    endloop
  endfacet
  facet normal -1 0 0
    outer loop
      vertex 0 21.375 76.9384
      vertex 0 20.005 45.6135
      vertex 0 21.0524 76.7793
    endloop
  endfacet
  facet normal -1 0 0
    outer loop
      vertex 0 21.0524 76.7793
      vertex 0 20.005 45.6135
      vertex 0 20.7118 76.6637
    endloop
  endfacet
  facet normal -1 0 0
    outer loop
      vertex 0 20.7118 76.6637
      vertex 0 20.005 45.6135
      vertex 0 20.3589 76.5935
    endloop
  endfacet
  facet normal -1 0 0
    outer loop
      vertex 0 20.005 45.6135
      vertex 0 20 76.57
      vertex 0 20.3589 76.5935
    endloop
  endfacet
  facet normal -1 0 0
    outer loop
      vertex 0 19.995 45.6135
      vertex 0 20 76.57
      vertex 0 20.005 45.6135
    endloop
  endfacet
  facet normal -1 0 0
    outer loop
      vertex 0 19.995 45.6135
      vertex 0 19.6411 76.5935
      vertex 0 20 76.57
    endloop
  endfacet
  facet normal -1 0 0
    outer loop
      vertex 0 19.995 45.6135
      vertex 0 19.2882 76.6637
      vertex 0 19.6411 76.5935
    endloop
  endfacet
  facet normal -1 0 0
    outer loop
      vertex 0 19.995 45.6135
      vertex 0 18.9476 76.7793
      vertex 0 19.2882 76.6637
    endloop
  endfacet
  facet normal -1 0 0
    outer loop
      vertex 0 19.995 45.6135
      vertex 0 18.625 76.9384
      vertex 0 18.9476 76.7793
    endloop
  endfacet
  facet normal -1 0 0
    outer loop
      vertex 0 19.995 45.6135
      vertex 0 18.3259 77.1383
      vertex 0 18.625 76.9384
    endloop
  endfacet
  facet normal -1 0 0
    outer loop
      vertex 0 18.0555 77.3755
      vertex 0 19.995 45.6135
      vertex 0 18.0555 43.6645
    endloop
  endfacet
  facet normal -1 0 0
    outer loop
      vertex 0 19.995 45.6135
      vertex 0 18.0555 77.3755
      vertex 0 18.3259 77.1383
    endloop
  endfacet
  facet normal -1 0 0
    outer loop
      vertex 0 17.8183 43.3941
      vertex 0 18.0555 77.3755
      vertex 0 18.0555 43.6645
    endloop
  endfacet
  facet normal -1 0 0
    outer loop
      vertex 0 17.8183 43.3941
      vertex 0 17.8183 77.6459
      vertex 0 18.0555 77.3755
    endloop
  endfacet
  facet normal -1 0 0
    outer loop
      vertex 0 17.6184 43.095
      vertex 0 17.8183 77.6459
      vertex 0 17.8183 43.3941
    endloop
  endfacet
  facet normal -1 0 0
    outer loop
      vertex 0 17.6184 43.095
      vertex 0 17.6184 77.945
      vertex 0 17.8183 77.6459
    endloop
  endfacet
  facet normal -1 0 0
    outer loop
      vertex 0 17.4593 42.7724
      vertex 0 17.6184 77.945
      vertex 0 17.6184 43.095
    endloop
  endfacet
  facet normal -1 0 0
    outer loop
      vertex 0 17.4593 42.7724
      vertex 0 17.4593 78.2676
      vertex 0 17.6184 77.945
    endloop
  endfacet
  facet normal -1 0 0
    outer loop
      vertex 0 0 100
      vertex 0 17.4593 42.7724
      vertex 0 17.3437 42.4318
    endloop
  endfacet
  facet normal -1 0 0
    outer loop
      vertex 0 17.4593 42.7724
      vertex 0 0 100
      vertex 0 17.4593 78.2676
    endloop
  endfacet
  facet normal -1 0 0
    outer loop
      vertex 0 0 100
      vertex 0 17.3437 42.4318
      vertex 0 17.2735 42.0789
    endloop
  endfacet
  facet normal -1 0 0
    outer loop
      vertex 0 17.4593 78.2676
      vertex 0 0 100
      vertex 0 17.3437 78.6082
    endloop
  endfacet
  facet normal -1 0 0
    outer loop
      vertex 0 0 0
      vertex 0 17.2735 42.0789
      vertex 0 17.25 41.72
    endloop
  endfacet
  facet normal -1 0 0
    outer loop
      vertex 0 17.3437 78.6082
      vertex 0 0 100
      vertex 0 17.2735 78.9611
    endloop
  endfacet
  facet normal -1 0 0
    outer loop
      vertex 0 22.7265 42.0789
      vertex 0 40 0
      vertex 0 22.75 41.72
    endloop
  endfacet
  facet normal -1 0 0
    outer loop
      vertex 0 40 0
      vertex 0 22.7265 41.3611
      vertex 0 22.75 41.72
    endloop
  endfacet
  facet normal -1 0 0
    outer loop
      vertex 0 40 0
      vertex 0 22.6563 41.0082
      vertex 0 22.7265 41.3611
    endloop
  endfacet
  facet normal -1 0 0
    outer loop
      vertex 0 40 0
      vertex 0 22.5407 40.6676
      vertex 0 22.6563 41.0082
    endloop
  endfacet
  facet normal -1 0 0
    outer loop
      vertex 0 40 0
      vertex 0 22.3816 40.345
      vertex 0 22.5407 40.6676
    endloop
  endfacet
  facet normal -1 0 0
    outer loop
      vertex 0 40 0
      vertex 0 22.1817 40.0459
      vertex 0 22.3816 40.345
    endloop
  endfacet
  facet normal -1 0 0
    outer loop
      vertex 0 40 0
      vertex 0 21.9445 39.7755
      vertex 0 22.1817 40.0459
    endloop
  endfacet
  facet normal -1 0 0
    outer loop
      vertex 0 40 0
      vertex 0 21.6741 39.5383
      vertex 0 21.9445 39.7755
    endloop
  endfacet
  facet normal -1 0 0
    outer loop
      vertex 0 40 0
      vertex 0 21.375 39.3384
      vertex 0 21.6741 39.5383
    endloop
  endfacet
  facet normal -1 0 0
    outer loop
      vertex 0 40 0
      vertex 0 21.0524 39.1793
      vertex 0 21.375 39.3384
    endloop
  endfacet
  facet normal -1 0 0
    outer loop
      vertex 0 40 0
      vertex 0 20.7118 39.0637
      vertex 0 21.0524 39.1793
    endloop
  endfacet
  facet normal -1 0 0
    outer loop
      vertex 0 40 0
      vertex 0 20.3589 38.9935
      vertex 0 20.7118 39.0637
    endloop
  endfacet
  facet normal -1 0 0
    outer loop
      vertex 0 40 0
      vertex 0 20 38.97
      vertex 0 20.3589 38.9935
    endloop
  endfacet
  facet normal -1 0 0
    outer loop
      vertex 0 0 0
      vertex 0 20 38.97
      vertex 0 40 0
    endloop
  endfacet
  facet normal -1 -0 0
    outer loop
      vertex 0 20 38.97
      vertex 0 0 0
      vertex 0 19.6411 38.9935
    endloop
  endfacet
  facet normal -1 -0 0
    outer loop
      vertex 0 19.6411 38.9935
      vertex 0 0 0
      vertex 0 19.2882 39.0637
    endloop
  endfacet
  facet normal -1 -0 0
    outer loop
      vertex 0 19.2882 39.0637
      vertex 0 0 0
      vertex 0 18.9476 39.1793
    endloop
  endfacet
  facet normal -1 -0 0
    outer loop
      vertex 0 18.9476 39.1793
      vertex 0 0 0
      vertex 0 18.625 39.3384
    endloop
  endfacet
  facet normal -1 -0 0
    outer loop
      vertex 0 18.625 39.3384
      vertex 0 0 0
      vertex 0 18.3259 39.5383
    endloop
  endfacet
  facet normal -1 -0 0
    outer loop
      vertex 0 18.3259 39.5383
      vertex 0 0 0
      vertex 0 18.0555 39.7755
    endloop
  endfacet
  facet normal -1 -0 0
    outer loop
      vertex 0 18.0555 39.7755
      vertex 0 0 0
      vertex 0 17.8183 40.0459
    endloop
  endfacet
  facet normal -1 -0 0
    outer loop
      vertex 0 17.2735 42.0789
      vertex 0 0 0
      vertex 0 0 100
    endloop
  endfacet
  facet normal -1 -0 0
    outer loop
      vertex 0 17.2735 41.3611
      vertex 0 0 0
      vertex 0 17.25 41.72
    endloop
  endfacet
  facet normal -1 -0 0
    outer loop
      vertex 0 17.3437 41.0082
      vertex 0 0 0
      vertex 0 17.2735 41.3611
    endloop
  endfacet
  facet normal -1 -0 0
    outer loop
      vertex 0 17.4593 40.6676
      vertex 0 0 0
      vertex 0 17.3437 41.0082
    endloop
  endfacet
  facet normal -1 -0 0
    outer loop
      vertex 0 17.6184 40.345
      vertex 0 0 0
      vertex 0 17.4593 40.6676
    endloop
  endfacet
  facet normal -1 -0 0
    outer loop
      vertex 0 17.8183 40.0459
      vertex 0 0 0
      vertex 0 17.6184 40.345
    endloop
  endfacet
  facet normal -1 0 0
    outer loop
      vertex 0 40 0
      vertex 0 22.7265 42.0789
      vertex 0 40 100
    endloop
  endfacet
  facet normal -1 0 0
    outer loop
      vertex 0 22.7265 79.6789
      vertex 0 40 100
      vertex 0 22.75 79.32
    endloop
  endfacet
  facet normal -1 0 0
    outer loop
      vertex 0 22.6563 80.0318
      vertex 0 40 100
      vertex 0 22.7265 79.6789
    endloop
  endfacet
  facet normal -1 0 0
    outer loop
      vertex 0 22.5407 80.3724
      vertex 0 40 100
      vertex 0 22.6563 80.0318
    endloop
  endfacet
  facet normal -1 0 0
    outer loop
      vertex 0 22.3816 80.695
      vertex 0 40 100
      vertex 0 22.5407 80.3724
    endloop
  endfacet
  facet normal -1 0 0
    outer loop
      vertex 0 22.1817 80.9941
      vertex 0 40 100
      vertex 0 22.3816 80.695
    endloop
  endfacet
  facet normal -1 0 0
    outer loop
      vertex 0 21.9445 81.2645
      vertex 0 40 100
      vertex 0 22.1817 80.9941
    endloop
  endfacet
  facet normal -1 0 0
    outer loop
      vertex 0 20.005 83.2135
      vertex 0 40 100
      vertex 0 21.9445 81.2645
    endloop
  endfacet
  facet normal -1 0 0
    outer loop
      vertex 0 19.995 83.2135
      vertex 0 40 100
      vertex 0 20.005 83.2135
    endloop
  endfacet
  facet normal -1 0 0
    outer loop
      vertex 0 17.2735 78.9611
      vertex 0 0 100
      vertex 0 17.25 79.32
    endloop
  endfacet
  facet normal -1 0 0
    outer loop
      vertex 0 17.25 79.32
      vertex 0 0 100
      vertex 0 17.2735 79.6789
    endloop
  endfacet
  facet normal -1 0 0
    outer loop
      vertex 0 19.995 83.2135
      vertex 0 0 100
      vertex 0 40 100
    endloop
  endfacet
  facet normal -1 0 0
    outer loop
      vertex 0 18.0555 81.2645
      vertex 0 0 100
      vertex 0 19.995 83.2135
    endloop
  endfacet
  facet normal -1 0 0
    outer loop
      vertex 0 17.8183 80.9941
      vertex 0 0 100
      vertex 0 18.0555 81.2645
    endloop
  endfacet
  facet normal -1 0 0
    outer loop
      vertex 0 17.6184 80.695
      vertex 0 0 100
      vertex 0 17.8183 80.9941
    endloop
  endfacet
  facet normal -1 0 0
    outer loop
      vertex 0 17.4593 80.3724
      vertex 0 0 100
      vertex 0 17.6184 80.695
    endloop
  endfacet
  facet normal -1 0 0
    outer loop
      vertex 0 17.3437 80.0318
      vertex 0 0 100
      vertex 0 17.4593 80.3724
    endloop
  endfacet
  facet normal -1 0 0
    outer loop
      vertex 0 17.2735 79.6789
      vertex 0 0 100
      vertex 0 17.3437 80.0318
    endloop
  endfacet
  facet normal 0 0 -1
    outer loop
      vertex 100 0 0
      vertex 82.07 20 0
      vertex 100 40 0
    endloop
  endfacet
  facet normal 0 0 -1
    outer loop
      vertex 100 0 0
      vertex 82.0465 19.6411 0
      vertex 82.07 20 0
    endloop
  endfacet
  facet normal 0 0 -1
    outer loop
      vertex 100 0 0
      vertex 81.9763 19.2882 0
      vertex 82.0465 19.6411 0
    endloop
  endfacet
  facet normal 0 0 -1
    outer loop
      vertex 100 0 0
      vertex 81.8607 18.9476 0
      vertex 81.9763 19.2882 0
    endloop
  endfacet
  facet normal 0 0 -1
    outer loop
      vertex 100 0 0
      vertex 81.7016 18.625 0
      vertex 81.8607 18.9476 0
    endloop
  endfacet
  facet normal 0 0 -1
    outer loop
      vertex 100 0 0
      vertex 81.5017 18.3259 0
      vertex 81.7016 18.625 0
    endloop
  endfacet
  facet normal 0 0 -1
    outer loop
      vertex 100 0 0
      vertex 81.2645 18.0555 0
      vertex 81.5017 18.3259 0
    endloop
  endfacet
  facet normal 0 0 -1
    outer loop
      vertex 100 0 0
      vertex 80.9941 17.8183 0
      vertex 81.2645 18.0555 0
    endloop
  endfacet
  facet normal 0 0 -1
    outer loop
      vertex 100 0 0
      vertex 80.695 17.6184 0
      vertex 80.9941 17.8183 0
    endloop
  endfacet
  facet normal 0 0 -1
    outer loop
      vertex 100 0 0
      vertex 80.3724 17.4593 0
      vertex 80.695 17.6184 0
    endloop
  endfacet
  facet normal 0 0 -1
    outer loop
      vertex 100 0 0
      vertex 80.0318 17.3437 0
      vertex 80.3724 17.4593 0
    endloop
  endfacet
  facet normal 0 0 -1
    outer loop
      vertex 100 0 0
      vertex 79.6789 17.2735 0
      vertex 80.0318 17.3437 0
    endloop
  endfacet
  facet normal 0 0 -1
    outer loop
      vertex 100 0 0
      vertex 79.32 17.25 0
      vertex 79.6789 17.2735 0
    endloop
  endfacet
  facet normal 0 0 -1
    outer loop
      vertex 100 0 0
      vertex 78.9611 17.2735 0
      vertex 79.32 17.25 0
    endloop
  endfacet
  facet normal 0 0 -1
    outer loop
      vertex 100 0 0
      vertex 78.6082 17.3437 0
      vertex 78.9611 17.2735 0
    endloop
  endfacet
  facet normal 0 0 -1
    outer loop
      vertex 100 0 0
      vertex 78.2676 17.4593 0
      vertex 78.6082 17.3437 0
    endloop
  endfacet
  facet normal 0 0 -1
    outer loop
      vertex 42.7724 17.4593 0
      vertex 78.2676 17.4593 0
      vertex 100 0 0
    endloop
  endfacet
  facet normal 0 0 -1
    outer loop
      vertex 78.2676 17.4593 0
      vertex 42.7724 17.4593 0
      vertex 77.945 17.6184 0
    endloop
  endfacet
  facet normal 0 0 -1
    outer loop
      vertex 76.5935 19.6411 0
      vertex 44.47 20 0
      vertex 76.57 20 0
    endloop
  endfacet
  facet normal 0 0 -1
    outer loop
      vertex 44.4465 19.6411 0
      vertex 76.5935 19.6411 0
      vertex 76.6637 19.2882 0
    endloop
  endfacet
  facet normal 0 0 -1
    outer loop
      vertex 44.3763 19.2882 0
      vertex 76.6637 19.2882 0
      vertex 76.7793 18.9476 0
    endloop
  endfacet
  facet normal 0 0 -1
    outer loop
      vertex 44.2607 18.9476 0
      vertex 76.7793 18.9476 0
      vertex 76.9384 18.625 0
    endloop
  endfacet
  facet normal 0 0 -1
    outer loop
      vertex 44.1016 18.625 0
      vertex 76.9384 18.625 0
      vertex 77.1383 18.3259 0
    endloop
  endfacet
  facet normal 0 0 -1
    outer loop
      vertex 43.9017 18.3259 0
      vertex 77.1383 18.3259 0
      vertex 77.3755 18.0555 0
    endloop
  endfacet
  facet normal 0 0 -1
    outer loop
      vertex 43.6645 18.0555 0
      vertex 77.3755 18.0555 0
      vertex 77.6459 17.8183 0
    endloop
  endfacet
  facet normal 0 -0 -1
    outer loop
      vertex 43.095 17.6184 0
      vertex 77.945 17.6184 0
      vertex 42.7724 17.4593 0
    endloop
  endfacet
  facet normal 0 0 -1
    outer loop
      vertex 76.5935 19.6411 0
      vertex 44.4465 19.6411 0
      vertex 44.47 20 0
    endloop
  endfacet
  facet normal 0 0 -1
    outer loop
      vertex 76.6637 19.2882 0
      vertex 44.3763 19.2882 0
      vertex 44.4465 19.6411 0
    endloop
  endfacet
  facet normal 0 0 -1
    outer loop
      vertex 76.7793 18.9476 0
      vertex 44.2607 18.9476 0
      vertex 44.3763 19.2882 0
    endloop
  endfacet
  facet normal 0 0 -1
    outer loop
      vertex 76.9384 18.625 0
      vertex 44.1016 18.625 0
      vertex 44.2607 18.9476 0
    endloop
  endfacet
  facet normal 0 0 -1
    outer loop
      vertex 77.1383 18.3259 0
      vertex 43.9017 18.3259 0
      vertex 44.1016 18.625 0
    endloop
  endfacet
  facet normal 0 0 -1
    outer loop
      vertex 77.3755 18.0555 0
      vertex 43.6645 18.0555 0
      vertex 43.9017 18.3259 0
    endloop
  endfacet
  facet normal 0 0 -1
    outer loop
      vertex 77.6459 17.8183 0
      vertex 43.3941 17.8183 0
      vertex 43.6645 18.0555 0
    endloop
  endfacet
  facet normal -0 0 -1
    outer loop
      vertex 77.6459 17.8183 0
      vertex 43.095 17.6184 0
      vertex 43.3941 17.8183 0
    endloop
  endfacet
  facet normal 0 0 -1
    outer loop
      vertex 77.945 17.6184 0
      vertex 43.095 17.6184 0
      vertex 77.6459 17.8183 0
    endloop
  endfacet
  facet normal 0 0 -1
    outer loop
      vertex 100 0 0
      vertex 42.4318 17.3437 0
      vertex 42.7724 17.4593 0
    endloop
  endfacet
  facet normal 0 0 -1
    outer loop
      vertex 100 0 0
      vertex 42.0789 17.2735 0
      vertex 42.4318 17.3437 0
    endloop
  endfacet
  facet normal 0 0 -1
    outer loop
      vertex 0 0 0
      vertex 42.0789 17.2735 0
      vertex 100 0 0
    endloop
  endfacet
  facet normal 0 0 -1
    outer loop
      vertex 42.0789 17.2735 0
      vertex 0 0 0
      vertex 41.72 17.25 0
    endloop
  endfacet
  facet normal -0 0 -1
    outer loop
      vertex 41.72 17.25 0
      vertex 0 0 0
      vertex 41.3611 17.2735 0
    endloop
  endfacet
  facet normal -0 0 -1
    outer loop
      vertex 38.9935 19.6411 0
      vertex 0 0 0
      vertex 38.97 20 0
    endloop
  endfacet
  facet normal -0 0 -1
    outer loop
      vertex 39.0637 19.2882 0
      vertex 0 0 0
      vertex 38.9935 19.6411 0
    endloop
  endfacet
  facet normal -0 0 -1
    outer loop
      vertex 39.1793 18.9476 0
      vertex 0 0 0
      vertex 39.0637 19.2882 0
    endloop
  endfacet
  facet normal -0 0 -1
    outer loop
      vertex 39.3384 18.625 0
      vertex 0 0 0
      vertex 39.1793 18.9476 0
    endloop
  endfacet
  facet normal -0 0 -1
    outer loop
      vertex 39.5383 18.3259 0
      vertex 0 0 0
      vertex 39.3384 18.625 0
    endloop
  endfacet
  facet normal -0 0 -1
    outer loop
      vertex 39.7755 18.0555 0
      vertex 0 0 0
      vertex 39.5383 18.3259 0
    endloop
  endfacet
  facet normal -0 0 -1
    outer loop
      vertex 40.0459 17.8183 0
      vertex 0 0 0
      vertex 39.7755 18.0555 0
    endloop
  endfacet
  facet normal -0 0 -1
    outer loop
      vertex 40.345 17.6184 0
      vertex 0 0 0
      vertex 40.0459 17.8183 0
    endloop
  endfacet
  facet normal -0 0 -1
    outer loop
      vertex 40.6676 17.4593 0
      vertex 0 0 0
      vertex 40.345 17.6184 0
    endloop
  endfacet
  facet normal -0 0 -1
    outer loop
      vertex 41.0082 17.3437 0
      vertex 0 0 0
      vertex 40.6676 17.4593 0
    endloop
  endfacet
  facet normal -0 0 -1
    outer loop
      vertex 41.3611 17.2735 0
      vertex 0 0 0
      vertex 41.0082 17.3437 0
    endloop
  endfacet
  facet normal 0 0 -1
    outer loop
      vertex 82.0465 20.3589 0
      vertex 100 40 0
      vertex 82.07 20 0
    endloop
  endfacet
  facet normal 0 0 -1
    outer loop
      vertex 81.9763 20.7118 0
      vertex 100 40 0
      vertex 82.0465 20.3589 0
    endloop
  endfacet
  facet normal 0 0 -1
    outer loop
      vertex 81.8607 21.0524 0
      vertex 100 40 0
      vertex 81.9763 20.7118 0
    endloop
  endfacet
  facet normal 0 0 -1
    outer loop
      vertex 81.7016 21.375 0
      vertex 100 40 0
      vertex 81.8607 21.0524 0
    endloop
  endfacet
  facet normal 0 0 -1
    outer loop
      vertex 81.5017 21.6741 0
      vertex 100 40 0
      vertex 81.7016 21.375 0
    endloop
  endfacet
  facet normal 0 0 -1
    outer loop
      vertex 81.2645 21.9445 0
      vertex 100 40 0
      vertex 81.5017 21.6741 0
    endloop
  endfacet
  facet normal 0 0 -1
    outer loop
      vertex 80.9941 22.1817 0
      vertex 100 40 0
      vertex 81.2645 21.9445 0
    endloop
  endfacet
  facet normal 0 0 -1
    outer loop
      vertex 80.695 22.3816 0
      vertex 100 40 0
      vertex 80.9941 22.1817 0
    endloop
  endfacet
  facet normal 0 0 -1
    outer loop
      vertex 80.3724 22.5407 0
      vertex 100 40 0
      vertex 80.695 22.3816 0
    endloop
  endfacet
  facet normal 0 0 -1
    outer loop
      vertex 80.0318 22.6563 0
      vertex 100 40 0
      vertex 80.3724 22.5407 0
    endloop
  endfacet
  facet normal 0 0 -1
    outer loop
      vertex 79.6789 22.7265 0
      vertex 100 40 0
      vertex 80.0318 22.6563 0
    endloop
  endfacet
  facet normal 0 0 -1
    outer loop
      vertex 79.32 22.75 0
      vertex 100 40 0
      vertex 79.6789 22.7265 0
    endloop
  endfacet
  facet normal 0 0 -1
    outer loop
      vertex 78.9611 22.7265 0
      vertex 100 40 0
      vertex 79.32 22.75 0
    endloop
  endfacet
  facet normal 0 0 -1
    outer loop
      vertex 78.6082 22.6563 0
      vertex 100 40 0
      vertex 78.9611 22.7265 0
    endloop
  endfacet
  facet normal 0 0 -1
    outer loop
      vertex 78.2676 22.5407 0
      vertex 100 40 0
      vertex 78.6082 22.6563 0
    endloop
  endfacet
  facet normal 0 0 -1
    outer loop
      vertex 42.7724 22.5407 0
      vertex 78.2676 22.5407 0
      vertex 77.945 22.3816 0
    endloop
  endfacet
  facet normal 0 0 -1
    outer loop
      vertex 43.095 22.3816 0
      vertex 77.945 22.3816 0
      vertex 77.6459 22.1817 0
    endloop
  endfacet
  facet normal 0 0 -1
    outer loop
      vertex 44.47 20 0
      vertex 76.5935 20.3589 0
      vertex 76.57 20 0
    endloop
  endfacet
  facet normal 0 0 -1
    outer loop
      vertex 44.4465 20.3589 0
      vertex 76.5935 20.3589 0
      vertex 44.47 20 0
    endloop
  endfacet
  facet normal 0 0 -1
    outer loop
      vertex 76.5935 20.3589 0
      vertex 44.4465 20.3589 0
      vertex 76.6637 20.7118 0
    endloop
  endfacet
  facet normal 0 0 -1
    outer loop
      vertex 44.3763 20.7118 0
      vertex 76.6637 20.7118 0
      vertex 44.4465 20.3589 0
    endloop
  endfacet
  facet normal 0 0 -1
    outer loop
      vertex 76.6637 20.7118 0
      vertex 44.3763 20.7118 0
      vertex 76.7793 21.0524 0
    endloop
  endfacet
  facet normal 0 0 -1
    outer loop
      vertex 44.2607 21.0524 0
      vertex 76.7793 21.0524 0
      vertex 44.3763 20.7118 0
    endloop
  endfacet
  facet normal 0 0 -1
    outer loop
      vertex 76.7793 21.0524 0
      vertex 44.2607 21.0524 0
      vertex 76.9384 21.375 0
    endloop
  endfacet
  facet normal 0 0 -1
    outer loop
      vertex 44.1016 21.375 0
      vertex 76.9384 21.375 0
      vertex 44.2607 21.0524 0
    endloop
  endfacet
  facet normal 0 0 -1
    outer loop
      vertex 76.9384 21.375 0
      vertex 44.1016 21.375 0
      vertex 77.1383 21.6741 0
    endloop
  endfacet
  facet normal 0 0 -1
    outer loop
      vertex 43.9017 21.6741 0
      vertex 77.1383 21.6741 0
      vertex 44.1016 21.375 0
    endloop
  endfacet
  facet normal 0 0 -1
    outer loop
      vertex 77.1383 21.6741 0
      vertex 43.9017 21.6741 0
      vertex 77.3755 21.9445 0
    endloop
  endfacet
  facet normal 0 0 -1
    outer loop
      vertex 43.6645 21.9445 0
      vertex 77.3755 21.9445 0
      vertex 43.9017 21.6741 0
    endloop
  endfacet
  facet normal 0 0 -1
    outer loop
      vertex 77.3755 21.9445 0
      vertex 43.6645 21.9445 0
      vertex 77.6459 22.1817 0
    endloop
  endfacet
  facet normal 0 0 -1
    outer loop
      vertex 43.3941 22.1817 0
      vertex 77.6459 22.1817 0
      vertex 43.6645 21.9445 0
    endloop
  endfacet
  facet normal 0 0 -1
    outer loop
      vertex 43.095 22.3816 0
      vertex 77.6459 22.1817 0
      vertex 43.3941 22.1817 0
    endloop
  endfacet
  facet normal 0 0 -1
    outer loop
      vertex 77.945 22.3816 0
      vertex 43.095 22.3816 0
      vertex 42.7724 22.5407 0
    endloop
  endfacet
  facet normal 0 0 -1
    outer loop
      vertex 78.2676 22.5407 0
      vertex 42.7724 22.5407 0
      vertex 100 40 0
    endloop
  endfacet
  facet normal 0 0 -1
    outer loop
      vertex 42.4318 22.6563 0
      vertex 100 40 0
      vertex 42.7724 22.5407 0
    endloop
  endfacet
  facet normal 0 0 -1
    outer loop
      vertex 42.0789 22.7265 0
      vertex 100 40 0
      vertex 42.4318 22.6563 0
    endloop
  endfacet
  facet normal 0 0 -1
    outer loop
      vertex 0 40 0
      vertex 42.0789 22.7265 0
      vertex 41.72 22.75 0
    endloop
  endfacet
  facet normal 0 0 -1
    outer loop
      vertex 0 40 0
      vertex 41.72 22.75 0
      vertex 41.3611 22.7265 0
    endloop
  endfacet
  facet normal 0 0 -1
    outer loop
      vertex 0 40 0
      vertex 41.3611 22.7265 0
      vertex 41.0082 22.6563 0
    endloop
  endfacet
  facet normal 0 0 -1
    outer loop
      vertex 0 40 0
      vertex 38.97 20 0
      vertex 0 0 0
    endloop
  endfacet
  facet normal 0 0 -1
    outer loop
      vertex 38.97 20 0
      vertex 0 40 0
      vertex 38.9935 20.3589 0
    endloop
  endfacet
  facet normal 0 0 -1
    outer loop
      vertex 38.9935 20.3589 0
      vertex 0 40 0
      vertex 39.0637 20.7118 0
    endloop
  endfacet
  facet normal 0 0 -1
    outer loop
      vertex 39.0637 20.7118 0
      vertex 0 40 0
      vertex 39.1793 21.0524 0
    endloop
  endfacet
  facet normal 0 0 -1
    outer loop
      vertex 39.1793 21.0524 0
      vertex 0 40 0
      vertex 39.3384 21.375 0
    endloop
  endfacet
  facet normal 0 0 -1
    outer loop
      vertex 39.3384 21.375 0
      vertex 0 40 0
      vertex 39.5383 21.6741 0
    endloop
  endfacet
  facet normal 0 0 -1
    outer loop
      vertex 39.5383 21.6741 0
      vertex 0 40 0
      vertex 39.7755 21.9445 0
    endloop
  endfacet
  facet normal 0 0 -1
    outer loop
      vertex 39.7755 21.9445 0
      vertex 0 40 0
      vertex 40.0459 22.1817 0
    endloop
  endfacet
  facet normal 0 0 -1
    outer loop
      vertex 42.0789 22.7265 0
      vertex 0 40 0
      vertex 100 40 0
    endloop
  endfacet
  facet normal 0 0 -1
    outer loop
      vertex 40.6676 22.5407 0
      vertex 0 40 0
      vertex 41.0082 22.6563 0
    endloop
  endfacet
  facet normal 0 0 -1
    outer loop
      vertex 40.345 22.3816 0
      vertex 0 40 0
      vertex 40.6676 22.5407 0
    endloop
  endfacet
  facet normal 0 0 -1
    outer loop
      vertex 40.0459 22.1817 0
      vertex 0 40 0
      vertex 40.345 22.3816 0
    endloop
  endfacet
  facet normal 1 -0 0
    outer loop
      vertex 100 0 6
      vertex 100 40 0
      vertex 100 40 6
    endloop
  endfacet
  facet normal 1 0 0
    outer loop
      vertex 100 40 0
      vertex 100 0 6
      vertex 100 0 0
    endloop
  endfacet
  facet normal 0.233453 0 0.972368
    outer loop
      vertex 8.76393 36 6.19577
      vertex 9.37425 4 6.04924
      vertex 9.37425 36 6.04924
    endloop
  endfacet
  facet normal 0.233453 0 0.972368
    outer loop
      vertex 9.37425 4 6.04924
      vertex 8.76393 36 6.19577
      vertex 8.76393 4 6.19577
    endloop
  endfacet
  facet normal 0.382672 0 0.923884
    outer loop
      vertex 8.18404 36 6.43596
      vertex 8.76393 4 6.19577
      vertex 8.76393 36 6.19577
    endloop
  endfacet
  facet normal 0.382672 0 0.923884
    outer loop
      vertex 8.76393 4 6.19577
      vertex 8.18404 36 6.43596
      vertex 8.18404 4 6.43596
    endloop
  endfacet
  facet normal 0.522505 0 0.852637
    outer loop
      vertex 7.64885 36 6.76393
      vertex 8.18404 4 6.43596
      vertex 8.18404 36 6.43596
    endloop
  endfacet
  facet normal 0.522505 0 0.852637
    outer loop
      vertex 8.18404 4 6.43596
      vertex 7.64885 36 6.76393
      vertex 7.64885 4 6.76393
    endloop
  endfacet
  facet normal 0.649452 0 0.760403
    outer loop
      vertex 7.17157 36 7.17157
      vertex 7.64885 4 6.76393
      vertex 7.64885 36 6.76393
    endloop
  endfacet
  facet normal 0.649452 0 0.760403
    outer loop
      vertex 7.64885 4 6.76393
      vertex 7.17157 36 7.17157
      vertex 7.17157 4 7.17157
    endloop
  endfacet
  facet normal 0.760403 -0 0.649452
    outer loop
      vertex 6.76393 4 7.64885
      vertex 7.17157 36 7.17157
      vertex 6.76393 36 7.64885
    endloop
  endfacet
  facet normal 0.760403 0 0.649452
    outer loop
      vertex 7.17157 36 7.17157
      vertex 6.76393 4 7.64885
      vertex 7.17157 4 7.17157
    endloop
  endfacet
  facet normal 0.852637 -0 0.522505
    outer loop
      vertex 6.43596 4 8.18404
      vertex 6.76393 36 7.64885
      vertex 6.43596 36 8.18404
    endloop
  endfacet
  facet normal 0.852637 0 0.522505
    outer loop
      vertex 6.76393 36 7.64885
      vertex 6.43596 4 8.18404
      vertex 6.76393 4 7.64885
    endloop
  endfacet
  facet normal 0.923884 -0 0.382672
    outer loop
      vertex 6.19577 4 8.76393
      vertex 6.43596 36 8.18404
      vertex 6.19577 36 8.76393
    endloop
  endfacet
  facet normal 0.923884 0 0.382672
    outer loop
      vertex 6.43596 36 8.18404
      vertex 6.19577 4 8.76393
      vertex 6.43596 4 8.18404
    endloop
  endfacet
  facet normal 0.972368 -0 0.233453
    outer loop
      vertex 6.04924 4 9.37425
      vertex 6.19577 36 8.76393
      vertex 6.04924 36 9.37425
    endloop
  endfacet
  facet normal 0.972368 0 0.233453
    outer loop
      vertex 6.19577 36 8.76393
      vertex 6.04924 4 9.37425
      vertex 6.19577 4 8.76393
    endloop
  endfacet
  facet normal 0.996918 -0 0.0784471
    outer loop
      vertex 6 4 10
      vertex 6.04924 36 9.37425
      vertex 6 36 10
    endloop
  endfacet
  facet normal 0.996918 0 0.0784471
    outer loop
      vertex 6.04924 36 9.37425
      vertex 6 4 10
      vertex 6.04924 4 9.37425
    endloop
  endfacet
  facet normal 0.0784471 0 0.996918
    outer loop
      vertex 9.37425 36 6.04924
      vertex 10 4 6
      vertex 10 36 6
    endloop
  endfacet
  facet normal 0.0784471 0 0.996918
    outer loop
      vertex 10 4 6
      vertex 9.37425 36 6.04924
      vertex 9.37425 4 6.04924
    endloop
  endfacet
  facet normal 0 -1 0
    outer loop
      vertex 10 36 6
      vertex 6 36 10
      vertex 6.04924 36 9.37425
    endloop
  endfacet
  facet normal 0 -1 0
    outer loop
      vertex 10 36 6
      vertex 6.04924 36 9.37425
      vertex 6.19577 36 8.76393
    endloop
  endfacet
  facet normal 0 -1 0
    outer loop
      vertex 10 36 6
      vertex 6.19577 36 8.76393
      vertex 6.43596 36 8.18404
    endloop
  endfacet
  facet normal 0 -1 0
    outer loop
      vertex 10 36 6
      vertex 6.43596 36 8.18404
      vertex 6.76393 36 7.64885
    endloop
  endfacet
  facet normal 0 -1 0
    outer loop
      vertex 10 36 6
      vertex 6.76393 36 7.64885
      vertex 7.17157 36 7.17157
    endloop
  endfacet
  facet normal 0 -1 0
    outer loop
      vertex 10 36 6
      vertex 7.17157 36 7.17157
      vertex 7.64885 36 6.76393
    endloop
  endfacet
  facet normal 0 -1 0
    outer loop
      vertex 10 36 6
      vertex 7.64885 36 6.76393
      vertex 8.18404 36 6.43596
    endloop
  endfacet
  facet normal 0 -1 0
    outer loop
      vertex 10 36 6
      vertex 8.18404 36 6.43596
      vertex 8.76393 36 6.19577
    endloop
  endfacet
  facet normal 0 -1 0
    outer loop
      vertex 10 36 6
      vertex 8.76393 36 6.19577
      vertex 9.37425 36 6.04924
    endloop
  endfacet
  facet normal 0 -1 0
    outer loop
      vertex 6 36 10
      vertex 10 36 6
      vertex 6 36 98
    endloop
  endfacet
  facet normal 0 -1 0
    outer loop
      vertex 6 36 98
      vertex 10 36 6
      vertex 98 36 6
    endloop
  endfacet
  facet normal 0.707107 -0 0.707107
    outer loop
      vertex 6 36 98
      vertex 98 40 6
      vertex 6 40 98
    endloop
  endfacet
  facet normal 0.707107 0 0.707107
    outer loop
      vertex 98 40 6
      vertex 6 36 98
      vertex 98 36 6
    endloop
  endfacet
  facet normal 0 1 0
    outer loop
      vertex 10 4 6
      vertex 6 4 10
      vertex 6 4 98
    endloop
  endfacet
  facet normal 0 1 0
    outer loop
      vertex 6 4 10
      vertex 10 4 6
      vertex 6.04924 4 9.37425
    endloop
  endfacet
  facet normal 0 1 0
    outer loop
      vertex 6.04924 4 9.37425
      vertex 10 4 6
      vertex 6.19577 4 8.76393
    endloop
  endfacet
  facet normal 0 1 0
    outer loop
      vertex 6.19577 4 8.76393
      vertex 10 4 6
      vertex 6.43596 4 8.18404
    endloop
  endfacet
  facet normal 0 1 0
    outer loop
      vertex 6.43596 4 8.18404
      vertex 10 4 6
      vertex 6.76393 4 7.64885
    endloop
  endfacet
  facet normal 0 1 0
    outer loop
      vertex 6.76393 4 7.64885
      vertex 10 4 6
      vertex 7.17157 4 7.17157
    endloop
  endfacet
  facet normal 0 1 0
    outer loop
      vertex 7.17157 4 7.17157
      vertex 10 4 6
      vertex 7.64885 4 6.76393
    endloop
  endfacet
  facet normal 0 1 0
    outer loop
      vertex 7.64885 4 6.76393
      vertex 10 4 6
      vertex 8.18404 4 6.43596
    endloop
  endfacet
  facet normal 0 1 0
    outer loop
      vertex 8.18404 4 6.43596
      vertex 10 4 6
      vertex 8.76393 4 6.19577
    endloop
  endfacet
  facet normal 0 1 -0
    outer loop
      vertex 10 4 6
      vertex 6 4 98
      vertex 98 4 6
    endloop
  endfacet
  facet normal 0 1 0
    outer loop
      vertex 8.76393 4 6.19577
      vertex 10 4 6
      vertex 9.37425 4 6.04924
    endloop
  endfacet
  facet normal 0.707107 -0 0.707107
    outer loop
      vertex 6 0 98
      vertex 98 4 6
      vertex 6 4 98
    endloop
  endfacet
  facet normal 0.707107 0 0.707107
    outer loop
      vertex 98 4 6
      vertex 6 0 98
      vertex 98 0 6
    endloop
  endfacet
  facet normal -0.980783 0.195101 0
    outer loop
      vertex 44.3763 19.2882 0
      vertex 44.4465 19.6411 2.95
      vertex 44.4465 19.6411 0
    endloop
  endfacet
  facet normal -0.980783 0.195101 0
    outer loop
      vertex 44.4465 19.6411 2.95
      vertex 44.3763 19.2882 0
      vertex 44.3763 19.2882 2.95
    endloop
  endfacet
  facet normal -0.980783 -0.195101 0
    outer loop
      vertex 44.4465 20.3589 0
      vertex 44.3763 20.7118 2.95
      vertex 44.3763 20.7118 0
    endloop
  endfacet
  facet normal -0.980783 -0.195101 0
    outer loop
      vertex 44.3763 20.7118 2.95
      vertex 44.4465 20.3589 0
      vertex 44.4465 20.3589 2.95
    endloop
  endfacet
  facet normal -0.997863 -0.0653379 0
    outer loop
      vertex 44.47 20 0
      vertex 44.4465 20.3589 2.95
      vertex 44.4465 20.3589 0
    endloop
  endfacet
  facet normal -0.997863 -0.0653379 0
    outer loop
      vertex 44.4465 20.3589 2.95
      vertex 44.47 20 0
      vertex 44.47 20 2.95
    endloop
  endfacet
  facet normal -0.946945 -0.321394 0
    outer loop
      vertex 44.3763 20.7118 0
      vertex 44.2607 21.0524 2.95
      vertex 44.2607 21.0524 0
    endloop
  endfacet
  facet normal -0.946945 -0.321394 0
    outer loop
      vertex 44.2607 21.0524 2.95
      vertex 44.3763 20.7118 0
      vertex 44.3763 20.7118 2.95
    endloop
  endfacet
  facet normal 0.997863 -0.0653379 0
    outer loop
      vertex 38.97 20 2.95
      vertex 38.9935 20.3589 0
      vertex 38.9935 20.3589 2.95
    endloop
  endfacet
  facet normal 0.997863 -0.0653379 0
    outer loop
      vertex 38.9935 20.3589 0
      vertex 38.97 20 2.95
      vertex 38.97 20 0
    endloop
  endfacet
  facet normal -0.442314 0.89686 0
    outer loop
      vertex 43.095 17.6184 0
      vertex 42.7724 17.4593 2.95
      vertex 43.095 17.6184 2.95
    endloop
  endfacet
  facet normal -0.442314 0.89686 0
    outer loop
      vertex 42.7724 17.4593 2.95
      vertex 43.095 17.6184 0
      vertex 42.7724 17.4593 0
    endloop
  endfacet
  facet normal -0.195101 -0.980783 0
    outer loop
      vertex 42.0789 22.7265 0
      vertex 42.4318 22.6563 2.95
      vertex 42.0789 22.7265 2.95
    endloop
  endfacet
  facet normal -0.195101 -0.980783 -0
    outer loop
      vertex 42.4318 22.6563 2.95
      vertex 42.0789 22.7265 0
      vertex 42.4318 22.6563 0
    endloop
  endfacet
  facet normal -0.195101 0.980783 0
    outer loop
      vertex 42.4318 17.3437 0
      vertex 42.0789 17.2735 2.95
      vertex 42.4318 17.3437 2.95
    endloop
  endfacet
  facet normal -0.195101 0.980783 0
    outer loop
      vertex 42.0789 17.2735 2.95
      vertex 42.4318 17.3437 0
      vertex 42.0789 17.2735 0
    endloop
  endfacet
  facet normal -0.0653379 0.997863 0
    outer loop
      vertex 42.0789 17.2735 0
      vertex 41.72 17.25 2.95
      vertex 42.0789 17.2735 2.95
    endloop
  endfacet
  facet normal -0.0653379 0.997863 0
    outer loop
      vertex 41.72 17.25 2.95
      vertex 42.0789 17.2735 0
      vertex 41.72 17.25 0
    endloop
  endfacet
  facet normal 0.659449 -0.751749 0
    outer loop
      vertex 39.7755 21.9445 0
      vertex 40.0459 22.1817 2.95
      vertex 39.7755 21.9445 2.95
    endloop
  endfacet
  facet normal 0.659449 -0.751749 0
    outer loop
      vertex 40.0459 22.1817 2.95
      vertex 39.7755 21.9445 0
      vertex 40.0459 22.1817 0
    endloop
  endfacet
  facet normal 0.831408 -0.555662 0
    outer loop
      vertex 39.3384 21.375 2.95
      vertex 39.5383 21.6741 0
      vertex 39.5383 21.6741 2.95
    endloop
  endfacet
  facet normal 0.831408 -0.555662 0
    outer loop
      vertex 39.5383 21.6741 0
      vertex 39.3384 21.375 2.95
      vertex 39.3384 21.375 0
    endloop
  endfacet
  facet normal -0.321394 -0.946945 0
    outer loop
      vertex 42.4318 22.6563 0
      vertex 42.7724 22.5407 2.95
      vertex 42.4318 22.6563 2.95
    endloop
  endfacet
  facet normal -0.321394 -0.946945 -0
    outer loop
      vertex 42.7724 22.5407 2.95
      vertex 42.4318 22.6563 0
      vertex 42.7724 22.5407 0
    endloop
  endfacet
  facet normal -0.659449 0.751749 0
    outer loop
      vertex 43.6645 18.0555 0
      vertex 43.3941 17.8183 2.95
      vertex 43.6645 18.0555 2.95
    endloop
  endfacet
  facet normal -0.659449 0.751749 0
    outer loop
      vertex 43.3941 17.8183 2.95
      vertex 43.6645 18.0555 0
      vertex 43.3941 17.8183 0
    endloop
  endfacet
  facet normal 0.442314 -0.89686 0
    outer loop
      vertex 40.345 22.3816 0
      vertex 40.6676 22.5407 2.95
      vertex 40.345 22.3816 2.95
    endloop
  endfacet
  facet normal 0.442314 -0.89686 0
    outer loop
      vertex 40.6676 22.5407 2.95
      vertex 40.345 22.3816 0
      vertex 40.6676 22.5407 0
    endloop
  endfacet
  facet normal 0.0653379 0.997863 -0
    outer loop
      vertex 41.72 17.25 0
      vertex 41.3611 17.2735 2.95
      vertex 41.72 17.25 2.95
    endloop
  endfacet
  facet normal 0.0653379 0.997863 0
    outer loop
      vertex 41.3611 17.2735 2.95
      vertex 41.72 17.25 0
      vertex 41.3611 17.2735 0
    endloop
  endfacet
  facet normal -0.751749 0.659449 0
    outer loop
      vertex 43.6645 18.0555 0
      vertex 43.9017 18.3259 2.95
      vertex 43.9017 18.3259 0
    endloop
  endfacet
  facet normal -0.751749 0.659449 0
    outer loop
      vertex 43.9017 18.3259 2.95
      vertex 43.6645 18.0555 0
      vertex 43.6645 18.0555 2.95
    endloop
  endfacet
  facet normal 0.946945 0.321394 0
    outer loop
      vertex 39.1793 18.9476 2.95
      vertex 39.0637 19.2882 0
      vertex 39.0637 19.2882 2.95
    endloop
  endfacet
  facet normal 0.946945 0.321394 0
    outer loop
      vertex 39.0637 19.2882 0
      vertex 39.1793 18.9476 2.95
      vertex 39.1793 18.9476 0
    endloop
  endfacet
  facet normal -0.321394 0.946945 0
    outer loop
      vertex 42.7724 17.4593 0
      vertex 42.4318 17.3437 2.95
      vertex 42.7724 17.4593 2.95
    endloop
  endfacet
  facet normal -0.321394 0.946945 0
    outer loop
      vertex 42.4318 17.3437 2.95
      vertex 42.7724 17.4593 0
      vertex 42.4318 17.3437 0
    endloop
  endfacet
  facet normal 0.321394 -0.946945 0
    outer loop
      vertex 40.6676 22.5407 0
      vertex 41.0082 22.6563 2.95
      vertex 40.6676 22.5407 2.95
    endloop
  endfacet
  facet normal 0.321394 -0.946945 0
    outer loop
      vertex 41.0082 22.6563 2.95
      vertex 40.6676 22.5407 0
      vertex 41.0082 22.6563 0
    endloop
  endfacet
  facet normal 0.555662 -0.831408 0
    outer loop
      vertex 40.0459 22.1817 0
      vertex 40.345 22.3816 2.95
      vertex 40.0459 22.1817 2.95
    endloop
  endfacet
  facet normal 0.555662 -0.831408 0
    outer loop
      vertex 40.345 22.3816 2.95
      vertex 40.0459 22.1817 0
      vertex 40.345 22.3816 0
    endloop
  endfacet
  facet normal 0.946945 -0.321394 0
    outer loop
      vertex 39.0637 20.7118 2.95
      vertex 39.1793 21.0524 0
      vertex 39.1793 21.0524 2.95
    endloop
  endfacet
  facet normal 0.946945 -0.321394 0
    outer loop
      vertex 39.1793 21.0524 0
      vertex 39.0637 20.7118 2.95
      vertex 39.0637 20.7118 0
    endloop
  endfacet
  facet normal -0.89686 -0.442314 0
    outer loop
      vertex 44.2607 21.0524 0
      vertex 44.1016 21.375 2.95
      vertex 44.1016 21.375 0
    endloop
  endfacet
  facet normal -0.89686 -0.442314 0
    outer loop
      vertex 44.1016 21.375 2.95
      vertex 44.2607 21.0524 0
      vertex 44.2607 21.0524 2.95
    endloop
  endfacet
  facet normal 0.195101 -0.980783 0
    outer loop
      vertex 41.0082 22.6563 0
      vertex 41.3611 22.7265 2.95
      vertex 41.0082 22.6563 2.95
    endloop
  endfacet
  facet normal 0.195101 -0.980783 0
    outer loop
      vertex 41.3611 22.7265 2.95
      vertex 41.0082 22.6563 0
      vertex 41.3611 22.7265 0
    endloop
  endfacet
  facet normal -0.659449 -0.751749 0
    outer loop
      vertex 43.3941 22.1817 0
      vertex 43.6645 21.9445 2.95
      vertex 43.3941 22.1817 2.95
    endloop
  endfacet
  facet normal -0.659449 -0.751749 -0
    outer loop
      vertex 43.6645 21.9445 2.95
      vertex 43.3941 22.1817 0
      vertex 43.6645 21.9445 0
    endloop
  endfacet
  facet normal -0.997863 0.0653379 0
    outer loop
      vertex 44.4465 19.6411 0
      vertex 44.47 20 2.95
      vertex 44.47 20 0
    endloop
  endfacet
  facet normal -0.997863 0.0653379 0
    outer loop
      vertex 44.47 20 2.95
      vertex 44.4465 19.6411 0
      vertex 44.4465 19.6411 2.95
    endloop
  endfacet
  facet normal -0.442314 -0.89686 0
    outer loop
      vertex 42.7724 22.5407 0
      vertex 43.095 22.3816 2.95
      vertex 42.7724 22.5407 2.95
    endloop
  endfacet
  facet normal -0.442314 -0.89686 -0
    outer loop
      vertex 43.095 22.3816 2.95
      vertex 42.7724 22.5407 0
      vertex 43.095 22.3816 0
    endloop
  endfacet
  facet normal 0.321394 0.946945 -0
    outer loop
      vertex 41.0082 17.3437 0
      vertex 40.6676 17.4593 2.95
      vertex 41.0082 17.3437 2.95
    endloop
  endfacet
  facet normal 0.321394 0.946945 0
    outer loop
      vertex 40.6676 17.4593 2.95
      vertex 41.0082 17.3437 0
      vertex 40.6676 17.4593 0
    endloop
  endfacet
  facet normal 0.980783 -0.195101 0
    outer loop
      vertex 38.9935 20.3589 2.95
      vertex 39.0637 20.7118 0
      vertex 39.0637 20.7118 2.95
    endloop
  endfacet
  facet normal 0.980783 -0.195101 0
    outer loop
      vertex 39.0637 20.7118 0
      vertex 38.9935 20.3589 2.95
      vertex 38.9935 20.3589 0
    endloop
  endfacet
  facet normal 0.0653379 -0.997863 0
    outer loop
      vertex 41.3611 22.7265 0
      vertex 41.72 22.75 2.95
      vertex 41.3611 22.7265 2.95
    endloop
  endfacet
  facet normal 0.0653379 -0.997863 0
    outer loop
      vertex 41.72 22.75 2.95
      vertex 41.3611 22.7265 0
      vertex 41.72 22.75 0
    endloop
  endfacet
  facet normal 0.195101 0.980783 -0
    outer loop
      vertex 41.3611 17.2735 0
      vertex 41.0082 17.3437 2.95
      vertex 41.3611 17.2735 2.95
    endloop
  endfacet
  facet normal 0.195101 0.980783 0
    outer loop
      vertex 41.0082 17.3437 2.95
      vertex 41.3611 17.2735 0
      vertex 41.0082 17.3437 0
    endloop
  endfacet
  facet normal -0.946945 0.321394 0
    outer loop
      vertex 44.2607 18.9476 0
      vertex 44.3763 19.2882 2.95
      vertex 44.3763 19.2882 0
    endloop
  endfacet
  facet normal -0.946945 0.321394 0
    outer loop
      vertex 44.3763 19.2882 2.95
      vertex 44.2607 18.9476 0
      vertex 44.2607 18.9476 2.95
    endloop
  endfacet
  facet normal -0.831408 -0.555662 0
    outer loop
      vertex 44.1016 21.375 0
      vertex 43.9017 21.6741 2.95
      vertex 43.9017 21.6741 0
    endloop
  endfacet
  facet normal -0.831408 -0.555662 0
    outer loop
      vertex 43.9017 21.6741 2.95
      vertex 44.1016 21.375 0
      vertex 44.1016 21.375 2.95
    endloop
  endfacet
  facet normal -0.751749 -0.659449 0
    outer loop
      vertex 43.9017 21.6741 0
      vertex 43.6645 21.9445 2.95
      vertex 43.6645 21.9445 0
    endloop
  endfacet
  facet normal -0.751749 -0.659449 0
    outer loop
      vertex 43.6645 21.9445 2.95
      vertex 43.9017 21.6741 0
      vertex 43.9017 21.6741 2.95
    endloop
  endfacet
  facet normal 0.89686 0.442314 0
    outer loop
      vertex 39.3384 18.625 2.95
      vertex 39.1793 18.9476 0
      vertex 39.1793 18.9476 2.95
    endloop
  endfacet
  facet normal 0.89686 0.442314 0
    outer loop
      vertex 39.1793 18.9476 0
      vertex 39.3384 18.625 2.95
      vertex 39.3384 18.625 0
    endloop
  endfacet
  facet normal -0.89686 0.442314 0
    outer loop
      vertex 44.1016 18.625 0
      vertex 44.2607 18.9476 2.95
      vertex 44.2607 18.9476 0
    endloop
  endfacet
  facet normal -0.89686 0.442314 0
    outer loop
      vertex 44.2607 18.9476 2.95
      vertex 44.1016 18.625 0
      vertex 44.1016 18.625 2.95
    endloop
  endfacet
  facet normal 0.751749 0.659449 0
    outer loop
      vertex 39.7755 18.0555 2.95
      vertex 39.5383 18.3259 0
      vertex 39.5383 18.3259 2.95
    endloop
  endfacet
  facet normal 0.751749 0.659449 0
    outer loop
      vertex 39.5383 18.3259 0
      vertex 39.7755 18.0555 2.95
      vertex 39.7755 18.0555 0
    endloop
  endfacet
  facet normal -0.831408 0.555662 0
    outer loop
      vertex 43.9017 18.3259 0
      vertex 44.1016 18.625 2.95
      vertex 44.1016 18.625 0
    endloop
  endfacet
  facet normal -0.831408 0.555662 0
    outer loop
      vertex 44.1016 18.625 2.95
      vertex 43.9017 18.3259 0
      vertex 43.9017 18.3259 2.95
    endloop
  endfacet
  facet normal 0.751749 -0.659449 0
    outer loop
      vertex 39.5383 21.6741 2.95
      vertex 39.7755 21.9445 0
      vertex 39.7755 21.9445 2.95
    endloop
  endfacet
  facet normal 0.751749 -0.659449 0
    outer loop
      vertex 39.7755 21.9445 0
      vertex 39.5383 21.6741 2.95
      vertex 39.5383 21.6741 0
    endloop
  endfacet
  facet normal -0.0653379 -0.997863 0
    outer loop
      vertex 41.72 22.75 0
      vertex 42.0789 22.7265 2.95
      vertex 41.72 22.75 2.95
    endloop
  endfacet
  facet normal -0.0653379 -0.997863 -0
    outer loop
      vertex 42.0789 22.7265 2.95
      vertex 41.72 22.75 0
      vertex 42.0789 22.7265 0
    endloop
  endfacet
  facet normal -0.555662 -0.831408 0
    outer loop
      vertex 43.095 22.3816 0
      vertex 43.3941 22.1817 2.95
      vertex 43.095 22.3816 2.95
    endloop
  endfacet
  facet normal -0.555662 -0.831408 -0
    outer loop
      vertex 43.3941 22.1817 2.95
      vertex 43.095 22.3816 0
      vertex 43.3941 22.1817 0
    endloop
  endfacet
  facet normal 0.442314 0.89686 -0
    outer loop
      vertex 40.6676 17.4593 0
      vertex 40.345 17.6184 2.95
      vertex 40.6676 17.4593 2.95
    endloop
  endfacet
  facet normal 0.442314 0.89686 0
    outer loop
      vertex 40.345 17.6184 2.95
      vertex 40.6676 17.4593 0
      vertex 40.345 17.6184 0
    endloop
  endfacet
  facet normal 0.831408 0.555662 0
    outer loop
      vertex 39.5383 18.3259 2.95
      vertex 39.3384 18.625 0
      vertex 39.3384 18.625 2.95
    endloop
  endfacet
  facet normal 0.831408 0.555662 0
    outer loop
      vertex 39.3384 18.625 0
      vertex 39.5383 18.3259 2.95
      vertex 39.5383 18.3259 0
    endloop
  endfacet
  facet normal 0.980783 0.195101 0
    outer loop
      vertex 39.0637 19.2882 2.95
      vertex 38.9935 19.6411 0
      vertex 38.9935 19.6411 2.95
    endloop
  endfacet
  facet normal 0.980783 0.195101 0
    outer loop
      vertex 38.9935 19.6411 0
      vertex 39.0637 19.2882 2.95
      vertex 39.0637 19.2882 0
    endloop
  endfacet
  facet normal 0.659449 0.751749 -0
    outer loop
      vertex 40.0459 17.8183 0
      vertex 39.7755 18.0555 2.95
      vertex 40.0459 17.8183 2.95
    endloop
  endfacet
  facet normal 0.659449 0.751749 0
    outer loop
      vertex 39.7755 18.0555 2.95
      vertex 40.0459 17.8183 0
      vertex 39.7755 18.0555 0
    endloop
  endfacet
  facet normal 0.89686 -0.442314 0
    outer loop
      vertex 39.1793 21.0524 2.95
      vertex 39.3384 21.375 0
      vertex 39.3384 21.375 2.95
    endloop
  endfacet
  facet normal 0.89686 -0.442314 0
    outer loop
      vertex 39.3384 21.375 0
      vertex 39.1793 21.0524 2.95
      vertex 39.1793 21.0524 0
    endloop
  endfacet
  facet normal 0.997863 0.0653379 0
    outer loop
      vertex 38.9935 19.6411 2.95
      vertex 38.97 20 0
      vertex 38.97 20 2.95
    endloop
  endfacet
  facet normal 0.997863 0.0653379 0
    outer loop
      vertex 38.97 20 0
      vertex 38.9935 19.6411 2.95
      vertex 38.9935 19.6411 0
    endloop
  endfacet
  facet normal -0.555662 0.831408 0
    outer loop
      vertex 43.3941 17.8183 0
      vertex 43.095 17.6184 2.95
      vertex 43.3941 17.8183 2.95
    endloop
  endfacet
  facet normal -0.555662 0.831408 0
    outer loop
      vertex 43.095 17.6184 2.95
      vertex 43.3941 17.8183 0
      vertex 43.095 17.6184 0
    endloop
  endfacet
  facet normal 0.555662 0.831408 -0
    outer loop
      vertex 40.345 17.6184 0
      vertex 40.0459 17.8183 2.95
      vertex 40.345 17.6184 2.95
    endloop
  endfacet
  facet normal 0.555662 0.831408 0
    outer loop
      vertex 40.0459 17.8183 2.95
      vertex 40.345 17.6184 0
      vertex 40.0459 17.8183 0
    endloop
  endfacet
  facet normal -0.635895 0.313611 0.705185
    outer loop
      vertex 44.1016 18.625 2.95
      vertex 46.7348 17.106 6
      vertex 44.2607 18.9476 2.95
    endloop
  endfacet
  facet normal -0.634062 0.317031 0.705306
    outer loop
      vertex 46.7348 17.106 6
      vertex 44.1016 18.625 2.95
      vertex 46.7343 17.105 6
    endloop
  endfacet
  facet normal -0.313593 -0.635906 0.705183
    outer loop
      vertex 44.614 25.0148 6
      vertex 43.9357 25.3493 6
      vertex 42.7724 22.5407 2.95
    endloop
  endfacet
  facet normal -0.227951 -0.671381 0.705185
    outer loop
      vertex 43.9357 25.3493 6
      vertex 43.2197 25.5924 6
      vertex 42.7724 22.5407 2.95
    endloop
  endfacet
  facet normal -0.707507 -0.046317 0.705187
    outer loop
      vertex 47.51 20 6
      vertex 47.4606 20.7546 6
      vertex 44.47 20 2.95
    endloop
  endfacet
  facet normal -0.70622 -0.0588516 0.705542
    outer loop
      vertex 44.4465 20.3589 2.95
      vertex 47.4606 20.7546 6
      vertex 47.4605 20.7558 6
    endloop
  endfacet
  facet normal -0.707505 -0.0463259 0.705188
    outer loop
      vertex 47.4606 20.7546 6
      vertex 44.4465 20.3589 2.95
      vertex 44.47 20 2.95
    endloop
  endfacet
  facet normal -0.393879 -0.589553 0.705185
    outer loop
      vertex 45.2438 24.5942 6
      vertex 44.615 25.0143 6
      vertex 43.095 22.3816 2.95
    endloop
  endfacet
  facet normal 0.561215 -0.436501 0.70321
    outer loop
      vertex 37.6251 24.0933 6
      vertex 39.7755 21.9445 2.95
      vertex 37.6258 24.0942 6
    endloop
  endfacet
  facet normal 0.532999 -0.467557 0.705196
    outer loop
      vertex 39.7755 21.9445 2.95
      vertex 37.6251 24.0933 6
      vertex 39.5383 21.6741 2.95
    endloop
  endfacet
  facet normal 0.533095 -0.467466 0.705184
    outer loop
      vertex 39.5383 21.6741 2.95
      vertex 37.6251 24.0933 6
      vertex 37.1265 23.5247 6
    endloop
  endfacet
  facet normal -0.635906 0.313593 0.705183
    outer loop
      vertex 46.7348 17.106 6
      vertex 47.0693 17.7843 6
      vertex 44.2607 18.9476 2.95
    endloop
  endfacet
  facet normal -0.138384 0.695387 0.705185
    outer loop
      vertex 42.4769 14.2597 6
      vertex 43.2186 14.4073 6
      vertex 42.4318 17.3437 2.95
    endloop
  endfacet
  facet normal -0.227874 0.671399 0.705193
    outer loop
      vertex 42.4318 17.3437 2.95
      vertex 43.2197 14.4076 6
      vertex 42.7724 17.4593 2.95
    endloop
  endfacet
  facet normal -0.186359 0.683316 0.705939
    outer loop
      vertex 43.2197 14.4076 6
      vertex 42.4318 17.3437 2.95
      vertex 43.2186 14.4073 6
    endloop
  endfacet
  facet normal -0.046317 -0.707507 0.705187
    outer loop
      vertex 42.4746 25.7406 6
      vertex 41.72 25.79 6
      vertex 41.72 22.75 2.95
    endloop
  endfacet
  facet normal -0.13833 0.695393 0.70519
    outer loop
      vertex 42.0789 17.2735 2.95
      vertex 42.4769 14.2597 6
      vertex 42.4318 17.3437 2.95
    endloop
  endfacet
  facet normal -0.116472 0.698834 0.705738
    outer loop
      vertex 42.4769 14.2597 6
      vertex 42.0789 17.2735 2.95
      vertex 42.4757 14.2595 6
    endloop
  endfacet
  facet normal 0.695387 -0.138384 0.705185
    outer loop
      vertex 39.0637 20.7118 2.95
      vertex 36.1273 21.4986 6
      vertex 35.9797 20.7569 6
    endloop
  endfacet
  facet normal 0.0588516 -0.70622 0.705542
    outer loop
      vertex 41.3611 22.7265 2.95
      vertex 40.9654 25.7406 6
      vertex 40.9642 25.7405 6
    endloop
  endfacet
  facet normal 0.0463259 -0.707505 0.705188
    outer loop
      vertex 40.9654 25.7406 6
      vertex 41.3611 22.7265 2.95
      vertex 41.72 22.75 2.95
    endloop
  endfacet
  facet normal 0.0463259 0.707505 0.705188
    outer loop
      vertex 41.3611 17.2735 2.95
      vertex 40.9654 14.2594 6
      vertex 41.72 17.25 2.95
    endloop
  endfacet
  facet normal 0.0588516 0.70622 0.705542
    outer loop
      vertex 40.9654 14.2594 6
      vertex 41.3611 17.2735 2.95
      vertex 40.9642 14.2595 6
    endloop
  endfacet
  facet normal -0.671381 0.227951 0.705185
    outer loop
      vertex 47.0693 17.7843 6
      vertex 47.3124 18.5003 6
      vertex 44.2607 18.9476 2.95
    endloop
  endfacet
  facet normal -0.0641493 0.705642 0.705659
    outer loop
      vertex 42.0789 17.2735 2.95
      vertex 42.4746 14.2594 6
      vertex 42.4757 14.2595 6
    endloop
  endfacet
  facet normal -0.0463259 0.707505 0.705188
    outer loop
      vertex 42.4746 14.2594 6
      vertex 42.0789 17.2735 2.95
      vertex 41.72 17.25 2.95
    endloop
  endfacet
  facet normal 0.70622 -0.0588516 0.705542
    outer loop
      vertex 35.9794 20.7546 6
      vertex 38.9935 20.3589 2.95
      vertex 35.9795 20.7558 6
    endloop
  endfacet
  facet normal 0.707505 -0.0463259 0.705188
    outer loop
      vertex 38.9935 20.3589 2.95
      vertex 35.9794 20.7546 6
      vertex 38.97 20 2.95
    endloop
  endfacet
  facet normal 0.138384 -0.695387 0.705185
    outer loop
      vertex 41.0082 22.6563 2.95
      vertex 40.9631 25.7403 6
      vertex 40.2214 25.5927 6
    endloop
  endfacet
  facet normal -0.317031 0.634062 0.705306
    outer loop
      vertex 43.095 17.6184 2.95
      vertex 44.614 14.9852 6
      vertex 44.615 14.9857 6
    endloop
  endfacet
  facet normal -0.313611 0.635895 0.705185
    outer loop
      vertex 44.614 14.9852 6
      vertex 43.095 17.6184 2.95
      vertex 42.7724 17.4593 2.95
    endloop
  endfacet
  facet normal -0.634062 -0.317031 0.705306
    outer loop
      vertex 44.1016 21.375 2.95
      vertex 46.7348 22.894 6
      vertex 46.7343 22.895 6
    endloop
  endfacet
  facet normal -0.635895 -0.313611 0.705185
    outer loop
      vertex 46.7348 22.894 6
      vertex 44.1016 21.375 2.95
      vertex 44.2607 21.0524 2.95
    endloop
  endfacet
  facet normal -0.393879 0.589553 0.705185
    outer loop
      vertex 44.615 14.9857 6
      vertex 45.2438 15.4058 6
      vertex 43.095 17.6184 2.95
    endloop
  endfacet
  facet normal 0.393971 -0.589479 0.705196
    outer loop
      vertex 38.1962 24.5942 6
      vertex 40.0459 22.1817 2.95
      vertex 40.345 22.3816 2.95
    endloop
  endfacet
  facet normal 0.43484 -0.55908 0.705935
    outer loop
      vertex 40.0459 22.1817 2.95
      vertex 38.1962 24.5942 6
      vertex 38.1953 24.5935 6
    endloop
  endfacet
  facet normal -0.635906 -0.313593 0.705183
    outer loop
      vertex 47.0693 22.2157 6
      vertex 46.7348 22.894 6
      vertex 44.2607 21.0524 2.95
    endloop
  endfacet
  facet normal 0.589553 -0.393879 0.705185
    outer loop
      vertex 39.3384 21.375 2.95
      vertex 37.1258 23.5238 6
      vertex 36.7057 22.895 6
    endloop
  endfacet
  facet normal 0.138384 0.695387 0.705185
    outer loop
      vertex 40.9631 14.2597 6
      vertex 41.0082 17.3437 2.95
      vertex 40.2214 14.4073 6
    endloop
  endfacet
  facet normal -0.046317 0.707507 0.705187
    outer loop
      vertex 41.72 14.21 6
      vertex 42.4746 14.2594 6
      vertex 41.72 17.25 2.95
    endloop
  endfacet
  facet normal -0.589553 0.393879 0.705185
    outer loop
      vertex 46.3142 16.4762 6
      vertex 46.7343 17.105 6
      vertex 44.1016 18.625 2.95
    endloop
  endfacet
  facet normal 0.393971 0.589479 0.705196
    outer loop
      vertex 40.0459 17.8183 2.95
      vertex 38.1962 15.4058 6
      vertex 40.345 17.6184 2.95
    endloop
  endfacet
  facet normal 0.43484 0.55908 0.705935
    outer loop
      vertex 38.1962 15.4058 6
      vertex 40.0459 17.8183 2.95
      vertex 38.1953 15.4065 6
    endloop
  endfacet
  facet normal 0.467466 0.533095 0.705184
    outer loop
      vertex 38.1953 15.4065 6
      vertex 40.0459 17.8183 2.95
      vertex 37.6267 15.9051 6
    endloop
  endfacet
  facet normal 0.393879 0.589553 0.705185
    outer loop
      vertex 38.825 14.9857 6
      vertex 40.345 17.6184 2.95
      vertex 38.1962 15.4058 6
    endloop
  endfacet
  facet normal -0.683316 0.186359 0.705939
    outer loop
      vertex 44.3763 19.2882 2.95
      vertex 47.3124 18.5003 6
      vertex 47.3127 18.5014 6
    endloop
  endfacet
  facet normal -0.671399 0.227874 0.705193
    outer loop
      vertex 47.3124 18.5003 6
      vertex 44.3763 19.2882 2.95
      vertex 44.2607 18.9476 2.95
    endloop
  endfacet
  facet normal -0.707505 0.0463259 0.705188
    outer loop
      vertex 44.4465 19.6411 2.95
      vertex 47.4606 19.2454 6
      vertex 44.47 20 2.95
    endloop
  endfacet
  facet normal -0.70622 0.0588516 0.705542
    outer loop
      vertex 47.4606 19.2454 6
      vertex 44.4465 19.6411 2.95
      vertex 47.4605 19.2442 6
    endloop
  endfacet
  facet normal -0.532999 0.467557 0.705196
    outer loop
      vertex 43.6645 18.0555 2.95
      vertex 45.8149 15.9067 6
      vertex 43.9017 18.3259 2.95
    endloop
  endfacet
  facet normal -0.561215 0.436501 0.70321
    outer loop
      vertex 45.8149 15.9067 6
      vertex 43.6645 18.0555 2.95
      vertex 45.8142 15.9058 6
    endloop
  endfacet
  facet normal -0.695387 0.138384 0.705185
    outer loop
      vertex 47.3127 18.5014 6
      vertex 47.4603 19.2431 6
      vertex 44.3763 19.2882 2.95
    endloop
  endfacet
  facet normal -0.707507 0.046317 0.705187
    outer loop
      vertex 47.4606 19.2454 6
      vertex 47.51 20 6
      vertex 44.47 20 2.95
    endloop
  endfacet
  facet normal 0.313629 0.635884 0.705187
    outer loop
      vertex 39.5042 14.6507 6
      vertex 40.6676 17.4593 2.95
      vertex 38.826 14.9852 6
    endloop
  endfacet
  facet normal -0.227951 0.671381 0.705185
    outer loop
      vertex 43.2197 14.4076 6
      vertex 43.9357 14.6507 6
      vertex 42.7724 17.4593 2.95
    endloop
  endfacet
  facet normal 0.707507 -0.046317 0.705187
    outer loop
      vertex 38.97 20 2.95
      vertex 35.9794 20.7546 6
      vertex 35.93 20 6
    endloop
  endfacet
  facet normal -0.0463259 -0.707505 0.705188
    outer loop
      vertex 42.0789 22.7265 2.95
      vertex 42.4746 25.7406 6
      vertex 41.72 22.75 2.95
    endloop
  endfacet
  facet normal -0.0641493 -0.705642 0.705659
    outer loop
      vertex 42.4746 25.7406 6
      vertex 42.0789 22.7265 2.95
      vertex 42.4757 25.7405 6
    endloop
  endfacet
  facet normal -0.671381 -0.227951 0.705185
    outer loop
      vertex 47.3124 21.4997 6
      vertex 47.0693 22.2157 6
      vertex 44.2607 21.0524 2.95
    endloop
  endfacet
  facet normal -0.138384 -0.695387 0.705185
    outer loop
      vertex 43.2186 25.5927 6
      vertex 42.4769 25.7403 6
      vertex 42.4318 22.6563 2.95
    endloop
  endfacet
  facet normal -0.116472 -0.698834 0.705738
    outer loop
      vertex 42.0789 22.7265 2.95
      vertex 42.4769 25.7403 6
      vertex 42.4757 25.7405 6
    endloop
  endfacet
  facet normal -0.13833 -0.695393 0.70519
    outer loop
      vertex 42.4769 25.7403 6
      vertex 42.0789 22.7265 2.95
      vertex 42.4318 22.6563 2.95
    endloop
  endfacet
  facet normal 0.186359 -0.683316 0.705939
    outer loop
      vertex 40.2203 25.5924 6
      vertex 41.0082 22.6563 2.95
      vertex 40.2214 25.5927 6
    endloop
  endfacet
  facet normal 0.227874 -0.671399 0.705193
    outer loop
      vertex 41.0082 22.6563 2.95
      vertex 40.2203 25.5924 6
      vertex 40.6676 22.5407 2.95
    endloop
  endfacet
  facet normal -0.589553 -0.393879 0.705185
    outer loop
      vertex 46.7343 22.895 6
      vertex 46.3142 23.5238 6
      vertex 44.1016 21.375 2.95
    endloop
  endfacet
  facet normal 0.046317 0.707507 0.705187
    outer loop
      vertex 41.72 14.21 6
      vertex 41.72 17.25 2.95
      vertex 40.9654 14.2594 6
    endloop
  endfacet
  facet normal -0.43484 -0.55908 0.705935
    outer loop
      vertex 45.2438 24.5942 6
      vertex 43.3941 22.1817 2.95
      vertex 45.2447 24.5935 6
    endloop
  endfacet
  facet normal -0.393971 -0.589479 0.705196
    outer loop
      vertex 43.3941 22.1817 2.95
      vertex 45.2438 24.5942 6
      vertex 43.095 22.3816 2.95
    endloop
  endfacet
  facet normal 0.467557 -0.532999 0.705196
    outer loop
      vertex 37.6267 24.0949 6
      vertex 39.7755 21.9445 2.95
      vertex 40.0459 22.1817 2.95
    endloop
  endfacet
  facet normal 0.436501 -0.561215 0.70321
    outer loop
      vertex 39.7755 21.9445 2.95
      vertex 37.6267 24.0949 6
      vertex 37.6258 24.0942 6
    endloop
  endfacet
  facet normal 0.55908 -0.43484 0.705935
    outer loop
      vertex 37.1258 23.5238 6
      vertex 39.5383 21.6741 2.95
      vertex 37.1265 23.5247 6
    endloop
  endfacet
  facet normal 0.589479 -0.393971 0.705196
    outer loop
      vertex 39.5383 21.6741 2.95
      vertex 37.1258 23.5238 6
      vertex 39.3384 21.375 2.95
    endloop
  endfacet
  facet normal -0.467466 -0.533095 0.705184
    outer loop
      vertex 45.8133 24.0949 6
      vertex 45.2447 24.5935 6
      vertex 43.3941 22.1817 2.95
    endloop
  endfacet
  facet normal -0.43484 0.55908 0.705935
    outer loop
      vertex 43.3941 17.8183 2.95
      vertex 45.2438 15.4058 6
      vertex 45.2447 15.4065 6
    endloop
  endfacet
  facet normal -0.393971 0.589479 0.705196
    outer loop
      vertex 45.2438 15.4058 6
      vertex 43.3941 17.8183 2.95
      vertex 43.095 17.6184 2.95
    endloop
  endfacet
  facet normal -0.313593 0.635906 0.705183
    outer loop
      vertex 43.9357 14.6507 6
      vertex 44.614 14.9852 6
      vertex 42.7724 17.4593 2.95
    endloop
  endfacet
  facet normal 0.635906 0.313593 0.705183
    outer loop
      vertex 36.7052 17.106 6
      vertex 39.1793 18.9476 2.95
      vertex 36.3707 17.7843 6
    endloop
  endfacet
  facet normal -0.186359 -0.683316 0.705939
    outer loop
      vertex 42.4318 22.6563 2.95
      vertex 43.2197 25.5924 6
      vertex 43.2186 25.5927 6
    endloop
  endfacet
  facet normal -0.227874 -0.671399 0.705193
    outer loop
      vertex 43.2197 25.5924 6
      vertex 42.4318 22.6563 2.95
      vertex 42.7724 22.5407 2.95
    endloop
  endfacet
  facet normal -0.697256 0.126774 0.705523
    outer loop
      vertex 44.4465 19.6411 2.95
      vertex 47.4603 19.2431 6
      vertex 47.4605 19.2442 6
    endloop
  endfacet
  facet normal -0.695393 0.13833 0.70519
    outer loop
      vertex 47.4603 19.2431 6
      vertex 44.4465 19.6411 2.95
      vertex 44.3763 19.2882 2.95
    endloop
  endfacet
  facet normal 0.707507 0.046317 0.705187
    outer loop
      vertex 35.9794 19.2454 6
      vertex 38.97 20 2.95
      vertex 35.93 20 6
    endloop
  endfacet
  facet normal 0.467466 -0.533095 0.705184
    outer loop
      vertex 40.0459 22.1817 2.95
      vertex 38.1953 24.5935 6
      vertex 37.6267 24.0949 6
    endloop
  endfacet
  facet normal 0.695393 -0.13833 0.70519
    outer loop
      vertex 35.9797 20.7569 6
      vertex 38.9935 20.3589 2.95
      vertex 39.0637 20.7118 2.95
    endloop
  endfacet
  facet normal 0.697256 -0.126774 0.705523
    outer loop
      vertex 38.9935 20.3589 2.95
      vertex 35.9797 20.7569 6
      vertex 35.9795 20.7558 6
    endloop
  endfacet
  facet normal 0.046317 -0.707507 0.705187
    outer loop
      vertex 41.72 22.75 2.95
      vertex 41.72 25.79 6
      vertex 40.9654 25.7406 6
    endloop
  endfacet
  facet normal -0.436501 -0.561215 0.70321
    outer loop
      vertex 45.8133 24.0949 6
      vertex 43.6645 21.9445 2.95
      vertex 45.8142 24.0942 6
    endloop
  endfacet
  facet normal -0.467557 -0.532999 0.705196
    outer loop
      vertex 43.6645 21.9445 2.95
      vertex 45.8133 24.0949 6
      vertex 43.3941 22.1817 2.95
    endloop
  endfacet
  facet normal 0.126774 -0.697256 0.705523
    outer loop
      vertex 40.9631 25.7403 6
      vertex 41.3611 22.7265 2.95
      vertex 40.9642 25.7405 6
    endloop
  endfacet
  facet normal 0.13833 -0.695393 0.70519
    outer loop
      vertex 41.3611 22.7265 2.95
      vertex 40.9631 25.7403 6
      vertex 41.0082 22.6563 2.95
    endloop
  endfacet
  facet normal 0.695387 0.138384 0.705185
    outer loop
      vertex 36.1273 18.5014 6
      vertex 39.0637 19.2882 2.95
      vertex 35.9797 19.2431 6
    endloop
  endfacet
  facet normal 0.695393 0.13833 0.70519
    outer loop
      vertex 38.9935 19.6411 2.95
      vertex 35.9797 19.2431 6
      vertex 39.0637 19.2882 2.95
    endloop
  endfacet
  facet normal 0.697256 0.126774 0.705523
    outer loop
      vertex 35.9797 19.2431 6
      vertex 38.9935 19.6411 2.95
      vertex 35.9795 19.2442 6
    endloop
  endfacet
  facet normal 0.589553 0.393879 0.705185
    outer loop
      vertex 37.1258 16.4762 6
      vertex 39.3384 18.625 2.95
      vertex 36.7057 17.105 6
    endloop
  endfacet
  facet normal -0.533095 0.467466 0.705184
    outer loop
      vertex 45.8149 15.9067 6
      vertex 46.3135 16.4753 6
      vertex 43.9017 18.3259 2.95
    endloop
  endfacet
  facet normal -0.317031 -0.634062 0.705306
    outer loop
      vertex 44.614 25.0148 6
      vertex 43.095 22.3816 2.95
      vertex 44.615 25.0143 6
    endloop
  endfacet
  facet normal -0.313611 -0.635895 0.705185
    outer loop
      vertex 43.095 22.3816 2.95
      vertex 44.614 25.0148 6
      vertex 42.7724 22.5407 2.95
    endloop
  endfacet
  facet normal 0.533095 0.467466 0.705184
    outer loop
      vertex 37.6251 15.9067 6
      vertex 39.5383 18.3259 2.95
      vertex 37.1265 16.4753 6
    endloop
  endfacet
  facet normal 0.393879 -0.589553 0.705185
    outer loop
      vertex 40.345 22.3816 2.95
      vertex 38.825 25.0143 6
      vertex 38.1962 24.5942 6
    endloop
  endfacet
  facet normal 0.313629 -0.635884 0.705187
    outer loop
      vertex 40.6676 22.5407 2.95
      vertex 39.5042 25.3493 6
      vertex 38.826 25.0148 6
    endloop
  endfacet
  facet normal -0.683316 -0.186359 0.705939
    outer loop
      vertex 47.3124 21.4997 6
      vertex 44.3763 20.7118 2.95
      vertex 47.3127 21.4986 6
    endloop
  endfacet
  facet normal -0.671399 -0.227874 0.705193
    outer loop
      vertex 44.3763 20.7118 2.95
      vertex 47.3124 21.4997 6
      vertex 44.2607 21.0524 2.95
    endloop
  endfacet
  facet normal 0.635895 0.313611 0.705185
    outer loop
      vertex 36.7052 17.106 6
      vertex 39.3384 18.625 2.95
      vertex 39.1793 18.9476 2.95
    endloop
  endfacet
  facet normal 0.634062 0.317031 0.705306
    outer loop
      vertex 39.3384 18.625 2.95
      vertex 36.7052 17.106 6
      vertex 36.7057 17.105 6
    endloop
  endfacet
  facet normal -0.467466 0.533095 0.705184
    outer loop
      vertex 45.2447 15.4065 6
      vertex 45.8133 15.9051 6
      vertex 43.3941 17.8183 2.95
    endloop
  endfacet
  facet normal 0.634062 -0.317031 0.705306
    outer loop
      vertex 36.7052 22.894 6
      vertex 39.3384 21.375 2.95
      vertex 36.7057 22.895 6
    endloop
  endfacet
  facet normal 0.635895 -0.313611 0.705185
    outer loop
      vertex 39.3384 21.375 2.95
      vertex 36.7052 22.894 6
      vertex 39.1793 21.0524 2.95
    endloop
  endfacet
  facet normal 0.313611 0.635895 0.705185
    outer loop
      vertex 40.345 17.6184 2.95
      vertex 38.826 14.9852 6
      vertex 40.6676 17.4593 2.95
    endloop
  endfacet
  facet normal 0.317031 0.634062 0.705306
    outer loop
      vertex 38.826 14.9852 6
      vertex 40.345 17.6184 2.95
      vertex 38.825 14.9857 6
    endloop
  endfacet
  facet normal -0.436501 0.561215 0.70321
    outer loop
      vertex 43.6645 18.0555 2.95
      vertex 45.8133 15.9051 6
      vertex 45.8142 15.9058 6
    endloop
  endfacet
  facet normal -0.467557 0.532999 0.705196
    outer loop
      vertex 45.8133 15.9051 6
      vertex 43.6645 18.0555 2.95
      vertex 43.3941 17.8183 2.95
    endloop
  endfacet
  facet normal -0.589479 0.393971 0.705196
    outer loop
      vertex 43.9017 18.3259 2.95
      vertex 46.3142 16.4762 6
      vertex 44.1016 18.625 2.95
    endloop
  endfacet
  facet normal -0.55908 0.43484 0.705935
    outer loop
      vertex 46.3142 16.4762 6
      vertex 43.9017 18.3259 2.95
      vertex 46.3135 16.4753 6
    endloop
  endfacet
  facet normal -0.561215 -0.436501 0.70321
    outer loop
      vertex 43.6645 21.9445 2.95
      vertex 45.8149 24.0933 6
      vertex 45.8142 24.0942 6
    endloop
  endfacet
  facet normal -0.532999 -0.467557 0.705196
    outer loop
      vertex 45.8149 24.0933 6
      vertex 43.6645 21.9445 2.95
      vertex 43.9017 21.6741 2.95
    endloop
  endfacet
  facet normal -0.695387 -0.138384 0.705185
    outer loop
      vertex 47.4603 20.7569 6
      vertex 47.3127 21.4986 6
      vertex 44.3763 20.7118 2.95
    endloop
  endfacet
  facet normal -0.697256 -0.126774 0.705523
    outer loop
      vertex 47.4603 20.7569 6
      vertex 44.4465 20.3589 2.95
      vertex 47.4605 20.7558 6
    endloop
  endfacet
  facet normal -0.695393 -0.13833 0.70519
    outer loop
      vertex 44.4465 20.3589 2.95
      vertex 47.4603 20.7569 6
      vertex 44.3763 20.7118 2.95
    endloop
  endfacet
  facet normal 0.707505 0.0463259 0.705188
    outer loop
      vertex 35.9794 19.2454 6
      vertex 38.9935 19.6411 2.95
      vertex 38.97 20 2.95
    endloop
  endfacet
  facet normal 0.70622 0.0588516 0.705542
    outer loop
      vertex 38.9935 19.6411 2.95
      vertex 35.9794 19.2454 6
      vertex 35.9795 19.2442 6
    endloop
  endfacet
  facet normal 0.467557 0.532999 0.705196
    outer loop
      vertex 39.7755 18.0555 2.95
      vertex 37.6267 15.9051 6
      vertex 40.0459 17.8183 2.95
    endloop
  endfacet
  facet normal 0.436501 0.561215 0.70321
    outer loop
      vertex 37.6267 15.9051 6
      vertex 39.7755 18.0555 2.95
      vertex 37.6258 15.9058 6
    endloop
  endfacet
  facet normal 0.532999 0.467557 0.705196
    outer loop
      vertex 37.6251 15.9067 6
      vertex 39.7755 18.0555 2.95
      vertex 39.5383 18.3259 2.95
    endloop
  endfacet
  facet normal 0.561215 0.436501 0.70321
    outer loop
      vertex 39.7755 18.0555 2.95
      vertex 37.6251 15.9067 6
      vertex 37.6258 15.9058 6
    endloop
  endfacet
  facet normal 0.671399 -0.227874 0.705193
    outer loop
      vertex 36.1276 21.4997 6
      vertex 39.0637 20.7118 2.95
      vertex 39.1793 21.0524 2.95
    endloop
  endfacet
  facet normal 0.683316 -0.186359 0.705939
    outer loop
      vertex 39.0637 20.7118 2.95
      vertex 36.1276 21.4997 6
      vertex 36.1273 21.4986 6
    endloop
  endfacet
  facet normal 0.671381 0.227951 0.705185
    outer loop
      vertex 36.3707 17.7843 6
      vertex 39.1793 18.9476 2.95
      vertex 36.1276 18.5003 6
    endloop
  endfacet
  facet normal 0.671399 0.227874 0.705193
    outer loop
      vertex 39.0637 19.2882 2.95
      vertex 36.1276 18.5003 6
      vertex 39.1793 18.9476 2.95
    endloop
  endfacet
  facet normal 0.683316 0.186359 0.705939
    outer loop
      vertex 36.1276 18.5003 6
      vertex 39.0637 19.2882 2.95
      vertex 36.1273 18.5014 6
    endloop
  endfacet
  facet normal 0.227921 -0.671388 0.705188
    outer loop
      vertex 40.6676 22.5407 2.95
      vertex 40.2203 25.5924 6
      vertex 39.5042 25.3493 6
    endloop
  endfacet
  facet normal 0.13833 0.695393 0.70519
    outer loop
      vertex 40.9631 14.2597 6
      vertex 41.3611 17.2735 2.95
      vertex 41.0082 17.3437 2.95
    endloop
  endfacet
  facet normal 0.126774 0.697256 0.705523
    outer loop
      vertex 41.3611 17.2735 2.95
      vertex 40.9631 14.2597 6
      vertex 40.9642 14.2595 6
    endloop
  endfacet
  facet normal 0.671381 -0.227951 0.705185
    outer loop
      vertex 39.1793 21.0524 2.95
      vertex 36.3707 22.2157 6
      vertex 36.1276 21.4997 6
    endloop
  endfacet
  facet normal -0.533095 -0.467466 0.705184
    outer loop
      vertex 46.3135 23.5247 6
      vertex 45.8149 24.0933 6
      vertex 43.9017 21.6741 2.95
    endloop
  endfacet
  facet normal -0.55908 -0.43484 0.705935
    outer loop
      vertex 43.9017 21.6741 2.95
      vertex 46.3142 23.5238 6
      vertex 46.3135 23.5247 6
    endloop
  endfacet
  facet normal -0.589479 -0.393971 0.705196
    outer loop
      vertex 46.3142 23.5238 6
      vertex 43.9017 21.6741 2.95
      vertex 44.1016 21.375 2.95
    endloop
  endfacet
  facet normal 0.635906 -0.313593 0.705183
    outer loop
      vertex 39.1793 21.0524 2.95
      vertex 36.7052 22.894 6
      vertex 36.3707 22.2157 6
    endloop
  endfacet
  facet normal 0.227921 0.671388 0.705188
    outer loop
      vertex 40.2203 14.4076 6
      vertex 40.6676 17.4593 2.95
      vertex 39.5042 14.6507 6
    endloop
  endfacet
  facet normal 0.227874 0.671399 0.705193
    outer loop
      vertex 40.2203 14.4076 6
      vertex 41.0082 17.3437 2.95
      vertex 40.6676 17.4593 2.95
    endloop
  endfacet
  facet normal 0.186359 0.683316 0.705939
    outer loop
      vertex 41.0082 17.3437 2.95
      vertex 40.2203 14.4076 6
      vertex 40.2214 14.4073 6
    endloop
  endfacet
  facet normal 0.589479 0.393971 0.705196
    outer loop
      vertex 37.1258 16.4762 6
      vertex 39.5383 18.3259 2.95
      vertex 39.3384 18.625 2.95
    endloop
  endfacet
  facet normal 0.55908 0.43484 0.705935
    outer loop
      vertex 39.5383 18.3259 2.95
      vertex 37.1258 16.4762 6
      vertex 37.1265 16.4753 6
    endloop
  endfacet
  facet normal 0.313611 -0.635895 0.705185
    outer loop
      vertex 38.826 25.0148 6
      vertex 40.345 22.3816 2.95
      vertex 40.6676 22.5407 2.95
    endloop
  endfacet
  facet normal 0.317031 -0.634062 0.705306
    outer loop
      vertex 40.345 22.3816 2.95
      vertex 38.826 25.0148 6
      vertex 38.825 25.0143 6
    endloop
  endfacet
  facet normal 0 -0.831408 -0.555662
    outer loop
      vertex 0 22.3816 43.095
      vertex 2.95 22.1817 43.3941
      vertex 0 22.1817 43.3941
    endloop
  endfacet
  facet normal 0 -0.831408 -0.555662
    outer loop
      vertex 2.95 22.1817 43.3941
      vertex 0 22.3816 43.095
      vertex 2.95 22.3816 43.095
    endloop
  endfacet
  facet normal 0 0.980783 0.195101
    outer loop
      vertex 2.95 17.3437 41.0082
      vertex 0 17.2735 41.3611
      vertex 2.95 17.2735 41.3611
    endloop
  endfacet
  facet normal 0 0.980783 0.195101
    outer loop
      vertex 0 17.2735 41.3611
      vertex 2.95 17.3437 41.0082
      vertex 0 17.3437 41.0082
    endloop
  endfacet
  facet normal 0 -0.997863 0.0653379
    outer loop
      vertex 0 22.7265 41.3611
      vertex 2.95 22.75 41.72
      vertex 0 22.75 41.72
    endloop
  endfacet
  facet normal 0 -0.997863 0.0653379
    outer loop
      vertex 2.95 22.75 41.72
      vertex 0 22.7265 41.3611
      vertex 2.95 22.7265 41.3611
    endloop
  endfacet
  facet normal 0 0.997863 0.0653379
    outer loop
      vertex 2.95 17.2735 41.3611
      vertex 0 17.25 41.72
      vertex 2.95 17.25 41.72
    endloop
  endfacet
  facet normal 0 0.997863 0.0653379
    outer loop
      vertex 0 17.25 41.72
      vertex 2.95 17.2735 41.3611
      vertex 0 17.2735 41.3611
    endloop
  endfacet
  facet normal 0 0.708762 -0.705447
    outer loop
      vertex 3.43216 19.6971 45.3142
      vertex 0 19.995 45.6135
      vertex 3.58831 19.995 45.6135
    endloop
  endfacet
  facet normal 7.13752e-06 0.708803 -0.705406
    outer loop
      vertex 3.28158 19.3652 44.9807
      vertex 0 19.995 45.6135
      vertex 3.43216 19.6971 45.3142
    endloop
  endfacet
  facet normal 1.28749e-05 0.708818 -0.705391
    outer loop
      vertex 3.14827 19.0158 44.6296
      vertex 0 19.995 45.6135
      vertex 3.28158 19.3652 44.9807
    endloop
  endfacet
  facet normal 7.14316e-05 0.708912 -0.705297
    outer loop
      vertex 3.04261 18.6667 44.2787
      vertex 0 19.995 45.6135
      vertex 3.14827 19.0158 44.6296
    endloop
  endfacet
  facet normal 3.3841e-06 0.708827 -0.705382
    outer loop
      vertex 0 18.0555 43.6645
      vertex 3.04261 18.6667 44.2787
      vertex 2.97422 18.3392 43.9496
    endloop
  endfacet
  facet normal 0 0.708845 -0.705364
    outer loop
      vertex 0 18.0555 43.6645
      vertex 2.97422 18.3392 43.9496
      vertex 2.95 18.0555 43.6645
    endloop
  endfacet
  facet normal 1.44634e-06 0.708832 -0.705377
    outer loop
      vertex 3.04261 18.6667 44.2787
      vertex 0 18.0555 43.6645
      vertex 0 19.995 45.6135
    endloop
  endfacet
  facet normal 0 -0.659449 0.751749
    outer loop
      vertex 0 21.9445 39.7755
      vertex 2.95 21.6741 39.5383
      vertex 2.95 21.9445 39.7755
    endloop
  endfacet
  facet normal 0 -0.659449 0.751749
    outer loop
      vertex 2.95 21.6741 39.5383
      vertex 0 21.9445 39.7755
      vertex 0 21.6741 39.5383
    endloop
  endfacet
  facet normal -0 0.0653379 0.997863
    outer loop
      vertex 0 20 38.97
      vertex 2.95 19.6411 38.9935
      vertex 2.95 20 38.97
    endloop
  endfacet
  facet normal 0 0.0653379 0.997863
    outer loop
      vertex 2.95 19.6411 38.9935
      vertex 0 20 38.97
      vertex 0 19.6411 38.9935
    endloop
  endfacet
  facet normal 0 -0.195101 0.980783
    outer loop
      vertex 0 20.7118 39.0637
      vertex 2.95 20.3589 38.9935
      vertex 2.95 20.7118 39.0637
    endloop
  endfacet
  facet normal 0 -0.195101 0.980783
    outer loop
      vertex 2.95 20.3589 38.9935
      vertex 0 20.7118 39.0637
      vertex 0 20.3589 38.9935
    endloop
  endfacet
  facet normal -0 0.195101 0.980783
    outer loop
      vertex 0 19.6411 38.9935
      vertex 2.95 19.2882 39.0637
      vertex 2.95 19.6411 38.9935
    endloop
  endfacet
  facet normal 0 0.195101 0.980783
    outer loop
      vertex 2.95 19.2882 39.0637
      vertex 0 19.6411 38.9935
      vertex 0 19.2882 39.0637
    endloop
  endfacet
  facet normal 0 0.751749 -0.659449
    outer loop
      vertex 2.95 17.8183 43.3941
      vertex 0 18.0555 43.6645
      vertex 2.95 18.0555 43.6645
    endloop
  endfacet
  facet normal 0 0.751749 -0.659449
    outer loop
      vertex 0 18.0555 43.6645
      vertex 2.95 17.8183 43.3941
      vertex 0 17.8183 43.3941
    endloop
  endfacet
  facet normal 0 -0.946945 -0.321394
    outer loop
      vertex 0 22.6563 42.4318
      vertex 2.95 22.5407 42.7724
      vertex 0 22.5407 42.7724
    endloop
  endfacet
  facet normal 0 -0.946945 -0.321394
    outer loop
      vertex 2.95 22.5407 42.7724
      vertex 0 22.6563 42.4318
      vertex 2.95 22.6563 42.4318
    endloop
  endfacet
  facet normal 0 -0.708762 -0.705447
    outer loop
      vertex 0 20.005 45.6135
      vertex 3.43216 20.3029 45.3142
      vertex 3.58831 20.005 45.6135
    endloop
  endfacet
  facet normal 7.13752e-06 -0.708803 -0.705406
    outer loop
      vertex 0 20.005 45.6135
      vertex 3.28158 20.6348 44.9807
      vertex 3.43216 20.3029 45.3142
    endloop
  endfacet
  facet normal 1.28749e-05 -0.708818 -0.705391
    outer loop
      vertex 0 20.005 45.6135
      vertex 3.14827 20.9842 44.6296
      vertex 3.28158 20.6348 44.9807
    endloop
  endfacet
  facet normal 7.14316e-05 -0.708912 -0.705297
    outer loop
      vertex 0 20.005 45.6135
      vertex 3.04261 21.3333 44.2787
      vertex 3.14827 20.9842 44.6296
    endloop
  endfacet
  facet normal 1.44634e-06 -0.708832 -0.705377
    outer loop
      vertex 0 21.9445 43.6645
      vertex 3.04261 21.3333 44.2787
      vertex 0 20.005 45.6135
    endloop
  endfacet
  facet normal 3.3841e-06 -0.708827 -0.705382
    outer loop
      vertex 3.04261 21.3333 44.2787
      vertex 0 21.9445 43.6645
      vertex 2.97422 21.6608 43.9496
    endloop
  endfacet
  facet normal 0 -0.708845 -0.705364
    outer loop
      vertex 2.97422 21.6608 43.9496
      vertex 0 21.9445 43.6645
      vertex 2.95 21.9445 43.6645
    endloop
  endfacet
  facet normal 0 -0.89686 0.442314
    outer loop
      vertex 0 22.3816 40.345
      vertex 2.95 22.5407 40.6676
      vertex 0 22.5407 40.6676
    endloop
  endfacet
  facet normal 0 -0.89686 0.442314
    outer loop
      vertex 2.95 22.5407 40.6676
      vertex 0 22.3816 40.345
      vertex 2.95 22.3816 40.345
    endloop
  endfacet
  facet normal 0 -0.946945 0.321394
    outer loop
      vertex 0 22.5407 40.6676
      vertex 2.95 22.6563 41.0082
      vertex 0 22.6563 41.0082
    endloop
  endfacet
  facet normal 0 -0.946945 0.321394
    outer loop
      vertex 2.95 22.6563 41.0082
      vertex 0 22.5407 40.6676
      vertex 2.95 22.5407 40.6676
    endloop
  endfacet
  facet normal 0 -0.751749 0.659449
    outer loop
      vertex 0 21.9445 39.7755
      vertex 2.95 22.1817 40.0459
      vertex 0 22.1817 40.0459
    endloop
  endfacet
  facet normal 0 -0.751749 0.659449
    outer loop
      vertex 2.95 22.1817 40.0459
      vertex 0 21.9445 39.7755
      vertex 2.95 21.9445 39.7755
    endloop
  endfacet
  facet normal 0 -0.89686 -0.442314
    outer loop
      vertex 0 22.5407 42.7724
      vertex 2.95 22.3816 43.095
      vertex 0 22.3816 43.095
    endloop
  endfacet
  facet normal 0 -0.89686 -0.442314
    outer loop
      vertex 2.95 22.3816 43.095
      vertex 0 22.5407 42.7724
      vertex 2.95 22.5407 42.7724
    endloop
  endfacet
  facet normal 0 0.831408 -0.555662
    outer loop
      vertex 2.95 17.6184 43.095
      vertex 0 17.8183 43.3941
      vertex 2.95 17.8183 43.3941
    endloop
  endfacet
  facet normal 0 0.831408 -0.555662
    outer loop
      vertex 0 17.8183 43.3941
      vertex 2.95 17.6184 43.095
      vertex 0 17.6184 43.095
    endloop
  endfacet
  facet normal 0 0.89686 -0.442314
    outer loop
      vertex 2.95 17.4593 42.7724
      vertex 0 17.6184 43.095
      vertex 2.95 17.6184 43.095
    endloop
  endfacet
  facet normal 0 0.89686 -0.442314
    outer loop
      vertex 0 17.6184 43.095
      vertex 2.95 17.4593 42.7724
      vertex 0 17.4593 42.7724
    endloop
  endfacet
  facet normal -0 0.442314 0.89686
    outer loop
      vertex 0 18.9476 39.1793
      vertex 2.95 18.625 39.3384
      vertex 2.95 18.9476 39.1793
    endloop
  endfacet
  facet normal 0 0.442314 0.89686
    outer loop
      vertex 2.95 18.625 39.3384
      vertex 0 18.9476 39.1793
      vertex 0 18.625 39.3384
    endloop
  endfacet
  facet normal 0 -0.751749 -0.659449
    outer loop
      vertex 0 22.1817 43.3941
      vertex 2.95 21.9445 43.6645
      vertex 0 21.9445 43.6645
    endloop
  endfacet
  facet normal 0 -0.751749 -0.659449
    outer loop
      vertex 2.95 21.9445 43.6645
      vertex 0 22.1817 43.3941
      vertex 2.95 22.1817 43.3941
    endloop
  endfacet
  facet normal 0 -0.980783 -0.195101
    outer loop
      vertex 0 22.7265 42.0789
      vertex 2.95 22.6563 42.4318
      vertex 0 22.6563 42.4318
    endloop
  endfacet
  facet normal 0 -0.980783 -0.195101
    outer loop
      vertex 2.95 22.6563 42.4318
      vertex 0 22.7265 42.0789
      vertex 2.95 22.7265 42.0789
    endloop
  endfacet
  facet normal 0 0.946945 -0.321394
    outer loop
      vertex 2.95 17.3437 42.4318
      vertex 0 17.4593 42.7724
      vertex 2.95 17.4593 42.7724
    endloop
  endfacet
  facet normal 0 0.946945 -0.321394
    outer loop
      vertex 0 17.4593 42.7724
      vertex 2.95 17.3437 42.4318
      vertex 0 17.3437 42.4318
    endloop
  endfacet
  facet normal 0 0.89686 0.442314
    outer loop
      vertex 2.95 17.6184 40.345
      vertex 0 17.4593 40.6676
      vertex 2.95 17.4593 40.6676
    endloop
  endfacet
  facet normal 0 0.89686 0.442314
    outer loop
      vertex 0 17.4593 40.6676
      vertex 2.95 17.6184 40.345
      vertex 0 17.6184 40.345
    endloop
  endfacet
  facet normal 0 0.831408 0.555662
    outer loop
      vertex 2.95 17.8183 40.0459
      vertex 0 17.6184 40.345
      vertex 2.95 17.6184 40.345
    endloop
  endfacet
  facet normal 0 0.831408 0.555662
    outer loop
      vertex 0 17.6184 40.345
      vertex 2.95 17.8183 40.0459
      vertex 0 17.8183 40.0459
    endloop
  endfacet
  facet normal 0 -0.831408 0.555662
    outer loop
      vertex 0 22.1817 40.0459
      vertex 2.95 22.3816 40.345
      vertex 0 22.3816 40.345
    endloop
  endfacet
  facet normal 0 -0.831408 0.555662
    outer loop
      vertex 2.95 22.3816 40.345
      vertex 0 22.1817 40.0459
      vertex 2.95 22.1817 40.0459
    endloop
  endfacet
  facet normal 0 -0.321394 0.946945
    outer loop
      vertex 0 21.0524 39.1793
      vertex 2.95 20.7118 39.0637
      vertex 2.95 21.0524 39.1793
    endloop
  endfacet
  facet normal 0 -0.321394 0.946945
    outer loop
      vertex 2.95 20.7118 39.0637
      vertex 0 21.0524 39.1793
      vertex 0 20.7118 39.0637
    endloop
  endfacet
  facet normal 0 0.751749 0.659449
    outer loop
      vertex 2.95 18.0555 39.7755
      vertex 0 17.8183 40.0459
      vertex 2.95 17.8183 40.0459
    endloop
  endfacet
  facet normal 0 0.751749 0.659449
    outer loop
      vertex 0 17.8183 40.0459
      vertex 2.95 18.0555 39.7755
      vertex 0 18.0555 39.7755
    endloop
  endfacet
  facet normal 0 0.980783 -0.195101
    outer loop
      vertex 2.95 17.2735 42.0789
      vertex 0 17.3437 42.4318
      vertex 2.95 17.3437 42.4318
    endloop
  endfacet
  facet normal 0 0.980783 -0.195101
    outer loop
      vertex 0 17.3437 42.4318
      vertex 2.95 17.2735 42.0789
      vertex 0 17.2735 42.0789
    endloop
  endfacet
  facet normal 0 0.997863 -0.0653379
    outer loop
      vertex 2.95 17.25 41.72
      vertex 0 17.2735 42.0789
      vertex 2.95 17.2735 42.0789
    endloop
  endfacet
  facet normal 0 0.997863 -0.0653379
    outer loop
      vertex 0 17.2735 42.0789
      vertex 2.95 17.25 41.72
      vertex 0 17.25 41.72
    endloop
  endfacet
  facet normal 0 -0.997863 -0.0653379
    outer loop
      vertex 0 22.75 41.72
      vertex 2.95 22.7265 42.0789
      vertex 0 22.7265 42.0789
    endloop
  endfacet
  facet normal 0 -0.997863 -0.0653379
    outer loop
      vertex 2.95 22.7265 42.0789
      vertex 0 22.75 41.72
      vertex 2.95 22.75 41.72
    endloop
  endfacet
  facet normal -0 0.659449 0.751749
    outer loop
      vertex 0 18.3259 39.5383
      vertex 2.95 18.0555 39.7755
      vertex 2.95 18.3259 39.5383
    endloop
  endfacet
  facet normal 0 0.659449 0.751749
    outer loop
      vertex 2.95 18.0555 39.7755
      vertex 0 18.3259 39.5383
      vertex 0 18.0555 39.7755
    endloop
  endfacet
  facet normal -0 0 -1
    outer loop
      vertex 3.58816 19.999 45.6135
      vertex 0 19.995 45.6135
      vertex 3.58816 20.001 45.6135
    endloop
  endfacet
  facet normal 0 0 -1
    outer loop
      vertex 0 19.995 45.6135
      vertex 3.58816 19.999 45.6135
      vertex 3.58831 19.995 45.6135
    endloop
  endfacet
  facet normal 0 0 -1
    outer loop
      vertex 0 20.005 45.6135
      vertex 3.58816 20.001 45.6135
      vertex 0 19.995 45.6135
    endloop
  endfacet
  facet normal 0 0 -1
    outer loop
      vertex 3.58816 20.001 45.6135
      vertex 0 20.005 45.6135
      vertex 3.58831 20.005 45.6135
    endloop
  endfacet
  facet normal 0 -0.980783 0.195101
    outer loop
      vertex 0 22.6563 41.0082
      vertex 2.95 22.7265 41.3611
      vertex 0 22.7265 41.3611
    endloop
  endfacet
  facet normal 0 -0.980783 0.195101
    outer loop
      vertex 2.95 22.7265 41.3611
      vertex 0 22.6563 41.0082
      vertex 2.95 22.6563 41.0082
    endloop
  endfacet
  facet normal 0 -0.555662 0.831408
    outer loop
      vertex 0 21.6741 39.5383
      vertex 2.95 21.375 39.3384
      vertex 2.95 21.6741 39.5383
    endloop
  endfacet
  facet normal 0 -0.555662 0.831408
    outer loop
      vertex 2.95 21.375 39.3384
      vertex 0 21.6741 39.5383
      vertex 0 21.375 39.3384
    endloop
  endfacet
  facet normal 0 -0.442314 0.89686
    outer loop
      vertex 0 21.375 39.3384
      vertex 2.95 21.0524 39.1793
      vertex 2.95 21.375 39.3384
    endloop
  endfacet
  facet normal 0 -0.442314 0.89686
    outer loop
      vertex 2.95 21.0524 39.1793
      vertex 0 21.375 39.3384
      vertex 0 21.0524 39.1793
    endloop
  endfacet
  facet normal -0 0.555662 0.831408
    outer loop
      vertex 0 18.625 39.3384
      vertex 2.95 18.3259 39.5383
      vertex 2.95 18.625 39.3384
    endloop
  endfacet
  facet normal 0 0.555662 0.831408
    outer loop
      vertex 2.95 18.3259 39.5383
      vertex 0 18.625 39.3384
      vertex 0 18.3259 39.5383
    endloop
  endfacet
  facet normal 0 -0.0653379 0.997863
    outer loop
      vertex 0 20.3589 38.9935
      vertex 2.95 20 38.97
      vertex 2.95 20.3589 38.9935
    endloop
  endfacet
  facet normal 0 -0.0653379 0.997863
    outer loop
      vertex 2.95 20 38.97
      vertex 0 20.3589 38.9935
      vertex 0 20 38.97
    endloop
  endfacet
  facet normal -0 0.321394 0.946945
    outer loop
      vertex 0 19.2882 39.0637
      vertex 2.95 18.9476 39.1793
      vertex 2.95 19.2882 39.0637
    endloop
  endfacet
  facet normal 0 0.321394 0.946945
    outer loop
      vertex 2.95 18.9476 39.1793
      vertex 0 19.2882 39.0637
      vertex 0 18.9476 39.1793
    endloop
  endfacet
  facet normal 0 0.946945 0.321394
    outer loop
      vertex 2.95 17.4593 40.6676
      vertex 0 17.3437 41.0082
      vertex 2.95 17.3437 41.0082
    endloop
  endfacet
  facet normal 0 0.946945 0.321394
    outer loop
      vertex 0 17.3437 41.0082
      vertex 2.95 17.4593 40.6676
      vertex 0 17.4593 40.6676
    endloop
  endfacet
  facet normal 0.705187 -0.707507 -0.046317
    outer loop
      vertex 6 25.79 41.72
      vertex 6 25.7406 42.4746
      vertex 2.95 22.75 41.72
    endloop
  endfacet
  facet normal 0.705188 -0.707505 0.0463259
    outer loop
      vertex 2.95 22.7265 41.3611
      vertex 6 25.7406 40.9654
      vertex 2.95 22.75 41.72
    endloop
  endfacet
  facet normal 0.705542 -0.70622 0.0588516
    outer loop
      vertex 6 25.7406 40.9654
      vertex 2.95 22.7265 41.3611
      vertex 6 25.7405 40.9642
    endloop
  endfacet
  facet normal 0.705659 -0.705642 -0.0641493
    outer loop
      vertex 2.95 22.7265 42.0789
      vertex 6 25.7406 42.4746
      vertex 6 25.7405 42.4757
    endloop
  endfacet
  facet normal 0.705188 -0.707505 -0.0463259
    outer loop
      vertex 6 25.7406 42.4746
      vertex 2.95 22.7265 42.0789
      vertex 2.95 22.75 41.72
    endloop
  endfacet
  facet normal 0.705188 -0.671388 0.227921
    outer loop
      vertex 6 25.3493 39.5042
      vertex 6 25.5924 40.2203
      vertex 2.95 22.5407 40.6676
    endloop
  endfacet
  facet normal 0.801538 0.332212 -0.497163
    outer loop
      vertex 3.04261 18.6667 44.2787
      vertex 5.995 19.995 49.9262
      vertex 2.97422 18.3392 43.9496
    endloop
  endfacet
  facet normal 0.705193 0.671399 -0.227874
    outer loop
      vertex 6 14.4076 43.2197
      vertex 2.95 17.3437 42.4318
      vertex 2.95 17.4593 42.7724
    endloop
  endfacet
  facet normal 0.705939 0.683316 -0.186359
    outer loop
      vertex 2.95 17.3437 42.4318
      vertex 6 14.4076 43.2197
      vertex 6 14.4073 43.2186
    endloop
  endfacet
  facet normal 0.834811 -0.243593 -0.493714
    outer loop
      vertex 5.995 20.005 49.9262
      vertex 3.14827 20.9842 44.6296
      vertex 3.04261 21.3333 44.2787
    endloop
  endfacet
  facet normal 0.872764 0.0327287 -0.487044
    outer loop
      vertex 5.995 19.995 49.9262
      vertex 3.58831 19.995 45.6135
      vertex 3.58816 19.999 45.6135
    endloop
  endfacet
  facet normal 0.872789 0.0318573 -0.487057
    outer loop
      vertex 3.58831 19.995 45.6135
      vertex 5.995 19.995 49.9262
      vertex 3.43216 19.6971 45.3142
    endloop
  endfacet
  facet normal 0.855367 -0.166549 -0.490519
    outer loop
      vertex 5.995 20.005 49.9262
      vertex 3.28158 20.6348 44.9807
      vertex 3.14827 20.9842 44.6296
    endloop
  endfacet
  facet normal 0.705185 -0.393879 0.589553
    outer loop
      vertex 6 22.895 36.7057
      vertex 6 23.5238 37.1258
      vertex 2.95 21.375 39.3384
    endloop
  endfacet
  facet normal 0.705185 -0.695387 0.138384
    outer loop
      vertex 6 25.5927 40.2214
      vertex 6 25.7403 40.9631
      vertex 2.95 22.6563 41.0082
    endloop
  endfacet
  facet normal 0.705188 0.0463259 0.707505
    outer loop
      vertex 2.95 19.6411 38.9935
      vertex 6 19.2454 35.9794
      vertex 2.95 20 38.97
    endloop
  endfacet
  facet normal 0.705542 0.0588516 0.70622
    outer loop
      vertex 6 19.2454 35.9794
      vertex 2.95 19.6411 38.9935
      vertex 6 19.2442 35.9795
    endloop
  endfacet
  facet normal 0.705306 0.634062 -0.317031
    outer loop
      vertex 6 14.9852 44.614
      vertex 2.95 17.6184 43.095
      vertex 6 14.9857 44.615
    endloop
  endfacet
  facet normal 0.705185 0.635895 -0.313611
    outer loop
      vertex 2.95 17.6184 43.095
      vertex 6 14.9852 44.614
      vertex 2.95 17.4593 42.7724
    endloop
  endfacet
  facet normal 0.705187 0.635884 0.313629
    outer loop
      vertex 6 14.6507 39.5042
      vertex 6 14.9852 38.826
      vertex 2.95 17.4593 40.6676
    endloop
  endfacet
  facet normal 0.70519 -0.13833 0.695393
    outer loop
      vertex 2.95 20.3589 38.9935
      vertex 6 20.7569 35.9797
      vertex 2.95 20.7118 39.0637
    endloop
  endfacet
  facet normal 0.705523 -0.126774 0.697256
    outer loop
      vertex 6 20.7569 35.9797
      vertex 2.95 20.3589 38.9935
      vertex 6 20.7558 35.9795
    endloop
  endfacet
  facet normal 0.70519 0.695393 0.13833
    outer loop
      vertex 2.95 17.2735 41.3611
      vertex 6 14.2597 40.9631
      vertex 2.95 17.3437 41.0082
    endloop
  endfacet
  facet normal 0.705523 0.697256 0.126774
    outer loop
      vertex 6 14.2597 40.9631
      vertex 2.95 17.2735 41.3611
      vertex 6 14.2595 40.9642
    endloop
  endfacet
  facet normal 0.705185 0.313611 0.635895
    outer loop
      vertex 2.95 18.625 39.3384
      vertex 6 17.106 36.7052
      vertex 2.95 18.9476 39.1793
    endloop
  endfacet
  facet normal 0.705306 0.317031 0.634062
    outer loop
      vertex 6 17.106 36.7052
      vertex 2.95 18.625 39.3384
      vertex 6 17.105 36.7057
    endloop
  endfacet
  facet normal 0.705185 -0.138384 0.695387
    outer loop
      vertex 6 20.7569 35.9797
      vertex 6 21.4986 36.1273
      vertex 2.95 20.7118 39.0637
    endloop
  endfacet
  facet normal 0.705187 0.707507 0.046317
    outer loop
      vertex 6 14.21 41.72
      vertex 6 14.2594 40.9654
      vertex 2.95 17.25 41.72
    endloop
  endfacet
  facet normal 0.70321 -0.436501 0.561215
    outer loop
      vertex 2.95 21.9445 39.7755
      vertex 6 24.0933 37.6251
      vertex 6 24.0942 37.6258
    endloop
  endfacet
  facet normal 0.705196 -0.467557 0.532999
    outer loop
      vertex 6 24.0933 37.6251
      vertex 2.95 21.9445 39.7755
      vertex 2.95 21.6741 39.5383
    endloop
  endfacet
  facet normal 0.705187 -0.046317 0.707507
    outer loop
      vertex 6 20 35.93
      vertex 6 20.7546 35.9794
      vertex 2.95 20 38.97
    endloop
  endfacet
  facet normal 0.705183 0.635906 -0.313593
    outer loop
      vertex 6 14.9852 44.614
      vertex 6 14.6507 43.9357
      vertex 2.95 17.4593 42.7724
    endloop
  endfacet
  facet normal 0.705185 -0.635895 0.313611
    outer loop
      vertex 2.95 22.3816 40.345
      vertex 6 25.0148 38.826
      vertex 2.95 22.5407 40.6676
    endloop
  endfacet
  facet normal 0.705306 -0.634062 0.317031
    outer loop
      vertex 6 25.0148 38.826
      vertex 2.95 22.3816 40.345
      vertex 6 25.0143 38.825
    endloop
  endfacet
  facet normal 0.705959 0.50263 -0.498985
    outer loop
      vertex 6 18.6295 48.5578
      vertex 2.95 18.0555 43.6645
      vertex 5.995 19.995 49.9262
    endloop
  endfacet
  facet normal 0.705958 0.50263 -0.498985
    outer loop
      vertex 2.95 18.0555 43.6645
      vertex 6 18.6295 48.5578
      vertex 6 15.9058 45.8142
    endloop
  endfacet
  facet normal 0.705183 -0.635906 -0.313593
    outer loop
      vertex 6 25.3493 43.9357
      vertex 6 25.0148 44.614
      vertex 2.95 22.5407 42.7724
    endloop
  endfacet
  facet normal 0.872789 -0.0318573 -0.487057
    outer loop
      vertex 5.995 20.005 49.9262
      vertex 3.58831 20.005 45.6135
      vertex 3.43216 20.3029 45.3142
    endloop
  endfacet
  facet normal 0.872764 -0.0327287 -0.487044
    outer loop
      vertex 3.58831 20.005 45.6135
      vertex 5.995 20.005 49.9262
      vertex 3.58816 20.001 45.6135
    endloop
  endfacet
  facet normal 0.705542 -0.0588516 0.70622
    outer loop
      vertex 2.95 20.3589 38.9935
      vertex 6 20.7546 35.9794
      vertex 6 20.7558 35.9795
    endloop
  endfacet
  facet normal 0.705188 -0.0463259 0.707505
    outer loop
      vertex 6 20.7546 35.9794
      vertex 2.95 20.3589 38.9935
      vertex 2.95 20 38.97
    endloop
  endfacet
  facet normal 0.747705 -0.437852 -0.499222
    outer loop
      vertex 5.995 20.005 49.9262
      vertex 2.97422 21.6608 43.9496
      vertex 2.95 21.9445 43.6645
    endloop
  endfacet
  facet normal 0.867302 0.0970884 -0.488222
    outer loop
      vertex 3.43216 19.6971 45.3142
      vertex 5.995 19.995 49.9262
      vertex 3.28158 19.3652 44.9807
    endloop
  endfacet
  facet normal 0.705523 -0.697256 0.126774
    outer loop
      vertex 2.95 22.7265 41.3611
      vertex 6 25.7403 40.9631
      vertex 6 25.7405 40.9642
    endloop
  endfacet
  facet normal 0.70519 -0.695393 0.13833
    outer loop
      vertex 6 25.7403 40.9631
      vertex 2.95 22.7265 41.3611
      vertex 2.95 22.6563 41.0082
    endloop
  endfacet
  facet normal 0.705185 0.695387 -0.138384
    outer loop
      vertex 6 14.4073 43.2186
      vertex 6 14.2597 42.4769
      vertex 2.95 17.3437 42.4318
    endloop
  endfacet
  facet normal 0.705187 -0.635884 0.313629
    outer loop
      vertex 6 25.0148 38.826
      vertex 6 25.3493 39.5042
      vertex 2.95 22.5407 40.6676
    endloop
  endfacet
  facet normal 0.705939 -0.683316 0.186359
    outer loop
      vertex 2.95 22.6563 41.0082
      vertex 6 25.5924 40.2203
      vertex 6 25.5927 40.2214
    endloop
  endfacet
  facet normal 0.705193 -0.671399 0.227874
    outer loop
      vertex 6 25.5924 40.2203
      vertex 2.95 22.6563 41.0082
      vertex 2.95 22.5407 40.6676
    endloop
  endfacet
  facet normal 0.705187 -0.707507 0.046317
    outer loop
      vertex 6 25.7406 40.9654
      vertex 6 25.79 41.72
      vertex 2.95 22.75 41.72
    endloop
  endfacet
  facet normal 0.705958 -0.50263 -0.498985
    outer loop
      vertex 6 21.3705 48.5578
      vertex 2.95 21.9445 43.6645
      vertex 6 24.0942 45.8142
    endloop
  endfacet
  facet normal 0.705959 -0.50263 -0.498985
    outer loop
      vertex 2.95 21.9445 43.6645
      vertex 6 21.3705 48.5578
      vertex 5.995 20.005 49.9262
    endloop
  endfacet
  facet normal 0.70519 0.695393 -0.13833
    outer loop
      vertex 6 14.2597 42.4769
      vertex 2.95 17.2735 42.0789
      vertex 2.95 17.3437 42.4318
    endloop
  endfacet
  facet normal 0.705738 0.698834 -0.116472
    outer loop
      vertex 2.95 17.2735 42.0789
      vertex 6 14.2597 42.4769
      vertex 6 14.2595 42.4757
    endloop
  endfacet
  facet normal 0.705187 0.046317 0.707507
    outer loop
      vertex 6 19.2454 35.9794
      vertex 6 20 35.93
      vertex 2.95 20 38.97
    endloop
  endfacet
  facet normal 0.705185 0.671381 -0.227951
    outer loop
      vertex 6 14.6507 43.9357
      vertex 6 14.4076 43.2197
      vertex 2.95 17.4593 42.7724
    endloop
  endfacet
  facet normal 0.705184 -0.533095 0.467466
    outer loop
      vertex 6 24.0949 37.6267
      vertex 6 24.5935 38.1953
      vertex 2.95 22.1817 40.0459
    endloop
  endfacet
  facet normal 0 -0.707856 -0.706356
    outer loop
      vertex 6 21.3705 48.5578
      vertex 6 20.005 49.9262
      vertex 5.995 20.005 49.9262
    endloop
  endfacet
  facet normal 0.705935 -0.55908 -0.43484
    outer loop
      vertex 2.95 22.1817 43.3941
      vertex 6 24.5942 45.2438
      vertex 6 24.5935 45.2447
    endloop
  endfacet
  facet normal 0.705196 -0.589479 -0.393971
    outer loop
      vertex 6 24.5942 45.2438
      vertex 2.95 22.1817 43.3941
      vertex 2.95 22.3816 43.095
    endloop
  endfacet
  facet normal 0 0.707856 -0.706356
    outer loop
      vertex 6 19.995 49.9262
      vertex 6 18.6295 48.5578
      vertex 5.995 19.995 49.9262
    endloop
  endfacet
  facet normal 0.705196 0.393971 0.589479
    outer loop
      vertex 2.95 18.3259 39.5383
      vertex 6 16.4762 37.1258
      vertex 2.95 18.625 39.3384
    endloop
  endfacet
  facet normal 0.705935 0.43484 0.55908
    outer loop
      vertex 6 16.4762 37.1258
      vertex 2.95 18.3259 39.5383
      vertex 6 16.4753 37.1265
    endloop
  endfacet
  facet normal 0.705184 0.467466 0.533095
    outer loop
      vertex 6 15.9067 37.6251
      vertex 6 16.4753 37.1265
      vertex 2.95 18.3259 39.5383
    endloop
  endfacet
  facet normal 0.70321 -0.561215 -0.436501
    outer loop
      vertex 2.95 21.9445 43.6645
      vertex 6 24.0949 45.8133
      vertex 6 24.0942 45.8142
    endloop
  endfacet
  facet normal 0.705196 -0.532999 -0.467557
    outer loop
      vertex 6 24.0949 45.8133
      vertex 2.95 21.9445 43.6645
      vertex 2.95 22.1817 43.3941
    endloop
  endfacet
  facet normal 0.705196 -0.532999 0.467557
    outer loop
      vertex 2.95 21.9445 39.7755
      vertex 6 24.0949 37.6267
      vertex 2.95 22.1817 40.0459
    endloop
  endfacet
  facet normal 0.70321 -0.561215 0.436501
    outer loop
      vertex 6 24.0949 37.6267
      vertex 2.95 21.9445 39.7755
      vertex 6 24.0942 37.6258
    endloop
  endfacet
  facet normal 0.705185 -0.589553 0.393879
    outer loop
      vertex 6 24.5942 38.1962
      vertex 6 25.0143 38.825
      vertex 2.95 22.3816 40.345
    endloop
  endfacet
  facet normal 0.705188 0.671388 0.227921
    outer loop
      vertex 6 14.4076 40.2203
      vertex 6 14.6507 39.5042
      vertex 2.95 17.4593 40.6676
    endloop
  endfacet
  facet normal 0.834811 0.243593 -0.493714
    outer loop
      vertex 3.14827 19.0158 44.6296
      vertex 5.995 19.995 49.9262
      vertex 3.04261 18.6667 44.2787
    endloop
  endfacet
  facet normal 0.705935 -0.43484 0.55908
    outer loop
      vertex 2.95 21.6741 39.5383
      vertex 6 23.5238 37.1258
      vertex 6 23.5247 37.1265
    endloop
  endfacet
  facet normal 0.705196 -0.393971 0.589479
    outer loop
      vertex 6 23.5238 37.1258
      vertex 2.95 21.6741 39.5383
      vertex 2.95 21.375 39.3384
    endloop
  endfacet
  facet normal 0.855367 0.166549 -0.490519
    outer loop
      vertex 3.28158 19.3652 44.9807
      vertex 5.995 19.995 49.9262
      vertex 3.14827 19.0158 44.6296
    endloop
  endfacet
  facet normal 0.705185 -0.589553 -0.393879
    outer loop
      vertex 6 25.0143 44.615
      vertex 6 24.5942 45.2438
      vertex 2.95 22.3816 43.095
    endloop
  endfacet
  facet normal 0.70321 0.561215 -0.436501
    outer loop
      vertex 6 15.9051 45.8133
      vertex 2.95 18.0555 43.6645
      vertex 6 15.9058 45.8142
    endloop
  endfacet
  facet normal 0.705196 0.532999 -0.467557
    outer loop
      vertex 2.95 18.0555 43.6645
      vertex 6 15.9051 45.8133
      vertex 2.95 17.8183 43.3941
    endloop
  endfacet
  facet normal 0.705185 0.393879 0.589553
    outer loop
      vertex 6 16.4762 37.1258
      vertex 6 17.105 36.7057
      vertex 2.95 18.625 39.3384
    endloop
  endfacet
  facet normal 0.705185 -0.227951 0.671381
    outer loop
      vertex 6 21.4997 36.1276
      vertex 6 22.2157 36.3707
      vertex 2.95 21.0524 39.1793
    endloop
  endfacet
  facet normal 0.705185 0.695387 0.138384
    outer loop
      vertex 6 14.2597 40.9631
      vertex 6 14.4073 40.2214
      vertex 2.95 17.3437 41.0082
    endloop
  endfacet
  facet normal 0.801538 -0.332212 -0.497163
    outer loop
      vertex 5.995 20.005 49.9262
      vertex 3.04261 21.3333 44.2787
      vertex 2.97422 21.6608 43.9496
    endloop
  endfacet
  facet normal 0.705184 0.533095 -0.467466
    outer loop
      vertex 6 15.9051 45.8133
      vertex 6 15.4065 45.2447
      vertex 2.95 17.8183 43.3941
    endloop
  endfacet
  facet normal 0.705188 0.707505 0.0463259
    outer loop
      vertex 6 14.2594 40.9654
      vertex 2.95 17.2735 41.3611
      vertex 2.95 17.25 41.72
    endloop
  endfacet
  facet normal 0.705542 0.70622 0.0588516
    outer loop
      vertex 2.95 17.2735 41.3611
      vertex 6 14.2594 40.9654
      vertex 6 14.2595 40.9642
    endloop
  endfacet
  facet normal 0.705187 0.707507 -0.046317
    outer loop
      vertex 6 14.2594 42.4746
      vertex 6 14.21 41.72
      vertex 2.95 17.25 41.72
    endloop
  endfacet
  facet normal 0.705193 0.671399 0.227874
    outer loop
      vertex 2.95 17.3437 41.0082
      vertex 6 14.4076 40.2203
      vertex 2.95 17.4593 40.6676
    endloop
  endfacet
  facet normal 0.705939 0.683316 0.186359
    outer loop
      vertex 6 14.4076 40.2203
      vertex 2.95 17.3437 41.0082
      vertex 6 14.4073 40.2214
    endloop
  endfacet
  facet normal 0.705185 0.227951 0.671381
    outer loop
      vertex 6 17.7843 36.3707
      vertex 6 18.5003 36.1276
      vertex 2.95 18.9476 39.1793
    endloop
  endfacet
  facet normal 0.705193 -0.227874 0.671399
    outer loop
      vertex 2.95 20.7118 39.0637
      vertex 6 21.4997 36.1276
      vertex 2.95 21.0524 39.1793
    endloop
  endfacet
  facet normal 0.705939 -0.186359 0.683316
    outer loop
      vertex 6 21.4997 36.1276
      vertex 2.95 20.7118 39.0637
      vertex 6 21.4986 36.1273
    endloop
  endfacet
  facet normal 0.705306 -0.317031 0.634062
    outer loop
      vertex 2.95 21.375 39.3384
      vertex 6 22.894 36.7052
      vertex 6 22.895 36.7057
    endloop
  endfacet
  facet normal 0.705185 -0.313611 0.635895
    outer loop
      vertex 6 22.894 36.7052
      vertex 2.95 21.375 39.3384
      vertex 2.95 21.0524 39.1793
    endloop
  endfacet
  facet normal 0.70519 0.13833 0.695393
    outer loop
      vertex 6 19.2431 35.9797
      vertex 2.95 19.6411 38.9935
      vertex 2.95 19.2882 39.0637
    endloop
  endfacet
  facet normal 0.705523 0.126774 0.697256
    outer loop
      vertex 2.95 19.6411 38.9935
      vertex 6 19.2431 35.9797
      vertex 6 19.2442 35.9795
    endloop
  endfacet
  facet normal 0.705185 -0.695387 -0.138384
    outer loop
      vertex 6 25.7403 42.4769
      vertex 6 25.5927 43.2186
      vertex 2.95 22.6563 42.4318
    endloop
  endfacet
  facet normal 0.705659 0.705642 -0.0641493
    outer loop
      vertex 6 14.2594 42.4746
      vertex 2.95 17.2735 42.0789
      vertex 6 14.2595 42.4757
    endloop
  endfacet
  facet normal 0.705188 0.707505 -0.0463259
    outer loop
      vertex 2.95 17.2735 42.0789
      vertex 6 14.2594 42.4746
      vertex 2.95 17.25 41.72
    endloop
  endfacet
  facet normal 0.705935 0.55908 -0.43484
    outer loop
      vertex 6 15.4058 45.2438
      vertex 2.95 17.8183 43.3941
      vertex 6 15.4065 45.2447
    endloop
  endfacet
  facet normal 0.705196 0.589479 -0.393971
    outer loop
      vertex 2.95 17.8183 43.3941
      vertex 6 15.4058 45.2438
      vertex 2.95 17.6184 43.095
    endloop
  endfacet
  facet normal 0.873219 0 -0.487328
    outer loop
      vertex 5.995 20.005 49.9262
      vertex 3.58816 19.999 45.6135
      vertex 3.58816 20.001 45.6135
    endloop
  endfacet
  facet normal 0.873219 0 -0.487328
    outer loop
      vertex 3.58816 19.999 45.6135
      vertex 5.995 20.005 49.9262
      vertex 5.995 19.995 49.9262
    endloop
  endfacet
  facet normal 0 0 -1
    outer loop
      vertex 5.995 19.995 49.9262
      vertex 6 20.005 49.9262
      vertex 6 19.995 49.9262
    endloop
  endfacet
  facet normal -0 0 -1
    outer loop
      vertex 6 20.005 49.9262
      vertex 5.995 19.995 49.9262
      vertex 5.995 20.005 49.9262
    endloop
  endfacet
  facet normal 0.705738 -0.698834 -0.116472
    outer loop
      vertex 6 25.7403 42.4769
      vertex 2.95 22.7265 42.0789
      vertex 6 25.7405 42.4757
    endloop
  endfacet
  facet normal 0.70519 -0.695393 -0.13833
    outer loop
      vertex 2.95 22.7265 42.0789
      vertex 6 25.7403 42.4769
      vertex 2.95 22.6563 42.4318
    endloop
  endfacet
  facet normal 0.705184 -0.467466 0.533095
    outer loop
      vertex 6 23.5247 37.1265
      vertex 6 24.0933 37.6251
      vertex 2.95 21.6741 39.5383
    endloop
  endfacet
  facet normal 0.705183 -0.313593 0.635906
    outer loop
      vertex 6 22.2157 36.3707
      vertex 6 22.894 36.7052
      vertex 2.95 21.0524 39.1793
    endloop
  endfacet
  facet normal 0.705196 0.589479 0.393971
    outer loop
      vertex 6 15.4058 38.1962
      vertex 2.95 17.8183 40.0459
      vertex 2.95 17.6184 40.345
    endloop
  endfacet
  facet normal 0.705935 0.55908 0.43484
    outer loop
      vertex 2.95 17.8183 40.0459
      vertex 6 15.4058 38.1962
      vertex 6 15.4065 38.1953
    endloop
  endfacet
  facet normal 0.705185 0.589553 -0.393879
    outer loop
      vertex 6 15.4058 45.2438
      vertex 6 14.9857 44.615
      vertex 2.95 17.6184 43.095
    endloop
  endfacet
  facet normal 0.705184 0.533095 0.467466
    outer loop
      vertex 6 15.4065 38.1953
      vertex 6 15.9051 37.6267
      vertex 2.95 17.8183 40.0459
    endloop
  endfacet
  facet normal 0.705184 -0.533095 -0.467466
    outer loop
      vertex 6 24.5935 45.2447
      vertex 6 24.0949 45.8133
      vertex 2.95 22.1817 43.3941
    endloop
  endfacet
  facet normal 0.705939 -0.683316 -0.186359
    outer loop
      vertex 6 25.5924 43.2197
      vertex 2.95 22.6563 42.4318
      vertex 6 25.5927 43.2186
    endloop
  endfacet
  facet normal 0.705193 -0.671399 -0.227874
    outer loop
      vertex 2.95 22.6563 42.4318
      vertex 6 25.5924 43.2197
      vertex 2.95 22.5407 42.7724
    endloop
  endfacet
  facet normal 0.705196 0.467557 0.532999
    outer loop
      vertex 2.95 18.0555 39.7755
      vertex 6 15.9067 37.6251
      vertex 2.95 18.3259 39.5383
    endloop
  endfacet
  facet normal 0.70321 0.436501 0.561215
    outer loop
      vertex 6 15.9067 37.6251
      vertex 2.95 18.0555 39.7755
      vertex 6 15.9058 37.6258
    endloop
  endfacet
  facet normal 0.705196 0.532999 0.467557
    outer loop
      vertex 6 15.9051 37.6267
      vertex 2.95 18.0555 39.7755
      vertex 2.95 17.8183 40.0459
    endloop
  endfacet
  facet normal 0.70321 0.561215 0.436501
    outer loop
      vertex 2.95 18.0555 39.7755
      vertex 6 15.9051 37.6267
      vertex 6 15.9058 37.6258
    endloop
  endfacet
  facet normal 0.705185 0.138384 0.695387
    outer loop
      vertex 6 18.5014 36.1273
      vertex 6 19.2431 35.9797
      vertex 2.95 19.2882 39.0637
    endloop
  endfacet
  facet normal 0.705306 -0.634062 -0.317031
    outer loop
      vertex 2.95 22.3816 43.095
      vertex 6 25.0148 44.614
      vertex 6 25.0143 44.615
    endloop
  endfacet
  facet normal 0.705185 -0.635895 -0.313611
    outer loop
      vertex 6 25.0148 44.614
      vertex 2.95 22.3816 43.095
      vertex 2.95 22.5407 42.7724
    endloop
  endfacet
  facet normal 0.867302 -0.0970884 -0.488222
    outer loop
      vertex 5.995 20.005 49.9262
      vertex 3.43216 20.3029 45.3142
      vertex 3.28158 20.6348 44.9807
    endloop
  endfacet
  facet normal 0.705185 -0.671381 -0.227951
    outer loop
      vertex 6 25.5924 43.2197
      vertex 6 25.3493 43.9357
      vertex 2.95 22.5407 42.7724
    endloop
  endfacet
  facet normal 0.747705 0.437852 -0.499222
    outer loop
      vertex 2.97422 18.3392 43.9496
      vertex 5.995 19.995 49.9262
      vertex 2.95 18.0555 43.6645
    endloop
  endfacet
  facet normal 0.705196 -0.589479 0.393971
    outer loop
      vertex 2.95 22.1817 40.0459
      vertex 6 24.5942 38.1962
      vertex 2.95 22.3816 40.345
    endloop
  endfacet
  facet normal 0.705935 -0.55908 0.43484
    outer loop
      vertex 6 24.5942 38.1962
      vertex 2.95 22.1817 40.0459
      vertex 6 24.5935 38.1953
    endloop
  endfacet
  facet normal 0.705185 0.589553 0.393879
    outer loop
      vertex 6 14.9857 38.825
      vertex 6 15.4058 38.1962
      vertex 2.95 17.6184 40.345
    endloop
  endfacet
  facet normal 0.705193 0.227874 0.671399
    outer loop
      vertex 6 18.5003 36.1276
      vertex 2.95 19.2882 39.0637
      vertex 2.95 18.9476 39.1793
    endloop
  endfacet
  facet normal 0.705939 0.186359 0.683316
    outer loop
      vertex 2.95 19.2882 39.0637
      vertex 6 18.5003 36.1276
      vertex 6 18.5014 36.1273
    endloop
  endfacet
  facet normal 0.705183 0.313593 0.635906
    outer loop
      vertex 6 17.106 36.7052
      vertex 6 17.7843 36.3707
      vertex 2.95 18.9476 39.1793
    endloop
  endfacet
  facet normal 0.705185 0.635895 0.313611
    outer loop
      vertex 6 14.9852 38.826
      vertex 2.95 17.6184 40.345
      vertex 2.95 17.4593 40.6676
    endloop
  endfacet
  facet normal 0.705306 0.634062 0.317031
    outer loop
      vertex 2.95 17.6184 40.345
      vertex 6 14.9852 38.826
      vertex 6 14.9857 38.825
    endloop
  endfacet
  facet normal -0.980783 0.195101 0
    outer loop
      vertex 81.9763 19.2882 0
      vertex 82.0465 19.6411 2.95
      vertex 82.0465 19.6411 0
    endloop
  endfacet
  facet normal -0.980783 0.195101 0
    outer loop
      vertex 82.0465 19.6411 2.95
      vertex 81.9763 19.2882 0
      vertex 81.9763 19.2882 2.95
    endloop
  endfacet
  facet normal -0.980783 -0.195101 0
    outer loop
      vertex 82.0465 20.3589 0
      vertex 81.9763 20.7118 2.95
      vertex 81.9763 20.7118 0
    endloop
  endfacet
  facet normal -0.980783 -0.195101 0
    outer loop
      vertex 81.9763 20.7118 2.95
      vertex 82.0465 20.3589 0
      vertex 82.0465 20.3589 2.95
    endloop
  endfacet
  facet normal -0.997863 -0.0653379 0
    outer loop
      vertex 82.07 20 0
      vertex 82.0465 20.3589 2.95
      vertex 82.0465 20.3589 0
    endloop
  endfacet
  facet normal -0.997863 -0.0653379 0
    outer loop
      vertex 82.0465 20.3589 2.95
      vertex 82.07 20 0
      vertex 82.07 20 2.95
    endloop
  endfacet
  facet normal -0.946945 -0.321394 0
    outer loop
      vertex 81.9763 20.7118 0
      vertex 81.8607 21.0524 2.95
      vertex 81.8607 21.0524 0
    endloop
  endfacet
  facet normal -0.946945 -0.321394 0
    outer loop
      vertex 81.8607 21.0524 2.95
      vertex 81.9763 20.7118 0
      vertex 81.9763 20.7118 2.95
    endloop
  endfacet
  facet normal 0.997863 -0.0653379 0
    outer loop
      vertex 76.57 20 2.95
      vertex 76.5935 20.3589 0
      vertex 76.5935 20.3589 2.95
    endloop
  endfacet
  facet normal 0.997863 -0.0653379 0
    outer loop
      vertex 76.5935 20.3589 0
      vertex 76.57 20 2.95
      vertex 76.57 20 0
    endloop
  endfacet
  facet normal -0.442314 0.89686 0
    outer loop
      vertex 80.695 17.6184 0
      vertex 80.3724 17.4593 2.95
      vertex 80.695 17.6184 2.95
    endloop
  endfacet
  facet normal -0.442314 0.89686 0
    outer loop
      vertex 80.3724 17.4593 2.95
      vertex 80.695 17.6184 0
      vertex 80.3724 17.4593 0
    endloop
  endfacet
  facet normal -0.195101 -0.980783 0
    outer loop
      vertex 79.6789 22.7265 0
      vertex 80.0318 22.6563 2.95
      vertex 79.6789 22.7265 2.95
    endloop
  endfacet
  facet normal -0.195101 -0.980783 -0
    outer loop
      vertex 80.0318 22.6563 2.95
      vertex 79.6789 22.7265 0
      vertex 80.0318 22.6563 0
    endloop
  endfacet
  facet normal -0.195101 0.980783 0
    outer loop
      vertex 80.0318 17.3437 0
      vertex 79.6789 17.2735 2.95
      vertex 80.0318 17.3437 2.95
    endloop
  endfacet
  facet normal -0.195101 0.980783 0
    outer loop
      vertex 79.6789 17.2735 2.95
      vertex 80.0318 17.3437 0
      vertex 79.6789 17.2735 0
    endloop
  endfacet
  facet normal -0.0653379 0.997863 0
    outer loop
      vertex 79.6789 17.2735 0
      vertex 79.32 17.25 2.95
      vertex 79.6789 17.2735 2.95
    endloop
  endfacet
  facet normal -0.0653379 0.997863 0
    outer loop
      vertex 79.32 17.25 2.95
      vertex 79.6789 17.2735 0
      vertex 79.32 17.25 0
    endloop
  endfacet
  facet normal 0.659449 -0.751749 0
    outer loop
      vertex 77.3755 21.9445 0
      vertex 77.6459 22.1817 2.95
      vertex 77.3755 21.9445 2.95
    endloop
  endfacet
  facet normal 0.659449 -0.751749 0
    outer loop
      vertex 77.6459 22.1817 2.95
      vertex 77.3755 21.9445 0
      vertex 77.6459 22.1817 0
    endloop
  endfacet
  facet normal 0.831408 -0.555662 0
    outer loop
      vertex 76.9384 21.375 2.95
      vertex 77.1383 21.6741 0
      vertex 77.1383 21.6741 2.95
    endloop
  endfacet
  facet normal 0.831408 -0.555662 0
    outer loop
      vertex 77.1383 21.6741 0
      vertex 76.9384 21.375 2.95
      vertex 76.9384 21.375 0
    endloop
  endfacet
  facet normal -0.321394 -0.946945 0
    outer loop
      vertex 80.0318 22.6563 0
      vertex 80.3724 22.5407 2.95
      vertex 80.0318 22.6563 2.95
    endloop
  endfacet
  facet normal -0.321394 -0.946945 -0
    outer loop
      vertex 80.3724 22.5407 2.95
      vertex 80.0318 22.6563 0
      vertex 80.3724 22.5407 0
    endloop
  endfacet
  facet normal -0.659449 0.751749 0
    outer loop
      vertex 81.2645 18.0555 0
      vertex 80.9941 17.8183 2.95
      vertex 81.2645 18.0555 2.95
    endloop
  endfacet
  facet normal -0.659449 0.751749 0
    outer loop
      vertex 80.9941 17.8183 2.95
      vertex 81.2645 18.0555 0
      vertex 80.9941 17.8183 0
    endloop
  endfacet
  facet normal 0.442314 -0.89686 0
    outer loop
      vertex 77.945 22.3816 0
      vertex 78.2676 22.5407 2.95
      vertex 77.945 22.3816 2.95
    endloop
  endfacet
  facet normal 0.442314 -0.89686 0
    outer loop
      vertex 78.2676 22.5407 2.95
      vertex 77.945 22.3816 0
      vertex 78.2676 22.5407 0
    endloop
  endfacet
  facet normal 0.0653379 0.997863 -0
    outer loop
      vertex 79.32 17.25 0
      vertex 78.9611 17.2735 2.95
      vertex 79.32 17.25 2.95
    endloop
  endfacet
  facet normal 0.0653379 0.997863 0
    outer loop
      vertex 78.9611 17.2735 2.95
      vertex 79.32 17.25 0
      vertex 78.9611 17.2735 0
    endloop
  endfacet
  facet normal -0.751749 0.659449 0
    outer loop
      vertex 81.2645 18.0555 0
      vertex 81.5017 18.3259 2.95
      vertex 81.5017 18.3259 0
    endloop
  endfacet
  facet normal -0.751749 0.659449 0
    outer loop
      vertex 81.5017 18.3259 2.95
      vertex 81.2645 18.0555 0
      vertex 81.2645 18.0555 2.95
    endloop
  endfacet
  facet normal 0.946945 0.321394 0
    outer loop
      vertex 76.7793 18.9476 2.95
      vertex 76.6637 19.2882 0
      vertex 76.6637 19.2882 2.95
    endloop
  endfacet
  facet normal 0.946945 0.321394 0
    outer loop
      vertex 76.6637 19.2882 0
      vertex 76.7793 18.9476 2.95
      vertex 76.7793 18.9476 0
    endloop
  endfacet
  facet normal -0.321394 0.946945 0
    outer loop
      vertex 80.3724 17.4593 0
      vertex 80.0318 17.3437 2.95
      vertex 80.3724 17.4593 2.95
    endloop
  endfacet
  facet normal -0.321394 0.946945 0
    outer loop
      vertex 80.0318 17.3437 2.95
      vertex 80.3724 17.4593 0
      vertex 80.0318 17.3437 0
    endloop
  endfacet
  facet normal 0.321394 -0.946945 0
    outer loop
      vertex 78.2676 22.5407 0
      vertex 78.6082 22.6563 2.95
      vertex 78.2676 22.5407 2.95
    endloop
  endfacet
  facet normal 0.321394 -0.946945 0
    outer loop
      vertex 78.6082 22.6563 2.95
      vertex 78.2676 22.5407 0
      vertex 78.6082 22.6563 0
    endloop
  endfacet
  facet normal 0.555662 -0.831408 0
    outer loop
      vertex 77.6459 22.1817 0
      vertex 77.945 22.3816 2.95
      vertex 77.6459 22.1817 2.95
    endloop
  endfacet
  facet normal 0.555662 -0.831408 0
    outer loop
      vertex 77.945 22.3816 2.95
      vertex 77.6459 22.1817 0
      vertex 77.945 22.3816 0
    endloop
  endfacet
  facet normal 0.946945 -0.321394 0
    outer loop
      vertex 76.6637 20.7118 2.95
      vertex 76.7793 21.0524 0
      vertex 76.7793 21.0524 2.95
    endloop
  endfacet
  facet normal 0.946945 -0.321394 0
    outer loop
      vertex 76.7793 21.0524 0
      vertex 76.6637 20.7118 2.95
      vertex 76.6637 20.7118 0
    endloop
  endfacet
  facet normal -0.89686 -0.442314 0
    outer loop
      vertex 81.8607 21.0524 0
      vertex 81.7016 21.375 2.95
      vertex 81.7016 21.375 0
    endloop
  endfacet
  facet normal -0.89686 -0.442314 0
    outer loop
      vertex 81.7016 21.375 2.95
      vertex 81.8607 21.0524 0
      vertex 81.8607 21.0524 2.95
    endloop
  endfacet
  facet normal 0.195101 -0.980783 0
    outer loop
      vertex 78.6082 22.6563 0
      vertex 78.9611 22.7265 2.95
      vertex 78.6082 22.6563 2.95
    endloop
  endfacet
  facet normal 0.195101 -0.980783 0
    outer loop
      vertex 78.9611 22.7265 2.95
      vertex 78.6082 22.6563 0
      vertex 78.9611 22.7265 0
    endloop
  endfacet
  facet normal -0.659449 -0.751749 0
    outer loop
      vertex 80.9941 22.1817 0
      vertex 81.2645 21.9445 2.95
      vertex 80.9941 22.1817 2.95
    endloop
  endfacet
  facet normal -0.659449 -0.751749 -0
    outer loop
      vertex 81.2645 21.9445 2.95
      vertex 80.9941 22.1817 0
      vertex 81.2645 21.9445 0
    endloop
  endfacet
  facet normal -0.997863 0.0653379 0
    outer loop
      vertex 82.0465 19.6411 0
      vertex 82.07 20 2.95
      vertex 82.07 20 0
    endloop
  endfacet
  facet normal -0.997863 0.0653379 0
    outer loop
      vertex 82.07 20 2.95
      vertex 82.0465 19.6411 0
      vertex 82.0465 19.6411 2.95
    endloop
  endfacet
  facet normal -0.442314 -0.89686 0
    outer loop
      vertex 80.3724 22.5407 0
      vertex 80.695 22.3816 2.95
      vertex 80.3724 22.5407 2.95
    endloop
  endfacet
  facet normal -0.442314 -0.89686 -0
    outer loop
      vertex 80.695 22.3816 2.95
      vertex 80.3724 22.5407 0
      vertex 80.695 22.3816 0
    endloop
  endfacet
  facet normal 0.321394 0.946945 -0
    outer loop
      vertex 78.6082 17.3437 0
      vertex 78.2676 17.4593 2.95
      vertex 78.6082 17.3437 2.95
    endloop
  endfacet
  facet normal 0.321394 0.946945 0
    outer loop
      vertex 78.2676 17.4593 2.95
      vertex 78.6082 17.3437 0
      vertex 78.2676 17.4593 0
    endloop
  endfacet
  facet normal 0.980783 -0.195101 0
    outer loop
      vertex 76.5935 20.3589 2.95
      vertex 76.6637 20.7118 0
      vertex 76.6637 20.7118 2.95
    endloop
  endfacet
  facet normal 0.980783 -0.195101 0
    outer loop
      vertex 76.6637 20.7118 0
      vertex 76.5935 20.3589 2.95
      vertex 76.5935 20.3589 0
    endloop
  endfacet
  facet normal 0.0653379 -0.997863 0
    outer loop
      vertex 78.9611 22.7265 0
      vertex 79.32 22.75 2.95
      vertex 78.9611 22.7265 2.95
    endloop
  endfacet
  facet normal 0.0653379 -0.997863 0
    outer loop
      vertex 79.32 22.75 2.95
      vertex 78.9611 22.7265 0
      vertex 79.32 22.75 0
    endloop
  endfacet
  facet normal 0.195101 0.980783 -0
    outer loop
      vertex 78.9611 17.2735 0
      vertex 78.6082 17.3437 2.95
      vertex 78.9611 17.2735 2.95
    endloop
  endfacet
  facet normal 0.195101 0.980783 0
    outer loop
      vertex 78.6082 17.3437 2.95
      vertex 78.9611 17.2735 0
      vertex 78.6082 17.3437 0
    endloop
  endfacet
  facet normal -0.946945 0.321394 0
    outer loop
      vertex 81.8607 18.9476 0
      vertex 81.9763 19.2882 2.95
      vertex 81.9763 19.2882 0
    endloop
  endfacet
  facet normal -0.946945 0.321394 0
    outer loop
      vertex 81.9763 19.2882 2.95
      vertex 81.8607 18.9476 0
      vertex 81.8607 18.9476 2.95
    endloop
  endfacet
  facet normal -0.831408 -0.555662 0
    outer loop
      vertex 81.7016 21.375 0
      vertex 81.5017 21.6741 2.95
      vertex 81.5017 21.6741 0
    endloop
  endfacet
  facet normal -0.831408 -0.555662 0
    outer loop
      vertex 81.5017 21.6741 2.95
      vertex 81.7016 21.375 0
      vertex 81.7016 21.375 2.95
    endloop
  endfacet
  facet normal -0.751749 -0.659449 0
    outer loop
      vertex 81.5017 21.6741 0
      vertex 81.2645 21.9445 2.95
      vertex 81.2645 21.9445 0
    endloop
  endfacet
  facet normal -0.751749 -0.659449 0
    outer loop
      vertex 81.2645 21.9445 2.95
      vertex 81.5017 21.6741 0
      vertex 81.5017 21.6741 2.95
    endloop
  endfacet
  facet normal 0.89686 0.442314 0
    outer loop
      vertex 76.9384 18.625 2.95
      vertex 76.7793 18.9476 0
      vertex 76.7793 18.9476 2.95
    endloop
  endfacet
  facet normal 0.89686 0.442314 0
    outer loop
      vertex 76.7793 18.9476 0
      vertex 76.9384 18.625 2.95
      vertex 76.9384 18.625 0
    endloop
  endfacet
  facet normal -0.89686 0.442314 0
    outer loop
      vertex 81.7016 18.625 0
      vertex 81.8607 18.9476 2.95
      vertex 81.8607 18.9476 0
    endloop
  endfacet
  facet normal -0.89686 0.442314 0
    outer loop
      vertex 81.8607 18.9476 2.95
      vertex 81.7016 18.625 0
      vertex 81.7016 18.625 2.95
    endloop
  endfacet
  facet normal 0.751749 0.659449 0
    outer loop
      vertex 77.3755 18.0555 2.95
      vertex 77.1383 18.3259 0
      vertex 77.1383 18.3259 2.95
    endloop
  endfacet
  facet normal 0.751749 0.659449 0
    outer loop
      vertex 77.1383 18.3259 0
      vertex 77.3755 18.0555 2.95
      vertex 77.3755 18.0555 0
    endloop
  endfacet
  facet normal -0.831408 0.555662 0
    outer loop
      vertex 81.5017 18.3259 0
      vertex 81.7016 18.625 2.95
      vertex 81.7016 18.625 0
    endloop
  endfacet
  facet normal -0.831408 0.555662 0
    outer loop
      vertex 81.7016 18.625 2.95
      vertex 81.5017 18.3259 0
      vertex 81.5017 18.3259 2.95
    endloop
  endfacet
  facet normal 0.751749 -0.659449 0
    outer loop
      vertex 77.1383 21.6741 2.95
      vertex 77.3755 21.9445 0
      vertex 77.3755 21.9445 2.95
    endloop
  endfacet
  facet normal 0.751749 -0.659449 0
    outer loop
      vertex 77.3755 21.9445 0
      vertex 77.1383 21.6741 2.95
      vertex 77.1383 21.6741 0
    endloop
  endfacet
  facet normal -0.0653379 -0.997863 0
    outer loop
      vertex 79.32 22.75 0
      vertex 79.6789 22.7265 2.95
      vertex 79.32 22.75 2.95
    endloop
  endfacet
  facet normal -0.0653379 -0.997863 -0
    outer loop
      vertex 79.6789 22.7265 2.95
      vertex 79.32 22.75 0
      vertex 79.6789 22.7265 0
    endloop
  endfacet
  facet normal -0.555662 -0.831408 0
    outer loop
      vertex 80.695 22.3816 0
      vertex 80.9941 22.1817 2.95
      vertex 80.695 22.3816 2.95
    endloop
  endfacet
  facet normal -0.555662 -0.831408 -0
    outer loop
      vertex 80.9941 22.1817 2.95
      vertex 80.695 22.3816 0
      vertex 80.9941 22.1817 0
    endloop
  endfacet
  facet normal 0.442314 0.89686 -0
    outer loop
      vertex 78.2676 17.4593 0
      vertex 77.945 17.6184 2.95
      vertex 78.2676 17.4593 2.95
    endloop
  endfacet
  facet normal 0.442314 0.89686 0
    outer loop
      vertex 77.945 17.6184 2.95
      vertex 78.2676 17.4593 0
      vertex 77.945 17.6184 0
    endloop
  endfacet
  facet normal 0.831408 0.555662 0
    outer loop
      vertex 77.1383 18.3259 2.95
      vertex 76.9384 18.625 0
      vertex 76.9384 18.625 2.95
    endloop
  endfacet
  facet normal 0.831408 0.555662 0
    outer loop
      vertex 76.9384 18.625 0
      vertex 77.1383 18.3259 2.95
      vertex 77.1383 18.3259 0
    endloop
  endfacet
  facet normal 0.980783 0.195101 0
    outer loop
      vertex 76.6637 19.2882 2.95
      vertex 76.5935 19.6411 0
      vertex 76.5935 19.6411 2.95
    endloop
  endfacet
  facet normal 0.980783 0.195101 0
    outer loop
      vertex 76.5935 19.6411 0
      vertex 76.6637 19.2882 2.95
      vertex 76.6637 19.2882 0
    endloop
  endfacet
  facet normal 0.659449 0.751749 -0
    outer loop
      vertex 77.6459 17.8183 0
      vertex 77.3755 18.0555 2.95
      vertex 77.6459 17.8183 2.95
    endloop
  endfacet
  facet normal 0.659449 0.751749 0
    outer loop
      vertex 77.3755 18.0555 2.95
      vertex 77.6459 17.8183 0
      vertex 77.3755 18.0555 0
    endloop
  endfacet
  facet normal 0.89686 -0.442314 0
    outer loop
      vertex 76.7793 21.0524 2.95
      vertex 76.9384 21.375 0
      vertex 76.9384 21.375 2.95
    endloop
  endfacet
  facet normal 0.89686 -0.442314 0
    outer loop
      vertex 76.9384 21.375 0
      vertex 76.7793 21.0524 2.95
      vertex 76.7793 21.0524 0
    endloop
  endfacet
  facet normal 0.997863 0.0653379 0
    outer loop
      vertex 76.5935 19.6411 2.95
      vertex 76.57 20 0
      vertex 76.57 20 2.95
    endloop
  endfacet
  facet normal 0.997863 0.0653379 0
    outer loop
      vertex 76.57 20 0
      vertex 76.5935 19.6411 2.95
      vertex 76.5935 19.6411 0
    endloop
  endfacet
  facet normal -0.555662 0.831408 0
    outer loop
      vertex 80.9941 17.8183 0
      vertex 80.695 17.6184 2.95
      vertex 80.9941 17.8183 2.95
    endloop
  endfacet
  facet normal -0.555662 0.831408 0
    outer loop
      vertex 80.695 17.6184 2.95
      vertex 80.9941 17.8183 0
      vertex 80.695 17.6184 0
    endloop
  endfacet
  facet normal 0.555662 0.831408 -0
    outer loop
      vertex 77.945 17.6184 0
      vertex 77.6459 17.8183 2.95
      vertex 77.945 17.6184 2.95
    endloop
  endfacet
  facet normal 0.555662 0.831408 0
    outer loop
      vertex 77.6459 17.8183 2.95
      vertex 77.945 17.6184 0
      vertex 77.6459 17.8183 0
    endloop
  endfacet
  facet normal -0.635895 0.313611 0.705185
    outer loop
      vertex 81.7016 18.625 2.95
      vertex 84.3348 17.106 6
      vertex 81.8607 18.9476 2.95
    endloop
  endfacet
  facet normal -0.634062 0.317031 0.705306
    outer loop
      vertex 84.3348 17.106 6
      vertex 81.7016 18.625 2.95
      vertex 84.3343 17.105 6
    endloop
  endfacet
  facet normal -0.313629 -0.635884 0.705187
    outer loop
      vertex 82.214 25.0148 6
      vertex 81.5358 25.3493 6
      vertex 80.3724 22.5407 2.95
    endloop
  endfacet
  facet normal -0.227921 -0.671388 0.705188
    outer loop
      vertex 81.5358 25.3493 6
      vertex 80.8197 25.5924 6
      vertex 80.3724 22.5407 2.95
    endloop
  endfacet
  facet normal -0.707507 -0.046317 0.705187
    outer loop
      vertex 85.11 20 6
      vertex 85.0606 20.7546 6
      vertex 82.07 20 2.95
    endloop
  endfacet
  facet normal -0.70622 -0.0588516 0.705542
    outer loop
      vertex 82.0465 20.3589 2.95
      vertex 85.0606 20.7546 6
      vertex 85.0605 20.7558 6
    endloop
  endfacet
  facet normal -0.707505 -0.0463259 0.705188
    outer loop
      vertex 85.0606 20.7546 6
      vertex 82.0465 20.3589 2.95
      vertex 82.07 20 2.95
    endloop
  endfacet
  facet normal -0.393879 -0.589553 0.705185
    outer loop
      vertex 82.8438 24.5942 6
      vertex 82.215 25.0143 6
      vertex 80.695 22.3816 2.95
    endloop
  endfacet
  facet normal 0.561215 -0.436501 0.70321
    outer loop
      vertex 75.2251 24.0933 6
      vertex 77.3755 21.9445 2.95
      vertex 75.2258 24.0942 6
    endloop
  endfacet
  facet normal 0.532999 -0.467557 0.705196
    outer loop
      vertex 77.3755 21.9445 2.95
      vertex 75.2251 24.0933 6
      vertex 77.1383 21.6741 2.95
    endloop
  endfacet
  facet normal 0.533095 -0.467466 0.705184
    outer loop
      vertex 77.1383 21.6741 2.95
      vertex 75.2251 24.0933 6
      vertex 74.7265 23.5247 6
    endloop
  endfacet
  facet normal -0.635906 0.313593 0.705183
    outer loop
      vertex 84.3348 17.106 6
      vertex 84.6693 17.7843 6
      vertex 81.8607 18.9476 2.95
    endloop
  endfacet
  facet normal -0.138384 0.695387 0.705185
    outer loop
      vertex 80.0769 14.2597 6
      vertex 80.8186 14.4073 6
      vertex 80.0318 17.3437 2.95
    endloop
  endfacet
  facet normal -0.227874 0.671399 0.705193
    outer loop
      vertex 80.0318 17.3437 2.95
      vertex 80.8197 14.4076 6
      vertex 80.3724 17.4593 2.95
    endloop
  endfacet
  facet normal -0.186359 0.683316 0.705939
    outer loop
      vertex 80.8197 14.4076 6
      vertex 80.0318 17.3437 2.95
      vertex 80.8186 14.4073 6
    endloop
  endfacet
  facet normal -0.046317 -0.707507 0.705187
    outer loop
      vertex 80.0746 25.7406 6
      vertex 79.32 25.79 6
      vertex 79.32 22.75 2.95
    endloop
  endfacet
  facet normal -0.13833 0.695393 0.70519
    outer loop
      vertex 79.6789 17.2735 2.95
      vertex 80.0769 14.2597 6
      vertex 80.0318 17.3437 2.95
    endloop
  endfacet
  facet normal -0.126774 0.697256 0.705523
    outer loop
      vertex 80.0769 14.2597 6
      vertex 79.6789 17.2735 2.95
      vertex 80.0758 14.2595 6
    endloop
  endfacet
  facet normal 0.695387 -0.138384 0.705185
    outer loop
      vertex 76.6637 20.7118 2.95
      vertex 73.7273 21.4986 6
      vertex 73.5797 20.7569 6
    endloop
  endfacet
  facet normal 0.0588516 -0.70622 0.705542
    outer loop
      vertex 78.9611 22.7265 2.95
      vertex 78.5654 25.7406 6
      vertex 78.5642 25.7405 6
    endloop
  endfacet
  facet normal 0.0463259 -0.707505 0.705188
    outer loop
      vertex 78.5654 25.7406 6
      vertex 78.9611 22.7265 2.95
      vertex 79.32 22.75 2.95
    endloop
  endfacet
  facet normal 0.0463259 0.707505 0.705188
    outer loop
      vertex 78.9611 17.2735 2.95
      vertex 78.5654 14.2594 6
      vertex 79.32 17.25 2.95
    endloop
  endfacet
  facet normal 0.0588516 0.70622 0.705542
    outer loop
      vertex 78.5654 14.2594 6
      vertex 78.9611 17.2735 2.95
      vertex 78.5642 14.2595 6
    endloop
  endfacet
  facet normal -0.671381 0.227951 0.705185
    outer loop
      vertex 84.6693 17.7843 6
      vertex 84.9124 18.5003 6
      vertex 81.8607 18.9476 2.95
    endloop
  endfacet
  facet normal -0.0588516 0.70622 0.705542
    outer loop
      vertex 79.6789 17.2735 2.95
      vertex 80.0746 14.2594 6
      vertex 80.0758 14.2595 6
    endloop
  endfacet
  facet normal -0.0463259 0.707505 0.705188
    outer loop
      vertex 80.0746 14.2594 6
      vertex 79.6789 17.2735 2.95
      vertex 79.32 17.25 2.95
    endloop
  endfacet
  facet normal 0.70622 -0.0588516 0.705542
    outer loop
      vertex 73.5794 20.7546 6
      vertex 76.5935 20.3589 2.95
      vertex 73.5795 20.7558 6
    endloop
  endfacet
  facet normal 0.707505 -0.0463259 0.705188
    outer loop
      vertex 76.5935 20.3589 2.95
      vertex 73.5794 20.7546 6
      vertex 76.57 20 2.95
    endloop
  endfacet
  facet normal 0.138384 -0.695387 0.705185
    outer loop
      vertex 78.6082 22.6563 2.95
      vertex 78.5631 25.7403 6
      vertex 77.8214 25.5927 6
    endloop
  endfacet
  facet normal -0.317031 0.634062 0.705306
    outer loop
      vertex 80.695 17.6184 2.95
      vertex 82.214 14.9852 6
      vertex 82.215 14.9857 6
    endloop
  endfacet
  facet normal -0.313611 0.635895 0.705185
    outer loop
      vertex 82.214 14.9852 6
      vertex 80.695 17.6184 2.95
      vertex 80.3724 17.4593 2.95
    endloop
  endfacet
  facet normal -0.634062 -0.317031 0.705306
    outer loop
      vertex 81.7016 21.375 2.95
      vertex 84.3348 22.894 6
      vertex 84.3343 22.895 6
    endloop
  endfacet
  facet normal -0.635895 -0.313611 0.705185
    outer loop
      vertex 84.3348 22.894 6
      vertex 81.7016 21.375 2.95
      vertex 81.8607 21.0524 2.95
    endloop
  endfacet
  facet normal -0.393879 0.589553 0.705185
    outer loop
      vertex 82.215 14.9857 6
      vertex 82.8438 15.4058 6
      vertex 80.695 17.6184 2.95
    endloop
  endfacet
  facet normal 0.393971 -0.589479 0.705196
    outer loop
      vertex 75.7962 24.5942 6
      vertex 77.6459 22.1817 2.95
      vertex 77.945 22.3816 2.95
    endloop
  endfacet
  facet normal 0.406356 -0.580508 0.70561
    outer loop
      vertex 77.6459 22.1817 2.95
      vertex 75.7962 24.5942 6
      vertex 75.7952 24.5935 6
    endloop
  endfacet
  facet normal -0.635906 -0.313593 0.705183
    outer loop
      vertex 84.6693 22.2157 6
      vertex 84.3348 22.894 6
      vertex 81.8607 21.0524 2.95
    endloop
  endfacet
  facet normal 0.589553 -0.393879 0.705185
    outer loop
      vertex 76.9384 21.375 2.95
      vertex 74.7258 23.5238 6
      vertex 74.3057 22.895 6
    endloop
  endfacet
  facet normal 0.138384 0.695387 0.705185
    outer loop
      vertex 78.5631 14.2597 6
      vertex 78.6082 17.3437 2.95
      vertex 77.8214 14.4073 6
    endloop
  endfacet
  facet normal -0.046317 0.707507 0.705187
    outer loop
      vertex 79.32 14.21 6
      vertex 80.0746 14.2594 6
      vertex 79.32 17.25 2.95
    endloop
  endfacet
  facet normal -0.589553 0.393879 0.705185
    outer loop
      vertex 83.9142 16.4762 6
      vertex 84.3343 17.105 6
      vertex 81.7016 18.625 2.95
    endloop
  endfacet
  facet normal 0.393971 0.589479 0.705196
    outer loop
      vertex 77.6459 17.8183 2.95
      vertex 75.7962 15.4058 6
      vertex 77.945 17.6184 2.95
    endloop
  endfacet
  facet normal 0.406356 0.580508 0.70561
    outer loop
      vertex 75.7962 15.4058 6
      vertex 77.6459 17.8183 2.95
      vertex 75.7952 15.4065 6
    endloop
  endfacet
  facet normal 0.467509 0.53305 0.70519
    outer loop
      vertex 75.7952 15.4065 6
      vertex 77.6459 17.8183 2.95
      vertex 75.2267 15.9051 6
    endloop
  endfacet
  facet normal 0.393879 0.589553 0.705185
    outer loop
      vertex 76.425 14.9857 6
      vertex 77.945 17.6184 2.95
      vertex 75.7962 15.4058 6
    endloop
  endfacet
  facet normal -0.683316 0.186359 0.705939
    outer loop
      vertex 81.9763 19.2882 2.95
      vertex 84.9124 18.5003 6
      vertex 84.9127 18.5014 6
    endloop
  endfacet
  facet normal -0.671399 0.227874 0.705193
    outer loop
      vertex 84.9124 18.5003 6
      vertex 81.9763 19.2882 2.95
      vertex 81.8607 18.9476 2.95
    endloop
  endfacet
  facet normal -0.707505 0.0463259 0.705188
    outer loop
      vertex 82.0465 19.6411 2.95
      vertex 85.0606 19.2454 6
      vertex 82.07 20 2.95
    endloop
  endfacet
  facet normal -0.70622 0.0588516 0.705542
    outer loop
      vertex 85.0606 19.2454 6
      vertex 82.0465 19.6411 2.95
      vertex 85.0605 19.2442 6
    endloop
  endfacet
  facet normal -0.532999 0.467557 0.705196
    outer loop
      vertex 81.2645 18.0555 2.95
      vertex 83.4149 15.9067 6
      vertex 81.5017 18.3259 2.95
    endloop
  endfacet
  facet normal -0.561215 0.436501 0.70321
    outer loop
      vertex 83.4149 15.9067 6
      vertex 81.2645 18.0555 2.95
      vertex 83.4142 15.9058 6
    endloop
  endfacet
  facet normal -0.695387 0.138384 0.705185
    outer loop
      vertex 84.9127 18.5014 6
      vertex 85.0603 19.2431 6
      vertex 81.9763 19.2882 2.95
    endloop
  endfacet
  facet normal -0.707507 0.046317 0.705187
    outer loop
      vertex 85.0606 19.2454 6
      vertex 85.11 20 6
      vertex 82.07 20 2.95
    endloop
  endfacet
  facet normal 0.313629 0.635884 0.705187
    outer loop
      vertex 77.1042 14.6507 6
      vertex 78.2676 17.4593 2.95
      vertex 76.426 14.9852 6
    endloop
  endfacet
  facet normal -0.227921 0.671388 0.705188
    outer loop
      vertex 80.8197 14.4076 6
      vertex 81.5358 14.6507 6
      vertex 80.3724 17.4593 2.95
    endloop
  endfacet
  facet normal 0.707507 -0.046317 0.705187
    outer loop
      vertex 76.57 20 2.95
      vertex 73.5794 20.7546 6
      vertex 73.53 20 6
    endloop
  endfacet
  facet normal -0.0463259 -0.707505 0.705188
    outer loop
      vertex 79.6789 22.7265 2.95
      vertex 80.0746 25.7406 6
      vertex 79.32 22.75 2.95
    endloop
  endfacet
  facet normal -0.0588516 -0.70622 0.705542
    outer loop
      vertex 80.0746 25.7406 6
      vertex 79.6789 22.7265 2.95
      vertex 80.0758 25.7405 6
    endloop
  endfacet
  facet normal -0.671381 -0.227951 0.705185
    outer loop
      vertex 84.9124 21.4997 6
      vertex 84.6693 22.2157 6
      vertex 81.8607 21.0524 2.95
    endloop
  endfacet
  facet normal -0.138384 -0.695387 0.705185
    outer loop
      vertex 80.8186 25.5927 6
      vertex 80.0769 25.7403 6
      vertex 80.0318 22.6563 2.95
    endloop
  endfacet
  facet normal -0.126774 -0.697256 0.705523
    outer loop
      vertex 79.6789 22.7265 2.95
      vertex 80.0769 25.7403 6
      vertex 80.0758 25.7405 6
    endloop
  endfacet
  facet normal -0.13833 -0.695393 0.70519
    outer loop
      vertex 80.0769 25.7403 6
      vertex 79.6789 22.7265 2.95
      vertex 80.0318 22.6563 2.95
    endloop
  endfacet
  facet normal 0.186359 -0.683316 0.705939
    outer loop
      vertex 77.8203 25.5924 6
      vertex 78.6082 22.6563 2.95
      vertex 77.8214 25.5927 6
    endloop
  endfacet
  facet normal 0.227874 -0.671399 0.705193
    outer loop
      vertex 78.6082 22.6563 2.95
      vertex 77.8203 25.5924 6
      vertex 78.2676 22.5407 2.95
    endloop
  endfacet
  facet normal -0.589553 -0.393879 0.705185
    outer loop
      vertex 84.3343 22.895 6
      vertex 83.9142 23.5238 6
      vertex 81.7016 21.375 2.95
    endloop
  endfacet
  facet normal 0.046317 0.707507 0.705187
    outer loop
      vertex 79.32 14.21 6
      vertex 79.32 17.25 2.95
      vertex 78.5654 14.2594 6
    endloop
  endfacet
  facet normal -0.43484 -0.55908 0.705935
    outer loop
      vertex 82.8438 24.5942 6
      vertex 80.9941 22.1817 2.95
      vertex 82.8447 24.5935 6
    endloop
  endfacet
  facet normal -0.393971 -0.589479 0.705196
    outer loop
      vertex 80.9941 22.1817 2.95
      vertex 82.8438 24.5942 6
      vertex 80.695 22.3816 2.95
    endloop
  endfacet
  facet normal 0.467557 -0.532999 0.705196
    outer loop
      vertex 75.2267 24.0949 6
      vertex 77.3755 21.9445 2.95
      vertex 77.6459 22.1817 2.95
    endloop
  endfacet
  facet normal 0.436501 -0.561215 0.70321
    outer loop
      vertex 77.3755 21.9445 2.95
      vertex 75.2267 24.0949 6
      vertex 75.2258 24.0942 6
    endloop
  endfacet
  facet normal 0.55908 -0.43484 0.705935
    outer loop
      vertex 74.7258 23.5238 6
      vertex 77.1383 21.6741 2.95
      vertex 74.7265 23.5247 6
    endloop
  endfacet
  facet normal 0.589479 -0.393971 0.705196
    outer loop
      vertex 77.1383 21.6741 2.95
      vertex 74.7258 23.5238 6
      vertex 76.9384 21.375 2.95
    endloop
  endfacet
  facet normal -0.467466 -0.533095 0.705184
    outer loop
      vertex 83.4133 24.0949 6
      vertex 82.8447 24.5935 6
      vertex 80.9941 22.1817 2.95
    endloop
  endfacet
  facet normal -0.43484 0.55908 0.705935
    outer loop
      vertex 80.9941 17.8183 2.95
      vertex 82.8438 15.4058 6
      vertex 82.8447 15.4065 6
    endloop
  endfacet
  facet normal -0.393971 0.589479 0.705196
    outer loop
      vertex 82.8438 15.4058 6
      vertex 80.9941 17.8183 2.95
      vertex 80.695 17.6184 2.95
    endloop
  endfacet
  facet normal -0.313629 0.635884 0.705187
    outer loop
      vertex 81.5358 14.6507 6
      vertex 82.214 14.9852 6
      vertex 80.3724 17.4593 2.95
    endloop
  endfacet
  facet normal 0.635906 0.313593 0.705183
    outer loop
      vertex 74.3052 17.106 6
      vertex 76.7793 18.9476 2.95
      vertex 73.9707 17.7843 6
    endloop
  endfacet
  facet normal -0.186359 -0.683316 0.705939
    outer loop
      vertex 80.0318 22.6563 2.95
      vertex 80.8197 25.5924 6
      vertex 80.8186 25.5927 6
    endloop
  endfacet
  facet normal -0.227874 -0.671399 0.705193
    outer loop
      vertex 80.8197 25.5924 6
      vertex 80.0318 22.6563 2.95
      vertex 80.3724 22.5407 2.95
    endloop
  endfacet
  facet normal -0.697256 0.126774 0.705523
    outer loop
      vertex 82.0465 19.6411 2.95
      vertex 85.0603 19.2431 6
      vertex 85.0605 19.2442 6
    endloop
  endfacet
  facet normal -0.695393 0.13833 0.70519
    outer loop
      vertex 85.0603 19.2431 6
      vertex 82.0465 19.6411 2.95
      vertex 81.9763 19.2882 2.95
    endloop
  endfacet
  facet normal 0.707507 0.046317 0.705187
    outer loop
      vertex 73.5794 19.2454 6
      vertex 76.57 20 2.95
      vertex 73.53 20 6
    endloop
  endfacet
  facet normal 0.467509 -0.53305 0.70519
    outer loop
      vertex 77.6459 22.1817 2.95
      vertex 75.7952 24.5935 6
      vertex 75.2267 24.0949 6
    endloop
  endfacet
  facet normal 0.695393 -0.13833 0.70519
    outer loop
      vertex 73.5797 20.7569 6
      vertex 76.5935 20.3589 2.95
      vertex 76.6637 20.7118 2.95
    endloop
  endfacet
  facet normal 0.697256 -0.126774 0.705523
    outer loop
      vertex 76.5935 20.3589 2.95
      vertex 73.5797 20.7569 6
      vertex 73.5795 20.7558 6
    endloop
  endfacet
  facet normal 0.046317 -0.707507 0.705187
    outer loop
      vertex 79.32 22.75 2.95
      vertex 79.32 25.79 6
      vertex 78.5654 25.7406 6
    endloop
  endfacet
  facet normal -0.436501 -0.561215 0.70321
    outer loop
      vertex 83.4133 24.0949 6
      vertex 81.2645 21.9445 2.95
      vertex 83.4142 24.0942 6
    endloop
  endfacet
  facet normal -0.467557 -0.532999 0.705196
    outer loop
      vertex 81.2645 21.9445 2.95
      vertex 83.4133 24.0949 6
      vertex 80.9941 22.1817 2.95
    endloop
  endfacet
  facet normal 0.126774 -0.697256 0.705523
    outer loop
      vertex 78.5631 25.7403 6
      vertex 78.9611 22.7265 2.95
      vertex 78.5642 25.7405 6
    endloop
  endfacet
  facet normal 0.13833 -0.695393 0.70519
    outer loop
      vertex 78.9611 22.7265 2.95
      vertex 78.5631 25.7403 6
      vertex 78.6082 22.6563 2.95
    endloop
  endfacet
  facet normal 0.695387 0.138384 0.705185
    outer loop
      vertex 73.7273 18.5014 6
      vertex 76.6637 19.2882 2.95
      vertex 73.5797 19.2431 6
    endloop
  endfacet
  facet normal 0.695393 0.13833 0.70519
    outer loop
      vertex 76.5935 19.6411 2.95
      vertex 73.5797 19.2431 6
      vertex 76.6637 19.2882 2.95
    endloop
  endfacet
  facet normal 0.697256 0.126774 0.705523
    outer loop
      vertex 73.5797 19.2431 6
      vertex 76.5935 19.6411 2.95
      vertex 73.5795 19.2442 6
    endloop
  endfacet
  facet normal 0.589553 0.393879 0.705185
    outer loop
      vertex 74.7258 16.4762 6
      vertex 76.9384 18.625 2.95
      vertex 74.3057 17.105 6
    endloop
  endfacet
  facet normal -0.533095 0.467466 0.705184
    outer loop
      vertex 83.4149 15.9067 6
      vertex 83.9135 16.4753 6
      vertex 81.5017 18.3259 2.95
    endloop
  endfacet
  facet normal -0.317031 -0.634062 0.705306
    outer loop
      vertex 82.214 25.0148 6
      vertex 80.695 22.3816 2.95
      vertex 82.215 25.0143 6
    endloop
  endfacet
  facet normal -0.313611 -0.635895 0.705185
    outer loop
      vertex 80.695 22.3816 2.95
      vertex 82.214 25.0148 6
      vertex 80.3724 22.5407 2.95
    endloop
  endfacet
  facet normal 0.533095 0.467466 0.705184
    outer loop
      vertex 75.2251 15.9067 6
      vertex 77.1383 18.3259 2.95
      vertex 74.7265 16.4753 6
    endloop
  endfacet
  facet normal 0.393879 -0.589553 0.705185
    outer loop
      vertex 77.945 22.3816 2.95
      vertex 76.425 25.0143 6
      vertex 75.7962 24.5942 6
    endloop
  endfacet
  facet normal 0.313629 -0.635884 0.705187
    outer loop
      vertex 78.2676 22.5407 2.95
      vertex 77.1042 25.3493 6
      vertex 76.426 25.0148 6
    endloop
  endfacet
  facet normal -0.683316 -0.186359 0.705939
    outer loop
      vertex 84.9124 21.4997 6
      vertex 81.9763 20.7118 2.95
      vertex 84.9127 21.4986 6
    endloop
  endfacet
  facet normal -0.671399 -0.227874 0.705193
    outer loop
      vertex 81.9763 20.7118 2.95
      vertex 84.9124 21.4997 6
      vertex 81.8607 21.0524 2.95
    endloop
  endfacet
  facet normal 0.635895 0.313611 0.705185
    outer loop
      vertex 74.3052 17.106 6
      vertex 76.9384 18.625 2.95
      vertex 76.7793 18.9476 2.95
    endloop
  endfacet
  facet normal 0.634062 0.317031 0.705306
    outer loop
      vertex 76.9384 18.625 2.95
      vertex 74.3052 17.106 6
      vertex 74.3057 17.105 6
    endloop
  endfacet
  facet normal -0.467466 0.533095 0.705184
    outer loop
      vertex 82.8447 15.4065 6
      vertex 83.4133 15.9051 6
      vertex 80.9941 17.8183 2.95
    endloop
  endfacet
  facet normal 0.634062 -0.317031 0.705306
    outer loop
      vertex 74.3052 22.894 6
      vertex 76.9384 21.375 2.95
      vertex 74.3057 22.895 6
    endloop
  endfacet
  facet normal 0.635895 -0.313611 0.705185
    outer loop
      vertex 76.9384 21.375 2.95
      vertex 74.3052 22.894 6
      vertex 76.7793 21.0524 2.95
    endloop
  endfacet
  facet normal 0.313611 0.635895 0.705185
    outer loop
      vertex 77.945 17.6184 2.95
      vertex 76.426 14.9852 6
      vertex 78.2676 17.4593 2.95
    endloop
  endfacet
  facet normal 0.317031 0.634062 0.705306
    outer loop
      vertex 76.426 14.9852 6
      vertex 77.945 17.6184 2.95
      vertex 76.425 14.9857 6
    endloop
  endfacet
  facet normal -0.436501 0.561215 0.70321
    outer loop
      vertex 81.2645 18.0555 2.95
      vertex 83.4133 15.9051 6
      vertex 83.4142 15.9058 6
    endloop
  endfacet
  facet normal -0.467557 0.532999 0.705196
    outer loop
      vertex 83.4133 15.9051 6
      vertex 81.2645 18.0555 2.95
      vertex 80.9941 17.8183 2.95
    endloop
  endfacet
  facet normal -0.589479 0.393971 0.705196
    outer loop
      vertex 81.5017 18.3259 2.95
      vertex 83.9142 16.4762 6
      vertex 81.7016 18.625 2.95
    endloop
  endfacet
  facet normal -0.55908 0.43484 0.705935
    outer loop
      vertex 83.9142 16.4762 6
      vertex 81.5017 18.3259 2.95
      vertex 83.9135 16.4753 6
    endloop
  endfacet
  facet normal -0.561215 -0.436501 0.70321
    outer loop
      vertex 81.2645 21.9445 2.95
      vertex 83.4149 24.0933 6
      vertex 83.4142 24.0942 6
    endloop
  endfacet
  facet normal -0.532999 -0.467557 0.705196
    outer loop
      vertex 83.4149 24.0933 6
      vertex 81.2645 21.9445 2.95
      vertex 81.5017 21.6741 2.95
    endloop
  endfacet
  facet normal -0.695387 -0.138384 0.705185
    outer loop
      vertex 85.0603 20.7569 6
      vertex 84.9127 21.4986 6
      vertex 81.9763 20.7118 2.95
    endloop
  endfacet
  facet normal -0.697256 -0.126774 0.705523
    outer loop
      vertex 85.0603 20.7569 6
      vertex 82.0465 20.3589 2.95
      vertex 85.0605 20.7558 6
    endloop
  endfacet
  facet normal -0.695393 -0.13833 0.70519
    outer loop
      vertex 82.0465 20.3589 2.95
      vertex 85.0603 20.7569 6
      vertex 81.9763 20.7118 2.95
    endloop
  endfacet
  facet normal 0.707505 0.0463259 0.705188
    outer loop
      vertex 73.5794 19.2454 6
      vertex 76.5935 19.6411 2.95
      vertex 76.57 20 2.95
    endloop
  endfacet
  facet normal 0.70622 0.0588516 0.705542
    outer loop
      vertex 76.5935 19.6411 2.95
      vertex 73.5794 19.2454 6
      vertex 73.5795 19.2442 6
    endloop
  endfacet
  facet normal 0.467557 0.532999 0.705196
    outer loop
      vertex 77.3755 18.0555 2.95
      vertex 75.2267 15.9051 6
      vertex 77.6459 17.8183 2.95
    endloop
  endfacet
  facet normal 0.436501 0.561215 0.70321
    outer loop
      vertex 75.2267 15.9051 6
      vertex 77.3755 18.0555 2.95
      vertex 75.2258 15.9058 6
    endloop
  endfacet
  facet normal 0.532999 0.467557 0.705196
    outer loop
      vertex 75.2251 15.9067 6
      vertex 77.3755 18.0555 2.95
      vertex 77.1383 18.3259 2.95
    endloop
  endfacet
  facet normal 0.561215 0.436501 0.70321
    outer loop
      vertex 77.3755 18.0555 2.95
      vertex 75.2251 15.9067 6
      vertex 75.2258 15.9058 6
    endloop
  endfacet
  facet normal 0.671399 -0.227874 0.705193
    outer loop
      vertex 73.7276 21.4997 6
      vertex 76.6637 20.7118 2.95
      vertex 76.7793 21.0524 2.95
    endloop
  endfacet
  facet normal 0.683316 -0.186359 0.705939
    outer loop
      vertex 76.6637 20.7118 2.95
      vertex 73.7276 21.4997 6
      vertex 73.7273 21.4986 6
    endloop
  endfacet
  facet normal 0.671381 0.227951 0.705185
    outer loop
      vertex 73.9707 17.7843 6
      vertex 76.7793 18.9476 2.95
      vertex 73.7276 18.5003 6
    endloop
  endfacet
  facet normal 0.671399 0.227874 0.705193
    outer loop
      vertex 76.6637 19.2882 2.95
      vertex 73.7276 18.5003 6
      vertex 76.7793 18.9476 2.95
    endloop
  endfacet
  facet normal 0.683316 0.186359 0.705939
    outer loop
      vertex 73.7276 18.5003 6
      vertex 76.6637 19.2882 2.95
      vertex 73.7273 18.5014 6
    endloop
  endfacet
  facet normal 0.227921 -0.671388 0.705188
    outer loop
      vertex 78.2676 22.5407 2.95
      vertex 77.8203 25.5924 6
      vertex 77.1042 25.3493 6
    endloop
  endfacet
  facet normal 0.13833 0.695393 0.70519
    outer loop
      vertex 78.5631 14.2597 6
      vertex 78.9611 17.2735 2.95
      vertex 78.6082 17.3437 2.95
    endloop
  endfacet
  facet normal 0.126774 0.697256 0.705523
    outer loop
      vertex 78.9611 17.2735 2.95
      vertex 78.5631 14.2597 6
      vertex 78.5642 14.2595 6
    endloop
  endfacet
  facet normal 0.671381 -0.227951 0.705185
    outer loop
      vertex 76.7793 21.0524 2.95
      vertex 73.9707 22.2157 6
      vertex 73.7276 21.4997 6
    endloop
  endfacet
  facet normal -0.533095 -0.467466 0.705184
    outer loop
      vertex 83.9135 23.5247 6
      vertex 83.4149 24.0933 6
      vertex 81.5017 21.6741 2.95
    endloop
  endfacet
  facet normal -0.55908 -0.43484 0.705935
    outer loop
      vertex 81.5017 21.6741 2.95
      vertex 83.9142 23.5238 6
      vertex 83.9135 23.5247 6
    endloop
  endfacet
  facet normal -0.589479 -0.393971 0.705196
    outer loop
      vertex 83.9142 23.5238 6
      vertex 81.5017 21.6741 2.95
      vertex 81.7016 21.375 2.95
    endloop
  endfacet
  facet normal 0.635906 -0.313593 0.705183
    outer loop
      vertex 76.7793 21.0524 2.95
      vertex 74.3052 22.894 6
      vertex 73.9707 22.2157 6
    endloop
  endfacet
  facet normal 0.227921 0.671388 0.705188
    outer loop
      vertex 77.8203 14.4076 6
      vertex 78.2676 17.4593 2.95
      vertex 77.1042 14.6507 6
    endloop
  endfacet
  facet normal 0.227874 0.671399 0.705193
    outer loop
      vertex 77.8203 14.4076 6
      vertex 78.6082 17.3437 2.95
      vertex 78.2676 17.4593 2.95
    endloop
  endfacet
  facet normal 0.186359 0.683316 0.705939
    outer loop
      vertex 78.6082 17.3437 2.95
      vertex 77.8203 14.4076 6
      vertex 77.8214 14.4073 6
    endloop
  endfacet
  facet normal 0.589479 0.393971 0.705196
    outer loop
      vertex 74.7258 16.4762 6
      vertex 77.1383 18.3259 2.95
      vertex 76.9384 18.625 2.95
    endloop
  endfacet
  facet normal 0.55908 0.43484 0.705935
    outer loop
      vertex 77.1383 18.3259 2.95
      vertex 74.7258 16.4762 6
      vertex 74.7265 16.4753 6
    endloop
  endfacet
  facet normal 0.313611 -0.635895 0.705185
    outer loop
      vertex 76.426 25.0148 6
      vertex 77.945 22.3816 2.95
      vertex 78.2676 22.5407 2.95
    endloop
  endfacet
  facet normal 0.317031 -0.634062 0.705306
    outer loop
      vertex 77.945 22.3816 2.95
      vertex 76.426 25.0148 6
      vertex 76.425 25.0143 6
    endloop
  endfacet
  facet normal 0 -0.831408 -0.555662
    outer loop
      vertex 0 22.3816 80.695
      vertex 2.95 22.1817 80.9941
      vertex 0 22.1817 80.9941
    endloop
  endfacet
  facet normal 0 -0.831408 -0.555662
    outer loop
      vertex 2.95 22.1817 80.9941
      vertex 0 22.3816 80.695
      vertex 2.95 22.3816 80.695
    endloop
  endfacet
  facet normal 0 0.980783 0.195101
    outer loop
      vertex 2.95 17.3437 78.6082
      vertex 0 17.2735 78.9611
      vertex 2.95 17.2735 78.9611
    endloop
  endfacet
  facet normal 0 0.980783 0.195101
    outer loop
      vertex 0 17.2735 78.9611
      vertex 2.95 17.3437 78.6082
      vertex 0 17.3437 78.6082
    endloop
  endfacet
  facet normal 0 -0.997863 0.0653379
    outer loop
      vertex 0 22.7265 78.9611
      vertex 2.95 22.75 79.32
      vertex 0 22.75 79.32
    endloop
  endfacet
  facet normal 0 -0.997863 0.0653379
    outer loop
      vertex 2.95 22.75 79.32
      vertex 0 22.7265 78.9611
      vertex 2.95 22.7265 78.9611
    endloop
  endfacet
  facet normal 0 0.997863 0.0653379
    outer loop
      vertex 2.95 17.2735 78.9611
      vertex 0 17.25 79.32
      vertex 2.95 17.25 79.32
    endloop
  endfacet
  facet normal 0 0.997863 0.0653379
    outer loop
      vertex 0 17.25 79.32
      vertex 2.95 17.2735 78.9611
      vertex 0 17.2735 78.9611
    endloop
  endfacet
  facet normal 0 0.708762 -0.705447
    outer loop
      vertex 3.43216 19.6971 82.9142
      vertex 0 19.995 83.2135
      vertex 3.58831 19.995 83.2135
    endloop
  endfacet
  facet normal 7.13752e-06 0.708803 -0.705406
    outer loop
      vertex 3.28158 19.3652 82.5807
      vertex 0 19.995 83.2135
      vertex 3.43216 19.6971 82.9142
    endloop
  endfacet
  facet normal 1.28749e-05 0.708818 -0.705391
    outer loop
      vertex 3.14827 19.0158 82.2296
      vertex 0 19.995 83.2135
      vertex 3.28158 19.3652 82.5807
    endloop
  endfacet
  facet normal 7.14316e-05 0.708912 -0.705297
    outer loop
      vertex 3.04261 18.6667 81.8787
      vertex 0 19.995 83.2135
      vertex 3.14827 19.0158 82.2296
    endloop
  endfacet
  facet normal 3.3841e-06 0.708827 -0.705382
    outer loop
      vertex 0 18.0555 81.2645
      vertex 3.04261 18.6667 81.8787
      vertex 2.97422 18.3392 81.5496
    endloop
  endfacet
  facet normal 0 0.708845 -0.705364
    outer loop
      vertex 0 18.0555 81.2645
      vertex 2.97422 18.3392 81.5496
      vertex 2.95 18.0555 81.2645
    endloop
  endfacet
  facet normal 1.44634e-06 0.708832 -0.705377
    outer loop
      vertex 3.04261 18.6667 81.8787
      vertex 0 18.0555 81.2645
      vertex 0 19.995 83.2135
    endloop
  endfacet
  facet normal 0 -0.659449 0.751749
    outer loop
      vertex 0 21.9445 77.3755
      vertex 2.95 21.6741 77.1383
      vertex 2.95 21.9445 77.3755
    endloop
  endfacet
  facet normal 0 -0.659449 0.751749
    outer loop
      vertex 2.95 21.6741 77.1383
      vertex 0 21.9445 77.3755
      vertex 0 21.6741 77.1383
    endloop
  endfacet
  facet normal -0 0.0653379 0.997863
    outer loop
      vertex 0 20 76.57
      vertex 2.95 19.6411 76.5935
      vertex 2.95 20 76.57
    endloop
  endfacet
  facet normal 0 0.0653379 0.997863
    outer loop
      vertex 2.95 19.6411 76.5935
      vertex 0 20 76.57
      vertex 0 19.6411 76.5935
    endloop
  endfacet
  facet normal 0 -0.195101 0.980783
    outer loop
      vertex 0 20.7118 76.6637
      vertex 2.95 20.3589 76.5935
      vertex 2.95 20.7118 76.6637
    endloop
  endfacet
  facet normal 0 -0.195101 0.980783
    outer loop
      vertex 2.95 20.3589 76.5935
      vertex 0 20.7118 76.6637
      vertex 0 20.3589 76.5935
    endloop
  endfacet
  facet normal -0 0.195101 0.980783
    outer loop
      vertex 0 19.6411 76.5935
      vertex 2.95 19.2882 76.6637
      vertex 2.95 19.6411 76.5935
    endloop
  endfacet
  facet normal 0 0.195101 0.980783
    outer loop
      vertex 2.95 19.2882 76.6637
      vertex 0 19.6411 76.5935
      vertex 0 19.2882 76.6637
    endloop
  endfacet
  facet normal 0 0.751749 -0.659449
    outer loop
      vertex 2.95 17.8183 80.9941
      vertex 0 18.0555 81.2645
      vertex 2.95 18.0555 81.2645
    endloop
  endfacet
  facet normal 0 0.751749 -0.659449
    outer loop
      vertex 0 18.0555 81.2645
      vertex 2.95 17.8183 80.9941
      vertex 0 17.8183 80.9941
    endloop
  endfacet
  facet normal 0 -0.946945 -0.321394
    outer loop
      vertex 0 22.6563 80.0318
      vertex 2.95 22.5407 80.3724
      vertex 0 22.5407 80.3724
    endloop
  endfacet
  facet normal 0 -0.946945 -0.321394
    outer loop
      vertex 2.95 22.5407 80.3724
      vertex 0 22.6563 80.0318
      vertex 2.95 22.6563 80.0318
    endloop
  endfacet
  facet normal 0 -0.708762 -0.705447
    outer loop
      vertex 0 20.005 83.2135
      vertex 3.43216 20.3029 82.9142
      vertex 3.58831 20.005 83.2135
    endloop
  endfacet
  facet normal 7.13752e-06 -0.708803 -0.705406
    outer loop
      vertex 0 20.005 83.2135
      vertex 3.28158 20.6348 82.5807
      vertex 3.43216 20.3029 82.9142
    endloop
  endfacet
  facet normal 1.28749e-05 -0.708818 -0.705391
    outer loop
      vertex 0 20.005 83.2135
      vertex 3.14827 20.9842 82.2296
      vertex 3.28158 20.6348 82.5807
    endloop
  endfacet
  facet normal 7.14316e-05 -0.708912 -0.705297
    outer loop
      vertex 0 20.005 83.2135
      vertex 3.04261 21.3333 81.8787
      vertex 3.14827 20.9842 82.2296
    endloop
  endfacet
  facet normal 1.44634e-06 -0.708832 -0.705377
    outer loop
      vertex 0 21.9445 81.2645
      vertex 3.04261 21.3333 81.8787
      vertex 0 20.005 83.2135
    endloop
  endfacet
  facet normal 3.3841e-06 -0.708827 -0.705382
    outer loop
      vertex 3.04261 21.3333 81.8787
      vertex 0 21.9445 81.2645
      vertex 2.97422 21.6608 81.5496
    endloop
  endfacet
  facet normal 0 -0.708845 -0.705364
    outer loop
      vertex 2.97422 21.6608 81.5496
      vertex 0 21.9445 81.2645
      vertex 2.95 21.9445 81.2645
    endloop
  endfacet
  facet normal 0 -0.89686 0.442314
    outer loop
      vertex 0 22.3816 77.945
      vertex 2.95 22.5407 78.2676
      vertex 0 22.5407 78.2676
    endloop
  endfacet
  facet normal 0 -0.89686 0.442314
    outer loop
      vertex 2.95 22.5407 78.2676
      vertex 0 22.3816 77.945
      vertex 2.95 22.3816 77.945
    endloop
  endfacet
  facet normal 0 -0.946945 0.321394
    outer loop
      vertex 0 22.5407 78.2676
      vertex 2.95 22.6563 78.6082
      vertex 0 22.6563 78.6082
    endloop
  endfacet
  facet normal 0 -0.946945 0.321394
    outer loop
      vertex 2.95 22.6563 78.6082
      vertex 0 22.5407 78.2676
      vertex 2.95 22.5407 78.2676
    endloop
  endfacet
  facet normal 0 -0.751749 0.659449
    outer loop
      vertex 0 21.9445 77.3755
      vertex 2.95 22.1817 77.6459
      vertex 0 22.1817 77.6459
    endloop
  endfacet
  facet normal 0 -0.751749 0.659449
    outer loop
      vertex 2.95 22.1817 77.6459
      vertex 0 21.9445 77.3755
      vertex 2.95 21.9445 77.3755
    endloop
  endfacet
  facet normal 0 -0.89686 -0.442314
    outer loop
      vertex 0 22.5407 80.3724
      vertex 2.95 22.3816 80.695
      vertex 0 22.3816 80.695
    endloop
  endfacet
  facet normal 0 -0.89686 -0.442314
    outer loop
      vertex 2.95 22.3816 80.695
      vertex 0 22.5407 80.3724
      vertex 2.95 22.5407 80.3724
    endloop
  endfacet
  facet normal 0 0.831408 -0.555662
    outer loop
      vertex 2.95 17.6184 80.695
      vertex 0 17.8183 80.9941
      vertex 2.95 17.8183 80.9941
    endloop
  endfacet
  facet normal 0 0.831408 -0.555662
    outer loop
      vertex 0 17.8183 80.9941
      vertex 2.95 17.6184 80.695
      vertex 0 17.6184 80.695
    endloop
  endfacet
  facet normal 0 0.89686 -0.442314
    outer loop
      vertex 2.95 17.4593 80.3724
      vertex 0 17.6184 80.695
      vertex 2.95 17.6184 80.695
    endloop
  endfacet
  facet normal 0 0.89686 -0.442314
    outer loop
      vertex 0 17.6184 80.695
      vertex 2.95 17.4593 80.3724
      vertex 0 17.4593 80.3724
    endloop
  endfacet
  facet normal -0 0.442314 0.89686
    outer loop
      vertex 0 18.9476 76.7793
      vertex 2.95 18.625 76.9384
      vertex 2.95 18.9476 76.7793
    endloop
  endfacet
  facet normal 0 0.442314 0.89686
    outer loop
      vertex 2.95 18.625 76.9384
      vertex 0 18.9476 76.7793
      vertex 0 18.625 76.9384
    endloop
  endfacet
  facet normal 0 -0.751749 -0.659449
    outer loop
      vertex 0 22.1817 80.9941
      vertex 2.95 21.9445 81.2645
      vertex 0 21.9445 81.2645
    endloop
  endfacet
  facet normal 0 -0.751749 -0.659449
    outer loop
      vertex 2.95 21.9445 81.2645
      vertex 0 22.1817 80.9941
      vertex 2.95 22.1817 80.9941
    endloop
  endfacet
  facet normal 0 -0.980783 -0.195101
    outer loop
      vertex 0 22.7265 79.6789
      vertex 2.95 22.6563 80.0318
      vertex 0 22.6563 80.0318
    endloop
  endfacet
  facet normal 0 -0.980783 -0.195101
    outer loop
      vertex 2.95 22.6563 80.0318
      vertex 0 22.7265 79.6789
      vertex 2.95 22.7265 79.6789
    endloop
  endfacet
  facet normal 0 0.946945 -0.321394
    outer loop
      vertex 2.95 17.3437 80.0318
      vertex 0 17.4593 80.3724
      vertex 2.95 17.4593 80.3724
    endloop
  endfacet
  facet normal 0 0.946945 -0.321394
    outer loop
      vertex 0 17.4593 80.3724
      vertex 2.95 17.3437 80.0318
      vertex 0 17.3437 80.0318
    endloop
  endfacet
  facet normal 0 0.89686 0.442314
    outer loop
      vertex 2.95 17.6184 77.945
      vertex 0 17.4593 78.2676
      vertex 2.95 17.4593 78.2676
    endloop
  endfacet
  facet normal 0 0.89686 0.442314
    outer loop
      vertex 0 17.4593 78.2676
      vertex 2.95 17.6184 77.945
      vertex 0 17.6184 77.945
    endloop
  endfacet
  facet normal 0 0.831408 0.555662
    outer loop
      vertex 2.95 17.8183 77.6459
      vertex 0 17.6184 77.945
      vertex 2.95 17.6184 77.945
    endloop
  endfacet
  facet normal 0 0.831408 0.555662
    outer loop
      vertex 0 17.6184 77.945
      vertex 2.95 17.8183 77.6459
      vertex 0 17.8183 77.6459
    endloop
  endfacet
  facet normal 0 -0.831408 0.555662
    outer loop
      vertex 0 22.1817 77.6459
      vertex 2.95 22.3816 77.945
      vertex 0 22.3816 77.945
    endloop
  endfacet
  facet normal 0 -0.831408 0.555662
    outer loop
      vertex 2.95 22.3816 77.945
      vertex 0 22.1817 77.6459
      vertex 2.95 22.1817 77.6459
    endloop
  endfacet
  facet normal 0 -0.321394 0.946945
    outer loop
      vertex 0 21.0524 76.7793
      vertex 2.95 20.7118 76.6637
      vertex 2.95 21.0524 76.7793
    endloop
  endfacet
  facet normal 0 -0.321394 0.946945
    outer loop
      vertex 2.95 20.7118 76.6637
      vertex 0 21.0524 76.7793
      vertex 0 20.7118 76.6637
    endloop
  endfacet
  facet normal 0 0.751749 0.659449
    outer loop
      vertex 2.95 18.0555 77.3755
      vertex 0 17.8183 77.6459
      vertex 2.95 17.8183 77.6459
    endloop
  endfacet
  facet normal 0 0.751749 0.659449
    outer loop
      vertex 0 17.8183 77.6459
      vertex 2.95 18.0555 77.3755
      vertex 0 18.0555 77.3755
    endloop
  endfacet
  facet normal 0 0.980783 -0.195101
    outer loop
      vertex 2.95 17.2735 79.6789
      vertex 0 17.3437 80.0318
      vertex 2.95 17.3437 80.0318
    endloop
  endfacet
  facet normal 0 0.980783 -0.195101
    outer loop
      vertex 0 17.3437 80.0318
      vertex 2.95 17.2735 79.6789
      vertex 0 17.2735 79.6789
    endloop
  endfacet
  facet normal 0 0.997863 -0.0653379
    outer loop
      vertex 2.95 17.25 79.32
      vertex 0 17.2735 79.6789
      vertex 2.95 17.2735 79.6789
    endloop
  endfacet
  facet normal 0 0.997863 -0.0653379
    outer loop
      vertex 0 17.2735 79.6789
      vertex 2.95 17.25 79.32
      vertex 0 17.25 79.32
    endloop
  endfacet
  facet normal 0 -0.997863 -0.0653379
    outer loop
      vertex 0 22.75 79.32
      vertex 2.95 22.7265 79.6789
      vertex 0 22.7265 79.6789
    endloop
  endfacet
  facet normal 0 -0.997863 -0.0653379
    outer loop
      vertex 2.95 22.7265 79.6789
      vertex 0 22.75 79.32
      vertex 2.95 22.75 79.32
    endloop
  endfacet
  facet normal -0 0.659449 0.751749
    outer loop
      vertex 0 18.3259 77.1383
      vertex 2.95 18.0555 77.3755
      vertex 2.95 18.3259 77.1383
    endloop
  endfacet
  facet normal 0 0.659449 0.751749
    outer loop
      vertex 2.95 18.0555 77.3755
      vertex 0 18.3259 77.1383
      vertex 0 18.0555 77.3755
    endloop
  endfacet
  facet normal -0 0 -1
    outer loop
      vertex 3.58816 19.999 83.2135
      vertex 0 19.995 83.2135
      vertex 3.58816 20.001 83.2135
    endloop
  endfacet
  facet normal 0 0 -1
    outer loop
      vertex 0 19.995 83.2135
      vertex 3.58816 19.999 83.2135
      vertex 3.58831 19.995 83.2135
    endloop
  endfacet
  facet normal 0 0 -1
    outer loop
      vertex 0 20.005 83.2135
      vertex 3.58816 20.001 83.2135
      vertex 0 19.995 83.2135
    endloop
  endfacet
  facet normal 0 0 -1
    outer loop
      vertex 3.58816 20.001 83.2135
      vertex 0 20.005 83.2135
      vertex 3.58831 20.005 83.2135
    endloop
  endfacet
  facet normal 0 -0.980783 0.195101
    outer loop
      vertex 0 22.6563 78.6082
      vertex 2.95 22.7265 78.9611
      vertex 0 22.7265 78.9611
    endloop
  endfacet
  facet normal 0 -0.980783 0.195101
    outer loop
      vertex 2.95 22.7265 78.9611
      vertex 0 22.6563 78.6082
      vertex 2.95 22.6563 78.6082
    endloop
  endfacet
  facet normal 0 -0.555662 0.831408
    outer loop
      vertex 0 21.6741 77.1383
      vertex 2.95 21.375 76.9384
      vertex 2.95 21.6741 77.1383
    endloop
  endfacet
  facet normal 0 -0.555662 0.831408
    outer loop
      vertex 2.95 21.375 76.9384
      vertex 0 21.6741 77.1383
      vertex 0 21.375 76.9384
    endloop
  endfacet
  facet normal 0 -0.442314 0.89686
    outer loop
      vertex 0 21.375 76.9384
      vertex 2.95 21.0524 76.7793
      vertex 2.95 21.375 76.9384
    endloop
  endfacet
  facet normal 0 -0.442314 0.89686
    outer loop
      vertex 2.95 21.0524 76.7793
      vertex 0 21.375 76.9384
      vertex 0 21.0524 76.7793
    endloop
  endfacet
  facet normal -0 0.555662 0.831408
    outer loop
      vertex 0 18.625 76.9384
      vertex 2.95 18.3259 77.1383
      vertex 2.95 18.625 76.9384
    endloop
  endfacet
  facet normal 0 0.555662 0.831408
    outer loop
      vertex 2.95 18.3259 77.1383
      vertex 0 18.625 76.9384
      vertex 0 18.3259 77.1383
    endloop
  endfacet
  facet normal 0 -0.0653379 0.997863
    outer loop
      vertex 0 20.3589 76.5935
      vertex 2.95 20 76.57
      vertex 2.95 20.3589 76.5935
    endloop
  endfacet
  facet normal 0 -0.0653379 0.997863
    outer loop
      vertex 2.95 20 76.57
      vertex 0 20.3589 76.5935
      vertex 0 20 76.57
    endloop
  endfacet
  facet normal -0 0.321394 0.946945
    outer loop
      vertex 0 19.2882 76.6637
      vertex 2.95 18.9476 76.7793
      vertex 2.95 19.2882 76.6637
    endloop
  endfacet
  facet normal 0 0.321394 0.946945
    outer loop
      vertex 2.95 18.9476 76.7793
      vertex 0 19.2882 76.6637
      vertex 0 18.9476 76.7793
    endloop
  endfacet
  facet normal 0 0.946945 0.321394
    outer loop
      vertex 2.95 17.4593 78.2676
      vertex 0 17.3437 78.6082
      vertex 2.95 17.3437 78.6082
    endloop
  endfacet
  facet normal 0 0.946945 0.321394
    outer loop
      vertex 0 17.3437 78.6082
      vertex 2.95 17.4593 78.2676
      vertex 0 17.4593 78.2676
    endloop
  endfacet
  facet normal 0.705187 -0.707507 -0.046317
    outer loop
      vertex 6 25.79 79.32
      vertex 6 25.7406 80.0746
      vertex 2.95 22.75 79.32
    endloop
  endfacet
  facet normal 0.705188 -0.707505 0.0463259
    outer loop
      vertex 2.95 22.7265 78.9611
      vertex 6 25.7406 78.5654
      vertex 2.95 22.75 79.32
    endloop
  endfacet
  facet normal 0.705542 -0.70622 0.0588516
    outer loop
      vertex 6 25.7406 78.5654
      vertex 2.95 22.7265 78.9611
      vertex 6 25.7405 78.5642
    endloop
  endfacet
  facet normal 0.705542 -0.70622 -0.0588516
    outer loop
      vertex 2.95 22.7265 79.6789
      vertex 6 25.7406 80.0746
      vertex 6 25.7405 80.0758
    endloop
  endfacet
  facet normal 0.705188 -0.707505 -0.0463259
    outer loop
      vertex 6 25.7406 80.0746
      vertex 2.95 22.7265 79.6789
      vertex 2.95 22.75 79.32
    endloop
  endfacet
  facet normal 0.705188 -0.671388 0.227921
    outer loop
      vertex 6 25.3493 77.1042
      vertex 6 25.5924 77.8203
      vertex 2.95 22.5407 78.2676
    endloop
  endfacet
  facet normal 0.801538 0.332212 -0.497163
    outer loop
      vertex 3.04261 18.6667 81.8787
      vertex 5.995 19.995 87.5262
      vertex 2.97422 18.3392 81.5496
    endloop
  endfacet
  facet normal 0.705193 0.671399 -0.227874
    outer loop
      vertex 6 14.4076 80.8197
      vertex 2.95 17.3437 80.0318
      vertex 2.95 17.4593 80.3724
    endloop
  endfacet
  facet normal 0.705939 0.683316 -0.186359
    outer loop
      vertex 2.95 17.3437 80.0318
      vertex 6 14.4076 80.8197
      vertex 6 14.4073 80.8186
    endloop
  endfacet
  facet normal 0.834811 -0.243593 -0.493714
    outer loop
      vertex 5.995 20.005 87.5262
      vertex 3.14827 20.9842 82.2296
      vertex 3.04261 21.3333 81.8787
    endloop
  endfacet
  facet normal 0.872764 0.0327287 -0.487044
    outer loop
      vertex 5.995 19.995 87.5262
      vertex 3.58831 19.995 83.2135
      vertex 3.58816 19.999 83.2135
    endloop
  endfacet
  facet normal 0.872789 0.0318573 -0.487057
    outer loop
      vertex 3.58831 19.995 83.2135
      vertex 5.995 19.995 87.5262
      vertex 3.43216 19.6971 82.9142
    endloop
  endfacet
  facet normal 0.855367 -0.166549 -0.490519
    outer loop
      vertex 5.995 20.005 87.5262
      vertex 3.28158 20.6348 82.5807
      vertex 3.14827 20.9842 82.2296
    endloop
  endfacet
  facet normal 0.705185 -0.393879 0.589553
    outer loop
      vertex 6 22.895 74.3057
      vertex 6 23.5238 74.7258
      vertex 2.95 21.375 76.9384
    endloop
  endfacet
  facet normal 0.705185 -0.695387 0.138384
    outer loop
      vertex 6 25.5927 77.8214
      vertex 6 25.7403 78.5631
      vertex 2.95 22.6563 78.6082
    endloop
  endfacet
  facet normal 0.705188 0.0463259 0.707505
    outer loop
      vertex 2.95 19.6411 76.5935
      vertex 6 19.2454 73.5794
      vertex 2.95 20 76.57
    endloop
  endfacet
  facet normal 0.705542 0.0588516 0.70622
    outer loop
      vertex 6 19.2454 73.5794
      vertex 2.95 19.6411 76.5935
      vertex 6 19.2442 73.5795
    endloop
  endfacet
  facet normal 0.705306 0.634062 -0.317031
    outer loop
      vertex 6 14.9852 82.214
      vertex 2.95 17.6184 80.695
      vertex 6 14.9857 82.215
    endloop
  endfacet
  facet normal 0.705185 0.635895 -0.313611
    outer loop
      vertex 2.95 17.6184 80.695
      vertex 6 14.9852 82.214
      vertex 2.95 17.4593 80.3724
    endloop
  endfacet
  facet normal 0.705187 0.635884 0.313629
    outer loop
      vertex 6 14.6507 77.1042
      vertex 6 14.9852 76.426
      vertex 2.95 17.4593 78.2676
    endloop
  endfacet
  facet normal 0.70519 -0.13833 0.695393
    outer loop
      vertex 2.95 20.3589 76.5935
      vertex 6 20.7569 73.5797
      vertex 2.95 20.7118 76.6637
    endloop
  endfacet
  facet normal 0.705523 -0.126774 0.697256
    outer loop
      vertex 6 20.7569 73.5797
      vertex 2.95 20.3589 76.5935
      vertex 6 20.7558 73.5795
    endloop
  endfacet
  facet normal 0.70519 0.695393 0.13833
    outer loop
      vertex 2.95 17.2735 78.9611
      vertex 6 14.2597 78.5631
      vertex 2.95 17.3437 78.6082
    endloop
  endfacet
  facet normal 0.705523 0.697256 0.126774
    outer loop
      vertex 6 14.2597 78.5631
      vertex 2.95 17.2735 78.9611
      vertex 6 14.2595 78.5642
    endloop
  endfacet
  facet normal 0.705185 0.313611 0.635895
    outer loop
      vertex 2.95 18.625 76.9384
      vertex 6 17.106 74.3052
      vertex 2.95 18.9476 76.7793
    endloop
  endfacet
  facet normal 0.705306 0.317031 0.634062
    outer loop
      vertex 6 17.106 74.3052
      vertex 2.95 18.625 76.9384
      vertex 6 17.105 74.3057
    endloop
  endfacet
  facet normal 0.705185 -0.138384 0.695387
    outer loop
      vertex 6 20.7569 73.5797
      vertex 6 21.4986 73.7273
      vertex 2.95 20.7118 76.6637
    endloop
  endfacet
  facet normal 0.705187 0.707507 0.046317
    outer loop
      vertex 6 14.21 79.32
      vertex 6 14.2594 78.5654
      vertex 2.95 17.25 79.32
    endloop
  endfacet
  facet normal 0.70321 -0.436501 0.561215
    outer loop
      vertex 2.95 21.9445 77.3755
      vertex 6 24.0933 75.2251
      vertex 6 24.0942 75.2258
    endloop
  endfacet
  facet normal 0.705196 -0.467557 0.532999
    outer loop
      vertex 6 24.0933 75.2251
      vertex 2.95 21.9445 77.3755
      vertex 2.95 21.6741 77.1383
    endloop
  endfacet
  facet normal 0.705187 -0.046317 0.707507
    outer loop
      vertex 6 20 73.53
      vertex 6 20.7546 73.5794
      vertex 2.95 20 76.57
    endloop
  endfacet
  facet normal 0.705187 0.635884 -0.313629
    outer loop
      vertex 6 14.9852 82.214
      vertex 6 14.6507 81.5358
      vertex 2.95 17.4593 80.3724
    endloop
  endfacet
  facet normal 0.705185 -0.635895 0.313611
    outer loop
      vertex 2.95 22.3816 77.945
      vertex 6 25.0148 76.426
      vertex 2.95 22.5407 78.2676
    endloop
  endfacet
  facet normal 0.705306 -0.634062 0.317031
    outer loop
      vertex 6 25.0148 76.426
      vertex 2.95 22.3816 77.945
      vertex 6 25.0143 76.425
    endloop
  endfacet
  facet normal 0.705959 0.50263 -0.498985
    outer loop
      vertex 6 18.6295 86.1578
      vertex 2.95 18.0555 81.2645
      vertex 5.995 19.995 87.5262
    endloop
  endfacet
  facet normal 0.705958 0.50263 -0.498985
    outer loop
      vertex 2.95 18.0555 81.2645
      vertex 6 18.6295 86.1578
      vertex 6 15.9058 83.4142
    endloop
  endfacet
  facet normal 0.705187 -0.635884 -0.313629
    outer loop
      vertex 6 25.3493 81.5358
      vertex 6 25.0148 82.214
      vertex 2.95 22.5407 80.3724
    endloop
  endfacet
  facet normal 0.872789 -0.0318573 -0.487057
    outer loop
      vertex 5.995 20.005 87.5262
      vertex 3.58831 20.005 83.2135
      vertex 3.43216 20.3029 82.9142
    endloop
  endfacet
  facet normal 0.872764 -0.0327287 -0.487044
    outer loop
      vertex 3.58831 20.005 83.2135
      vertex 5.995 20.005 87.5262
      vertex 3.58816 20.001 83.2135
    endloop
  endfacet
  facet normal 0.705542 -0.0588516 0.70622
    outer loop
      vertex 2.95 20.3589 76.5935
      vertex 6 20.7546 73.5794
      vertex 6 20.7558 73.5795
    endloop
  endfacet
  facet normal 0.705188 -0.0463259 0.707505
    outer loop
      vertex 6 20.7546 73.5794
      vertex 2.95 20.3589 76.5935
      vertex 2.95 20 76.57
    endloop
  endfacet
  facet normal 0.747705 -0.437852 -0.499222
    outer loop
      vertex 5.995 20.005 87.5262
      vertex 2.97422 21.6608 81.5496
      vertex 2.95 21.9445 81.2645
    endloop
  endfacet
  facet normal 0.867302 0.0970884 -0.488222
    outer loop
      vertex 3.43216 19.6971 82.9142
      vertex 5.995 19.995 87.5262
      vertex 3.28158 19.3652 82.5807
    endloop
  endfacet
  facet normal 0.705523 -0.697256 0.126774
    outer loop
      vertex 2.95 22.7265 78.9611
      vertex 6 25.7403 78.5631
      vertex 6 25.7405 78.5642
    endloop
  endfacet
  facet normal 0.70519 -0.695393 0.13833
    outer loop
      vertex 6 25.7403 78.5631
      vertex 2.95 22.7265 78.9611
      vertex 2.95 22.6563 78.6082
    endloop
  endfacet
  facet normal 0.705185 0.695387 -0.138384
    outer loop
      vertex 6 14.4073 80.8186
      vertex 6 14.2597 80.0769
      vertex 2.95 17.3437 80.0318
    endloop
  endfacet
  facet normal 0.705187 -0.635884 0.313629
    outer loop
      vertex 6 25.0148 76.426
      vertex 6 25.3493 77.1042
      vertex 2.95 22.5407 78.2676
    endloop
  endfacet
  facet normal 0.705939 -0.683316 0.186359
    outer loop
      vertex 2.95 22.6563 78.6082
      vertex 6 25.5924 77.8203
      vertex 6 25.5927 77.8214
    endloop
  endfacet
  facet normal 0.705193 -0.671399 0.227874
    outer loop
      vertex 6 25.5924 77.8203
      vertex 2.95 22.6563 78.6082
      vertex 2.95 22.5407 78.2676
    endloop
  endfacet
  facet normal 0.705187 -0.707507 0.046317
    outer loop
      vertex 6 25.7406 78.5654
      vertex 6 25.79 79.32
      vertex 2.95 22.75 79.32
    endloop
  endfacet
  facet normal 0.705958 -0.50263 -0.498985
    outer loop
      vertex 6 21.3705 86.1578
      vertex 2.95 21.9445 81.2645
      vertex 6 24.0942 83.4142
    endloop
  endfacet
  facet normal 0.705959 -0.50263 -0.498985
    outer loop
      vertex 2.95 21.9445 81.2645
      vertex 6 21.3705 86.1578
      vertex 5.995 20.005 87.5262
    endloop
  endfacet
  facet normal 0.70519 0.695393 -0.13833
    outer loop
      vertex 6 14.2597 80.0769
      vertex 2.95 17.2735 79.6789
      vertex 2.95 17.3437 80.0318
    endloop
  endfacet
  facet normal 0.705523 0.697256 -0.126774
    outer loop
      vertex 2.95 17.2735 79.6789
      vertex 6 14.2597 80.0769
      vertex 6 14.2595 80.0758
    endloop
  endfacet
  facet normal 0.705187 0.046317 0.707507
    outer loop
      vertex 6 19.2454 73.5794
      vertex 6 20 73.53
      vertex 2.95 20 76.57
    endloop
  endfacet
  facet normal 0.705188 0.671388 -0.227921
    outer loop
      vertex 6 14.6507 81.5358
      vertex 6 14.4076 80.8197
      vertex 2.95 17.4593 80.3724
    endloop
  endfacet
  facet normal 0.70519 -0.53305 0.467509
    outer loop
      vertex 6 24.0949 75.2267
      vertex 6 24.5935 75.7952
      vertex 2.95 22.1817 77.6459
    endloop
  endfacet
  facet normal 0 -0.707856 -0.706356
    outer loop
      vertex 6 21.3705 86.1578
      vertex 6 20.005 87.5262
      vertex 5.995 20.005 87.5262
    endloop
  endfacet
  facet normal 0.705935 -0.55908 -0.43484
    outer loop
      vertex 2.95 22.1817 80.9941
      vertex 6 24.5942 82.8438
      vertex 6 24.5935 82.8447
    endloop
  endfacet
  facet normal 0.705196 -0.589479 -0.393971
    outer loop
      vertex 6 24.5942 82.8438
      vertex 2.95 22.1817 80.9941
      vertex 2.95 22.3816 80.695
    endloop
  endfacet
  facet normal 0 0.707856 -0.706356
    outer loop
      vertex 6 19.995 87.5262
      vertex 6 18.6295 86.1578
      vertex 5.995 19.995 87.5262
    endloop
  endfacet
  facet normal 0.705196 0.393971 0.589479
    outer loop
      vertex 2.95 18.3259 77.1383
      vertex 6 16.4762 74.7258
      vertex 2.95 18.625 76.9384
    endloop
  endfacet
  facet normal 0.705935 0.43484 0.55908
    outer loop
      vertex 6 16.4762 74.7258
      vertex 2.95 18.3259 77.1383
      vertex 6 16.4753 74.7265
    endloop
  endfacet
  facet normal 0.705184 0.467466 0.533095
    outer loop
      vertex 6 15.9067 75.2251
      vertex 6 16.4753 74.7265
      vertex 2.95 18.3259 77.1383
    endloop
  endfacet
  facet normal 0.70321 -0.561215 -0.436501
    outer loop
      vertex 2.95 21.9445 81.2645
      vertex 6 24.0949 83.4133
      vertex 6 24.0942 83.4142
    endloop
  endfacet
  facet normal 0.705196 -0.532999 -0.467557
    outer loop
      vertex 6 24.0949 83.4133
      vertex 2.95 21.9445 81.2645
      vertex 2.95 22.1817 80.9941
    endloop
  endfacet
  facet normal 0.705196 -0.532999 0.467557
    outer loop
      vertex 2.95 21.9445 77.3755
      vertex 6 24.0949 75.2267
      vertex 2.95 22.1817 77.6459
    endloop
  endfacet
  facet normal 0.70321 -0.561215 0.436501
    outer loop
      vertex 6 24.0949 75.2267
      vertex 2.95 21.9445 77.3755
      vertex 6 24.0942 75.2258
    endloop
  endfacet
  facet normal 0.705185 -0.589553 0.393879
    outer loop
      vertex 6 24.5942 75.7962
      vertex 6 25.0143 76.425
      vertex 2.95 22.3816 77.945
    endloop
  endfacet
  facet normal 0.705188 0.671388 0.227921
    outer loop
      vertex 6 14.4076 77.8203
      vertex 6 14.6507 77.1042
      vertex 2.95 17.4593 78.2676
    endloop
  endfacet
  facet normal 0.834811 0.243593 -0.493714
    outer loop
      vertex 3.14827 19.0158 82.2296
      vertex 5.995 19.995 87.5262
      vertex 3.04261 18.6667 81.8787
    endloop
  endfacet
  facet normal 0.705935 -0.43484 0.55908
    outer loop
      vertex 2.95 21.6741 77.1383
      vertex 6 23.5238 74.7258
      vertex 6 23.5247 74.7265
    endloop
  endfacet
  facet normal 0.705196 -0.393971 0.589479
    outer loop
      vertex 6 23.5238 74.7258
      vertex 2.95 21.6741 77.1383
      vertex 2.95 21.375 76.9384
    endloop
  endfacet
  facet normal 0.855367 0.166549 -0.490519
    outer loop
      vertex 3.28158 19.3652 82.5807
      vertex 5.995 19.995 87.5262
      vertex 3.14827 19.0158 82.2296
    endloop
  endfacet
  facet normal 0.705185 -0.589553 -0.393879
    outer loop
      vertex 6 25.0143 82.215
      vertex 6 24.5942 82.8438
      vertex 2.95 22.3816 80.695
    endloop
  endfacet
  facet normal 0.70321 0.561215 -0.436501
    outer loop
      vertex 6 15.9051 83.4133
      vertex 2.95 18.0555 81.2645
      vertex 6 15.9058 83.4142
    endloop
  endfacet
  facet normal 0.705196 0.532999 -0.467557
    outer loop
      vertex 2.95 18.0555 81.2645
      vertex 6 15.9051 83.4133
      vertex 2.95 17.8183 80.9941
    endloop
  endfacet
  facet normal 0.705185 0.393879 0.589553
    outer loop
      vertex 6 16.4762 74.7258
      vertex 6 17.105 74.3057
      vertex 2.95 18.625 76.9384
    endloop
  endfacet
  facet normal 0.705185 -0.227951 0.671381
    outer loop
      vertex 6 21.4997 73.7276
      vertex 6 22.2157 73.9707
      vertex 2.95 21.0524 76.7793
    endloop
  endfacet
  facet normal 0.705185 0.695387 0.138384
    outer loop
      vertex 6 14.2597 78.5631
      vertex 6 14.4073 77.8214
      vertex 2.95 17.3437 78.6082
    endloop
  endfacet
  facet normal 0.801538 -0.332212 -0.497163
    outer loop
      vertex 5.995 20.005 87.5262
      vertex 3.04261 21.3333 81.8787
      vertex 2.97422 21.6608 81.5496
    endloop
  endfacet
  facet normal 0.705184 0.533095 -0.467466
    outer loop
      vertex 6 15.9051 83.4133
      vertex 6 15.4065 82.8447
      vertex 2.95 17.8183 80.9941
    endloop
  endfacet
  facet normal 0.705188 0.707505 0.0463259
    outer loop
      vertex 6 14.2594 78.5654
      vertex 2.95 17.2735 78.9611
      vertex 2.95 17.25 79.32
    endloop
  endfacet
  facet normal 0.705542 0.70622 0.0588516
    outer loop
      vertex 2.95 17.2735 78.9611
      vertex 6 14.2594 78.5654
      vertex 6 14.2595 78.5642
    endloop
  endfacet
  facet normal 0.705187 0.707507 -0.046317
    outer loop
      vertex 6 14.2594 80.0746
      vertex 6 14.21 79.32
      vertex 2.95 17.25 79.32
    endloop
  endfacet
  facet normal 0.705193 0.671399 0.227874
    outer loop
      vertex 2.95 17.3437 78.6082
      vertex 6 14.4076 77.8203
      vertex 2.95 17.4593 78.2676
    endloop
  endfacet
  facet normal 0.705939 0.683316 0.186359
    outer loop
      vertex 6 14.4076 77.8203
      vertex 2.95 17.3437 78.6082
      vertex 6 14.4073 77.8214
    endloop
  endfacet
  facet normal 0.705185 0.227951 0.671381
    outer loop
      vertex 6 17.7843 73.9707
      vertex 6 18.5003 73.7276
      vertex 2.95 18.9476 76.7793
    endloop
  endfacet
  facet normal 0.705193 -0.227874 0.671399
    outer loop
      vertex 2.95 20.7118 76.6637
      vertex 6 21.4997 73.7276
      vertex 2.95 21.0524 76.7793
    endloop
  endfacet
  facet normal 0.705939 -0.186359 0.683316
    outer loop
      vertex 6 21.4997 73.7276
      vertex 2.95 20.7118 76.6637
      vertex 6 21.4986 73.7273
    endloop
  endfacet
  facet normal 0.705306 -0.317031 0.634062
    outer loop
      vertex 2.95 21.375 76.9384
      vertex 6 22.894 74.3052
      vertex 6 22.895 74.3057
    endloop
  endfacet
  facet normal 0.705185 -0.313611 0.635895
    outer loop
      vertex 6 22.894 74.3052
      vertex 2.95 21.375 76.9384
      vertex 2.95 21.0524 76.7793
    endloop
  endfacet
  facet normal 0.70519 0.13833 0.695393
    outer loop
      vertex 6 19.2431 73.5797
      vertex 2.95 19.6411 76.5935
      vertex 2.95 19.2882 76.6637
    endloop
  endfacet
  facet normal 0.705523 0.126774 0.697256
    outer loop
      vertex 2.95 19.6411 76.5935
      vertex 6 19.2431 73.5797
      vertex 6 19.2442 73.5795
    endloop
  endfacet
  facet normal 0.705185 -0.695387 -0.138384
    outer loop
      vertex 6 25.7403 80.0769
      vertex 6 25.5927 80.8186
      vertex 2.95 22.6563 80.0318
    endloop
  endfacet
  facet normal 0.705542 0.70622 -0.0588516
    outer loop
      vertex 6 14.2594 80.0746
      vertex 2.95 17.2735 79.6789
      vertex 6 14.2595 80.0758
    endloop
  endfacet
  facet normal 0.705188 0.707505 -0.0463259
    outer loop
      vertex 2.95 17.2735 79.6789
      vertex 6 14.2594 80.0746
      vertex 2.95 17.25 79.32
    endloop
  endfacet
  facet normal 0.705935 0.55908 -0.43484
    outer loop
      vertex 6 15.4058 82.8438
      vertex 2.95 17.8183 80.9941
      vertex 6 15.4065 82.8447
    endloop
  endfacet
  facet normal 0.705196 0.589479 -0.393971
    outer loop
      vertex 2.95 17.8183 80.9941
      vertex 6 15.4058 82.8438
      vertex 2.95 17.6184 80.695
    endloop
  endfacet
  facet normal 0.873219 0 -0.487328
    outer loop
      vertex 5.995 20.005 87.5262
      vertex 3.58816 19.999 83.2135
      vertex 3.58816 20.001 83.2135
    endloop
  endfacet
  facet normal 0.873219 0 -0.487328
    outer loop
      vertex 3.58816 19.999 83.2135
      vertex 5.995 20.005 87.5262
      vertex 5.995 19.995 87.5262
    endloop
  endfacet
  facet normal 0 0 -1
    outer loop
      vertex 5.995 19.995 87.5262
      vertex 6 20.005 87.5262
      vertex 6 19.995 87.5262
    endloop
  endfacet
  facet normal -0 0 -1
    outer loop
      vertex 6 20.005 87.5262
      vertex 5.995 19.995 87.5262
      vertex 5.995 20.005 87.5262
    endloop
  endfacet
  facet normal 0.705523 -0.697256 -0.126774
    outer loop
      vertex 6 25.7403 80.0769
      vertex 2.95 22.7265 79.6789
      vertex 6 25.7405 80.0758
    endloop
  endfacet
  facet normal 0.70519 -0.695393 -0.13833
    outer loop
      vertex 2.95 22.7265 79.6789
      vertex 6 25.7403 80.0769
      vertex 2.95 22.6563 80.0318
    endloop
  endfacet
  facet normal 0.705184 -0.467466 0.533095
    outer loop
      vertex 6 23.5247 74.7265
      vertex 6 24.0933 75.2251
      vertex 2.95 21.6741 77.1383
    endloop
  endfacet
  facet normal 0.705183 -0.313593 0.635906
    outer loop
      vertex 6 22.2157 73.9707
      vertex 6 22.894 74.3052
      vertex 2.95 21.0524 76.7793
    endloop
  endfacet
  facet normal 0.705196 0.589479 0.393971
    outer loop
      vertex 6 15.4058 75.7962
      vertex 2.95 17.8183 77.6459
      vertex 2.95 17.6184 77.945
    endloop
  endfacet
  facet normal 0.70561 0.580508 0.406356
    outer loop
      vertex 2.95 17.8183 77.6459
      vertex 6 15.4058 75.7962
      vertex 6 15.4065 75.7952
    endloop
  endfacet
  facet normal 0.705185 0.589553 -0.393879
    outer loop
      vertex 6 15.4058 82.8438
      vertex 6 14.9857 82.215
      vertex 2.95 17.6184 80.695
    endloop
  endfacet
  facet normal 0.70519 0.53305 0.467509
    outer loop
      vertex 6 15.4065 75.7952
      vertex 6 15.9051 75.2267
      vertex 2.95 17.8183 77.6459
    endloop
  endfacet
  facet normal 0.705184 -0.533095 -0.467466
    outer loop
      vertex 6 24.5935 82.8447
      vertex 6 24.0949 83.4133
      vertex 2.95 22.1817 80.9941
    endloop
  endfacet
  facet normal 0.705939 -0.683316 -0.186359
    outer loop
      vertex 6 25.5924 80.8197
      vertex 2.95 22.6563 80.0318
      vertex 6 25.5927 80.8186
    endloop
  endfacet
  facet normal 0.705193 -0.671399 -0.227874
    outer loop
      vertex 2.95 22.6563 80.0318
      vertex 6 25.5924 80.8197
      vertex 2.95 22.5407 80.3724
    endloop
  endfacet
  facet normal 0.705196 0.467557 0.532999
    outer loop
      vertex 2.95 18.0555 77.3755
      vertex 6 15.9067 75.2251
      vertex 2.95 18.3259 77.1383
    endloop
  endfacet
  facet normal 0.70321 0.436501 0.561215
    outer loop
      vertex 6 15.9067 75.2251
      vertex 2.95 18.0555 77.3755
      vertex 6 15.9058 75.2258
    endloop
  endfacet
  facet normal 0.705196 0.532999 0.467557
    outer loop
      vertex 6 15.9051 75.2267
      vertex 2.95 18.0555 77.3755
      vertex 2.95 17.8183 77.6459
    endloop
  endfacet
  facet normal 0.70321 0.561215 0.436501
    outer loop
      vertex 2.95 18.0555 77.3755
      vertex 6 15.9051 75.2267
      vertex 6 15.9058 75.2258
    endloop
  endfacet
  facet normal 0.705185 0.138384 0.695387
    outer loop
      vertex 6 18.5014 73.7273
      vertex 6 19.2431 73.5797
      vertex 2.95 19.2882 76.6637
    endloop
  endfacet
  facet normal 0.705306 -0.634062 -0.317031
    outer loop
      vertex 2.95 22.3816 80.695
      vertex 6 25.0148 82.214
      vertex 6 25.0143 82.215
    endloop
  endfacet
  facet normal 0.705185 -0.635895 -0.313611
    outer loop
      vertex 6 25.0148 82.214
      vertex 2.95 22.3816 80.695
      vertex 2.95 22.5407 80.3724
    endloop
  endfacet
  facet normal 0.867302 -0.0970884 -0.488222
    outer loop
      vertex 5.995 20.005 87.5262
      vertex 3.43216 20.3029 82.9142
      vertex 3.28158 20.6348 82.5807
    endloop
  endfacet
  facet normal 0.705188 -0.671388 -0.227921
    outer loop
      vertex 6 25.5924 80.8197
      vertex 6 25.3493 81.5358
      vertex 2.95 22.5407 80.3724
    endloop
  endfacet
  facet normal 0.747705 0.437852 -0.499222
    outer loop
      vertex 2.97422 18.3392 81.5496
      vertex 5.995 19.995 87.5262
      vertex 2.95 18.0555 81.2645
    endloop
  endfacet
  facet normal 0.705196 -0.589479 0.393971
    outer loop
      vertex 2.95 22.1817 77.6459
      vertex 6 24.5942 75.7962
      vertex 2.95 22.3816 77.945
    endloop
  endfacet
  facet normal 0.70561 -0.580508 0.406356
    outer loop
      vertex 6 24.5942 75.7962
      vertex 2.95 22.1817 77.6459
      vertex 6 24.5935 75.7952
    endloop
  endfacet
  facet normal 0.705185 0.589553 0.393879
    outer loop
      vertex 6 14.9857 76.425
      vertex 6 15.4058 75.7962
      vertex 2.95 17.6184 77.945
    endloop
  endfacet
  facet normal 0.705193 0.227874 0.671399
    outer loop
      vertex 6 18.5003 73.7276
      vertex 2.95 19.2882 76.6637
      vertex 2.95 18.9476 76.7793
    endloop
  endfacet
  facet normal 0.705939 0.186359 0.683316
    outer loop
      vertex 2.95 19.2882 76.6637
      vertex 6 18.5003 73.7276
      vertex 6 18.5014 73.7273
    endloop
  endfacet
  facet normal 0.705183 0.313593 0.635906
    outer loop
      vertex 6 17.106 74.3052
      vertex 6 17.7843 73.9707
      vertex 2.95 18.9476 76.7793
    endloop
  endfacet
  facet normal 0.705185 0.635895 0.313611
    outer loop
      vertex 6 14.9852 76.426
      vertex 2.95 17.6184 77.945
      vertex 2.95 17.4593 78.2676
    endloop
  endfacet
  facet normal 0.705306 0.634062 0.317031
    outer loop
      vertex 2.95 17.6184 77.945
      vertex 6 14.9852 76.426
      vertex 6 14.9857 76.425
    endloop
  endfacet
endsolid OpenSCAD_Model
