solid OpenSCAD_Model
  facet normal 1 0 0
    outer loop
      vertex 42.6 3.2 86
      vertex 42.6 0 86
      vertex 42.6 3.2 60
    endloop
  endfacet
  facet normal 1 -0 0
    outer loop
      vertex 42.6 3.2 60
      vertex 42.6 19.4 0
      vertex 42.6 19.4 60
    endloop
  endfacet
  facet normal 1 0 0
    outer loop
      vertex 42.6 3.2 60
      vertex 42.6 0 0
      vertex 42.6 19.4 0
    endloop
  endfacet
  facet normal 1 0 0
    outer loop
      vertex 42.6 0 0
      vertex 42.6 3.2 60
      vertex 42.6 0 86
    endloop
  endfacet
  facet normal -0 0 1
    outer loop
      vertex -42.6 3.2 86
      vertex 42.6 0 86
      vertex 42.6 3.2 86
    endloop
  endfacet
  facet normal 0 0 1
    outer loop
      vertex 42.6 0 86
      vertex -42.6 3.2 86
      vertex -42.6 0 86
    endloop
  endfacet
  facet normal 0 0 -1
    outer loop
      vertex -42.6 0 0
      vertex 42.6 19.4 0
      vertex 42.6 0 0
    endloop
  endfacet
  facet normal -0 0 -1
    outer loop
      vertex 42.6 19.4 0
      vertex -42.6 0 0
      vertex -42.6 19.4 0
    endloop
  endfacet
  facet normal -1 0 0
    outer loop
      vertex -42.6 19.4 0
      vertex -42.6 3.2 60
      vertex -42.6 19.4 60
    endloop
  endfacet
  facet normal -1 0 0
    outer loop
      vertex -42.6 0 0
      vertex -42.6 3.2 60
      vertex -42.6 19.4 0
    endloop
  endfacet
  facet normal -1 0 0
    outer loop
      vertex -42.6 0 86
      vertex -42.6 3.2 60
      vertex -42.6 0 0
    endloop
  endfacet
  facet normal -1 0 0
    outer loop
      vertex -42.6 3.2 60
      vertex -42.6 0 86
      vertex -42.6 3.2 86
    endloop
  endfacet
  facet normal 0 1 0
    outer loop
      vertex 30.418 3.2 76.182
      vertex 33.6 3.2 79.3639
      vertex 30.4185 3.2 76.1824
    endloop
  endfacet
  facet normal 0 1 0
    outer loop
      vertex 33.6 3.2 79.3639
      vertex 30.418 3.2 76.182
      vertex -33.6 3.2 79.3639
    endloop
  endfacet
  facet normal 0 1 -0
    outer loop
      vertex -30.418 3.2 76.182
      vertex -33.6 3.2 79.3639
      vertex 30.418 3.2 76.182
    endloop
  endfacet
  facet normal 0 1 0
    outer loop
      vertex -33.6 3.2 79.3639
      vertex -30.418 3.2 76.182
      vertex -30.4185 3.2 76.1824
    endloop
  endfacet
  facet normal 0 1 -0
    outer loop
      vertex 30.0299 3.2 75.7394
      vertex -30.418 3.2 76.182
      vertex 30.418 3.2 76.182
    endloop
  endfacet
  facet normal 0 1 0
    outer loop
      vertex 30.0299 3.2 75.7394
      vertex -30.0299 3.2 75.7394
      vertex -30.418 3.2 76.182
    endloop
  endfacet
  facet normal 0 1 -0
    outer loop
      vertex 29.7029 3.2 75.25
      vertex -30.0299 3.2 75.7394
      vertex 30.0299 3.2 75.7394
    endloop
  endfacet
  facet normal 0 1 0
    outer loop
      vertex 29.7029 3.2 75.25
      vertex -29.7029 3.2 75.25
      vertex -30.0299 3.2 75.7394
    endloop
  endfacet
  facet normal 0 1 -0
    outer loop
      vertex 29.4425 3.2 74.7221
      vertex -29.7029 3.2 75.25
      vertex 29.7029 3.2 75.25
    endloop
  endfacet
  facet normal 0 1 0
    outer loop
      vertex 29.4425 3.2 74.7221
      vertex -29.4425 3.2 74.7221
      vertex -29.7029 3.2 75.25
    endloop
  endfacet
  facet normal 0 1 -0
    outer loop
      vertex 29.2533 3.2 74.1647
      vertex -29.4425 3.2 74.7221
      vertex 29.4425 3.2 74.7221
    endloop
  endfacet
  facet normal 0 1 0
    outer loop
      vertex 29.2533 3.2 74.1647
      vertex -29.2533 3.2 74.1647
      vertex -29.4425 3.2 74.7221
    endloop
  endfacet
  facet normal 0 1 -0
    outer loop
      vertex 29.1385 3.2 73.5874
      vertex -29.2533 3.2 74.1647
      vertex 29.2533 3.2 74.1647
    endloop
  endfacet
  facet normal 0 1 0
    outer loop
      vertex 29.1385 3.2 73.5874
      vertex -29.1385 3.2 73.5874
      vertex -29.2533 3.2 74.1647
    endloop
  endfacet
  facet normal 0 1 -0
    outer loop
      vertex 29.1 3.2 73
      vertex -29.1385 3.2 73.5874
      vertex 29.1385 3.2 73.5874
    endloop
  endfacet
  facet normal 0 1 0
    outer loop
      vertex 29.1 3.2 73
      vertex -29.1 3.2 73
      vertex -29.1385 3.2 73.5874
    endloop
  endfacet
  facet normal 0 1 0
    outer loop
      vertex 29.1385 3.2 72.4126
      vertex -29.1 3.2 73
      vertex 29.1 3.2 73
    endloop
  endfacet
  facet normal 0 1 0
    outer loop
      vertex 29.1385 3.2 72.4126
      vertex -29.1385 3.2 72.4126
      vertex -29.1 3.2 73
    endloop
  endfacet
  facet normal 0 1 0
    outer loop
      vertex 29.2533 3.2 71.8353
      vertex -29.1385 3.2 72.4126
      vertex 29.1385 3.2 72.4126
    endloop
  endfacet
  facet normal 0 1 0
    outer loop
      vertex 29.2533 3.2 71.8353
      vertex -29.2533 3.2 71.8353
      vertex -29.1385 3.2 72.4126
    endloop
  endfacet
  facet normal 0 1 0
    outer loop
      vertex 29.4425 3.2 71.2779
      vertex -29.2533 3.2 71.8353
      vertex 29.2533 3.2 71.8353
    endloop
  endfacet
  facet normal 0 1 0
    outer loop
      vertex 29.4425 3.2 71.2779
      vertex -29.4425 3.2 71.2779
      vertex -29.2533 3.2 71.8353
    endloop
  endfacet
  facet normal 0 1 0
    outer loop
      vertex 29.7029 3.2 70.75
      vertex -29.4425 3.2 71.2779
      vertex 29.4425 3.2 71.2779
    endloop
  endfacet
  facet normal 0 1 0
    outer loop
      vertex 29.7029 3.2 70.75
      vertex -29.7029 3.2 70.75
      vertex -29.4425 3.2 71.2779
    endloop
  endfacet
  facet normal 0 1 0
    outer loop
      vertex 30.0299 3.2 70.2606
      vertex -29.7029 3.2 70.75
      vertex 29.7029 3.2 70.75
    endloop
  endfacet
  facet normal 0 1 0
    outer loop
      vertex 30.0299 3.2 70.2606
      vertex -30.0299 3.2 70.2606
      vertex -29.7029 3.2 70.75
    endloop
  endfacet
  facet normal 0 1 0
    outer loop
      vertex 30.418 3.2 69.818
      vertex -30.0299 3.2 70.2606
      vertex 30.0299 3.2 70.2606
    endloop
  endfacet
  facet normal 0 1 0
    outer loop
      vertex 30.418 3.2 69.818
      vertex -30.418 3.2 69.818
      vertex -30.0299 3.2 70.2606
    endloop
  endfacet
  facet normal 0 1 0
    outer loop
      vertex 30.8606 3.2 69.4299
      vertex -30.418 3.2 69.818
      vertex 30.418 3.2 69.818
    endloop
  endfacet
  facet normal 0 1 0
    outer loop
      vertex 30.8606 3.2 69.4299
      vertex -30.8606 3.2 69.4299
      vertex -30.418 3.2 69.818
    endloop
  endfacet
  facet normal 0 1 0
    outer loop
      vertex 31.35 3.2 69.1029
      vertex -30.8606 3.2 69.4299
      vertex 30.8606 3.2 69.4299
    endloop
  endfacet
  facet normal 0 1 0
    outer loop
      vertex 31.35 3.2 69.1029
      vertex -31.35 3.2 69.1029
      vertex -30.8606 3.2 69.4299
    endloop
  endfacet
  facet normal 0 1 0
    outer loop
      vertex 42.6 3.2 60
      vertex 31.35 3.2 69.1029
      vertex 31.8779 3.2 68.8425
    endloop
  endfacet
  facet normal 0 1 0
    outer loop
      vertex 31.35 3.2 69.1029
      vertex 42.6 3.2 60
      vertex -31.35 3.2 69.1029
    endloop
  endfacet
  facet normal 0 1 0
    outer loop
      vertex 42.6 3.2 60
      vertex 31.8779 3.2 68.8425
      vertex 32.4353 3.2 68.6533
    endloop
  endfacet
  facet normal 0 1 0
    outer loop
      vertex -42.6 3.2 60
      vertex -31.35 3.2 69.1029
      vertex 42.6 3.2 60
    endloop
  endfacet
  facet normal 0 1 0
    outer loop
      vertex 42.6 3.2 60
      vertex 32.4353 3.2 68.6533
      vertex 33.0126 3.2 68.5385
    endloop
  endfacet
  facet normal 0 1 0
    outer loop
      vertex -31.35 3.2 69.1029
      vertex -42.6 3.2 60
      vertex -31.8779 3.2 68.8425
    endloop
  endfacet
  facet normal 0 1 0
    outer loop
      vertex 42.6 3.2 60
      vertex 33.0126 3.2 68.5385
      vertex 33.6 3.2 68.5
    endloop
  endfacet
  facet normal 0 1 0
    outer loop
      vertex -31.8779 3.2 68.8425
      vertex -42.6 3.2 60
      vertex -32.4353 3.2 68.6533
    endloop
  endfacet
  facet normal 0 1 0
    outer loop
      vertex 42.6 3.2 86
      vertex 33.6 3.2 79.3639
      vertex -42.6 3.2 86
    endloop
  endfacet
  facet normal 0 1 0
    outer loop
      vertex 42.6 3.2 86
      vertex 36.7815 3.2 76.1824
      vertex 33.6 3.2 79.3639
    endloop
  endfacet
  facet normal 0 1 0
    outer loop
      vertex 42.6 3.2 86
      vertex 36.782 3.2 76.182
      vertex 36.7815 3.2 76.1824
    endloop
  endfacet
  facet normal 0 1 0
    outer loop
      vertex 42.6 3.2 86
      vertex 37.1701 3.2 75.7394
      vertex 36.782 3.2 76.182
    endloop
  endfacet
  facet normal 0 1 0
    outer loop
      vertex 42.6 3.2 86
      vertex 37.4971 3.2 75.25
      vertex 37.1701 3.2 75.7394
    endloop
  endfacet
  facet normal 0 1 0
    outer loop
      vertex 42.6 3.2 86
      vertex 37.7575 3.2 74.7221
      vertex 37.4971 3.2 75.25
    endloop
  endfacet
  facet normal 0 1 0
    outer loop
      vertex 42.6 3.2 86
      vertex 37.9467 3.2 74.1647
      vertex 37.7575 3.2 74.7221
    endloop
  endfacet
  facet normal 0 1 0
    outer loop
      vertex 42.6 3.2 86
      vertex 38.0615 3.2 73.5874
      vertex 37.9467 3.2 74.1647
    endloop
  endfacet
  facet normal 0 1 0
    outer loop
      vertex 42.6 3.2 86
      vertex 38.1 3.2 73
      vertex 38.0615 3.2 73.5874
    endloop
  endfacet
  facet normal 0 1 -0
    outer loop
      vertex 42.6 3.2 60
      vertex 38.1 3.2 73
      vertex 42.6 3.2 86
    endloop
  endfacet
  facet normal 0 1 0
    outer loop
      vertex 38.1 3.2 73
      vertex 42.6 3.2 60
      vertex 38.0615 3.2 72.4126
    endloop
  endfacet
  facet normal 0 1 0
    outer loop
      vertex -32.4353 3.2 68.6533
      vertex -42.6 3.2 60
      vertex -33.0126 3.2 68.5385
    endloop
  endfacet
  facet normal 0 1 0
    outer loop
      vertex 34.1874 3.2 68.5385
      vertex 42.6 3.2 60
      vertex 33.6 3.2 68.5
    endloop
  endfacet
  facet normal 0 1 0
    outer loop
      vertex 34.7647 3.2 68.6533
      vertex 42.6 3.2 60
      vertex 34.1874 3.2 68.5385
    endloop
  endfacet
  facet normal 0 1 0
    outer loop
      vertex 35.3221 3.2 68.8425
      vertex 42.6 3.2 60
      vertex 34.7647 3.2 68.6533
    endloop
  endfacet
  facet normal 0 1 0
    outer loop
      vertex 35.85 3.2 69.1029
      vertex 42.6 3.2 60
      vertex 35.3221 3.2 68.8425
    endloop
  endfacet
  facet normal 0 1 0
    outer loop
      vertex 36.3394 3.2 69.4299
      vertex 42.6 3.2 60
      vertex 35.85 3.2 69.1029
    endloop
  endfacet
  facet normal 0 1 0
    outer loop
      vertex 36.782 3.2 69.818
      vertex 42.6 3.2 60
      vertex 36.3394 3.2 69.4299
    endloop
  endfacet
  facet normal 0 1 0
    outer loop
      vertex 37.1701 3.2 70.2606
      vertex 42.6 3.2 60
      vertex 36.782 3.2 69.818
    endloop
  endfacet
  facet normal 0 1 0
    outer loop
      vertex 37.4971 3.2 70.75
      vertex 42.6 3.2 60
      vertex 37.1701 3.2 70.2606
    endloop
  endfacet
  facet normal 0 1 0
    outer loop
      vertex 37.7575 3.2 71.2779
      vertex 42.6 3.2 60
      vertex 37.4971 3.2 70.75
    endloop
  endfacet
  facet normal 0 1 0
    outer loop
      vertex 37.9467 3.2 71.8353
      vertex 42.6 3.2 60
      vertex 37.7575 3.2 71.2779
    endloop
  endfacet
  facet normal 0 1 0
    outer loop
      vertex 38.0615 3.2 72.4126
      vertex 42.6 3.2 60
      vertex 37.9467 3.2 71.8353
    endloop
  endfacet
  facet normal 0 1 -0
    outer loop
      vertex -33.6 3.2 79.3639
      vertex -42.6 3.2 86
      vertex 33.6 3.2 79.3639
    endloop
  endfacet
  facet normal 0 1 -0
    outer loop
      vertex -36.7815 3.2 76.1824
      vertex -42.6 3.2 86
      vertex -33.6 3.2 79.3639
    endloop
  endfacet
  facet normal 0 1 -0
    outer loop
      vertex -36.782 3.2 76.182
      vertex -42.6 3.2 86
      vertex -36.7815 3.2 76.1824
    endloop
  endfacet
  facet normal 0 1 -0
    outer loop
      vertex -37.1701 3.2 75.7394
      vertex -42.6 3.2 86
      vertex -36.782 3.2 76.182
    endloop
  endfacet
  facet normal 0 1 -0
    outer loop
      vertex -37.4971 3.2 75.25
      vertex -42.6 3.2 86
      vertex -37.1701 3.2 75.7394
    endloop
  endfacet
  facet normal 0 1 -0
    outer loop
      vertex -37.7575 3.2 74.7221
      vertex -42.6 3.2 86
      vertex -37.4971 3.2 75.25
    endloop
  endfacet
  facet normal 0 1 -0
    outer loop
      vertex -37.9467 3.2 74.1647
      vertex -42.6 3.2 86
      vertex -37.7575 3.2 74.7221
    endloop
  endfacet
  facet normal 0 1 -0
    outer loop
      vertex -38.0615 3.2 73.5874
      vertex -42.6 3.2 86
      vertex -37.9467 3.2 74.1647
    endloop
  endfacet
  facet normal 0 1 -0
    outer loop
      vertex -38.1 3.2 73
      vertex -42.6 3.2 86
      vertex -38.0615 3.2 73.5874
    endloop
  endfacet
  facet normal 0 1 0
    outer loop
      vertex -42.6 3.2 60
      vertex -38.1 3.2 73
      vertex -38.0615 3.2 72.4126
    endloop
  endfacet
  facet normal 0 1 0
    outer loop
      vertex -42.6 3.2 60
      vertex -38.0615 3.2 72.4126
      vertex -37.9467 3.2 71.8353
    endloop
  endfacet
  facet normal 0 1 0
    outer loop
      vertex -33.0126 3.2 68.5385
      vertex -42.6 3.2 60
      vertex -33.6 3.2 68.5
    endloop
  endfacet
  facet normal 0 1 0
    outer loop
      vertex -38.1 3.2 73
      vertex -42.6 3.2 60
      vertex -42.6 3.2 86
    endloop
  endfacet
  facet normal 0 1 0
    outer loop
      vertex -37.7575 3.2 71.2779
      vertex -42.6 3.2 60
      vertex -37.9467 3.2 71.8353
    endloop
  endfacet
  facet normal 0 1 0
    outer loop
      vertex -37.4971 3.2 70.75
      vertex -42.6 3.2 60
      vertex -37.7575 3.2 71.2779
    endloop
  endfacet
  facet normal 0 1 0
    outer loop
      vertex -37.1701 3.2 70.2606
      vertex -42.6 3.2 60
      vertex -37.4971 3.2 70.75
    endloop
  endfacet
  facet normal 0 1 0
    outer loop
      vertex -36.782 3.2 69.818
      vertex -42.6 3.2 60
      vertex -37.1701 3.2 70.2606
    endloop
  endfacet
  facet normal 0 1 0
    outer loop
      vertex -36.3394 3.2 69.4299
      vertex -42.6 3.2 60
      vertex -36.782 3.2 69.818
    endloop
  endfacet
  facet normal 0 1 0
    outer loop
      vertex -35.85 3.2 69.1029
      vertex -42.6 3.2 60
      vertex -36.3394 3.2 69.4299
    endloop
  endfacet
  facet normal 0 1 0
    outer loop
      vertex -35.3221 3.2 68.8425
      vertex -42.6 3.2 60
      vertex -35.85 3.2 69.1029
    endloop
  endfacet
  facet normal 0 1 0
    outer loop
      vertex -34.7647 3.2 68.6533
      vertex -42.6 3.2 60
      vertex -35.3221 3.2 68.8425
    endloop
  endfacet
  facet normal 0 1 0
    outer loop
      vertex -34.1874 3.2 68.5385
      vertex -42.6 3.2 60
      vertex -34.7647 3.2 68.6533
    endloop
  endfacet
  facet normal 0 1 0
    outer loop
      vertex -33.6 3.2 68.5
      vertex -42.6 3.2 60
      vertex -34.1874 3.2 68.5385
    endloop
  endfacet
  facet normal 0 -1 0
    outer loop
      vertex -32.009 0 74.591
      vertex 33.6 0 76.1819
      vertex -33.6 0 76.1819
    endloop
  endfacet
  facet normal 0 -1 0
    outer loop
      vertex -32.009 0 74.591
      vertex 32.009 0 74.591
      vertex 33.6 0 76.1819
    endloop
  endfacet
  facet normal 0 -1 0
    outer loop
      vertex -31.815 0 74.3697
      vertex 32.009 0 74.591
      vertex -32.009 0 74.591
    endloop
  endfacet
  facet normal 0 -1 0
    outer loop
      vertex -31.815 0 74.3697
      vertex 31.815 0 74.3697
      vertex 32.009 0 74.591
    endloop
  endfacet
  facet normal 0 -1 0
    outer loop
      vertex -31.6515 0 74.125
      vertex 31.815 0 74.3697
      vertex -31.815 0 74.3697
    endloop
  endfacet
  facet normal 0 -1 0
    outer loop
      vertex -31.6515 0 74.125
      vertex 31.6515 0 74.125
      vertex 31.815 0 74.3697
    endloop
  endfacet
  facet normal 0 -1 0
    outer loop
      vertex -31.5213 0 73.861
      vertex 31.6515 0 74.125
      vertex -31.6515 0 74.125
    endloop
  endfacet
  facet normal 0 -1 0
    outer loop
      vertex -31.5213 0 73.861
      vertex 31.5213 0 73.861
      vertex 31.6515 0 74.125
    endloop
  endfacet
  facet normal 0 -1 0
    outer loop
      vertex -31.4267 0 73.5823
      vertex 31.5213 0 73.861
      vertex -31.5213 0 73.861
    endloop
  endfacet
  facet normal 0 -1 0
    outer loop
      vertex -31.4267 0 73.5823
      vertex 31.4267 0 73.5823
      vertex 31.5213 0 73.861
    endloop
  endfacet
  facet normal 0 -1 0
    outer loop
      vertex -31.3693 0 73.2937
      vertex 31.4267 0 73.5823
      vertex -31.4267 0 73.5823
    endloop
  endfacet
  facet normal 0 -1 0
    outer loop
      vertex -31.3693 0 73.2937
      vertex 31.3693 0 73.2937
      vertex 31.4267 0 73.5823
    endloop
  endfacet
  facet normal 0 -1 0
    outer loop
      vertex -31.35 0 73
      vertex 31.3693 0 73.2937
      vertex -31.3693 0 73.2937
    endloop
  endfacet
  facet normal 0 -1 0
    outer loop
      vertex -31.35 0 73
      vertex 31.35 0 73
      vertex 31.3693 0 73.2937
    endloop
  endfacet
  facet normal 0 -1 0
    outer loop
      vertex -31.3693 0 72.7063
      vertex 31.35 0 73
      vertex -31.35 0 73
    endloop
  endfacet
  facet normal 0 -1 0
    outer loop
      vertex -31.3693 0 72.7063
      vertex 31.3693 0 72.7063
      vertex 31.35 0 73
    endloop
  endfacet
  facet normal 0 -1 0
    outer loop
      vertex -31.4267 0 72.4177
      vertex 31.3693 0 72.7063
      vertex -31.3693 0 72.7063
    endloop
  endfacet
  facet normal 0 -1 0
    outer loop
      vertex -31.4267 0 72.4177
      vertex 31.4267 0 72.4177
      vertex 31.3693 0 72.7063
    endloop
  endfacet
  facet normal 0 -1 0
    outer loop
      vertex -31.5213 0 72.139
      vertex 31.4267 0 72.4177
      vertex -31.4267 0 72.4177
    endloop
  endfacet
  facet normal 0 -1 0
    outer loop
      vertex -31.5213 0 72.139
      vertex 31.5213 0 72.139
      vertex 31.4267 0 72.4177
    endloop
  endfacet
  facet normal 0 -1 0
    outer loop
      vertex -31.6515 0 71.875
      vertex 31.5213 0 72.139
      vertex -31.5213 0 72.139
    endloop
  endfacet
  facet normal 0 -1 0
    outer loop
      vertex -31.6515 0 71.875
      vertex 31.6515 0 71.875
      vertex 31.5213 0 72.139
    endloop
  endfacet
  facet normal 0 -1 0
    outer loop
      vertex -31.815 0 71.6303
      vertex 31.6515 0 71.875
      vertex -31.6515 0 71.875
    endloop
  endfacet
  facet normal 0 -1 0
    outer loop
      vertex -31.815 0 71.6303
      vertex 31.815 0 71.6303
      vertex 31.6515 0 71.875
    endloop
  endfacet
  facet normal 0 -1 0
    outer loop
      vertex -32.009 0 71.409
      vertex 31.815 0 71.6303
      vertex -31.815 0 71.6303
    endloop
  endfacet
  facet normal 0 -1 0
    outer loop
      vertex -32.009 0 71.409
      vertex 32.009 0 71.409
      vertex 31.815 0 71.6303
    endloop
  endfacet
  facet normal 0 -1 0
    outer loop
      vertex -32.2303 0 71.215
      vertex 32.009 0 71.409
      vertex -32.009 0 71.409
    endloop
  endfacet
  facet normal 0 -1 0
    outer loop
      vertex -32.2303 0 71.215
      vertex 32.2303 0 71.215
      vertex 32.009 0 71.409
    endloop
  endfacet
  facet normal 0 -1 0
    outer loop
      vertex -42.6 0 0
      vertex -32.2303 0 71.215
      vertex -32.475 0 71.0515
    endloop
  endfacet
  facet normal 0 -1 -0
    outer loop
      vertex -32.2303 0 71.215
      vertex -42.6 0 0
      vertex 32.2303 0 71.215
    endloop
  endfacet
  facet normal 0 -1 0
    outer loop
      vertex -42.6 0 0
      vertex -32.475 0 71.0515
      vertex -32.739 0 70.9213
    endloop
  endfacet
  facet normal 0 -1 0
    outer loop
      vertex 42.6 0 0
      vertex 32.2303 0 71.215
      vertex -42.6 0 0
    endloop
  endfacet
  facet normal 0 -1 0
    outer loop
      vertex -42.6 0 0
      vertex -32.739 0 70.9213
      vertex -33.0177 0 70.8267
    endloop
  endfacet
  facet normal 0 -1 0
    outer loop
      vertex 32.2303 0 71.215
      vertex 42.6 0 0
      vertex 32.475 0 71.0515
    endloop
  endfacet
  facet normal 0 -1 0
    outer loop
      vertex -42.6 0 0
      vertex -33.0177 0 70.8267
      vertex -33.3063 0 70.7693
    endloop
  endfacet
  facet normal 0 -1 0
    outer loop
      vertex 32.475 0 71.0515
      vertex 42.6 0 0
      vertex 32.739 0 70.9213
    endloop
  endfacet
  facet normal 0 -1 0
    outer loop
      vertex -42.6 0 0
      vertex -33.3063 0 70.7693
      vertex -33.6 0 70.75
    endloop
  endfacet
  facet normal 0 -1 0
    outer loop
      vertex 32.739 0 70.9213
      vertex 42.6 0 0
      vertex 33.0177 0 70.8267
    endloop
  endfacet
  facet normal 0 -1 0
    outer loop
      vertex -42.6 0 86
      vertex -33.6 0 76.1819
      vertex 42.6 0 86
    endloop
  endfacet
  facet normal 0 -1 0
    outer loop
      vertex -42.6 0 86
      vertex -35.191 0 74.591
      vertex -33.6 0 76.1819
    endloop
  endfacet
  facet normal 0 -1 0
    outer loop
      vertex -42.6 0 86
      vertex -35.385 0 74.3697
      vertex -35.191 0 74.591
    endloop
  endfacet
  facet normal 0 -1 0
    outer loop
      vertex -42.6 0 86
      vertex -35.5485 0 74.125
      vertex -35.385 0 74.3697
    endloop
  endfacet
  facet normal 0 -1 0
    outer loop
      vertex -42.6 0 86
      vertex -35.6787 0 73.861
      vertex -35.5485 0 74.125
    endloop
  endfacet
  facet normal 0 -1 0
    outer loop
      vertex -42.6 0 86
      vertex -35.7733 0 73.5823
      vertex -35.6787 0 73.861
    endloop
  endfacet
  facet normal 0 -1 0
    outer loop
      vertex -42.6 0 86
      vertex -35.8307 0 73.2937
      vertex -35.7733 0 73.5823
    endloop
  endfacet
  facet normal 0 -1 0
    outer loop
      vertex -42.6 0 86
      vertex -35.85 0 73
      vertex -35.8307 0 73.2937
    endloop
  endfacet
  facet normal 0 -1 0
    outer loop
      vertex -42.6 0 86
      vertex -35.8307 0 72.7063
      vertex -35.85 0 73
    endloop
  endfacet
  facet normal 0 -1 0
    outer loop
      vertex -42.6 0 86
      vertex -35.7733 0 72.4177
      vertex -35.8307 0 72.7063
    endloop
  endfacet
  facet normal 0 -1 0
    outer loop
      vertex -42.6 0 86
      vertex -35.6787 0 72.139
      vertex -35.7733 0 72.4177
    endloop
  endfacet
  facet normal 0 -1 0
    outer loop
      vertex -42.6 0 0
      vertex -35.6787 0 72.139
      vertex -42.6 0 86
    endloop
  endfacet
  facet normal 0 -1 0
    outer loop
      vertex 33.0177 0 70.8267
      vertex 42.6 0 0
      vertex 33.3063 0 70.7693
    endloop
  endfacet
  facet normal 0 -1 -0
    outer loop
      vertex -33.8937 0 70.7693
      vertex -42.6 0 0
      vertex -33.6 0 70.75
    endloop
  endfacet
  facet normal 0 -1 -0
    outer loop
      vertex -34.1823 0 70.8267
      vertex -42.6 0 0
      vertex -33.8937 0 70.7693
    endloop
  endfacet
  facet normal 0 -1 -0
    outer loop
      vertex -34.461 0 70.9213
      vertex -42.6 0 0
      vertex -34.1823 0 70.8267
    endloop
  endfacet
  facet normal 0 -1 -0
    outer loop
      vertex -34.725 0 71.0515
      vertex -42.6 0 0
      vertex -34.461 0 70.9213
    endloop
  endfacet
  facet normal 0 -1 -0
    outer loop
      vertex -34.9697 0 71.215
      vertex -42.6 0 0
      vertex -34.725 0 71.0515
    endloop
  endfacet
  facet normal 0 -1 -0
    outer loop
      vertex -35.191 0 71.409
      vertex -42.6 0 0
      vertex -34.9697 0 71.215
    endloop
  endfacet
  facet normal 0 -1 -0
    outer loop
      vertex -35.385 0 71.6303
      vertex -42.6 0 0
      vertex -35.191 0 71.409
    endloop
  endfacet
  facet normal 0 -1 -0
    outer loop
      vertex -35.5485 0 71.875
      vertex -42.6 0 0
      vertex -35.385 0 71.6303
    endloop
  endfacet
  facet normal 0 -1 -0
    outer loop
      vertex -35.6787 0 72.139
      vertex -42.6 0 0
      vertex -35.5485 0 71.875
    endloop
  endfacet
  facet normal 0 -1 0
    outer loop
      vertex 33.6 0 76.1819
      vertex 42.6 0 86
      vertex -33.6 0 76.1819
    endloop
  endfacet
  facet normal 0 -1 0
    outer loop
      vertex 35.191 0 74.591
      vertex 42.6 0 86
      vertex 33.6 0 76.1819
    endloop
  endfacet
  facet normal 0 -1 0
    outer loop
      vertex 35.385 0 74.3697
      vertex 42.6 0 86
      vertex 35.191 0 74.591
    endloop
  endfacet
  facet normal 0 -1 0
    outer loop
      vertex 35.5485 0 74.125
      vertex 42.6 0 86
      vertex 35.385 0 74.3697
    endloop
  endfacet
  facet normal 0 -1 0
    outer loop
      vertex 35.6787 0 73.861
      vertex 42.6 0 86
      vertex 35.5485 0 74.125
    endloop
  endfacet
  facet normal 0 -1 0
    outer loop
      vertex 35.7733 0 73.5823
      vertex 42.6 0 86
      vertex 35.6787 0 73.861
    endloop
  endfacet
  facet normal 0 -1 0
    outer loop
      vertex 35.8307 0 73.2937
      vertex 42.6 0 86
      vertex 35.7733 0 73.5823
    endloop
  endfacet
  facet normal 0 -1 0
    outer loop
      vertex 35.85 0 73
      vertex 42.6 0 86
      vertex 35.8307 0 73.2937
    endloop
  endfacet
  facet normal 0 -1 0
    outer loop
      vertex 35.8307 0 72.7063
      vertex 42.6 0 86
      vertex 35.85 0 73
    endloop
  endfacet
  facet normal 0 -1 0
    outer loop
      vertex 35.7733 0 72.4177
      vertex 42.6 0 86
      vertex 35.8307 0 72.7063
    endloop
  endfacet
  facet normal 0 -1 0
    outer loop
      vertex 35.6787 0 72.139
      vertex 42.6 0 86
      vertex 35.7733 0 72.4177
    endloop
  endfacet
  facet normal 0 -1 0
    outer loop
      vertex 42.6 0 0
      vertex 35.6787 0 72.139
      vertex 35.5485 0 71.875
    endloop
  endfacet
  facet normal 0 -1 0
    outer loop
      vertex 33.3063 0 70.7693
      vertex 42.6 0 0
      vertex 33.6 0 70.75
    endloop
  endfacet
  facet normal 0 -1 0
    outer loop
      vertex 33.6 0 70.75
      vertex 42.6 0 0
      vertex 33.8937 0 70.7693
    endloop
  endfacet
  facet normal 0 -1 0
    outer loop
      vertex 33.8937 0 70.7693
      vertex 42.6 0 0
      vertex 34.1823 0 70.8267
    endloop
  endfacet
  facet normal 0 -1 0
    outer loop
      vertex 34.1823 0 70.8267
      vertex 42.6 0 0
      vertex 34.461 0 70.9213
    endloop
  endfacet
  facet normal 0 -1 0
    outer loop
      vertex 34.461 0 70.9213
      vertex 42.6 0 0
      vertex 34.725 0 71.0515
    endloop
  endfacet
  facet normal 0 -1 0
    outer loop
      vertex 34.725 0 71.0515
      vertex 42.6 0 0
      vertex 34.9697 0 71.215
    endloop
  endfacet
  facet normal 0 -1 0
    outer loop
      vertex 35.6787 0 72.139
      vertex 42.6 0 0
      vertex 42.6 0 86
    endloop
  endfacet
  facet normal 0 -1 0
    outer loop
      vertex 35.385 0 71.6303
      vertex 42.6 0 0
      vertex 35.5485 0 71.875
    endloop
  endfacet
  facet normal 0 -1 0
    outer loop
      vertex 35.191 0 71.409
      vertex 42.6 0 0
      vertex 35.385 0 71.6303
    endloop
  endfacet
  facet normal 0 -1 0
    outer loop
      vertex 34.9697 0 71.215
      vertex 42.6 0 0
      vertex 35.191 0 71.409
    endloop
  endfacet
  facet normal 0 0 1
    outer loop
      vertex 42.6 19.4 60
      vertex 41 17.8 60
      vertex 42.6 3.2 60
    endloop
  endfacet
  facet normal 0 0 1
    outer loop
      vertex 42.6 19.4 60
      vertex -41 17.8 60
      vertex 41 17.8 60
    endloop
  endfacet
  facet normal 0 0 1
    outer loop
      vertex -41 17.8 60
      vertex -42.6 19.4 60
      vertex -41 4.8 60
    endloop
  endfacet
  facet normal -0 0 1
    outer loop
      vertex -42.6 19.4 60
      vertex -41 17.8 60
      vertex 42.6 19.4 60
    endloop
  endfacet
  facet normal -0 0 1
    outer loop
      vertex 41 4.8 60
      vertex 42.6 3.2 60
      vertex 41 17.8 60
    endloop
  endfacet
  facet normal -0 0 1
    outer loop
      vertex -41 4.8 60
      vertex 42.6 3.2 60
      vertex 41 4.8 60
    endloop
  endfacet
  facet normal 0 0 1
    outer loop
      vertex -41 4.8 60
      vertex -42.6 3.2 60
      vertex 42.6 3.2 60
    endloop
  endfacet
  facet normal 0 0 1
    outer loop
      vertex -42.6 3.2 60
      vertex -41 4.8 60
      vertex -42.6 19.4 60
    endloop
  endfacet
  facet normal 0 1 -0
    outer loop
      vertex 42.6 19.4 0
      vertex -42.6 19.4 60
      vertex 42.6 19.4 60
    endloop
  endfacet
  facet normal 0 1 0
    outer loop
      vertex -42.6 19.4 60
      vertex 42.6 19.4 0
      vertex -42.6 19.4 0
    endloop
  endfacet
  facet normal 0.707085 0 -0.707129
    outer loop
      vertex -35.191 0 74.591
      vertex -33.6 1.01 76.1819
      vertex -33.6 0 76.1819
    endloop
  endfacet
  facet normal 0.707085 0 -0.707129
    outer loop
      vertex -33.6 1.01 76.1819
      vertex -35.191 0 74.591
      vertex -35.191 1.01 74.591
    endloop
  endfacet
  facet normal 0.442315 0 0.89686
    outer loop
      vertex -34.725 1.01 71.0515
      vertex -34.461 0 70.9213
      vertex -34.461 1.01 70.9213
    endloop
  endfacet
  facet normal 0.442315 0 0.89686
    outer loop
      vertex -34.461 0 70.9213
      vertex -34.725 1.01 71.0515
      vertex -34.725 0 71.0515
    endloop
  endfacet
  facet normal -0.321421 0 0.946936
    outer loop
      vertex -33.0177 1.01 70.8267
      vertex -32.739 0 70.9213
      vertex -32.739 1.01 70.9213
    endloop
  endfacet
  facet normal -0.321421 0 0.946936
    outer loop
      vertex -32.739 0 70.9213
      vertex -33.0177 1.01 70.8267
      vertex -33.0177 0 70.8267
    endloop
  endfacet
  facet normal -0.19507 0 0.980789
    outer loop
      vertex -33.3063 1.01 70.7693
      vertex -33.0177 0 70.8267
      vertex -33.0177 1.01 70.8267
    endloop
  endfacet
  facet normal -0.19507 0 0.980789
    outer loop
      vertex -33.0177 0 70.8267
      vertex -33.3063 1.01 70.7693
      vertex -33.3063 0 70.7693
    endloop
  endfacet
  facet normal -0.946936 0 0.321421
    outer loop
      vertex -31.5213 0 72.139
      vertex -31.4267 1.01 72.4177
      vertex -31.5213 1.01 72.139
    endloop
  endfacet
  facet normal -0.946936 0 0.321421
    outer loop
      vertex -31.4267 1.01 72.4177
      vertex -31.5213 0 72.139
      vertex -31.4267 0 72.4177
    endloop
  endfacet
  facet normal -0.707085 0 -0.707129
    outer loop
      vertex -33.6 0 76.1819
      vertex -32.009 1.01 74.591
      vertex -32.009 0 74.591
    endloop
  endfacet
  facet normal -0.707085 0 -0.707129
    outer loop
      vertex -32.009 1.01 74.591
      vertex -33.6 0 76.1819
      vertex -33.6 1.01 76.1819
    endloop
  endfacet
  facet normal 0.89686 0 -0.442315
    outer loop
      vertex -35.5485 0 74.125
      vertex -35.6787 1.01 73.861
      vertex -35.5485 1.01 74.125
    endloop
  endfacet
  facet normal 0.89686 0 -0.442315
    outer loop
      vertex -35.6787 1.01 73.861
      vertex -35.5485 0 74.125
      vertex -35.6787 0 73.861
    endloop
  endfacet
  facet normal 0.946936 -0 0.321421
    outer loop
      vertex -35.7733 0 72.4177
      vertex -35.6787 1.01 72.139
      vertex -35.7733 1.01 72.4177
    endloop
  endfacet
  facet normal 0.946936 0 0.321421
    outer loop
      vertex -35.6787 1.01 72.139
      vertex -35.7733 0 72.4177
      vertex -35.6787 0 72.139
    endloop
  endfacet
  facet normal 0.751966 0 -0.659202
    outer loop
      vertex -35.191 0 74.591
      vertex -35.385 1.01 74.3697
      vertex -35.191 1.01 74.591
    endloop
  endfacet
  facet normal 0.751966 0 -0.659202
    outer loop
      vertex -35.385 1.01 74.3697
      vertex -35.191 0 74.591
      vertex -35.385 0 74.3697
    endloop
  endfacet
  facet normal 0.659202 0 0.751966
    outer loop
      vertex -35.191 1.01 71.409
      vertex -34.9697 0 71.215
      vertex -34.9697 1.01 71.215
    endloop
  endfacet
  facet normal 0.659202 0 0.751966
    outer loop
      vertex -34.9697 0 71.215
      vertex -35.191 1.01 71.409
      vertex -35.191 0 71.409
    endloop
  endfacet
  facet normal -0.831475 0 -0.555562
    outer loop
      vertex -31.6515 0 74.125
      vertex -31.815 1.01 74.3697
      vertex -31.6515 1.01 74.125
    endloop
  endfacet
  facet normal -0.831475 -0 -0.555562
    outer loop
      vertex -31.815 1.01 74.3697
      vertex -31.6515 0 74.125
      vertex -31.815 0 74.3697
    endloop
  endfacet
  facet normal 0.321421 0 0.946936
    outer loop
      vertex -34.461 1.01 70.9213
      vertex -34.1823 0 70.8267
      vertex -34.1823 1.01 70.8267
    endloop
  endfacet
  facet normal 0.321421 0 0.946936
    outer loop
      vertex -34.1823 0 70.8267
      vertex -34.461 1.01 70.9213
      vertex -34.461 0 70.9213
    endloop
  endfacet
  facet normal 0.19507 0 0.980789
    outer loop
      vertex -34.1823 1.01 70.8267
      vertex -33.8937 0 70.7693
      vertex -33.8937 1.01 70.7693
    endloop
  endfacet
  facet normal 0.19507 0 0.980789
    outer loop
      vertex -33.8937 0 70.7693
      vertex -34.1823 1.01 70.8267
      vertex -34.1823 0 70.8267
    endloop
  endfacet
  facet normal -0.0655719 0 0.997848
    outer loop
      vertex -33.6 1.01 70.75
      vertex -33.3063 0 70.7693
      vertex -33.3063 1.01 70.7693
    endloop
  endfacet
  facet normal -0.0655719 0 0.997848
    outer loop
      vertex -33.3063 0 70.7693
      vertex -33.6 1.01 70.75
      vertex -33.6 0 70.75
    endloop
  endfacet
  facet normal -0.831475 0 0.555562
    outer loop
      vertex -31.815 0 71.6303
      vertex -31.6515 1.01 71.875
      vertex -31.815 1.01 71.6303
    endloop
  endfacet
  facet normal -0.831475 0 0.555562
    outer loop
      vertex -31.6515 1.01 71.875
      vertex -31.815 0 71.6303
      vertex -31.6515 0 71.875
    endloop
  endfacet
  facet normal 0.555562 0 0.831475
    outer loop
      vertex -34.9697 1.01 71.215
      vertex -34.725 0 71.0515
      vertex -34.725 1.01 71.0515
    endloop
  endfacet
  facet normal 0.555562 0 0.831475
    outer loop
      vertex -34.725 0 71.0515
      vertex -34.9697 1.01 71.215
      vertex -34.9697 0 71.215
    endloop
  endfacet
  facet normal 0.751966 -0 0.659202
    outer loop
      vertex -35.385 0 71.6303
      vertex -35.191 1.01 71.409
      vertex -35.385 1.01 71.6303
    endloop
  endfacet
  facet normal 0.751966 0 0.659202
    outer loop
      vertex -35.191 1.01 71.409
      vertex -35.385 0 71.6303
      vertex -35.191 0 71.409
    endloop
  endfacet
  facet normal -0.980789 0 0.19507
    outer loop
      vertex -31.4267 0 72.4177
      vertex -31.3693 1.01 72.7063
      vertex -31.4267 1.01 72.4177
    endloop
  endfacet
  facet normal -0.980789 0 0.19507
    outer loop
      vertex -31.3693 1.01 72.7063
      vertex -31.4267 0 72.4177
      vertex -31.3693 0 72.7063
    endloop
  endfacet
  facet normal 0.831475 0 -0.555562
    outer loop
      vertex -35.385 0 74.3697
      vertex -35.5485 1.01 74.125
      vertex -35.385 1.01 74.3697
    endloop
  endfacet
  facet normal 0.831475 0 -0.555562
    outer loop
      vertex -35.5485 1.01 74.125
      vertex -35.385 0 74.3697
      vertex -35.5485 0 74.125
    endloop
  endfacet
  facet normal -0.980789 0 -0.19507
    outer loop
      vertex -31.3693 0 73.2937
      vertex -31.4267 1.01 73.5823
      vertex -31.3693 1.01 73.2937
    endloop
  endfacet
  facet normal -0.980789 -0 -0.19507
    outer loop
      vertex -31.4267 1.01 73.5823
      vertex -31.3693 0 73.2937
      vertex -31.4267 0 73.5823
    endloop
  endfacet
  facet normal 0.0655719 0 0.997848
    outer loop
      vertex -33.8937 1.01 70.7693
      vertex -33.6 0 70.75
      vertex -33.6 1.01 70.75
    endloop
  endfacet
  facet normal 0.0655719 0 0.997848
    outer loop
      vertex -33.6 0 70.75
      vertex -33.8937 1.01 70.7693
      vertex -33.8937 0 70.7693
    endloop
  endfacet
  facet normal 0.89686 -0 0.442315
    outer loop
      vertex -35.6787 0 72.139
      vertex -35.5485 1.01 71.875
      vertex -35.6787 1.01 72.139
    endloop
  endfacet
  facet normal 0.89686 0 0.442315
    outer loop
      vertex -35.5485 1.01 71.875
      vertex -35.6787 0 72.139
      vertex -35.5485 0 71.875
    endloop
  endfacet
  facet normal -0.751966 0 0.659202
    outer loop
      vertex -32.009 0 71.409
      vertex -31.815 1.01 71.6303
      vertex -32.009 1.01 71.409
    endloop
  endfacet
  facet normal -0.751966 0 0.659202
    outer loop
      vertex -31.815 1.01 71.6303
      vertex -32.009 0 71.409
      vertex -31.815 0 71.6303
    endloop
  endfacet
  facet normal 0.946936 0 -0.321421
    outer loop
      vertex -35.6787 0 73.861
      vertex -35.7733 1.01 73.5823
      vertex -35.6787 1.01 73.861
    endloop
  endfacet
  facet normal 0.946936 0 -0.321421
    outer loop
      vertex -35.7733 1.01 73.5823
      vertex -35.6787 0 73.861
      vertex -35.7733 0 73.5823
    endloop
  endfacet
  facet normal 0.997848 -0 0.0655719
    outer loop
      vertex -35.85 0 73
      vertex -35.8307 1.01 72.7063
      vertex -35.85 1.01 73
    endloop
  endfacet
  facet normal 0.997848 0 0.0655719
    outer loop
      vertex -35.8307 1.01 72.7063
      vertex -35.85 0 73
      vertex -35.8307 0 72.7063
    endloop
  endfacet
  facet normal -0.751966 0 -0.659202
    outer loop
      vertex -31.815 0 74.3697
      vertex -32.009 1.01 74.591
      vertex -31.815 1.01 74.3697
    endloop
  endfacet
  facet normal -0.751966 -0 -0.659202
    outer loop
      vertex -32.009 1.01 74.591
      vertex -31.815 0 74.3697
      vertex -32.009 0 74.591
    endloop
  endfacet
  facet normal -0.997848 0 -0.0655719
    outer loop
      vertex -31.35 0 73
      vertex -31.3693 1.01 73.2937
      vertex -31.35 1.01 73
    endloop
  endfacet
  facet normal -0.997848 -0 -0.0655719
    outer loop
      vertex -31.3693 1.01 73.2937
      vertex -31.35 0 73
      vertex -31.3693 0 73.2937
    endloop
  endfacet
  facet normal -0.555562 0 0.831475
    outer loop
      vertex -32.475 1.01 71.0515
      vertex -32.2303 0 71.215
      vertex -32.2303 1.01 71.215
    endloop
  endfacet
  facet normal -0.555562 0 0.831475
    outer loop
      vertex -32.2303 0 71.215
      vertex -32.475 1.01 71.0515
      vertex -32.475 0 71.0515
    endloop
  endfacet
  facet normal 0.980789 -0 0.19507
    outer loop
      vertex -35.8307 0 72.7063
      vertex -35.7733 1.01 72.4177
      vertex -35.8307 1.01 72.7063
    endloop
  endfacet
  facet normal 0.980789 0 0.19507
    outer loop
      vertex -35.7733 1.01 72.4177
      vertex -35.8307 0 72.7063
      vertex -35.7733 0 72.4177
    endloop
  endfacet
  facet normal 0.980789 0 -0.19507
    outer loop
      vertex -35.7733 0 73.5823
      vertex -35.8307 1.01 73.2937
      vertex -35.7733 1.01 73.5823
    endloop
  endfacet
  facet normal 0.980789 0 -0.19507
    outer loop
      vertex -35.8307 1.01 73.2937
      vertex -35.7733 0 73.5823
      vertex -35.8307 0 73.2937
    endloop
  endfacet
  facet normal -0.659202 0 0.751966
    outer loop
      vertex -32.2303 1.01 71.215
      vertex -32.009 0 71.409
      vertex -32.009 1.01 71.409
    endloop
  endfacet
  facet normal -0.659202 0 0.751966
    outer loop
      vertex -32.009 0 71.409
      vertex -32.2303 1.01 71.215
      vertex -32.2303 0 71.215
    endloop
  endfacet
  facet normal 0.997848 0 -0.0655719
    outer loop
      vertex -35.8307 0 73.2937
      vertex -35.85 1.01 73
      vertex -35.8307 1.01 73.2937
    endloop
  endfacet
  facet normal 0.997848 0 -0.0655719
    outer loop
      vertex -35.85 1.01 73
      vertex -35.8307 0 73.2937
      vertex -35.85 0 73
    endloop
  endfacet
  facet normal -0.89686 0 0.442315
    outer loop
      vertex -31.6515 0 71.875
      vertex -31.5213 1.01 72.139
      vertex -31.6515 1.01 71.875
    endloop
  endfacet
  facet normal -0.89686 0 0.442315
    outer loop
      vertex -31.5213 1.01 72.139
      vertex -31.6515 0 71.875
      vertex -31.5213 0 72.139
    endloop
  endfacet
  facet normal -0.946936 0 -0.321421
    outer loop
      vertex -31.4267 0 73.5823
      vertex -31.5213 1.01 73.861
      vertex -31.4267 1.01 73.5823
    endloop
  endfacet
  facet normal -0.946936 -0 -0.321421
    outer loop
      vertex -31.5213 1.01 73.861
      vertex -31.4267 0 73.5823
      vertex -31.5213 0 73.861
    endloop
  endfacet
  facet normal -0.89686 0 -0.442315
    outer loop
      vertex -31.5213 0 73.861
      vertex -31.6515 1.01 74.125
      vertex -31.5213 1.01 73.861
    endloop
  endfacet
  facet normal -0.89686 -0 -0.442315
    outer loop
      vertex -31.6515 1.01 74.125
      vertex -31.5213 0 73.861
      vertex -31.6515 0 74.125
    endloop
  endfacet
  facet normal -0.997848 0 0.0655719
    outer loop
      vertex -31.3693 0 72.7063
      vertex -31.35 1.01 73
      vertex -31.3693 1.01 72.7063
    endloop
  endfacet
  facet normal -0.997848 0 0.0655719
    outer loop
      vertex -31.35 1.01 73
      vertex -31.3693 0 72.7063
      vertex -31.35 0 73
    endloop
  endfacet
  facet normal 0.831475 -0 0.555562
    outer loop
      vertex -35.5485 0 71.875
      vertex -35.385 1.01 71.6303
      vertex -35.5485 1.01 71.875
    endloop
  endfacet
  facet normal 0.831475 0 0.555562
    outer loop
      vertex -35.385 1.01 71.6303
      vertex -35.5485 0 71.875
      vertex -35.385 0 71.6303
    endloop
  endfacet
  facet normal -0.442315 0 0.89686
    outer loop
      vertex -32.739 1.01 70.9213
      vertex -32.475 0 71.0515
      vertex -32.475 1.01 71.0515
    endloop
  endfacet
  facet normal -0.442315 0 0.89686
    outer loop
      vertex -32.475 0 71.0515
      vertex -32.739 1.01 70.9213
      vertex -32.739 0 70.9213
    endloop
  endfacet
  facet normal 0 1 0
    outer loop
      vertex -33.6 1.01 76.1819
      vertex -33.6 1.01 79.3639
      vertex -30.4185 1.01 76.1824
    endloop
  endfacet
  facet normal 0 1 0
    outer loop
      vertex -32.009 1.01 74.591
      vertex -30.4185 1.01 76.1824
      vertex -30.418 1.01 76.182
    endloop
  endfacet
  facet normal 0 1 0
    outer loop
      vertex -33.6 1.01 79.3639
      vertex -33.6 1.01 76.1819
      vertex -36.7815 1.01 76.1824
    endloop
  endfacet
  facet normal 0 1 -0
    outer loop
      vertex -35.191 1.01 74.591
      vertex -36.7815 1.01 76.1824
      vertex -33.6 1.01 76.1819
    endloop
  endfacet
  facet normal 0 1 0
    outer loop
      vertex -32.009 1.01 74.591
      vertex -30.418 1.01 76.182
      vertex -30.0299 1.01 75.7394
    endloop
  endfacet
  facet normal 0 1 0
    outer loop
      vertex -31.815 1.01 74.3697
      vertex -30.0299 1.01 75.7394
      vertex -29.7029 1.01 75.25
    endloop
  endfacet
  facet normal 0 1 0
    outer loop
      vertex -31.6515 1.01 74.125
      vertex -29.7029 1.01 75.25
      vertex -29.4425 1.01 74.7221
    endloop
  endfacet
  facet normal 0 1 0
    outer loop
      vertex -30.4185 1.01 76.1824
      vertex -32.009 1.01 74.591
      vertex -33.6 1.01 76.1819
    endloop
  endfacet
  facet normal 0 1 0
    outer loop
      vertex -30.0299 1.01 75.7394
      vertex -31.815 1.01 74.3697
      vertex -32.009 1.01 74.591
    endloop
  endfacet
  facet normal 0 1 0
    outer loop
      vertex -31.5213 1.01 73.861
      vertex -29.4425 1.01 74.7221
      vertex -29.2533 1.01 74.1647
    endloop
  endfacet
  facet normal 0 1 0
    outer loop
      vertex -29.7029 1.01 75.25
      vertex -31.6515 1.01 74.125
      vertex -31.815 1.01 74.3697
    endloop
  endfacet
  facet normal 0 1 0
    outer loop
      vertex -29.4425 1.01 74.7221
      vertex -31.5213 1.01 73.861
      vertex -31.6515 1.01 74.125
    endloop
  endfacet
  facet normal 0 1 0
    outer loop
      vertex -31.4267 1.01 73.5823
      vertex -29.2533 1.01 74.1647
      vertex -29.1385 1.01 73.5874
    endloop
  endfacet
  facet normal 0 1 0
    outer loop
      vertex -29.2533 1.01 74.1647
      vertex -31.4267 1.01 73.5823
      vertex -31.5213 1.01 73.861
    endloop
  endfacet
  facet normal 0 1 0
    outer loop
      vertex -29.1385 1.01 73.5874
      vertex -31.3693 1.01 73.2937
      vertex -31.4267 1.01 73.5823
    endloop
  endfacet
  facet normal 0 1 0
    outer loop
      vertex -29.1 1.01 73
      vertex -31.3693 1.01 73.2937
      vertex -29.1385 1.01 73.5874
    endloop
  endfacet
  facet normal 0 1 0
    outer loop
      vertex -29.1 1.01 73
      vertex -31.35 1.01 73
      vertex -31.3693 1.01 73.2937
    endloop
  endfacet
  facet normal 0 1 0
    outer loop
      vertex -29.1 1.01 73
      vertex -31.3693 1.01 72.7063
      vertex -31.35 1.01 73
    endloop
  endfacet
  facet normal 0 1 -0
    outer loop
      vertex -29.1385 1.01 72.4126
      vertex -31.3693 1.01 72.7063
      vertex -29.1 1.01 73
    endloop
  endfacet
  facet normal 0 1 0
    outer loop
      vertex -31.3693 1.01 72.7063
      vertex -29.1385 1.01 72.4126
      vertex -31.4267 1.01 72.4177
    endloop
  endfacet
  facet normal 0 1 -0
    outer loop
      vertex -29.2533 1.01 71.8353
      vertex -31.4267 1.01 72.4177
      vertex -29.1385 1.01 72.4126
    endloop
  endfacet
  facet normal 0 1 0
    outer loop
      vertex -31.4267 1.01 72.4177
      vertex -29.2533 1.01 71.8353
      vertex -31.5213 1.01 72.139
    endloop
  endfacet
  facet normal 0 1 -0
    outer loop
      vertex -29.4425 1.01 71.2779
      vertex -31.5213 1.01 72.139
      vertex -29.2533 1.01 71.8353
    endloop
  endfacet
  facet normal 0 1 0
    outer loop
      vertex -31.5213 1.01 72.139
      vertex -29.4425 1.01 71.2779
      vertex -31.6515 1.01 71.875
    endloop
  endfacet
  facet normal 0 1 -0
    outer loop
      vertex -29.7029 1.01 70.75
      vertex -31.6515 1.01 71.875
      vertex -29.4425 1.01 71.2779
    endloop
  endfacet
  facet normal 0 1 0
    outer loop
      vertex -31.6515 1.01 71.875
      vertex -29.7029 1.01 70.75
      vertex -31.815 1.01 71.6303
    endloop
  endfacet
  facet normal 0 1 -0
    outer loop
      vertex -30.0299 1.01 70.2606
      vertex -31.815 1.01 71.6303
      vertex -29.7029 1.01 70.75
    endloop
  endfacet
  facet normal 0 1 0
    outer loop
      vertex -31.815 1.01 71.6303
      vertex -30.0299 1.01 70.2606
      vertex -32.009 1.01 71.409
    endloop
  endfacet
  facet normal 0 1 -0
    outer loop
      vertex -30.418 1.01 69.818
      vertex -32.009 1.01 71.409
      vertex -30.0299 1.01 70.2606
    endloop
  endfacet
  facet normal 0 1 0
    outer loop
      vertex -32.009 1.01 71.409
      vertex -30.418 1.01 69.818
      vertex -32.2303 1.01 71.215
    endloop
  endfacet
  facet normal 0 1 -0
    outer loop
      vertex -30.8606 1.01 69.4299
      vertex -32.2303 1.01 71.215
      vertex -30.418 1.01 69.818
    endloop
  endfacet
  facet normal 0 1 0
    outer loop
      vertex -32.2303 1.01 71.215
      vertex -30.8606 1.01 69.4299
      vertex -32.475 1.01 71.0515
    endloop
  endfacet
  facet normal 0 1 -0
    outer loop
      vertex -31.35 1.01 69.1029
      vertex -32.475 1.01 71.0515
      vertex -30.8606 1.01 69.4299
    endloop
  endfacet
  facet normal 0 1 0
    outer loop
      vertex -32.475 1.01 71.0515
      vertex -31.35 1.01 69.1029
      vertex -32.739 1.01 70.9213
    endloop
  endfacet
  facet normal 0 1 -0
    outer loop
      vertex -31.8779 1.01 68.8425
      vertex -32.739 1.01 70.9213
      vertex -31.35 1.01 69.1029
    endloop
  endfacet
  facet normal 0 1 0
    outer loop
      vertex -33.6 1.01 70.75
      vertex -37.1701 1.01 70.2606
      vertex -37.4971 1.01 70.75
    endloop
  endfacet
  facet normal 0 1 0
    outer loop
      vertex -32.739 1.01 70.9213
      vertex -31.8779 1.01 68.8425
      vertex -33.0177 1.01 70.8267
    endloop
  endfacet
  facet normal 0 1 0
    outer loop
      vertex -33.6 1.01 70.75
      vertex -36.782 1.01 69.818
      vertex -37.1701 1.01 70.2606
    endloop
  endfacet
  facet normal 0 1 -0
    outer loop
      vertex -32.4353 1.01 68.6533
      vertex -33.0177 1.01 70.8267
      vertex -31.8779 1.01 68.8425
    endloop
  endfacet
  facet normal 0 1 0
    outer loop
      vertex -33.6 1.01 70.75
      vertex -36.3394 1.01 69.4299
      vertex -36.782 1.01 69.818
    endloop
  endfacet
  facet normal 0 1 0
    outer loop
      vertex -33.0177 1.01 70.8267
      vertex -32.4353 1.01 68.6533
      vertex -33.3063 1.01 70.7693
    endloop
  endfacet
  facet normal 0 1 0
    outer loop
      vertex -33.6 1.01 70.75
      vertex -35.85 1.01 69.1029
      vertex -36.3394 1.01 69.4299
    endloop
  endfacet
  facet normal 0 1 -0
    outer loop
      vertex -33.0126 1.01 68.5385
      vertex -33.3063 1.01 70.7693
      vertex -32.4353 1.01 68.6533
    endloop
  endfacet
  facet normal 0 1 0
    outer loop
      vertex -33.6 1.01 70.75
      vertex -35.3221 1.01 68.8425
      vertex -35.85 1.01 69.1029
    endloop
  endfacet
  facet normal 0 1 0
    outer loop
      vertex -33.3063 1.01 70.7693
      vertex -33.0126 1.01 68.5385
      vertex -33.6 1.01 70.75
    endloop
  endfacet
  facet normal 0 1 0
    outer loop
      vertex -33.6 1.01 70.75
      vertex -34.7647 1.01 68.6533
      vertex -35.3221 1.01 68.8425
    endloop
  endfacet
  facet normal 0 1 0
    outer loop
      vertex -33.6 1.01 68.5
      vertex -33.6 1.01 70.75
      vertex -33.0126 1.01 68.5385
    endloop
  endfacet
  facet normal 0 1 0
    outer loop
      vertex -33.6 1.01 70.75
      vertex -34.1874 1.01 68.5385
      vertex -34.7647 1.01 68.6533
    endloop
  endfacet
  facet normal 0 1 0
    outer loop
      vertex -33.6 1.01 70.75
      vertex -33.6 1.01 68.5
      vertex -34.1874 1.01 68.5385
    endloop
  endfacet
  facet normal 0 1 0
    outer loop
      vertex -36.7815 1.01 76.1824
      vertex -35.191 1.01 74.591
      vertex -36.782 1.01 76.182
    endloop
  endfacet
  facet normal 0 1 0
    outer loop
      vertex -36.782 1.01 76.182
      vertex -35.191 1.01 74.591
      vertex -37.1701 1.01 75.7394
    endloop
  endfacet
  facet normal 0 1 -0
    outer loop
      vertex -35.385 1.01 74.3697
      vertex -37.1701 1.01 75.7394
      vertex -35.191 1.01 74.591
    endloop
  endfacet
  facet normal 0 1 0
    outer loop
      vertex -37.1701 1.01 75.7394
      vertex -35.385 1.01 74.3697
      vertex -37.4971 1.01 75.25
    endloop
  endfacet
  facet normal 0 1 -0
    outer loop
      vertex -35.5485 1.01 74.125
      vertex -37.4971 1.01 75.25
      vertex -35.385 1.01 74.3697
    endloop
  endfacet
  facet normal 0 1 0
    outer loop
      vertex -37.4971 1.01 75.25
      vertex -35.5485 1.01 74.125
      vertex -37.7575 1.01 74.7221
    endloop
  endfacet
  facet normal 0 1 -0
    outer loop
      vertex -35.6787 1.01 73.861
      vertex -37.7575 1.01 74.7221
      vertex -35.5485 1.01 74.125
    endloop
  endfacet
  facet normal 0 1 0
    outer loop
      vertex -37.7575 1.01 74.7221
      vertex -35.6787 1.01 73.861
      vertex -37.9467 1.01 74.1647
    endloop
  endfacet
  facet normal 0 1 -0
    outer loop
      vertex -35.7733 1.01 73.5823
      vertex -37.9467 1.01 74.1647
      vertex -35.6787 1.01 73.861
    endloop
  endfacet
  facet normal 0 1 0
    outer loop
      vertex -37.9467 1.01 74.1647
      vertex -35.7733 1.01 73.5823
      vertex -38.0615 1.01 73.5874
    endloop
  endfacet
  facet normal 0 1 -0
    outer loop
      vertex -35.8307 1.01 73.2937
      vertex -38.0615 1.01 73.5874
      vertex -35.7733 1.01 73.5823
    endloop
  endfacet
  facet normal 0 1 -0
    outer loop
      vertex -35.85 1.01 73
      vertex -38.0615 1.01 73.5874
      vertex -35.8307 1.01 73.2937
    endloop
  endfacet
  facet normal 0 1 0
    outer loop
      vertex -35.85 1.01 73
      vertex -38.1 1.01 73
      vertex -38.0615 1.01 73.5874
    endloop
  endfacet
  facet normal 0 1 0
    outer loop
      vertex -35.8307 1.01 72.7063
      vertex -38.1 1.01 73
      vertex -35.85 1.01 73
    endloop
  endfacet
  facet normal 0 1 0
    outer loop
      vertex -38.0615 1.01 72.4126
      vertex -35.8307 1.01 72.7063
      vertex -35.7733 1.01 72.4177
    endloop
  endfacet
  facet normal 0 1 0
    outer loop
      vertex -35.8307 1.01 72.7063
      vertex -38.0615 1.01 72.4126
      vertex -38.1 1.01 73
    endloop
  endfacet
  facet normal 0 1 0
    outer loop
      vertex -37.9467 1.01 71.8353
      vertex -35.7733 1.01 72.4177
      vertex -35.6787 1.01 72.139
    endloop
  endfacet
  facet normal 0 1 0
    outer loop
      vertex -37.7575 1.01 71.2779
      vertex -35.6787 1.01 72.139
      vertex -35.5485 1.01 71.875
    endloop
  endfacet
  facet normal 0 1 0
    outer loop
      vertex -35.7733 1.01 72.4177
      vertex -37.9467 1.01 71.8353
      vertex -38.0615 1.01 72.4126
    endloop
  endfacet
  facet normal 0 1 0
    outer loop
      vertex -37.4971 1.01 70.75
      vertex -35.5485 1.01 71.875
      vertex -35.385 1.01 71.6303
    endloop
  endfacet
  facet normal 0 1 0
    outer loop
      vertex -37.4971 1.01 70.75
      vertex -35.385 1.01 71.6303
      vertex -35.191 1.01 71.409
    endloop
  endfacet
  facet normal 0 1 0
    outer loop
      vertex -35.6787 1.01 72.139
      vertex -37.7575 1.01 71.2779
      vertex -37.9467 1.01 71.8353
    endloop
  endfacet
  facet normal 0 1 0
    outer loop
      vertex -37.4971 1.01 70.75
      vertex -35.191 1.01 71.409
      vertex -34.9697 1.01 71.215
    endloop
  endfacet
  facet normal 0 1 0
    outer loop
      vertex -37.4971 1.01 70.75
      vertex -34.9697 1.01 71.215
      vertex -34.725 1.01 71.0515
    endloop
  endfacet
  facet normal 0 1 0
    outer loop
      vertex -37.4971 1.01 70.75
      vertex -34.725 1.01 71.0515
      vertex -34.461 1.01 70.9213
    endloop
  endfacet
  facet normal 0 1 0
    outer loop
      vertex -37.4971 1.01 70.75
      vertex -34.461 1.01 70.9213
      vertex -34.1823 1.01 70.8267
    endloop
  endfacet
  facet normal 0 1 0
    outer loop
      vertex -37.4971 1.01 70.75
      vertex -34.1823 1.01 70.8267
      vertex -33.8937 1.01 70.7693
    endloop
  endfacet
  facet normal 0 1 0
    outer loop
      vertex -35.5485 1.01 71.875
      vertex -37.4971 1.01 70.75
      vertex -37.7575 1.01 71.2779
    endloop
  endfacet
  facet normal 0 1 0
    outer loop
      vertex -37.4971 1.01 70.75
      vertex -33.8937 1.01 70.7693
      vertex -33.6 1.01 70.75
    endloop
  endfacet
  facet normal -0.195038 0 0.980796
    outer loop
      vertex -33.0126 3.2 68.5385
      vertex -32.4353 1.01 68.6533
      vertex -32.4353 3.2 68.6533
    endloop
  endfacet
  facet normal -0.195038 0 0.980796
    outer loop
      vertex -32.4353 1.01 68.6533
      vertex -33.0126 3.2 68.5385
      vertex -33.0126 1.01 68.5385
    endloop
  endfacet
  facet normal -0.321421 0 0.946936
    outer loop
      vertex -32.4353 3.2 68.6533
      vertex -31.8779 1.01 68.8425
      vertex -31.8779 3.2 68.8425
    endloop
  endfacet
  facet normal -0.321421 0 0.946936
    outer loop
      vertex -31.8779 1.01 68.8425
      vertex -32.4353 3.2 68.6533
      vertex -32.4353 1.01 68.6533
    endloop
  endfacet
  facet normal -0.442382 0 0.896827
    outer loop
      vertex -31.8779 3.2 68.8425
      vertex -31.35 1.01 69.1029
      vertex -31.35 3.2 69.1029
    endloop
  endfacet
  facet normal -0.442382 0 0.896827
    outer loop
      vertex -31.35 1.01 69.1029
      vertex -31.8779 3.2 68.8425
      vertex -31.8779 1.01 68.8425
    endloop
  endfacet
  facet normal -0.555562 0 0.831475
    outer loop
      vertex -31.35 3.2 69.1029
      vertex -30.8606 1.01 69.4299
      vertex -30.8606 3.2 69.4299
    endloop
  endfacet
  facet normal -0.555562 0 0.831475
    outer loop
      vertex -30.8606 1.01 69.4299
      vertex -31.35 3.2 69.1029
      vertex -31.35 1.01 69.1029
    endloop
  endfacet
  facet normal -0.659298 0 0.751882
    outer loop
      vertex -30.8606 3.2 69.4299
      vertex -30.418 1.01 69.818
      vertex -30.418 3.2 69.818
    endloop
  endfacet
  facet normal -0.659298 0 0.751882
    outer loop
      vertex -30.418 1.01 69.818
      vertex -30.8606 3.2 69.4299
      vertex -30.8606 1.01 69.4299
    endloop
  endfacet
  facet normal -0.751882 0 0.659298
    outer loop
      vertex -30.418 1.01 69.818
      vertex -30.0299 3.2 70.2606
      vertex -30.418 3.2 69.818
    endloop
  endfacet
  facet normal -0.751882 0 0.659298
    outer loop
      vertex -30.0299 3.2 70.2606
      vertex -30.418 1.01 69.818
      vertex -30.0299 1.01 70.2606
    endloop
  endfacet
  facet normal -0.831475 0 0.555562
    outer loop
      vertex -30.0299 1.01 70.2606
      vertex -29.7029 3.2 70.75
      vertex -30.0299 3.2 70.2606
    endloop
  endfacet
  facet normal -0.831475 0 0.555562
    outer loop
      vertex -29.7029 3.2 70.75
      vertex -30.0299 1.01 70.2606
      vertex -29.7029 1.01 70.75
    endloop
  endfacet
  facet normal -0.896827 0 0.442382
    outer loop
      vertex -29.7029 1.01 70.75
      vertex -29.4425 3.2 71.2779
      vertex -29.7029 3.2 70.75
    endloop
  endfacet
  facet normal -0.896827 0 0.442382
    outer loop
      vertex -29.4425 3.2 71.2779
      vertex -29.7029 1.01 70.75
      vertex -29.4425 1.01 71.2779
    endloop
  endfacet
  facet normal -0.946936 0 0.321421
    outer loop
      vertex -29.4425 1.01 71.2779
      vertex -29.2533 3.2 71.8353
      vertex -29.4425 3.2 71.2779
    endloop
  endfacet
  facet normal -0.946936 0 0.321421
    outer loop
      vertex -29.2533 3.2 71.8353
      vertex -29.4425 1.01 71.2779
      vertex -29.2533 1.01 71.8353
    endloop
  endfacet
  facet normal -0.980796 0 0.195038
    outer loop
      vertex -29.2533 1.01 71.8353
      vertex -29.1385 3.2 72.4126
      vertex -29.2533 3.2 71.8353
    endloop
  endfacet
  facet normal -0.980796 0 0.195038
    outer loop
      vertex -29.1385 3.2 72.4126
      vertex -29.2533 1.01 71.8353
      vertex -29.1385 1.01 72.4126
    endloop
  endfacet
  facet normal -0.997859 0 0.0654027
    outer loop
      vertex -29.1385 1.01 72.4126
      vertex -29.1 3.2 73
      vertex -29.1385 3.2 72.4126
    endloop
  endfacet
  facet normal -0.997859 0 0.0654027
    outer loop
      vertex -29.1 3.2 73
      vertex -29.1385 1.01 72.4126
      vertex -29.1 1.01 73
    endloop
  endfacet
  facet normal -0.997859 0 -0.0654027
    outer loop
      vertex -29.1 1.01 73
      vertex -29.1385 3.2 73.5874
      vertex -29.1 3.2 73
    endloop
  endfacet
  facet normal -0.997859 -0 -0.0654027
    outer loop
      vertex -29.1385 3.2 73.5874
      vertex -29.1 1.01 73
      vertex -29.1385 1.01 73.5874
    endloop
  endfacet
  facet normal -0.980796 0 -0.195038
    outer loop
      vertex -29.1385 1.01 73.5874
      vertex -29.2533 3.2 74.1647
      vertex -29.1385 3.2 73.5874
    endloop
  endfacet
  facet normal -0.980796 -0 -0.195038
    outer loop
      vertex -29.2533 3.2 74.1647
      vertex -29.1385 1.01 73.5874
      vertex -29.2533 1.01 74.1647
    endloop
  endfacet
  facet normal -0.946936 0 -0.321421
    outer loop
      vertex -29.2533 1.01 74.1647
      vertex -29.4425 3.2 74.7221
      vertex -29.2533 3.2 74.1647
    endloop
  endfacet
  facet normal -0.946936 -0 -0.321421
    outer loop
      vertex -29.4425 3.2 74.7221
      vertex -29.2533 1.01 74.1647
      vertex -29.4425 1.01 74.7221
    endloop
  endfacet
  facet normal -0.896827 0 -0.442382
    outer loop
      vertex -29.4425 1.01 74.7221
      vertex -29.7029 3.2 75.25
      vertex -29.4425 3.2 74.7221
    endloop
  endfacet
  facet normal -0.896827 -0 -0.442382
    outer loop
      vertex -29.7029 3.2 75.25
      vertex -29.4425 1.01 74.7221
      vertex -29.7029 1.01 75.25
    endloop
  endfacet
  facet normal -0.831475 0 -0.555562
    outer loop
      vertex -29.7029 1.01 75.25
      vertex -30.0299 3.2 75.7394
      vertex -29.7029 3.2 75.25
    endloop
  endfacet
  facet normal -0.831475 -0 -0.555562
    outer loop
      vertex -30.0299 3.2 75.7394
      vertex -29.7029 1.01 75.25
      vertex -30.0299 1.01 75.7394
    endloop
  endfacet
  facet normal -0.751882 0 -0.659298
    outer loop
      vertex -30.0299 1.01 75.7394
      vertex -30.418 3.2 76.182
      vertex -30.0299 3.2 75.7394
    endloop
  endfacet
  facet normal -0.751882 -0 -0.659298
    outer loop
      vertex -30.418 3.2 76.182
      vertex -30.0299 1.01 75.7394
      vertex -30.418 1.01 76.182
    endloop
  endfacet
  facet normal -0.624695 0 -0.780869
    outer loop
      vertex -30.4185 1.01 76.1824
      vertex -30.418 3.2 76.182
      vertex -30.418 1.01 76.182
    endloop
  endfacet
  facet normal -0.624695 0 -0.780869
    outer loop
      vertex -30.418 3.2 76.182
      vertex -30.4185 1.01 76.1824
      vertex -30.4185 3.2 76.1824
    endloop
  endfacet
  facet normal -0.707107 0 -0.707107
    outer loop
      vertex -30.4185 1.01 76.1824
      vertex -33.6 3.2 79.3639
      vertex -30.4185 3.2 76.1824
    endloop
  endfacet
  facet normal -0.707107 -0 -0.707107
    outer loop
      vertex -33.6 3.2 79.3639
      vertex -30.4185 1.01 76.1824
      vertex -33.6 1.01 79.3639
    endloop
  endfacet
  facet normal 0.707107 0 -0.707107
    outer loop
      vertex -33.6 1.01 79.3639
      vertex -36.7815 3.2 76.1824
      vertex -33.6 3.2 79.3639
    endloop
  endfacet
  facet normal 0.707107 0 -0.707107
    outer loop
      vertex -36.7815 3.2 76.1824
      vertex -33.6 1.01 79.3639
      vertex -36.7815 1.01 76.1824
    endloop
  endfacet
  facet normal 0.624695 0 -0.780869
    outer loop
      vertex -36.782 1.01 76.182
      vertex -36.7815 3.2 76.1824
      vertex -36.7815 1.01 76.1824
    endloop
  endfacet
  facet normal 0.624695 0 -0.780869
    outer loop
      vertex -36.7815 3.2 76.1824
      vertex -36.782 1.01 76.182
      vertex -36.782 3.2 76.182
    endloop
  endfacet
  facet normal 0.751882 0 -0.659298
    outer loop
      vertex -36.782 1.01 76.182
      vertex -37.1701 3.2 75.7394
      vertex -36.782 3.2 76.182
    endloop
  endfacet
  facet normal 0.751882 0 -0.659298
    outer loop
      vertex -37.1701 3.2 75.7394
      vertex -36.782 1.01 76.182
      vertex -37.1701 1.01 75.7394
    endloop
  endfacet
  facet normal 0.831475 0 -0.555562
    outer loop
      vertex -37.1701 1.01 75.7394
      vertex -37.4971 3.2 75.25
      vertex -37.1701 3.2 75.7394
    endloop
  endfacet
  facet normal 0.831475 0 -0.555562
    outer loop
      vertex -37.4971 3.2 75.25
      vertex -37.1701 1.01 75.7394
      vertex -37.4971 1.01 75.25
    endloop
  endfacet
  facet normal 0.896827 0 -0.442382
    outer loop
      vertex -37.4971 1.01 75.25
      vertex -37.7575 3.2 74.7221
      vertex -37.4971 3.2 75.25
    endloop
  endfacet
  facet normal 0.896827 0 -0.442382
    outer loop
      vertex -37.7575 3.2 74.7221
      vertex -37.4971 1.01 75.25
      vertex -37.7575 1.01 74.7221
    endloop
  endfacet
  facet normal 0.946936 0 -0.321421
    outer loop
      vertex -37.7575 1.01 74.7221
      vertex -37.9467 3.2 74.1647
      vertex -37.7575 3.2 74.7221
    endloop
  endfacet
  facet normal 0.946936 0 -0.321421
    outer loop
      vertex -37.9467 3.2 74.1647
      vertex -37.7575 1.01 74.7221
      vertex -37.9467 1.01 74.1647
    endloop
  endfacet
  facet normal 0.980796 0 -0.195038
    outer loop
      vertex -37.9467 1.01 74.1647
      vertex -38.0615 3.2 73.5874
      vertex -37.9467 3.2 74.1647
    endloop
  endfacet
  facet normal 0.980796 0 -0.195038
    outer loop
      vertex -38.0615 3.2 73.5874
      vertex -37.9467 1.01 74.1647
      vertex -38.0615 1.01 73.5874
    endloop
  endfacet
  facet normal 0.997859 0 -0.0654027
    outer loop
      vertex -38.0615 1.01 73.5874
      vertex -38.1 3.2 73
      vertex -38.0615 3.2 73.5874
    endloop
  endfacet
  facet normal 0.997859 0 -0.0654027
    outer loop
      vertex -38.1 3.2 73
      vertex -38.0615 1.01 73.5874
      vertex -38.1 1.01 73
    endloop
  endfacet
  facet normal 0.997859 -0 0.0654027
    outer loop
      vertex -38.1 1.01 73
      vertex -38.0615 3.2 72.4126
      vertex -38.1 3.2 73
    endloop
  endfacet
  facet normal 0.997859 0 0.0654027
    outer loop
      vertex -38.0615 3.2 72.4126
      vertex -38.1 1.01 73
      vertex -38.0615 1.01 72.4126
    endloop
  endfacet
  facet normal 0.980796 -0 0.195038
    outer loop
      vertex -38.0615 1.01 72.4126
      vertex -37.9467 3.2 71.8353
      vertex -38.0615 3.2 72.4126
    endloop
  endfacet
  facet normal 0.980796 0 0.195038
    outer loop
      vertex -37.9467 3.2 71.8353
      vertex -38.0615 1.01 72.4126
      vertex -37.9467 1.01 71.8353
    endloop
  endfacet
  facet normal 0.946936 -0 0.321421
    outer loop
      vertex -37.9467 1.01 71.8353
      vertex -37.7575 3.2 71.2779
      vertex -37.9467 3.2 71.8353
    endloop
  endfacet
  facet normal 0.946936 0 0.321421
    outer loop
      vertex -37.7575 3.2 71.2779
      vertex -37.9467 1.01 71.8353
      vertex -37.7575 1.01 71.2779
    endloop
  endfacet
  facet normal 0.896827 -0 0.442382
    outer loop
      vertex -37.7575 1.01 71.2779
      vertex -37.4971 3.2 70.75
      vertex -37.7575 3.2 71.2779
    endloop
  endfacet
  facet normal 0.896827 0 0.442382
    outer loop
      vertex -37.4971 3.2 70.75
      vertex -37.7575 1.01 71.2779
      vertex -37.4971 1.01 70.75
    endloop
  endfacet
  facet normal 0.831475 -0 0.555562
    outer loop
      vertex -37.4971 1.01 70.75
      vertex -37.1701 3.2 70.2606
      vertex -37.4971 3.2 70.75
    endloop
  endfacet
  facet normal 0.831475 0 0.555562
    outer loop
      vertex -37.1701 3.2 70.2606
      vertex -37.4971 1.01 70.75
      vertex -37.1701 1.01 70.2606
    endloop
  endfacet
  facet normal 0.751882 -0 0.659298
    outer loop
      vertex -37.1701 1.01 70.2606
      vertex -36.782 3.2 69.818
      vertex -37.1701 3.2 70.2606
    endloop
  endfacet
  facet normal 0.751882 0 0.659298
    outer loop
      vertex -36.782 3.2 69.818
      vertex -37.1701 1.01 70.2606
      vertex -36.782 1.01 69.818
    endloop
  endfacet
  facet normal 0.659298 0 0.751882
    outer loop
      vertex -36.782 3.2 69.818
      vertex -36.3394 1.01 69.4299
      vertex -36.3394 3.2 69.4299
    endloop
  endfacet
  facet normal 0.659298 0 0.751882
    outer loop
      vertex -36.3394 1.01 69.4299
      vertex -36.782 3.2 69.818
      vertex -36.782 1.01 69.818
    endloop
  endfacet
  facet normal 0.555562 0 0.831475
    outer loop
      vertex -36.3394 3.2 69.4299
      vertex -35.85 1.01 69.1029
      vertex -35.85 3.2 69.1029
    endloop
  endfacet
  facet normal 0.555562 0 0.831475
    outer loop
      vertex -35.85 1.01 69.1029
      vertex -36.3394 3.2 69.4299
      vertex -36.3394 1.01 69.4299
    endloop
  endfacet
  facet normal 0.442382 0 0.896827
    outer loop
      vertex -35.85 3.2 69.1029
      vertex -35.3221 1.01 68.8425
      vertex -35.3221 3.2 68.8425
    endloop
  endfacet
  facet normal 0.442382 0 0.896827
    outer loop
      vertex -35.3221 1.01 68.8425
      vertex -35.85 3.2 69.1029
      vertex -35.85 1.01 69.1029
    endloop
  endfacet
  facet normal 0.321421 0 0.946936
    outer loop
      vertex -35.3221 3.2 68.8425
      vertex -34.7647 1.01 68.6533
      vertex -34.7647 3.2 68.6533
    endloop
  endfacet
  facet normal 0.321421 0 0.946936
    outer loop
      vertex -34.7647 1.01 68.6533
      vertex -35.3221 3.2 68.8425
      vertex -35.3221 1.01 68.8425
    endloop
  endfacet
  facet normal 0.195038 0 0.980796
    outer loop
      vertex -34.7647 3.2 68.6533
      vertex -34.1874 1.01 68.5385
      vertex -34.1874 3.2 68.5385
    endloop
  endfacet
  facet normal 0.195038 0 0.980796
    outer loop
      vertex -34.1874 1.01 68.5385
      vertex -34.7647 3.2 68.6533
      vertex -34.7647 1.01 68.6533
    endloop
  endfacet
  facet normal 0.0654027 0 0.997859
    outer loop
      vertex -34.1874 3.2 68.5385
      vertex -33.6 1.01 68.5
      vertex -33.6 3.2 68.5
    endloop
  endfacet
  facet normal 0.0654027 0 0.997859
    outer loop
      vertex -33.6 1.01 68.5
      vertex -34.1874 3.2 68.5385
      vertex -34.1874 1.01 68.5385
    endloop
  endfacet
  facet normal -0.0654027 0 0.997859
    outer loop
      vertex -33.6 3.2 68.5
      vertex -33.0126 1.01 68.5385
      vertex -33.0126 3.2 68.5385
    endloop
  endfacet
  facet normal -0.0654027 0 0.997859
    outer loop
      vertex -33.0126 1.01 68.5385
      vertex -33.6 3.2 68.5
      vertex -33.6 1.01 68.5
    endloop
  endfacet
  facet normal 0.707085 0 -0.707129
    outer loop
      vertex 32.009 0 74.591
      vertex 33.6 1.01 76.1819
      vertex 33.6 0 76.1819
    endloop
  endfacet
  facet normal 0.707085 0 -0.707129
    outer loop
      vertex 33.6 1.01 76.1819
      vertex 32.009 0 74.591
      vertex 32.009 1.01 74.591
    endloop
  endfacet
  facet normal 0.442315 0 0.89686
    outer loop
      vertex 32.475 1.01 71.0515
      vertex 32.739 0 70.9213
      vertex 32.739 1.01 70.9213
    endloop
  endfacet
  facet normal 0.442315 0 0.89686
    outer loop
      vertex 32.739 0 70.9213
      vertex 32.475 1.01 71.0515
      vertex 32.475 0 71.0515
    endloop
  endfacet
  facet normal -0.321421 0 0.946936
    outer loop
      vertex 34.1823 1.01 70.8267
      vertex 34.461 0 70.9213
      vertex 34.461 1.01 70.9213
    endloop
  endfacet
  facet normal -0.321421 0 0.946936
    outer loop
      vertex 34.461 0 70.9213
      vertex 34.1823 1.01 70.8267
      vertex 34.1823 0 70.8267
    endloop
  endfacet
  facet normal -0.19507 0 0.980789
    outer loop
      vertex 33.8937 1.01 70.7693
      vertex 34.1823 0 70.8267
      vertex 34.1823 1.01 70.8267
    endloop
  endfacet
  facet normal -0.19507 0 0.980789
    outer loop
      vertex 34.1823 0 70.8267
      vertex 33.8937 1.01 70.7693
      vertex 33.8937 0 70.7693
    endloop
  endfacet
  facet normal -0.946936 0 0.321421
    outer loop
      vertex 35.6787 0 72.139
      vertex 35.7733 1.01 72.4177
      vertex 35.6787 1.01 72.139
    endloop
  endfacet
  facet normal -0.946936 0 0.321421
    outer loop
      vertex 35.7733 1.01 72.4177
      vertex 35.6787 0 72.139
      vertex 35.7733 0 72.4177
    endloop
  endfacet
  facet normal -0.707085 0 -0.707129
    outer loop
      vertex 33.6 0 76.1819
      vertex 35.191 1.01 74.591
      vertex 35.191 0 74.591
    endloop
  endfacet
  facet normal -0.707085 0 -0.707129
    outer loop
      vertex 35.191 1.01 74.591
      vertex 33.6 0 76.1819
      vertex 33.6 1.01 76.1819
    endloop
  endfacet
  facet normal 0.89686 0 -0.442315
    outer loop
      vertex 31.6515 0 74.125
      vertex 31.5213 1.01 73.861
      vertex 31.6515 1.01 74.125
    endloop
  endfacet
  facet normal 0.89686 0 -0.442315
    outer loop
      vertex 31.5213 1.01 73.861
      vertex 31.6515 0 74.125
      vertex 31.5213 0 73.861
    endloop
  endfacet
  facet normal 0.946936 -0 0.321421
    outer loop
      vertex 31.4267 0 72.4177
      vertex 31.5213 1.01 72.139
      vertex 31.4267 1.01 72.4177
    endloop
  endfacet
  facet normal 0.946936 0 0.321421
    outer loop
      vertex 31.5213 1.01 72.139
      vertex 31.4267 0 72.4177
      vertex 31.5213 0 72.139
    endloop
  endfacet
  facet normal 0.751966 0 -0.659202
    outer loop
      vertex 32.009 0 74.591
      vertex 31.815 1.01 74.3697
      vertex 32.009 1.01 74.591
    endloop
  endfacet
  facet normal 0.751966 0 -0.659202
    outer loop
      vertex 31.815 1.01 74.3697
      vertex 32.009 0 74.591
      vertex 31.815 0 74.3697
    endloop
  endfacet
  facet normal 0.659202 0 0.751966
    outer loop
      vertex 32.009 1.01 71.409
      vertex 32.2303 0 71.215
      vertex 32.2303 1.01 71.215
    endloop
  endfacet
  facet normal 0.659202 0 0.751966
    outer loop
      vertex 32.2303 0 71.215
      vertex 32.009 1.01 71.409
      vertex 32.009 0 71.409
    endloop
  endfacet
  facet normal -0.831475 0 -0.555562
    outer loop
      vertex 35.5485 0 74.125
      vertex 35.385 1.01 74.3697
      vertex 35.5485 1.01 74.125
    endloop
  endfacet
  facet normal -0.831475 -0 -0.555562
    outer loop
      vertex 35.385 1.01 74.3697
      vertex 35.5485 0 74.125
      vertex 35.385 0 74.3697
    endloop
  endfacet
  facet normal 0.321421 0 0.946936
    outer loop
      vertex 32.739 1.01 70.9213
      vertex 33.0177 0 70.8267
      vertex 33.0177 1.01 70.8267
    endloop
  endfacet
  facet normal 0.321421 0 0.946936
    outer loop
      vertex 33.0177 0 70.8267
      vertex 32.739 1.01 70.9213
      vertex 32.739 0 70.9213
    endloop
  endfacet
  facet normal 0.19507 0 0.980789
    outer loop
      vertex 33.0177 1.01 70.8267
      vertex 33.3063 0 70.7693
      vertex 33.3063 1.01 70.7693
    endloop
  endfacet
  facet normal 0.19507 0 0.980789
    outer loop
      vertex 33.3063 0 70.7693
      vertex 33.0177 1.01 70.8267
      vertex 33.0177 0 70.8267
    endloop
  endfacet
  facet normal -0.0655719 0 0.997848
    outer loop
      vertex 33.6 1.01 70.75
      vertex 33.8937 0 70.7693
      vertex 33.8937 1.01 70.7693
    endloop
  endfacet
  facet normal -0.0655719 0 0.997848
    outer loop
      vertex 33.8937 0 70.7693
      vertex 33.6 1.01 70.75
      vertex 33.6 0 70.75
    endloop
  endfacet
  facet normal -0.831475 0 0.555562
    outer loop
      vertex 35.385 0 71.6303
      vertex 35.5485 1.01 71.875
      vertex 35.385 1.01 71.6303
    endloop
  endfacet
  facet normal -0.831475 0 0.555562
    outer loop
      vertex 35.5485 1.01 71.875
      vertex 35.385 0 71.6303
      vertex 35.5485 0 71.875
    endloop
  endfacet
  facet normal 0.555562 0 0.831475
    outer loop
      vertex 32.2303 1.01 71.215
      vertex 32.475 0 71.0515
      vertex 32.475 1.01 71.0515
    endloop
  endfacet
  facet normal 0.555562 0 0.831475
    outer loop
      vertex 32.475 0 71.0515
      vertex 32.2303 1.01 71.215
      vertex 32.2303 0 71.215
    endloop
  endfacet
  facet normal -0.980789 0 0.19507
    outer loop
      vertex 35.7733 0 72.4177
      vertex 35.8307 1.01 72.7063
      vertex 35.7733 1.01 72.4177
    endloop
  endfacet
  facet normal -0.980789 0 0.19507
    outer loop
      vertex 35.8307 1.01 72.7063
      vertex 35.7733 0 72.4177
      vertex 35.8307 0 72.7063
    endloop
  endfacet
  facet normal 0.831475 0 -0.555562
    outer loop
      vertex 31.815 0 74.3697
      vertex 31.6515 1.01 74.125
      vertex 31.815 1.01 74.3697
    endloop
  endfacet
  facet normal 0.831475 0 -0.555562
    outer loop
      vertex 31.6515 1.01 74.125
      vertex 31.815 0 74.3697
      vertex 31.6515 0 74.125
    endloop
  endfacet
  facet normal -0.980789 0 -0.19507
    outer loop
      vertex 35.8307 0 73.2937
      vertex 35.7733 1.01 73.5823
      vertex 35.8307 1.01 73.2937
    endloop
  endfacet
  facet normal -0.980789 -0 -0.19507
    outer loop
      vertex 35.7733 1.01 73.5823
      vertex 35.8307 0 73.2937
      vertex 35.7733 0 73.5823
    endloop
  endfacet
  facet normal 0.0655719 0 0.997848
    outer loop
      vertex 33.3063 1.01 70.7693
      vertex 33.6 0 70.75
      vertex 33.6 1.01 70.75
    endloop
  endfacet
  facet normal 0.0655719 0 0.997848
    outer loop
      vertex 33.6 0 70.75
      vertex 33.3063 1.01 70.7693
      vertex 33.3063 0 70.7693
    endloop
  endfacet
  facet normal 0.89686 -0 0.442315
    outer loop
      vertex 31.5213 0 72.139
      vertex 31.6515 1.01 71.875
      vertex 31.5213 1.01 72.139
    endloop
  endfacet
  facet normal 0.89686 0 0.442315
    outer loop
      vertex 31.6515 1.01 71.875
      vertex 31.5213 0 72.139
      vertex 31.6515 0 71.875
    endloop
  endfacet
  facet normal -0.751966 0 0.659202
    outer loop
      vertex 35.191 0 71.409
      vertex 35.385 1.01 71.6303
      vertex 35.191 1.01 71.409
    endloop
  endfacet
  facet normal -0.751966 0 0.659202
    outer loop
      vertex 35.385 1.01 71.6303
      vertex 35.191 0 71.409
      vertex 35.385 0 71.6303
    endloop
  endfacet
  facet normal 0.946936 0 -0.321421
    outer loop
      vertex 31.5213 0 73.861
      vertex 31.4267 1.01 73.5823
      vertex 31.5213 1.01 73.861
    endloop
  endfacet
  facet normal 0.946936 0 -0.321421
    outer loop
      vertex 31.4267 1.01 73.5823
      vertex 31.5213 0 73.861
      vertex 31.4267 0 73.5823
    endloop
  endfacet
  facet normal 0.997848 -0 0.0655719
    outer loop
      vertex 31.35 0 73
      vertex 31.3693 1.01 72.7063
      vertex 31.35 1.01 73
    endloop
  endfacet
  facet normal 0.997848 0 0.0655719
    outer loop
      vertex 31.3693 1.01 72.7063
      vertex 31.35 0 73
      vertex 31.3693 0 72.7063
    endloop
  endfacet
  facet normal -0.751966 0 -0.659202
    outer loop
      vertex 35.385 0 74.3697
      vertex 35.191 1.01 74.591
      vertex 35.385 1.01 74.3697
    endloop
  endfacet
  facet normal -0.751966 -0 -0.659202
    outer loop
      vertex 35.191 1.01 74.591
      vertex 35.385 0 74.3697
      vertex 35.191 0 74.591
    endloop
  endfacet
  facet normal -0.997848 0 -0.0655719
    outer loop
      vertex 35.85 0 73
      vertex 35.8307 1.01 73.2937
      vertex 35.85 1.01 73
    endloop
  endfacet
  facet normal -0.997848 -0 -0.0655719
    outer loop
      vertex 35.8307 1.01 73.2937
      vertex 35.85 0 73
      vertex 35.8307 0 73.2937
    endloop
  endfacet
  facet normal -0.555562 0 0.831475
    outer loop
      vertex 34.725 1.01 71.0515
      vertex 34.9697 0 71.215
      vertex 34.9697 1.01 71.215
    endloop
  endfacet
  facet normal -0.555562 0 0.831475
    outer loop
      vertex 34.9697 0 71.215
      vertex 34.725 1.01 71.0515
      vertex 34.725 0 71.0515
    endloop
  endfacet
  facet normal 0.980789 -0 0.19507
    outer loop
      vertex 31.3693 0 72.7063
      vertex 31.4267 1.01 72.4177
      vertex 31.3693 1.01 72.7063
    endloop
  endfacet
  facet normal 0.980789 0 0.19507
    outer loop
      vertex 31.4267 1.01 72.4177
      vertex 31.3693 0 72.7063
      vertex 31.4267 0 72.4177
    endloop
  endfacet
  facet normal 0.980789 0 -0.19507
    outer loop
      vertex 31.4267 0 73.5823
      vertex 31.3693 1.01 73.2937
      vertex 31.4267 1.01 73.5823
    endloop
  endfacet
  facet normal 0.980789 0 -0.19507
    outer loop
      vertex 31.3693 1.01 73.2937
      vertex 31.4267 0 73.5823
      vertex 31.3693 0 73.2937
    endloop
  endfacet
  facet normal -0.659202 0 0.751966
    outer loop
      vertex 34.9697 1.01 71.215
      vertex 35.191 0 71.409
      vertex 35.191 1.01 71.409
    endloop
  endfacet
  facet normal -0.659202 0 0.751966
    outer loop
      vertex 35.191 0 71.409
      vertex 34.9697 1.01 71.215
      vertex 34.9697 0 71.215
    endloop
  endfacet
  facet normal -0.997848 0 0.0655719
    outer loop
      vertex 35.8307 0 72.7063
      vertex 35.85 1.01 73
      vertex 35.8307 1.01 72.7063
    endloop
  endfacet
  facet normal -0.997848 0 0.0655719
    outer loop
      vertex 35.85 1.01 73
      vertex 35.8307 0 72.7063
      vertex 35.85 0 73
    endloop
  endfacet
  facet normal 0.751966 -0 0.659202
    outer loop
      vertex 31.815 0 71.6303
      vertex 32.009 1.01 71.409
      vertex 31.815 1.01 71.6303
    endloop
  endfacet
  facet normal 0.751966 0 0.659202
    outer loop
      vertex 32.009 1.01 71.409
      vertex 31.815 0 71.6303
      vertex 32.009 0 71.409
    endloop
  endfacet
  facet normal 0.997848 0 -0.0655719
    outer loop
      vertex 31.3693 0 73.2937
      vertex 31.35 1.01 73
      vertex 31.3693 1.01 73.2937
    endloop
  endfacet
  facet normal 0.997848 0 -0.0655719
    outer loop
      vertex 31.35 1.01 73
      vertex 31.3693 0 73.2937
      vertex 31.35 0 73
    endloop
  endfacet
  facet normal -0.89686 0 0.442315
    outer loop
      vertex 35.5485 0 71.875
      vertex 35.6787 1.01 72.139
      vertex 35.5485 1.01 71.875
    endloop
  endfacet
  facet normal -0.89686 0 0.442315
    outer loop
      vertex 35.6787 1.01 72.139
      vertex 35.5485 0 71.875
      vertex 35.6787 0 72.139
    endloop
  endfacet
  facet normal -0.946936 0 -0.321421
    outer loop
      vertex 35.7733 0 73.5823
      vertex 35.6787 1.01 73.861
      vertex 35.7733 1.01 73.5823
    endloop
  endfacet
  facet normal -0.946936 -0 -0.321421
    outer loop
      vertex 35.6787 1.01 73.861
      vertex 35.7733 0 73.5823
      vertex 35.6787 0 73.861
    endloop
  endfacet
  facet normal -0.89686 0 -0.442315
    outer loop
      vertex 35.6787 0 73.861
      vertex 35.5485 1.01 74.125
      vertex 35.6787 1.01 73.861
    endloop
  endfacet
  facet normal -0.89686 -0 -0.442315
    outer loop
      vertex 35.5485 1.01 74.125
      vertex 35.6787 0 73.861
      vertex 35.5485 0 74.125
    endloop
  endfacet
  facet normal 0.831475 -0 0.555562
    outer loop
      vertex 31.6515 0 71.875
      vertex 31.815 1.01 71.6303
      vertex 31.6515 1.01 71.875
    endloop
  endfacet
  facet normal 0.831475 0 0.555562
    outer loop
      vertex 31.815 1.01 71.6303
      vertex 31.6515 0 71.875
      vertex 31.815 0 71.6303
    endloop
  endfacet
  facet normal -0.442315 0 0.89686
    outer loop
      vertex 34.461 1.01 70.9213
      vertex 34.725 0 71.0515
      vertex 34.725 1.01 71.0515
    endloop
  endfacet
  facet normal -0.442315 0 0.89686
    outer loop
      vertex 34.725 0 71.0515
      vertex 34.461 1.01 70.9213
      vertex 34.461 0 70.9213
    endloop
  endfacet
  facet normal 0 1 0
    outer loop
      vertex 33.6 1.01 76.1819
      vertex 33.6 1.01 79.3639
      vertex 36.7815 1.01 76.1824
    endloop
  endfacet
  facet normal 0 1 0
    outer loop
      vertex 35.191 1.01 74.591
      vertex 36.7815 1.01 76.1824
      vertex 36.782 1.01 76.182
    endloop
  endfacet
  facet normal 0 1 0
    outer loop
      vertex 33.6 1.01 79.3639
      vertex 33.6 1.01 76.1819
      vertex 30.4185 1.01 76.1824
    endloop
  endfacet
  facet normal 0 1 -0
    outer loop
      vertex 32.009 1.01 74.591
      vertex 30.4185 1.01 76.1824
      vertex 33.6 1.01 76.1819
    endloop
  endfacet
  facet normal 0 1 0
    outer loop
      vertex 35.191 1.01 74.591
      vertex 36.782 1.01 76.182
      vertex 37.1701 1.01 75.7394
    endloop
  endfacet
  facet normal 0 1 0
    outer loop
      vertex 35.385 1.01 74.3697
      vertex 37.1701 1.01 75.7394
      vertex 37.4971 1.01 75.25
    endloop
  endfacet
  facet normal 0 1 0
    outer loop
      vertex 35.5485 1.01 74.125
      vertex 37.4971 1.01 75.25
      vertex 37.7575 1.01 74.7221
    endloop
  endfacet
  facet normal 0 1 0
    outer loop
      vertex 36.7815 1.01 76.1824
      vertex 35.191 1.01 74.591
      vertex 33.6 1.01 76.1819
    endloop
  endfacet
  facet normal 0 1 0
    outer loop
      vertex 37.1701 1.01 75.7394
      vertex 35.385 1.01 74.3697
      vertex 35.191 1.01 74.591
    endloop
  endfacet
  facet normal 0 1 0
    outer loop
      vertex 35.6787 1.01 73.861
      vertex 37.7575 1.01 74.7221
      vertex 37.9467 1.01 74.1647
    endloop
  endfacet
  facet normal 0 1 0
    outer loop
      vertex 37.4971 1.01 75.25
      vertex 35.5485 1.01 74.125
      vertex 35.385 1.01 74.3697
    endloop
  endfacet
  facet normal 0 1 0
    outer loop
      vertex 37.7575 1.01 74.7221
      vertex 35.6787 1.01 73.861
      vertex 35.5485 1.01 74.125
    endloop
  endfacet
  facet normal 0 1 0
    outer loop
      vertex 35.7733 1.01 73.5823
      vertex 37.9467 1.01 74.1647
      vertex 38.0615 1.01 73.5874
    endloop
  endfacet
  facet normal 0 1 0
    outer loop
      vertex 37.9467 1.01 74.1647
      vertex 35.7733 1.01 73.5823
      vertex 35.6787 1.01 73.861
    endloop
  endfacet
  facet normal 0 1 0
    outer loop
      vertex 38.0615 1.01 73.5874
      vertex 35.8307 1.01 73.2937
      vertex 35.7733 1.01 73.5823
    endloop
  endfacet
  facet normal 0 1 0
    outer loop
      vertex 38.1 1.01 73
      vertex 35.8307 1.01 73.2937
      vertex 38.0615 1.01 73.5874
    endloop
  endfacet
  facet normal 0 1 0
    outer loop
      vertex 38.1 1.01 73
      vertex 35.85 1.01 73
      vertex 35.8307 1.01 73.2937
    endloop
  endfacet
  facet normal 0 1 0
    outer loop
      vertex 38.1 1.01 73
      vertex 35.8307 1.01 72.7063
      vertex 35.85 1.01 73
    endloop
  endfacet
  facet normal 0 1 -0
    outer loop
      vertex 38.0615 1.01 72.4126
      vertex 35.8307 1.01 72.7063
      vertex 38.1 1.01 73
    endloop
  endfacet
  facet normal 0 1 0
    outer loop
      vertex 35.8307 1.01 72.7063
      vertex 38.0615 1.01 72.4126
      vertex 35.7733 1.01 72.4177
    endloop
  endfacet
  facet normal 0 1 -0
    outer loop
      vertex 37.9467 1.01 71.8353
      vertex 35.7733 1.01 72.4177
      vertex 38.0615 1.01 72.4126
    endloop
  endfacet
  facet normal 0 1 0
    outer loop
      vertex 35.7733 1.01 72.4177
      vertex 37.9467 1.01 71.8353
      vertex 35.6787 1.01 72.139
    endloop
  endfacet
  facet normal 0 1 -0
    outer loop
      vertex 37.7575 1.01 71.2779
      vertex 35.6787 1.01 72.139
      vertex 37.9467 1.01 71.8353
    endloop
  endfacet
  facet normal 0 1 0
    outer loop
      vertex 35.6787 1.01 72.139
      vertex 37.7575 1.01 71.2779
      vertex 35.5485 1.01 71.875
    endloop
  endfacet
  facet normal 0 1 -0
    outer loop
      vertex 37.4971 1.01 70.75
      vertex 35.5485 1.01 71.875
      vertex 37.7575 1.01 71.2779
    endloop
  endfacet
  facet normal 0 1 0
    outer loop
      vertex 35.5485 1.01 71.875
      vertex 37.4971 1.01 70.75
      vertex 35.385 1.01 71.6303
    endloop
  endfacet
  facet normal 0 1 -0
    outer loop
      vertex 37.1701 1.01 70.2606
      vertex 35.385 1.01 71.6303
      vertex 37.4971 1.01 70.75
    endloop
  endfacet
  facet normal 0 1 0
    outer loop
      vertex 35.385 1.01 71.6303
      vertex 37.1701 1.01 70.2606
      vertex 35.191 1.01 71.409
    endloop
  endfacet
  facet normal 0 1 -0
    outer loop
      vertex 36.782 1.01 69.818
      vertex 35.191 1.01 71.409
      vertex 37.1701 1.01 70.2606
    endloop
  endfacet
  facet normal 0 1 0
    outer loop
      vertex 35.191 1.01 71.409
      vertex 36.782 1.01 69.818
      vertex 34.9697 1.01 71.215
    endloop
  endfacet
  facet normal 0 1 -0
    outer loop
      vertex 36.3394 1.01 69.4299
      vertex 34.9697 1.01 71.215
      vertex 36.782 1.01 69.818
    endloop
  endfacet
  facet normal 0 1 0
    outer loop
      vertex 34.9697 1.01 71.215
      vertex 36.3394 1.01 69.4299
      vertex 34.725 1.01 71.0515
    endloop
  endfacet
  facet normal 0 1 -0
    outer loop
      vertex 35.85 1.01 69.1029
      vertex 34.725 1.01 71.0515
      vertex 36.3394 1.01 69.4299
    endloop
  endfacet
  facet normal 0 1 0
    outer loop
      vertex 34.725 1.01 71.0515
      vertex 35.85 1.01 69.1029
      vertex 34.461 1.01 70.9213
    endloop
  endfacet
  facet normal 0 1 -0
    outer loop
      vertex 35.3221 1.01 68.8425
      vertex 34.461 1.01 70.9213
      vertex 35.85 1.01 69.1029
    endloop
  endfacet
  facet normal 0 1 0
    outer loop
      vertex 33.6 1.01 70.75
      vertex 30.0299 1.01 70.2606
      vertex 29.7029 1.01 70.75
    endloop
  endfacet
  facet normal 0 1 0
    outer loop
      vertex 34.461 1.01 70.9213
      vertex 35.3221 1.01 68.8425
      vertex 34.1823 1.01 70.8267
    endloop
  endfacet
  facet normal 0 1 0
    outer loop
      vertex 33.6 1.01 70.75
      vertex 30.418 1.01 69.818
      vertex 30.0299 1.01 70.2606
    endloop
  endfacet
  facet normal 0 1 -0
    outer loop
      vertex 34.7647 1.01 68.6533
      vertex 34.1823 1.01 70.8267
      vertex 35.3221 1.01 68.8425
    endloop
  endfacet
  facet normal 0 1 0
    outer loop
      vertex 33.6 1.01 70.75
      vertex 30.8606 1.01 69.4299
      vertex 30.418 1.01 69.818
    endloop
  endfacet
  facet normal 0 1 0
    outer loop
      vertex 34.1823 1.01 70.8267
      vertex 34.7647 1.01 68.6533
      vertex 33.8937 1.01 70.7693
    endloop
  endfacet
  facet normal 0 1 0
    outer loop
      vertex 33.6 1.01 70.75
      vertex 31.35 1.01 69.1029
      vertex 30.8606 1.01 69.4299
    endloop
  endfacet
  facet normal 0 1 -0
    outer loop
      vertex 34.1874 1.01 68.5385
      vertex 33.8937 1.01 70.7693
      vertex 34.7647 1.01 68.6533
    endloop
  endfacet
  facet normal 0 1 0
    outer loop
      vertex 33.6 1.01 70.75
      vertex 31.8779 1.01 68.8425
      vertex 31.35 1.01 69.1029
    endloop
  endfacet
  facet normal 0 1 0
    outer loop
      vertex 33.8937 1.01 70.7693
      vertex 34.1874 1.01 68.5385
      vertex 33.6 1.01 70.75
    endloop
  endfacet
  facet normal 0 1 0
    outer loop
      vertex 33.6 1.01 70.75
      vertex 32.4353 1.01 68.6533
      vertex 31.8779 1.01 68.8425
    endloop
  endfacet
  facet normal 0 1 0
    outer loop
      vertex 33.6 1.01 68.5
      vertex 33.6 1.01 70.75
      vertex 34.1874 1.01 68.5385
    endloop
  endfacet
  facet normal 0 1 0
    outer loop
      vertex 33.6 1.01 70.75
      vertex 33.0126 1.01 68.5385
      vertex 32.4353 1.01 68.6533
    endloop
  endfacet
  facet normal 0 1 0
    outer loop
      vertex 33.6 1.01 70.75
      vertex 33.6 1.01 68.5
      vertex 33.0126 1.01 68.5385
    endloop
  endfacet
  facet normal 0 1 0
    outer loop
      vertex 30.4185 1.01 76.1824
      vertex 32.009 1.01 74.591
      vertex 30.418 1.01 76.182
    endloop
  endfacet
  facet normal 0 1 0
    outer loop
      vertex 30.418 1.01 76.182
      vertex 32.009 1.01 74.591
      vertex 30.0299 1.01 75.7394
    endloop
  endfacet
  facet normal 0 1 -0
    outer loop
      vertex 31.815 1.01 74.3697
      vertex 30.0299 1.01 75.7394
      vertex 32.009 1.01 74.591
    endloop
  endfacet
  facet normal 0 1 0
    outer loop
      vertex 30.0299 1.01 75.7394
      vertex 31.815 1.01 74.3697
      vertex 29.7029 1.01 75.25
    endloop
  endfacet
  facet normal 0 1 -0
    outer loop
      vertex 31.6515 1.01 74.125
      vertex 29.7029 1.01 75.25
      vertex 31.815 1.01 74.3697
    endloop
  endfacet
  facet normal 0 1 0
    outer loop
      vertex 29.7029 1.01 75.25
      vertex 31.6515 1.01 74.125
      vertex 29.4425 1.01 74.7221
    endloop
  endfacet
  facet normal 0 1 -0
    outer loop
      vertex 31.5213 1.01 73.861
      vertex 29.4425 1.01 74.7221
      vertex 31.6515 1.01 74.125
    endloop
  endfacet
  facet normal 0 1 0
    outer loop
      vertex 29.4425 1.01 74.7221
      vertex 31.5213 1.01 73.861
      vertex 29.2533 1.01 74.1647
    endloop
  endfacet
  facet normal 0 1 -0
    outer loop
      vertex 31.4267 1.01 73.5823
      vertex 29.2533 1.01 74.1647
      vertex 31.5213 1.01 73.861
    endloop
  endfacet
  facet normal 0 1 0
    outer loop
      vertex 29.2533 1.01 74.1647
      vertex 31.4267 1.01 73.5823
      vertex 29.1385 1.01 73.5874
    endloop
  endfacet
  facet normal 0 1 -0
    outer loop
      vertex 31.3693 1.01 73.2937
      vertex 29.1385 1.01 73.5874
      vertex 31.4267 1.01 73.5823
    endloop
  endfacet
  facet normal 0 1 -0
    outer loop
      vertex 31.35 1.01 73
      vertex 29.1385 1.01 73.5874
      vertex 31.3693 1.01 73.2937
    endloop
  endfacet
  facet normal 0 1 0
    outer loop
      vertex 31.35 1.01 73
      vertex 29.1 1.01 73
      vertex 29.1385 1.01 73.5874
    endloop
  endfacet
  facet normal 0 1 0
    outer loop
      vertex 31.3693 1.01 72.7063
      vertex 29.1 1.01 73
      vertex 31.35 1.01 73
    endloop
  endfacet
  facet normal 0 1 0
    outer loop
      vertex 29.1385 1.01 72.4126
      vertex 31.3693 1.01 72.7063
      vertex 31.4267 1.01 72.4177
    endloop
  endfacet
  facet normal 0 1 0
    outer loop
      vertex 31.3693 1.01 72.7063
      vertex 29.1385 1.01 72.4126
      vertex 29.1 1.01 73
    endloop
  endfacet
  facet normal 0 1 0
    outer loop
      vertex 29.2533 1.01 71.8353
      vertex 31.4267 1.01 72.4177
      vertex 31.5213 1.01 72.139
    endloop
  endfacet
  facet normal 0 1 0
    outer loop
      vertex 29.4425 1.01 71.2779
      vertex 31.5213 1.01 72.139
      vertex 31.6515 1.01 71.875
    endloop
  endfacet
  facet normal 0 1 0
    outer loop
      vertex 31.4267 1.01 72.4177
      vertex 29.2533 1.01 71.8353
      vertex 29.1385 1.01 72.4126
    endloop
  endfacet
  facet normal 0 1 0
    outer loop
      vertex 29.7029 1.01 70.75
      vertex 31.6515 1.01 71.875
      vertex 31.815 1.01 71.6303
    endloop
  endfacet
  facet normal 0 1 0
    outer loop
      vertex 29.7029 1.01 70.75
      vertex 31.815 1.01 71.6303
      vertex 32.009 1.01 71.409
    endloop
  endfacet
  facet normal 0 1 0
    outer loop
      vertex 31.5213 1.01 72.139
      vertex 29.4425 1.01 71.2779
      vertex 29.2533 1.01 71.8353
    endloop
  endfacet
  facet normal 0 1 0
    outer loop
      vertex 29.7029 1.01 70.75
      vertex 32.009 1.01 71.409
      vertex 32.2303 1.01 71.215
    endloop
  endfacet
  facet normal 0 1 0
    outer loop
      vertex 29.7029 1.01 70.75
      vertex 32.2303 1.01 71.215
      vertex 32.475 1.01 71.0515
    endloop
  endfacet
  facet normal 0 1 0
    outer loop
      vertex 29.7029 1.01 70.75
      vertex 32.475 1.01 71.0515
      vertex 32.739 1.01 70.9213
    endloop
  endfacet
  facet normal 0 1 0
    outer loop
      vertex 29.7029 1.01 70.75
      vertex 32.739 1.01 70.9213
      vertex 33.0177 1.01 70.8267
    endloop
  endfacet
  facet normal 0 1 0
    outer loop
      vertex 29.7029 1.01 70.75
      vertex 33.0177 1.01 70.8267
      vertex 33.3063 1.01 70.7693
    endloop
  endfacet
  facet normal 0 1 0
    outer loop
      vertex 31.6515 1.01 71.875
      vertex 29.7029 1.01 70.75
      vertex 29.4425 1.01 71.2779
    endloop
  endfacet
  facet normal 0 1 0
    outer loop
      vertex 29.7029 1.01 70.75
      vertex 33.3063 1.01 70.7693
      vertex 33.6 1.01 70.75
    endloop
  endfacet
  facet normal -0.195038 0 0.980796
    outer loop
      vertex 34.1874 3.2 68.5385
      vertex 34.7647 1.01 68.6533
      vertex 34.7647 3.2 68.6533
    endloop
  endfacet
  facet normal -0.195038 0 0.980796
    outer loop
      vertex 34.7647 1.01 68.6533
      vertex 34.1874 3.2 68.5385
      vertex 34.1874 1.01 68.5385
    endloop
  endfacet
  facet normal -0.321421 0 0.946936
    outer loop
      vertex 34.7647 3.2 68.6533
      vertex 35.3221 1.01 68.8425
      vertex 35.3221 3.2 68.8425
    endloop
  endfacet
  facet normal -0.321421 0 0.946936
    outer loop
      vertex 35.3221 1.01 68.8425
      vertex 34.7647 3.2 68.6533
      vertex 34.7647 1.01 68.6533
    endloop
  endfacet
  facet normal -0.442382 0 0.896827
    outer loop
      vertex 35.3221 3.2 68.8425
      vertex 35.85 1.01 69.1029
      vertex 35.85 3.2 69.1029
    endloop
  endfacet
  facet normal -0.442382 0 0.896827
    outer loop
      vertex 35.85 1.01 69.1029
      vertex 35.3221 3.2 68.8425
      vertex 35.3221 1.01 68.8425
    endloop
  endfacet
  facet normal -0.555562 0 0.831475
    outer loop
      vertex 35.85 3.2 69.1029
      vertex 36.3394 1.01 69.4299
      vertex 36.3394 3.2 69.4299
    endloop
  endfacet
  facet normal -0.555562 0 0.831475
    outer loop
      vertex 36.3394 1.01 69.4299
      vertex 35.85 3.2 69.1029
      vertex 35.85 1.01 69.1029
    endloop
  endfacet
  facet normal -0.659298 0 0.751882
    outer loop
      vertex 36.3394 3.2 69.4299
      vertex 36.782 1.01 69.818
      vertex 36.782 3.2 69.818
    endloop
  endfacet
  facet normal -0.659298 0 0.751882
    outer loop
      vertex 36.782 1.01 69.818
      vertex 36.3394 3.2 69.4299
      vertex 36.3394 1.01 69.4299
    endloop
  endfacet
  facet normal -0.751882 0 0.659298
    outer loop
      vertex 36.782 1.01 69.818
      vertex 37.1701 3.2 70.2606
      vertex 36.782 3.2 69.818
    endloop
  endfacet
  facet normal -0.751882 0 0.659298
    outer loop
      vertex 37.1701 3.2 70.2606
      vertex 36.782 1.01 69.818
      vertex 37.1701 1.01 70.2606
    endloop
  endfacet
  facet normal -0.831475 0 0.555562
    outer loop
      vertex 37.1701 1.01 70.2606
      vertex 37.4971 3.2 70.75
      vertex 37.1701 3.2 70.2606
    endloop
  endfacet
  facet normal -0.831475 0 0.555562
    outer loop
      vertex 37.4971 3.2 70.75
      vertex 37.1701 1.01 70.2606
      vertex 37.4971 1.01 70.75
    endloop
  endfacet
  facet normal -0.896827 0 0.442382
    outer loop
      vertex 37.4971 1.01 70.75
      vertex 37.7575 3.2 71.2779
      vertex 37.4971 3.2 70.75
    endloop
  endfacet
  facet normal -0.896827 0 0.442382
    outer loop
      vertex 37.7575 3.2 71.2779
      vertex 37.4971 1.01 70.75
      vertex 37.7575 1.01 71.2779
    endloop
  endfacet
  facet normal -0.946936 0 0.321421
    outer loop
      vertex 37.7575 1.01 71.2779
      vertex 37.9467 3.2 71.8353
      vertex 37.7575 3.2 71.2779
    endloop
  endfacet
  facet normal -0.946936 0 0.321421
    outer loop
      vertex 37.9467 3.2 71.8353
      vertex 37.7575 1.01 71.2779
      vertex 37.9467 1.01 71.8353
    endloop
  endfacet
  facet normal -0.980796 0 0.195038
    outer loop
      vertex 37.9467 1.01 71.8353
      vertex 38.0615 3.2 72.4126
      vertex 37.9467 3.2 71.8353
    endloop
  endfacet
  facet normal -0.980796 0 0.195038
    outer loop
      vertex 38.0615 3.2 72.4126
      vertex 37.9467 1.01 71.8353
      vertex 38.0615 1.01 72.4126
    endloop
  endfacet
  facet normal -0.997859 0 0.0654027
    outer loop
      vertex 38.0615 1.01 72.4126
      vertex 38.1 3.2 73
      vertex 38.0615 3.2 72.4126
    endloop
  endfacet
  facet normal -0.997859 0 0.0654027
    outer loop
      vertex 38.1 3.2 73
      vertex 38.0615 1.01 72.4126
      vertex 38.1 1.01 73
    endloop
  endfacet
  facet normal -0.997859 0 -0.0654027
    outer loop
      vertex 38.1 1.01 73
      vertex 38.0615 3.2 73.5874
      vertex 38.1 3.2 73
    endloop
  endfacet
  facet normal -0.997859 -0 -0.0654027
    outer loop
      vertex 38.0615 3.2 73.5874
      vertex 38.1 1.01 73
      vertex 38.0615 1.01 73.5874
    endloop
  endfacet
  facet normal -0.980796 0 -0.195038
    outer loop
      vertex 38.0615 1.01 73.5874
      vertex 37.9467 3.2 74.1647
      vertex 38.0615 3.2 73.5874
    endloop
  endfacet
  facet normal -0.980796 -0 -0.195038
    outer loop
      vertex 37.9467 3.2 74.1647
      vertex 38.0615 1.01 73.5874
      vertex 37.9467 1.01 74.1647
    endloop
  endfacet
  facet normal -0.946936 0 -0.321421
    outer loop
      vertex 37.9467 1.01 74.1647
      vertex 37.7575 3.2 74.7221
      vertex 37.9467 3.2 74.1647
    endloop
  endfacet
  facet normal -0.946936 -0 -0.321421
    outer loop
      vertex 37.7575 3.2 74.7221
      vertex 37.9467 1.01 74.1647
      vertex 37.7575 1.01 74.7221
    endloop
  endfacet
  facet normal -0.896827 0 -0.442382
    outer loop
      vertex 37.7575 1.01 74.7221
      vertex 37.4971 3.2 75.25
      vertex 37.7575 3.2 74.7221
    endloop
  endfacet
  facet normal -0.896827 -0 -0.442382
    outer loop
      vertex 37.4971 3.2 75.25
      vertex 37.7575 1.01 74.7221
      vertex 37.4971 1.01 75.25
    endloop
  endfacet
  facet normal -0.831475 0 -0.555562
    outer loop
      vertex 37.4971 1.01 75.25
      vertex 37.1701 3.2 75.7394
      vertex 37.4971 3.2 75.25
    endloop
  endfacet
  facet normal -0.831475 -0 -0.555562
    outer loop
      vertex 37.1701 3.2 75.7394
      vertex 37.4971 1.01 75.25
      vertex 37.1701 1.01 75.7394
    endloop
  endfacet
  facet normal -0.751882 0 -0.659298
    outer loop
      vertex 37.1701 1.01 75.7394
      vertex 36.782 3.2 76.182
      vertex 37.1701 3.2 75.7394
    endloop
  endfacet
  facet normal -0.751882 -0 -0.659298
    outer loop
      vertex 36.782 3.2 76.182
      vertex 37.1701 1.01 75.7394
      vertex 36.782 1.01 76.182
    endloop
  endfacet
  facet normal -0.624695 0 -0.780869
    outer loop
      vertex 36.7815 1.01 76.1824
      vertex 36.782 3.2 76.182
      vertex 36.782 1.01 76.182
    endloop
  endfacet
  facet normal -0.624695 0 -0.780869
    outer loop
      vertex 36.782 3.2 76.182
      vertex 36.7815 1.01 76.1824
      vertex 36.7815 3.2 76.1824
    endloop
  endfacet
  facet normal -0.707107 0 -0.707107
    outer loop
      vertex 36.7815 1.01 76.1824
      vertex 33.6 3.2 79.3639
      vertex 36.7815 3.2 76.1824
    endloop
  endfacet
  facet normal -0.707107 -0 -0.707107
    outer loop
      vertex 33.6 3.2 79.3639
      vertex 36.7815 1.01 76.1824
      vertex 33.6 1.01 79.3639
    endloop
  endfacet
  facet normal 0.707107 0 -0.707107
    outer loop
      vertex 33.6 1.01 79.3639
      vertex 30.4185 3.2 76.1824
      vertex 33.6 3.2 79.3639
    endloop
  endfacet
  facet normal 0.707107 0 -0.707107
    outer loop
      vertex 30.4185 3.2 76.1824
      vertex 33.6 1.01 79.3639
      vertex 30.4185 1.01 76.1824
    endloop
  endfacet
  facet normal 0.624695 0 -0.780869
    outer loop
      vertex 30.418 1.01 76.182
      vertex 30.4185 3.2 76.1824
      vertex 30.4185 1.01 76.1824
    endloop
  endfacet
  facet normal 0.624695 0 -0.780869
    outer loop
      vertex 30.4185 3.2 76.1824
      vertex 30.418 1.01 76.182
      vertex 30.418 3.2 76.182
    endloop
  endfacet
  facet normal 0.751882 0 -0.659298
    outer loop
      vertex 30.418 1.01 76.182
      vertex 30.0299 3.2 75.7394
      vertex 30.418 3.2 76.182
    endloop
  endfacet
  facet normal 0.751882 0 -0.659298
    outer loop
      vertex 30.0299 3.2 75.7394
      vertex 30.418 1.01 76.182
      vertex 30.0299 1.01 75.7394
    endloop
  endfacet
  facet normal 0.831475 0 -0.555562
    outer loop
      vertex 30.0299 1.01 75.7394
      vertex 29.7029 3.2 75.25
      vertex 30.0299 3.2 75.7394
    endloop
  endfacet
  facet normal 0.831475 0 -0.555562
    outer loop
      vertex 29.7029 3.2 75.25
      vertex 30.0299 1.01 75.7394
      vertex 29.7029 1.01 75.25
    endloop
  endfacet
  facet normal 0.896827 0 -0.442382
    outer loop
      vertex 29.7029 1.01 75.25
      vertex 29.4425 3.2 74.7221
      vertex 29.7029 3.2 75.25
    endloop
  endfacet
  facet normal 0.896827 0 -0.442382
    outer loop
      vertex 29.4425 3.2 74.7221
      vertex 29.7029 1.01 75.25
      vertex 29.4425 1.01 74.7221
    endloop
  endfacet
  facet normal 0.946936 0 -0.321421
    outer loop
      vertex 29.4425 1.01 74.7221
      vertex 29.2533 3.2 74.1647
      vertex 29.4425 3.2 74.7221
    endloop
  endfacet
  facet normal 0.946936 0 -0.321421
    outer loop
      vertex 29.2533 3.2 74.1647
      vertex 29.4425 1.01 74.7221
      vertex 29.2533 1.01 74.1647
    endloop
  endfacet
  facet normal 0.980796 0 -0.195038
    outer loop
      vertex 29.2533 1.01 74.1647
      vertex 29.1385 3.2 73.5874
      vertex 29.2533 3.2 74.1647
    endloop
  endfacet
  facet normal 0.980796 0 -0.195038
    outer loop
      vertex 29.1385 3.2 73.5874
      vertex 29.2533 1.01 74.1647
      vertex 29.1385 1.01 73.5874
    endloop
  endfacet
  facet normal 0.997859 0 -0.0654027
    outer loop
      vertex 29.1385 1.01 73.5874
      vertex 29.1 3.2 73
      vertex 29.1385 3.2 73.5874
    endloop
  endfacet
  facet normal 0.997859 0 -0.0654027
    outer loop
      vertex 29.1 3.2 73
      vertex 29.1385 1.01 73.5874
      vertex 29.1 1.01 73
    endloop
  endfacet
  facet normal 0.997859 -0 0.0654027
    outer loop
      vertex 29.1 1.01 73
      vertex 29.1385 3.2 72.4126
      vertex 29.1 3.2 73
    endloop
  endfacet
  facet normal 0.997859 0 0.0654027
    outer loop
      vertex 29.1385 3.2 72.4126
      vertex 29.1 1.01 73
      vertex 29.1385 1.01 72.4126
    endloop
  endfacet
  facet normal 0.980796 -0 0.195038
    outer loop
      vertex 29.1385 1.01 72.4126
      vertex 29.2533 3.2 71.8353
      vertex 29.1385 3.2 72.4126
    endloop
  endfacet
  facet normal 0.980796 0 0.195038
    outer loop
      vertex 29.2533 3.2 71.8353
      vertex 29.1385 1.01 72.4126
      vertex 29.2533 1.01 71.8353
    endloop
  endfacet
  facet normal 0.946936 -0 0.321421
    outer loop
      vertex 29.2533 1.01 71.8353
      vertex 29.4425 3.2 71.2779
      vertex 29.2533 3.2 71.8353
    endloop
  endfacet
  facet normal 0.946936 0 0.321421
    outer loop
      vertex 29.4425 3.2 71.2779
      vertex 29.2533 1.01 71.8353
      vertex 29.4425 1.01 71.2779
    endloop
  endfacet
  facet normal 0.896827 -0 0.442382
    outer loop
      vertex 29.4425 1.01 71.2779
      vertex 29.7029 3.2 70.75
      vertex 29.4425 3.2 71.2779
    endloop
  endfacet
  facet normal 0.896827 0 0.442382
    outer loop
      vertex 29.7029 3.2 70.75
      vertex 29.4425 1.01 71.2779
      vertex 29.7029 1.01 70.75
    endloop
  endfacet
  facet normal 0.831475 -0 0.555562
    outer loop
      vertex 29.7029 1.01 70.75
      vertex 30.0299 3.2 70.2606
      vertex 29.7029 3.2 70.75
    endloop
  endfacet
  facet normal 0.831475 0 0.555562
    outer loop
      vertex 30.0299 3.2 70.2606
      vertex 29.7029 1.01 70.75
      vertex 30.0299 1.01 70.2606
    endloop
  endfacet
  facet normal 0.751882 -0 0.659298
    outer loop
      vertex 30.0299 1.01 70.2606
      vertex 30.418 3.2 69.818
      vertex 30.0299 3.2 70.2606
    endloop
  endfacet
  facet normal 0.751882 0 0.659298
    outer loop
      vertex 30.418 3.2 69.818
      vertex 30.0299 1.01 70.2606
      vertex 30.418 1.01 69.818
    endloop
  endfacet
  facet normal 0.659298 0 0.751882
    outer loop
      vertex 30.418 3.2 69.818
      vertex 30.8606 1.01 69.4299
      vertex 30.8606 3.2 69.4299
    endloop
  endfacet
  facet normal 0.659298 0 0.751882
    outer loop
      vertex 30.8606 1.01 69.4299
      vertex 30.418 3.2 69.818
      vertex 30.418 1.01 69.818
    endloop
  endfacet
  facet normal 0.555562 0 0.831475
    outer loop
      vertex 30.8606 3.2 69.4299
      vertex 31.35 1.01 69.1029
      vertex 31.35 3.2 69.1029
    endloop
  endfacet
  facet normal 0.555562 0 0.831475
    outer loop
      vertex 31.35 1.01 69.1029
      vertex 30.8606 3.2 69.4299
      vertex 30.8606 1.01 69.4299
    endloop
  endfacet
  facet normal 0.442382 0 0.896827
    outer loop
      vertex 31.35 3.2 69.1029
      vertex 31.8779 1.01 68.8425
      vertex 31.8779 3.2 68.8425
    endloop
  endfacet
  facet normal 0.442382 0 0.896827
    outer loop
      vertex 31.8779 1.01 68.8425
      vertex 31.35 3.2 69.1029
      vertex 31.35 1.01 69.1029
    endloop
  endfacet
  facet normal 0.321421 0 0.946936
    outer loop
      vertex 31.8779 3.2 68.8425
      vertex 32.4353 1.01 68.6533
      vertex 32.4353 3.2 68.6533
    endloop
  endfacet
  facet normal 0.321421 0 0.946936
    outer loop
      vertex 32.4353 1.01 68.6533
      vertex 31.8779 3.2 68.8425
      vertex 31.8779 1.01 68.8425
    endloop
  endfacet
  facet normal 0.195038 0 0.980796
    outer loop
      vertex 32.4353 3.2 68.6533
      vertex 33.0126 1.01 68.5385
      vertex 33.0126 3.2 68.5385
    endloop
  endfacet
  facet normal 0.195038 0 0.980796
    outer loop
      vertex 33.0126 1.01 68.5385
      vertex 32.4353 3.2 68.6533
      vertex 32.4353 1.01 68.6533
    endloop
  endfacet
  facet normal 0.0654027 0 0.997859
    outer loop
      vertex 33.0126 3.2 68.5385
      vertex 33.6 1.01 68.5
      vertex 33.6 3.2 68.5
    endloop
  endfacet
  facet normal 0.0654027 0 0.997859
    outer loop
      vertex 33.6 1.01 68.5
      vertex 33.0126 3.2 68.5385
      vertex 33.0126 1.01 68.5385
    endloop
  endfacet
  facet normal -0.0654027 0 0.997859
    outer loop
      vertex 33.6 3.2 68.5
      vertex 34.1874 1.01 68.5385
      vertex 34.1874 3.2 68.5385
    endloop
  endfacet
  facet normal -0.0654027 0 0.997859
    outer loop
      vertex 34.1874 1.01 68.5385
      vertex 33.6 3.2 68.5
      vertex 33.6 1.01 68.5
    endloop
  endfacet
  facet normal -1 0 0
    outer loop
      vertex 41 4.8 2.4
      vertex 41 17.8 60
      vertex 41 17.8 2.4
    endloop
  endfacet
  facet normal -1 -0 0
    outer loop
      vertex 41 17.8 60
      vertex 41 4.8 2.4
      vertex 41 4.8 60
    endloop
  endfacet
  facet normal -0 0 1
    outer loop
      vertex -41 17.8 2.4
      vertex 41 4.8 2.4
      vertex 41 17.8 2.4
    endloop
  endfacet
  facet normal 0 0 1
    outer loop
      vertex 41 4.8 2.4
      vertex -41 17.8 2.4
      vertex -41 4.8 2.4
    endloop
  endfacet
  facet normal 1 -0 0
    outer loop
      vertex -41 4.8 60
      vertex -41 17.8 2.4
      vertex -41 17.8 60
    endloop
  endfacet
  facet normal 1 0 0
    outer loop
      vertex -41 17.8 2.4
      vertex -41 4.8 60
      vertex -41 4.8 2.4
    endloop
  endfacet
  facet normal 0 -1 0
    outer loop
      vertex -41 17.8 2.4
      vertex 41 17.8 60
      vertex -41 17.8 60
    endloop
  endfacet
  facet normal 0 -1 -0
    outer loop
      vertex 41 17.8 60
      vertex -41 17.8 2.4
      vertex 41 17.8 2.4
    endloop
  endfacet
  facet normal 0 1 -0
    outer loop
      vertex 41 4.8 2.4
      vertex -41 4.8 60
      vertex 41 4.8 60
    endloop
  endfacet
  facet normal 0 1 0
    outer loop
      vertex -41 4.8 60
      vertex 41 4.8 2.4
      vertex -41 4.8 2.4
    endloop
  endfacet
endsolid OpenSCAD_Model
