solid OpenSCAD_Model
  facet normal 1 0 0
    outer loop
      vertex 61.6 3.2 61
      vertex 61.6 0 61
      vertex 61.6 3.2 35
    endloop
  endfacet
  facet normal 1 -0 0
    outer loop
      vertex 61.6 3.2 35
      vertex 61.6 51.4 0
      vertex 61.6 51.4 35
    endloop
  endfacet
  facet normal 1 0 0
    outer loop
      vertex 61.6 3.2 35
      vertex 61.6 0 0
      vertex 61.6 51.4 0
    endloop
  endfacet
  facet normal 1 0 0
    outer loop
      vertex 61.6 0 0
      vertex 61.6 3.2 35
      vertex 61.6 0 61
    endloop
  endfacet
  facet normal -0 0 1
    outer loop
      vertex -61.6 3.2 61
      vertex 61.6 0 61
      vertex 61.6 3.2 61
    endloop
  endfacet
  facet normal 0 0 1
    outer loop
      vertex 61.6 0 61
      vertex -61.6 3.2 61
      vertex -61.6 0 61
    endloop
  endfacet
  facet normal 0 0 -1
    outer loop
      vertex -61.6 0 0
      vertex 61.6 51.4 0
      vertex 61.6 0 0
    endloop
  endfacet
  facet normal -0 0 -1
    outer loop
      vertex 61.6 51.4 0
      vertex -61.6 0 0
      vertex -61.6 51.4 0
    endloop
  endfacet
  facet normal -1 0 0
    outer loop
      vertex -61.6 51.4 0
      vertex -61.6 3.2 35
      vertex -61.6 51.4 35
    endloop
  endfacet
  facet normal -1 0 0
    outer loop
      vertex -61.6 0 0
      vertex -61.6 3.2 35
      vertex -61.6 51.4 0
    endloop
  endfacet
  facet normal -1 0 0
    outer loop
      vertex -61.6 0 61
      vertex -61.6 3.2 35
      vertex -61.6 0 0
    endloop
  endfacet
  facet normal -1 0 0
    outer loop
      vertex -61.6 3.2 35
      vertex -61.6 0 61
      vertex -61.6 3.2 61
    endloop
  endfacet
  facet normal 0 1 0
    outer loop
      vertex 49.418 3.2 51.182
      vertex 52.6 3.2 54.3639
      vertex 49.4185 3.2 51.1824
    endloop
  endfacet
  facet normal 0 1 0
    outer loop
      vertex 52.6 3.2 54.3639
      vertex 49.418 3.2 51.182
      vertex -52.6 3.2 54.3639
    endloop
  endfacet
  facet normal 0 1 -0
    outer loop
      vertex -49.418 3.2 51.182
      vertex -52.6 3.2 54.3639
      vertex 49.418 3.2 51.182
    endloop
  endfacet
  facet normal 0 1 0
    outer loop
      vertex -52.6 3.2 54.3639
      vertex -49.418 3.2 51.182
      vertex -49.4185 3.2 51.1824
    endloop
  endfacet
  facet normal 0 1 -0
    outer loop
      vertex 49.0299 3.2 50.7394
      vertex -49.418 3.2 51.182
      vertex 49.418 3.2 51.182
    endloop
  endfacet
  facet normal 0 1 0
    outer loop
      vertex 49.0299 3.2 50.7394
      vertex -49.0299 3.2 50.7394
      vertex -49.418 3.2 51.182
    endloop
  endfacet
  facet normal 0 1 -0
    outer loop
      vertex 48.7029 3.2 50.25
      vertex -49.0299 3.2 50.7394
      vertex 49.0299 3.2 50.7394
    endloop
  endfacet
  facet normal 0 1 0
    outer loop
      vertex 48.7029 3.2 50.25
      vertex -48.7029 3.2 50.25
      vertex -49.0299 3.2 50.7394
    endloop
  endfacet
  facet normal 0 1 -0
    outer loop
      vertex 48.4425 3.2 49.7221
      vertex -48.7029 3.2 50.25
      vertex 48.7029 3.2 50.25
    endloop
  endfacet
  facet normal 0 1 0
    outer loop
      vertex 48.4425 3.2 49.7221
      vertex -48.4425 3.2 49.7221
      vertex -48.7029 3.2 50.25
    endloop
  endfacet
  facet normal 0 1 -0
    outer loop
      vertex 48.2533 3.2 49.1647
      vertex -48.4425 3.2 49.7221
      vertex 48.4425 3.2 49.7221
    endloop
  endfacet
  facet normal 0 1 0
    outer loop
      vertex 48.2533 3.2 49.1647
      vertex -48.2533 3.2 49.1647
      vertex -48.4425 3.2 49.7221
    endloop
  endfacet
  facet normal 0 1 -0
    outer loop
      vertex 48.1385 3.2 48.5874
      vertex -48.2533 3.2 49.1647
      vertex 48.2533 3.2 49.1647
    endloop
  endfacet
  facet normal 0 1 0
    outer loop
      vertex 48.1385 3.2 48.5874
      vertex -48.1385 3.2 48.5874
      vertex -48.2533 3.2 49.1647
    endloop
  endfacet
  facet normal 0 1 -0
    outer loop
      vertex 48.1 3.2 48
      vertex -48.1385 3.2 48.5874
      vertex 48.1385 3.2 48.5874
    endloop
  endfacet
  facet normal 0 1 0
    outer loop
      vertex 48.1 3.2 48
      vertex -48.1 3.2 48
      vertex -48.1385 3.2 48.5874
    endloop
  endfacet
  facet normal 0 1 0
    outer loop
      vertex 48.1385 3.2 47.4126
      vertex -48.1 3.2 48
      vertex 48.1 3.2 48
    endloop
  endfacet
  facet normal 0 1 0
    outer loop
      vertex 48.1385 3.2 47.4126
      vertex -48.1385 3.2 47.4126
      vertex -48.1 3.2 48
    endloop
  endfacet
  facet normal 0 1 0
    outer loop
      vertex 48.2533 3.2 46.8353
      vertex -48.1385 3.2 47.4126
      vertex 48.1385 3.2 47.4126
    endloop
  endfacet
  facet normal 0 1 0
    outer loop
      vertex 48.2533 3.2 46.8353
      vertex -48.2533 3.2 46.8353
      vertex -48.1385 3.2 47.4126
    endloop
  endfacet
  facet normal 0 1 0
    outer loop
      vertex 48.4425 3.2 46.2779
      vertex -48.2533 3.2 46.8353
      vertex 48.2533 3.2 46.8353
    endloop
  endfacet
  facet normal 0 1 0
    outer loop
      vertex 48.4425 3.2 46.2779
      vertex -48.4425 3.2 46.2779
      vertex -48.2533 3.2 46.8353
    endloop
  endfacet
  facet normal 0 1 0
    outer loop
      vertex 48.7029 3.2 45.75
      vertex -48.4425 3.2 46.2779
      vertex 48.4425 3.2 46.2779
    endloop
  endfacet
  facet normal 0 1 0
    outer loop
      vertex 48.7029 3.2 45.75
      vertex -48.7029 3.2 45.75
      vertex -48.4425 3.2 46.2779
    endloop
  endfacet
  facet normal 0 1 0
    outer loop
      vertex 49.0299 3.2 45.2606
      vertex -48.7029 3.2 45.75
      vertex 48.7029 3.2 45.75
    endloop
  endfacet
  facet normal 0 1 0
    outer loop
      vertex 49.0299 3.2 45.2606
      vertex -49.0299 3.2 45.2606
      vertex -48.7029 3.2 45.75
    endloop
  endfacet
  facet normal 0 1 0
    outer loop
      vertex 49.418 3.2 44.818
      vertex -49.0299 3.2 45.2606
      vertex 49.0299 3.2 45.2606
    endloop
  endfacet
  facet normal 0 1 0
    outer loop
      vertex 49.418 3.2 44.818
      vertex -49.418 3.2 44.818
      vertex -49.0299 3.2 45.2606
    endloop
  endfacet
  facet normal 0 1 0
    outer loop
      vertex 49.8606 3.2 44.4299
      vertex -49.418 3.2 44.818
      vertex 49.418 3.2 44.818
    endloop
  endfacet
  facet normal 0 1 0
    outer loop
      vertex 49.8606 3.2 44.4299
      vertex -49.8606 3.2 44.4299
      vertex -49.418 3.2 44.818
    endloop
  endfacet
  facet normal 0 1 0
    outer loop
      vertex 50.35 3.2 44.1029
      vertex -49.8606 3.2 44.4299
      vertex 49.8606 3.2 44.4299
    endloop
  endfacet
  facet normal 0 1 0
    outer loop
      vertex 50.35 3.2 44.1029
      vertex -50.35 3.2 44.1029
      vertex -49.8606 3.2 44.4299
    endloop
  endfacet
  facet normal 0 1 0
    outer loop
      vertex 61.6 3.2 35
      vertex 50.35 3.2 44.1029
      vertex 50.8779 3.2 43.8425
    endloop
  endfacet
  facet normal 0 1 0
    outer loop
      vertex 50.35 3.2 44.1029
      vertex 61.6 3.2 35
      vertex -50.35 3.2 44.1029
    endloop
  endfacet
  facet normal 0 1 0
    outer loop
      vertex 61.6 3.2 35
      vertex 50.8779 3.2 43.8425
      vertex 51.4353 3.2 43.6533
    endloop
  endfacet
  facet normal 0 1 0
    outer loop
      vertex -61.6 3.2 35
      vertex -50.35 3.2 44.1029
      vertex 61.6 3.2 35
    endloop
  endfacet
  facet normal 0 1 0
    outer loop
      vertex 61.6 3.2 35
      vertex 51.4353 3.2 43.6533
      vertex 52.0126 3.2 43.5385
    endloop
  endfacet
  facet normal 0 1 0
    outer loop
      vertex -50.35 3.2 44.1029
      vertex -61.6 3.2 35
      vertex -50.8779 3.2 43.8425
    endloop
  endfacet
  facet normal 0 1 0
    outer loop
      vertex 61.6 3.2 35
      vertex 52.0126 3.2 43.5385
      vertex 52.6 3.2 43.5
    endloop
  endfacet
  facet normal 0 1 0
    outer loop
      vertex -50.8779 3.2 43.8425
      vertex -61.6 3.2 35
      vertex -51.4353 3.2 43.6533
    endloop
  endfacet
  facet normal 0 1 0
    outer loop
      vertex 61.6 3.2 61
      vertex 52.6 3.2 54.3639
      vertex -61.6 3.2 61
    endloop
  endfacet
  facet normal 0 1 0
    outer loop
      vertex 61.6 3.2 61
      vertex 55.7815 3.2 51.1824
      vertex 52.6 3.2 54.3639
    endloop
  endfacet
  facet normal 0 1 0
    outer loop
      vertex 61.6 3.2 61
      vertex 55.782 3.2 51.182
      vertex 55.7815 3.2 51.1824
    endloop
  endfacet
  facet normal 0 1 0
    outer loop
      vertex 61.6 3.2 61
      vertex 56.1701 3.2 50.7394
      vertex 55.782 3.2 51.182
    endloop
  endfacet
  facet normal 0 1 0
    outer loop
      vertex 61.6 3.2 61
      vertex 56.4971 3.2 50.25
      vertex 56.1701 3.2 50.7394
    endloop
  endfacet
  facet normal 0 1 0
    outer loop
      vertex 61.6 3.2 61
      vertex 56.7575 3.2 49.7221
      vertex 56.4971 3.2 50.25
    endloop
  endfacet
  facet normal 0 1 0
    outer loop
      vertex 61.6 3.2 61
      vertex 56.9467 3.2 49.1647
      vertex 56.7575 3.2 49.7221
    endloop
  endfacet
  facet normal 0 1 0
    outer loop
      vertex 61.6 3.2 61
      vertex 57.0615 3.2 48.5874
      vertex 56.9467 3.2 49.1647
    endloop
  endfacet
  facet normal 0 1 0
    outer loop
      vertex 61.6 3.2 61
      vertex 57.1 3.2 48
      vertex 57.0615 3.2 48.5874
    endloop
  endfacet
  facet normal 0 1 -0
    outer loop
      vertex 61.6 3.2 35
      vertex 57.1 3.2 48
      vertex 61.6 3.2 61
    endloop
  endfacet
  facet normal 0 1 0
    outer loop
      vertex 57.1 3.2 48
      vertex 61.6 3.2 35
      vertex 57.0615 3.2 47.4126
    endloop
  endfacet
  facet normal 0 1 0
    outer loop
      vertex -51.4353 3.2 43.6533
      vertex -61.6 3.2 35
      vertex -52.0126 3.2 43.5385
    endloop
  endfacet
  facet normal 0 1 0
    outer loop
      vertex 53.1874 3.2 43.5385
      vertex 61.6 3.2 35
      vertex 52.6 3.2 43.5
    endloop
  endfacet
  facet normal 0 1 0
    outer loop
      vertex 53.7647 3.2 43.6533
      vertex 61.6 3.2 35
      vertex 53.1874 3.2 43.5385
    endloop
  endfacet
  facet normal 0 1 0
    outer loop
      vertex 54.3221 3.2 43.8425
      vertex 61.6 3.2 35
      vertex 53.7647 3.2 43.6533
    endloop
  endfacet
  facet normal 0 1 0
    outer loop
      vertex 54.85 3.2 44.1029
      vertex 61.6 3.2 35
      vertex 54.3221 3.2 43.8425
    endloop
  endfacet
  facet normal 0 1 0
    outer loop
      vertex 55.3394 3.2 44.4299
      vertex 61.6 3.2 35
      vertex 54.85 3.2 44.1029
    endloop
  endfacet
  facet normal 0 1 0
    outer loop
      vertex 55.782 3.2 44.818
      vertex 61.6 3.2 35
      vertex 55.3394 3.2 44.4299
    endloop
  endfacet
  facet normal 0 1 0
    outer loop
      vertex 56.1701 3.2 45.2606
      vertex 61.6 3.2 35
      vertex 55.782 3.2 44.818
    endloop
  endfacet
  facet normal 0 1 0
    outer loop
      vertex 56.4971 3.2 45.75
      vertex 61.6 3.2 35
      vertex 56.1701 3.2 45.2606
    endloop
  endfacet
  facet normal 0 1 0
    outer loop
      vertex 56.7575 3.2 46.2779
      vertex 61.6 3.2 35
      vertex 56.4971 3.2 45.75
    endloop
  endfacet
  facet normal 0 1 0
    outer loop
      vertex 56.9467 3.2 46.8353
      vertex 61.6 3.2 35
      vertex 56.7575 3.2 46.2779
    endloop
  endfacet
  facet normal 0 1 0
    outer loop
      vertex 57.0615 3.2 47.4126
      vertex 61.6 3.2 35
      vertex 56.9467 3.2 46.8353
    endloop
  endfacet
  facet normal 0 1 -0
    outer loop
      vertex -52.6 3.2 54.3639
      vertex -61.6 3.2 61
      vertex 52.6 3.2 54.3639
    endloop
  endfacet
  facet normal 0 1 -0
    outer loop
      vertex -55.7815 3.2 51.1824
      vertex -61.6 3.2 61
      vertex -52.6 3.2 54.3639
    endloop
  endfacet
  facet normal 0 1 -0
    outer loop
      vertex -55.782 3.2 51.182
      vertex -61.6 3.2 61
      vertex -55.7815 3.2 51.1824
    endloop
  endfacet
  facet normal 0 1 -0
    outer loop
      vertex -56.1701 3.2 50.7394
      vertex -61.6 3.2 61
      vertex -55.782 3.2 51.182
    endloop
  endfacet
  facet normal 0 1 -0
    outer loop
      vertex -56.4971 3.2 50.25
      vertex -61.6 3.2 61
      vertex -56.1701 3.2 50.7394
    endloop
  endfacet
  facet normal 0 1 -0
    outer loop
      vertex -56.7575 3.2 49.7221
      vertex -61.6 3.2 61
      vertex -56.4971 3.2 50.25
    endloop
  endfacet
  facet normal 0 1 -0
    outer loop
      vertex -56.9467 3.2 49.1647
      vertex -61.6 3.2 61
      vertex -56.7575 3.2 49.7221
    endloop
  endfacet
  facet normal 0 1 -0
    outer loop
      vertex -57.0615 3.2 48.5874
      vertex -61.6 3.2 61
      vertex -56.9467 3.2 49.1647
    endloop
  endfacet
  facet normal 0 1 -0
    outer loop
      vertex -57.1 3.2 48
      vertex -61.6 3.2 61
      vertex -57.0615 3.2 48.5874
    endloop
  endfacet
  facet normal 0 1 0
    outer loop
      vertex -61.6 3.2 35
      vertex -57.1 3.2 48
      vertex -57.0615 3.2 47.4126
    endloop
  endfacet
  facet normal 0 1 0
    outer loop
      vertex -61.6 3.2 35
      vertex -57.0615 3.2 47.4126
      vertex -56.9467 3.2 46.8353
    endloop
  endfacet
  facet normal 0 1 0
    outer loop
      vertex -52.0126 3.2 43.5385
      vertex -61.6 3.2 35
      vertex -52.6 3.2 43.5
    endloop
  endfacet
  facet normal 0 1 0
    outer loop
      vertex -57.1 3.2 48
      vertex -61.6 3.2 35
      vertex -61.6 3.2 61
    endloop
  endfacet
  facet normal 0 1 0
    outer loop
      vertex -56.7575 3.2 46.2779
      vertex -61.6 3.2 35
      vertex -56.9467 3.2 46.8353
    endloop
  endfacet
  facet normal 0 1 0
    outer loop
      vertex -56.4971 3.2 45.75
      vertex -61.6 3.2 35
      vertex -56.7575 3.2 46.2779
    endloop
  endfacet
  facet normal 0 1 0
    outer loop
      vertex -56.1701 3.2 45.2606
      vertex -61.6 3.2 35
      vertex -56.4971 3.2 45.75
    endloop
  endfacet
  facet normal 0 1 0
    outer loop
      vertex -55.782 3.2 44.818
      vertex -61.6 3.2 35
      vertex -56.1701 3.2 45.2606
    endloop
  endfacet
  facet normal 0 1 0
    outer loop
      vertex -55.3394 3.2 44.4299
      vertex -61.6 3.2 35
      vertex -55.782 3.2 44.818
    endloop
  endfacet
  facet normal 0 1 0
    outer loop
      vertex -54.85 3.2 44.1029
      vertex -61.6 3.2 35
      vertex -55.3394 3.2 44.4299
    endloop
  endfacet
  facet normal 0 1 0
    outer loop
      vertex -54.3221 3.2 43.8425
      vertex -61.6 3.2 35
      vertex -54.85 3.2 44.1029
    endloop
  endfacet
  facet normal 0 1 0
    outer loop
      vertex -53.7647 3.2 43.6533
      vertex -61.6 3.2 35
      vertex -54.3221 3.2 43.8425
    endloop
  endfacet
  facet normal 0 1 0
    outer loop
      vertex -53.1874 3.2 43.5385
      vertex -61.6 3.2 35
      vertex -53.7647 3.2 43.6533
    endloop
  endfacet
  facet normal 0 1 0
    outer loop
      vertex -52.6 3.2 43.5
      vertex -61.6 3.2 35
      vertex -53.1874 3.2 43.5385
    endloop
  endfacet
  facet normal 0 -1 0
    outer loop
      vertex -51.009 0 49.591
      vertex 52.6 0 51.1819
      vertex -52.6 0 51.1819
    endloop
  endfacet
  facet normal 0 -1 0
    outer loop
      vertex -51.009 0 49.591
      vertex 51.009 0 49.591
      vertex 52.6 0 51.1819
    endloop
  endfacet
  facet normal 0 -1 0
    outer loop
      vertex -50.815 0 49.3697
      vertex 51.009 0 49.591
      vertex -51.009 0 49.591
    endloop
  endfacet
  facet normal 0 -1 0
    outer loop
      vertex -50.815 0 49.3697
      vertex 50.815 0 49.3697
      vertex 51.009 0 49.591
    endloop
  endfacet
  facet normal 0 -1 0
    outer loop
      vertex -50.6515 0 49.125
      vertex 50.815 0 49.3697
      vertex -50.815 0 49.3697
    endloop
  endfacet
  facet normal 0 -1 0
    outer loop
      vertex -50.6515 0 49.125
      vertex 50.6515 0 49.125
      vertex 50.815 0 49.3697
    endloop
  endfacet
  facet normal 0 -1 0
    outer loop
      vertex -50.5213 0 48.861
      vertex 50.6515 0 49.125
      vertex -50.6515 0 49.125
    endloop
  endfacet
  facet normal 0 -1 0
    outer loop
      vertex -50.5213 0 48.861
      vertex 50.5213 0 48.861
      vertex 50.6515 0 49.125
    endloop
  endfacet
  facet normal 0 -1 0
    outer loop
      vertex -50.4267 0 48.5823
      vertex 50.5213 0 48.861
      vertex -50.5213 0 48.861
    endloop
  endfacet
  facet normal 0 -1 0
    outer loop
      vertex -50.4267 0 48.5823
      vertex 50.4267 0 48.5823
      vertex 50.5213 0 48.861
    endloop
  endfacet
  facet normal 0 -1 0
    outer loop
      vertex -50.3693 0 48.2937
      vertex 50.4267 0 48.5823
      vertex -50.4267 0 48.5823
    endloop
  endfacet
  facet normal 0 -1 0
    outer loop
      vertex -50.3693 0 48.2937
      vertex 50.3693 0 48.2937
      vertex 50.4267 0 48.5823
    endloop
  endfacet
  facet normal 0 -1 0
    outer loop
      vertex -50.35 0 48
      vertex 50.3693 0 48.2937
      vertex -50.3693 0 48.2937
    endloop
  endfacet
  facet normal 0 -1 0
    outer loop
      vertex -50.35 0 48
      vertex 50.35 0 48
      vertex 50.3693 0 48.2937
    endloop
  endfacet
  facet normal 0 -1 0
    outer loop
      vertex -50.3693 0 47.7063
      vertex 50.35 0 48
      vertex -50.35 0 48
    endloop
  endfacet
  facet normal 0 -1 0
    outer loop
      vertex -50.3693 0 47.7063
      vertex 50.3693 0 47.7063
      vertex 50.35 0 48
    endloop
  endfacet
  facet normal 0 -1 0
    outer loop
      vertex -50.4267 0 47.4177
      vertex 50.3693 0 47.7063
      vertex -50.3693 0 47.7063
    endloop
  endfacet
  facet normal 0 -1 0
    outer loop
      vertex -50.4267 0 47.4177
      vertex 50.4267 0 47.4177
      vertex 50.3693 0 47.7063
    endloop
  endfacet
  facet normal 0 -1 0
    outer loop
      vertex -50.5213 0 47.139
      vertex 50.4267 0 47.4177
      vertex -50.4267 0 47.4177
    endloop
  endfacet
  facet normal 0 -1 0
    outer loop
      vertex -50.5213 0 47.139
      vertex 50.5213 0 47.139
      vertex 50.4267 0 47.4177
    endloop
  endfacet
  facet normal 0 -1 0
    outer loop
      vertex -50.6515 0 46.875
      vertex 50.5213 0 47.139
      vertex -50.5213 0 47.139
    endloop
  endfacet
  facet normal 0 -1 0
    outer loop
      vertex -50.6515 0 46.875
      vertex 50.6515 0 46.875
      vertex 50.5213 0 47.139
    endloop
  endfacet
  facet normal 0 -1 0
    outer loop
      vertex -50.815 0 46.6303
      vertex 50.6515 0 46.875
      vertex -50.6515 0 46.875
    endloop
  endfacet
  facet normal 0 -1 0
    outer loop
      vertex -50.815 0 46.6303
      vertex 50.815 0 46.6303
      vertex 50.6515 0 46.875
    endloop
  endfacet
  facet normal 0 -1 0
    outer loop
      vertex -61.6 0 0
      vertex -50.815 0 46.6303
      vertex -51.009 0 46.409
    endloop
  endfacet
  facet normal 0 -1 -0
    outer loop
      vertex -50.815 0 46.6303
      vertex -61.6 0 0
      vertex 50.815 0 46.6303
    endloop
  endfacet
  facet normal 0 -1 0
    outer loop
      vertex -61.6 0 0
      vertex -51.009 0 46.409
      vertex -51.2303 0 46.215
    endloop
  endfacet
  facet normal 0 -1 0
    outer loop
      vertex 61.6 0 0
      vertex 50.815 0 46.6303
      vertex -61.6 0 0
    endloop
  endfacet
  facet normal 0 -1 0
    outer loop
      vertex -61.6 0 0
      vertex -51.2303 0 46.215
      vertex -51.475 0 46.0515
    endloop
  endfacet
  facet normal 0 -1 0
    outer loop
      vertex 50.815 0 46.6303
      vertex 61.6 0 0
      vertex 51.009 0 46.409
    endloop
  endfacet
  facet normal 0 -1 0
    outer loop
      vertex -61.6 0 0
      vertex -51.475 0 46.0515
      vertex -51.739 0 45.9213
    endloop
  endfacet
  facet normal 0 -1 0
    outer loop
      vertex 51.009 0 46.409
      vertex 61.6 0 0
      vertex 51.2303 0 46.215
    endloop
  endfacet
  facet normal 0 -1 0
    outer loop
      vertex -61.6 0 0
      vertex -51.739 0 45.9213
      vertex -52.0177 0 45.8267
    endloop
  endfacet
  facet normal 0 -1 0
    outer loop
      vertex 51.2303 0 46.215
      vertex 61.6 0 0
      vertex 51.475 0 46.0515
    endloop
  endfacet
  facet normal 0 -1 0
    outer loop
      vertex -61.6 0 0
      vertex -52.0177 0 45.8267
      vertex -52.3063 0 45.7693
    endloop
  endfacet
  facet normal 0 -1 0
    outer loop
      vertex 51.475 0 46.0515
      vertex 61.6 0 0
      vertex 51.739 0 45.9213
    endloop
  endfacet
  facet normal 0 -1 0
    outer loop
      vertex -61.6 0 0
      vertex -52.3063 0 45.7693
      vertex -52.6 0 45.75
    endloop
  endfacet
  facet normal 0 -1 0
    outer loop
      vertex 51.739 0 45.9213
      vertex 61.6 0 0
      vertex 52.0177 0 45.8267
    endloop
  endfacet
  facet normal 0 -1 0
    outer loop
      vertex -61.6 0 61
      vertex -52.6 0 51.1819
      vertex 61.6 0 61
    endloop
  endfacet
  facet normal 0 -1 0
    outer loop
      vertex -61.6 0 61
      vertex -54.191 0 49.591
      vertex -52.6 0 51.1819
    endloop
  endfacet
  facet normal 0 -1 0
    outer loop
      vertex -61.6 0 61
      vertex -54.385 0 49.3697
      vertex -54.191 0 49.591
    endloop
  endfacet
  facet normal 0 -1 0
    outer loop
      vertex -61.6 0 61
      vertex -54.5485 0 49.125
      vertex -54.385 0 49.3697
    endloop
  endfacet
  facet normal 0 -1 0
    outer loop
      vertex -61.6 0 61
      vertex -54.6787 0 48.861
      vertex -54.5485 0 49.125
    endloop
  endfacet
  facet normal 0 -1 0
    outer loop
      vertex -61.6 0 61
      vertex -54.7733 0 48.5823
      vertex -54.6787 0 48.861
    endloop
  endfacet
  facet normal 0 -1 0
    outer loop
      vertex -61.6 0 61
      vertex -54.8307 0 48.2937
      vertex -54.7733 0 48.5823
    endloop
  endfacet
  facet normal 0 -1 0
    outer loop
      vertex -61.6 0 61
      vertex -54.85 0 48
      vertex -54.8307 0 48.2937
    endloop
  endfacet
  facet normal 0 -1 0
    outer loop
      vertex -61.6 0 61
      vertex -54.8307 0 47.7063
      vertex -54.85 0 48
    endloop
  endfacet
  facet normal 0 -1 0
    outer loop
      vertex -61.6 0 61
      vertex -54.7733 0 47.4177
      vertex -54.8307 0 47.7063
    endloop
  endfacet
  facet normal 0 -1 0
    outer loop
      vertex -61.6 0 61
      vertex -54.6787 0 47.139
      vertex -54.7733 0 47.4177
    endloop
  endfacet
  facet normal 0 -1 0
    outer loop
      vertex -61.6 0 0
      vertex -54.6787 0 47.139
      vertex -61.6 0 61
    endloop
  endfacet
  facet normal 0 -1 0
    outer loop
      vertex 52.0177 0 45.8267
      vertex 61.6 0 0
      vertex 52.3063 0 45.7693
    endloop
  endfacet
  facet normal 0 -1 -0
    outer loop
      vertex -52.8937 0 45.7693
      vertex -61.6 0 0
      vertex -52.6 0 45.75
    endloop
  endfacet
  facet normal 0 -1 -0
    outer loop
      vertex -53.1823 0 45.8267
      vertex -61.6 0 0
      vertex -52.8937 0 45.7693
    endloop
  endfacet
  facet normal 0 -1 -0
    outer loop
      vertex -53.461 0 45.9213
      vertex -61.6 0 0
      vertex -53.1823 0 45.8267
    endloop
  endfacet
  facet normal 0 -1 -0
    outer loop
      vertex -53.725 0 46.0515
      vertex -61.6 0 0
      vertex -53.461 0 45.9213
    endloop
  endfacet
  facet normal 0 -1 -0
    outer loop
      vertex -53.9697 0 46.215
      vertex -61.6 0 0
      vertex -53.725 0 46.0515
    endloop
  endfacet
  facet normal 0 -1 -0
    outer loop
      vertex -54.191 0 46.409
      vertex -61.6 0 0
      vertex -53.9697 0 46.215
    endloop
  endfacet
  facet normal 0 -1 -0
    outer loop
      vertex -54.385 0 46.6303
      vertex -61.6 0 0
      vertex -54.191 0 46.409
    endloop
  endfacet
  facet normal 0 -1 -0
    outer loop
      vertex -54.5485 0 46.875
      vertex -61.6 0 0
      vertex -54.385 0 46.6303
    endloop
  endfacet
  facet normal 0 -1 -0
    outer loop
      vertex -54.6787 0 47.139
      vertex -61.6 0 0
      vertex -54.5485 0 46.875
    endloop
  endfacet
  facet normal 0 -1 0
    outer loop
      vertex 52.6 0 51.1819
      vertex 61.6 0 61
      vertex -52.6 0 51.1819
    endloop
  endfacet
  facet normal 0 -1 0
    outer loop
      vertex 54.191 0 49.591
      vertex 61.6 0 61
      vertex 52.6 0 51.1819
    endloop
  endfacet
  facet normal 0 -1 0
    outer loop
      vertex 54.385 0 49.3697
      vertex 61.6 0 61
      vertex 54.191 0 49.591
    endloop
  endfacet
  facet normal 0 -1 0
    outer loop
      vertex 54.5485 0 49.125
      vertex 61.6 0 61
      vertex 54.385 0 49.3697
    endloop
  endfacet
  facet normal 0 -1 0
    outer loop
      vertex 54.6787 0 48.861
      vertex 61.6 0 61
      vertex 54.5485 0 49.125
    endloop
  endfacet
  facet normal 0 -1 0
    outer loop
      vertex 54.7733 0 48.5823
      vertex 61.6 0 61
      vertex 54.6787 0 48.861
    endloop
  endfacet
  facet normal 0 -1 0
    outer loop
      vertex 54.8307 0 48.2937
      vertex 61.6 0 61
      vertex 54.7733 0 48.5823
    endloop
  endfacet
  facet normal 0 -1 0
    outer loop
      vertex 54.85 0 48
      vertex 61.6 0 61
      vertex 54.8307 0 48.2937
    endloop
  endfacet
  facet normal 0 -1 0
    outer loop
      vertex 54.8307 0 47.7063
      vertex 61.6 0 61
      vertex 54.85 0 48
    endloop
  endfacet
  facet normal 0 -1 0
    outer loop
      vertex 54.7733 0 47.4177
      vertex 61.6 0 61
      vertex 54.8307 0 47.7063
    endloop
  endfacet
  facet normal 0 -1 0
    outer loop
      vertex 54.6787 0 47.139
      vertex 61.6 0 61
      vertex 54.7733 0 47.4177
    endloop
  endfacet
  facet normal 0 -1 0
    outer loop
      vertex 61.6 0 0
      vertex 54.6787 0 47.139
      vertex 54.5485 0 46.875
    endloop
  endfacet
  facet normal 0 -1 0
    outer loop
      vertex 52.3063 0 45.7693
      vertex 61.6 0 0
      vertex 52.6 0 45.75
    endloop
  endfacet
  facet normal 0 -1 0
    outer loop
      vertex 52.6 0 45.75
      vertex 61.6 0 0
      vertex 52.8937 0 45.7693
    endloop
  endfacet
  facet normal 0 -1 0
    outer loop
      vertex 52.8937 0 45.7693
      vertex 61.6 0 0
      vertex 53.1823 0 45.8267
    endloop
  endfacet
  facet normal 0 -1 0
    outer loop
      vertex 54.6787 0 47.139
      vertex 61.6 0 0
      vertex 61.6 0 61
    endloop
  endfacet
  facet normal 0 -1 0
    outer loop
      vertex 54.385 0 46.6303
      vertex 61.6 0 0
      vertex 54.5485 0 46.875
    endloop
  endfacet
  facet normal 0 -1 0
    outer loop
      vertex 54.191 0 46.409
      vertex 61.6 0 0
      vertex 54.385 0 46.6303
    endloop
  endfacet
  facet normal 0 -1 0
    outer loop
      vertex 53.9697 0 46.215
      vertex 61.6 0 0
      vertex 54.191 0 46.409
    endloop
  endfacet
  facet normal 0 -1 0
    outer loop
      vertex 53.725 0 46.0515
      vertex 61.6 0 0
      vertex 53.9697 0 46.215
    endloop
  endfacet
  facet normal 0 -1 0
    outer loop
      vertex 53.461 0 45.9213
      vertex 61.6 0 0
      vertex 53.725 0 46.0515
    endloop
  endfacet
  facet normal 0 -1 0
    outer loop
      vertex 53.1823 0 45.8267
      vertex 61.6 0 0
      vertex 53.461 0 45.9213
    endloop
  endfacet
  facet normal 0 0 1
    outer loop
      vertex 61.6 51.4 35
      vertex 60 49.8 35
      vertex 61.6 3.2 35
    endloop
  endfacet
  facet normal 0 0 1
    outer loop
      vertex 61.6 51.4 35
      vertex -60 49.8 35
      vertex 60 49.8 35
    endloop
  endfacet
  facet normal 0 0 1
    outer loop
      vertex -60 49.8 35
      vertex -61.6 51.4 35
      vertex -60 4.8 35
    endloop
  endfacet
  facet normal -0 0 1
    outer loop
      vertex -61.6 51.4 35
      vertex -60 49.8 35
      vertex 61.6 51.4 35
    endloop
  endfacet
  facet normal -0 0 1
    outer loop
      vertex 60 4.8 35
      vertex 61.6 3.2 35
      vertex 60 49.8 35
    endloop
  endfacet
  facet normal -0 0 1
    outer loop
      vertex -60 4.8 35
      vertex 61.6 3.2 35
      vertex 60 4.8 35
    endloop
  endfacet
  facet normal 0 0 1
    outer loop
      vertex -60 4.8 35
      vertex -61.6 3.2 35
      vertex 61.6 3.2 35
    endloop
  endfacet
  facet normal 0 0 1
    outer loop
      vertex -61.6 3.2 35
      vertex -60 4.8 35
      vertex -61.6 51.4 35
    endloop
  endfacet
  facet normal 0 1 -0
    outer loop
      vertex 61.6 51.4 0
      vertex -61.6 51.4 35
      vertex 61.6 51.4 35
    endloop
  endfacet
  facet normal 0 1 0
    outer loop
      vertex -61.6 51.4 35
      vertex 61.6 51.4 0
      vertex -61.6 51.4 0
    endloop
  endfacet
  facet normal 0.707085 0 -0.707129
    outer loop
      vertex -54.191 0 49.591
      vertex -52.6 1.01 51.1819
      vertex -52.6 0 51.1819
    endloop
  endfacet
  facet normal 0.707085 0 -0.707129
    outer loop
      vertex -52.6 1.01 51.1819
      vertex -54.191 0 49.591
      vertex -54.191 1.01 49.591
    endloop
  endfacet
  facet normal 0.442315 0 0.89686
    outer loop
      vertex -53.725 1.01 46.0515
      vertex -53.461 0 45.9213
      vertex -53.461 1.01 45.9213
    endloop
  endfacet
  facet normal 0.442315 0 0.89686
    outer loop
      vertex -53.461 0 45.9213
      vertex -53.725 1.01 46.0515
      vertex -53.725 0 46.0515
    endloop
  endfacet
  facet normal -0.321421 0 0.946936
    outer loop
      vertex -52.0177 1.01 45.8267
      vertex -51.739 0 45.9213
      vertex -51.739 1.01 45.9213
    endloop
  endfacet
  facet normal -0.321421 0 0.946936
    outer loop
      vertex -51.739 0 45.9213
      vertex -52.0177 1.01 45.8267
      vertex -52.0177 0 45.8267
    endloop
  endfacet
  facet normal -0.19507 0 0.980789
    outer loop
      vertex -52.3063 1.01 45.7693
      vertex -52.0177 0 45.8267
      vertex -52.0177 1.01 45.8267
    endloop
  endfacet
  facet normal -0.19507 0 0.980789
    outer loop
      vertex -52.0177 0 45.8267
      vertex -52.3063 1.01 45.7693
      vertex -52.3063 0 45.7693
    endloop
  endfacet
  facet normal -0.946936 0 0.321421
    outer loop
      vertex -50.5213 0 47.139
      vertex -50.4267 1.01 47.4177
      vertex -50.5213 1.01 47.139
    endloop
  endfacet
  facet normal -0.946936 0 0.321421
    outer loop
      vertex -50.4267 1.01 47.4177
      vertex -50.5213 0 47.139
      vertex -50.4267 0 47.4177
    endloop
  endfacet
  facet normal -0.707085 0 -0.707129
    outer loop
      vertex -52.6 0 51.1819
      vertex -51.009 1.01 49.591
      vertex -51.009 0 49.591
    endloop
  endfacet
  facet normal -0.707085 0 -0.707129
    outer loop
      vertex -51.009 1.01 49.591
      vertex -52.6 0 51.1819
      vertex -52.6 1.01 51.1819
    endloop
  endfacet
  facet normal 0.89686 0 -0.442315
    outer loop
      vertex -54.5485 0 49.125
      vertex -54.6787 1.01 48.861
      vertex -54.5485 1.01 49.125
    endloop
  endfacet
  facet normal 0.89686 0 -0.442315
    outer loop
      vertex -54.6787 1.01 48.861
      vertex -54.5485 0 49.125
      vertex -54.6787 0 48.861
    endloop
  endfacet
  facet normal 0.946936 -0 0.321421
    outer loop
      vertex -54.7733 0 47.4177
      vertex -54.6787 1.01 47.139
      vertex -54.7733 1.01 47.4177
    endloop
  endfacet
  facet normal 0.946936 0 0.321421
    outer loop
      vertex -54.6787 1.01 47.139
      vertex -54.7733 0 47.4177
      vertex -54.6787 0 47.139
    endloop
  endfacet
  facet normal 0.751966 0 -0.659202
    outer loop
      vertex -54.191 0 49.591
      vertex -54.385 1.01 49.3697
      vertex -54.191 1.01 49.591
    endloop
  endfacet
  facet normal 0.751966 0 -0.659202
    outer loop
      vertex -54.385 1.01 49.3697
      vertex -54.191 0 49.591
      vertex -54.385 0 49.3697
    endloop
  endfacet
  facet normal 0.659202 0 0.751966
    outer loop
      vertex -54.191 1.01 46.409
      vertex -53.9697 0 46.215
      vertex -53.9697 1.01 46.215
    endloop
  endfacet
  facet normal 0.659202 0 0.751966
    outer loop
      vertex -53.9697 0 46.215
      vertex -54.191 1.01 46.409
      vertex -54.191 0 46.409
    endloop
  endfacet
  facet normal -0.831475 0 -0.555562
    outer loop
      vertex -50.6515 0 49.125
      vertex -50.815 1.01 49.3697
      vertex -50.6515 1.01 49.125
    endloop
  endfacet
  facet normal -0.831475 -0 -0.555562
    outer loop
      vertex -50.815 1.01 49.3697
      vertex -50.6515 0 49.125
      vertex -50.815 0 49.3697
    endloop
  endfacet
  facet normal 0.321421 0 0.946936
    outer loop
      vertex -53.461 1.01 45.9213
      vertex -53.1823 0 45.8267
      vertex -53.1823 1.01 45.8267
    endloop
  endfacet
  facet normal 0.321421 0 0.946936
    outer loop
      vertex -53.1823 0 45.8267
      vertex -53.461 1.01 45.9213
      vertex -53.461 0 45.9213
    endloop
  endfacet
  facet normal 0.19507 0 0.980789
    outer loop
      vertex -53.1823 1.01 45.8267
      vertex -52.8937 0 45.7693
      vertex -52.8937 1.01 45.7693
    endloop
  endfacet
  facet normal 0.19507 0 0.980789
    outer loop
      vertex -52.8937 0 45.7693
      vertex -53.1823 1.01 45.8267
      vertex -53.1823 0 45.8267
    endloop
  endfacet
  facet normal -0.0655719 0 0.997848
    outer loop
      vertex -52.6 1.01 45.75
      vertex -52.3063 0 45.7693
      vertex -52.3063 1.01 45.7693
    endloop
  endfacet
  facet normal -0.0655719 0 0.997848
    outer loop
      vertex -52.3063 0 45.7693
      vertex -52.6 1.01 45.75
      vertex -52.6 0 45.75
    endloop
  endfacet
  facet normal -0.831475 0 0.555562
    outer loop
      vertex -50.815 0 46.6303
      vertex -50.6515 1.01 46.875
      vertex -50.815 1.01 46.6303
    endloop
  endfacet
  facet normal -0.831475 0 0.555562
    outer loop
      vertex -50.6515 1.01 46.875
      vertex -50.815 0 46.6303
      vertex -50.6515 0 46.875
    endloop
  endfacet
  facet normal 0.555562 0 0.831475
    outer loop
      vertex -53.9697 1.01 46.215
      vertex -53.725 0 46.0515
      vertex -53.725 1.01 46.0515
    endloop
  endfacet
  facet normal 0.555562 0 0.831475
    outer loop
      vertex -53.725 0 46.0515
      vertex -53.9697 1.01 46.215
      vertex -53.9697 0 46.215
    endloop
  endfacet
  facet normal 0.751966 -0 0.659202
    outer loop
      vertex -54.385 0 46.6303
      vertex -54.191 1.01 46.409
      vertex -54.385 1.01 46.6303
    endloop
  endfacet
  facet normal 0.751966 0 0.659202
    outer loop
      vertex -54.191 1.01 46.409
      vertex -54.385 0 46.6303
      vertex -54.191 0 46.409
    endloop
  endfacet
  facet normal -0.980789 0 0.19507
    outer loop
      vertex -50.4267 0 47.4177
      vertex -50.3693 1.01 47.7063
      vertex -50.4267 1.01 47.4177
    endloop
  endfacet
  facet normal -0.980789 0 0.19507
    outer loop
      vertex -50.3693 1.01 47.7063
      vertex -50.4267 0 47.4177
      vertex -50.3693 0 47.7063
    endloop
  endfacet
  facet normal 0.831475 0 -0.555562
    outer loop
      vertex -54.385 0 49.3697
      vertex -54.5485 1.01 49.125
      vertex -54.385 1.01 49.3697
    endloop
  endfacet
  facet normal 0.831475 0 -0.555562
    outer loop
      vertex -54.5485 1.01 49.125
      vertex -54.385 0 49.3697
      vertex -54.5485 0 49.125
    endloop
  endfacet
  facet normal -0.980789 0 -0.19507
    outer loop
      vertex -50.3693 0 48.2937
      vertex -50.4267 1.01 48.5823
      vertex -50.3693 1.01 48.2937
    endloop
  endfacet
  facet normal -0.980789 -0 -0.19507
    outer loop
      vertex -50.4267 1.01 48.5823
      vertex -50.3693 0 48.2937
      vertex -50.4267 0 48.5823
    endloop
  endfacet
  facet normal 0.0655719 0 0.997848
    outer loop
      vertex -52.8937 1.01 45.7693
      vertex -52.6 0 45.75
      vertex -52.6 1.01 45.75
    endloop
  endfacet
  facet normal 0.0655719 0 0.997848
    outer loop
      vertex -52.6 0 45.75
      vertex -52.8937 1.01 45.7693
      vertex -52.8937 0 45.7693
    endloop
  endfacet
  facet normal 0.89686 -0 0.442315
    outer loop
      vertex -54.6787 0 47.139
      vertex -54.5485 1.01 46.875
      vertex -54.6787 1.01 47.139
    endloop
  endfacet
  facet normal 0.89686 0 0.442315
    outer loop
      vertex -54.5485 1.01 46.875
      vertex -54.6787 0 47.139
      vertex -54.5485 0 46.875
    endloop
  endfacet
  facet normal -0.751966 0 0.659202
    outer loop
      vertex -51.009 0 46.409
      vertex -50.815 1.01 46.6303
      vertex -51.009 1.01 46.409
    endloop
  endfacet
  facet normal -0.751966 0 0.659202
    outer loop
      vertex -50.815 1.01 46.6303
      vertex -51.009 0 46.409
      vertex -50.815 0 46.6303
    endloop
  endfacet
  facet normal 0.946936 0 -0.321421
    outer loop
      vertex -54.6787 0 48.861
      vertex -54.7733 1.01 48.5823
      vertex -54.6787 1.01 48.861
    endloop
  endfacet
  facet normal 0.946936 0 -0.321421
    outer loop
      vertex -54.7733 1.01 48.5823
      vertex -54.6787 0 48.861
      vertex -54.7733 0 48.5823
    endloop
  endfacet
  facet normal 0.997848 -0 0.0655719
    outer loop
      vertex -54.85 0 48
      vertex -54.8307 1.01 47.7063
      vertex -54.85 1.01 48
    endloop
  endfacet
  facet normal 0.997848 0 0.0655719
    outer loop
      vertex -54.8307 1.01 47.7063
      vertex -54.85 0 48
      vertex -54.8307 0 47.7063
    endloop
  endfacet
  facet normal -0.751966 0 -0.659202
    outer loop
      vertex -50.815 0 49.3697
      vertex -51.009 1.01 49.591
      vertex -50.815 1.01 49.3697
    endloop
  endfacet
  facet normal -0.751966 -0 -0.659202
    outer loop
      vertex -51.009 1.01 49.591
      vertex -50.815 0 49.3697
      vertex -51.009 0 49.591
    endloop
  endfacet
  facet normal -0.997848 0 -0.0655719
    outer loop
      vertex -50.35 0 48
      vertex -50.3693 1.01 48.2937
      vertex -50.35 1.01 48
    endloop
  endfacet
  facet normal -0.997848 -0 -0.0655719
    outer loop
      vertex -50.3693 1.01 48.2937
      vertex -50.35 0 48
      vertex -50.3693 0 48.2937
    endloop
  endfacet
  facet normal -0.555562 0 0.831475
    outer loop
      vertex -51.475 1.01 46.0515
      vertex -51.2303 0 46.215
      vertex -51.2303 1.01 46.215
    endloop
  endfacet
  facet normal -0.555562 0 0.831475
    outer loop
      vertex -51.2303 0 46.215
      vertex -51.475 1.01 46.0515
      vertex -51.475 0 46.0515
    endloop
  endfacet
  facet normal 0.980789 -0 0.19507
    outer loop
      vertex -54.8307 0 47.7063
      vertex -54.7733 1.01 47.4177
      vertex -54.8307 1.01 47.7063
    endloop
  endfacet
  facet normal 0.980789 0 0.19507
    outer loop
      vertex -54.7733 1.01 47.4177
      vertex -54.8307 0 47.7063
      vertex -54.7733 0 47.4177
    endloop
  endfacet
  facet normal 0.980789 0 -0.19507
    outer loop
      vertex -54.7733 0 48.5823
      vertex -54.8307 1.01 48.2937
      vertex -54.7733 1.01 48.5823
    endloop
  endfacet
  facet normal 0.980789 0 -0.19507
    outer loop
      vertex -54.8307 1.01 48.2937
      vertex -54.7733 0 48.5823
      vertex -54.8307 0 48.2937
    endloop
  endfacet
  facet normal -0.659202 0 0.751966
    outer loop
      vertex -51.2303 1.01 46.215
      vertex -51.009 0 46.409
      vertex -51.009 1.01 46.409
    endloop
  endfacet
  facet normal -0.659202 0 0.751966
    outer loop
      vertex -51.009 0 46.409
      vertex -51.2303 1.01 46.215
      vertex -51.2303 0 46.215
    endloop
  endfacet
  facet normal 0.997848 0 -0.0655719
    outer loop
      vertex -54.8307 0 48.2937
      vertex -54.85 1.01 48
      vertex -54.8307 1.01 48.2937
    endloop
  endfacet
  facet normal 0.997848 0 -0.0655719
    outer loop
      vertex -54.85 1.01 48
      vertex -54.8307 0 48.2937
      vertex -54.85 0 48
    endloop
  endfacet
  facet normal -0.89686 0 0.442315
    outer loop
      vertex -50.6515 0 46.875
      vertex -50.5213 1.01 47.139
      vertex -50.6515 1.01 46.875
    endloop
  endfacet
  facet normal -0.89686 0 0.442315
    outer loop
      vertex -50.5213 1.01 47.139
      vertex -50.6515 0 46.875
      vertex -50.5213 0 47.139
    endloop
  endfacet
  facet normal -0.946936 0 -0.321421
    outer loop
      vertex -50.4267 0 48.5823
      vertex -50.5213 1.01 48.861
      vertex -50.4267 1.01 48.5823
    endloop
  endfacet
  facet normal -0.946936 -0 -0.321421
    outer loop
      vertex -50.5213 1.01 48.861
      vertex -50.4267 0 48.5823
      vertex -50.5213 0 48.861
    endloop
  endfacet
  facet normal -0.89686 0 -0.442315
    outer loop
      vertex -50.5213 0 48.861
      vertex -50.6515 1.01 49.125
      vertex -50.5213 1.01 48.861
    endloop
  endfacet
  facet normal -0.89686 -0 -0.442315
    outer loop
      vertex -50.6515 1.01 49.125
      vertex -50.5213 0 48.861
      vertex -50.6515 0 49.125
    endloop
  endfacet
  facet normal -0.997848 0 0.0655719
    outer loop
      vertex -50.3693 0 47.7063
      vertex -50.35 1.01 48
      vertex -50.3693 1.01 47.7063
    endloop
  endfacet
  facet normal -0.997848 0 0.0655719
    outer loop
      vertex -50.35 1.01 48
      vertex -50.3693 0 47.7063
      vertex -50.35 0 48
    endloop
  endfacet
  facet normal 0.831475 -0 0.555562
    outer loop
      vertex -54.5485 0 46.875
      vertex -54.385 1.01 46.6303
      vertex -54.5485 1.01 46.875
    endloop
  endfacet
  facet normal 0.831475 0 0.555562
    outer loop
      vertex -54.385 1.01 46.6303
      vertex -54.5485 0 46.875
      vertex -54.385 0 46.6303
    endloop
  endfacet
  facet normal -0.442315 0 0.89686
    outer loop
      vertex -51.739 1.01 45.9213
      vertex -51.475 0 46.0515
      vertex -51.475 1.01 46.0515
    endloop
  endfacet
  facet normal -0.442315 0 0.89686
    outer loop
      vertex -51.475 0 46.0515
      vertex -51.739 1.01 45.9213
      vertex -51.739 0 45.9213
    endloop
  endfacet
  facet normal 0 1 0
    outer loop
      vertex -52.6 1.01 51.1819
      vertex -52.6 1.01 54.3639
      vertex -49.4185 1.01 51.1824
    endloop
  endfacet
  facet normal 0 1 0
    outer loop
      vertex -51.009 1.01 49.591
      vertex -49.4185 1.01 51.1824
      vertex -49.418 1.01 51.182
    endloop
  endfacet
  facet normal 0 1 0
    outer loop
      vertex -52.6 1.01 54.3639
      vertex -52.6 1.01 51.1819
      vertex -55.7815 1.01 51.1824
    endloop
  endfacet
  facet normal 0 1 -0
    outer loop
      vertex -54.191 1.01 49.591
      vertex -55.7815 1.01 51.1824
      vertex -52.6 1.01 51.1819
    endloop
  endfacet
  facet normal 0 1 0
    outer loop
      vertex -51.009 1.01 49.591
      vertex -49.418 1.01 51.182
      vertex -49.0299 1.01 50.7394
    endloop
  endfacet
  facet normal 0 1 0
    outer loop
      vertex -50.815 1.01 49.3697
      vertex -49.0299 1.01 50.7394
      vertex -48.7029 1.01 50.25
    endloop
  endfacet
  facet normal 0 1 0
    outer loop
      vertex -50.6515 1.01 49.125
      vertex -48.7029 1.01 50.25
      vertex -48.4425 1.01 49.7221
    endloop
  endfacet
  facet normal 0 1 0
    outer loop
      vertex -49.4185 1.01 51.1824
      vertex -51.009 1.01 49.591
      vertex -52.6 1.01 51.1819
    endloop
  endfacet
  facet normal 0 1 0
    outer loop
      vertex -49.0299 1.01 50.7394
      vertex -50.815 1.01 49.3697
      vertex -51.009 1.01 49.591
    endloop
  endfacet
  facet normal 0 1 0
    outer loop
      vertex -50.5213 1.01 48.861
      vertex -48.4425 1.01 49.7221
      vertex -48.2533 1.01 49.1647
    endloop
  endfacet
  facet normal 0 1 0
    outer loop
      vertex -48.7029 1.01 50.25
      vertex -50.6515 1.01 49.125
      vertex -50.815 1.01 49.3697
    endloop
  endfacet
  facet normal 0 1 0
    outer loop
      vertex -48.4425 1.01 49.7221
      vertex -50.5213 1.01 48.861
      vertex -50.6515 1.01 49.125
    endloop
  endfacet
  facet normal 0 1 0
    outer loop
      vertex -50.4267 1.01 48.5823
      vertex -48.2533 1.01 49.1647
      vertex -48.1385 1.01 48.5874
    endloop
  endfacet
  facet normal 0 1 0
    outer loop
      vertex -48.2533 1.01 49.1647
      vertex -50.4267 1.01 48.5823
      vertex -50.5213 1.01 48.861
    endloop
  endfacet
  facet normal 0 1 0
    outer loop
      vertex -48.1385 1.01 48.5874
      vertex -50.3693 1.01 48.2937
      vertex -50.4267 1.01 48.5823
    endloop
  endfacet
  facet normal 0 1 0
    outer loop
      vertex -48.1 1.01 48
      vertex -50.3693 1.01 48.2937
      vertex -48.1385 1.01 48.5874
    endloop
  endfacet
  facet normal 0 1 0
    outer loop
      vertex -48.1 1.01 48
      vertex -50.35 1.01 48
      vertex -50.3693 1.01 48.2937
    endloop
  endfacet
  facet normal 0 1 0
    outer loop
      vertex -48.1 1.01 48
      vertex -50.3693 1.01 47.7063
      vertex -50.35 1.01 48
    endloop
  endfacet
  facet normal 0 1 -0
    outer loop
      vertex -48.1385 1.01 47.4126
      vertex -50.3693 1.01 47.7063
      vertex -48.1 1.01 48
    endloop
  endfacet
  facet normal 0 1 0
    outer loop
      vertex -50.3693 1.01 47.7063
      vertex -48.1385 1.01 47.4126
      vertex -50.4267 1.01 47.4177
    endloop
  endfacet
  facet normal 0 1 -0
    outer loop
      vertex -48.2533 1.01 46.8353
      vertex -50.4267 1.01 47.4177
      vertex -48.1385 1.01 47.4126
    endloop
  endfacet
  facet normal 0 1 0
    outer loop
      vertex -50.4267 1.01 47.4177
      vertex -48.2533 1.01 46.8353
      vertex -50.5213 1.01 47.139
    endloop
  endfacet
  facet normal 0 1 -0
    outer loop
      vertex -48.4425 1.01 46.2779
      vertex -50.5213 1.01 47.139
      vertex -48.2533 1.01 46.8353
    endloop
  endfacet
  facet normal 0 1 0
    outer loop
      vertex -50.5213 1.01 47.139
      vertex -48.4425 1.01 46.2779
      vertex -50.6515 1.01 46.875
    endloop
  endfacet
  facet normal 0 1 -0
    outer loop
      vertex -48.7029 1.01 45.75
      vertex -50.6515 1.01 46.875
      vertex -48.4425 1.01 46.2779
    endloop
  endfacet
  facet normal 0 1 0
    outer loop
      vertex -50.6515 1.01 46.875
      vertex -48.7029 1.01 45.75
      vertex -50.815 1.01 46.6303
    endloop
  endfacet
  facet normal 0 1 -0
    outer loop
      vertex -49.0299 1.01 45.2606
      vertex -50.815 1.01 46.6303
      vertex -48.7029 1.01 45.75
    endloop
  endfacet
  facet normal 0 1 0
    outer loop
      vertex -50.815 1.01 46.6303
      vertex -49.0299 1.01 45.2606
      vertex -51.009 1.01 46.409
    endloop
  endfacet
  facet normal 0 1 -0
    outer loop
      vertex -49.418 1.01 44.818
      vertex -51.009 1.01 46.409
      vertex -49.0299 1.01 45.2606
    endloop
  endfacet
  facet normal 0 1 0
    outer loop
      vertex -51.009 1.01 46.409
      vertex -49.418 1.01 44.818
      vertex -51.2303 1.01 46.215
    endloop
  endfacet
  facet normal 0 1 -0
    outer loop
      vertex -49.8606 1.01 44.4299
      vertex -51.2303 1.01 46.215
      vertex -49.418 1.01 44.818
    endloop
  endfacet
  facet normal 0 1 0
    outer loop
      vertex -51.2303 1.01 46.215
      vertex -49.8606 1.01 44.4299
      vertex -51.475 1.01 46.0515
    endloop
  endfacet
  facet normal 0 1 -0
    outer loop
      vertex -50.35 1.01 44.1029
      vertex -51.475 1.01 46.0515
      vertex -49.8606 1.01 44.4299
    endloop
  endfacet
  facet normal 0 1 0
    outer loop
      vertex -51.475 1.01 46.0515
      vertex -50.35 1.01 44.1029
      vertex -51.739 1.01 45.9213
    endloop
  endfacet
  facet normal 0 1 -0
    outer loop
      vertex -50.8779 1.01 43.8425
      vertex -51.739 1.01 45.9213
      vertex -50.35 1.01 44.1029
    endloop
  endfacet
  facet normal 0 1 0
    outer loop
      vertex -52.6 1.01 45.75
      vertex -56.1701 1.01 45.2606
      vertex -56.4971 1.01 45.75
    endloop
  endfacet
  facet normal 0 1 0
    outer loop
      vertex -51.739 1.01 45.9213
      vertex -50.8779 1.01 43.8425
      vertex -52.0177 1.01 45.8267
    endloop
  endfacet
  facet normal 0 1 0
    outer loop
      vertex -52.6 1.01 45.75
      vertex -55.782 1.01 44.818
      vertex -56.1701 1.01 45.2606
    endloop
  endfacet
  facet normal 0 1 -0
    outer loop
      vertex -51.4353 1.01 43.6533
      vertex -52.0177 1.01 45.8267
      vertex -50.8779 1.01 43.8425
    endloop
  endfacet
  facet normal 0 1 0
    outer loop
      vertex -52.6 1.01 45.75
      vertex -55.3394 1.01 44.4299
      vertex -55.782 1.01 44.818
    endloop
  endfacet
  facet normal 0 1 0
    outer loop
      vertex -52.0177 1.01 45.8267
      vertex -51.4353 1.01 43.6533
      vertex -52.3063 1.01 45.7693
    endloop
  endfacet
  facet normal 0 1 0
    outer loop
      vertex -52.6 1.01 45.75
      vertex -54.85 1.01 44.1029
      vertex -55.3394 1.01 44.4299
    endloop
  endfacet
  facet normal 0 1 -0
    outer loop
      vertex -52.0126 1.01 43.5385
      vertex -52.3063 1.01 45.7693
      vertex -51.4353 1.01 43.6533
    endloop
  endfacet
  facet normal 0 1 0
    outer loop
      vertex -52.6 1.01 45.75
      vertex -54.3221 1.01 43.8425
      vertex -54.85 1.01 44.1029
    endloop
  endfacet
  facet normal 0 1 0
    outer loop
      vertex -52.3063 1.01 45.7693
      vertex -52.0126 1.01 43.5385
      vertex -52.6 1.01 45.75
    endloop
  endfacet
  facet normal 0 1 0
    outer loop
      vertex -52.6 1.01 45.75
      vertex -53.7647 1.01 43.6533
      vertex -54.3221 1.01 43.8425
    endloop
  endfacet
  facet normal 0 1 0
    outer loop
      vertex -52.6 1.01 43.5
      vertex -52.6 1.01 45.75
      vertex -52.0126 1.01 43.5385
    endloop
  endfacet
  facet normal 0 1 0
    outer loop
      vertex -52.6 1.01 45.75
      vertex -53.1874 1.01 43.5385
      vertex -53.7647 1.01 43.6533
    endloop
  endfacet
  facet normal 0 1 0
    outer loop
      vertex -52.6 1.01 45.75
      vertex -52.6 1.01 43.5
      vertex -53.1874 1.01 43.5385
    endloop
  endfacet
  facet normal 0 1 0
    outer loop
      vertex -55.7815 1.01 51.1824
      vertex -54.191 1.01 49.591
      vertex -55.782 1.01 51.182
    endloop
  endfacet
  facet normal 0 1 0
    outer loop
      vertex -55.782 1.01 51.182
      vertex -54.191 1.01 49.591
      vertex -56.1701 1.01 50.7394
    endloop
  endfacet
  facet normal 0 1 -0
    outer loop
      vertex -54.385 1.01 49.3697
      vertex -56.1701 1.01 50.7394
      vertex -54.191 1.01 49.591
    endloop
  endfacet
  facet normal 0 1 0
    outer loop
      vertex -56.1701 1.01 50.7394
      vertex -54.385 1.01 49.3697
      vertex -56.4971 1.01 50.25
    endloop
  endfacet
  facet normal 0 1 -0
    outer loop
      vertex -54.5485 1.01 49.125
      vertex -56.4971 1.01 50.25
      vertex -54.385 1.01 49.3697
    endloop
  endfacet
  facet normal 0 1 0
    outer loop
      vertex -56.4971 1.01 50.25
      vertex -54.5485 1.01 49.125
      vertex -56.7575 1.01 49.7221
    endloop
  endfacet
  facet normal 0 1 -0
    outer loop
      vertex -54.6787 1.01 48.861
      vertex -56.7575 1.01 49.7221
      vertex -54.5485 1.01 49.125
    endloop
  endfacet
  facet normal 0 1 0
    outer loop
      vertex -56.7575 1.01 49.7221
      vertex -54.6787 1.01 48.861
      vertex -56.9467 1.01 49.1647
    endloop
  endfacet
  facet normal 0 1 -0
    outer loop
      vertex -54.7733 1.01 48.5823
      vertex -56.9467 1.01 49.1647
      vertex -54.6787 1.01 48.861
    endloop
  endfacet
  facet normal 0 1 0
    outer loop
      vertex -56.9467 1.01 49.1647
      vertex -54.7733 1.01 48.5823
      vertex -57.0615 1.01 48.5874
    endloop
  endfacet
  facet normal 0 1 -0
    outer loop
      vertex -54.8307 1.01 48.2937
      vertex -57.0615 1.01 48.5874
      vertex -54.7733 1.01 48.5823
    endloop
  endfacet
  facet normal 0 1 -0
    outer loop
      vertex -54.85 1.01 48
      vertex -57.0615 1.01 48.5874
      vertex -54.8307 1.01 48.2937
    endloop
  endfacet
  facet normal 0 1 0
    outer loop
      vertex -54.85 1.01 48
      vertex -57.1 1.01 48
      vertex -57.0615 1.01 48.5874
    endloop
  endfacet
  facet normal 0 1 0
    outer loop
      vertex -54.8307 1.01 47.7063
      vertex -57.1 1.01 48
      vertex -54.85 1.01 48
    endloop
  endfacet
  facet normal 0 1 0
    outer loop
      vertex -57.0615 1.01 47.4126
      vertex -54.8307 1.01 47.7063
      vertex -54.7733 1.01 47.4177
    endloop
  endfacet
  facet normal 0 1 0
    outer loop
      vertex -54.8307 1.01 47.7063
      vertex -57.0615 1.01 47.4126
      vertex -57.1 1.01 48
    endloop
  endfacet
  facet normal 0 1 0
    outer loop
      vertex -56.9467 1.01 46.8353
      vertex -54.7733 1.01 47.4177
      vertex -54.6787 1.01 47.139
    endloop
  endfacet
  facet normal 0 1 0
    outer loop
      vertex -56.7575 1.01 46.2779
      vertex -54.6787 1.01 47.139
      vertex -54.5485 1.01 46.875
    endloop
  endfacet
  facet normal 0 1 0
    outer loop
      vertex -54.7733 1.01 47.4177
      vertex -56.9467 1.01 46.8353
      vertex -57.0615 1.01 47.4126
    endloop
  endfacet
  facet normal 0 1 0
    outer loop
      vertex -56.4971 1.01 45.75
      vertex -54.5485 1.01 46.875
      vertex -54.385 1.01 46.6303
    endloop
  endfacet
  facet normal 0 1 0
    outer loop
      vertex -56.4971 1.01 45.75
      vertex -54.385 1.01 46.6303
      vertex -54.191 1.01 46.409
    endloop
  endfacet
  facet normal 0 1 0
    outer loop
      vertex -54.6787 1.01 47.139
      vertex -56.7575 1.01 46.2779
      vertex -56.9467 1.01 46.8353
    endloop
  endfacet
  facet normal 0 1 0
    outer loop
      vertex -56.4971 1.01 45.75
      vertex -54.191 1.01 46.409
      vertex -53.9697 1.01 46.215
    endloop
  endfacet
  facet normal 0 1 0
    outer loop
      vertex -56.4971 1.01 45.75
      vertex -53.9697 1.01 46.215
      vertex -53.725 1.01 46.0515
    endloop
  endfacet
  facet normal 0 1 0
    outer loop
      vertex -56.4971 1.01 45.75
      vertex -53.725 1.01 46.0515
      vertex -53.461 1.01 45.9213
    endloop
  endfacet
  facet normal 0 1 0
    outer loop
      vertex -56.4971 1.01 45.75
      vertex -53.461 1.01 45.9213
      vertex -53.1823 1.01 45.8267
    endloop
  endfacet
  facet normal 0 1 0
    outer loop
      vertex -56.4971 1.01 45.75
      vertex -53.1823 1.01 45.8267
      vertex -52.8937 1.01 45.7693
    endloop
  endfacet
  facet normal 0 1 0
    outer loop
      vertex -54.5485 1.01 46.875
      vertex -56.4971 1.01 45.75
      vertex -56.7575 1.01 46.2779
    endloop
  endfacet
  facet normal 0 1 0
    outer loop
      vertex -56.4971 1.01 45.75
      vertex -52.8937 1.01 45.7693
      vertex -52.6 1.01 45.75
    endloop
  endfacet
  facet normal -0.195038 0 0.980796
    outer loop
      vertex -52.0126 3.2 43.5385
      vertex -51.4353 1.01 43.6533
      vertex -51.4353 3.2 43.6533
    endloop
  endfacet
  facet normal -0.195038 0 0.980796
    outer loop
      vertex -51.4353 1.01 43.6533
      vertex -52.0126 3.2 43.5385
      vertex -52.0126 1.01 43.5385
    endloop
  endfacet
  facet normal -0.321421 0 0.946936
    outer loop
      vertex -51.4353 3.2 43.6533
      vertex -50.8779 1.01 43.8425
      vertex -50.8779 3.2 43.8425
    endloop
  endfacet
  facet normal -0.321421 0 0.946936
    outer loop
      vertex -50.8779 1.01 43.8425
      vertex -51.4353 3.2 43.6533
      vertex -51.4353 1.01 43.6533
    endloop
  endfacet
  facet normal -0.442382 0 0.896827
    outer loop
      vertex -50.8779 3.2 43.8425
      vertex -50.35 1.01 44.1029
      vertex -50.35 3.2 44.1029
    endloop
  endfacet
  facet normal -0.442382 0 0.896827
    outer loop
      vertex -50.35 1.01 44.1029
      vertex -50.8779 3.2 43.8425
      vertex -50.8779 1.01 43.8425
    endloop
  endfacet
  facet normal -0.555562 0 0.831475
    outer loop
      vertex -50.35 3.2 44.1029
      vertex -49.8606 1.01 44.4299
      vertex -49.8606 3.2 44.4299
    endloop
  endfacet
  facet normal -0.555562 0 0.831475
    outer loop
      vertex -49.8606 1.01 44.4299
      vertex -50.35 3.2 44.1029
      vertex -50.35 1.01 44.1029
    endloop
  endfacet
  facet normal -0.659298 0 0.751882
    outer loop
      vertex -49.8606 3.2 44.4299
      vertex -49.418 1.01 44.818
      vertex -49.418 3.2 44.818
    endloop
  endfacet
  facet normal -0.659298 0 0.751882
    outer loop
      vertex -49.418 1.01 44.818
      vertex -49.8606 3.2 44.4299
      vertex -49.8606 1.01 44.4299
    endloop
  endfacet
  facet normal -0.751882 0 0.659298
    outer loop
      vertex -49.418 1.01 44.818
      vertex -49.0299 3.2 45.2606
      vertex -49.418 3.2 44.818
    endloop
  endfacet
  facet normal -0.751882 0 0.659298
    outer loop
      vertex -49.0299 3.2 45.2606
      vertex -49.418 1.01 44.818
      vertex -49.0299 1.01 45.2606
    endloop
  endfacet
  facet normal -0.831475 0 0.555562
    outer loop
      vertex -49.0299 1.01 45.2606
      vertex -48.7029 3.2 45.75
      vertex -49.0299 3.2 45.2606
    endloop
  endfacet
  facet normal -0.831475 0 0.555562
    outer loop
      vertex -48.7029 3.2 45.75
      vertex -49.0299 1.01 45.2606
      vertex -48.7029 1.01 45.75
    endloop
  endfacet
  facet normal -0.896827 0 0.442382
    outer loop
      vertex -48.7029 1.01 45.75
      vertex -48.4425 3.2 46.2779
      vertex -48.7029 3.2 45.75
    endloop
  endfacet
  facet normal -0.896827 0 0.442382
    outer loop
      vertex -48.4425 3.2 46.2779
      vertex -48.7029 1.01 45.75
      vertex -48.4425 1.01 46.2779
    endloop
  endfacet
  facet normal -0.946936 0 0.321421
    outer loop
      vertex -48.4425 1.01 46.2779
      vertex -48.2533 3.2 46.8353
      vertex -48.4425 3.2 46.2779
    endloop
  endfacet
  facet normal -0.946936 0 0.321421
    outer loop
      vertex -48.2533 3.2 46.8353
      vertex -48.4425 1.01 46.2779
      vertex -48.2533 1.01 46.8353
    endloop
  endfacet
  facet normal -0.980796 0 0.195038
    outer loop
      vertex -48.2533 1.01 46.8353
      vertex -48.1385 3.2 47.4126
      vertex -48.2533 3.2 46.8353
    endloop
  endfacet
  facet normal -0.980796 0 0.195038
    outer loop
      vertex -48.1385 3.2 47.4126
      vertex -48.2533 1.01 46.8353
      vertex -48.1385 1.01 47.4126
    endloop
  endfacet
  facet normal -0.997859 0 0.0654027
    outer loop
      vertex -48.1385 1.01 47.4126
      vertex -48.1 3.2 48
      vertex -48.1385 3.2 47.4126
    endloop
  endfacet
  facet normal -0.997859 0 0.0654027
    outer loop
      vertex -48.1 3.2 48
      vertex -48.1385 1.01 47.4126
      vertex -48.1 1.01 48
    endloop
  endfacet
  facet normal -0.997859 0 -0.0654027
    outer loop
      vertex -48.1 1.01 48
      vertex -48.1385 3.2 48.5874
      vertex -48.1 3.2 48
    endloop
  endfacet
  facet normal -0.997859 -0 -0.0654027
    outer loop
      vertex -48.1385 3.2 48.5874
      vertex -48.1 1.01 48
      vertex -48.1385 1.01 48.5874
    endloop
  endfacet
  facet normal -0.980796 0 -0.195038
    outer loop
      vertex -48.1385 1.01 48.5874
      vertex -48.2533 3.2 49.1647
      vertex -48.1385 3.2 48.5874
    endloop
  endfacet
  facet normal -0.980796 -0 -0.195038
    outer loop
      vertex -48.2533 3.2 49.1647
      vertex -48.1385 1.01 48.5874
      vertex -48.2533 1.01 49.1647
    endloop
  endfacet
  facet normal -0.946936 0 -0.321421
    outer loop
      vertex -48.2533 1.01 49.1647
      vertex -48.4425 3.2 49.7221
      vertex -48.2533 3.2 49.1647
    endloop
  endfacet
  facet normal -0.946936 -0 -0.321421
    outer loop
      vertex -48.4425 3.2 49.7221
      vertex -48.2533 1.01 49.1647
      vertex -48.4425 1.01 49.7221
    endloop
  endfacet
  facet normal -0.896827 0 -0.442382
    outer loop
      vertex -48.4425 1.01 49.7221
      vertex -48.7029 3.2 50.25
      vertex -48.4425 3.2 49.7221
    endloop
  endfacet
  facet normal -0.896827 -0 -0.442382
    outer loop
      vertex -48.7029 3.2 50.25
      vertex -48.4425 1.01 49.7221
      vertex -48.7029 1.01 50.25
    endloop
  endfacet
  facet normal -0.831475 0 -0.555562
    outer loop
      vertex -48.7029 1.01 50.25
      vertex -49.0299 3.2 50.7394
      vertex -48.7029 3.2 50.25
    endloop
  endfacet
  facet normal -0.831475 -0 -0.555562
    outer loop
      vertex -49.0299 3.2 50.7394
      vertex -48.7029 1.01 50.25
      vertex -49.0299 1.01 50.7394
    endloop
  endfacet
  facet normal -0.751882 0 -0.659298
    outer loop
      vertex -49.0299 1.01 50.7394
      vertex -49.418 3.2 51.182
      vertex -49.0299 3.2 50.7394
    endloop
  endfacet
  facet normal -0.751882 -0 -0.659298
    outer loop
      vertex -49.418 3.2 51.182
      vertex -49.0299 1.01 50.7394
      vertex -49.418 1.01 51.182
    endloop
  endfacet
  facet normal -0.624695 0 -0.780869
    outer loop
      vertex -49.4185 1.01 51.1824
      vertex -49.418 3.2 51.182
      vertex -49.418 1.01 51.182
    endloop
  endfacet
  facet normal -0.624695 0 -0.780869
    outer loop
      vertex -49.418 3.2 51.182
      vertex -49.4185 1.01 51.1824
      vertex -49.4185 3.2 51.1824
    endloop
  endfacet
  facet normal -0.707107 0 -0.707107
    outer loop
      vertex -49.4185 1.01 51.1824
      vertex -52.6 3.2 54.3639
      vertex -49.4185 3.2 51.1824
    endloop
  endfacet
  facet normal -0.707107 -0 -0.707107
    outer loop
      vertex -52.6 3.2 54.3639
      vertex -49.4185 1.01 51.1824
      vertex -52.6 1.01 54.3639
    endloop
  endfacet
  facet normal 0.707107 0 -0.707107
    outer loop
      vertex -52.6 1.01 54.3639
      vertex -55.7815 3.2 51.1824
      vertex -52.6 3.2 54.3639
    endloop
  endfacet
  facet normal 0.707107 0 -0.707107
    outer loop
      vertex -55.7815 3.2 51.1824
      vertex -52.6 1.01 54.3639
      vertex -55.7815 1.01 51.1824
    endloop
  endfacet
  facet normal 0.624695 0 -0.780869
    outer loop
      vertex -55.782 1.01 51.182
      vertex -55.7815 3.2 51.1824
      vertex -55.7815 1.01 51.1824
    endloop
  endfacet
  facet normal 0.624695 0 -0.780869
    outer loop
      vertex -55.7815 3.2 51.1824
      vertex -55.782 1.01 51.182
      vertex -55.782 3.2 51.182
    endloop
  endfacet
  facet normal 0.751882 0 -0.659298
    outer loop
      vertex -55.782 1.01 51.182
      vertex -56.1701 3.2 50.7394
      vertex -55.782 3.2 51.182
    endloop
  endfacet
  facet normal 0.751882 0 -0.659298
    outer loop
      vertex -56.1701 3.2 50.7394
      vertex -55.782 1.01 51.182
      vertex -56.1701 1.01 50.7394
    endloop
  endfacet
  facet normal 0.831475 0 -0.555562
    outer loop
      vertex -56.1701 1.01 50.7394
      vertex -56.4971 3.2 50.25
      vertex -56.1701 3.2 50.7394
    endloop
  endfacet
  facet normal 0.831475 0 -0.555562
    outer loop
      vertex -56.4971 3.2 50.25
      vertex -56.1701 1.01 50.7394
      vertex -56.4971 1.01 50.25
    endloop
  endfacet
  facet normal 0.896827 0 -0.442382
    outer loop
      vertex -56.4971 1.01 50.25
      vertex -56.7575 3.2 49.7221
      vertex -56.4971 3.2 50.25
    endloop
  endfacet
  facet normal 0.896827 0 -0.442382
    outer loop
      vertex -56.7575 3.2 49.7221
      vertex -56.4971 1.01 50.25
      vertex -56.7575 1.01 49.7221
    endloop
  endfacet
  facet normal 0.946936 0 -0.321421
    outer loop
      vertex -56.7575 1.01 49.7221
      vertex -56.9467 3.2 49.1647
      vertex -56.7575 3.2 49.7221
    endloop
  endfacet
  facet normal 0.946936 0 -0.321421
    outer loop
      vertex -56.9467 3.2 49.1647
      vertex -56.7575 1.01 49.7221
      vertex -56.9467 1.01 49.1647
    endloop
  endfacet
  facet normal 0.980796 0 -0.195038
    outer loop
      vertex -56.9467 1.01 49.1647
      vertex -57.0615 3.2 48.5874
      vertex -56.9467 3.2 49.1647
    endloop
  endfacet
  facet normal 0.980796 0 -0.195038
    outer loop
      vertex -57.0615 3.2 48.5874
      vertex -56.9467 1.01 49.1647
      vertex -57.0615 1.01 48.5874
    endloop
  endfacet
  facet normal 0.997859 0 -0.0654027
    outer loop
      vertex -57.0615 1.01 48.5874
      vertex -57.1 3.2 48
      vertex -57.0615 3.2 48.5874
    endloop
  endfacet
  facet normal 0.997859 0 -0.0654027
    outer loop
      vertex -57.1 3.2 48
      vertex -57.0615 1.01 48.5874
      vertex -57.1 1.01 48
    endloop
  endfacet
  facet normal 0.997859 -0 0.0654027
    outer loop
      vertex -57.1 1.01 48
      vertex -57.0615 3.2 47.4126
      vertex -57.1 3.2 48
    endloop
  endfacet
  facet normal 0.997859 0 0.0654027
    outer loop
      vertex -57.0615 3.2 47.4126
      vertex -57.1 1.01 48
      vertex -57.0615 1.01 47.4126
    endloop
  endfacet
  facet normal 0.980796 -0 0.195038
    outer loop
      vertex -57.0615 1.01 47.4126
      vertex -56.9467 3.2 46.8353
      vertex -57.0615 3.2 47.4126
    endloop
  endfacet
  facet normal 0.980796 0 0.195038
    outer loop
      vertex -56.9467 3.2 46.8353
      vertex -57.0615 1.01 47.4126
      vertex -56.9467 1.01 46.8353
    endloop
  endfacet
  facet normal 0.946936 -0 0.321421
    outer loop
      vertex -56.9467 1.01 46.8353
      vertex -56.7575 3.2 46.2779
      vertex -56.9467 3.2 46.8353
    endloop
  endfacet
  facet normal 0.946936 0 0.321421
    outer loop
      vertex -56.7575 3.2 46.2779
      vertex -56.9467 1.01 46.8353
      vertex -56.7575 1.01 46.2779
    endloop
  endfacet
  facet normal 0.896827 -0 0.442382
    outer loop
      vertex -56.7575 1.01 46.2779
      vertex -56.4971 3.2 45.75
      vertex -56.7575 3.2 46.2779
    endloop
  endfacet
  facet normal 0.896827 0 0.442382
    outer loop
      vertex -56.4971 3.2 45.75
      vertex -56.7575 1.01 46.2779
      vertex -56.4971 1.01 45.75
    endloop
  endfacet
  facet normal 0.831475 -0 0.555562
    outer loop
      vertex -56.4971 1.01 45.75
      vertex -56.1701 3.2 45.2606
      vertex -56.4971 3.2 45.75
    endloop
  endfacet
  facet normal 0.831475 0 0.555562
    outer loop
      vertex -56.1701 3.2 45.2606
      vertex -56.4971 1.01 45.75
      vertex -56.1701 1.01 45.2606
    endloop
  endfacet
  facet normal 0.751882 -0 0.659298
    outer loop
      vertex -56.1701 1.01 45.2606
      vertex -55.782 3.2 44.818
      vertex -56.1701 3.2 45.2606
    endloop
  endfacet
  facet normal 0.751882 0 0.659298
    outer loop
      vertex -55.782 3.2 44.818
      vertex -56.1701 1.01 45.2606
      vertex -55.782 1.01 44.818
    endloop
  endfacet
  facet normal 0.659298 0 0.751882
    outer loop
      vertex -55.782 3.2 44.818
      vertex -55.3394 1.01 44.4299
      vertex -55.3394 3.2 44.4299
    endloop
  endfacet
  facet normal 0.659298 0 0.751882
    outer loop
      vertex -55.3394 1.01 44.4299
      vertex -55.782 3.2 44.818
      vertex -55.782 1.01 44.818
    endloop
  endfacet
  facet normal 0.555562 0 0.831475
    outer loop
      vertex -55.3394 3.2 44.4299
      vertex -54.85 1.01 44.1029
      vertex -54.85 3.2 44.1029
    endloop
  endfacet
  facet normal 0.555562 0 0.831475
    outer loop
      vertex -54.85 1.01 44.1029
      vertex -55.3394 3.2 44.4299
      vertex -55.3394 1.01 44.4299
    endloop
  endfacet
  facet normal 0.442382 0 0.896827
    outer loop
      vertex -54.85 3.2 44.1029
      vertex -54.3221 1.01 43.8425
      vertex -54.3221 3.2 43.8425
    endloop
  endfacet
  facet normal 0.442382 0 0.896827
    outer loop
      vertex -54.3221 1.01 43.8425
      vertex -54.85 3.2 44.1029
      vertex -54.85 1.01 44.1029
    endloop
  endfacet
  facet normal 0.321421 0 0.946936
    outer loop
      vertex -54.3221 3.2 43.8425
      vertex -53.7647 1.01 43.6533
      vertex -53.7647 3.2 43.6533
    endloop
  endfacet
  facet normal 0.321421 0 0.946936
    outer loop
      vertex -53.7647 1.01 43.6533
      vertex -54.3221 3.2 43.8425
      vertex -54.3221 1.01 43.8425
    endloop
  endfacet
  facet normal 0.195038 0 0.980796
    outer loop
      vertex -53.7647 3.2 43.6533
      vertex -53.1874 1.01 43.5385
      vertex -53.1874 3.2 43.5385
    endloop
  endfacet
  facet normal 0.195038 0 0.980796
    outer loop
      vertex -53.1874 1.01 43.5385
      vertex -53.7647 3.2 43.6533
      vertex -53.7647 1.01 43.6533
    endloop
  endfacet
  facet normal 0.0654027 0 0.997859
    outer loop
      vertex -53.1874 3.2 43.5385
      vertex -52.6 1.01 43.5
      vertex -52.6 3.2 43.5
    endloop
  endfacet
  facet normal 0.0654027 0 0.997859
    outer loop
      vertex -52.6 1.01 43.5
      vertex -53.1874 3.2 43.5385
      vertex -53.1874 1.01 43.5385
    endloop
  endfacet
  facet normal -0.0654027 0 0.997859
    outer loop
      vertex -52.6 3.2 43.5
      vertex -52.0126 1.01 43.5385
      vertex -52.0126 3.2 43.5385
    endloop
  endfacet
  facet normal -0.0654027 0 0.997859
    outer loop
      vertex -52.0126 1.01 43.5385
      vertex -52.6 3.2 43.5
      vertex -52.6 1.01 43.5
    endloop
  endfacet
  facet normal 0.707085 0 -0.707129
    outer loop
      vertex 51.009 0 49.591
      vertex 52.6 1.01 51.1819
      vertex 52.6 0 51.1819
    endloop
  endfacet
  facet normal 0.707085 0 -0.707129
    outer loop
      vertex 52.6 1.01 51.1819
      vertex 51.009 0 49.591
      vertex 51.009 1.01 49.591
    endloop
  endfacet
  facet normal 0.442315 0 0.89686
    outer loop
      vertex 51.475 1.01 46.0515
      vertex 51.739 0 45.9213
      vertex 51.739 1.01 45.9213
    endloop
  endfacet
  facet normal 0.442315 0 0.89686
    outer loop
      vertex 51.739 0 45.9213
      vertex 51.475 1.01 46.0515
      vertex 51.475 0 46.0515
    endloop
  endfacet
  facet normal -0.321421 0 0.946936
    outer loop
      vertex 53.1823 1.01 45.8267
      vertex 53.461 0 45.9213
      vertex 53.461 1.01 45.9213
    endloop
  endfacet
  facet normal -0.321421 0 0.946936
    outer loop
      vertex 53.461 0 45.9213
      vertex 53.1823 1.01 45.8267
      vertex 53.1823 0 45.8267
    endloop
  endfacet
  facet normal -0.19507 0 0.980789
    outer loop
      vertex 52.8937 1.01 45.7693
      vertex 53.1823 0 45.8267
      vertex 53.1823 1.01 45.8267
    endloop
  endfacet
  facet normal -0.19507 0 0.980789
    outer loop
      vertex 53.1823 0 45.8267
      vertex 52.8937 1.01 45.7693
      vertex 52.8937 0 45.7693
    endloop
  endfacet
  facet normal -0.946936 0 0.321421
    outer loop
      vertex 54.6787 0 47.139
      vertex 54.7733 1.01 47.4177
      vertex 54.6787 1.01 47.139
    endloop
  endfacet
  facet normal -0.946936 0 0.321421
    outer loop
      vertex 54.7733 1.01 47.4177
      vertex 54.6787 0 47.139
      vertex 54.7733 0 47.4177
    endloop
  endfacet
  facet normal -0.707085 0 -0.707129
    outer loop
      vertex 52.6 0 51.1819
      vertex 54.191 1.01 49.591
      vertex 54.191 0 49.591
    endloop
  endfacet
  facet normal -0.707085 0 -0.707129
    outer loop
      vertex 54.191 1.01 49.591
      vertex 52.6 0 51.1819
      vertex 52.6 1.01 51.1819
    endloop
  endfacet
  facet normal 0.89686 0 -0.442315
    outer loop
      vertex 50.6515 0 49.125
      vertex 50.5213 1.01 48.861
      vertex 50.6515 1.01 49.125
    endloop
  endfacet
  facet normal 0.89686 0 -0.442315
    outer loop
      vertex 50.5213 1.01 48.861
      vertex 50.6515 0 49.125
      vertex 50.5213 0 48.861
    endloop
  endfacet
  facet normal 0.946936 -0 0.321421
    outer loop
      vertex 50.4267 0 47.4177
      vertex 50.5213 1.01 47.139
      vertex 50.4267 1.01 47.4177
    endloop
  endfacet
  facet normal 0.946936 0 0.321421
    outer loop
      vertex 50.5213 1.01 47.139
      vertex 50.4267 0 47.4177
      vertex 50.5213 0 47.139
    endloop
  endfacet
  facet normal 0.751966 0 -0.659202
    outer loop
      vertex 51.009 0 49.591
      vertex 50.815 1.01 49.3697
      vertex 51.009 1.01 49.591
    endloop
  endfacet
  facet normal 0.751966 0 -0.659202
    outer loop
      vertex 50.815 1.01 49.3697
      vertex 51.009 0 49.591
      vertex 50.815 0 49.3697
    endloop
  endfacet
  facet normal 0.659202 0 0.751966
    outer loop
      vertex 51.009 1.01 46.409
      vertex 51.2303 0 46.215
      vertex 51.2303 1.01 46.215
    endloop
  endfacet
  facet normal 0.659202 0 0.751966
    outer loop
      vertex 51.2303 0 46.215
      vertex 51.009 1.01 46.409
      vertex 51.009 0 46.409
    endloop
  endfacet
  facet normal -0.831475 0 -0.555562
    outer loop
      vertex 54.5485 0 49.125
      vertex 54.385 1.01 49.3697
      vertex 54.5485 1.01 49.125
    endloop
  endfacet
  facet normal -0.831475 -0 -0.555562
    outer loop
      vertex 54.385 1.01 49.3697
      vertex 54.5485 0 49.125
      vertex 54.385 0 49.3697
    endloop
  endfacet
  facet normal 0.321421 0 0.946936
    outer loop
      vertex 51.739 1.01 45.9213
      vertex 52.0177 0 45.8267
      vertex 52.0177 1.01 45.8267
    endloop
  endfacet
  facet normal 0.321421 0 0.946936
    outer loop
      vertex 52.0177 0 45.8267
      vertex 51.739 1.01 45.9213
      vertex 51.739 0 45.9213
    endloop
  endfacet
  facet normal 0.19507 0 0.980789
    outer loop
      vertex 52.0177 1.01 45.8267
      vertex 52.3063 0 45.7693
      vertex 52.3063 1.01 45.7693
    endloop
  endfacet
  facet normal 0.19507 0 0.980789
    outer loop
      vertex 52.3063 0 45.7693
      vertex 52.0177 1.01 45.8267
      vertex 52.0177 0 45.8267
    endloop
  endfacet
  facet normal -0.0655719 0 0.997848
    outer loop
      vertex 52.6 1.01 45.75
      vertex 52.8937 0 45.7693
      vertex 52.8937 1.01 45.7693
    endloop
  endfacet
  facet normal -0.0655719 0 0.997848
    outer loop
      vertex 52.8937 0 45.7693
      vertex 52.6 1.01 45.75
      vertex 52.6 0 45.75
    endloop
  endfacet
  facet normal -0.831475 0 0.555562
    outer loop
      vertex 54.385 0 46.6303
      vertex 54.5485 1.01 46.875
      vertex 54.385 1.01 46.6303
    endloop
  endfacet
  facet normal -0.831475 0 0.555562
    outer loop
      vertex 54.5485 1.01 46.875
      vertex 54.385 0 46.6303
      vertex 54.5485 0 46.875
    endloop
  endfacet
  facet normal 0.555562 0 0.831475
    outer loop
      vertex 51.2303 1.01 46.215
      vertex 51.475 0 46.0515
      vertex 51.475 1.01 46.0515
    endloop
  endfacet
  facet normal 0.555562 0 0.831475
    outer loop
      vertex 51.475 0 46.0515
      vertex 51.2303 1.01 46.215
      vertex 51.2303 0 46.215
    endloop
  endfacet
  facet normal -0.980789 0 0.19507
    outer loop
      vertex 54.7733 0 47.4177
      vertex 54.8307 1.01 47.7063
      vertex 54.7733 1.01 47.4177
    endloop
  endfacet
  facet normal -0.980789 0 0.19507
    outer loop
      vertex 54.8307 1.01 47.7063
      vertex 54.7733 0 47.4177
      vertex 54.8307 0 47.7063
    endloop
  endfacet
  facet normal 0.831475 0 -0.555562
    outer loop
      vertex 50.815 0 49.3697
      vertex 50.6515 1.01 49.125
      vertex 50.815 1.01 49.3697
    endloop
  endfacet
  facet normal 0.831475 0 -0.555562
    outer loop
      vertex 50.6515 1.01 49.125
      vertex 50.815 0 49.3697
      vertex 50.6515 0 49.125
    endloop
  endfacet
  facet normal -0.980789 0 -0.19507
    outer loop
      vertex 54.8307 0 48.2937
      vertex 54.7733 1.01 48.5823
      vertex 54.8307 1.01 48.2937
    endloop
  endfacet
  facet normal -0.980789 -0 -0.19507
    outer loop
      vertex 54.7733 1.01 48.5823
      vertex 54.8307 0 48.2937
      vertex 54.7733 0 48.5823
    endloop
  endfacet
  facet normal 0.980789 -0 0.19507
    outer loop
      vertex 50.3693 0 47.7063
      vertex 50.4267 1.01 47.4177
      vertex 50.3693 1.01 47.7063
    endloop
  endfacet
  facet normal 0.980789 0 0.19507
    outer loop
      vertex 50.4267 1.01 47.4177
      vertex 50.3693 0 47.7063
      vertex 50.4267 0 47.4177
    endloop
  endfacet
  facet normal 0.0655719 0 0.997848
    outer loop
      vertex 52.3063 1.01 45.7693
      vertex 52.6 0 45.75
      vertex 52.6 1.01 45.75
    endloop
  endfacet
  facet normal 0.0655719 0 0.997848
    outer loop
      vertex 52.6 0 45.75
      vertex 52.3063 1.01 45.7693
      vertex 52.3063 0 45.7693
    endloop
  endfacet
  facet normal 0.89686 -0 0.442315
    outer loop
      vertex 50.5213 0 47.139
      vertex 50.6515 1.01 46.875
      vertex 50.5213 1.01 47.139
    endloop
  endfacet
  facet normal 0.89686 0 0.442315
    outer loop
      vertex 50.6515 1.01 46.875
      vertex 50.5213 0 47.139
      vertex 50.6515 0 46.875
    endloop
  endfacet
  facet normal -0.751966 0 0.659202
    outer loop
      vertex 54.191 0 46.409
      vertex 54.385 1.01 46.6303
      vertex 54.191 1.01 46.409
    endloop
  endfacet
  facet normal -0.751966 0 0.659202
    outer loop
      vertex 54.385 1.01 46.6303
      vertex 54.191 0 46.409
      vertex 54.385 0 46.6303
    endloop
  endfacet
  facet normal 0.946936 0 -0.321421
    outer loop
      vertex 50.5213 0 48.861
      vertex 50.4267 1.01 48.5823
      vertex 50.5213 1.01 48.861
    endloop
  endfacet
  facet normal 0.946936 0 -0.321421
    outer loop
      vertex 50.4267 1.01 48.5823
      vertex 50.5213 0 48.861
      vertex 50.4267 0 48.5823
    endloop
  endfacet
  facet normal 0.997848 -0 0.0655719
    outer loop
      vertex 50.35 0 48
      vertex 50.3693 1.01 47.7063
      vertex 50.35 1.01 48
    endloop
  endfacet
  facet normal 0.997848 0 0.0655719
    outer loop
      vertex 50.3693 1.01 47.7063
      vertex 50.35 0 48
      vertex 50.3693 0 47.7063
    endloop
  endfacet
  facet normal -0.751966 0 -0.659202
    outer loop
      vertex 54.385 0 49.3697
      vertex 54.191 1.01 49.591
      vertex 54.385 1.01 49.3697
    endloop
  endfacet
  facet normal -0.751966 -0 -0.659202
    outer loop
      vertex 54.191 1.01 49.591
      vertex 54.385 0 49.3697
      vertex 54.191 0 49.591
    endloop
  endfacet
  facet normal -0.997848 0 -0.0655719
    outer loop
      vertex 54.85 0 48
      vertex 54.8307 1.01 48.2937
      vertex 54.85 1.01 48
    endloop
  endfacet
  facet normal -0.997848 -0 -0.0655719
    outer loop
      vertex 54.8307 1.01 48.2937
      vertex 54.85 0 48
      vertex 54.8307 0 48.2937
    endloop
  endfacet
  facet normal -0.555562 0 0.831475
    outer loop
      vertex 53.725 1.01 46.0515
      vertex 53.9697 0 46.215
      vertex 53.9697 1.01 46.215
    endloop
  endfacet
  facet normal -0.555562 0 0.831475
    outer loop
      vertex 53.9697 0 46.215
      vertex 53.725 1.01 46.0515
      vertex 53.725 0 46.0515
    endloop
  endfacet
  facet normal 0.980789 0 -0.19507
    outer loop
      vertex 50.4267 0 48.5823
      vertex 50.3693 1.01 48.2937
      vertex 50.4267 1.01 48.5823
    endloop
  endfacet
  facet normal 0.980789 0 -0.19507
    outer loop
      vertex 50.3693 1.01 48.2937
      vertex 50.4267 0 48.5823
      vertex 50.3693 0 48.2937
    endloop
  endfacet
  facet normal 0.751966 -0 0.659202
    outer loop
      vertex 50.815 0 46.6303
      vertex 51.009 1.01 46.409
      vertex 50.815 1.01 46.6303
    endloop
  endfacet
  facet normal 0.751966 0 0.659202
    outer loop
      vertex 51.009 1.01 46.409
      vertex 50.815 0 46.6303
      vertex 51.009 0 46.409
    endloop
  endfacet
  facet normal 0.997848 0 -0.0655719
    outer loop
      vertex 50.3693 0 48.2937
      vertex 50.35 1.01 48
      vertex 50.3693 1.01 48.2937
    endloop
  endfacet
  facet normal 0.997848 0 -0.0655719
    outer loop
      vertex 50.35 1.01 48
      vertex 50.3693 0 48.2937
      vertex 50.35 0 48
    endloop
  endfacet
  facet normal -0.89686 0 0.442315
    outer loop
      vertex 54.5485 0 46.875
      vertex 54.6787 1.01 47.139
      vertex 54.5485 1.01 46.875
    endloop
  endfacet
  facet normal -0.89686 0 0.442315
    outer loop
      vertex 54.6787 1.01 47.139
      vertex 54.5485 0 46.875
      vertex 54.6787 0 47.139
    endloop
  endfacet
  facet normal -0.946936 0 -0.321421
    outer loop
      vertex 54.7733 0 48.5823
      vertex 54.6787 1.01 48.861
      vertex 54.7733 1.01 48.5823
    endloop
  endfacet
  facet normal -0.946936 -0 -0.321421
    outer loop
      vertex 54.6787 1.01 48.861
      vertex 54.7733 0 48.5823
      vertex 54.6787 0 48.861
    endloop
  endfacet
  facet normal -0.89686 0 -0.442315
    outer loop
      vertex 54.6787 0 48.861
      vertex 54.5485 1.01 49.125
      vertex 54.6787 1.01 48.861
    endloop
  endfacet
  facet normal -0.89686 -0 -0.442315
    outer loop
      vertex 54.5485 1.01 49.125
      vertex 54.6787 0 48.861
      vertex 54.5485 0 49.125
    endloop
  endfacet
  facet normal -0.997848 0 0.0655719
    outer loop
      vertex 54.8307 0 47.7063
      vertex 54.85 1.01 48
      vertex 54.8307 1.01 47.7063
    endloop
  endfacet
  facet normal -0.997848 0 0.0655719
    outer loop
      vertex 54.85 1.01 48
      vertex 54.8307 0 47.7063
      vertex 54.85 0 48
    endloop
  endfacet
  facet normal 0.831475 -0 0.555562
    outer loop
      vertex 50.6515 0 46.875
      vertex 50.815 1.01 46.6303
      vertex 50.6515 1.01 46.875
    endloop
  endfacet
  facet normal 0.831475 0 0.555562
    outer loop
      vertex 50.815 1.01 46.6303
      vertex 50.6515 0 46.875
      vertex 50.815 0 46.6303
    endloop
  endfacet
  facet normal -0.659202 0 0.751966
    outer loop
      vertex 53.9697 1.01 46.215
      vertex 54.191 0 46.409
      vertex 54.191 1.01 46.409
    endloop
  endfacet
  facet normal -0.659202 0 0.751966
    outer loop
      vertex 54.191 0 46.409
      vertex 53.9697 1.01 46.215
      vertex 53.9697 0 46.215
    endloop
  endfacet
  facet normal -0.442315 0 0.89686
    outer loop
      vertex 53.461 1.01 45.9213
      vertex 53.725 0 46.0515
      vertex 53.725 1.01 46.0515
    endloop
  endfacet
  facet normal -0.442315 0 0.89686
    outer loop
      vertex 53.725 0 46.0515
      vertex 53.461 1.01 45.9213
      vertex 53.461 0 45.9213
    endloop
  endfacet
  facet normal 0 1 0
    outer loop
      vertex 52.6 1.01 51.1819
      vertex 52.6 1.01 54.3639
      vertex 55.7815 1.01 51.1824
    endloop
  endfacet
  facet normal 0 1 0
    outer loop
      vertex 54.191 1.01 49.591
      vertex 55.7815 1.01 51.1824
      vertex 55.782 1.01 51.182
    endloop
  endfacet
  facet normal 0 1 0
    outer loop
      vertex 52.6 1.01 54.3639
      vertex 52.6 1.01 51.1819
      vertex 49.4185 1.01 51.1824
    endloop
  endfacet
  facet normal 0 1 -0
    outer loop
      vertex 51.009 1.01 49.591
      vertex 49.4185 1.01 51.1824
      vertex 52.6 1.01 51.1819
    endloop
  endfacet
  facet normal 0 1 0
    outer loop
      vertex 54.191 1.01 49.591
      vertex 55.782 1.01 51.182
      vertex 56.1701 1.01 50.7394
    endloop
  endfacet
  facet normal 0 1 0
    outer loop
      vertex 54.385 1.01 49.3697
      vertex 56.1701 1.01 50.7394
      vertex 56.4971 1.01 50.25
    endloop
  endfacet
  facet normal 0 1 0
    outer loop
      vertex 54.5485 1.01 49.125
      vertex 56.4971 1.01 50.25
      vertex 56.7575 1.01 49.7221
    endloop
  endfacet
  facet normal 0 1 0
    outer loop
      vertex 55.7815 1.01 51.1824
      vertex 54.191 1.01 49.591
      vertex 52.6 1.01 51.1819
    endloop
  endfacet
  facet normal 0 1 0
    outer loop
      vertex 56.1701 1.01 50.7394
      vertex 54.385 1.01 49.3697
      vertex 54.191 1.01 49.591
    endloop
  endfacet
  facet normal 0 1 0
    outer loop
      vertex 54.6787 1.01 48.861
      vertex 56.7575 1.01 49.7221
      vertex 56.9467 1.01 49.1647
    endloop
  endfacet
  facet normal 0 1 0
    outer loop
      vertex 56.4971 1.01 50.25
      vertex 54.5485 1.01 49.125
      vertex 54.385 1.01 49.3697
    endloop
  endfacet
  facet normal 0 1 0
    outer loop
      vertex 56.7575 1.01 49.7221
      vertex 54.6787 1.01 48.861
      vertex 54.5485 1.01 49.125
    endloop
  endfacet
  facet normal 0 1 0
    outer loop
      vertex 54.7733 1.01 48.5823
      vertex 56.9467 1.01 49.1647
      vertex 57.0615 1.01 48.5874
    endloop
  endfacet
  facet normal 0 1 0
    outer loop
      vertex 56.9467 1.01 49.1647
      vertex 54.7733 1.01 48.5823
      vertex 54.6787 1.01 48.861
    endloop
  endfacet
  facet normal 0 1 0
    outer loop
      vertex 57.0615 1.01 48.5874
      vertex 54.8307 1.01 48.2937
      vertex 54.7733 1.01 48.5823
    endloop
  endfacet
  facet normal 0 1 0
    outer loop
      vertex 57.1 1.01 48
      vertex 54.8307 1.01 48.2937
      vertex 57.0615 1.01 48.5874
    endloop
  endfacet
  facet normal 0 1 0
    outer loop
      vertex 57.1 1.01 48
      vertex 54.85 1.01 48
      vertex 54.8307 1.01 48.2937
    endloop
  endfacet
  facet normal 0 1 0
    outer loop
      vertex 57.1 1.01 48
      vertex 54.8307 1.01 47.7063
      vertex 54.85 1.01 48
    endloop
  endfacet
  facet normal 0 1 -0
    outer loop
      vertex 57.0615 1.01 47.4126
      vertex 54.8307 1.01 47.7063
      vertex 57.1 1.01 48
    endloop
  endfacet
  facet normal 0 1 0
    outer loop
      vertex 54.8307 1.01 47.7063
      vertex 57.0615 1.01 47.4126
      vertex 54.7733 1.01 47.4177
    endloop
  endfacet
  facet normal 0 1 -0
    outer loop
      vertex 56.9467 1.01 46.8353
      vertex 54.7733 1.01 47.4177
      vertex 57.0615 1.01 47.4126
    endloop
  endfacet
  facet normal 0 1 0
    outer loop
      vertex 54.7733 1.01 47.4177
      vertex 56.9467 1.01 46.8353
      vertex 54.6787 1.01 47.139
    endloop
  endfacet
  facet normal 0 1 -0
    outer loop
      vertex 56.7575 1.01 46.2779
      vertex 54.6787 1.01 47.139
      vertex 56.9467 1.01 46.8353
    endloop
  endfacet
  facet normal 0 1 0
    outer loop
      vertex 54.6787 1.01 47.139
      vertex 56.7575 1.01 46.2779
      vertex 54.5485 1.01 46.875
    endloop
  endfacet
  facet normal 0 1 -0
    outer loop
      vertex 56.4971 1.01 45.75
      vertex 54.5485 1.01 46.875
      vertex 56.7575 1.01 46.2779
    endloop
  endfacet
  facet normal 0 1 0
    outer loop
      vertex 54.5485 1.01 46.875
      vertex 56.4971 1.01 45.75
      vertex 54.385 1.01 46.6303
    endloop
  endfacet
  facet normal 0 1 -0
    outer loop
      vertex 56.1701 1.01 45.2606
      vertex 54.385 1.01 46.6303
      vertex 56.4971 1.01 45.75
    endloop
  endfacet
  facet normal 0 1 0
    outer loop
      vertex 54.385 1.01 46.6303
      vertex 56.1701 1.01 45.2606
      vertex 54.191 1.01 46.409
    endloop
  endfacet
  facet normal 0 1 -0
    outer loop
      vertex 55.782 1.01 44.818
      vertex 54.191 1.01 46.409
      vertex 56.1701 1.01 45.2606
    endloop
  endfacet
  facet normal 0 1 0
    outer loop
      vertex 54.191 1.01 46.409
      vertex 55.782 1.01 44.818
      vertex 53.9697 1.01 46.215
    endloop
  endfacet
  facet normal 0 1 -0
    outer loop
      vertex 55.3394 1.01 44.4299
      vertex 53.9697 1.01 46.215
      vertex 55.782 1.01 44.818
    endloop
  endfacet
  facet normal 0 1 0
    outer loop
      vertex 53.9697 1.01 46.215
      vertex 55.3394 1.01 44.4299
      vertex 53.725 1.01 46.0515
    endloop
  endfacet
  facet normal 0 1 -0
    outer loop
      vertex 54.85 1.01 44.1029
      vertex 53.725 1.01 46.0515
      vertex 55.3394 1.01 44.4299
    endloop
  endfacet
  facet normal 0 1 0
    outer loop
      vertex 53.725 1.01 46.0515
      vertex 54.85 1.01 44.1029
      vertex 53.461 1.01 45.9213
    endloop
  endfacet
  facet normal 0 1 -0
    outer loop
      vertex 54.3221 1.01 43.8425
      vertex 53.461 1.01 45.9213
      vertex 54.85 1.01 44.1029
    endloop
  endfacet
  facet normal 0 1 0
    outer loop
      vertex 52.6 1.01 45.75
      vertex 49.0299 1.01 45.2606
      vertex 48.7029 1.01 45.75
    endloop
  endfacet
  facet normal 0 1 0
    outer loop
      vertex 53.461 1.01 45.9213
      vertex 54.3221 1.01 43.8425
      vertex 53.1823 1.01 45.8267
    endloop
  endfacet
  facet normal 0 1 0
    outer loop
      vertex 52.6 1.01 45.75
      vertex 49.418 1.01 44.818
      vertex 49.0299 1.01 45.2606
    endloop
  endfacet
  facet normal 0 1 -0
    outer loop
      vertex 53.7647 1.01 43.6533
      vertex 53.1823 1.01 45.8267
      vertex 54.3221 1.01 43.8425
    endloop
  endfacet
  facet normal 0 1 0
    outer loop
      vertex 52.6 1.01 45.75
      vertex 49.8606 1.01 44.4299
      vertex 49.418 1.01 44.818
    endloop
  endfacet
  facet normal 0 1 0
    outer loop
      vertex 53.1823 1.01 45.8267
      vertex 53.7647 1.01 43.6533
      vertex 52.8937 1.01 45.7693
    endloop
  endfacet
  facet normal 0 1 0
    outer loop
      vertex 52.6 1.01 45.75
      vertex 50.35 1.01 44.1029
      vertex 49.8606 1.01 44.4299
    endloop
  endfacet
  facet normal 0 1 -0
    outer loop
      vertex 53.1874 1.01 43.5385
      vertex 52.8937 1.01 45.7693
      vertex 53.7647 1.01 43.6533
    endloop
  endfacet
  facet normal 0 1 0
    outer loop
      vertex 52.6 1.01 45.75
      vertex 50.8779 1.01 43.8425
      vertex 50.35 1.01 44.1029
    endloop
  endfacet
  facet normal 0 1 0
    outer loop
      vertex 52.8937 1.01 45.7693
      vertex 53.1874 1.01 43.5385
      vertex 52.6 1.01 45.75
    endloop
  endfacet
  facet normal 0 1 0
    outer loop
      vertex 52.6 1.01 45.75
      vertex 51.4353 1.01 43.6533
      vertex 50.8779 1.01 43.8425
    endloop
  endfacet
  facet normal 0 1 0
    outer loop
      vertex 52.6 1.01 43.5
      vertex 52.6 1.01 45.75
      vertex 53.1874 1.01 43.5385
    endloop
  endfacet
  facet normal 0 1 0
    outer loop
      vertex 52.6 1.01 45.75
      vertex 52.0126 1.01 43.5385
      vertex 51.4353 1.01 43.6533
    endloop
  endfacet
  facet normal 0 1 0
    outer loop
      vertex 52.6 1.01 45.75
      vertex 52.6 1.01 43.5
      vertex 52.0126 1.01 43.5385
    endloop
  endfacet
  facet normal 0 1 0
    outer loop
      vertex 49.4185 1.01 51.1824
      vertex 51.009 1.01 49.591
      vertex 49.418 1.01 51.182
    endloop
  endfacet
  facet normal 0 1 0
    outer loop
      vertex 49.418 1.01 51.182
      vertex 51.009 1.01 49.591
      vertex 49.0299 1.01 50.7394
    endloop
  endfacet
  facet normal 0 1 -0
    outer loop
      vertex 50.815 1.01 49.3697
      vertex 49.0299 1.01 50.7394
      vertex 51.009 1.01 49.591
    endloop
  endfacet
  facet normal 0 1 0
    outer loop
      vertex 49.0299 1.01 50.7394
      vertex 50.815 1.01 49.3697
      vertex 48.7029 1.01 50.25
    endloop
  endfacet
  facet normal 0 1 -0
    outer loop
      vertex 50.6515 1.01 49.125
      vertex 48.7029 1.01 50.25
      vertex 50.815 1.01 49.3697
    endloop
  endfacet
  facet normal 0 1 0
    outer loop
      vertex 48.7029 1.01 50.25
      vertex 50.6515 1.01 49.125
      vertex 48.4425 1.01 49.7221
    endloop
  endfacet
  facet normal 0 1 -0
    outer loop
      vertex 50.5213 1.01 48.861
      vertex 48.4425 1.01 49.7221
      vertex 50.6515 1.01 49.125
    endloop
  endfacet
  facet normal 0 1 0
    outer loop
      vertex 48.4425 1.01 49.7221
      vertex 50.5213 1.01 48.861
      vertex 48.2533 1.01 49.1647
    endloop
  endfacet
  facet normal 0 1 -0
    outer loop
      vertex 50.4267 1.01 48.5823
      vertex 48.2533 1.01 49.1647
      vertex 50.5213 1.01 48.861
    endloop
  endfacet
  facet normal 0 1 0
    outer loop
      vertex 48.2533 1.01 49.1647
      vertex 50.4267 1.01 48.5823
      vertex 48.1385 1.01 48.5874
    endloop
  endfacet
  facet normal 0 1 -0
    outer loop
      vertex 50.3693 1.01 48.2937
      vertex 48.1385 1.01 48.5874
      vertex 50.4267 1.01 48.5823
    endloop
  endfacet
  facet normal 0 1 -0
    outer loop
      vertex 50.35 1.01 48
      vertex 48.1385 1.01 48.5874
      vertex 50.3693 1.01 48.2937
    endloop
  endfacet
  facet normal 0 1 0
    outer loop
      vertex 50.35 1.01 48
      vertex 48.1 1.01 48
      vertex 48.1385 1.01 48.5874
    endloop
  endfacet
  facet normal 0 1 0
    outer loop
      vertex 50.3693 1.01 47.7063
      vertex 48.1 1.01 48
      vertex 50.35 1.01 48
    endloop
  endfacet
  facet normal 0 1 0
    outer loop
      vertex 48.1385 1.01 47.4126
      vertex 50.3693 1.01 47.7063
      vertex 50.4267 1.01 47.4177
    endloop
  endfacet
  facet normal 0 1 0
    outer loop
      vertex 50.3693 1.01 47.7063
      vertex 48.1385 1.01 47.4126
      vertex 48.1 1.01 48
    endloop
  endfacet
  facet normal 0 1 0
    outer loop
      vertex 48.2533 1.01 46.8353
      vertex 50.4267 1.01 47.4177
      vertex 50.5213 1.01 47.139
    endloop
  endfacet
  facet normal 0 1 0
    outer loop
      vertex 48.4425 1.01 46.2779
      vertex 50.5213 1.01 47.139
      vertex 50.6515 1.01 46.875
    endloop
  endfacet
  facet normal 0 1 0
    outer loop
      vertex 50.4267 1.01 47.4177
      vertex 48.2533 1.01 46.8353
      vertex 48.1385 1.01 47.4126
    endloop
  endfacet
  facet normal 0 1 0
    outer loop
      vertex 48.7029 1.01 45.75
      vertex 50.6515 1.01 46.875
      vertex 50.815 1.01 46.6303
    endloop
  endfacet
  facet normal 0 1 0
    outer loop
      vertex 48.7029 1.01 45.75
      vertex 50.815 1.01 46.6303
      vertex 51.009 1.01 46.409
    endloop
  endfacet
  facet normal 0 1 0
    outer loop
      vertex 50.5213 1.01 47.139
      vertex 48.4425 1.01 46.2779
      vertex 48.2533 1.01 46.8353
    endloop
  endfacet
  facet normal 0 1 0
    outer loop
      vertex 48.7029 1.01 45.75
      vertex 51.009 1.01 46.409
      vertex 51.2303 1.01 46.215
    endloop
  endfacet
  facet normal 0 1 0
    outer loop
      vertex 48.7029 1.01 45.75
      vertex 51.2303 1.01 46.215
      vertex 51.475 1.01 46.0515
    endloop
  endfacet
  facet normal 0 1 0
    outer loop
      vertex 48.7029 1.01 45.75
      vertex 51.475 1.01 46.0515
      vertex 51.739 1.01 45.9213
    endloop
  endfacet
  facet normal 0 1 0
    outer loop
      vertex 48.7029 1.01 45.75
      vertex 51.739 1.01 45.9213
      vertex 52.0177 1.01 45.8267
    endloop
  endfacet
  facet normal 0 1 0
    outer loop
      vertex 48.7029 1.01 45.75
      vertex 52.0177 1.01 45.8267
      vertex 52.3063 1.01 45.7693
    endloop
  endfacet
  facet normal 0 1 0
    outer loop
      vertex 50.6515 1.01 46.875
      vertex 48.7029 1.01 45.75
      vertex 48.4425 1.01 46.2779
    endloop
  endfacet
  facet normal 0 1 0
    outer loop
      vertex 48.7029 1.01 45.75
      vertex 52.3063 1.01 45.7693
      vertex 52.6 1.01 45.75
    endloop
  endfacet
  facet normal -0.195038 0 0.980796
    outer loop
      vertex 53.1874 3.2 43.5385
      vertex 53.7647 1.01 43.6533
      vertex 53.7647 3.2 43.6533
    endloop
  endfacet
  facet normal -0.195038 0 0.980796
    outer loop
      vertex 53.7647 1.01 43.6533
      vertex 53.1874 3.2 43.5385
      vertex 53.1874 1.01 43.5385
    endloop
  endfacet
  facet normal -0.321421 0 0.946936
    outer loop
      vertex 53.7647 3.2 43.6533
      vertex 54.3221 1.01 43.8425
      vertex 54.3221 3.2 43.8425
    endloop
  endfacet
  facet normal -0.321421 0 0.946936
    outer loop
      vertex 54.3221 1.01 43.8425
      vertex 53.7647 3.2 43.6533
      vertex 53.7647 1.01 43.6533
    endloop
  endfacet
  facet normal -0.442382 0 0.896827
    outer loop
      vertex 54.3221 3.2 43.8425
      vertex 54.85 1.01 44.1029
      vertex 54.85 3.2 44.1029
    endloop
  endfacet
  facet normal -0.442382 0 0.896827
    outer loop
      vertex 54.85 1.01 44.1029
      vertex 54.3221 3.2 43.8425
      vertex 54.3221 1.01 43.8425
    endloop
  endfacet
  facet normal -0.555562 0 0.831475
    outer loop
      vertex 54.85 3.2 44.1029
      vertex 55.3394 1.01 44.4299
      vertex 55.3394 3.2 44.4299
    endloop
  endfacet
  facet normal -0.555562 0 0.831475
    outer loop
      vertex 55.3394 1.01 44.4299
      vertex 54.85 3.2 44.1029
      vertex 54.85 1.01 44.1029
    endloop
  endfacet
  facet normal -0.659298 0 0.751882
    outer loop
      vertex 55.3394 3.2 44.4299
      vertex 55.782 1.01 44.818
      vertex 55.782 3.2 44.818
    endloop
  endfacet
  facet normal -0.659298 0 0.751882
    outer loop
      vertex 55.782 1.01 44.818
      vertex 55.3394 3.2 44.4299
      vertex 55.3394 1.01 44.4299
    endloop
  endfacet
  facet normal -0.751882 0 0.659298
    outer loop
      vertex 55.782 1.01 44.818
      vertex 56.1701 3.2 45.2606
      vertex 55.782 3.2 44.818
    endloop
  endfacet
  facet normal -0.751882 0 0.659298
    outer loop
      vertex 56.1701 3.2 45.2606
      vertex 55.782 1.01 44.818
      vertex 56.1701 1.01 45.2606
    endloop
  endfacet
  facet normal -0.831475 0 0.555562
    outer loop
      vertex 56.1701 1.01 45.2606
      vertex 56.4971 3.2 45.75
      vertex 56.1701 3.2 45.2606
    endloop
  endfacet
  facet normal -0.831475 0 0.555562
    outer loop
      vertex 56.4971 3.2 45.75
      vertex 56.1701 1.01 45.2606
      vertex 56.4971 1.01 45.75
    endloop
  endfacet
  facet normal -0.896827 0 0.442382
    outer loop
      vertex 56.4971 1.01 45.75
      vertex 56.7575 3.2 46.2779
      vertex 56.4971 3.2 45.75
    endloop
  endfacet
  facet normal -0.896827 0 0.442382
    outer loop
      vertex 56.7575 3.2 46.2779
      vertex 56.4971 1.01 45.75
      vertex 56.7575 1.01 46.2779
    endloop
  endfacet
  facet normal -0.946936 0 0.321421
    outer loop
      vertex 56.7575 1.01 46.2779
      vertex 56.9467 3.2 46.8353
      vertex 56.7575 3.2 46.2779
    endloop
  endfacet
  facet normal -0.946936 0 0.321421
    outer loop
      vertex 56.9467 3.2 46.8353
      vertex 56.7575 1.01 46.2779
      vertex 56.9467 1.01 46.8353
    endloop
  endfacet
  facet normal -0.980796 0 0.195038
    outer loop
      vertex 56.9467 1.01 46.8353
      vertex 57.0615 3.2 47.4126
      vertex 56.9467 3.2 46.8353
    endloop
  endfacet
  facet normal -0.980796 0 0.195038
    outer loop
      vertex 57.0615 3.2 47.4126
      vertex 56.9467 1.01 46.8353
      vertex 57.0615 1.01 47.4126
    endloop
  endfacet
  facet normal -0.997859 0 0.0654027
    outer loop
      vertex 57.0615 1.01 47.4126
      vertex 57.1 3.2 48
      vertex 57.0615 3.2 47.4126
    endloop
  endfacet
  facet normal -0.997859 0 0.0654027
    outer loop
      vertex 57.1 3.2 48
      vertex 57.0615 1.01 47.4126
      vertex 57.1 1.01 48
    endloop
  endfacet
  facet normal -0.997859 0 -0.0654027
    outer loop
      vertex 57.1 1.01 48
      vertex 57.0615 3.2 48.5874
      vertex 57.1 3.2 48
    endloop
  endfacet
  facet normal -0.997859 -0 -0.0654027
    outer loop
      vertex 57.0615 3.2 48.5874
      vertex 57.1 1.01 48
      vertex 57.0615 1.01 48.5874
    endloop
  endfacet
  facet normal -0.980796 0 -0.195038
    outer loop
      vertex 57.0615 1.01 48.5874
      vertex 56.9467 3.2 49.1647
      vertex 57.0615 3.2 48.5874
    endloop
  endfacet
  facet normal -0.980796 -0 -0.195038
    outer loop
      vertex 56.9467 3.2 49.1647
      vertex 57.0615 1.01 48.5874
      vertex 56.9467 1.01 49.1647
    endloop
  endfacet
  facet normal -0.946936 0 -0.321421
    outer loop
      vertex 56.9467 1.01 49.1647
      vertex 56.7575 3.2 49.7221
      vertex 56.9467 3.2 49.1647
    endloop
  endfacet
  facet normal -0.946936 -0 -0.321421
    outer loop
      vertex 56.7575 3.2 49.7221
      vertex 56.9467 1.01 49.1647
      vertex 56.7575 1.01 49.7221
    endloop
  endfacet
  facet normal -0.896827 0 -0.442382
    outer loop
      vertex 56.7575 1.01 49.7221
      vertex 56.4971 3.2 50.25
      vertex 56.7575 3.2 49.7221
    endloop
  endfacet
  facet normal -0.896827 -0 -0.442382
    outer loop
      vertex 56.4971 3.2 50.25
      vertex 56.7575 1.01 49.7221
      vertex 56.4971 1.01 50.25
    endloop
  endfacet
  facet normal -0.831475 0 -0.555562
    outer loop
      vertex 56.4971 1.01 50.25
      vertex 56.1701 3.2 50.7394
      vertex 56.4971 3.2 50.25
    endloop
  endfacet
  facet normal -0.831475 -0 -0.555562
    outer loop
      vertex 56.1701 3.2 50.7394
      vertex 56.4971 1.01 50.25
      vertex 56.1701 1.01 50.7394
    endloop
  endfacet
  facet normal -0.751882 0 -0.659298
    outer loop
      vertex 56.1701 1.01 50.7394
      vertex 55.782 3.2 51.182
      vertex 56.1701 3.2 50.7394
    endloop
  endfacet
  facet normal -0.751882 -0 -0.659298
    outer loop
      vertex 55.782 3.2 51.182
      vertex 56.1701 1.01 50.7394
      vertex 55.782 1.01 51.182
    endloop
  endfacet
  facet normal -0.624695 0 -0.780869
    outer loop
      vertex 55.7815 1.01 51.1824
      vertex 55.782 3.2 51.182
      vertex 55.782 1.01 51.182
    endloop
  endfacet
  facet normal -0.624695 0 -0.780869
    outer loop
      vertex 55.782 3.2 51.182
      vertex 55.7815 1.01 51.1824
      vertex 55.7815 3.2 51.1824
    endloop
  endfacet
  facet normal -0.707107 0 -0.707107
    outer loop
      vertex 55.7815 1.01 51.1824
      vertex 52.6 3.2 54.3639
      vertex 55.7815 3.2 51.1824
    endloop
  endfacet
  facet normal -0.707107 -0 -0.707107
    outer loop
      vertex 52.6 3.2 54.3639
      vertex 55.7815 1.01 51.1824
      vertex 52.6 1.01 54.3639
    endloop
  endfacet
  facet normal 0.707107 0 -0.707107
    outer loop
      vertex 52.6 1.01 54.3639
      vertex 49.4185 3.2 51.1824
      vertex 52.6 3.2 54.3639
    endloop
  endfacet
  facet normal 0.707107 0 -0.707107
    outer loop
      vertex 49.4185 3.2 51.1824
      vertex 52.6 1.01 54.3639
      vertex 49.4185 1.01 51.1824
    endloop
  endfacet
  facet normal 0.624695 0 -0.780869
    outer loop
      vertex 49.418 1.01 51.182
      vertex 49.4185 3.2 51.1824
      vertex 49.4185 1.01 51.1824
    endloop
  endfacet
  facet normal 0.624695 0 -0.780869
    outer loop
      vertex 49.4185 3.2 51.1824
      vertex 49.418 1.01 51.182
      vertex 49.418 3.2 51.182
    endloop
  endfacet
  facet normal 0.751882 0 -0.659298
    outer loop
      vertex 49.418 1.01 51.182
      vertex 49.0299 3.2 50.7394
      vertex 49.418 3.2 51.182
    endloop
  endfacet
  facet normal 0.751882 0 -0.659298
    outer loop
      vertex 49.0299 3.2 50.7394
      vertex 49.418 1.01 51.182
      vertex 49.0299 1.01 50.7394
    endloop
  endfacet
  facet normal 0.831475 0 -0.555562
    outer loop
      vertex 49.0299 1.01 50.7394
      vertex 48.7029 3.2 50.25
      vertex 49.0299 3.2 50.7394
    endloop
  endfacet
  facet normal 0.831475 0 -0.555562
    outer loop
      vertex 48.7029 3.2 50.25
      vertex 49.0299 1.01 50.7394
      vertex 48.7029 1.01 50.25
    endloop
  endfacet
  facet normal 0.896827 0 -0.442382
    outer loop
      vertex 48.7029 1.01 50.25
      vertex 48.4425 3.2 49.7221
      vertex 48.7029 3.2 50.25
    endloop
  endfacet
  facet normal 0.896827 0 -0.442382
    outer loop
      vertex 48.4425 3.2 49.7221
      vertex 48.7029 1.01 50.25
      vertex 48.4425 1.01 49.7221
    endloop
  endfacet
  facet normal 0.946936 0 -0.321421
    outer loop
      vertex 48.4425 1.01 49.7221
      vertex 48.2533 3.2 49.1647
      vertex 48.4425 3.2 49.7221
    endloop
  endfacet
  facet normal 0.946936 0 -0.321421
    outer loop
      vertex 48.2533 3.2 49.1647
      vertex 48.4425 1.01 49.7221
      vertex 48.2533 1.01 49.1647
    endloop
  endfacet
  facet normal 0.980796 0 -0.195038
    outer loop
      vertex 48.2533 1.01 49.1647
      vertex 48.1385 3.2 48.5874
      vertex 48.2533 3.2 49.1647
    endloop
  endfacet
  facet normal 0.980796 0 -0.195038
    outer loop
      vertex 48.1385 3.2 48.5874
      vertex 48.2533 1.01 49.1647
      vertex 48.1385 1.01 48.5874
    endloop
  endfacet
  facet normal 0.997859 0 -0.0654027
    outer loop
      vertex 48.1385 1.01 48.5874
      vertex 48.1 3.2 48
      vertex 48.1385 3.2 48.5874
    endloop
  endfacet
  facet normal 0.997859 0 -0.0654027
    outer loop
      vertex 48.1 3.2 48
      vertex 48.1385 1.01 48.5874
      vertex 48.1 1.01 48
    endloop
  endfacet
  facet normal 0.997859 -0 0.0654027
    outer loop
      vertex 48.1 1.01 48
      vertex 48.1385 3.2 47.4126
      vertex 48.1 3.2 48
    endloop
  endfacet
  facet normal 0.997859 0 0.0654027
    outer loop
      vertex 48.1385 3.2 47.4126
      vertex 48.1 1.01 48
      vertex 48.1385 1.01 47.4126
    endloop
  endfacet
  facet normal 0.980796 -0 0.195038
    outer loop
      vertex 48.1385 1.01 47.4126
      vertex 48.2533 3.2 46.8353
      vertex 48.1385 3.2 47.4126
    endloop
  endfacet
  facet normal 0.980796 0 0.195038
    outer loop
      vertex 48.2533 3.2 46.8353
      vertex 48.1385 1.01 47.4126
      vertex 48.2533 1.01 46.8353
    endloop
  endfacet
  facet normal 0.946936 -0 0.321421
    outer loop
      vertex 48.2533 1.01 46.8353
      vertex 48.4425 3.2 46.2779
      vertex 48.2533 3.2 46.8353
    endloop
  endfacet
  facet normal 0.946936 0 0.321421
    outer loop
      vertex 48.4425 3.2 46.2779
      vertex 48.2533 1.01 46.8353
      vertex 48.4425 1.01 46.2779
    endloop
  endfacet
  facet normal 0.896827 -0 0.442382
    outer loop
      vertex 48.4425 1.01 46.2779
      vertex 48.7029 3.2 45.75
      vertex 48.4425 3.2 46.2779
    endloop
  endfacet
  facet normal 0.896827 0 0.442382
    outer loop
      vertex 48.7029 3.2 45.75
      vertex 48.4425 1.01 46.2779
      vertex 48.7029 1.01 45.75
    endloop
  endfacet
  facet normal 0.831475 -0 0.555562
    outer loop
      vertex 48.7029 1.01 45.75
      vertex 49.0299 3.2 45.2606
      vertex 48.7029 3.2 45.75
    endloop
  endfacet
  facet normal 0.831475 0 0.555562
    outer loop
      vertex 49.0299 3.2 45.2606
      vertex 48.7029 1.01 45.75
      vertex 49.0299 1.01 45.2606
    endloop
  endfacet
  facet normal 0.751882 -0 0.659298
    outer loop
      vertex 49.0299 1.01 45.2606
      vertex 49.418 3.2 44.818
      vertex 49.0299 3.2 45.2606
    endloop
  endfacet
  facet normal 0.751882 0 0.659298
    outer loop
      vertex 49.418 3.2 44.818
      vertex 49.0299 1.01 45.2606
      vertex 49.418 1.01 44.818
    endloop
  endfacet
  facet normal 0.659298 0 0.751882
    outer loop
      vertex 49.418 3.2 44.818
      vertex 49.8606 1.01 44.4299
      vertex 49.8606 3.2 44.4299
    endloop
  endfacet
  facet normal 0.659298 0 0.751882
    outer loop
      vertex 49.8606 1.01 44.4299
      vertex 49.418 3.2 44.818
      vertex 49.418 1.01 44.818
    endloop
  endfacet
  facet normal 0.555562 0 0.831475
    outer loop
      vertex 49.8606 3.2 44.4299
      vertex 50.35 1.01 44.1029
      vertex 50.35 3.2 44.1029
    endloop
  endfacet
  facet normal 0.555562 0 0.831475
    outer loop
      vertex 50.35 1.01 44.1029
      vertex 49.8606 3.2 44.4299
      vertex 49.8606 1.01 44.4299
    endloop
  endfacet
  facet normal 0.442382 0 0.896827
    outer loop
      vertex 50.35 3.2 44.1029
      vertex 50.8779 1.01 43.8425
      vertex 50.8779 3.2 43.8425
    endloop
  endfacet
  facet normal 0.442382 0 0.896827
    outer loop
      vertex 50.8779 1.01 43.8425
      vertex 50.35 3.2 44.1029
      vertex 50.35 1.01 44.1029
    endloop
  endfacet
  facet normal 0.321421 0 0.946936
    outer loop
      vertex 50.8779 3.2 43.8425
      vertex 51.4353 1.01 43.6533
      vertex 51.4353 3.2 43.6533
    endloop
  endfacet
  facet normal 0.321421 0 0.946936
    outer loop
      vertex 51.4353 1.01 43.6533
      vertex 50.8779 3.2 43.8425
      vertex 50.8779 1.01 43.8425
    endloop
  endfacet
  facet normal 0.195038 0 0.980796
    outer loop
      vertex 51.4353 3.2 43.6533
      vertex 52.0126 1.01 43.5385
      vertex 52.0126 3.2 43.5385
    endloop
  endfacet
  facet normal 0.195038 0 0.980796
    outer loop
      vertex 52.0126 1.01 43.5385
      vertex 51.4353 3.2 43.6533
      vertex 51.4353 1.01 43.6533
    endloop
  endfacet
  facet normal 0.0654027 0 0.997859
    outer loop
      vertex 52.0126 3.2 43.5385
      vertex 52.6 1.01 43.5
      vertex 52.6 3.2 43.5
    endloop
  endfacet
  facet normal 0.0654027 0 0.997859
    outer loop
      vertex 52.6 1.01 43.5
      vertex 52.0126 3.2 43.5385
      vertex 52.0126 1.01 43.5385
    endloop
  endfacet
  facet normal -0.0654027 0 0.997859
    outer loop
      vertex 52.6 3.2 43.5
      vertex 53.1874 1.01 43.5385
      vertex 53.1874 3.2 43.5385
    endloop
  endfacet
  facet normal -0.0654027 0 0.997859
    outer loop
      vertex 53.1874 1.01 43.5385
      vertex 52.6 3.2 43.5
      vertex 52.6 1.01 43.5
    endloop
  endfacet
  facet normal -1 0 0
    outer loop
      vertex 60 4.8 2.4
      vertex 60 49.8 35
      vertex 60 49.8 2.4
    endloop
  endfacet
  facet normal -1 -0 0
    outer loop
      vertex 60 49.8 35
      vertex 60 4.8 2.4
      vertex 60 4.8 35
    endloop
  endfacet
  facet normal -0 0 1
    outer loop
      vertex -60 49.8 2.4
      vertex 60 4.8 2.4
      vertex 60 49.8 2.4
    endloop
  endfacet
  facet normal 0 0 1
    outer loop
      vertex 60 4.8 2.4
      vertex -60 49.8 2.4
      vertex -60 4.8 2.4
    endloop
  endfacet
  facet normal 1 -0 0
    outer loop
      vertex -60 4.8 35
      vertex -60 49.8 2.4
      vertex -60 49.8 35
    endloop
  endfacet
  facet normal 1 0 0
    outer loop
      vertex -60 49.8 2.4
      vertex -60 4.8 35
      vertex -60 4.8 2.4
    endloop
  endfacet
  facet normal 0 -1 0
    outer loop
      vertex -60 49.8 2.4
      vertex 60 49.8 35
      vertex -60 49.8 35
    endloop
  endfacet
  facet normal 0 -1 -0
    outer loop
      vertex 60 49.8 35
      vertex -60 49.8 2.4
      vertex 60 49.8 2.4
    endloop
  endfacet
  facet normal 0 1 -0
    outer loop
      vertex 60 4.8 2.4
      vertex -60 4.8 35
      vertex 60 4.8 35
    endloop
  endfacet
  facet normal 0 1 0
    outer loop
      vertex -60 4.8 35
      vertex 60 4.8 2.4
      vertex -60 4.8 2.4
    endloop
  endfacet
endsolid OpenSCAD_Model
