solid OpenSCAD_Model
  facet normal 0.373508 0.600637 -0.706914
    outer loop
      vertex 16.556 24.7778 0
      vertex 15.3 26.5004 0.799999
      vertex 17.0004 25.443 0.799999
    endloop
  endfacet
  facet normal 0.0980321 -0.995183 0
    outer loop
      vertex 2.00134 -30.5345 0.799999
      vertex 3.9941 -30.3382 14
      vertex 2.00134 -30.5345 14
    endloop
  endfacet
  facet normal 0.0980321 -0.995183 0
    outer loop
      vertex 3.9941 -30.3382 14
      vertex 2.00134 -30.5345 0.799999
      vertex 3.9941 -30.3382 0.799999
    endloop
  endfacet
  facet normal -0.352275 0.935896 0
    outer loop
      vertex -9.83605 28.9761 0.799999
      vertex -11.7101 28.2707 14
      vertex -9.83605 28.9761 14
    endloop
  endfacet
  facet normal -0.352275 0.935896 0
    outer loop
      vertex -11.7101 28.2707 14
      vertex -9.83605 28.9761 0.799999
      vertex -11.7101 28.2707 0.799999
    endloop
  endfacet
  facet normal 0.411989 0.574927 -0.706912
    outer loop
      vertex 18.6281 24.2766 0.799999
      vertex 16.556 24.7778 0
      vertex 17.0004 25.443 0.799999
    endloop
  endfacet
  facet normal -0.115225 -0.697872 -0.706893
    outer loop
      vertex -3.9941 -30.3382 0.799999
      vertex -5.96976 -30.012 0.799999
      vertex -3.88968 -29.5451 0
    endloop
  endfacet
  facet normal -0.706917 0.023136 -0.706918
    outer loop
      vertex -29.8 0 0
      vertex -30.6 0 0.799999
      vertex -30.5345 2.00134 0.799999
    endloop
  endfacet
  facet normal 0.162904 0.986642 -0
    outer loop
      vertex 5.96976 30.012 0.799999
      vertex 3.9941 30.3382 14
      vertex 5.96976 30.012 14
    endloop
  endfacet
  facet normal 0.162904 0.986642 0
    outer loop
      vertex 3.9941 30.3382 14
      vertex 5.96976 30.012 0.799999
      vertex 3.9941 30.3382 0.799999
    endloop
  endfacet
  facet normal 0.676825 0.205288 -0.706941
    outer loop
      vertex 29.5573 7.91986 0.799999
      vertex 28.2185 9.5789 0
      vertex 28.9761 9.83605 0.799999
    endloop
  endfacet
  facet normal -0.162904 -0.986642 0
    outer loop
      vertex -5.96976 -30.012 0.799999
      vertex -3.9941 -30.3382 14
      vertex -5.96976 -30.012 14
    endloop
  endfacet
  facet normal -0.162904 -0.986642 -0
    outer loop
      vertex -3.9941 -30.3382 14
      vertex -5.96976 -30.012 0.799999
      vertex -3.9941 -30.3382 0.799999
    endloop
  endfacet
  facet normal 0.676825 -0.205288 -0.706941
    outer loop
      vertex 28.9761 -9.83605 0.799999
      vertex 28.2185 -9.5789 0
      vertex 29.5573 -7.91986 0.799999
    endloop
  endfacet
  facet normal -0.910864 0.412708 0
    outer loop
      vertex -28.2707 11.7101 0.799999
      vertex -27.4443 13.534 14
      vertex -27.4443 13.534 0.799999
    endloop
  endfacet
  facet normal -0.910864 0.412708 0
    outer loop
      vertex -27.4443 13.534 14
      vertex -28.2707 11.7101 0.799999
      vertex -28.2707 11.7101 14
    endloop
  endfacet
  facet normal 0.333407 0.623791 -0.706912
    outer loop
      vertex 15.3 26.5004 0.799999
      vertex 13.1802 26.7268 0
      vertex 13.534 27.4443 0.799999
    endloop
  endfacet
  facet normal -0.115225 0.697872 -0.706893
    outer loop
      vertex -3.88968 29.5451 0
      vertex -5.96976 30.012 0.799999
      vertex -3.9941 30.3382 0.799999
    endloop
  endfacet
  facet normal 0.412708 0.910864 -0
    outer loop
      vertex 13.534 27.4443 0.799999
      vertex 11.7101 28.2707 14
      vertex 13.534 27.4443 14
    endloop
  endfacet
  facet normal 0.412708 0.910864 0
    outer loop
      vertex 11.7101 28.2707 14
      vertex 13.534 27.4443 0.799999
      vertex 11.7101 28.2707 0.799999
    endloop
  endfacet
  facet normal 0.249166 -0.661963 -0.706909
    outer loop
      vertex 11.7101 -28.2707 0.799999
      vertex 9.83605 -28.9761 0.799999
      vertex 11.404 -27.5316 0
    endloop
  endfacet
  facet normal 0.333406 0.623794 -0.70691
    outer loop
      vertex 14.9 25.8076 0
      vertex 13.1802 26.7268 0
      vertex 15.3 26.5004 0.799999
    endloop
  endfacet
  facet normal 0.373513 0.600638 -0.70691
    outer loop
      vertex 16.556 24.7778 0
      vertex 14.9 25.8076 0
      vertex 15.3 26.5004 0.799999
    endloop
  endfacet
  facet normal 0.910864 0.412708 0
    outer loop
      vertex 28.2707 11.7101 14
      vertex 27.4443 13.534 0.799999
      vertex 27.4443 13.534 14
    endloop
  endfacet
  facet normal 0.910864 0.412708 0
    outer loop
      vertex 27.4443 13.534 0.799999
      vertex 28.2707 11.7101 14
      vertex 28.2707 11.7101 0.799999
    endloop
  endfacet
  facet normal -0.516235 0.483483 -0.706927
    outer loop
      vertex -21.0718 21.0718 0
      vertex -22.4048 19.6485 0
      vertex -21.6375 21.6375 0.799999
    endloop
  endfacet
  facet normal 0.483482 0.516226 -0.706934
    outer loop
      vertex 21.6375 21.6375 0.799999
      vertex 19.6485 22.4048 0
      vertex 20.176 23.0063 0.799999
    endloop
  endfacet
  facet normal 0.41199 0.574914 -0.706922
    outer loop
      vertex 18.1411 23.6419 0
      vertex 16.556 24.7778 0
      vertex 18.6281 24.2766 0.799999
    endloop
  endfacet
  facet normal -0.574927 -0.411989 -0.706912
    outer loop
      vertex -24.2766 -18.6281 0.799999
      vertex -25.443 -17.0004 0.799999
      vertex -24.7778 -16.556 0
    endloop
  endfacet
  facet normal -0.703913 -0.0693401 -0.706893
    outer loop
      vertex -30.3382 -3.9941 0.799999
      vertex -30.5345 -2.00134 0.799999
      vertex -29.5451 -3.88968 0
    endloop
  endfacet
  facet normal 0.688831 0.160613 -0.706905
    outer loop
      vertex 30.012 5.96976 0.799999
      vertex 29.2274 5.81369 0
      vertex 29.5573 7.91986 0.799999
    endloop
  endfacet
  facet normal 0.697858 -0.115233 -0.706906
    outer loop
      vertex 30.012 -5.96976 0.799999
      vertex 29.2274 -5.81369 0
      vertex 29.5451 -3.88968 0
    endloop
  endfacet
  facet normal 0.516226 0.483482 -0.706934
    outer loop
      vertex 22.4048 19.6485 0
      vertex 21.6375 21.6375 0.799999
      vertex 23.0063 20.176 0.799999
    endloop
  endfacet
  facet normal 0.999465 -0.0327106 0
    outer loop
      vertex 30.5345 -2.00134 14
      vertex 30.6 0 0.799999
      vertex 30.6 0 14
    endloop
  endfacet
  facet normal 0.999465 -0.0327106 0
    outer loop
      vertex 30.6 0 0.799999
      vertex 30.5345 -2.00134 14
      vertex 30.5345 -2.00134 0.799999
    endloop
  endfacet
  facet normal 0.623791 -0.333407 -0.706912
    outer loop
      vertex 27.4443 -13.534 0.799999
      vertex 26.5004 -15.3 0.799999
      vertex 26.7268 -13.1802 0
    endloop
  endfacet
  facet normal 0.574927 0.411989 -0.706912
    outer loop
      vertex 24.7778 16.556 0
      vertex 24.2766 18.6281 0.799999
      vertex 25.443 17.0004 0.799999
    endloop
  endfacet
  facet normal 0.448687 0.54674 -0.706934
    outer loop
      vertex 19.6485 22.4048 0
      vertex 18.6281 24.2766 0.799999
      vertex 20.176 23.0063 0.799999
    endloop
  endfacet
  facet normal 0.623791 0.333407 -0.706912
    outer loop
      vertex 26.7268 13.1802 0
      vertex 26.5004 15.3 0.799999
      vertex 27.4443 13.534 0.799999
    endloop
  endfacet
  facet normal 0.623794 -0.333406 -0.70691
    outer loop
      vertex 26.5004 -15.3 0.799999
      vertex 25.8076 -14.9 0
      vertex 26.7268 -13.1802 0
    endloop
  endfacet
  facet normal 0.291911 -0.644259 -0.706908
    outer loop
      vertex 11.7101 -28.2707 0.799999
      vertex 11.404 -27.5316 0
      vertex 13.534 -27.4443 0.799999
    endloop
  endfacet
  facet normal -0.706917 -0.023136 -0.706918
    outer loop
      vertex -30.5345 -2.00134 0.799999
      vertex -30.6 0 0.799999
      vertex -29.8 0 0
    endloop
  endfacet
  facet normal 0.661963 0.249166 -0.706909
    outer loop
      vertex 28.9761 9.83605 0.799999
      vertex 27.5316 11.404 0
      vertex 28.2707 11.7101 0.799999
    endloop
  endfacet
  facet normal -0.023136 -0.706917 -0.706918
    outer loop
      vertex 0 -30.6 0.799999
      vertex -2.00134 -30.5345 0.799999
      vertex 0 -29.8 0
    endloop
  endfacet
  facet normal -0.528076 0.849197 0
    outer loop
      vertex -15.3 26.5004 0.799999
      vertex -17.0004 25.443 14
      vertex -15.3 26.5004 14
    endloop
  endfacet
  facet normal -0.528076 0.849197 0
    outer loop
      vertex -17.0004 25.443 14
      vertex -15.3 26.5004 0.799999
      vertex -17.0004 25.443 0.799999
    endloop
  endfacet
  facet normal 0.600637 0.373508 -0.706914
    outer loop
      vertex 26.5004 15.3 0.799999
      vertex 24.7778 16.556 0
      vertex 25.443 17.0004 0.799999
    endloop
  endfacet
  facet normal -0.471379 0.881931 0
    outer loop
      vertex -13.534 27.4443 0.799999
      vertex -15.3 26.5004 14
      vertex -13.534 27.4443 14
    endloop
  endfacet
  facet normal -0.471379 0.881931 0
    outer loop
      vertex -15.3 26.5004 14
      vertex -13.534 27.4443 0.799999
      vertex -15.3 26.5004 0.799999
    endloop
  endfacet
  facet normal 0.227076 0.973877 -0
    outer loop
      vertex 7.91986 29.5573 0.799999
      vertex 5.96976 30.012 14
      vertex 7.91986 29.5573 14
    endloop
  endfacet
  facet normal 0.227076 0.973877 0
    outer loop
      vertex 5.96976 30.012 14
      vertex 7.91986 29.5573 0.799999
      vertex 5.96976 30.012 0.799999
    endloop
  endfacet
  facet normal 0.528076 -0.849197 0
    outer loop
      vertex 15.3 -26.5004 0.799999
      vertex 17.0004 -25.443 14
      vertex 15.3 -26.5004 14
    endloop
  endfacet
  facet normal 0.528076 -0.849197 0
    outer loop
      vertex 17.0004 -25.443 14
      vertex 15.3 -26.5004 0.799999
      vertex 17.0004 -25.443 0.799999
    endloop
  endfacet
  facet normal -0.162904 0.986642 0
    outer loop
      vertex -3.9941 30.3382 0.799999
      vertex -5.96976 30.012 14
      vertex -3.9941 30.3382 14
    endloop
  endfacet
  facet normal -0.162904 0.986642 0
    outer loop
      vertex -5.96976 30.012 14
      vertex -3.9941 30.3382 0.799999
      vertex -5.96976 30.012 0.799999
    endloop
  endfacet
  facet normal -0.683581 -0.729875 0
    outer loop
      vertex -21.6375 -21.6375 0.799999
      vertex -20.176 -23.0063 14
      vertex -21.6375 -21.6375 14
    endloop
  endfacet
  facet normal -0.683581 -0.729875 -0
    outer loop
      vertex -20.176 -23.0063 14
      vertex -21.6375 -21.6375 0.799999
      vertex -20.176 -23.0063 0.799999
    endloop
  endfacet
  facet normal -0.986642 -0.162904 0
    outer loop
      vertex -30.012 -5.96976 0.799999
      vertex -30.3382 -3.9941 14
      vertex -30.3382 -3.9941 0.799999
    endloop
  endfacet
  facet normal -0.986642 -0.162904 0
    outer loop
      vertex -30.3382 -3.9941 14
      vertex -30.012 -5.96976 0.799999
      vertex -30.012 -5.96976 14
    endloop
  endfacet
  facet normal 0.661943 0.249131 -0.706941
    outer loop
      vertex 28.2185 9.5789 0
      vertex 27.5316 11.404 0
      vertex 28.9761 9.83605 0.799999
    endloop
  endfacet
  facet normal -0.412708 -0.910864 0
    outer loop
      vertex -13.534 -27.4443 0.799999
      vertex -11.7101 -28.2707 14
      vertex -13.534 -27.4443 14
    endloop
  endfacet
  facet normal -0.412708 -0.910864 -0
    outer loop
      vertex -11.7101 -28.2707 14
      vertex -13.534 -27.4443 0.799999
      vertex -11.7101 -28.2707 0.799999
    endloop
  endfacet
  facet normal -0.95695 -0.290253 0
    outer loop
      vertex -28.9761 -9.83605 0.799999
      vertex -29.5573 -7.91986 14
      vertex -29.5573 -7.91986 0.799999
    endloop
  endfacet
  facet normal -0.95695 -0.290253 0
    outer loop
      vertex -29.5573 -7.91986 14
      vertex -28.9761 -9.83605 0.799999
      vertex -28.9761 -9.83605 14
    endloop
  endfacet
  facet normal -0.623791 0.333407 -0.706912
    outer loop
      vertex -26.7268 13.1802 0
      vertex -27.4443 13.534 0.799999
      vertex -26.5004 15.3 0.799999
    endloop
  endfacet
  facet normal -0.290253 0.95695 0
    outer loop
      vertex -7.91986 29.5573 0.799999
      vertex -9.83605 28.9761 14
      vertex -7.91986 29.5573 14
    endloop
  endfacet
  facet normal -0.290253 0.95695 0
    outer loop
      vertex -9.83605 28.9761 14
      vertex -7.91986 29.5573 0.799999
      vertex -9.83605 28.9761 0.799999
    endloop
  endfacet
  facet normal -0.483483 -0.516235 -0.706927
    outer loop
      vertex -19.6485 -22.4048 0
      vertex -21.6375 -21.6375 0.799999
      vertex -21.0718 -21.0718 0
    endloop
  endfacet
  facet normal 0.973877 -0.227076 0
    outer loop
      vertex 29.5573 -7.91986 14
      vertex 30.012 -5.96976 0.799999
      vertex 30.012 -5.96976 14
    endloop
  endfacet
  facet normal 0.973877 -0.227076 0
    outer loop
      vertex 30.012 -5.96976 0.799999
      vertex 29.5573 -7.91986 14
      vertex 29.5573 -7.91986 0.799999
    endloop
  endfacet
  facet normal -0.697872 0.115225 -0.706893
    outer loop
      vertex -29.5451 3.88968 0
      vertex -30.3382 3.9941 0.799999
      vertex -30.012 5.96976 0.799999
    endloop
  endfacet
  facet normal 0.644259 0.291911 -0.706908
    outer loop
      vertex 27.5316 11.404 0
      vertex 27.4443 13.534 0.799999
      vertex 28.2707 11.7101 0.799999
    endloop
  endfacet
  facet normal 0.54674 0.448687 -0.706934
    outer loop
      vertex 24.2766 18.6281 0.799999
      vertex 22.4048 19.6485 0
      vertex 23.0063 20.176 0.799999
    endloop
  endfacet
  facet normal 0.661943 -0.249131 -0.706941
    outer loop
      vertex 28.9761 -9.83605 0.799999
      vertex 27.5316 -11.404 0
      vertex 28.2185 -9.5789 0
    endloop
  endfacet
  facet normal -0.729875 0.683581 0
    outer loop
      vertex -23.0063 20.176 0.799999
      vertex -21.6375 21.6375 14
      vertex -21.6375 21.6375 0.799999
    endloop
  endfacet
  facet normal -0.729875 0.683581 0
    outer loop
      vertex -21.6375 21.6375 14
      vertex -23.0063 20.176 0.799999
      vertex -23.0063 20.176 14
    endloop
  endfacet
  facet normal -0.688831 -0.160613 -0.706905
    outer loop
      vertex -29.5573 -7.91986 0.799999
      vertex -30.012 -5.96976 0.799999
      vertex -29.2274 -5.81369 0
    endloop
  endfacet
  facet normal 0.812845 0.58248 0
    outer loop
      vertex 25.443 17.0004 14
      vertex 24.2766 18.6281 0.799999
      vertex 24.2766 18.6281 14
    endloop
  endfacet
  facet normal 0.812845 0.58248 0
    outer loop
      vertex 24.2766 18.6281 0.799999
      vertex 25.443 17.0004 14
      vertex 25.443 17.0004 0.799999
    endloop
  endfacet
  facet normal -0.999465 0.0327106 0
    outer loop
      vertex -30.6 0 0.799999
      vertex -30.5345 2.00134 14
      vertex -30.5345 2.00134 0.799999
    endloop
  endfacet
  facet normal -0.999465 0.0327106 0
    outer loop
      vertex -30.5345 2.00134 14
      vertex -30.6 0 0.799999
      vertex -30.6 0 14
    endloop
  endfacet
  facet normal -0.661963 0.249166 -0.706909
    outer loop
      vertex -27.5316 11.404 0
      vertex -28.9761 9.83605 0.799999
      vertex -28.2707 11.7101 0.799999
    endloop
  endfacet
  facet normal 0.683581 0.729875 -0
    outer loop
      vertex 21.6375 21.6375 0.799999
      vertex 20.176 23.0063 14
      vertex 21.6375 21.6375 14
    endloop
  endfacet
  facet normal 0.683581 0.729875 0
    outer loop
      vertex 20.176 23.0063 14
      vertex 21.6375 21.6375 0.799999
      vertex 20.176 23.0063 0.799999
    endloop
  endfacet
  facet normal -0.973877 0.227076 0
    outer loop
      vertex -30.012 5.96976 0.799999
      vertex -29.5573 7.91986 14
      vertex -29.5573 7.91986 0.799999
    endloop
  endfacet
  facet normal -0.973877 0.227076 0
    outer loop
      vertex -29.5573 7.91986 14
      vertex -30.012 5.96976 0.799999
      vertex -30.012 5.96976 14
    endloop
  endfacet
  facet normal 0.973877 0.227076 0
    outer loop
      vertex 30.012 5.96976 14
      vertex 29.5573 7.91986 0.799999
      vertex 29.5573 7.91986 14
    endloop
  endfacet
  facet normal 0.973877 0.227076 0
    outer loop
      vertex 29.5573 7.91986 0.799999
      vertex 30.012 5.96976 14
      vertex 30.012 5.96976 0.799999
    endloop
  endfacet
  facet normal 0.471379 0.881931 -0
    outer loop
      vertex 15.3 26.5004 0.799999
      vertex 13.534 27.4443 14
      vertex 15.3 26.5004 14
    endloop
  endfacet
  facet normal 0.471379 0.881931 0
    outer loop
      vertex 13.534 27.4443 14
      vertex 15.3 26.5004 0.799999
      vertex 13.534 27.4443 0.799999
    endloop
  endfacet
  facet normal 0.729875 0.683581 0
    outer loop
      vertex 23.0063 20.176 14
      vertex 21.6375 21.6375 0.799999
      vertex 21.6375 21.6375 14
    endloop
  endfacet
  facet normal 0.729875 0.683581 0
    outer loop
      vertex 21.6375 21.6375 0.799999
      vertex 23.0063 20.176 14
      vertex 23.0063 20.176 0.799999
    endloop
  endfacet
  facet normal 0.999465 0.0327106 0
    outer loop
      vertex 30.6 0 14
      vertex 30.5345 2.00134 0.799999
      vertex 30.5345 2.00134 14
    endloop
  endfacet
  facet normal 0.999465 0.0327106 0
    outer loop
      vertex 30.5345 2.00134 0.799999
      vertex 30.6 0 14
      vertex 30.6 0 0.799999
    endloop
  endfacet
  facet normal 0.58248 0.812845 -0
    outer loop
      vertex 18.6281 24.2766 0.799999
      vertex 17.0004 25.443 14
      vertex 18.6281 24.2766 14
    endloop
  endfacet
  facet normal 0.58248 0.812845 0
    outer loop
      vertex 17.0004 25.443 14
      vertex 18.6281 24.2766 0.799999
      vertex 17.0004 25.443 0.799999
    endloop
  endfacet
  facet normal 0.0327106 -0.999465 0
    outer loop
      vertex 0 -30.6 0.799999
      vertex 2.00134 -30.5345 14
      vertex 0 -30.6 14
    endloop
  endfacet
  facet normal 0.0327106 -0.999465 0
    outer loop
      vertex 2.00134 -30.5345 14
      vertex 0 -30.6 0.799999
      vertex 2.00134 -30.5345 0.799999
    endloop
  endfacet
  facet normal 0.160613 -0.688831 -0.706905
    outer loop
      vertex 5.96976 -30.012 0.799999
      vertex 5.81369 -29.2274 0
      vertex 7.91986 -29.5573 0.799999
    endloop
  endfacet
  facet normal -0.812845 -0.58248 0
    outer loop
      vertex -24.2766 -18.6281 0.799999
      vertex -25.443 -17.0004 14
      vertex -25.443 -17.0004 0.799999
    endloop
  endfacet
  facet normal -0.812845 -0.58248 0
    outer loop
      vertex -25.443 -17.0004 14
      vertex -24.2766 -18.6281 0.799999
      vertex -24.2766 -18.6281 14
    endloop
  endfacet
  facet normal 0.644252 0.291912 -0.706913
    outer loop
      vertex 27.5316 11.404 0
      vertex 26.7268 13.1802 0
      vertex 27.4443 13.534 0.799999
    endloop
  endfacet
  facet normal 0.0231404 0.706911 -0.706924
    outer loop
      vertex 1.94901 29.7362 0
      vertex 0 29.8 0
      vertex 2.00134 30.5345 0.799999
    endloop
  endfacet
  facet normal -0.995183 -0.0980321 0
    outer loop
      vertex -30.3382 -3.9941 0.799999
      vertex -30.5345 -2.00134 14
      vertex -30.5345 -2.00134 0.799999
    endloop
  endfacet
  facet normal -0.995183 -0.0980321 0
    outer loop
      vertex -30.5345 -2.00134 14
      vertex -30.3382 -3.9941 0.799999
      vertex -30.3382 -3.9941 14
    endloop
  endfacet
  facet normal -0.697858 0.115233 -0.706906
    outer loop
      vertex -29.5451 3.88968 0
      vertex -30.012 5.96976 0.799999
      vertex -29.2274 5.81369 0
    endloop
  endfacet
  facet normal -0.634385 0.773017 0
    outer loop
      vertex -18.6281 24.2766 0.799999
      vertex -20.176 23.0063 14
      vertex -18.6281 24.2766 14
    endloop
  endfacet
  facet normal -0.634385 0.773017 0
    outer loop
      vertex -20.176 23.0063 14
      vertex -18.6281 24.2766 0.799999
      vertex -20.176 23.0063 0.799999
    endloop
  endfacet
  facet normal -0.373508 -0.600637 -0.706914
    outer loop
      vertex -15.3 -26.5004 0.799999
      vertex -17.0004 -25.443 0.799999
      vertex -16.556 -24.7778 0
    endloop
  endfacet
  facet normal 0.773017 0.634385 0
    outer loop
      vertex 24.2766 18.6281 14
      vertex 23.0063 20.176 0.799999
      vertex 23.0063 20.176 14
    endloop
  endfacet
  facet normal 0.773017 0.634385 0
    outer loop
      vertex 23.0063 20.176 0.799999
      vertex 24.2766 18.6281 14
      vertex 24.2766 18.6281 0.799999
    endloop
  endfacet
  facet normal 0.448703 0.546743 -0.706921
    outer loop
      vertex 19.6485 22.4048 0
      vertex 18.1411 23.6419 0
      vertex 18.6281 24.2766 0.799999
    endloop
  endfacet
  facet normal 0.115233 0.697858 -0.706906
    outer loop
      vertex 5.81369 29.2274 0
      vertex 3.88968 29.5451 0
      vertex 5.96976 30.012 0.799999
    endloop
  endfacet
  facet normal 0.703913 -0.0693401 -0.706893
    outer loop
      vertex 30.3382 -3.9941 0.799999
      vertex 29.5451 -3.88968 0
      vertex 30.5345 -2.00134 0.799999
    endloop
  endfacet
  facet normal 0.688831 -0.160613 -0.706905
    outer loop
      vertex 29.5573 -7.91986 0.799999
      vertex 29.2274 -5.81369 0
      vertex 30.012 -5.96976 0.799999
    endloop
  endfacet
  facet normal 0.688838 -0.16061 -0.7069
    outer loop
      vertex 29.5573 -7.91986 0.799999
      vertex 28.7846 -7.71281 0
      vertex 29.2274 -5.81369 0
    endloop
  endfacet
  facet normal 0.881931 -0.471379 0
    outer loop
      vertex 26.5004 -15.3 14
      vertex 27.4443 -13.534 0.799999
      vertex 27.4443 -13.534 14
    endloop
  endfacet
  facet normal 0.881931 -0.471379 0
    outer loop
      vertex 27.4443 -13.534 0.799999
      vertex 26.5004 -15.3 14
      vertex 26.5004 -15.3 0.799999
    endloop
  endfacet
  facet normal 0.600638 -0.373513 -0.70691
    outer loop
      vertex 26.5004 -15.3 0.799999
      vertex 24.7778 -16.556 0
      vertex 25.8076 -14.9 0
    endloop
  endfacet
  facet normal 0.849197 -0.528076 0
    outer loop
      vertex 25.443 -17.0004 14
      vertex 26.5004 -15.3 0.799999
      vertex 26.5004 -15.3 14
    endloop
  endfacet
  facet normal 0.849197 -0.528076 0
    outer loop
      vertex 26.5004 -15.3 0.799999
      vertex 25.443 -17.0004 14
      vertex 25.443 -17.0004 0.799999
    endloop
  endfacet
  facet normal 0.706917 0.023136 -0.706918
    outer loop
      vertex 30.6 0 0.799999
      vertex 29.8 0 0
      vertex 30.5345 2.00134 0.799999
    endloop
  endfacet
  facet normal -0 0 1
    outer loop
      vertex 29.7271 1.92495 14
      vertex 30.6 0 14
      vertex 30.5345 2.00134 14
    endloop
  endfacet
  facet normal 0 0 1
    outer loop
      vertex 29.724 1.97168 14
      vertex 30.5345 2.00134 14
      vertex 30.3382 3.9941 14
    endloop
  endfacet
  facet normal 0 0 1
    outer loop
      vertex 29.7271 -1.92495 14
      vertex 30.6 0 14
      vertex 29.7901 0 14
    endloop
  endfacet
  facet normal -0 0 1
    outer loop
      vertex 29.2215 5.78865 14
      vertex 30.3382 3.9941 14
      vertex 30.012 5.96976 14
    endloop
  endfacet
  facet normal 0 0 1
    outer loop
      vertex 30.6 0 14
      vertex 29.7271 -1.92495 14
      vertex 30.5345 -2.00134 14
    endloop
  endfacet
  facet normal -0 0 1
    outer loop
      vertex 29.7263 -1.94837 14
      vertex 30.5345 -2.00134 14
      vertex 29.7271 -1.92495 14
    endloop
  endfacet
  facet normal 0 0 1
    outer loop
      vertex 30.6 0 14
      vertex 29.7271 1.92495 14
      vertex 29.7901 0 14
    endloop
  endfacet
  facet normal 0 0 1
    outer loop
      vertex 30.5345 2.00134 14
      vertex 29.7263 1.94837 14
      vertex 29.7271 1.92495 14
    endloop
  endfacet
  facet normal 0 0 1
    outer loop
      vertex 30.5345 2.00134 14
      vertex 29.724 1.97168 14
      vertex 29.7263 1.94837 14
    endloop
  endfacet
  facet normal 0 0 1
    outer loop
      vertex 29.2124 5.83458 14
      vertex 30.012 5.96976 14
      vertex 29.5573 7.91986 14
    endloop
  endfacet
  facet normal 0 0 1
    outer loop
      vertex 30.3382 3.9941 14
      vertex 29.5353 3.88839 14
      vertex 29.724 1.97168 14
    endloop
  endfacet
  facet normal 0 0 1
    outer loop
      vertex 30.3382 3.9941 14
      vertex 29.2215 5.78865 14
      vertex 29.5353 3.88839 14
    endloop
  endfacet
  facet normal 0 0 1
    outer loop
      vertex 30.012 5.96976 14
      vertex 29.2177 5.81176 14
      vertex 29.2215 5.78865 14
    endloop
  endfacet
  facet normal 0 0 1
    outer loop
      vertex 30.012 5.96976 14
      vertex 29.2124 5.83458 14
      vertex 29.2177 5.81176 14
    endloop
  endfacet
  facet normal 0 0 1
    outer loop
      vertex 28.7682 7.73267 14
      vertex 29.5573 7.91986 14
      vertex 28.9761 9.83605 14
    endloop
  endfacet
  facet normal 0 0 1
    outer loop
      vertex 29.5573 7.91986 14
      vertex 28.775 7.71025 14
      vertex 29.2124 5.83458 14
    endloop
  endfacet
  facet normal 0 0 1
    outer loop
      vertex 29.5573 7.91986 14
      vertex 28.7682 7.73267 14
      vertex 28.775 7.71025 14
    endloop
  endfacet
  facet normal -0 0 1
    outer loop
      vertex 27.5307 11.3783 14
      vertex 28.9761 9.83605 14
      vertex 28.2707 11.7101 14
    endloop
  endfacet
  facet normal 0 0 1
    outer loop
      vertex 28.9761 9.83605 14
      vertex 28.2092 9.57572 14
      vertex 28.7682 7.73267 14
    endloop
  endfacet
  facet normal 0 0 1
    outer loop
      vertex 28.9761 9.83605 14
      vertex 27.5307 11.3783 14
      vertex 28.2092 9.57572 14
    endloop
  endfacet
  facet normal 0 0 1
    outer loop
      vertex 28.2707 11.7101 14
      vertex 27.5225 11.4002 14
      vertex 27.5307 11.3783 14
    endloop
  endfacet
  facet normal -0 0 1
    outer loop
      vertex 26.7276 13.1545 14
      vertex 28.2707 11.7101 14
      vertex 27.4443 13.534 14
    endloop
  endfacet
  facet normal 0 0 1
    outer loop
      vertex 28.2707 11.7101 14
      vertex 26.7276 13.1545 14
      vertex 27.5225 11.4002 14
    endloop
  endfacet
  facet normal 0 0 1
    outer loop
      vertex 27.4443 13.534 14
      vertex 26.718 13.1758 14
      vertex 26.7276 13.1545 14
    endloop
  endfacet
  facet normal 0 0 1
    outer loop
      vertex 27.4443 13.534 14
      vertex 26.7069 13.1965 14
      vertex 26.718 13.1758 14
    endloop
  endfacet
  facet normal 0 0 1
    outer loop
      vertex 26.5004 15.3 14
      vertex 26.7069 13.1965 14
      vertex 27.4443 13.534 14
    endloop
  endfacet
  facet normal 0 0 1
    outer loop
      vertex 26.5004 15.3 14
      vertex 25.799 14.8951 14
      vertex 26.7069 13.1965 14
    endloop
  endfacet
  facet normal -0 0 1
    outer loop
      vertex 24.782 16.5306 14
      vertex 26.5004 15.3 14
      vertex 25.443 17.0004 14
    endloop
  endfacet
  facet normal 0 0 1
    outer loop
      vertex 26.5004 15.3 14
      vertex 24.782 16.5306 14
      vertex 25.799 14.8951 14
    endloop
  endfacet
  facet normal 0 0 1
    outer loop
      vertex 25.443 17.0004 14
      vertex 24.7696 16.5505 14
      vertex 24.782 16.5306 14
    endloop
  endfacet
  facet normal -0 0 1
    outer loop
      vertex 23.6477 18.116 14
      vertex 25.443 17.0004 14
      vertex 24.2766 18.6281 14
    endloop
  endfacet
  facet normal 0 0 1
    outer loop
      vertex 25.443 17.0004 14
      vertex 23.6477 18.116 14
      vertex 24.7696 16.5505 14
    endloop
  endfacet
  facet normal 0 0 1
    outer loop
      vertex 24.2766 18.6281 14
      vertex 23.6341 18.1351 14
      vertex 23.6477 18.116 14
    endloop
  endfacet
  facet normal -0 0 1
    outer loop
      vertex 22.4123 19.6239 14
      vertex 24.2766 18.6281 14
      vertex 23.0063 20.176 14
    endloop
  endfacet
  facet normal 0 0 1
    outer loop
      vertex 24.2766 18.6281 14
      vertex 22.4123 19.6239 14
      vertex 23.6341 18.1351 14
    endloop
  endfacet
  facet normal 0 0 1
    outer loop
      vertex 23.0063 20.176 14
      vertex 22.3974 19.642 14
      vertex 22.4123 19.6239 14
    endloop
  endfacet
  facet normal 0 0 1
    outer loop
      vertex 23.0063 20.176 14
      vertex 22.3814 19.6591 14
      vertex 22.3974 19.642 14
    endloop
  endfacet
  facet normal 0 0 1
    outer loop
      vertex 21.6375 21.6375 14
      vertex 22.3814 19.6591 14
      vertex 23.0063 20.176 14
    endloop
  endfacet
  facet normal 0 0 1
    outer loop
      vertex 21.6375 21.6375 14
      vertex 21.0648 21.0648 14
      vertex 22.3814 19.6591 14
    endloop
  endfacet
  facet normal -0 0 1
    outer loop
      vertex 19.6591 22.3814 14
      vertex 21.6375 21.6375 14
      vertex 20.176 23.0063 14
    endloop
  endfacet
  facet normal 0 0 1
    outer loop
      vertex 21.6375 21.6375 14
      vertex 19.6591 22.3814 14
      vertex 21.0648 21.0648 14
    endloop
  endfacet
  facet normal 0 0 1
    outer loop
      vertex 20.176 23.0063 14
      vertex 19.642 22.3974 14
      vertex 19.6591 22.3814 14
    endloop
  endfacet
  facet normal 0 0 1
    outer loop
      vertex 20.176 23.0063 14
      vertex 19.6239 22.4123 14
      vertex 19.642 22.3974 14
    endloop
  endfacet
  facet normal 0 0 1
    outer loop
      vertex 18.6281 24.2766 14
      vertex 19.6239 22.4123 14
      vertex 20.176 23.0063 14
    endloop
  endfacet
  facet normal 0 0 1
    outer loop
      vertex 18.6281 24.2766 14
      vertex 18.1351 23.6341 14
      vertex 19.6239 22.4123 14
    endloop
  endfacet
  facet normal 0 0 1
    outer loop
      vertex 18.6281 24.2766 14
      vertex 18.116 23.6477 14
      vertex 18.1351 23.6341 14
    endloop
  endfacet
  facet normal 0 0 1
    outer loop
      vertex 17.0004 25.443 14
      vertex 18.116 23.6477 14
      vertex 18.6281 24.2766 14
    endloop
  endfacet
  facet normal 0 0 1
    outer loop
      vertex 17.0004 25.443 14
      vertex 16.5505 24.7696 14
      vertex 18.116 23.6477 14
    endloop
  endfacet
  facet normal 0 0 1
    outer loop
      vertex 17.0004 25.443 14
      vertex 16.5306 24.782 14
      vertex 16.5505 24.7696 14
    endloop
  endfacet
  facet normal 0 0 1
    outer loop
      vertex 15.3 26.5004 14
      vertex 16.5306 24.782 14
      vertex 17.0004 25.443 14
    endloop
  endfacet
  facet normal 0 0 1
    outer loop
      vertex 15.3 26.5004 14
      vertex 14.8951 25.799 14
      vertex 16.5306 24.782 14
    endloop
  endfacet
  facet normal -0 0 1
    outer loop
      vertex 13.1965 26.7069 14
      vertex 15.3 26.5004 14
      vertex 13.534 27.4443 14
    endloop
  endfacet
  facet normal 0 0 1
    outer loop
      vertex 15.3 26.5004 14
      vertex 13.1965 26.7069 14
      vertex 14.8951 25.799 14
    endloop
  endfacet
  facet normal 0 0 1
    outer loop
      vertex 13.534 27.4443 14
      vertex 13.1758 26.718 14
      vertex 13.1965 26.7069 14
    endloop
  endfacet
  facet normal 0 0 1
    outer loop
      vertex 13.534 27.4443 14
      vertex 13.1545 26.7276 14
      vertex 13.1758 26.718 14
    endloop
  endfacet
  facet normal 0 0 1
    outer loop
      vertex 11.7101 28.2707 14
      vertex 13.1545 26.7276 14
      vertex 13.534 27.4443 14
    endloop
  endfacet
  facet normal 0 0 1
    outer loop
      vertex 11.7101 28.2707 14
      vertex 11.4002 27.5225 14
      vertex 13.1545 26.7276 14
    endloop
  endfacet
  facet normal 0 0 1
    outer loop
      vertex 11.7101 28.2707 14
      vertex 11.3783 27.5307 14
      vertex 11.4002 27.5225 14
    endloop
  endfacet
  facet normal 0 0 1
    outer loop
      vertex 9.83605 28.9761 14
      vertex 11.3783 27.5307 14
      vertex 11.7101 28.2707 14
    endloop
  endfacet
  facet normal 0 0 1
    outer loop
      vertex 9.83605 28.9761 14
      vertex 9.57572 28.2092 14
      vertex 11.3783 27.5307 14
    endloop
  endfacet
  facet normal 0 0 1
    outer loop
      vertex 7.73267 28.7682 14
      vertex 9.83605 28.9761 14
      vertex 7.91986 29.5573 14
    endloop
  endfacet
  facet normal 0 0 1
    outer loop
      vertex 9.83605 28.9761 14
      vertex 7.73267 28.7682 14
      vertex 9.57572 28.2092 14
    endloop
  endfacet
  facet normal 0 0 1
    outer loop
      vertex 7.91986 29.5573 14
      vertex 7.71025 28.775 14
      vertex 7.73267 28.7682 14
    endloop
  endfacet
  facet normal 0 0 1
    outer loop
      vertex 5.83458 29.2124 14
      vertex 7.91986 29.5573 14
      vertex 5.96976 30.012 14
    endloop
  endfacet
  facet normal 0 0 1
    outer loop
      vertex 7.91986 29.5573 14
      vertex 5.83458 29.2124 14
      vertex 7.71025 28.775 14
    endloop
  endfacet
  facet normal 0 0 1
    outer loop
      vertex 5.96976 30.012 14
      vertex 5.81176 29.2177 14
      vertex 5.83458 29.2124 14
    endloop
  endfacet
  facet normal 0 0 1
    outer loop
      vertex 5.96976 30.012 14
      vertex 5.78865 29.2215 14
      vertex 5.81176 29.2177 14
    endloop
  endfacet
  facet normal 0 0 1
    outer loop
      vertex 3.9941 30.3382 14
      vertex 5.78865 29.2215 14
      vertex 5.96976 30.012 14
    endloop
  endfacet
  facet normal 0 0 1
    outer loop
      vertex 3.9941 30.3382 14
      vertex 3.88839 29.5353 14
      vertex 5.78865 29.2215 14
    endloop
  endfacet
  facet normal 0 0 1
    outer loop
      vertex 1.97168 29.724 14
      vertex 3.9941 30.3382 14
      vertex 2.00134 30.5345 14
    endloop
  endfacet
  facet normal 0 0 1
    outer loop
      vertex 3.9941 30.3382 14
      vertex 1.97168 29.724 14
      vertex 3.88839 29.5353 14
    endloop
  endfacet
  facet normal 0 0 1
    outer loop
      vertex 2.00134 30.5345 14
      vertex 1.94837 29.7263 14
      vertex 1.97168 29.724 14
    endloop
  endfacet
  facet normal 0 0 1
    outer loop
      vertex 2.00134 30.5345 14
      vertex 1.92495 29.7271 14
      vertex 1.94837 29.7263 14
    endloop
  endfacet
  facet normal 0 0 1
    outer loop
      vertex 0 30.6 14
      vertex 1.92495 29.7271 14
      vertex 2.00134 30.5345 14
    endloop
  endfacet
  facet normal 0 0 1
    outer loop
      vertex 0 30.6 14
      vertex 0 29.7901 14
      vertex 1.92495 29.7271 14
    endloop
  endfacet
  facet normal 0 0 1
    outer loop
      vertex 0 30.6 14
      vertex -1.92495 29.7271 14
      vertex 0 29.7901 14
    endloop
  endfacet
  facet normal -0 0 1
    outer loop
      vertex -2.00134 30.5345 14
      vertex -1.92495 29.7271 14
      vertex 0 30.6 14
    endloop
  endfacet
  facet normal 0 0 1
    outer loop
      vertex -1.92495 29.7271 14
      vertex -2.00134 30.5345 14
      vertex -1.94837 29.7263 14
    endloop
  endfacet
  facet normal 0 0 1
    outer loop
      vertex -1.94837 29.7263 14
      vertex -2.00134 30.5345 14
      vertex -1.97168 29.724 14
    endloop
  endfacet
  facet normal -0 0 1
    outer loop
      vertex -3.9941 30.3382 14
      vertex -1.97168 29.724 14
      vertex -2.00134 30.5345 14
    endloop
  endfacet
  facet normal 0 0 1
    outer loop
      vertex -1.97168 29.724 14
      vertex -3.9941 30.3382 14
      vertex -3.88839 29.5353 14
    endloop
  endfacet
  facet normal 0 0 1
    outer loop
      vertex -3.9941 30.3382 14
      vertex -5.78865 29.2215 14
      vertex -3.88839 29.5353 14
    endloop
  endfacet
  facet normal -0 0 1
    outer loop
      vertex -5.96976 30.012 14
      vertex -5.78865 29.2215 14
      vertex -3.9941 30.3382 14
    endloop
  endfacet
  facet normal 0 0 1
    outer loop
      vertex -5.78865 29.2215 14
      vertex -5.96976 30.012 14
      vertex -5.81176 29.2177 14
    endloop
  endfacet
  facet normal 0 0 1
    outer loop
      vertex -5.81176 29.2177 14
      vertex -5.96976 30.012 14
      vertex -5.83458 29.2124 14
    endloop
  endfacet
  facet normal -0 0 1
    outer loop
      vertex -7.91986 29.5573 14
      vertex -5.83458 29.2124 14
      vertex -5.96976 30.012 14
    endloop
  endfacet
  facet normal 0 0 1
    outer loop
      vertex -5.83458 29.2124 14
      vertex -7.91986 29.5573 14
      vertex -7.71025 28.775 14
    endloop
  endfacet
  facet normal 0 0 1
    outer loop
      vertex -7.71025 28.775 14
      vertex -7.91986 29.5573 14
      vertex -7.73267 28.7682 14
    endloop
  endfacet
  facet normal -0 0 1
    outer loop
      vertex -9.83605 28.9761 14
      vertex -7.73267 28.7682 14
      vertex -7.91986 29.5573 14
    endloop
  endfacet
  facet normal 0 0 1
    outer loop
      vertex -7.73267 28.7682 14
      vertex -9.83605 28.9761 14
      vertex -9.57572 28.2092 14
    endloop
  endfacet
  facet normal 0 0 1
    outer loop
      vertex -9.83605 28.9761 14
      vertex -11.3783 27.5307 14
      vertex -9.57572 28.2092 14
    endloop
  endfacet
  facet normal -0 0 1
    outer loop
      vertex -11.7101 28.2707 14
      vertex -11.3783 27.5307 14
      vertex -9.83605 28.9761 14
    endloop
  endfacet
  facet normal 0 0 1
    outer loop
      vertex -11.3783 27.5307 14
      vertex -11.7101 28.2707 14
      vertex -11.4002 27.5225 14
    endloop
  endfacet
  facet normal 0 0 1
    outer loop
      vertex -11.7101 28.2707 14
      vertex -13.1545 26.7276 14
      vertex -11.4002 27.5225 14
    endloop
  endfacet
  facet normal -0 0 1
    outer loop
      vertex -13.534 27.4443 14
      vertex -13.1545 26.7276 14
      vertex -11.7101 28.2707 14
    endloop
  endfacet
  facet normal 0 0 1
    outer loop
      vertex -13.1545 26.7276 14
      vertex -13.534 27.4443 14
      vertex -13.1758 26.718 14
    endloop
  endfacet
  facet normal 0 0 1
    outer loop
      vertex -13.1758 26.718 14
      vertex -13.534 27.4443 14
      vertex -13.1965 26.7069 14
    endloop
  endfacet
  facet normal 0 0 1
    outer loop
      vertex -15.3 26.5004 14
      vertex -13.1965 26.7069 14
      vertex -13.534 27.4443 14
    endloop
  endfacet
  facet normal 0 0 1
    outer loop
      vertex -13.1965 26.7069 14
      vertex -15.3 26.5004 14
      vertex -14.8951 25.799 14
    endloop
  endfacet
  facet normal 0 0 1
    outer loop
      vertex -15.3 26.5004 14
      vertex -16.5306 24.782 14
      vertex -14.8951 25.799 14
    endloop
  endfacet
  facet normal -0 0 1
    outer loop
      vertex -17.0004 25.443 14
      vertex -16.5306 24.782 14
      vertex -15.3 26.5004 14
    endloop
  endfacet
  facet normal 0 0 1
    outer loop
      vertex -16.5306 24.782 14
      vertex -17.0004 25.443 14
      vertex -16.5505 24.7696 14
    endloop
  endfacet
  facet normal 0 0 1
    outer loop
      vertex -17.0004 25.443 14
      vertex -18.116 23.6477 14
      vertex -16.5505 24.7696 14
    endloop
  endfacet
  facet normal -0 0 1
    outer loop
      vertex -18.6281 24.2766 14
      vertex -18.116 23.6477 14
      vertex -17.0004 25.443 14
    endloop
  endfacet
  facet normal 0 0 1
    outer loop
      vertex -18.116 23.6477 14
      vertex -18.6281 24.2766 14
      vertex -18.1351 23.6341 14
    endloop
  endfacet
  facet normal 0 0 1
    outer loop
      vertex -18.6281 24.2766 14
      vertex -19.6239 22.4123 14
      vertex -18.1351 23.6341 14
    endloop
  endfacet
  facet normal -0 0 1
    outer loop
      vertex -20.176 23.0063 14
      vertex -19.6239 22.4123 14
      vertex -18.6281 24.2766 14
    endloop
  endfacet
  facet normal 0 0 1
    outer loop
      vertex -19.6239 22.4123 14
      vertex -20.176 23.0063 14
      vertex -19.642 22.3974 14
    endloop
  endfacet
  facet normal 0 0 1
    outer loop
      vertex -19.642 22.3974 14
      vertex -20.176 23.0063 14
      vertex -19.6591 22.3814 14
    endloop
  endfacet
  facet normal 0 0 1
    outer loop
      vertex -21.6375 21.6375 14
      vertex -19.6591 22.3814 14
      vertex -20.176 23.0063 14
    endloop
  endfacet
  facet normal 0 0 1
    outer loop
      vertex -19.6591 22.3814 14
      vertex -21.6375 21.6375 14
      vertex -21.0648 21.0648 14
    endloop
  endfacet
  facet normal 0 0 1
    outer loop
      vertex -21.6375 21.6375 14
      vertex -22.3814 19.6591 14
      vertex -21.0648 21.0648 14
    endloop
  endfacet
  facet normal -0 0 1
    outer loop
      vertex -23.0063 20.176 14
      vertex -22.3814 19.6591 14
      vertex -21.6375 21.6375 14
    endloop
  endfacet
  facet normal 0 0 1
    outer loop
      vertex -22.3814 19.6591 14
      vertex -23.0063 20.176 14
      vertex -22.3974 19.642 14
    endloop
  endfacet
  facet normal 0 0 1
    outer loop
      vertex -22.3974 19.642 14
      vertex -23.0063 20.176 14
      vertex -22.4123 19.6239 14
    endloop
  endfacet
  facet normal 0 0 1
    outer loop
      vertex -24.2766 18.6281 14
      vertex -22.4123 19.6239 14
      vertex -23.0063 20.176 14
    endloop
  endfacet
  facet normal 0 0 1
    outer loop
      vertex -22.4123 19.6239 14
      vertex -24.2766 18.6281 14
      vertex -23.6341 18.1351 14
    endloop
  endfacet
  facet normal 0 0 1
    outer loop
      vertex -23.6341 18.1351 14
      vertex -24.2766 18.6281 14
      vertex -23.6477 18.116 14
    endloop
  endfacet
  facet normal 0 0 1
    outer loop
      vertex -25.443 17.0004 14
      vertex -23.6477 18.116 14
      vertex -24.2766 18.6281 14
    endloop
  endfacet
  facet normal 0 0 1
    outer loop
      vertex -23.6477 18.116 14
      vertex -25.443 17.0004 14
      vertex -24.7696 16.5505 14
    endloop
  endfacet
  facet normal 0 0 1
    outer loop
      vertex -24.7696 16.5505 14
      vertex -25.443 17.0004 14
      vertex -24.782 16.5306 14
    endloop
  endfacet
  facet normal 0 0 1
    outer loop
      vertex -26.5004 15.3 14
      vertex -24.782 16.5306 14
      vertex -25.443 17.0004 14
    endloop
  endfacet
  facet normal 0 0 1
    outer loop
      vertex -24.782 16.5306 14
      vertex -26.5004 15.3 14
      vertex -25.799 14.8951 14
    endloop
  endfacet
  facet normal 0 0 1
    outer loop
      vertex -26.5004 15.3 14
      vertex -26.7069 13.1965 14
      vertex -25.799 14.8951 14
    endloop
  endfacet
  facet normal -0 0 1
    outer loop
      vertex -27.4443 13.534 14
      vertex -26.7069 13.1965 14
      vertex -26.5004 15.3 14
    endloop
  endfacet
  facet normal 0 0 1
    outer loop
      vertex -26.7069 13.1965 14
      vertex -27.4443 13.534 14
      vertex -26.718 13.1758 14
    endloop
  endfacet
  facet normal 0 0 1
    outer loop
      vertex -26.718 13.1758 14
      vertex -27.4443 13.534 14
      vertex -26.7276 13.1545 14
    endloop
  endfacet
  facet normal 0 0 1
    outer loop
      vertex -28.2707 11.7101 14
      vertex -26.7276 13.1545 14
      vertex -27.4443 13.534 14
    endloop
  endfacet
  facet normal 0 0 1
    outer loop
      vertex -26.7276 13.1545 14
      vertex -28.2707 11.7101 14
      vertex -27.5225 11.4002 14
    endloop
  endfacet
  facet normal 0 0 1
    outer loop
      vertex -27.5225 11.4002 14
      vertex -28.2707 11.7101 14
      vertex -27.5307 11.3783 14
    endloop
  endfacet
  facet normal 0 0 1
    outer loop
      vertex -28.9761 9.83605 14
      vertex -27.5307 11.3783 14
      vertex -28.2707 11.7101 14
    endloop
  endfacet
  facet normal 0 0 1
    outer loop
      vertex -27.5307 11.3783 14
      vertex -28.9761 9.83605 14
      vertex -28.2092 9.57572 14
    endloop
  endfacet
  facet normal 0 0 1
    outer loop
      vertex -28.2092 9.57572 14
      vertex -28.9761 9.83605 14
      vertex -28.7682 7.73267 14
    endloop
  endfacet
  facet normal -0 0 1
    outer loop
      vertex -29.5573 7.91986 14
      vertex -28.7682 7.73267 14
      vertex -28.9761 9.83605 14
    endloop
  endfacet
  facet normal 0 0 1
    outer loop
      vertex -28.7682 7.73267 14
      vertex -29.5573 7.91986 14
      vertex -28.775 7.71025 14
    endloop
  endfacet
  facet normal 0 0 1
    outer loop
      vertex -28.775 7.71025 14
      vertex -29.5573 7.91986 14
      vertex -29.2124 5.83458 14
    endloop
  endfacet
  facet normal -0 0 1
    outer loop
      vertex -30.012 5.96976 14
      vertex -29.2124 5.83458 14
      vertex -29.5573 7.91986 14
    endloop
  endfacet
  facet normal 0 0 1
    outer loop
      vertex -29.2124 5.83458 14
      vertex -30.012 5.96976 14
      vertex -29.2177 5.81176 14
    endloop
  endfacet
  facet normal 0 0 1
    outer loop
      vertex -29.2177 5.81176 14
      vertex -30.012 5.96976 14
      vertex -29.2215 5.78865 14
    endloop
  endfacet
  facet normal 0 0 1
    outer loop
      vertex -30.3382 3.9941 14
      vertex -29.2215 5.78865 14
      vertex -30.012 5.96976 14
    endloop
  endfacet
  facet normal 0 0 1
    outer loop
      vertex -29.2215 5.78865 14
      vertex -30.3382 3.9941 14
      vertex -29.5353 3.88839 14
    endloop
  endfacet
  facet normal 0 0 1
    outer loop
      vertex -29.5353 3.88839 14
      vertex -30.3382 3.9941 14
      vertex -29.724 1.97168 14
    endloop
  endfacet
  facet normal -0 0 1
    outer loop
      vertex -30.5345 2.00134 14
      vertex -29.724 1.97168 14
      vertex -30.3382 3.9941 14
    endloop
  endfacet
  facet normal 0 0 1
    outer loop
      vertex -29.724 1.97168 14
      vertex -30.5345 2.00134 14
      vertex -29.7263 1.94837 14
    endloop
  endfacet
  facet normal -0 0 1
    outer loop
      vertex 29.724 -1.97168 14
      vertex 30.5345 -2.00134 14
      vertex 29.7263 -1.94837 14
    endloop
  endfacet
  facet normal 0 0 1
    outer loop
      vertex 30.5345 -2.00134 14
      vertex 29.724 -1.97168 14
      vertex 30.3382 -3.9941 14
    endloop
  endfacet
  facet normal -0 0 1
    outer loop
      vertex 29.5353 -3.88839 14
      vertex 30.3382 -3.9941 14
      vertex 29.724 -1.97168 14
    endloop
  endfacet
  facet normal 0 0 1
    outer loop
      vertex 29.2215 -5.78865 14
      vertex 30.3382 -3.9941 14
      vertex 29.5353 -3.88839 14
    endloop
  endfacet
  facet normal 0 0 1
    outer loop
      vertex 30.3382 -3.9941 14
      vertex 29.2215 -5.78865 14
      vertex 30.012 -5.96976 14
    endloop
  endfacet
  facet normal -0 0 1
    outer loop
      vertex 29.2177 -5.81176 14
      vertex 30.012 -5.96976 14
      vertex 29.2215 -5.78865 14
    endloop
  endfacet
  facet normal -0 0 1
    outer loop
      vertex 29.2124 -5.83458 14
      vertex 30.012 -5.96976 14
      vertex 29.2177 -5.81176 14
    endloop
  endfacet
  facet normal 0 0 1
    outer loop
      vertex 30.012 -5.96976 14
      vertex 29.2124 -5.83458 14
      vertex 29.5573 -7.91986 14
    endloop
  endfacet
  facet normal -0 0 1
    outer loop
      vertex 28.775 -7.71025 14
      vertex 29.5573 -7.91986 14
      vertex 29.2124 -5.83458 14
    endloop
  endfacet
  facet normal -0 0 1
    outer loop
      vertex 28.7682 -7.73267 14
      vertex 29.5573 -7.91986 14
      vertex 28.775 -7.71025 14
    endloop
  endfacet
  facet normal 0 0 1
    outer loop
      vertex 29.5573 -7.91986 14
      vertex 28.7682 -7.73267 14
      vertex 28.9761 -9.83605 14
    endloop
  endfacet
  facet normal -0 0 1
    outer loop
      vertex 28.2092 -9.57572 14
      vertex 28.9761 -9.83605 14
      vertex 28.7682 -7.73267 14
    endloop
  endfacet
  facet normal 0 0 1
    outer loop
      vertex 27.5307 -11.3783 14
      vertex 28.9761 -9.83605 14
      vertex 28.2092 -9.57572 14
    endloop
  endfacet
  facet normal 0 0 1
    outer loop
      vertex 28.9761 -9.83605 14
      vertex 27.5307 -11.3783 14
      vertex 28.2707 -11.7101 14
    endloop
  endfacet
  facet normal -0 0 1
    outer loop
      vertex 27.5225 -11.4002 14
      vertex 28.2707 -11.7101 14
      vertex 27.5307 -11.3783 14
    endloop
  endfacet
  facet normal 0 0 1
    outer loop
      vertex 26.7276 -13.1545 14
      vertex 28.2707 -11.7101 14
      vertex 27.5225 -11.4002 14
    endloop
  endfacet
  facet normal 0 0 1
    outer loop
      vertex 28.2707 -11.7101 14
      vertex 26.7276 -13.1545 14
      vertex 27.4443 -13.534 14
    endloop
  endfacet
  facet normal -0 0 1
    outer loop
      vertex 26.718 -13.1758 14
      vertex 27.4443 -13.534 14
      vertex 26.7276 -13.1545 14
    endloop
  endfacet
  facet normal -0 0 1
    outer loop
      vertex 26.7069 -13.1965 14
      vertex 27.4443 -13.534 14
      vertex 26.718 -13.1758 14
    endloop
  endfacet
  facet normal 0 0 1
    outer loop
      vertex 26.7069 -13.1965 14
      vertex 26.5004 -15.3 14
      vertex 27.4443 -13.534 14
    endloop
  endfacet
  facet normal -0 0 1
    outer loop
      vertex 25.799 -14.8951 14
      vertex 26.5004 -15.3 14
      vertex 26.7069 -13.1965 14
    endloop
  endfacet
  facet normal 0 0 1
    outer loop
      vertex 24.782 -16.5306 14
      vertex 26.5004 -15.3 14
      vertex 25.799 -14.8951 14
    endloop
  endfacet
  facet normal 0 0 1
    outer loop
      vertex 26.5004 -15.3 14
      vertex 24.782 -16.5306 14
      vertex 25.443 -17.0004 14
    endloop
  endfacet
  facet normal -0 0 1
    outer loop
      vertex 24.7696 -16.5505 14
      vertex 25.443 -17.0004 14
      vertex 24.782 -16.5306 14
    endloop
  endfacet
  facet normal 0 0 1
    outer loop
      vertex 23.6477 -18.116 14
      vertex 25.443 -17.0004 14
      vertex 24.7696 -16.5505 14
    endloop
  endfacet
  facet normal 0 0 1
    outer loop
      vertex 25.443 -17.0004 14
      vertex 23.6477 -18.116 14
      vertex 24.2766 -18.6281 14
    endloop
  endfacet
  facet normal -0 0 1
    outer loop
      vertex 23.6341 -18.1351 14
      vertex 24.2766 -18.6281 14
      vertex 23.6477 -18.116 14
    endloop
  endfacet
  facet normal 0 0 1
    outer loop
      vertex 22.4123 -19.6239 14
      vertex 24.2766 -18.6281 14
      vertex 23.6341 -18.1351 14
    endloop
  endfacet
  facet normal 0 0 1
    outer loop
      vertex 24.2766 -18.6281 14
      vertex 22.4123 -19.6239 14
      vertex 23.0063 -20.176 14
    endloop
  endfacet
  facet normal -0 0 1
    outer loop
      vertex 22.3974 -19.642 14
      vertex 23.0063 -20.176 14
      vertex 22.4123 -19.6239 14
    endloop
  endfacet
  facet normal -0 0 1
    outer loop
      vertex 22.3814 -19.6591 14
      vertex 23.0063 -20.176 14
      vertex 22.3974 -19.642 14
    endloop
  endfacet
  facet normal 0 0 1
    outer loop
      vertex 22.3814 -19.6591 14
      vertex 21.6375 -21.6375 14
      vertex 23.0063 -20.176 14
    endloop
  endfacet
  facet normal -0 0 1
    outer loop
      vertex 21.0648 -21.0648 14
      vertex 21.6375 -21.6375 14
      vertex 22.3814 -19.6591 14
    endloop
  endfacet
  facet normal 0 0 1
    outer loop
      vertex 19.6591 -22.3814 14
      vertex 21.6375 -21.6375 14
      vertex 21.0648 -21.0648 14
    endloop
  endfacet
  facet normal 0 0 1
    outer loop
      vertex 21.6375 -21.6375 14
      vertex 19.6591 -22.3814 14
      vertex 20.176 -23.0063 14
    endloop
  endfacet
  facet normal -0 0 1
    outer loop
      vertex 19.642 -22.3974 14
      vertex 20.176 -23.0063 14
      vertex 19.6591 -22.3814 14
    endloop
  endfacet
  facet normal -0 0 1
    outer loop
      vertex 19.6239 -22.4123 14
      vertex 20.176 -23.0063 14
      vertex 19.642 -22.3974 14
    endloop
  endfacet
  facet normal 0 0 1
    outer loop
      vertex 19.6239 -22.4123 14
      vertex 18.6281 -24.2766 14
      vertex 20.176 -23.0063 14
    endloop
  endfacet
  facet normal -0 0 1
    outer loop
      vertex 18.1351 -23.6341 14
      vertex 18.6281 -24.2766 14
      vertex 19.6239 -22.4123 14
    endloop
  endfacet
  facet normal -0 0 1
    outer loop
      vertex 18.116 -23.6477 14
      vertex 18.6281 -24.2766 14
      vertex 18.1351 -23.6341 14
    endloop
  endfacet
  facet normal 0 0 1
    outer loop
      vertex 18.116 -23.6477 14
      vertex 17.0004 -25.443 14
      vertex 18.6281 -24.2766 14
    endloop
  endfacet
  facet normal -0 0 1
    outer loop
      vertex 16.5505 -24.7696 14
      vertex 17.0004 -25.443 14
      vertex 18.116 -23.6477 14
    endloop
  endfacet
  facet normal -0 0 1
    outer loop
      vertex 16.5306 -24.782 14
      vertex 17.0004 -25.443 14
      vertex 16.5505 -24.7696 14
    endloop
  endfacet
  facet normal 0 0 1
    outer loop
      vertex 16.5306 -24.782 14
      vertex 15.3 -26.5004 14
      vertex 17.0004 -25.443 14
    endloop
  endfacet
  facet normal -0 0 1
    outer loop
      vertex 14.8951 -25.799 14
      vertex 15.3 -26.5004 14
      vertex 16.5306 -24.782 14
    endloop
  endfacet
  facet normal 0 0 1
    outer loop
      vertex 13.1965 -26.7069 14
      vertex 15.3 -26.5004 14
      vertex 14.8951 -25.799 14
    endloop
  endfacet
  facet normal 0 0 1
    outer loop
      vertex 15.3 -26.5004 14
      vertex 13.1965 -26.7069 14
      vertex 13.534 -27.4443 14
    endloop
  endfacet
  facet normal -0 0 1
    outer loop
      vertex 13.1758 -26.718 14
      vertex 13.534 -27.4443 14
      vertex 13.1965 -26.7069 14
    endloop
  endfacet
  facet normal -0 0 1
    outer loop
      vertex 13.1545 -26.7276 14
      vertex 13.534 -27.4443 14
      vertex 13.1758 -26.718 14
    endloop
  endfacet
  facet normal 0 0 1
    outer loop
      vertex 13.1545 -26.7276 14
      vertex 11.7101 -28.2707 14
      vertex 13.534 -27.4443 14
    endloop
  endfacet
  facet normal -0 0 1
    outer loop
      vertex 11.4002 -27.5225 14
      vertex 11.7101 -28.2707 14
      vertex 13.1545 -26.7276 14
    endloop
  endfacet
  facet normal -0 0 1
    outer loop
      vertex 11.3783 -27.5307 14
      vertex 11.7101 -28.2707 14
      vertex 11.4002 -27.5225 14
    endloop
  endfacet
  facet normal 0 0 1
    outer loop
      vertex 11.3783 -27.5307 14
      vertex 9.83605 -28.9761 14
      vertex 11.7101 -28.2707 14
    endloop
  endfacet
  facet normal -0 0 1
    outer loop
      vertex 9.57572 -28.2092 14
      vertex 9.83605 -28.9761 14
      vertex 11.3783 -27.5307 14
    endloop
  endfacet
  facet normal -0 0 1
    outer loop
      vertex 7.73267 -28.7682 14
      vertex 9.83605 -28.9761 14
      vertex 9.57572 -28.2092 14
    endloop
  endfacet
  facet normal 0 0 1
    outer loop
      vertex 9.83605 -28.9761 14
      vertex 7.73267 -28.7682 14
      vertex 7.91986 -29.5573 14
    endloop
  endfacet
  facet normal -0 0 1
    outer loop
      vertex 7.71025 -28.775 14
      vertex 7.91986 -29.5573 14
      vertex 7.73267 -28.7682 14
    endloop
  endfacet
  facet normal -0 0 1
    outer loop
      vertex 5.83458 -29.2124 14
      vertex 7.91986 -29.5573 14
      vertex 7.71025 -28.775 14
    endloop
  endfacet
  facet normal 0 0 1
    outer loop
      vertex 7.91986 -29.5573 14
      vertex 5.83458 -29.2124 14
      vertex 5.96976 -30.012 14
    endloop
  endfacet
  facet normal -0 0 1
    outer loop
      vertex 5.81176 -29.2177 14
      vertex 5.96976 -30.012 14
      vertex 5.83458 -29.2124 14
    endloop
  endfacet
  facet normal -0 0 1
    outer loop
      vertex 5.78865 -29.2215 14
      vertex 5.96976 -30.012 14
      vertex 5.81176 -29.2177 14
    endloop
  endfacet
  facet normal 0 0 1
    outer loop
      vertex 5.78865 -29.2215 14
      vertex 3.9941 -30.3382 14
      vertex 5.96976 -30.012 14
    endloop
  endfacet
  facet normal -0 0 1
    outer loop
      vertex 3.88839 -29.5353 14
      vertex 3.9941 -30.3382 14
      vertex 5.78865 -29.2215 14
    endloop
  endfacet
  facet normal -0 0 1
    outer loop
      vertex 1.97168 -29.724 14
      vertex 3.9941 -30.3382 14
      vertex 3.88839 -29.5353 14
    endloop
  endfacet
  facet normal 0 0 1
    outer loop
      vertex 3.9941 -30.3382 14
      vertex 1.97168 -29.724 14
      vertex 2.00134 -30.5345 14
    endloop
  endfacet
  facet normal -0 0 1
    outer loop
      vertex 1.94837 -29.7263 14
      vertex 2.00134 -30.5345 14
      vertex 1.97168 -29.724 14
    endloop
  endfacet
  facet normal -0 0 1
    outer loop
      vertex 1.92495 -29.7271 14
      vertex 2.00134 -30.5345 14
      vertex 1.94837 -29.7263 14
    endloop
  endfacet
  facet normal 0 0 1
    outer loop
      vertex 0 -30.6 14
      vertex 1.92495 -29.7271 14
      vertex 0 -29.7901 14
    endloop
  endfacet
  facet normal 0 0 1
    outer loop
      vertex 1.92495 -29.7271 14
      vertex 0 -30.6 14
      vertex 2.00134 -30.5345 14
    endloop
  endfacet
  facet normal 0 0 1
    outer loop
      vertex -1.92495 -29.7271 14
      vertex 0 -30.6 14
      vertex 0 -29.7901 14
    endloop
  endfacet
  facet normal 0 0 1
    outer loop
      vertex -2.00134 -30.5345 14
      vertex -1.92495 -29.7271 14
      vertex -1.94837 -29.7263 14
    endloop
  endfacet
  facet normal 0 0 1
    outer loop
      vertex -2.00134 -30.5345 14
      vertex -1.94837 -29.7263 14
      vertex -1.97168 -29.724 14
    endloop
  endfacet
  facet normal 0 0 1
    outer loop
      vertex -1.92495 -29.7271 14
      vertex -2.00134 -30.5345 14
      vertex 0 -30.6 14
    endloop
  endfacet
  facet normal 0 0 1
    outer loop
      vertex -3.9941 -30.3382 14
      vertex -1.97168 -29.724 14
      vertex -3.88839 -29.5353 14
    endloop
  endfacet
  facet normal 0 0 1
    outer loop
      vertex -1.97168 -29.724 14
      vertex -3.9941 -30.3382 14
      vertex -2.00134 -30.5345 14
    endloop
  endfacet
  facet normal 0 0 1
    outer loop
      vertex -5.78865 -29.2215 14
      vertex -3.9941 -30.3382 14
      vertex -3.88839 -29.5353 14
    endloop
  endfacet
  facet normal 0 0 1
    outer loop
      vertex -5.96976 -30.012 14
      vertex -5.78865 -29.2215 14
      vertex -5.81176 -29.2177 14
    endloop
  endfacet
  facet normal 0 0 1
    outer loop
      vertex -5.96976 -30.012 14
      vertex -5.81176 -29.2177 14
      vertex -5.83458 -29.2124 14
    endloop
  endfacet
  facet normal 0 0 1
    outer loop
      vertex -5.78865 -29.2215 14
      vertex -5.96976 -30.012 14
      vertex -3.9941 -30.3382 14
    endloop
  endfacet
  facet normal 0 0 1
    outer loop
      vertex -7.91986 -29.5573 14
      vertex -5.83458 -29.2124 14
      vertex -7.71025 -28.775 14
    endloop
  endfacet
  facet normal 0 0 1
    outer loop
      vertex -7.91986 -29.5573 14
      vertex -7.71025 -28.775 14
      vertex -7.73267 -28.7682 14
    endloop
  endfacet
  facet normal 0 0 1
    outer loop
      vertex -5.83458 -29.2124 14
      vertex -7.91986 -29.5573 14
      vertex -5.96976 -30.012 14
    endloop
  endfacet
  facet normal 0 0 1
    outer loop
      vertex -9.83605 -28.9761 14
      vertex -7.73267 -28.7682 14
      vertex -9.57572 -28.2092 14
    endloop
  endfacet
  facet normal 0 0 1
    outer loop
      vertex -7.73267 -28.7682 14
      vertex -9.83605 -28.9761 14
      vertex -7.91986 -29.5573 14
    endloop
  endfacet
  facet normal 0 0 1
    outer loop
      vertex -11.3783 -27.5307 14
      vertex -9.83605 -28.9761 14
      vertex -9.57572 -28.2092 14
    endloop
  endfacet
  facet normal 0 0 1
    outer loop
      vertex -11.7101 -28.2707 14
      vertex -11.3783 -27.5307 14
      vertex -11.4002 -27.5225 14
    endloop
  endfacet
  facet normal 0 0 1
    outer loop
      vertex -11.3783 -27.5307 14
      vertex -11.7101 -28.2707 14
      vertex -9.83605 -28.9761 14
    endloop
  endfacet
  facet normal 0 0 1
    outer loop
      vertex -13.1545 -26.7276 14
      vertex -11.7101 -28.2707 14
      vertex -11.4002 -27.5225 14
    endloop
  endfacet
  facet normal 0 0 1
    outer loop
      vertex -13.534 -27.4443 14
      vertex -13.1545 -26.7276 14
      vertex -13.1758 -26.718 14
    endloop
  endfacet
  facet normal 0 0 1
    outer loop
      vertex -13.534 -27.4443 14
      vertex -13.1758 -26.718 14
      vertex -13.1965 -26.7069 14
    endloop
  endfacet
  facet normal 0 0 1
    outer loop
      vertex -13.1545 -26.7276 14
      vertex -13.534 -27.4443 14
      vertex -11.7101 -28.2707 14
    endloop
  endfacet
  facet normal -0 0 1
    outer loop
      vertex -15.3 -26.5004 14
      vertex -13.1965 -26.7069 14
      vertex -14.8951 -25.799 14
    endloop
  endfacet
  facet normal 0 0 1
    outer loop
      vertex -13.1965 -26.7069 14
      vertex -15.3 -26.5004 14
      vertex -13.534 -27.4443 14
    endloop
  endfacet
  facet normal 0 0 1
    outer loop
      vertex -16.5306 -24.782 14
      vertex -15.3 -26.5004 14
      vertex -14.8951 -25.799 14
    endloop
  endfacet
  facet normal 0 0 1
    outer loop
      vertex -17.0004 -25.443 14
      vertex -16.5306 -24.782 14
      vertex -16.5505 -24.7696 14
    endloop
  endfacet
  facet normal 0 0 1
    outer loop
      vertex -16.5306 -24.782 14
      vertex -17.0004 -25.443 14
      vertex -15.3 -26.5004 14
    endloop
  endfacet
  facet normal 0 0 1
    outer loop
      vertex -18.116 -23.6477 14
      vertex -17.0004 -25.443 14
      vertex -16.5505 -24.7696 14
    endloop
  endfacet
  facet normal 0 0 1
    outer loop
      vertex -18.6281 -24.2766 14
      vertex -18.116 -23.6477 14
      vertex -18.1351 -23.6341 14
    endloop
  endfacet
  facet normal 0 0 1
    outer loop
      vertex -18.116 -23.6477 14
      vertex -18.6281 -24.2766 14
      vertex -17.0004 -25.443 14
    endloop
  endfacet
  facet normal 0 0 1
    outer loop
      vertex -19.6239 -22.4123 14
      vertex -18.6281 -24.2766 14
      vertex -18.1351 -23.6341 14
    endloop
  endfacet
  facet normal 0 0 1
    outer loop
      vertex -20.176 -23.0063 14
      vertex -19.6239 -22.4123 14
      vertex -19.642 -22.3974 14
    endloop
  endfacet
  facet normal 0 0 1
    outer loop
      vertex -20.176 -23.0063 14
      vertex -19.642 -22.3974 14
      vertex -19.6591 -22.3814 14
    endloop
  endfacet
  facet normal 0 0 1
    outer loop
      vertex -19.6239 -22.4123 14
      vertex -20.176 -23.0063 14
      vertex -18.6281 -24.2766 14
    endloop
  endfacet
  facet normal -0 0 1
    outer loop
      vertex -21.6375 -21.6375 14
      vertex -19.6591 -22.3814 14
      vertex -21.0648 -21.0648 14
    endloop
  endfacet
  facet normal 0 0 1
    outer loop
      vertex -19.6591 -22.3814 14
      vertex -21.6375 -21.6375 14
      vertex -20.176 -23.0063 14
    endloop
  endfacet
  facet normal 0 0 1
    outer loop
      vertex -22.3814 -19.6591 14
      vertex -21.6375 -21.6375 14
      vertex -21.0648 -21.0648 14
    endloop
  endfacet
  facet normal 0 0 1
    outer loop
      vertex -23.0063 -20.176 14
      vertex -22.3814 -19.6591 14
      vertex -22.3974 -19.642 14
    endloop
  endfacet
  facet normal 0 0 1
    outer loop
      vertex -23.0063 -20.176 14
      vertex -22.3974 -19.642 14
      vertex -22.4123 -19.6239 14
    endloop
  endfacet
  facet normal 0 0 1
    outer loop
      vertex -22.3814 -19.6591 14
      vertex -23.0063 -20.176 14
      vertex -21.6375 -21.6375 14
    endloop
  endfacet
  facet normal -0 0 1
    outer loop
      vertex -24.2766 -18.6281 14
      vertex -22.4123 -19.6239 14
      vertex -23.6341 -18.1351 14
    endloop
  endfacet
  facet normal 0 0 1
    outer loop
      vertex -24.2766 -18.6281 14
      vertex -23.6341 -18.1351 14
      vertex -23.6477 -18.116 14
    endloop
  endfacet
  facet normal 0 0 1
    outer loop
      vertex -22.4123 -19.6239 14
      vertex -24.2766 -18.6281 14
      vertex -23.0063 -20.176 14
    endloop
  endfacet
  facet normal -0 0 1
    outer loop
      vertex -25.443 -17.0004 14
      vertex -23.6477 -18.116 14
      vertex -24.7696 -16.5505 14
    endloop
  endfacet
  facet normal 0 0 1
    outer loop
      vertex -25.443 -17.0004 14
      vertex -24.7696 -16.5505 14
      vertex -24.782 -16.5306 14
    endloop
  endfacet
  facet normal 0 0 1
    outer loop
      vertex -23.6477 -18.116 14
      vertex -25.443 -17.0004 14
      vertex -24.2766 -18.6281 14
    endloop
  endfacet
  facet normal -0 0 1
    outer loop
      vertex -26.5004 -15.3 14
      vertex -24.782 -16.5306 14
      vertex -25.799 -14.8951 14
    endloop
  endfacet
  facet normal 0 0 1
    outer loop
      vertex -24.782 -16.5306 14
      vertex -26.5004 -15.3 14
      vertex -25.443 -17.0004 14
    endloop
  endfacet
  facet normal 0 0 1
    outer loop
      vertex -26.7069 -13.1965 14
      vertex -26.5004 -15.3 14
      vertex -25.799 -14.8951 14
    endloop
  endfacet
  facet normal 0 0 1
    outer loop
      vertex -27.4443 -13.534 14
      vertex -26.7069 -13.1965 14
      vertex -26.718 -13.1758 14
    endloop
  endfacet
  facet normal 0 0 1
    outer loop
      vertex -27.4443 -13.534 14
      vertex -26.718 -13.1758 14
      vertex -26.7276 -13.1545 14
    endloop
  endfacet
  facet normal 0 0 1
    outer loop
      vertex -26.7069 -13.1965 14
      vertex -27.4443 -13.534 14
      vertex -26.5004 -15.3 14
    endloop
  endfacet
  facet normal -0 0 1
    outer loop
      vertex -28.2707 -11.7101 14
      vertex -26.7276 -13.1545 14
      vertex -27.5225 -11.4002 14
    endloop
  endfacet
  facet normal 0 0 1
    outer loop
      vertex -28.2707 -11.7101 14
      vertex -27.5225 -11.4002 14
      vertex -27.5307 -11.3783 14
    endloop
  endfacet
  facet normal -0 0 1
    outer loop
      vertex -28.9761 -9.83605 14
      vertex -27.5307 -11.3783 14
      vertex -28.2092 -9.57572 14
    endloop
  endfacet
  facet normal 0 0 1
    outer loop
      vertex -26.7276 -13.1545 14
      vertex -28.2707 -11.7101 14
      vertex -27.4443 -13.534 14
    endloop
  endfacet
  facet normal 0 0 1
    outer loop
      vertex -28.9761 -9.83605 14
      vertex -28.2092 -9.57572 14
      vertex -28.7682 -7.73267 14
    endloop
  endfacet
  facet normal 0 0 1
    outer loop
      vertex -29.5573 -7.91986 14
      vertex -28.7682 -7.73267 14
      vertex -28.775 -7.71025 14
    endloop
  endfacet
  facet normal 0 0 1
    outer loop
      vertex -27.5307 -11.3783 14
      vertex -28.9761 -9.83605 14
      vertex -28.2707 -11.7101 14
    endloop
  endfacet
  facet normal 0 0 1
    outer loop
      vertex -29.5573 -7.91986 14
      vertex -28.775 -7.71025 14
      vertex -29.2124 -5.83458 14
    endloop
  endfacet
  facet normal 0 0 1
    outer loop
      vertex -30.012 -5.96976 14
      vertex -29.2124 -5.83458 14
      vertex -29.2177 -5.81176 14
    endloop
  endfacet
  facet normal 0 0 1
    outer loop
      vertex -30.012 -5.96976 14
      vertex -29.2177 -5.81176 14
      vertex -29.2215 -5.78865 14
    endloop
  endfacet
  facet normal -0 0 1
    outer loop
      vertex -30.3382 -3.9941 14
      vertex -29.2215 -5.78865 14
      vertex -29.5353 -3.88839 14
    endloop
  endfacet
  facet normal 0 0 1
    outer loop
      vertex -28.7682 -7.73267 14
      vertex -29.5573 -7.91986 14
      vertex -28.9761 -9.83605 14
    endloop
  endfacet
  facet normal 0 0 1
    outer loop
      vertex -30.3382 -3.9941 14
      vertex -29.5353 -3.88839 14
      vertex -29.724 -1.97168 14
    endloop
  endfacet
  facet normal 0 0 1
    outer loop
      vertex -30.5345 -2.00134 14
      vertex -29.724 -1.97168 14
      vertex -29.7263 -1.94837 14
    endloop
  endfacet
  facet normal 0 0 1
    outer loop
      vertex -30.5345 -2.00134 14
      vertex -29.7263 -1.94837 14
      vertex -29.7271 -1.92495 14
    endloop
  endfacet
  facet normal -0 0 1
    outer loop
      vertex -30.6 0 14
      vertex -29.7271 -1.92495 14
      vertex -29.7901 0 14
    endloop
  endfacet
  facet normal 0 0 1
    outer loop
      vertex -29.7263 1.94837 14
      vertex -30.5345 2.00134 14
      vertex -29.7271 1.92495 14
    endloop
  endfacet
  facet normal 0 0 1
    outer loop
      vertex -29.2124 -5.83458 14
      vertex -30.012 -5.96976 14
      vertex -29.5573 -7.91986 14
    endloop
  endfacet
  facet normal 0 0 1
    outer loop
      vertex -30.6 0 14
      vertex -29.7271 1.92495 14
      vertex -30.5345 2.00134 14
    endloop
  endfacet
  facet normal 0 0 1
    outer loop
      vertex -29.2215 -5.78865 14
      vertex -30.3382 -3.9941 14
      vertex -30.012 -5.96976 14
    endloop
  endfacet
  facet normal 0 0 1
    outer loop
      vertex -29.7271 1.92495 14
      vertex -30.6 0 14
      vertex -29.7901 0 14
    endloop
  endfacet
  facet normal 0 0 1
    outer loop
      vertex -29.724 -1.97168 14
      vertex -30.5345 -2.00134 14
      vertex -30.3382 -3.9941 14
    endloop
  endfacet
  facet normal 0 0 1
    outer loop
      vertex -29.7271 -1.92495 14
      vertex -30.6 0 14
      vertex -30.5345 -2.00134 14
    endloop
  endfacet
  facet normal -0.600637 -0.373508 -0.706914
    outer loop
      vertex -25.443 -17.0004 0.799999
      vertex -26.5004 -15.3 0.799999
      vertex -24.7778 -16.556 0
    endloop
  endfacet
  facet normal -0.227076 -0.973877 0
    outer loop
      vertex -7.91986 -29.5573 0.799999
      vertex -5.96976 -30.012 14
      vertex -7.91986 -29.5573 14
    endloop
  endfacet
  facet normal -0.227076 -0.973877 -0
    outer loop
      vertex -5.96976 -30.012 14
      vertex -7.91986 -29.5573 0.799999
      vertex -5.96976 -30.012 0.799999
    endloop
  endfacet
  facet normal 0.291912 0.644252 -0.706913
    outer loop
      vertex 13.1802 26.7268 0
      vertex 11.404 27.5316 0
      vertex 13.534 27.4443 0.799999
    endloop
  endfacet
  facet normal 0.703885 0.0693124 -0.706924
    outer loop
      vertex 29.7362 1.94901 0
      vertex 29.5451 3.88968 0
      vertex 30.5345 2.00134 0.799999
    endloop
  endfacet
  facet normal 0.676854 -0.205332 -0.7069
    outer loop
      vertex 29.5573 -7.91986 0.799999
      vertex 28.2185 -9.5789 0
      vertex 28.7846 -7.71281 0
    endloop
  endfacet
  facet normal 0.483483 -0.516235 -0.706927
    outer loop
      vertex 21.6375 -21.6375 0.799999
      vertex 19.6485 -22.4048 0
      vertex 21.0718 -21.0718 0
    endloop
  endfacet
  facet normal 0.849197 0.528076 0
    outer loop
      vertex 26.5004 15.3 14
      vertex 25.443 17.0004 0.799999
      vertex 25.443 17.0004 14
    endloop
  endfacet
  facet normal 0.849197 0.528076 0
    outer loop
      vertex 25.443 17.0004 0.799999
      vertex 26.5004 15.3 14
      vertex 26.5004 15.3 0.799999
    endloop
  endfacet
  facet normal 0.995183 0.0980321 0
    outer loop
      vertex 30.5345 2.00134 14
      vertex 30.3382 3.9941 0.799999
      vertex 30.3382 3.9941 14
    endloop
  endfacet
  facet normal 0.995183 0.0980321 0
    outer loop
      vertex 30.3382 3.9941 0.799999
      vertex 30.5345 2.00134 14
      vertex 30.5345 2.00134 0.799999
    endloop
  endfacet
  facet normal 0.935896 0.352275 0
    outer loop
      vertex 28.9761 9.83605 14
      vertex 28.2707 11.7101 0.799999
      vertex 28.2707 11.7101 14
    endloop
  endfacet
  facet normal 0.935896 0.352275 0
    outer loop
      vertex 28.2707 11.7101 0.799999
      vertex 28.9761 9.83605 14
      vertex 28.9761 9.83605 0.799999
    endloop
  endfacet
  facet normal 0.688838 0.16061 -0.7069
    outer loop
      vertex 29.2274 5.81369 0
      vertex 28.7846 7.71281 0
      vertex 29.5573 7.91986 0.799999
    endloop
  endfacet
  facet normal -0.706911 -0.0231404 -0.706924
    outer loop
      vertex -29.7362 -1.94901 0
      vertex -30.5345 -2.00134 0.799999
      vertex -29.8 0 0
    endloop
  endfacet
  facet normal 0.160613 0.688831 -0.706905
    outer loop
      vertex 7.91986 29.5573 0.799999
      vertex 5.81369 29.2274 0
      vertex 5.96976 30.012 0.799999
    endloop
  endfacet
  facet normal 0.95695 0.290253 0
    outer loop
      vertex 29.5573 7.91986 14
      vertex 28.9761 9.83605 0.799999
      vertex 28.9761 9.83605 14
    endloop
  endfacet
  facet normal 0.95695 0.290253 0
    outer loop
      vertex 28.9761 9.83605 0.799999
      vertex 29.5573 7.91986 14
      vertex 29.5573 7.91986 0.799999
    endloop
  endfacet
  facet normal 0.516226 -0.483482 -0.706934
    outer loop
      vertex 23.0063 -20.176 0.799999
      vertex 21.6375 -21.6375 0.799999
      vertex 22.4048 -19.6485 0
    endloop
  endfacet
  facet normal 0.623794 0.333406 -0.70691
    outer loop
      vertex 26.7268 13.1802 0
      vertex 25.8076 14.9 0
      vertex 26.5004 15.3 0.799999
    endloop
  endfacet
  facet normal 0.516235 0.483483 -0.706927
    outer loop
      vertex 22.4048 19.6485 0
      vertex 21.0718 21.0718 0
      vertex 21.6375 21.6375 0.799999
    endloop
  endfacet
  facet normal -0.0327106 0.999465 0
    outer loop
      vertex 0 30.6 0.799999
      vertex -2.00134 30.5345 14
      vertex 0 30.6 14
    endloop
  endfacet
  facet normal -0.0327106 0.999465 0
    outer loop
      vertex -2.00134 30.5345 14
      vertex 0 30.6 0.799999
      vertex -2.00134 30.5345 0.799999
    endloop
  endfacet
  facet normal 0.528076 0.849197 -0
    outer loop
      vertex 17.0004 25.443 0.799999
      vertex 15.3 26.5004 14
      vertex 17.0004 25.443 14
    endloop
  endfacet
  facet normal 0.528076 0.849197 0
    outer loop
      vertex 15.3 26.5004 14
      vertex 17.0004 25.443 0.799999
      vertex 15.3 26.5004 0.799999
    endloop
  endfacet
  facet normal -0.574927 0.411989 -0.706912
    outer loop
      vertex -24.7778 16.556 0
      vertex -25.443 17.0004 0.799999
      vertex -24.2766 18.6281 0.799999
    endloop
  endfacet
  facet normal -0.373508 0.600637 -0.706914
    outer loop
      vertex -16.556 24.7778 0
      vertex -17.0004 25.443 0.799999
      vertex -15.3 26.5004 0.799999
    endloop
  endfacet
  facet normal -0.973877 -0.227076 0
    outer loop
      vertex -29.5573 -7.91986 0.799999
      vertex -30.012 -5.96976 14
      vertex -30.012 -5.96976 0.799999
    endloop
  endfacet
  facet normal -0.973877 -0.227076 0
    outer loop
      vertex -30.012 -5.96976 14
      vertex -29.5573 -7.91986 0.799999
      vertex -29.5573 -7.91986 14
    endloop
  endfacet
  facet normal -0.373513 0.600638 -0.70691
    outer loop
      vertex -14.9 25.8076 0
      vertex -16.556 24.7778 0
      vertex -15.3 26.5004 0.799999
    endloop
  endfacet
  facet normal 0.0980321 0.995183 -0
    outer loop
      vertex 3.9941 30.3382 0.799999
      vertex 2.00134 30.5345 14
      vertex 3.9941 30.3382 14
    endloop
  endfacet
  facet normal 0.0980321 0.995183 0
    outer loop
      vertex 2.00134 30.5345 14
      vertex 3.9941 30.3382 0.799999
      vertex 2.00134 30.5345 0.799999
    endloop
  endfacet
  facet normal -0.676825 -0.205288 -0.706941
    outer loop
      vertex -28.9761 -9.83605 0.799999
      vertex -29.5573 -7.91986 0.799999
      vertex -28.2185 -9.5789 0
    endloop
  endfacet
  facet normal 0.290253 0.95695 -0
    outer loop
      vertex 9.83605 28.9761 0.799999
      vertex 7.91986 29.5573 14
      vertex 9.83605 28.9761 14
    endloop
  endfacet
  facet normal 0.290253 0.95695 0
    outer loop
      vertex 7.91986 29.5573 14
      vertex 9.83605 28.9761 0.799999
      vertex 7.91986 29.5573 0.799999
    endloop
  endfacet
  facet normal -0.023136 0.706917 -0.706918
    outer loop
      vertex 0 29.8 0
      vertex -2.00134 30.5345 0.799999
      vertex 0 30.6 0.799999
    endloop
  endfacet
  facet normal 0.881931 0.471379 0
    outer loop
      vertex 27.4443 13.534 14
      vertex 26.5004 15.3 0.799999
      vertex 26.5004 15.3 14
    endloop
  endfacet
  facet normal 0.881931 0.471379 0
    outer loop
      vertex 26.5004 15.3 0.799999
      vertex 27.4443 13.534 14
      vertex 27.4443 13.534 0.799999
    endloop
  endfacet
  facet normal -0.333407 0.623791 -0.706912
    outer loop
      vertex -13.1802 26.7268 0
      vertex -15.3 26.5004 0.799999
      vertex -13.534 27.4443 0.799999
    endloop
  endfacet
  facet normal -0.773017 -0.634385 0
    outer loop
      vertex -23.0063 -20.176 0.799999
      vertex -24.2766 -18.6281 14
      vertex -24.2766 -18.6281 0.799999
    endloop
  endfacet
  facet normal -0.773017 -0.634385 0
    outer loop
      vertex -24.2766 -18.6281 14
      vertex -23.0063 -20.176 0.799999
      vertex -23.0063 -20.176 14
    endloop
  endfacet
  facet normal -0.995183 0.0980321 0
    outer loop
      vertex -30.5345 2.00134 0.799999
      vertex -30.3382 3.9941 14
      vertex -30.3382 3.9941 0.799999
    endloop
  endfacet
  facet normal -0.995183 0.0980321 0
    outer loop
      vertex -30.3382 3.9941 14
      vertex -30.5345 2.00134 0.799999
      vertex -30.5345 2.00134 14
    endloop
  endfacet
  facet normal 0.352275 0.935896 -0
    outer loop
      vertex 11.7101 28.2707 0.799999
      vertex 9.83605 28.9761 14
      vertex 11.7101 28.2707 14
    endloop
  endfacet
  facet normal 0.352275 0.935896 0
    outer loop
      vertex 9.83605 28.9761 14
      vertex 11.7101 28.2707 0.799999
      vertex 9.83605 28.9761 0.799999
    endloop
  endfacet
  facet normal 0.0231404 -0.706911 -0.706924
    outer loop
      vertex 2.00134 -30.5345 0.799999
      vertex 0 -29.8 0
      vertex 1.94901 -29.7362 0
    endloop
  endfacet
  facet normal 0.373513 -0.600638 -0.70691
    outer loop
      vertex 15.3 -26.5004 0.799999
      vertex 14.9 -25.8076 0
      vertex 16.556 -24.7778 0
    endloop
  endfacet
  facet normal -0.986642 0.162904 0
    outer loop
      vertex -30.3382 3.9941 0.799999
      vertex -30.012 5.96976 14
      vertex -30.012 5.96976 0.799999
    endloop
  endfacet
  facet normal -0.986642 0.162904 0
    outer loop
      vertex -30.012 5.96976 14
      vertex -30.3382 3.9941 0.799999
      vertex -30.3382 3.9941 14
    endloop
  endfacet
  facet normal -0.688831 0.160613 -0.706905
    outer loop
      vertex -29.2274 5.81369 0
      vertex -30.012 5.96976 0.799999
      vertex -29.5573 7.91986 0.799999
    endloop
  endfacet
  facet normal 0.483483 0.516235 -0.706927
    outer loop
      vertex 21.0718 21.0718 0
      vertex 19.6485 22.4048 0
      vertex 21.6375 21.6375 0.799999
    endloop
  endfacet
  facet normal -0.644252 -0.291912 -0.706913
    outer loop
      vertex -27.4443 -13.534 0.799999
      vertex -27.5316 -11.404 0
      vertex -26.7268 -13.1802 0
    endloop
  endfacet
  facet normal 0.249166 0.661963 -0.706909
    outer loop
      vertex 11.404 27.5316 0
      vertex 9.83605 28.9761 0.799999
      vertex 11.7101 28.2707 0.799999
    endloop
  endfacet
  facet normal 0.697872 -0.115225 -0.706893
    outer loop
      vertex 30.012 -5.96976 0.799999
      vertex 29.5451 -3.88968 0
      vertex 30.3382 -3.9941 0.799999
    endloop
  endfacet
  facet normal -0.644259 -0.291911 -0.706908
    outer loop
      vertex -27.4443 -13.534 0.799999
      vertex -28.2707 -11.7101 0.799999
      vertex -27.5316 -11.404 0
    endloop
  endfacet
  facet normal 0.600638 0.373513 -0.70691
    outer loop
      vertex 25.8076 14.9 0
      vertex 24.7778 16.556 0
      vertex 26.5004 15.3 0.799999
    endloop
  endfacet
  facet normal -0.160613 0.688831 -0.706905
    outer loop
      vertex -5.81369 29.2274 0
      vertex -7.91986 29.5573 0.799999
      vertex -5.96976 30.012 0.799999
    endloop
  endfacet
  facet normal -0.688838 0.16061 -0.7069
    outer loop
      vertex -29.2274 5.81369 0
      vertex -29.5573 7.91986 0.799999
      vertex -28.7846 7.71281 0
    endloop
  endfacet
  facet normal 0.706917 -0.023136 -0.706918
    outer loop
      vertex 30.5345 -2.00134 0.799999
      vertex 29.8 0 0
      vertex 30.6 0 0.799999
    endloop
  endfacet
  facet normal 0.249131 -0.661943 -0.706941
    outer loop
      vertex 9.83605 -28.9761 0.799999
      vertex 9.5789 -28.2185 0
      vertex 11.404 -27.5316 0
    endloop
  endfacet
  facet normal -0.249166 -0.661963 -0.706909
    outer loop
      vertex -9.83605 -28.9761 0.799999
      vertex -11.7101 -28.2707 0.799999
      vertex -11.404 -27.5316 0
    endloop
  endfacet
  facet normal -0.0327106 -0.999465 0
    outer loop
      vertex -2.00134 -30.5345 0.799999
      vertex 0 -30.6 14
      vertex -2.00134 -30.5345 14
    endloop
  endfacet
  facet normal -0.0327106 -0.999465 -0
    outer loop
      vertex 0 -30.6 14
      vertex -2.00134 -30.5345 0.799999
      vertex 0 -30.6 0.799999
    endloop
  endfacet
  facet normal -0.412708 0.910864 0
    outer loop
      vertex -11.7101 28.2707 0.799999
      vertex -13.534 27.4443 14
      vertex -11.7101 28.2707 14
    endloop
  endfacet
  facet normal -0.412708 0.910864 0
    outer loop
      vertex -13.534 27.4443 14
      vertex -11.7101 28.2707 0.799999
      vertex -13.534 27.4443 0.799999
    endloop
  endfacet
  facet normal -0.623791 -0.333407 -0.706912
    outer loop
      vertex -26.5004 -15.3 0.799999
      vertex -27.4443 -13.534 0.799999
      vertex -26.7268 -13.1802 0
    endloop
  endfacet
  facet normal 0.986642 -0.162904 0
    outer loop
      vertex 30.012 -5.96976 14
      vertex 30.3382 -3.9941 0.799999
      vertex 30.3382 -3.9941 14
    endloop
  endfacet
  facet normal 0.986642 -0.162904 0
    outer loop
      vertex 30.3382 -3.9941 0.799999
      vertex 30.012 -5.96976 14
      vertex 30.012 -5.96976 0.799999
    endloop
  endfacet
  facet normal -0.0693401 0.703913 -0.706893
    outer loop
      vertex -3.88968 29.5451 0
      vertex -3.9941 30.3382 0.799999
      vertex -2.00134 30.5345 0.799999
    endloop
  endfacet
  facet normal 0.291912 -0.644252 -0.706913
    outer loop
      vertex 13.534 -27.4443 0.799999
      vertex 11.404 -27.5316 0
      vertex 13.1802 -26.7268 0
    endloop
  endfacet
  facet normal 0.115225 -0.697872 -0.706893
    outer loop
      vertex 3.9941 -30.3382 0.799999
      vertex 3.88968 -29.5451 0
      vertex 5.96976 -30.012 0.799999
    endloop
  endfacet
  facet normal -0.352275 -0.935896 0
    outer loop
      vertex -11.7101 -28.2707 0.799999
      vertex -9.83605 -28.9761 14
      vertex -11.7101 -28.2707 14
    endloop
  endfacet
  facet normal -0.352275 -0.935896 -0
    outer loop
      vertex -9.83605 -28.9761 14
      vertex -11.7101 -28.2707 0.799999
      vertex -9.83605 -28.9761 0.799999
    endloop
  endfacet
  facet normal 0.634385 0.773017 -0
    outer loop
      vertex 20.176 23.0063 0.799999
      vertex 18.6281 24.2766 14
      vertex 20.176 23.0063 14
    endloop
  endfacet
  facet normal 0.634385 0.773017 0
    outer loop
      vertex 18.6281 24.2766 14
      vertex 20.176 23.0063 0.799999
      vertex 18.6281 24.2766 0.799999
    endloop
  endfacet
  facet normal 0.448687 -0.54674 -0.706934
    outer loop
      vertex 20.176 -23.0063 0.799999
      vertex 18.6281 -24.2766 0.799999
      vertex 19.6485 -22.4048 0
    endloop
  endfacet
  facet normal -0.999465 -0.0327106 0
    outer loop
      vertex -30.5345 -2.00134 0.799999
      vertex -30.6 0 14
      vertex -30.6 0 0.799999
    endloop
  endfacet
  facet normal -0.999465 -0.0327106 0
    outer loop
      vertex -30.6 0 14
      vertex -30.5345 -2.00134 0.799999
      vertex -30.5345 -2.00134 14
    endloop
  endfacet
  facet normal -0.448687 0.54674 -0.706934
    outer loop
      vertex -19.6485 22.4048 0
      vertex -20.176 23.0063 0.799999
      vertex -18.6281 24.2766 0.799999
    endloop
  endfacet
  facet normal 0.471379 -0.881931 0
    outer loop
      vertex 13.534 -27.4443 0.799999
      vertex 15.3 -26.5004 14
      vertex 13.534 -27.4443 14
    endloop
  endfacet
  facet normal 0.471379 -0.881931 0
    outer loop
      vertex 15.3 -26.5004 14
      vertex 13.534 -27.4443 0.799999
      vertex 15.3 -26.5004 0.799999
    endloop
  endfacet
  facet normal 0.600637 -0.373508 -0.706914
    outer loop
      vertex 25.443 -17.0004 0.799999
      vertex 24.7778 -16.556 0
      vertex 26.5004 -15.3 0.799999
    endloop
  endfacet
  facet normal 0.373508 -0.600637 -0.706914
    outer loop
      vertex 17.0004 -25.443 0.799999
      vertex 15.3 -26.5004 0.799999
      vertex 16.556 -24.7778 0
    endloop
  endfacet
  facet normal 0.205288 0.676825 -0.706941
    outer loop
      vertex 9.5789 28.2185 0
      vertex 7.91986 29.5573 0.799999
      vertex 9.83605 28.9761 0.799999
    endloop
  endfacet
  facet normal 0.0693124 -0.703885 -0.706924
    outer loop
      vertex 2.00134 -30.5345 0.799999
      vertex 1.94901 -29.7362 0
      vertex 3.88968 -29.5451 0
    endloop
  endfacet
  facet normal -0.773017 0.634385 0
    outer loop
      vertex -24.2766 18.6281 0.799999
      vertex -23.0063 20.176 14
      vertex -23.0063 20.176 0.799999
    endloop
  endfacet
  facet normal -0.773017 0.634385 0
    outer loop
      vertex -23.0063 20.176 14
      vertex -24.2766 18.6281 0.799999
      vertex -24.2766 18.6281 14
    endloop
  endfacet
  facet normal -0.623794 -0.333406 -0.70691
    outer loop
      vertex -26.5004 -15.3 0.799999
      vertex -26.7268 -13.1802 0
      vertex -25.8076 -14.9 0
    endloop
  endfacet
  facet normal 0.683581 -0.729875 0
    outer loop
      vertex 20.176 -23.0063 0.799999
      vertex 21.6375 -21.6375 14
      vertex 20.176 -23.0063 14
    endloop
  endfacet
  facet normal 0.683581 -0.729875 0
    outer loop
      vertex 21.6375 -21.6375 14
      vertex 20.176 -23.0063 0.799999
      vertex 21.6375 -21.6375 0.799999
    endloop
  endfacet
  facet normal 0.697872 0.115225 -0.706893
    outer loop
      vertex 30.3382 3.9941 0.799999
      vertex 29.5451 3.88968 0
      vertex 30.012 5.96976 0.799999
    endloop
  endfacet
  facet normal 0.0693401 0.703913 -0.706893
    outer loop
      vertex 3.88968 29.5451 0
      vertex 2.00134 30.5345 0.799999
      vertex 3.9941 30.3382 0.799999
    endloop
  endfacet
  facet normal -0.676854 -0.205332 -0.7069
    outer loop
      vertex -28.2185 -9.5789 0
      vertex -29.5573 -7.91986 0.799999
      vertex -28.7846 -7.71281 0
    endloop
  endfacet
  facet normal -0.706911 0.0231404 -0.706924
    outer loop
      vertex -29.8 0 0
      vertex -30.5345 2.00134 0.799999
      vertex -29.7362 1.94901 0
    endloop
  endfacet
  facet normal -0.0231404 -0.706911 -0.706924
    outer loop
      vertex 0 -29.8 0
      vertex -2.00134 -30.5345 0.799999
      vertex -1.94901 -29.7362 0
    endloop
  endfacet
  facet normal 0.0693401 -0.703913 -0.706893
    outer loop
      vertex 3.9941 -30.3382 0.799999
      vertex 2.00134 -30.5345 0.799999
      vertex 3.88968 -29.5451 0
    endloop
  endfacet
  facet normal 0.115225 0.697872 -0.706893
    outer loop
      vertex 5.96976 30.012 0.799999
      vertex 3.88968 29.5451 0
      vertex 3.9941 30.3382 0.799999
    endloop
  endfacet
  facet normal -0.881931 -0.471379 0
    outer loop
      vertex -26.5004 -15.3 0.799999
      vertex -27.4443 -13.534 14
      vertex -27.4443 -13.534 0.799999
    endloop
  endfacet
  facet normal -0.881931 -0.471379 0
    outer loop
      vertex -27.4443 -13.534 14
      vertex -26.5004 -15.3 0.799999
      vertex -26.5004 -15.3 14
    endloop
  endfacet
  facet normal -0.448703 -0.546743 -0.706921
    outer loop
      vertex -18.6281 -24.2766 0.799999
      vertex -19.6485 -22.4048 0
      vertex -18.1411 -23.6419 0
    endloop
  endfacet
  facet normal -0.41199 -0.574914 -0.706922
    outer loop
      vertex -16.556 -24.7778 0
      vertex -18.6281 -24.2766 0.799999
      vertex -18.1411 -23.6419 0
    endloop
  endfacet
  facet normal -0.574914 0.41199 -0.706922
    outer loop
      vertex -23.6419 18.1411 0
      vertex -24.7778 16.556 0
      vertex -24.2766 18.6281 0.799999
    endloop
  endfacet
  facet normal -0.812845 0.58248 0
    outer loop
      vertex -25.443 17.0004 0.799999
      vertex -24.2766 18.6281 14
      vertex -24.2766 18.6281 0.799999
    endloop
  endfacet
  facet normal -0.812845 0.58248 0
    outer loop
      vertex -24.2766 18.6281 14
      vertex -25.443 17.0004 0.799999
      vertex -25.443 17.0004 14
    endloop
  endfacet
  facet normal -0.703885 0.0693124 -0.706924
    outer loop
      vertex -29.7362 1.94901 0
      vertex -30.5345 2.00134 0.799999
      vertex -29.5451 3.88968 0
    endloop
  endfacet
  facet normal 0.644252 -0.291912 -0.706913
    outer loop
      vertex 27.4443 -13.534 0.799999
      vertex 26.7268 -13.1802 0
      vertex 27.5316 -11.404 0
    endloop
  endfacet
  facet normal -0.516226 -0.483482 -0.706934
    outer loop
      vertex -21.6375 -21.6375 0.799999
      vertex -23.0063 -20.176 0.799999
      vertex -22.4048 -19.6485 0
    endloop
  endfacet
  facet normal 0.546743 0.448703 -0.706921
    outer loop
      vertex 23.6419 18.1411 0
      vertex 22.4048 19.6485 0
      vertex 24.2766 18.6281 0.799999
    endloop
  endfacet
  facet normal 0.249131 0.661943 -0.706941
    outer loop
      vertex 11.404 27.5316 0
      vertex 9.5789 28.2185 0
      vertex 9.83605 28.9761 0.799999
    endloop
  endfacet
  facet normal 0.935896 -0.352275 0
    outer loop
      vertex 28.2707 -11.7101 14
      vertex 28.9761 -9.83605 0.799999
      vertex 28.9761 -9.83605 14
    endloop
  endfacet
  facet normal 0.935896 -0.352275 0
    outer loop
      vertex 28.9761 -9.83605 0.799999
      vertex 28.2707 -11.7101 14
      vertex 28.2707 -11.7101 0.799999
    endloop
  endfacet
  facet normal -0.333406 0.623794 -0.70691
    outer loop
      vertex -14.9 25.8076 0
      vertex -15.3 26.5004 0.799999
      vertex -13.1802 26.7268 0
    endloop
  endfacet
  facet normal 0.676854 0.205332 -0.7069
    outer loop
      vertex 28.7846 7.71281 0
      vertex 28.2185 9.5789 0
      vertex 29.5573 7.91986 0.799999
    endloop
  endfacet
  facet normal -0.373513 -0.600638 -0.70691
    outer loop
      vertex -15.3 -26.5004 0.799999
      vertex -16.556 -24.7778 0
      vertex -14.9 -25.8076 0
    endloop
  endfacet
  facet normal 0.483482 -0.516226 -0.706934
    outer loop
      vertex 20.176 -23.0063 0.799999
      vertex 19.6485 -22.4048 0
      vertex 21.6375 -21.6375 0.799999
    endloop
  endfacet
  facet normal 0.95695 -0.290253 0
    outer loop
      vertex 28.9761 -9.83605 14
      vertex 29.5573 -7.91986 0.799999
      vertex 29.5573 -7.91986 14
    endloop
  endfacet
  facet normal 0.95695 -0.290253 0
    outer loop
      vertex 29.5573 -7.91986 0.799999
      vertex 28.9761 -9.83605 14
      vertex 28.9761 -9.83605 0.799999
    endloop
  endfacet
  facet normal -0.697872 -0.115225 -0.706893
    outer loop
      vertex -30.012 -5.96976 0.799999
      vertex -30.3382 -3.9941 0.799999
      vertex -29.5451 -3.88968 0
    endloop
  endfacet
  facet normal -0.249131 -0.661943 -0.706941
    outer loop
      vertex -9.83605 -28.9761 0.799999
      vertex -11.404 -27.5316 0
      vertex -9.5789 -28.2185 0
    endloop
  endfacet
  facet normal 0.16061 -0.688838 -0.7069
    outer loop
      vertex 7.91986 -29.5573 0.799999
      vertex 5.81369 -29.2274 0
      vertex 7.71281 -28.7846 0
    endloop
  endfacet
  facet normal 0.706911 0.0231404 -0.706924
    outer loop
      vertex 29.8 0 0
      vertex 29.7362 1.94901 0
      vertex 30.5345 2.00134 0.799999
    endloop
  endfacet
  facet normal -0.483482 -0.516226 -0.706934
    outer loop
      vertex -20.176 -23.0063 0.799999
      vertex -21.6375 -21.6375 0.799999
      vertex -19.6485 -22.4048 0
    endloop
  endfacet
  facet normal -0.0693124 -0.703885 -0.706924
    outer loop
      vertex -2.00134 -30.5345 0.799999
      vertex -3.88968 -29.5451 0
      vertex -1.94901 -29.7362 0
    endloop
  endfacet
  facet normal 0.574914 0.41199 -0.706922
    outer loop
      vertex 24.7778 16.556 0
      vertex 23.6419 18.1411 0
      vertex 24.2766 18.6281 0.799999
    endloop
  endfacet
  facet normal -0.600638 0.373513 -0.70691
    outer loop
      vertex -25.8076 14.9 0
      vertex -26.5004 15.3 0.799999
      vertex -24.7778 16.556 0
    endloop
  endfacet
  facet normal 0.661963 -0.249166 -0.706909
    outer loop
      vertex 28.2707 -11.7101 0.799999
      vertex 27.5316 -11.404 0
      vertex 28.9761 -9.83605 0.799999
    endloop
  endfacet
  facet normal 0.291911 0.644259 -0.706908
    outer loop
      vertex 13.534 27.4443 0.799999
      vertex 11.404 27.5316 0
      vertex 11.7101 28.2707 0.799999
    endloop
  endfacet
  facet normal -0.448687 -0.54674 -0.706934
    outer loop
      vertex -18.6281 -24.2766 0.799999
      vertex -20.176 -23.0063 0.799999
      vertex -19.6485 -22.4048 0
    endloop
  endfacet
  facet normal -0.516235 -0.483483 -0.706927
    outer loop
      vertex -21.6375 -21.6375 0.799999
      vertex -22.4048 -19.6485 0
      vertex -21.0718 -21.0718 0
    endloop
  endfacet
  facet normal -0.935896 -0.352275 0
    outer loop
      vertex -28.2707 -11.7101 0.799999
      vertex -28.9761 -9.83605 14
      vertex -28.9761 -9.83605 0.799999
    endloop
  endfacet
  facet normal -0.935896 -0.352275 0
    outer loop
      vertex -28.9761 -9.83605 14
      vertex -28.2707 -11.7101 0.799999
      vertex -28.2707 -11.7101 14
    endloop
  endfacet
  facet normal -0.910864 -0.412708 0
    outer loop
      vertex -27.4443 -13.534 0.799999
      vertex -28.2707 -11.7101 14
      vertex -28.2707 -11.7101 0.799999
    endloop
  endfacet
  facet normal -0.910864 -0.412708 0
    outer loop
      vertex -28.2707 -11.7101 14
      vertex -27.4443 -13.534 0.799999
      vertex -27.4443 -13.534 14
    endloop
  endfacet
  facet normal -0.160613 -0.688831 -0.706905
    outer loop
      vertex -5.96976 -30.012 0.799999
      vertex -7.91986 -29.5573 0.799999
      vertex -5.81369 -29.2274 0
    endloop
  endfacet
  facet normal -0.115233 -0.697858 -0.706906
    outer loop
      vertex -3.88968 -29.5451 0
      vertex -5.96976 -30.012 0.799999
      vertex -5.81369 -29.2274 0
    endloop
  endfacet
  facet normal 0.333406 -0.623794 -0.70691
    outer loop
      vertex 15.3 -26.5004 0.799999
      vertex 13.1802 -26.7268 0
      vertex 14.9 -25.8076 0
    endloop
  endfacet
  facet normal -0.516226 0.483482 -0.706934
    outer loop
      vertex -22.4048 19.6485 0
      vertex -23.0063 20.176 0.799999
      vertex -21.6375 21.6375 0.799999
    endloop
  endfacet
  facet normal -0.115233 0.697858 -0.706906
    outer loop
      vertex -5.81369 29.2274 0
      vertex -5.96976 30.012 0.799999
      vertex -3.88968 29.5451 0
    endloop
  endfacet
  facet normal 0.023136 0.706917 -0.706918
    outer loop
      vertex 2.00134 30.5345 0.799999
      vertex 0 29.8 0
      vertex 0 30.6 0.799999
    endloop
  endfacet
  facet normal 0.205332 -0.676854 -0.7069
    outer loop
      vertex 7.91986 -29.5573 0.799999
      vertex 7.71281 -28.7846 0
      vertex 9.5789 -28.2185 0
    endloop
  endfacet
  facet normal 0.205288 -0.676825 -0.706941
    outer loop
      vertex 9.83605 -28.9761 0.799999
      vertex 7.91986 -29.5573 0.799999
      vertex 9.5789 -28.2185 0
    endloop
  endfacet
  facet normal 0.411989 -0.574927 -0.706912
    outer loop
      vertex 17.0004 -25.443 0.799999
      vertex 16.556 -24.7778 0
      vertex 18.6281 -24.2766 0.799999
    endloop
  endfacet
  facet normal 0.697858 0.115233 -0.706906
    outer loop
      vertex 29.5451 3.88968 0
      vertex 29.2274 5.81369 0
      vertex 30.012 5.96976 0.799999
    endloop
  endfacet
  facet normal -0.703885 -0.0693124 -0.706924
    outer loop
      vertex -29.5451 -3.88968 0
      vertex -30.5345 -2.00134 0.799999
      vertex -29.7362 -1.94901 0
    endloop
  endfacet
  facet normal -0.661963 -0.249166 -0.706909
    outer loop
      vertex -28.2707 -11.7101 0.799999
      vertex -28.9761 -9.83605 0.799999
      vertex -27.5316 -11.404 0
    endloop
  endfacet
  facet normal -0.676854 0.205332 -0.7069
    outer loop
      vertex -28.7846 7.71281 0
      vertex -29.5573 7.91986 0.799999
      vertex -28.2185 9.5789 0
    endloop
  endfacet
  facet normal -0.0693401 -0.703913 -0.706893
    outer loop
      vertex -2.00134 -30.5345 0.799999
      vertex -3.9941 -30.3382 0.799999
      vertex -3.88968 -29.5451 0
    endloop
  endfacet
  facet normal -0.0980321 -0.995183 0
    outer loop
      vertex -3.9941 -30.3382 0.799999
      vertex -2.00134 -30.5345 14
      vertex -3.9941 -30.3382 14
    endloop
  endfacet
  facet normal -0.0980321 -0.995183 -0
    outer loop
      vertex -2.00134 -30.5345 14
      vertex -3.9941 -30.3382 0.799999
      vertex -2.00134 -30.5345 0.799999
    endloop
  endfacet
  facet normal -0.249131 0.661943 -0.706941
    outer loop
      vertex -9.5789 28.2185 0
      vertex -11.404 27.5316 0
      vertex -9.83605 28.9761 0.799999
    endloop
  endfacet
  facet normal 0.986642 0.162904 0
    outer loop
      vertex 30.3382 3.9941 14
      vertex 30.012 5.96976 0.799999
      vertex 30.012 5.96976 14
    endloop
  endfacet
  facet normal 0.986642 0.162904 0
    outer loop
      vertex 30.012 5.96976 0.799999
      vertex 30.3382 3.9941 14
      vertex 30.3382 3.9941 0.799999
    endloop
  endfacet
  facet normal -0.333407 -0.623791 -0.706912
    outer loop
      vertex -13.534 -27.4443 0.799999
      vertex -15.3 -26.5004 0.799999
      vertex -13.1802 -26.7268 0
    endloop
  endfacet
  facet normal 0.54674 -0.448687 -0.706934
    outer loop
      vertex 23.0063 -20.176 0.799999
      vertex 22.4048 -19.6485 0
      vertex 24.2766 -18.6281 0.799999
    endloop
  endfacet
  facet normal 0.333407 -0.623791 -0.706912
    outer loop
      vertex 13.534 -27.4443 0.799999
      vertex 13.1802 -26.7268 0
      vertex 15.3 -26.5004 0.799999
    endloop
  endfacet
  facet normal 0.41199 -0.574914 -0.706922
    outer loop
      vertex 18.6281 -24.2766 0.799999
      vertex 16.556 -24.7778 0
      vertex 18.1411 -23.6419 0
    endloop
  endfacet
  facet normal 0.0327106 0.999465 -0
    outer loop
      vertex 2.00134 30.5345 0.799999
      vertex 0 30.6 14
      vertex 2.00134 30.5345 14
    endloop
  endfacet
  facet normal 0.0327106 0.999465 0
    outer loop
      vertex 0 30.6 14
      vertex 2.00134 30.5345 0.799999
      vertex 0 30.6 0.799999
    endloop
  endfacet
  facet normal -0.291912 -0.644252 -0.706913
    outer loop
      vertex -11.404 -27.5316 0
      vertex -13.534 -27.4443 0.799999
      vertex -13.1802 -26.7268 0
    endloop
  endfacet
  facet normal -0.205288 0.676825 -0.706941
    outer loop
      vertex -9.5789 28.2185 0
      vertex -9.83605 28.9761 0.799999
      vertex -7.91986 29.5573 0.799999
    endloop
  endfacet
  facet normal -0.0980321 0.995183 0
    outer loop
      vertex -2.00134 30.5345 0.799999
      vertex -3.9941 30.3382 14
      vertex -2.00134 30.5345 14
    endloop
  endfacet
  facet normal -0.0980321 0.995183 0
    outer loop
      vertex -3.9941 30.3382 14
      vertex -2.00134 30.5345 0.799999
      vertex -3.9941 30.3382 0.799999
    endloop
  endfacet
  facet normal -0.623794 0.333406 -0.70691
    outer loop
      vertex -25.8076 14.9 0
      vertex -26.7268 13.1802 0
      vertex -26.5004 15.3 0.799999
    endloop
  endfacet
  facet normal 0.115233 -0.697858 -0.706906
    outer loop
      vertex 5.96976 -30.012 0.799999
      vertex 3.88968 -29.5451 0
      vertex 5.81369 -29.2274 0
    endloop
  endfacet
  facet normal -0.0231404 0.706911 -0.706924
    outer loop
      vertex -1.94901 29.7362 0
      vertex -2.00134 30.5345 0.799999
      vertex 0 29.8 0
    endloop
  endfacet
  facet normal -0.205332 0.676854 -0.7069
    outer loop
      vertex -7.71281 28.7846 0
      vertex -9.5789 28.2185 0
      vertex -7.91986 29.5573 0.799999
    endloop
  endfacet
  facet normal -0.661943 -0.249131 -0.706941
    outer loop
      vertex -27.5316 -11.404 0
      vertex -28.9761 -9.83605 0.799999
      vertex -28.2185 -9.5789 0
    endloop
  endfacet
  facet normal -0.333406 -0.623794 -0.70691
    outer loop
      vertex -13.1802 -26.7268 0
      vertex -15.3 -26.5004 0.799999
      vertex -14.9 -25.8076 0
    endloop
  endfacet
  facet normal -0.600637 0.373508 -0.706914
    outer loop
      vertex -24.7778 16.556 0
      vertex -26.5004 15.3 0.799999
      vertex -25.443 17.0004 0.799999
    endloop
  endfacet
  facet normal -0.849197 0.528076 0
    outer loop
      vertex -26.5004 15.3 0.799999
      vertex -25.443 17.0004 14
      vertex -25.443 17.0004 0.799999
    endloop
  endfacet
  facet normal -0.849197 0.528076 0
    outer loop
      vertex -25.443 17.0004 14
      vertex -26.5004 15.3 0.799999
      vertex -26.5004 15.3 14
    endloop
  endfacet
  facet normal -0.483482 0.516226 -0.706934
    outer loop
      vertex -19.6485 22.4048 0
      vertex -21.6375 21.6375 0.799999
      vertex -20.176 23.0063 0.799999
    endloop
  endfacet
  facet normal -0.683581 0.729875 0
    outer loop
      vertex -20.176 23.0063 0.799999
      vertex -21.6375 21.6375 14
      vertex -20.176 23.0063 14
    endloop
  endfacet
  facet normal -0.683581 0.729875 0
    outer loop
      vertex -21.6375 21.6375 14
      vertex -20.176 23.0063 0.799999
      vertex -21.6375 21.6375 0.799999
    endloop
  endfacet
  facet normal -0.58248 -0.812845 0
    outer loop
      vertex -18.6281 -24.2766 0.799999
      vertex -17.0004 -25.443 14
      vertex -18.6281 -24.2766 14
    endloop
  endfacet
  facet normal -0.58248 -0.812845 -0
    outer loop
      vertex -17.0004 -25.443 14
      vertex -18.6281 -24.2766 0.799999
      vertex -17.0004 -25.443 0.799999
    endloop
  endfacet
  facet normal -0.729875 -0.683581 0
    outer loop
      vertex -21.6375 -21.6375 0.799999
      vertex -23.0063 -20.176 14
      vertex -23.0063 -20.176 0.799999
    endloop
  endfacet
  facet normal -0.729875 -0.683581 0
    outer loop
      vertex -23.0063 -20.176 14
      vertex -21.6375 -21.6375 0.799999
      vertex -21.6375 -21.6375 14
    endloop
  endfacet
  facet normal -0.935896 0.352275 0
    outer loop
      vertex -28.9761 9.83605 0.799999
      vertex -28.2707 11.7101 14
      vertex -28.2707 11.7101 0.799999
    endloop
  endfacet
  facet normal -0.935896 0.352275 0
    outer loop
      vertex -28.2707 11.7101 14
      vertex -28.9761 9.83605 0.799999
      vertex -28.9761 9.83605 14
    endloop
  endfacet
  facet normal -0.0693124 0.703885 -0.706924
    outer loop
      vertex -1.94901 29.7362 0
      vertex -3.88968 29.5451 0
      vertex -2.00134 30.5345 0.799999
    endloop
  endfacet
  facet normal -0.95695 0.290253 0
    outer loop
      vertex -29.5573 7.91986 0.799999
      vertex -28.9761 9.83605 14
      vertex -28.9761 9.83605 0.799999
    endloop
  endfacet
  facet normal -0.95695 0.290253 0
    outer loop
      vertex -28.9761 9.83605 14
      vertex -29.5573 7.91986 0.799999
      vertex -29.5573 7.91986 14
    endloop
  endfacet
  facet normal -0.54674 -0.448687 -0.706934
    outer loop
      vertex -23.0063 -20.176 0.799999
      vertex -24.2766 -18.6281 0.799999
      vertex -22.4048 -19.6485 0
    endloop
  endfacet
  facet normal -0.849197 -0.528076 0
    outer loop
      vertex -25.443 -17.0004 0.799999
      vertex -26.5004 -15.3 14
      vertex -26.5004 -15.3 0.799999
    endloop
  endfacet
  facet normal -0.849197 -0.528076 0
    outer loop
      vertex -26.5004 -15.3 14
      vertex -25.443 -17.0004 0.799999
      vertex -25.443 -17.0004 14
    endloop
  endfacet
  facet normal 0.0693124 0.703885 -0.706924
    outer loop
      vertex 3.88968 29.5451 0
      vertex 1.94901 29.7362 0
      vertex 2.00134 30.5345 0.799999
    endloop
  endfacet
  facet normal -0.291911 0.644259 -0.706908
    outer loop
      vertex -11.404 27.5316 0
      vertex -13.534 27.4443 0.799999
      vertex -11.7101 28.2707 0.799999
    endloop
  endfacet
  facet normal 0.516235 -0.483483 -0.706927
    outer loop
      vertex 21.6375 -21.6375 0.799999
      vertex 21.0718 -21.0718 0
      vertex 22.4048 -19.6485 0
    endloop
  endfacet
  facet normal 0.290253 -0.95695 0
    outer loop
      vertex 7.91986 -29.5573 0.799999
      vertex 9.83605 -28.9761 14
      vertex 7.91986 -29.5573 14
    endloop
  endfacet
  facet normal 0.290253 -0.95695 0
    outer loop
      vertex 9.83605 -28.9761 14
      vertex 7.91986 -29.5573 0.799999
      vertex 9.83605 -28.9761 0.799999
    endloop
  endfacet
  facet normal 0.205332 0.676854 -0.7069
    outer loop
      vertex 9.5789 28.2185 0
      vertex 7.71281 28.7846 0
      vertex 7.91986 29.5573 0.799999
    endloop
  endfacet
  facet normal -0.703913 0.0693401 -0.706893
    outer loop
      vertex -29.5451 3.88968 0
      vertex -30.5345 2.00134 0.799999
      vertex -30.3382 3.9941 0.799999
    endloop
  endfacet
  facet normal 0.162904 -0.986642 0
    outer loop
      vertex 3.9941 -30.3382 0.799999
      vertex 5.96976 -30.012 14
      vertex 3.9941 -30.3382 14
    endloop
  endfacet
  facet normal 0.162904 -0.986642 0
    outer loop
      vertex 5.96976 -30.012 14
      vertex 3.9941 -30.3382 0.799999
      vertex 5.96976 -30.012 0.799999
    endloop
  endfacet
  facet normal 0.412708 -0.910864 0
    outer loop
      vertex 11.7101 -28.2707 0.799999
      vertex 13.534 -27.4443 14
      vertex 11.7101 -28.2707 14
    endloop
  endfacet
  facet normal 0.412708 -0.910864 0
    outer loop
      vertex 13.534 -27.4443 14
      vertex 11.7101 -28.2707 0.799999
      vertex 13.534 -27.4443 0.799999
    endloop
  endfacet
  facet normal -0.644259 0.291911 -0.706908
    outer loop
      vertex -27.5316 11.404 0
      vertex -28.2707 11.7101 0.799999
      vertex -27.4443 13.534 0.799999
    endloop
  endfacet
  facet normal -0.644252 0.291912 -0.706913
    outer loop
      vertex -26.7268 13.1802 0
      vertex -27.5316 11.404 0
      vertex -27.4443 13.534 0.799999
    endloop
  endfacet
  facet normal 0.703913 0.0693401 -0.706893
    outer loop
      vertex 30.5345 2.00134 0.799999
      vertex 29.5451 3.88968 0
      vertex 30.3382 3.9941 0.799999
    endloop
  endfacet
  facet normal -0.41199 0.574914 -0.706922
    outer loop
      vertex -18.1411 23.6419 0
      vertex -18.6281 24.2766 0.799999
      vertex -16.556 24.7778 0
    endloop
  endfacet
  facet normal -0.546743 -0.448703 -0.706921
    outer loop
      vertex -22.4048 -19.6485 0
      vertex -24.2766 -18.6281 0.799999
      vertex -23.6419 -18.1411 0
    endloop
  endfacet
  facet normal 0.910864 -0.412708 0
    outer loop
      vertex 27.4443 -13.534 14
      vertex 28.2707 -11.7101 0.799999
      vertex 28.2707 -11.7101 14
    endloop
  endfacet
  facet normal 0.910864 -0.412708 0
    outer loop
      vertex 28.2707 -11.7101 0.799999
      vertex 27.4443 -13.534 14
      vertex 27.4443 -13.534 0.799999
    endloop
  endfacet
  facet normal 0.644259 -0.291911 -0.706908
    outer loop
      vertex 28.2707 -11.7101 0.799999
      vertex 27.4443 -13.534 0.799999
      vertex 27.5316 -11.404 0
    endloop
  endfacet
  facet normal -0.205332 -0.676854 -0.7069
    outer loop
      vertex -7.91986 -29.5573 0.799999
      vertex -9.5789 -28.2185 0
      vertex -7.71281 -28.7846 0
    endloop
  endfacet
  facet normal 0.16061 0.688838 -0.7069
    outer loop
      vertex 7.71281 28.7846 0
      vertex 5.81369 29.2274 0
      vertex 7.91986 29.5573 0.799999
    endloop
  endfacet
  facet normal 0.703885 -0.0693124 -0.706924
    outer loop
      vertex 30.5345 -2.00134 0.799999
      vertex 29.5451 -3.88968 0
      vertex 29.7362 -1.94901 0
    endloop
  endfacet
  facet normal 0.706911 -0.0231404 -0.706924
    outer loop
      vertex 30.5345 -2.00134 0.799999
      vertex 29.7362 -1.94901 0
      vertex 29.8 0 0
    endloop
  endfacet
  facet normal 0.227076 -0.973877 0
    outer loop
      vertex 5.96976 -30.012 0.799999
      vertex 7.91986 -29.5573 14
      vertex 5.96976 -30.012 14
    endloop
  endfacet
  facet normal 0.227076 -0.973877 0
    outer loop
      vertex 7.91986 -29.5573 14
      vertex 5.96976 -30.012 0.799999
      vertex 7.91986 -29.5573 0.799999
    endloop
  endfacet
  facet normal -0.291912 0.644252 -0.706913
    outer loop
      vertex -13.1802 26.7268 0
      vertex -13.534 27.4443 0.799999
      vertex -11.404 27.5316 0
    endloop
  endfacet
  facet normal -0.249166 0.661963 -0.706909
    outer loop
      vertex -11.404 27.5316 0
      vertex -11.7101 28.2707 0.799999
      vertex -9.83605 28.9761 0.799999
    endloop
  endfacet
  facet normal -0.290253 -0.95695 0
    outer loop
      vertex -9.83605 -28.9761 0.799999
      vertex -7.91986 -29.5573 14
      vertex -9.83605 -28.9761 14
    endloop
  endfacet
  facet normal -0.290253 -0.95695 -0
    outer loop
      vertex -7.91986 -29.5573 14
      vertex -9.83605 -28.9761 0.799999
      vertex -7.91986 -29.5573 0.799999
    endloop
  endfacet
  facet normal -0.205288 -0.676825 -0.706941
    outer loop
      vertex -7.91986 -29.5573 0.799999
      vertex -9.83605 -28.9761 0.799999
      vertex -9.5789 -28.2185 0
    endloop
  endfacet
  facet normal 0.352275 -0.935896 0
    outer loop
      vertex 9.83605 -28.9761 0.799999
      vertex 11.7101 -28.2707 14
      vertex 9.83605 -28.9761 14
    endloop
  endfacet
  facet normal 0.352275 -0.935896 0
    outer loop
      vertex 11.7101 -28.2707 14
      vertex 9.83605 -28.9761 0.799999
      vertex 11.7101 -28.2707 0.799999
    endloop
  endfacet
  facet normal 0.812845 -0.58248 0
    outer loop
      vertex 24.2766 -18.6281 14
      vertex 25.443 -17.0004 0.799999
      vertex 25.443 -17.0004 14
    endloop
  endfacet
  facet normal 0.812845 -0.58248 0
    outer loop
      vertex 25.443 -17.0004 0.799999
      vertex 24.2766 -18.6281 14
      vertex 24.2766 -18.6281 0.799999
    endloop
  endfacet
  facet normal -0.471379 -0.881931 0
    outer loop
      vertex -15.3 -26.5004 0.799999
      vertex -13.534 -27.4443 14
      vertex -15.3 -26.5004 14
    endloop
  endfacet
  facet normal -0.471379 -0.881931 -0
    outer loop
      vertex -13.534 -27.4443 14
      vertex -15.3 -26.5004 0.799999
      vertex -13.534 -27.4443 0.799999
    endloop
  endfacet
  facet normal -0.697858 -0.115233 -0.706906
    outer loop
      vertex -29.2274 -5.81369 0
      vertex -30.012 -5.96976 0.799999
      vertex -29.5451 -3.88968 0
    endloop
  endfacet
  facet normal 0.574927 -0.411989 -0.706912
    outer loop
      vertex 25.443 -17.0004 0.799999
      vertex 24.2766 -18.6281 0.799999
      vertex 24.7778 -16.556 0
    endloop
  endfacet
  facet normal 0.448703 -0.546743 -0.706921
    outer loop
      vertex 18.6281 -24.2766 0.799999
      vertex 18.1411 -23.6419 0
      vertex 19.6485 -22.4048 0
    endloop
  endfacet
  facet normal -0.291911 -0.644259 -0.706908
    outer loop
      vertex -11.7101 -28.2707 0.799999
      vertex -13.534 -27.4443 0.799999
      vertex -11.404 -27.5316 0
    endloop
  endfacet
  facet normal -0.16061 0.688838 -0.7069
    outer loop
      vertex -7.71281 28.7846 0
      vertex -7.91986 29.5573 0.799999
      vertex -5.81369 29.2274 0
    endloop
  endfacet
  facet normal -0.448703 0.546743 -0.706921
    outer loop
      vertex -18.1411 23.6419 0
      vertex -19.6485 22.4048 0
      vertex -18.6281 24.2766 0.799999
    endloop
  endfacet
  facet normal -0.574914 -0.41199 -0.706922
    outer loop
      vertex -24.2766 -18.6281 0.799999
      vertex -24.7778 -16.556 0
      vertex -23.6419 -18.1411 0
    endloop
  endfacet
  facet normal -0.54674 0.448687 -0.706934
    outer loop
      vertex -22.4048 19.6485 0
      vertex -24.2766 18.6281 0.799999
      vertex -23.0063 20.176 0.799999
    endloop
  endfacet
  facet normal -0.546743 0.448703 -0.706921
    outer loop
      vertex -23.6419 18.1411 0
      vertex -24.2766 18.6281 0.799999
      vertex -22.4048 19.6485 0
    endloop
  endfacet
  facet normal -0.16061 -0.688838 -0.7069
    outer loop
      vertex -5.81369 -29.2274 0
      vertex -7.91986 -29.5573 0.799999
      vertex -7.71281 -28.7846 0
    endloop
  endfacet
  facet normal -0.600638 -0.373513 -0.70691
    outer loop
      vertex -24.7778 -16.556 0
      vertex -26.5004 -15.3 0.799999
      vertex -25.8076 -14.9 0
    endloop
  endfacet
  facet normal -0.411989 0.574927 -0.706912
    outer loop
      vertex -16.556 24.7778 0
      vertex -18.6281 24.2766 0.799999
      vertex -17.0004 25.443 0.799999
    endloop
  endfacet
  facet normal -0.58248 0.812845 0
    outer loop
      vertex -17.0004 25.443 0.799999
      vertex -18.6281 24.2766 14
      vertex -17.0004 25.443 14
    endloop
  endfacet
  facet normal -0.58248 0.812845 0
    outer loop
      vertex -18.6281 24.2766 14
      vertex -17.0004 25.443 0.799999
      vertex -18.6281 24.2766 0.799999
    endloop
  endfacet
  facet normal 0.546743 -0.448703 -0.706921
    outer loop
      vertex 24.2766 -18.6281 0.799999
      vertex 22.4048 -19.6485 0
      vertex 23.6419 -18.1411 0
    endloop
  endfacet
  facet normal -0.634385 -0.773017 0
    outer loop
      vertex -20.176 -23.0063 0.799999
      vertex -18.6281 -24.2766 14
      vertex -20.176 -23.0063 14
    endloop
  endfacet
  facet normal -0.634385 -0.773017 -0
    outer loop
      vertex -18.6281 -24.2766 14
      vertex -20.176 -23.0063 0.799999
      vertex -18.6281 -24.2766 0.799999
    endloop
  endfacet
  facet normal -0.411989 -0.574927 -0.706912
    outer loop
      vertex -17.0004 -25.443 0.799999
      vertex -18.6281 -24.2766 0.799999
      vertex -16.556 -24.7778 0
    endloop
  endfacet
  facet normal -0.528076 -0.849197 0
    outer loop
      vertex -17.0004 -25.443 0.799999
      vertex -15.3 -26.5004 14
      vertex -17.0004 -25.443 14
    endloop
  endfacet
  facet normal -0.528076 -0.849197 -0
    outer loop
      vertex -15.3 -26.5004 14
      vertex -17.0004 -25.443 0.799999
      vertex -15.3 -26.5004 0.799999
    endloop
  endfacet
  facet normal 0.574914 -0.41199 -0.706922
    outer loop
      vertex 24.2766 -18.6281 0.799999
      vertex 23.6419 -18.1411 0
      vertex 24.7778 -16.556 0
    endloop
  endfacet
  facet normal 0 0 -1
    outer loop
      vertex 29.7362 -1.94901 0
      vertex 29.7362 1.94901 0
      vertex 29.8 0 0
    endloop
  endfacet
  facet normal 0 0 -1
    outer loop
      vertex 29.5451 -3.88968 0
      vertex 29.7362 1.94901 0
      vertex 29.7362 -1.94901 0
    endloop
  endfacet
  facet normal 0 0 -1
    outer loop
      vertex 29.5451 -3.88968 0
      vertex 29.5451 3.88968 0
      vertex 29.7362 1.94901 0
    endloop
  endfacet
  facet normal 0 0 -1
    outer loop
      vertex 29.2274 -5.81369 0
      vertex 29.5451 3.88968 0
      vertex 29.5451 -3.88968 0
    endloop
  endfacet
  facet normal 0 0 -1
    outer loop
      vertex 29.2274 -5.81369 0
      vertex 29.2274 5.81369 0
      vertex 29.5451 3.88968 0
    endloop
  endfacet
  facet normal 0 0 -1
    outer loop
      vertex 28.7846 -7.71281 0
      vertex 29.2274 5.81369 0
      vertex 29.2274 -5.81369 0
    endloop
  endfacet
  facet normal 0 0 -1
    outer loop
      vertex 28.7846 -7.71281 0
      vertex 28.7846 7.71281 0
      vertex 29.2274 5.81369 0
    endloop
  endfacet
  facet normal 0 0 -1
    outer loop
      vertex 28.2185 -9.5789 0
      vertex 28.7846 7.71281 0
      vertex 28.7846 -7.71281 0
    endloop
  endfacet
  facet normal 0 0 -1
    outer loop
      vertex 28.2185 -9.5789 0
      vertex 28.2185 9.5789 0
      vertex 28.7846 7.71281 0
    endloop
  endfacet
  facet normal 0 0 -1
    outer loop
      vertex 27.5316 -11.404 0
      vertex 28.2185 9.5789 0
      vertex 28.2185 -9.5789 0
    endloop
  endfacet
  facet normal 0 0 -1
    outer loop
      vertex 27.5316 -11.404 0
      vertex 27.5316 11.404 0
      vertex 28.2185 9.5789 0
    endloop
  endfacet
  facet normal 0 0 -1
    outer loop
      vertex 26.7268 -13.1802 0
      vertex 27.5316 11.404 0
      vertex 27.5316 -11.404 0
    endloop
  endfacet
  facet normal 0 0 -1
    outer loop
      vertex 26.7268 -13.1802 0
      vertex 26.7268 13.1802 0
      vertex 27.5316 11.404 0
    endloop
  endfacet
  facet normal 0 0 -1
    outer loop
      vertex 25.8076 -14.9 0
      vertex 26.7268 13.1802 0
      vertex 26.7268 -13.1802 0
    endloop
  endfacet
  facet normal 0 0 -1
    outer loop
      vertex 25.8076 -14.9 0
      vertex 25.8076 14.9 0
      vertex 26.7268 13.1802 0
    endloop
  endfacet
  facet normal 0 0 -1
    outer loop
      vertex 24.7778 -16.556 0
      vertex 25.8076 14.9 0
      vertex 25.8076 -14.9 0
    endloop
  endfacet
  facet normal 0 0 -1
    outer loop
      vertex 24.7778 -16.556 0
      vertex 24.7778 16.556 0
      vertex 25.8076 14.9 0
    endloop
  endfacet
  facet normal 0 0 -1
    outer loop
      vertex 23.6419 -18.1411 0
      vertex 24.7778 16.556 0
      vertex 24.7778 -16.556 0
    endloop
  endfacet
  facet normal 0 0 -1
    outer loop
      vertex 23.6419 -18.1411 0
      vertex 23.6419 18.1411 0
      vertex 24.7778 16.556 0
    endloop
  endfacet
  facet normal 0 0 -1
    outer loop
      vertex 22.4048 -19.6485 0
      vertex 23.6419 18.1411 0
      vertex 23.6419 -18.1411 0
    endloop
  endfacet
  facet normal 0 0 -1
    outer loop
      vertex 22.4048 -19.6485 0
      vertex 22.4048 19.6485 0
      vertex 23.6419 18.1411 0
    endloop
  endfacet
  facet normal 0 0 -1
    outer loop
      vertex 21.0718 -21.0718 0
      vertex 22.4048 19.6485 0
      vertex 22.4048 -19.6485 0
    endloop
  endfacet
  facet normal 0 0 -1
    outer loop
      vertex 21.0718 -21.0718 0
      vertex 21.0718 21.0718 0
      vertex 22.4048 19.6485 0
    endloop
  endfacet
  facet normal 0 0 -1
    outer loop
      vertex 19.6485 -22.4048 0
      vertex 21.0718 21.0718 0
      vertex 21.0718 -21.0718 0
    endloop
  endfacet
  facet normal 0 0 -1
    outer loop
      vertex 19.6485 -22.4048 0
      vertex 19.6485 22.4048 0
      vertex 21.0718 21.0718 0
    endloop
  endfacet
  facet normal 0 0 -1
    outer loop
      vertex 18.1411 -23.6419 0
      vertex 19.6485 22.4048 0
      vertex 19.6485 -22.4048 0
    endloop
  endfacet
  facet normal 0 0 -1
    outer loop
      vertex 18.1411 -23.6419 0
      vertex 18.1411 23.6419 0
      vertex 19.6485 22.4048 0
    endloop
  endfacet
  facet normal 0 0 -1
    outer loop
      vertex 16.556 -24.7778 0
      vertex 18.1411 23.6419 0
      vertex 18.1411 -23.6419 0
    endloop
  endfacet
  facet normal 0 0 -1
    outer loop
      vertex 16.556 -24.7778 0
      vertex 16.556 24.7778 0
      vertex 18.1411 23.6419 0
    endloop
  endfacet
  facet normal 0 0 -1
    outer loop
      vertex 14.9 -25.8076 0
      vertex 16.556 24.7778 0
      vertex 16.556 -24.7778 0
    endloop
  endfacet
  facet normal 0 0 -1
    outer loop
      vertex 14.9 -25.8076 0
      vertex 14.9 25.8076 0
      vertex 16.556 24.7778 0
    endloop
  endfacet
  facet normal 0 0 -1
    outer loop
      vertex 13.1802 -26.7268 0
      vertex 14.9 25.8076 0
      vertex 14.9 -25.8076 0
    endloop
  endfacet
  facet normal 0 0 -1
    outer loop
      vertex 13.1802 -26.7268 0
      vertex 13.1802 26.7268 0
      vertex 14.9 25.8076 0
    endloop
  endfacet
  facet normal 0 0 -1
    outer loop
      vertex 11.404 -27.5316 0
      vertex 13.1802 26.7268 0
      vertex 13.1802 -26.7268 0
    endloop
  endfacet
  facet normal 0 0 -1
    outer loop
      vertex 11.404 -27.5316 0
      vertex 11.404 27.5316 0
      vertex 13.1802 26.7268 0
    endloop
  endfacet
  facet normal 0 0 -1
    outer loop
      vertex 9.5789 -28.2185 0
      vertex 11.404 27.5316 0
      vertex 11.404 -27.5316 0
    endloop
  endfacet
  facet normal 0 0 -1
    outer loop
      vertex 9.5789 -28.2185 0
      vertex 9.5789 28.2185 0
      vertex 11.404 27.5316 0
    endloop
  endfacet
  facet normal 0 0 -1
    outer loop
      vertex 7.71281 -28.7846 0
      vertex 9.5789 28.2185 0
      vertex 9.5789 -28.2185 0
    endloop
  endfacet
  facet normal 0 0 -1
    outer loop
      vertex 7.71281 -28.7846 0
      vertex 7.71281 28.7846 0
      vertex 9.5789 28.2185 0
    endloop
  endfacet
  facet normal 0 0 -1
    outer loop
      vertex 5.81369 -29.2274 0
      vertex 7.71281 28.7846 0
      vertex 7.71281 -28.7846 0
    endloop
  endfacet
  facet normal 0 0 -1
    outer loop
      vertex 5.81369 -29.2274 0
      vertex 5.81369 29.2274 0
      vertex 7.71281 28.7846 0
    endloop
  endfacet
  facet normal 0 0 -1
    outer loop
      vertex 3.88968 -29.5451 0
      vertex 5.81369 29.2274 0
      vertex 5.81369 -29.2274 0
    endloop
  endfacet
  facet normal 0 0 -1
    outer loop
      vertex 3.88968 -29.5451 0
      vertex 3.88968 29.5451 0
      vertex 5.81369 29.2274 0
    endloop
  endfacet
  facet normal 0 0 -1
    outer loop
      vertex 1.94901 -29.7362 0
      vertex 3.88968 29.5451 0
      vertex 3.88968 -29.5451 0
    endloop
  endfacet
  facet normal 0 0 -1
    outer loop
      vertex 1.94901 -29.7362 0
      vertex 1.94901 29.7362 0
      vertex 3.88968 29.5451 0
    endloop
  endfacet
  facet normal 0 0 -1
    outer loop
      vertex 0 -29.8 0
      vertex 1.94901 29.7362 0
      vertex 1.94901 -29.7362 0
    endloop
  endfacet
  facet normal 0 0 -1
    outer loop
      vertex 0 -29.8 0
      vertex 0 29.8 0
      vertex 1.94901 29.7362 0
    endloop
  endfacet
  facet normal 0 0 -1
    outer loop
      vertex -1.94901 -29.7362 0
      vertex 0 29.8 0
      vertex 0 -29.8 0
    endloop
  endfacet
  facet normal 0 0 -1
    outer loop
      vertex -1.94901 -29.7362 0
      vertex -1.94901 29.7362 0
      vertex 0 29.8 0
    endloop
  endfacet
  facet normal 0 0 -1
    outer loop
      vertex -3.88968 -29.5451 0
      vertex -1.94901 29.7362 0
      vertex -1.94901 -29.7362 0
    endloop
  endfacet
  facet normal 0 0 -1
    outer loop
      vertex -3.88968 -29.5451 0
      vertex -3.88968 29.5451 0
      vertex -1.94901 29.7362 0
    endloop
  endfacet
  facet normal 0 0 -1
    outer loop
      vertex -5.81369 -29.2274 0
      vertex -3.88968 29.5451 0
      vertex -3.88968 -29.5451 0
    endloop
  endfacet
  facet normal 0 0 -1
    outer loop
      vertex -5.81369 -29.2274 0
      vertex -5.81369 29.2274 0
      vertex -3.88968 29.5451 0
    endloop
  endfacet
  facet normal 0 0 -1
    outer loop
      vertex -7.71281 -28.7846 0
      vertex -5.81369 29.2274 0
      vertex -5.81369 -29.2274 0
    endloop
  endfacet
  facet normal 0 0 -1
    outer loop
      vertex -7.71281 -28.7846 0
      vertex -7.71281 28.7846 0
      vertex -5.81369 29.2274 0
    endloop
  endfacet
  facet normal 0 0 -1
    outer loop
      vertex -9.5789 -28.2185 0
      vertex -7.71281 28.7846 0
      vertex -7.71281 -28.7846 0
    endloop
  endfacet
  facet normal 0 0 -1
    outer loop
      vertex -9.5789 -28.2185 0
      vertex -9.5789 28.2185 0
      vertex -7.71281 28.7846 0
    endloop
  endfacet
  facet normal 0 0 -1
    outer loop
      vertex -11.404 -27.5316 0
      vertex -9.5789 28.2185 0
      vertex -9.5789 -28.2185 0
    endloop
  endfacet
  facet normal 0 0 -1
    outer loop
      vertex -11.404 -27.5316 0
      vertex -11.404 27.5316 0
      vertex -9.5789 28.2185 0
    endloop
  endfacet
  facet normal 0 0 -1
    outer loop
      vertex -13.1802 -26.7268 0
      vertex -11.404 27.5316 0
      vertex -11.404 -27.5316 0
    endloop
  endfacet
  facet normal 0 0 -1
    outer loop
      vertex -13.1802 -26.7268 0
      vertex -13.1802 26.7268 0
      vertex -11.404 27.5316 0
    endloop
  endfacet
  facet normal 0 0 -1
    outer loop
      vertex -14.9 -25.8076 0
      vertex -13.1802 26.7268 0
      vertex -13.1802 -26.7268 0
    endloop
  endfacet
  facet normal 0 0 -1
    outer loop
      vertex -14.9 -25.8076 0
      vertex -14.9 25.8076 0
      vertex -13.1802 26.7268 0
    endloop
  endfacet
  facet normal 0 0 -1
    outer loop
      vertex -16.556 -24.7778 0
      vertex -14.9 25.8076 0
      vertex -14.9 -25.8076 0
    endloop
  endfacet
  facet normal 0 0 -1
    outer loop
      vertex -16.556 -24.7778 0
      vertex -16.556 24.7778 0
      vertex -14.9 25.8076 0
    endloop
  endfacet
  facet normal 0 0 -1
    outer loop
      vertex -18.1411 -23.6419 0
      vertex -16.556 24.7778 0
      vertex -16.556 -24.7778 0
    endloop
  endfacet
  facet normal 0 0 -1
    outer loop
      vertex -18.1411 -23.6419 0
      vertex -18.1411 23.6419 0
      vertex -16.556 24.7778 0
    endloop
  endfacet
  facet normal 0 0 -1
    outer loop
      vertex -19.6485 -22.4048 0
      vertex -18.1411 23.6419 0
      vertex -18.1411 -23.6419 0
    endloop
  endfacet
  facet normal 0 0 -1
    outer loop
      vertex -19.6485 -22.4048 0
      vertex -19.6485 22.4048 0
      vertex -18.1411 23.6419 0
    endloop
  endfacet
  facet normal 0 0 -1
    outer loop
      vertex -21.0718 -21.0718 0
      vertex -19.6485 22.4048 0
      vertex -19.6485 -22.4048 0
    endloop
  endfacet
  facet normal 0 0 -1
    outer loop
      vertex -21.0718 -21.0718 0
      vertex -21.0718 21.0718 0
      vertex -19.6485 22.4048 0
    endloop
  endfacet
  facet normal 0 0 -1
    outer loop
      vertex -22.4048 -19.6485 0
      vertex -21.0718 21.0718 0
      vertex -21.0718 -21.0718 0
    endloop
  endfacet
  facet normal 0 0 -1
    outer loop
      vertex -22.4048 -19.6485 0
      vertex -22.4048 19.6485 0
      vertex -21.0718 21.0718 0
    endloop
  endfacet
  facet normal 0 0 -1
    outer loop
      vertex -23.6419 -18.1411 0
      vertex -22.4048 19.6485 0
      vertex -22.4048 -19.6485 0
    endloop
  endfacet
  facet normal 0 0 -1
    outer loop
      vertex -23.6419 -18.1411 0
      vertex -23.6419 18.1411 0
      vertex -22.4048 19.6485 0
    endloop
  endfacet
  facet normal 0 0 -1
    outer loop
      vertex -24.7778 -16.556 0
      vertex -23.6419 18.1411 0
      vertex -23.6419 -18.1411 0
    endloop
  endfacet
  facet normal 0 0 -1
    outer loop
      vertex -24.7778 -16.556 0
      vertex -24.7778 16.556 0
      vertex -23.6419 18.1411 0
    endloop
  endfacet
  facet normal 0 0 -1
    outer loop
      vertex -25.8076 -14.9 0
      vertex -24.7778 16.556 0
      vertex -24.7778 -16.556 0
    endloop
  endfacet
  facet normal 0 0 -1
    outer loop
      vertex -25.8076 -14.9 0
      vertex -25.8076 14.9 0
      vertex -24.7778 16.556 0
    endloop
  endfacet
  facet normal 0 0 -1
    outer loop
      vertex -26.7268 -13.1802 0
      vertex -25.8076 14.9 0
      vertex -25.8076 -14.9 0
    endloop
  endfacet
  facet normal 0 0 -1
    outer loop
      vertex -26.7268 -13.1802 0
      vertex -26.7268 13.1802 0
      vertex -25.8076 14.9 0
    endloop
  endfacet
  facet normal 0 0 -1
    outer loop
      vertex -27.5316 -11.404 0
      vertex -26.7268 13.1802 0
      vertex -26.7268 -13.1802 0
    endloop
  endfacet
  facet normal 0 0 -1
    outer loop
      vertex -27.5316 -11.404 0
      vertex -27.5316 11.404 0
      vertex -26.7268 13.1802 0
    endloop
  endfacet
  facet normal 0 0 -1
    outer loop
      vertex -28.2185 -9.5789 0
      vertex -27.5316 11.404 0
      vertex -27.5316 -11.404 0
    endloop
  endfacet
  facet normal 0 0 -1
    outer loop
      vertex -28.2185 -9.5789 0
      vertex -28.2185 9.5789 0
      vertex -27.5316 11.404 0
    endloop
  endfacet
  facet normal 0 0 -1
    outer loop
      vertex -28.7846 -7.71281 0
      vertex -28.2185 9.5789 0
      vertex -28.2185 -9.5789 0
    endloop
  endfacet
  facet normal 0 0 -1
    outer loop
      vertex -28.7846 -7.71281 0
      vertex -28.7846 7.71281 0
      vertex -28.2185 9.5789 0
    endloop
  endfacet
  facet normal 0 0 -1
    outer loop
      vertex -29.2274 -5.81369 0
      vertex -28.7846 7.71281 0
      vertex -28.7846 -7.71281 0
    endloop
  endfacet
  facet normal 0 0 -1
    outer loop
      vertex -29.2274 -5.81369 0
      vertex -29.2274 5.81369 0
      vertex -28.7846 7.71281 0
    endloop
  endfacet
  facet normal 0 0 -1
    outer loop
      vertex -29.5451 -3.88968 0
      vertex -29.2274 5.81369 0
      vertex -29.2274 -5.81369 0
    endloop
  endfacet
  facet normal 0 0 -1
    outer loop
      vertex -29.5451 -3.88968 0
      vertex -29.5451 3.88968 0
      vertex -29.2274 5.81369 0
    endloop
  endfacet
  facet normal 0 0 -1
    outer loop
      vertex -29.7362 -1.94901 0
      vertex -29.5451 3.88968 0
      vertex -29.5451 -3.88968 0
    endloop
  endfacet
  facet normal 0 0 -1
    outer loop
      vertex -29.7362 -1.94901 0
      vertex -29.7362 1.94901 0
      vertex -29.5451 3.88968 0
    endloop
  endfacet
  facet normal 0 -0 -1
    outer loop
      vertex -29.7362 1.94901 0
      vertex -29.7362 -1.94901 0
      vertex -29.8 0 0
    endloop
  endfacet
  facet normal 0.023136 -0.706917 -0.706918
    outer loop
      vertex 2.00134 -30.5345 0.799999
      vertex 0 -30.6 0.799999
      vertex 0 -29.8 0
    endloop
  endfacet
  facet normal 0.773017 -0.634385 0
    outer loop
      vertex 23.0063 -20.176 14
      vertex 24.2766 -18.6281 0.799999
      vertex 24.2766 -18.6281 14
    endloop
  endfacet
  facet normal 0.773017 -0.634385 0
    outer loop
      vertex 24.2766 -18.6281 0.799999
      vertex 23.0063 -20.176 14
      vertex 23.0063 -20.176 0.799999
    endloop
  endfacet
  facet normal 0.729875 -0.683581 0
    outer loop
      vertex 21.6375 -21.6375 14
      vertex 23.0063 -20.176 0.799999
      vertex 23.0063 -20.176 14
    endloop
  endfacet
  facet normal 0.729875 -0.683581 0
    outer loop
      vertex 23.0063 -20.176 0.799999
      vertex 21.6375 -21.6375 14
      vertex 21.6375 -21.6375 0.799999
    endloop
  endfacet
  facet normal -0.881931 0.471379 0
    outer loop
      vertex -27.4443 13.534 0.799999
      vertex -26.5004 15.3 14
      vertex -26.5004 15.3 0.799999
    endloop
  endfacet
  facet normal -0.881931 0.471379 0
    outer loop
      vertex -26.5004 15.3 14
      vertex -27.4443 13.534 0.799999
      vertex -27.4443 13.534 14
    endloop
  endfacet
  facet normal -0.661943 0.249131 -0.706941
    outer loop
      vertex -28.2185 9.5789 0
      vertex -28.9761 9.83605 0.799999
      vertex -27.5316 11.404 0
    endloop
  endfacet
  facet normal -0.676825 0.205288 -0.706941
    outer loop
      vertex -28.2185 9.5789 0
      vertex -29.5573 7.91986 0.799999
      vertex -28.9761 9.83605 0.799999
    endloop
  endfacet
  facet normal 0.995183 -0.0980321 0
    outer loop
      vertex 30.3382 -3.9941 14
      vertex 30.5345 -2.00134 0.799999
      vertex 30.5345 -2.00134 14
    endloop
  endfacet
  facet normal 0.995183 -0.0980321 0
    outer loop
      vertex 30.5345 -2.00134 0.799999
      vertex 30.3382 -3.9941 14
      vertex 30.3382 -3.9941 0.799999
    endloop
  endfacet
  facet normal -0.483483 0.516235 -0.706927
    outer loop
      vertex -21.0718 21.0718 0
      vertex -21.6375 21.6375 0.799999
      vertex -19.6485 22.4048 0
    endloop
  endfacet
  facet normal 0.58248 -0.812845 0
    outer loop
      vertex 17.0004 -25.443 0.799999
      vertex 18.6281 -24.2766 14
      vertex 17.0004 -25.443 14
    endloop
  endfacet
  facet normal 0.58248 -0.812845 0
    outer loop
      vertex 18.6281 -24.2766 14
      vertex 17.0004 -25.443 0.799999
      vertex 18.6281 -24.2766 0.799999
    endloop
  endfacet
  facet normal 0.634385 -0.773017 0
    outer loop
      vertex 18.6281 -24.2766 0.799999
      vertex 20.176 -23.0063 14
      vertex 18.6281 -24.2766 14
    endloop
  endfacet
  facet normal 0.634385 -0.773017 0
    outer loop
      vertex 20.176 -23.0063 14
      vertex 18.6281 -24.2766 0.799999
      vertex 20.176 -23.0063 0.799999
    endloop
  endfacet
  facet normal -0.227076 0.973877 0
    outer loop
      vertex -5.96976 30.012 0.799999
      vertex -7.91986 29.5573 14
      vertex -5.96976 30.012 14
    endloop
  endfacet
  facet normal -0.227076 0.973877 0
    outer loop
      vertex -7.91986 29.5573 14
      vertex -5.96976 30.012 0.799999
      vertex -7.91986 29.5573 0.799999
    endloop
  endfacet
  facet normal -0.688838 -0.16061 -0.7069
    outer loop
      vertex -28.7846 -7.71281 0
      vertex -29.5573 -7.91986 0.799999
      vertex -29.2274 -5.81369 0
    endloop
  endfacet
  facet normal 0.412699 0.910867 -0
    outer loop
      vertex -11.0978 -26.7925 6.79999
      vertex -12.8264 -26.0093 13.2
      vertex -11.0978 -26.7925 13.2
    endloop
  endfacet
  facet normal 0.412699 0.910867 0
    outer loop
      vertex -12.8264 -26.0093 13.2
      vertex -11.0978 -26.7925 6.79999
      vertex -12.8264 -26.0093 6.79999
    endloop
  endfacet
  facet normal 0.412699 0.910867 -0
    outer loop
      vertex -11.0978 -26.7925 2
      vertex -12.8264 -26.0093 5.2
      vertex -11.0978 -26.7925 5.2
    endloop
  endfacet
  facet normal 0.412699 0.910867 0
    outer loop
      vertex -12.8264 -26.0093 5.2
      vertex -11.0978 -26.7925 2
      vertex -12.8264 -26.0093 2
    endloop
  endfacet
  facet normal -0.999464 0.0327237 0
    outer loop
      vertex 28.9379 -1.89669 6.79999
      vertex 29 0 13.2
      vertex 29 0 6.79999
    endloop
  endfacet
  facet normal -0.999464 0.0327237 0
    outer loop
      vertex 29 0 13.2
      vertex 28.9379 -1.89669 6.79999
      vertex 28.9379 -1.89669 13.2
    endloop
  endfacet
  facet normal -0.999464 0.0327237 0
    outer loop
      vertex 28.9379 -1.89669 2
      vertex 29 0 5.2
      vertex 29 0 2
    endloop
  endfacet
  facet normal -0.999464 0.0327237 0
    outer loop
      vertex 29 0 5.2
      vertex 28.9379 -1.89669 2
      vertex 28.9379 -1.89669 5.2
    endloop
  endfacet
  facet normal -0.995185 -0.098013 0
    outer loop
      vertex 28.9379 1.89669 6.79999
      vertex 28.7519 3.78526 13.2
      vertex 28.7519 3.78526 6.79999
    endloop
  endfacet
  facet normal -0.995185 -0.098013 0
    outer loop
      vertex 28.7519 3.78526 13.2
      vertex 28.9379 1.89669 6.79999
      vertex 28.9379 1.89669 13.2
    endloop
  endfacet
  facet normal -0.995185 -0.098013 0
    outer loop
      vertex 28.9379 1.89669 2
      vertex 28.7519 3.78526 5.2
      vertex 28.7519 3.78526 2
    endloop
  endfacet
  facet normal -0.995185 -0.098013 0
    outer loop
      vertex 28.7519 3.78526 5.2
      vertex 28.9379 1.89669 2
      vertex 28.9379 1.89669 5.2
    endloop
  endfacet
  facet normal -0.999464 -0.0327237 0
    outer loop
      vertex 29 0 6.79999
      vertex 28.9379 1.89669 13.2
      vertex 28.9379 1.89669 6.79999
    endloop
  endfacet
  facet normal -0.999464 -0.0327237 0
    outer loop
      vertex 28.9379 1.89669 13.2
      vertex 29 0 6.79999
      vertex 29 0 13.2
    endloop
  endfacet
  facet normal -0.999464 -0.0327237 0
    outer loop
      vertex 29 0 2
      vertex 28.9379 1.89669 5.2
      vertex 28.9379 1.89669 2
    endloop
  endfacet
  facet normal -0.999464 -0.0327237 0
    outer loop
      vertex 28.9379 1.89669 5.2
      vertex 29 0 2
      vertex 29 0 5.2
    endloop
  endfacet
  facet normal -0.471414 0.881912 0
    outer loop
      vertex 14.5 -25.1147 6.79999
      vertex 12.8264 -26.0093 13.2
      vertex 14.5 -25.1147 13.2
    endloop
  endfacet
  facet normal -0.471414 0.881912 0
    outer loop
      vertex 12.8264 -26.0093 13.2
      vertex 14.5 -25.1147 6.79999
      vertex 12.8264 -26.0093 6.79999
    endloop
  endfacet
  facet normal -0.471414 0.881912 0
    outer loop
      vertex 14.5 -25.1147 2
      vertex 12.8264 -26.0093 5.2
      vertex 14.5 -25.1147 5.2
    endloop
  endfacet
  facet normal -0.471414 0.881912 0
    outer loop
      vertex 12.8264 -26.0093 5.2
      vertex 14.5 -25.1147 2
      vertex 12.8264 -26.0093 2
    endloop
  endfacet
  facet normal 0.098013 -0.995185 0
    outer loop
      vertex -3.78526 28.7519 6.79999
      vertex -1.89669 28.9379 13.2
      vertex -3.78526 28.7519 13.2
    endloop
  endfacet
  facet normal 0.098013 -0.995185 0
    outer loop
      vertex -1.89669 28.9379 13.2
      vertex -3.78526 28.7519 6.79999
      vertex -1.89669 28.9379 6.79999
    endloop
  endfacet
  facet normal 0.098013 -0.995185 0
    outer loop
      vertex -3.78526 28.7519 2
      vertex -1.89669 28.9379 5.2
      vertex -3.78526 28.7519 5.2
    endloop
  endfacet
  facet normal 0.098013 -0.995185 0
    outer loop
      vertex -1.89669 28.9379 5.2
      vertex -3.78526 28.7519 2
      vertex -1.89669 28.9379 2
    endloop
  endfacet
  facet normal 0.729861 0.683596 0
    outer loop
      vertex -20.5061 -20.5061 13.2
      vertex -21.8034 -19.121 6.79999
      vertex -21.8034 -19.121 13.2
    endloop
  endfacet
  facet normal 0.729861 0.683596 0
    outer loop
      vertex -21.8034 -19.121 6.79999
      vertex -20.5061 -20.5061 13.2
      vertex -20.5061 -20.5061 6.79999
    endloop
  endfacet
  facet normal 0.729861 0.683596 0
    outer loop
      vertex -20.5061 -20.5061 5.2
      vertex -21.8034 -19.121 2
      vertex -21.8034 -19.121 5.2
    endloop
  endfacet
  facet normal 0.729861 0.683596 0
    outer loop
      vertex -21.8034 -19.121 2
      vertex -20.5061 -20.5061 5.2
      vertex -20.5061 -20.5061 2
    endloop
  endfacet
  facet normal -0.290249 -0.956951 0
    outer loop
      vertex 7.50575 28.0118 6.79999
      vertex 9.32174 27.461 13.2
      vertex 7.50575 28.0118 13.2
    endloop
  endfacet
  facet normal -0.290249 -0.956951 -0
    outer loop
      vertex 9.32174 27.461 13.2
      vertex 7.50575 28.0118 6.79999
      vertex 9.32174 27.461 6.79999
    endloop
  endfacet
  facet normal -0.290249 -0.956951 0
    outer loop
      vertex 7.50575 28.0118 2
      vertex 9.32174 27.461 5.2
      vertex 7.50575 28.0118 5.2
    endloop
  endfacet
  facet normal -0.290249 -0.956951 -0
    outer loop
      vertex 9.32174 27.461 5.2
      vertex 7.50575 28.0118 2
      vertex 9.32174 27.461 2
    endloop
  endfacet
  facet normal -0.098013 0.995185 0
    outer loop
      vertex 3.78526 -28.7519 6.79999
      vertex 1.89669 -28.9379 13.2
      vertex 3.78526 -28.7519 13.2
    endloop
  endfacet
  facet normal -0.098013 0.995185 0
    outer loop
      vertex 1.89669 -28.9379 13.2
      vertex 3.78526 -28.7519 6.79999
      vertex 1.89669 -28.9379 6.79999
    endloop
  endfacet
  facet normal -0.098013 0.995185 0
    outer loop
      vertex 3.78526 -28.7519 2
      vertex 1.89669 -28.9379 5.2
      vertex 3.78526 -28.7519 5.2
    endloop
  endfacet
  facet normal -0.098013 0.995185 0
    outer loop
      vertex 1.89669 -28.9379 5.2
      vertex 3.78526 -28.7519 2
      vertex 1.89669 -28.9379 2
    endloop
  endfacet
  facet normal 0.683596 0.729861 -0
    outer loop
      vertex -19.121 -21.8034 6.79999
      vertex -20.5061 -20.5061 13.2
      vertex -19.121 -21.8034 13.2
    endloop
  endfacet
  facet normal 0.683596 0.729861 0
    outer loop
      vertex -20.5061 -20.5061 13.2
      vertex -19.121 -21.8034 6.79999
      vertex -20.5061 -20.5061 6.79999
    endloop
  endfacet
  facet normal 0.683596 0.729861 -0
    outer loop
      vertex -19.121 -21.8034 2
      vertex -20.5061 -20.5061 5.2
      vertex -19.121 -21.8034 5.2
    endloop
  endfacet
  facet normal 0.683596 0.729861 0
    outer loop
      vertex -20.5061 -20.5061 5.2
      vertex -19.121 -21.8034 2
      vertex -20.5061 -20.5061 2
    endloop
  endfacet
  facet normal -0.52807 0.849201 0
    outer loop
      vertex 16.1115 -24.1126 6.79999
      vertex 14.5 -25.1147 13.2
      vertex 16.1115 -24.1126 13.2
    endloop
  endfacet
  facet normal -0.52807 0.849201 0
    outer loop
      vertex 14.5 -25.1147 13.2
      vertex 16.1115 -24.1126 6.79999
      vertex 14.5 -25.1147 6.79999
    endloop
  endfacet
  facet normal -0.52807 0.849201 0
    outer loop
      vertex 16.1115 -24.1126 2
      vertex 14.5 -25.1147 5.2
      vertex 16.1115 -24.1126 5.2
    endloop
  endfacet
  facet normal -0.52807 0.849201 0
    outer loop
      vertex 14.5 -25.1147 5.2
      vertex 16.1115 -24.1126 2
      vertex 14.5 -25.1147 2
    endloop
  endfacet
  facet normal 0.683596 -0.729861 0
    outer loop
      vertex -20.5061 20.5061 6.79999
      vertex -19.121 21.8034 13.2
      vertex -20.5061 20.5061 13.2
    endloop
  endfacet
  facet normal 0.683596 -0.729861 0
    outer loop
      vertex -19.121 21.8034 13.2
      vertex -20.5061 20.5061 6.79999
      vertex -19.121 21.8034 6.79999
    endloop
  endfacet
  facet normal 0.683596 -0.729861 0
    outer loop
      vertex -20.5061 20.5061 2
      vertex -19.121 21.8034 5.2
      vertex -20.5061 20.5061 5.2
    endloop
  endfacet
  facet normal 0.683596 -0.729861 0
    outer loop
      vertex -19.121 21.8034 5.2
      vertex -20.5061 20.5061 2
      vertex -19.121 21.8034 2
    endloop
  endfacet
  facet normal 0.986646 0.162881 0
    outer loop
      vertex -28.4428 -5.65762 13.2
      vertex -28.7519 -3.78526 6.79999
      vertex -28.7519 -3.78526 13.2
    endloop
  endfacet
  facet normal 0.986646 0.162881 0
    outer loop
      vertex -28.7519 -3.78526 6.79999
      vertex -28.4428 -5.65762 13.2
      vertex -28.4428 -5.65762 6.79999
    endloop
  endfacet
  facet normal 0.986646 0.162881 0
    outer loop
      vertex -28.4428 -5.65762 5.2
      vertex -28.7519 -3.78526 2
      vertex -28.7519 -3.78526 5.2
    endloop
  endfacet
  facet normal 0.986646 0.162881 0
    outer loop
      vertex -28.7519 -3.78526 2
      vertex -28.4428 -5.65762 5.2
      vertex -28.4428 -5.65762 2
    endloop
  endfacet
  facet normal -0.162881 0.986646 0
    outer loop
      vertex 5.65762 -28.4428 6.79999
      vertex 3.78526 -28.7519 13.2
      vertex 5.65762 -28.4428 13.2
    endloop
  endfacet
  facet normal -0.162881 0.986646 0
    outer loop
      vertex 3.78526 -28.7519 13.2
      vertex 5.65762 -28.4428 6.79999
      vertex 3.78526 -28.7519 6.79999
    endloop
  endfacet
  facet normal -0.162881 0.986646 0
    outer loop
      vertex 5.65762 -28.4428 2
      vertex 3.78526 -28.7519 5.2
      vertex 5.65762 -28.4428 5.2
    endloop
  endfacet
  facet normal -0.162881 0.986646 0
    outer loop
      vertex 3.78526 -28.7519 5.2
      vertex 5.65762 -28.4428 2
      vertex 3.78526 -28.7519 2
    endloop
  endfacet
  facet normal -0.881912 0.471414 0
    outer loop
      vertex 25.1147 -14.5 6.79999
      vertex 26.0093 -12.8264 13.2
      vertex 26.0093 -12.8264 6.79999
    endloop
  endfacet
  facet normal -0.881912 0.471414 0
    outer loop
      vertex 26.0093 -12.8264 13.2
      vertex 25.1147 -14.5 6.79999
      vertex 25.1147 -14.5 13.2
    endloop
  endfacet
  facet normal -0.881912 0.471414 0
    outer loop
      vertex 25.1147 -14.5 2
      vertex 26.0093 -12.8264 5.2
      vertex 26.0093 -12.8264 2
    endloop
  endfacet
  facet normal -0.881912 0.471414 0
    outer loop
      vertex 26.0093 -12.8264 5.2
      vertex 25.1147 -14.5 2
      vertex 25.1147 -14.5 5.2
    endloop
  endfacet
  facet normal -0.162881 -0.986646 0
    outer loop
      vertex 3.78526 28.7519 6.79999
      vertex 5.65762 28.4428 13.2
      vertex 3.78526 28.7519 13.2
    endloop
  endfacet
  facet normal -0.162881 -0.986646 -0
    outer loop
      vertex 5.65762 28.4428 13.2
      vertex 3.78526 28.7519 6.79999
      vertex 5.65762 28.4428 6.79999
    endloop
  endfacet
  facet normal -0.162881 -0.986646 0
    outer loop
      vertex 3.78526 28.7519 2
      vertex 5.65762 28.4428 5.2
      vertex 3.78526 28.7519 5.2
    endloop
  endfacet
  facet normal -0.162881 -0.986646 -0
    outer loop
      vertex 5.65762 28.4428 5.2
      vertex 3.78526 28.7519 2
      vertex 5.65762 28.4428 2
    endloop
  endfacet
  facet normal -0.956951 0.290249 0
    outer loop
      vertex 27.461 -9.32174 6.79999
      vertex 28.0118 -7.50575 13.2
      vertex 28.0118 -7.50575 6.79999
    endloop
  endfacet
  facet normal -0.956951 0.290249 0
    outer loop
      vertex 28.0118 -7.50575 13.2
      vertex 27.461 -9.32174 6.79999
      vertex 27.461 -9.32174 13.2
    endloop
  endfacet
  facet normal -0.956951 0.290249 0
    outer loop
      vertex 27.461 -9.32174 2
      vertex 28.0118 -7.50575 5.2
      vertex 28.0118 -7.50575 2
    endloop
  endfacet
  facet normal -0.956951 0.290249 0
    outer loop
      vertex 28.0118 -7.50575 5.2
      vertex 27.461 -9.32174 2
      vertex 27.461 -9.32174 5.2
    endloop
  endfacet
  facet normal 0.773024 -0.634376 0
    outer loop
      vertex -23.0072 17.6541 13.2
      vertex -21.8034 19.121 6.79999
      vertex -21.8034 19.121 13.2
    endloop
  endfacet
  facet normal 0.773024 -0.634376 0
    outer loop
      vertex -21.8034 19.121 6.79999
      vertex -23.0072 17.6541 13.2
      vertex -23.0072 17.6541 6.79999
    endloop
  endfacet
  facet normal 0.773024 -0.634376 0
    outer loop
      vertex -23.0072 17.6541 5.2
      vertex -21.8034 19.121 2
      vertex -21.8034 19.121 5.2
    endloop
  endfacet
  facet normal 0.773024 -0.634376 0
    outer loop
      vertex -21.8034 19.121 2
      vertex -23.0072 17.6541 5.2
      vertex -23.0072 17.6541 2
    endloop
  endfacet
  facet normal -0.729861 0.683596 0
    outer loop
      vertex 20.5061 -20.5061 6.79999
      vertex 21.8034 -19.121 13.2
      vertex 21.8034 -19.121 6.79999
    endloop
  endfacet
  facet normal -0.729861 0.683596 0
    outer loop
      vertex 21.8034 -19.121 13.2
      vertex 20.5061 -20.5061 6.79999
      vertex 20.5061 -20.5061 13.2
    endloop
  endfacet
  facet normal -0.729861 0.683596 0
    outer loop
      vertex 20.5061 -20.5061 2
      vertex 21.8034 -19.121 5.2
      vertex 21.8034 -19.121 2
    endloop
  endfacet
  facet normal -0.729861 0.683596 0
    outer loop
      vertex 21.8034 -19.121 5.2
      vertex 20.5061 -20.5061 2
      vertex 20.5061 -20.5061 5.2
    endloop
  endfacet
  facet normal 0.881912 -0.471414 0
    outer loop
      vertex -26.0093 12.8264 13.2
      vertex -25.1147 14.5 6.79999
      vertex -25.1147 14.5 13.2
    endloop
  endfacet
  facet normal 0.881912 -0.471414 0
    outer loop
      vertex -25.1147 14.5 6.79999
      vertex -26.0093 12.8264 13.2
      vertex -26.0093 12.8264 6.79999
    endloop
  endfacet
  facet normal 0.881912 -0.471414 0
    outer loop
      vertex -26.0093 12.8264 5.2
      vertex -25.1147 14.5 2
      vertex -25.1147 14.5 5.2
    endloop
  endfacet
  facet normal 0.881912 -0.471414 0
    outer loop
      vertex -25.1147 14.5 2
      vertex -26.0093 12.8264 5.2
      vertex -26.0093 12.8264 2
    endloop
  endfacet
  facet normal -0.227115 0.973868 0
    outer loop
      vertex 7.50575 -28.0118 6.79999
      vertex 5.65762 -28.4428 13.2
      vertex 7.50575 -28.0118 13.2
    endloop
  endfacet
  facet normal -0.227115 0.973868 0
    outer loop
      vertex 5.65762 -28.4428 13.2
      vertex 7.50575 -28.0118 6.79999
      vertex 5.65762 -28.4428 6.79999
    endloop
  endfacet
  facet normal -0.227115 0.973868 0
    outer loop
      vertex 7.50575 -28.0118 2
      vertex 5.65762 -28.4428 5.2
      vertex 7.50575 -28.0118 5.2
    endloop
  endfacet
  facet normal -0.227115 0.973868 0
    outer loop
      vertex 5.65762 -28.4428 5.2
      vertex 7.50575 -28.0118 2
      vertex 5.65762 -28.4428 2
    endloop
  endfacet
  facet normal -0.683596 -0.729861 0
    outer loop
      vertex 19.121 21.8034 6.79999
      vertex 20.5061 20.5061 13.2
      vertex 19.121 21.8034 13.2
    endloop
  endfacet
  facet normal -0.683596 -0.729861 -0
    outer loop
      vertex 20.5061 20.5061 13.2
      vertex 19.121 21.8034 6.79999
      vertex 20.5061 20.5061 6.79999
    endloop
  endfacet
  facet normal -0.683596 -0.729861 0
    outer loop
      vertex 19.121 21.8034 2
      vertex 20.5061 20.5061 5.2
      vertex 19.121 21.8034 5.2
    endloop
  endfacet
  facet normal -0.683596 -0.729861 -0
    outer loop
      vertex 20.5061 20.5061 5.2
      vertex 19.121 21.8034 2
      vertex 20.5061 20.5061 2
    endloop
  endfacet
  facet normal -0.773024 0.634376 0
    outer loop
      vertex 21.8034 -19.121 6.79999
      vertex 23.0072 -17.6541 13.2
      vertex 23.0072 -17.6541 6.79999
    endloop
  endfacet
  facet normal -0.773024 0.634376 0
    outer loop
      vertex 23.0072 -17.6541 13.2
      vertex 21.8034 -19.121 6.79999
      vertex 21.8034 -19.121 13.2
    endloop
  endfacet
  facet normal -0.773024 0.634376 0
    outer loop
      vertex 21.8034 -19.121 2
      vertex 23.0072 -17.6541 5.2
      vertex 23.0072 -17.6541 2
    endloop
  endfacet
  facet normal -0.773024 0.634376 0
    outer loop
      vertex 23.0072 -17.6541 5.2
      vertex 21.8034 -19.121 2
      vertex 21.8034 -19.121 5.2
    endloop
  endfacet
  facet normal -0.683596 0.729861 0
    outer loop
      vertex 20.5061 -20.5061 6.79999
      vertex 19.121 -21.8034 13.2
      vertex 20.5061 -20.5061 13.2
    endloop
  endfacet
  facet normal -0.683596 0.729861 0
    outer loop
      vertex 19.121 -21.8034 13.2
      vertex 20.5061 -20.5061 6.79999
      vertex 19.121 -21.8034 6.79999
    endloop
  endfacet
  facet normal -0.683596 0.729861 0
    outer loop
      vertex 20.5061 -20.5061 2
      vertex 19.121 -21.8034 5.2
      vertex 20.5061 -20.5061 5.2
    endloop
  endfacet
  facet normal -0.683596 0.729861 0
    outer loop
      vertex 19.121 -21.8034 5.2
      vertex 20.5061 -20.5061 2
      vertex 19.121 -21.8034 2
    endloop
  endfacet
  facet normal 0.227115 -0.973868 0
    outer loop
      vertex -7.50575 28.0118 6.79999
      vertex -5.65762 28.4428 13.2
      vertex -7.50575 28.0118 13.2
    endloop
  endfacet
  facet normal 0.227115 -0.973868 0
    outer loop
      vertex -5.65762 28.4428 13.2
      vertex -7.50575 28.0118 6.79999
      vertex -5.65762 28.4428 6.79999
    endloop
  endfacet
  facet normal 0.227115 -0.973868 0
    outer loop
      vertex -7.50575 28.0118 2
      vertex -5.65762 28.4428 5.2
      vertex -7.50575 28.0118 5.2
    endloop
  endfacet
  facet normal 0.227115 -0.973868 0
    outer loop
      vertex -5.65762 28.4428 5.2
      vertex -7.50575 28.0118 2
      vertex -5.65762 28.4428 2
    endloop
  endfacet
  facet normal -0.849201 0.52807 0
    outer loop
      vertex 24.1126 -16.1115 6.79999
      vertex 25.1147 -14.5 13.2
      vertex 25.1147 -14.5 6.79999
    endloop
  endfacet
  facet normal -0.849201 0.52807 0
    outer loop
      vertex 25.1147 -14.5 13.2
      vertex 24.1126 -16.1115 6.79999
      vertex 24.1126 -16.1115 13.2
    endloop
  endfacet
  facet normal -0.849201 0.52807 0
    outer loop
      vertex 24.1126 -16.1115 2
      vertex 25.1147 -14.5 5.2
      vertex 25.1147 -14.5 2
    endloop
  endfacet
  facet normal -0.849201 0.52807 0
    outer loop
      vertex 25.1147 -14.5 5.2
      vertex 24.1126 -16.1115 2
      vertex 24.1126 -16.1115 5.2
    endloop
  endfacet
  facet normal -0.0327237 0.999464 0
    outer loop
      vertex 1.89669 -28.9379 6.79999
      vertex 0 -29 13.2
      vertex 1.89669 -28.9379 13.2
    endloop
  endfacet
  facet normal -0.0327237 0.999464 0
    outer loop
      vertex 0 -29 13.2
      vertex 1.89669 -28.9379 6.79999
      vertex 0 -29 6.79999
    endloop
  endfacet
  facet normal -0.0327237 0.999464 0
    outer loop
      vertex 1.89669 -28.9379 2
      vertex 0 -29 5.2
      vertex 1.89669 -28.9379 5.2
    endloop
  endfacet
  facet normal -0.0327237 0.999464 0
    outer loop
      vertex 0 -29 5.2
      vertex 1.89669 -28.9379 2
      vertex 0 -29 2
    endloop
  endfacet
  facet normal 0.956951 -0.290249 0
    outer loop
      vertex -28.0118 7.50575 13.2
      vertex -27.461 9.32174 6.79999
      vertex -27.461 9.32174 13.2
    endloop
  endfacet
  facet normal 0.956951 -0.290249 0
    outer loop
      vertex -27.461 9.32174 6.79999
      vertex -28.0118 7.50575 13.2
      vertex -28.0118 7.50575 6.79999
    endloop
  endfacet
  facet normal 0.956951 -0.290249 0
    outer loop
      vertex -28.0118 7.50575 5.2
      vertex -27.461 9.32174 2
      vertex -27.461 9.32174 5.2
    endloop
  endfacet
  facet normal 0.956951 -0.290249 0
    outer loop
      vertex -27.461 9.32174 2
      vertex -28.0118 7.50575 5.2
      vertex -28.0118 7.50575 2
    endloop
  endfacet
  facet normal -0.412699 -0.910867 0
    outer loop
      vertex 11.0978 26.7925 6.79999
      vertex 12.8264 26.0093 13.2
      vertex 11.0978 26.7925 13.2
    endloop
  endfacet
  facet normal -0.412699 -0.910867 -0
    outer loop
      vertex 12.8264 26.0093 13.2
      vertex 11.0978 26.7925 6.79999
      vertex 12.8264 26.0093 6.79999
    endloop
  endfacet
  facet normal -0.412699 -0.910867 0
    outer loop
      vertex 11.0978 26.7925 2
      vertex 12.8264 26.0093 5.2
      vertex 11.0978 26.7925 5.2
    endloop
  endfacet
  facet normal -0.412699 -0.910867 -0
    outer loop
      vertex 12.8264 26.0093 5.2
      vertex 11.0978 26.7925 2
      vertex 12.8264 26.0093 2
    endloop
  endfacet
  facet normal -0.910867 0.412699 0
    outer loop
      vertex 26.0093 -12.8264 6.79999
      vertex 26.7925 -11.0978 13.2
      vertex 26.7925 -11.0978 6.79999
    endloop
  endfacet
  facet normal -0.910867 0.412699 0
    outer loop
      vertex 26.7925 -11.0978 13.2
      vertex 26.0093 -12.8264 6.79999
      vertex 26.0093 -12.8264 13.2
    endloop
  endfacet
  facet normal -0.910867 0.412699 0
    outer loop
      vertex 26.0093 -12.8264 2
      vertex 26.7925 -11.0978 5.2
      vertex 26.7925 -11.0978 2
    endloop
  endfacet
  facet normal -0.910867 0.412699 0
    outer loop
      vertex 26.7925 -11.0978 5.2
      vertex 26.0093 -12.8264 2
      vertex 26.0093 -12.8264 5.2
    endloop
  endfacet
  facet normal -0.634376 -0.773024 0
    outer loop
      vertex 17.6541 23.0072 6.79999
      vertex 19.121 21.8034 13.2
      vertex 17.6541 23.0072 13.2
    endloop
  endfacet
  facet normal -0.634376 -0.773024 -0
    outer loop
      vertex 19.121 21.8034 13.2
      vertex 17.6541 23.0072 6.79999
      vertex 19.121 21.8034 6.79999
    endloop
  endfacet
  facet normal -0.634376 -0.773024 0
    outer loop
      vertex 17.6541 23.0072 2
      vertex 19.121 21.8034 5.2
      vertex 17.6541 23.0072 5.2
    endloop
  endfacet
  facet normal -0.634376 -0.773024 -0
    outer loop
      vertex 19.121 21.8034 5.2
      vertex 17.6541 23.0072 2
      vertex 19.121 21.8034 2
    endloop
  endfacet
  facet normal -0.956951 -0.290249 0
    outer loop
      vertex 28.0118 7.50575 6.79999
      vertex 27.461 9.32174 13.2
      vertex 27.461 9.32174 6.79999
    endloop
  endfacet
  facet normal -0.956951 -0.290249 0
    outer loop
      vertex 27.461 9.32174 13.2
      vertex 28.0118 7.50575 6.79999
      vertex 28.0118 7.50575 13.2
    endloop
  endfacet
  facet normal -0.956951 -0.290249 0
    outer loop
      vertex 28.0118 7.50575 2
      vertex 27.461 9.32174 5.2
      vertex 27.461 9.32174 2
    endloop
  endfacet
  facet normal -0.956951 -0.290249 0
    outer loop
      vertex 27.461 9.32174 5.2
      vertex 28.0118 7.50575 2
      vertex 28.0118 7.50575 5.2
    endloop
  endfacet
  facet normal -0.81285 -0.582474 0
    outer loop
      vertex 24.1126 16.1115 6.79999
      vertex 23.0072 17.6541 13.2
      vertex 23.0072 17.6541 6.79999
    endloop
  endfacet
  facet normal -0.81285 -0.582474 0
    outer loop
      vertex 23.0072 17.6541 13.2
      vertex 24.1126 16.1115 6.79999
      vertex 24.1126 16.1115 13.2
    endloop
  endfacet
  facet normal -0.81285 -0.582474 0
    outer loop
      vertex 24.1126 16.1115 2
      vertex 23.0072 17.6541 5.2
      vertex 23.0072 17.6541 2
    endloop
  endfacet
  facet normal -0.81285 -0.582474 0
    outer loop
      vertex 23.0072 17.6541 5.2
      vertex 24.1126 16.1115 2
      vertex 24.1126 16.1115 5.2
    endloop
  endfacet
  facet normal 0.995185 -0.098013 0
    outer loop
      vertex -28.9379 1.89669 13.2
      vertex -28.7519 3.78526 6.79999
      vertex -28.7519 3.78526 13.2
    endloop
  endfacet
  facet normal 0.995185 -0.098013 0
    outer loop
      vertex -28.7519 3.78526 6.79999
      vertex -28.9379 1.89669 13.2
      vertex -28.9379 1.89669 6.79999
    endloop
  endfacet
  facet normal 0.995185 -0.098013 0
    outer loop
      vertex -28.9379 1.89669 5.2
      vertex -28.7519 3.78526 2
      vertex -28.7519 3.78526 5.2
    endloop
  endfacet
  facet normal 0.995185 -0.098013 0
    outer loop
      vertex -28.7519 3.78526 2
      vertex -28.9379 1.89669 5.2
      vertex -28.9379 1.89669 2
    endloop
  endfacet
  facet normal 0.81285 0.582474 0
    outer loop
      vertex -23.0072 -17.6541 13.2
      vertex -24.1126 -16.1115 6.79999
      vertex -24.1126 -16.1115 13.2
    endloop
  endfacet
  facet normal 0.81285 0.582474 0
    outer loop
      vertex -24.1126 -16.1115 6.79999
      vertex -23.0072 -17.6541 13.2
      vertex -23.0072 -17.6541 6.79999
    endloop
  endfacet
  facet normal 0.81285 0.582474 0
    outer loop
      vertex -23.0072 -17.6541 5.2
      vertex -24.1126 -16.1115 2
      vertex -24.1126 -16.1115 5.2
    endloop
  endfacet
  facet normal 0.81285 0.582474 0
    outer loop
      vertex -24.1126 -16.1115 2
      vertex -23.0072 -17.6541 5.2
      vertex -23.0072 -17.6541 2
    endloop
  endfacet
  facet normal 0.352268 0.935899 -0
    outer loop
      vertex -9.32174 -27.461 6.79999
      vertex -11.0978 -26.7925 13.2
      vertex -9.32174 -27.461 13.2
    endloop
  endfacet
  facet normal 0.352268 0.935899 0
    outer loop
      vertex -11.0978 -26.7925 13.2
      vertex -9.32174 -27.461 6.79999
      vertex -11.0978 -26.7925 6.79999
    endloop
  endfacet
  facet normal 0.352268 0.935899 -0
    outer loop
      vertex -9.32174 -27.461 2
      vertex -11.0978 -26.7925 5.2
      vertex -9.32174 -27.461 5.2
    endloop
  endfacet
  facet normal 0.352268 0.935899 0
    outer loop
      vertex -11.0978 -26.7925 5.2
      vertex -9.32174 -27.461 2
      vertex -11.0978 -26.7925 2
    endloop
  endfacet
  facet normal 0.935899 0.352268 0
    outer loop
      vertex -26.7925 -11.0978 13.2
      vertex -27.461 -9.32174 6.79999
      vertex -27.461 -9.32174 13.2
    endloop
  endfacet
  facet normal 0.935899 0.352268 0
    outer loop
      vertex -27.461 -9.32174 6.79999
      vertex -26.7925 -11.0978 13.2
      vertex -26.7925 -11.0978 6.79999
    endloop
  endfacet
  facet normal 0.935899 0.352268 0
    outer loop
      vertex -26.7925 -11.0978 5.2
      vertex -27.461 -9.32174 2
      vertex -27.461 -9.32174 5.2
    endloop
  endfacet
  facet normal 0.935899 0.352268 0
    outer loop
      vertex -27.461 -9.32174 2
      vertex -26.7925 -11.0978 5.2
      vertex -26.7925 -11.0978 2
    endloop
  endfacet
  facet normal 0.0327237 0.999464 -0
    outer loop
      vertex 0 -29 6.79999
      vertex -1.89669 -28.9379 13.2
      vertex 0 -29 13.2
    endloop
  endfacet
  facet normal 0.0327237 0.999464 0
    outer loop
      vertex -1.89669 -28.9379 13.2
      vertex 0 -29 6.79999
      vertex -1.89669 -28.9379 6.79999
    endloop
  endfacet
  facet normal 0.0327237 0.999464 -0
    outer loop
      vertex 0 -29 2
      vertex -1.89669 -28.9379 5.2
      vertex 0 -29 5.2
    endloop
  endfacet
  facet normal 0.0327237 0.999464 0
    outer loop
      vertex -1.89669 -28.9379 5.2
      vertex 0 -29 2
      vertex -1.89669 -28.9379 2
    endloop
  endfacet
  facet normal 0.412699 -0.910867 0
    outer loop
      vertex -12.8264 26.0093 6.79999
      vertex -11.0978 26.7925 13.2
      vertex -12.8264 26.0093 13.2
    endloop
  endfacet
  facet normal 0.412699 -0.910867 0
    outer loop
      vertex -11.0978 26.7925 13.2
      vertex -12.8264 26.0093 6.79999
      vertex -11.0978 26.7925 6.79999
    endloop
  endfacet
  facet normal 0.412699 -0.910867 0
    outer loop
      vertex -12.8264 26.0093 2
      vertex -11.0978 26.7925 5.2
      vertex -12.8264 26.0093 5.2
    endloop
  endfacet
  facet normal 0.412699 -0.910867 0
    outer loop
      vertex -11.0978 26.7925 5.2
      vertex -12.8264 26.0093 2
      vertex -11.0978 26.7925 2
    endloop
  endfacet
  facet normal -0.471414 -0.881912 0
    outer loop
      vertex 12.8264 26.0093 6.79999
      vertex 14.5 25.1147 13.2
      vertex 12.8264 26.0093 13.2
    endloop
  endfacet
  facet normal -0.471414 -0.881912 -0
    outer loop
      vertex 14.5 25.1147 13.2
      vertex 12.8264 26.0093 6.79999
      vertex 14.5 25.1147 6.79999
    endloop
  endfacet
  facet normal -0.471414 -0.881912 0
    outer loop
      vertex 12.8264 26.0093 2
      vertex 14.5 25.1147 5.2
      vertex 12.8264 26.0093 5.2
    endloop
  endfacet
  facet normal -0.471414 -0.881912 -0
    outer loop
      vertex 14.5 25.1147 5.2
      vertex 12.8264 26.0093 2
      vertex 14.5 25.1147 2
    endloop
  endfacet
  facet normal 0.910867 0.412699 0
    outer loop
      vertex -26.0093 -12.8264 13.2
      vertex -26.7925 -11.0978 6.79999
      vertex -26.7925 -11.0978 13.2
    endloop
  endfacet
  facet normal 0.910867 0.412699 0
    outer loop
      vertex -26.7925 -11.0978 6.79999
      vertex -26.0093 -12.8264 13.2
      vertex -26.0093 -12.8264 6.79999
    endloop
  endfacet
  facet normal 0.910867 0.412699 0
    outer loop
      vertex -26.0093 -12.8264 5.2
      vertex -26.7925 -11.0978 2
      vertex -26.7925 -11.0978 5.2
    endloop
  endfacet
  facet normal 0.910867 0.412699 0
    outer loop
      vertex -26.7925 -11.0978 2
      vertex -26.0093 -12.8264 5.2
      vertex -26.0093 -12.8264 2
    endloop
  endfacet
  facet normal -0.0327237 -0.999464 0
    outer loop
      vertex 0 29 6.79999
      vertex 1.89669 28.9379 13.2
      vertex 0 29 13.2
    endloop
  endfacet
  facet normal -0.0327237 -0.999464 -0
    outer loop
      vertex 1.89669 28.9379 13.2
      vertex 0 29 6.79999
      vertex 1.89669 28.9379 6.79999
    endloop
  endfacet
  facet normal -0.0327237 -0.999464 0
    outer loop
      vertex 0 29 2
      vertex 1.89669 28.9379 5.2
      vertex 0 29 5.2
    endloop
  endfacet
  facet normal -0.0327237 -0.999464 -0
    outer loop
      vertex 1.89669 28.9379 5.2
      vertex 0 29 2
      vertex 1.89669 28.9379 2
    endloop
  endfacet
  facet normal -0.52807 -0.849201 0
    outer loop
      vertex 14.5 25.1147 6.79999
      vertex 16.1115 24.1126 13.2
      vertex 14.5 25.1147 13.2
    endloop
  endfacet
  facet normal -0.52807 -0.849201 -0
    outer loop
      vertex 16.1115 24.1126 13.2
      vertex 14.5 25.1147 6.79999
      vertex 16.1115 24.1126 6.79999
    endloop
  endfacet
  facet normal -0.52807 -0.849201 0
    outer loop
      vertex 14.5 25.1147 2
      vertex 16.1115 24.1126 5.2
      vertex 14.5 25.1147 5.2
    endloop
  endfacet
  facet normal -0.52807 -0.849201 -0
    outer loop
      vertex 16.1115 24.1126 5.2
      vertex 14.5 25.1147 2
      vertex 16.1115 24.1126 2
    endloop
  endfacet
  facet normal -0.986646 0.162881 0
    outer loop
      vertex 28.4428 -5.65762 6.79999
      vertex 28.7519 -3.78526 13.2
      vertex 28.7519 -3.78526 6.79999
    endloop
  endfacet
  facet normal -0.986646 0.162881 0
    outer loop
      vertex 28.7519 -3.78526 13.2
      vertex 28.4428 -5.65762 6.79999
      vertex 28.4428 -5.65762 13.2
    endloop
  endfacet
  facet normal -0.986646 0.162881 0
    outer loop
      vertex 28.4428 -5.65762 2
      vertex 28.7519 -3.78526 5.2
      vertex 28.7519 -3.78526 2
    endloop
  endfacet
  facet normal -0.986646 0.162881 0
    outer loop
      vertex 28.7519 -3.78526 5.2
      vertex 28.4428 -5.65762 2
      vertex 28.4428 -5.65762 5.2
    endloop
  endfacet
  facet normal -0.227115 -0.973868 0
    outer loop
      vertex 5.65762 28.4428 6.79999
      vertex 7.50575 28.0118 13.2
      vertex 5.65762 28.4428 13.2
    endloop
  endfacet
  facet normal -0.227115 -0.973868 -0
    outer loop
      vertex 7.50575 28.0118 13.2
      vertex 5.65762 28.4428 6.79999
      vertex 7.50575 28.0118 6.79999
    endloop
  endfacet
  facet normal -0.227115 -0.973868 0
    outer loop
      vertex 5.65762 28.4428 2
      vertex 7.50575 28.0118 5.2
      vertex 5.65762 28.4428 5.2
    endloop
  endfacet
  facet normal -0.227115 -0.973868 -0
    outer loop
      vertex 7.50575 28.0118 5.2
      vertex 5.65762 28.4428 2
      vertex 7.50575 28.0118 2
    endloop
  endfacet
  facet normal 0.986646 -0.162881 0
    outer loop
      vertex -28.7519 3.78526 13.2
      vertex -28.4428 5.65762 6.79999
      vertex -28.4428 5.65762 13.2
    endloop
  endfacet
  facet normal 0.986646 -0.162881 0
    outer loop
      vertex -28.4428 5.65762 6.79999
      vertex -28.7519 3.78526 13.2
      vertex -28.7519 3.78526 6.79999
    endloop
  endfacet
  facet normal 0.986646 -0.162881 0
    outer loop
      vertex -28.7519 3.78526 5.2
      vertex -28.4428 5.65762 2
      vertex -28.4428 5.65762 5.2
    endloop
  endfacet
  facet normal 0.986646 -0.162881 0
    outer loop
      vertex -28.4428 5.65762 2
      vertex -28.7519 3.78526 5.2
      vertex -28.7519 3.78526 2
    endloop
  endfacet
  facet normal 0.352268 -0.935899 0
    outer loop
      vertex -11.0978 26.7925 6.79999
      vertex -9.32174 27.461 13.2
      vertex -11.0978 26.7925 13.2
    endloop
  endfacet
  facet normal 0.352268 -0.935899 0
    outer loop
      vertex -9.32174 27.461 13.2
      vertex -11.0978 26.7925 6.79999
      vertex -9.32174 27.461 6.79999
    endloop
  endfacet
  facet normal 0.352268 -0.935899 0
    outer loop
      vertex -11.0978 26.7925 2
      vertex -9.32174 27.461 5.2
      vertex -11.0978 26.7925 5.2
    endloop
  endfacet
  facet normal 0.352268 -0.935899 0
    outer loop
      vertex -9.32174 27.461 5.2
      vertex -11.0978 26.7925 2
      vertex -9.32174 27.461 2
    endloop
  endfacet
  facet normal 0.881912 0.471414 0
    outer loop
      vertex -25.1147 -14.5 13.2
      vertex -26.0093 -12.8264 6.79999
      vertex -26.0093 -12.8264 13.2
    endloop
  endfacet
  facet normal 0.881912 0.471414 0
    outer loop
      vertex -26.0093 -12.8264 6.79999
      vertex -25.1147 -14.5 13.2
      vertex -25.1147 -14.5 6.79999
    endloop
  endfacet
  facet normal 0.881912 0.471414 0
    outer loop
      vertex -25.1147 -14.5 5.2
      vertex -26.0093 -12.8264 2
      vertex -26.0093 -12.8264 5.2
    endloop
  endfacet
  facet normal 0.881912 0.471414 0
    outer loop
      vertex -26.0093 -12.8264 2
      vertex -25.1147 -14.5 5.2
      vertex -25.1147 -14.5 2
    endloop
  endfacet
  facet normal -0.995185 0.098013 0
    outer loop
      vertex 28.7519 -3.78526 6.79999
      vertex 28.9379 -1.89669 13.2
      vertex 28.9379 -1.89669 6.79999
    endloop
  endfacet
  facet normal -0.995185 0.098013 0
    outer loop
      vertex 28.9379 -1.89669 13.2
      vertex 28.7519 -3.78526 6.79999
      vertex 28.7519 -3.78526 13.2
    endloop
  endfacet
  facet normal -0.995185 0.098013 0
    outer loop
      vertex 28.7519 -3.78526 2
      vertex 28.9379 -1.89669 5.2
      vertex 28.9379 -1.89669 2
    endloop
  endfacet
  facet normal -0.995185 0.098013 0
    outer loop
      vertex 28.9379 -1.89669 5.2
      vertex 28.7519 -3.78526 2
      vertex 28.7519 -3.78526 5.2
    endloop
  endfacet
  facet normal -0.290249 0.956951 0
    outer loop
      vertex 9.32174 -27.461 6.79999
      vertex 7.50575 -28.0118 13.2
      vertex 9.32174 -27.461 13.2
    endloop
  endfacet
  facet normal -0.290249 0.956951 0
    outer loop
      vertex 7.50575 -28.0118 13.2
      vertex 9.32174 -27.461 6.79999
      vertex 7.50575 -28.0118 6.79999
    endloop
  endfacet
  facet normal -0.290249 0.956951 0
    outer loop
      vertex 9.32174 -27.461 2
      vertex 7.50575 -28.0118 5.2
      vertex 9.32174 -27.461 5.2
    endloop
  endfacet
  facet normal -0.290249 0.956951 0
    outer loop
      vertex 7.50575 -28.0118 5.2
      vertex 9.32174 -27.461 2
      vertex 7.50575 -28.0118 2
    endloop
  endfacet
  facet normal 0.973868 0.227115 0
    outer loop
      vertex -28.0118 -7.50575 13.2
      vertex -28.4428 -5.65762 6.79999
      vertex -28.4428 -5.65762 13.2
    endloop
  endfacet
  facet normal 0.973868 0.227115 0
    outer loop
      vertex -28.4428 -5.65762 6.79999
      vertex -28.0118 -7.50575 13.2
      vertex -28.0118 -7.50575 6.79999
    endloop
  endfacet
  facet normal 0.973868 0.227115 0
    outer loop
      vertex -28.0118 -7.50575 5.2
      vertex -28.4428 -5.65762 2
      vertex -28.4428 -5.65762 5.2
    endloop
  endfacet
  facet normal 0.973868 0.227115 0
    outer loop
      vertex -28.4428 -5.65762 2
      vertex -28.0118 -7.50575 5.2
      vertex -28.0118 -7.50575 2
    endloop
  endfacet
  facet normal -0.352268 -0.935899 0
    outer loop
      vertex 9.32174 27.461 6.79999
      vertex 11.0978 26.7925 13.2
      vertex 9.32174 27.461 13.2
    endloop
  endfacet
  facet normal -0.352268 -0.935899 -0
    outer loop
      vertex 11.0978 26.7925 13.2
      vertex 9.32174 27.461 6.79999
      vertex 11.0978 26.7925 6.79999
    endloop
  endfacet
  facet normal -0.352268 -0.935899 0
    outer loop
      vertex 9.32174 27.461 2
      vertex 11.0978 26.7925 5.2
      vertex 9.32174 27.461 5.2
    endloop
  endfacet
  facet normal -0.352268 -0.935899 -0
    outer loop
      vertex 11.0978 26.7925 5.2
      vertex 9.32174 27.461 2
      vertex 11.0978 26.7925 2
    endloop
  endfacet
  facet normal -0.729861 -0.683596 0
    outer loop
      vertex 21.8034 19.121 6.79999
      vertex 20.5061 20.5061 13.2
      vertex 20.5061 20.5061 6.79999
    endloop
  endfacet
  facet normal -0.729861 -0.683596 0
    outer loop
      vertex 20.5061 20.5061 13.2
      vertex 21.8034 19.121 6.79999
      vertex 21.8034 19.121 13.2
    endloop
  endfacet
  facet normal -0.729861 -0.683596 0
    outer loop
      vertex 21.8034 19.121 2
      vertex 20.5061 20.5061 5.2
      vertex 20.5061 20.5061 2
    endloop
  endfacet
  facet normal -0.729861 -0.683596 0
    outer loop
      vertex 20.5061 20.5061 5.2
      vertex 21.8034 19.121 2
      vertex 21.8034 19.121 5.2
    endloop
  endfacet
  facet normal 0.995185 0.098013 0
    outer loop
      vertex -28.7519 -3.78526 13.2
      vertex -28.9379 -1.89669 6.79999
      vertex -28.9379 -1.89669 13.2
    endloop
  endfacet
  facet normal 0.995185 0.098013 0
    outer loop
      vertex -28.9379 -1.89669 6.79999
      vertex -28.7519 -3.78526 13.2
      vertex -28.7519 -3.78526 6.79999
    endloop
  endfacet
  facet normal 0.995185 0.098013 0
    outer loop
      vertex -28.7519 -3.78526 5.2
      vertex -28.9379 -1.89669 2
      vertex -28.9379 -1.89669 5.2
    endloop
  endfacet
  facet normal 0.995185 0.098013 0
    outer loop
      vertex -28.9379 -1.89669 2
      vertex -28.7519 -3.78526 5.2
      vertex -28.7519 -3.78526 2
    endloop
  endfacet
  facet normal 0.162881 0.986646 -0
    outer loop
      vertex -3.78526 -28.7519 6.79999
      vertex -5.65762 -28.4428 13.2
      vertex -3.78526 -28.7519 13.2
    endloop
  endfacet
  facet normal 0.162881 0.986646 0
    outer loop
      vertex -5.65762 -28.4428 13.2
      vertex -3.78526 -28.7519 6.79999
      vertex -5.65762 -28.4428 6.79999
    endloop
  endfacet
  facet normal 0.162881 0.986646 -0
    outer loop
      vertex -3.78526 -28.7519 2
      vertex -5.65762 -28.4428 5.2
      vertex -3.78526 -28.7519 5.2
    endloop
  endfacet
  facet normal 0.162881 0.986646 0
    outer loop
      vertex -5.65762 -28.4428 5.2
      vertex -3.78526 -28.7519 2
      vertex -5.65762 -28.4428 2
    endloop
  endfacet
  facet normal 0.634376 0.773024 -0
    outer loop
      vertex -17.6541 -23.0072 6.79999
      vertex -19.121 -21.8034 13.2
      vertex -17.6541 -23.0072 13.2
    endloop
  endfacet
  facet normal 0.634376 0.773024 0
    outer loop
      vertex -19.121 -21.8034 13.2
      vertex -17.6541 -23.0072 6.79999
      vertex -19.121 -21.8034 6.79999
    endloop
  endfacet
  facet normal 0.634376 0.773024 -0
    outer loop
      vertex -17.6541 -23.0072 2
      vertex -19.121 -21.8034 5.2
      vertex -17.6541 -23.0072 5.2
    endloop
  endfacet
  facet normal 0.634376 0.773024 0
    outer loop
      vertex -19.121 -21.8034 5.2
      vertex -17.6541 -23.0072 2
      vertex -19.121 -21.8034 2
    endloop
  endfacet
  facet normal -0.881912 -0.471414 0
    outer loop
      vertex 26.0093 12.8264 6.79999
      vertex 25.1147 14.5 13.2
      vertex 25.1147 14.5 6.79999
    endloop
  endfacet
  facet normal -0.881912 -0.471414 0
    outer loop
      vertex 25.1147 14.5 13.2
      vertex 26.0093 12.8264 6.79999
      vertex 26.0093 12.8264 13.2
    endloop
  endfacet
  facet normal -0.881912 -0.471414 0
    outer loop
      vertex 26.0093 12.8264 2
      vertex 25.1147 14.5 5.2
      vertex 25.1147 14.5 2
    endloop
  endfacet
  facet normal -0.881912 -0.471414 0
    outer loop
      vertex 25.1147 14.5 5.2
      vertex 26.0093 12.8264 2
      vertex 26.0093 12.8264 5.2
    endloop
  endfacet
  facet normal 0.582474 -0.81285 0
    outer loop
      vertex -17.6541 23.0072 6.79999
      vertex -16.1115 24.1126 13.2
      vertex -17.6541 23.0072 13.2
    endloop
  endfacet
  facet normal 0.582474 -0.81285 0
    outer loop
      vertex -16.1115 24.1126 13.2
      vertex -17.6541 23.0072 6.79999
      vertex -16.1115 24.1126 6.79999
    endloop
  endfacet
  facet normal 0.582474 -0.81285 0
    outer loop
      vertex -17.6541 23.0072 2
      vertex -16.1115 24.1126 5.2
      vertex -17.6541 23.0072 5.2
    endloop
  endfacet
  facet normal 0.582474 -0.81285 0
    outer loop
      vertex -16.1115 24.1126 5.2
      vertex -17.6541 23.0072 2
      vertex -16.1115 24.1126 2
    endloop
  endfacet
  facet normal -0.773024 -0.634376 0
    outer loop
      vertex 23.0072 17.6541 6.79999
      vertex 21.8034 19.121 13.2
      vertex 21.8034 19.121 6.79999
    endloop
  endfacet
  facet normal -0.773024 -0.634376 0
    outer loop
      vertex 21.8034 19.121 13.2
      vertex 23.0072 17.6541 6.79999
      vertex 23.0072 17.6541 13.2
    endloop
  endfacet
  facet normal -0.773024 -0.634376 0
    outer loop
      vertex 23.0072 17.6541 2
      vertex 21.8034 19.121 5.2
      vertex 21.8034 19.121 2
    endloop
  endfacet
  facet normal -0.773024 -0.634376 0
    outer loop
      vertex 21.8034 19.121 5.2
      vertex 23.0072 17.6541 2
      vertex 23.0072 17.6541 5.2
    endloop
  endfacet
  facet normal 0.81285 -0.582474 0
    outer loop
      vertex -24.1126 16.1115 13.2
      vertex -23.0072 17.6541 6.79999
      vertex -23.0072 17.6541 13.2
    endloop
  endfacet
  facet normal 0.81285 -0.582474 0
    outer loop
      vertex -23.0072 17.6541 6.79999
      vertex -24.1126 16.1115 13.2
      vertex -24.1126 16.1115 6.79999
    endloop
  endfacet
  facet normal 0.81285 -0.582474 0
    outer loop
      vertex -24.1126 16.1115 5.2
      vertex -23.0072 17.6541 2
      vertex -23.0072 17.6541 5.2
    endloop
  endfacet
  facet normal 0.81285 -0.582474 0
    outer loop
      vertex -23.0072 17.6541 2
      vertex -24.1126 16.1115 5.2
      vertex -24.1126 16.1115 2
    endloop
  endfacet
  facet normal -0.81285 0.582474 0
    outer loop
      vertex 23.0072 -17.6541 6.79999
      vertex 24.1126 -16.1115 13.2
      vertex 24.1126 -16.1115 6.79999
    endloop
  endfacet
  facet normal -0.81285 0.582474 0
    outer loop
      vertex 24.1126 -16.1115 13.2
      vertex 23.0072 -17.6541 6.79999
      vertex 23.0072 -17.6541 13.2
    endloop
  endfacet
  facet normal -0.81285 0.582474 0
    outer loop
      vertex 23.0072 -17.6541 2
      vertex 24.1126 -16.1115 5.2
      vertex 24.1126 -16.1115 2
    endloop
  endfacet
  facet normal -0.81285 0.582474 0
    outer loop
      vertex 24.1126 -16.1115 5.2
      vertex 23.0072 -17.6541 2
      vertex 23.0072 -17.6541 5.2
    endloop
  endfacet
  facet normal 0.098013 0.995185 -0
    outer loop
      vertex -1.89669 -28.9379 6.79999
      vertex -3.78526 -28.7519 13.2
      vertex -1.89669 -28.9379 13.2
    endloop
  endfacet
  facet normal 0.098013 0.995185 0
    outer loop
      vertex -3.78526 -28.7519 13.2
      vertex -1.89669 -28.9379 6.79999
      vertex -3.78526 -28.7519 6.79999
    endloop
  endfacet
  facet normal 0.098013 0.995185 -0
    outer loop
      vertex -1.89669 -28.9379 2
      vertex -3.78526 -28.7519 5.2
      vertex -1.89669 -28.9379 5.2
    endloop
  endfacet
  facet normal 0.098013 0.995185 0
    outer loop
      vertex -3.78526 -28.7519 5.2
      vertex -1.89669 -28.9379 2
      vertex -3.78526 -28.7519 2
    endloop
  endfacet
  facet normal 0.227115 0.973868 -0
    outer loop
      vertex -5.65762 -28.4428 6.79999
      vertex -7.50575 -28.0118 13.2
      vertex -5.65762 -28.4428 13.2
    endloop
  endfacet
  facet normal 0.227115 0.973868 0
    outer loop
      vertex -7.50575 -28.0118 13.2
      vertex -5.65762 -28.4428 6.79999
      vertex -7.50575 -28.0118 6.79999
    endloop
  endfacet
  facet normal 0.227115 0.973868 -0
    outer loop
      vertex -5.65762 -28.4428 2
      vertex -7.50575 -28.0118 5.2
      vertex -5.65762 -28.4428 5.2
    endloop
  endfacet
  facet normal 0.227115 0.973868 0
    outer loop
      vertex -7.50575 -28.0118 5.2
      vertex -5.65762 -28.4428 2
      vertex -7.50575 -28.0118 2
    endloop
  endfacet
  facet normal 0.729861 -0.683596 0
    outer loop
      vertex -21.8034 19.121 13.2
      vertex -20.5061 20.5061 6.79999
      vertex -20.5061 20.5061 13.2
    endloop
  endfacet
  facet normal 0.729861 -0.683596 0
    outer loop
      vertex -20.5061 20.5061 6.79999
      vertex -21.8034 19.121 13.2
      vertex -21.8034 19.121 6.79999
    endloop
  endfacet
  facet normal 0.729861 -0.683596 0
    outer loop
      vertex -21.8034 19.121 5.2
      vertex -20.5061 20.5061 2
      vertex -20.5061 20.5061 5.2
    endloop
  endfacet
  facet normal 0.729861 -0.683596 0
    outer loop
      vertex -20.5061 20.5061 2
      vertex -21.8034 19.121 5.2
      vertex -21.8034 19.121 2
    endloop
  endfacet
  facet normal 0.849201 0.52807 0
    outer loop
      vertex -24.1126 -16.1115 13.2
      vertex -25.1147 -14.5 6.79999
      vertex -25.1147 -14.5 13.2
    endloop
  endfacet
  facet normal 0.849201 0.52807 0
    outer loop
      vertex -25.1147 -14.5 6.79999
      vertex -24.1126 -16.1115 13.2
      vertex -24.1126 -16.1115 6.79999
    endloop
  endfacet
  facet normal 0.849201 0.52807 0
    outer loop
      vertex -24.1126 -16.1115 5.2
      vertex -25.1147 -14.5 2
      vertex -25.1147 -14.5 5.2
    endloop
  endfacet
  facet normal 0.849201 0.52807 0
    outer loop
      vertex -25.1147 -14.5 2
      vertex -24.1126 -16.1115 5.2
      vertex -24.1126 -16.1115 2
    endloop
  endfacet
  facet normal 0.162881 -0.986646 0
    outer loop
      vertex -5.65762 28.4428 6.79999
      vertex -3.78526 28.7519 13.2
      vertex -5.65762 28.4428 13.2
    endloop
  endfacet
  facet normal 0.162881 -0.986646 0
    outer loop
      vertex -3.78526 28.7519 13.2
      vertex -5.65762 28.4428 6.79999
      vertex -3.78526 28.7519 6.79999
    endloop
  endfacet
  facet normal 0.162881 -0.986646 0
    outer loop
      vertex -5.65762 28.4428 2
      vertex -3.78526 28.7519 5.2
      vertex -5.65762 28.4428 5.2
    endloop
  endfacet
  facet normal 0.162881 -0.986646 0
    outer loop
      vertex -3.78526 28.7519 5.2
      vertex -5.65762 28.4428 2
      vertex -3.78526 28.7519 2
    endloop
  endfacet
  facet normal -0.098013 -0.995185 0
    outer loop
      vertex 1.89669 28.9379 6.79999
      vertex 3.78526 28.7519 13.2
      vertex 1.89669 28.9379 13.2
    endloop
  endfacet
  facet normal -0.098013 -0.995185 -0
    outer loop
      vertex 3.78526 28.7519 13.2
      vertex 1.89669 28.9379 6.79999
      vertex 3.78526 28.7519 6.79999
    endloop
  endfacet
  facet normal -0.098013 -0.995185 0
    outer loop
      vertex 1.89669 28.9379 2
      vertex 3.78526 28.7519 5.2
      vertex 1.89669 28.9379 5.2
    endloop
  endfacet
  facet normal -0.098013 -0.995185 -0
    outer loop
      vertex 3.78526 28.7519 5.2
      vertex 1.89669 28.9379 2
      vertex 3.78526 28.7519 2
    endloop
  endfacet
  facet normal 0.973868 -0.227115 0
    outer loop
      vertex -28.4428 5.65762 13.2
      vertex -28.0118 7.50575 6.79999
      vertex -28.0118 7.50575 13.2
    endloop
  endfacet
  facet normal 0.973868 -0.227115 0
    outer loop
      vertex -28.0118 7.50575 6.79999
      vertex -28.4428 5.65762 13.2
      vertex -28.4428 5.65762 6.79999
    endloop
  endfacet
  facet normal 0.973868 -0.227115 0
    outer loop
      vertex -28.4428 5.65762 5.2
      vertex -28.0118 7.50575 2
      vertex -28.0118 7.50575 5.2
    endloop
  endfacet
  facet normal 0.973868 -0.227115 0
    outer loop
      vertex -28.0118 7.50575 2
      vertex -28.4428 5.65762 5.2
      vertex -28.4428 5.65762 2
    endloop
  endfacet
  facet normal -0.910867 -0.412699 0
    outer loop
      vertex 26.7925 11.0978 6.79999
      vertex 26.0093 12.8264 13.2
      vertex 26.0093 12.8264 6.79999
    endloop
  endfacet
  facet normal -0.910867 -0.412699 0
    outer loop
      vertex 26.0093 12.8264 13.2
      vertex 26.7925 11.0978 6.79999
      vertex 26.7925 11.0978 13.2
    endloop
  endfacet
  facet normal -0.910867 -0.412699 0
    outer loop
      vertex 26.7925 11.0978 2
      vertex 26.0093 12.8264 5.2
      vertex 26.0093 12.8264 2
    endloop
  endfacet
  facet normal -0.910867 -0.412699 0
    outer loop
      vertex 26.0093 12.8264 5.2
      vertex 26.7925 11.0978 2
      vertex 26.7925 11.0978 5.2
    endloop
  endfacet
  facet normal -0.352268 0.935899 0
    outer loop
      vertex 11.0978 -26.7925 6.79999
      vertex 9.32174 -27.461 13.2
      vertex 11.0978 -26.7925 13.2
    endloop
  endfacet
  facet normal -0.352268 0.935899 0
    outer loop
      vertex 9.32174 -27.461 13.2
      vertex 11.0978 -26.7925 6.79999
      vertex 9.32174 -27.461 6.79999
    endloop
  endfacet
  facet normal -0.352268 0.935899 0
    outer loop
      vertex 11.0978 -26.7925 2
      vertex 9.32174 -27.461 5.2
      vertex 11.0978 -26.7925 5.2
    endloop
  endfacet
  facet normal -0.352268 0.935899 0
    outer loop
      vertex 9.32174 -27.461 5.2
      vertex 11.0978 -26.7925 2
      vertex 9.32174 -27.461 2
    endloop
  endfacet
  facet normal 0.956951 0.290249 0
    outer loop
      vertex -27.461 -9.32174 13.2
      vertex -28.0118 -7.50575 6.79999
      vertex -28.0118 -7.50575 13.2
    endloop
  endfacet
  facet normal 0.956951 0.290249 0
    outer loop
      vertex -28.0118 -7.50575 6.79999
      vertex -27.461 -9.32174 13.2
      vertex -27.461 -9.32174 6.79999
    endloop
  endfacet
  facet normal 0.956951 0.290249 0
    outer loop
      vertex -27.461 -9.32174 5.2
      vertex -28.0118 -7.50575 2
      vertex -28.0118 -7.50575 5.2
    endloop
  endfacet
  facet normal 0.956951 0.290249 0
    outer loop
      vertex -28.0118 -7.50575 2
      vertex -27.461 -9.32174 5.2
      vertex -27.461 -9.32174 2
    endloop
  endfacet
  facet normal -0.849201 -0.52807 0
    outer loop
      vertex 25.1147 14.5 6.79999
      vertex 24.1126 16.1115 13.2
      vertex 24.1126 16.1115 6.79999
    endloop
  endfacet
  facet normal -0.849201 -0.52807 0
    outer loop
      vertex 24.1126 16.1115 13.2
      vertex 25.1147 14.5 6.79999
      vertex 25.1147 14.5 13.2
    endloop
  endfacet
  facet normal -0.849201 -0.52807 0
    outer loop
      vertex 25.1147 14.5 2
      vertex 24.1126 16.1115 5.2
      vertex 24.1126 16.1115 2
    endloop
  endfacet
  facet normal -0.849201 -0.52807 0
    outer loop
      vertex 24.1126 16.1115 5.2
      vertex 25.1147 14.5 2
      vertex 25.1147 14.5 5.2
    endloop
  endfacet
  facet normal 0.773024 0.634376 0
    outer loop
      vertex -21.8034 -19.121 13.2
      vertex -23.0072 -17.6541 6.79999
      vertex -23.0072 -17.6541 13.2
    endloop
  endfacet
  facet normal 0.773024 0.634376 0
    outer loop
      vertex -23.0072 -17.6541 6.79999
      vertex -21.8034 -19.121 13.2
      vertex -21.8034 -19.121 6.79999
    endloop
  endfacet
  facet normal 0.773024 0.634376 0
    outer loop
      vertex -21.8034 -19.121 5.2
      vertex -23.0072 -17.6541 2
      vertex -23.0072 -17.6541 5.2
    endloop
  endfacet
  facet normal 0.773024 0.634376 0
    outer loop
      vertex -23.0072 -17.6541 2
      vertex -21.8034 -19.121 5.2
      vertex -21.8034 -19.121 2
    endloop
  endfacet
  facet normal -0.935899 0.352268 0
    outer loop
      vertex 26.7925 -11.0978 6.79999
      vertex 27.461 -9.32174 13.2
      vertex 27.461 -9.32174 6.79999
    endloop
  endfacet
  facet normal -0.935899 0.352268 0
    outer loop
      vertex 27.461 -9.32174 13.2
      vertex 26.7925 -11.0978 6.79999
      vertex 26.7925 -11.0978 13.2
    endloop
  endfacet
  facet normal -0.935899 0.352268 0
    outer loop
      vertex 26.7925 -11.0978 2
      vertex 27.461 -9.32174 5.2
      vertex 27.461 -9.32174 2
    endloop
  endfacet
  facet normal -0.935899 0.352268 0
    outer loop
      vertex 27.461 -9.32174 5.2
      vertex 26.7925 -11.0978 2
      vertex 26.7925 -11.0978 5.2
    endloop
  endfacet
  facet normal -0.973868 0.227115 0
    outer loop
      vertex 28.0118 -7.50575 6.79999
      vertex 28.4428 -5.65762 13.2
      vertex 28.4428 -5.65762 6.79999
    endloop
  endfacet
  facet normal -0.973868 0.227115 0
    outer loop
      vertex 28.4428 -5.65762 13.2
      vertex 28.0118 -7.50575 6.79999
      vertex 28.0118 -7.50575 13.2
    endloop
  endfacet
  facet normal -0.973868 0.227115 0
    outer loop
      vertex 28.0118 -7.50575 2
      vertex 28.4428 -5.65762 5.2
      vertex 28.4428 -5.65762 2
    endloop
  endfacet
  facet normal -0.973868 0.227115 0
    outer loop
      vertex 28.4428 -5.65762 5.2
      vertex 28.0118 -7.50575 2
      vertex 28.0118 -7.50575 5.2
    endloop
  endfacet
  facet normal 0.910867 -0.412699 0
    outer loop
      vertex -26.7925 11.0978 13.2
      vertex -26.0093 12.8264 6.79999
      vertex -26.0093 12.8264 13.2
    endloop
  endfacet
  facet normal 0.910867 -0.412699 0
    outer loop
      vertex -26.0093 12.8264 6.79999
      vertex -26.7925 11.0978 13.2
      vertex -26.7925 11.0978 6.79999
    endloop
  endfacet
  facet normal 0.910867 -0.412699 0
    outer loop
      vertex -26.7925 11.0978 5.2
      vertex -26.0093 12.8264 2
      vertex -26.0093 12.8264 5.2
    endloop
  endfacet
  facet normal 0.910867 -0.412699 0
    outer loop
      vertex -26.0093 12.8264 2
      vertex -26.7925 11.0978 5.2
      vertex -26.7925 11.0978 2
    endloop
  endfacet
  facet normal 0.935899 -0.352268 0
    outer loop
      vertex -27.461 9.32174 13.2
      vertex -26.7925 11.0978 6.79999
      vertex -26.7925 11.0978 13.2
    endloop
  endfacet
  facet normal 0.935899 -0.352268 0
    outer loop
      vertex -26.7925 11.0978 6.79999
      vertex -27.461 9.32174 13.2
      vertex -27.461 9.32174 6.79999
    endloop
  endfacet
  facet normal 0.935899 -0.352268 0
    outer loop
      vertex -27.461 9.32174 5.2
      vertex -26.7925 11.0978 2
      vertex -26.7925 11.0978 5.2
    endloop
  endfacet
  facet normal 0.935899 -0.352268 0
    outer loop
      vertex -26.7925 11.0978 2
      vertex -27.461 9.32174 5.2
      vertex -27.461 9.32174 2
    endloop
  endfacet
  facet normal -0.582474 -0.81285 0
    outer loop
      vertex 16.1115 24.1126 6.79999
      vertex 17.6541 23.0072 13.2
      vertex 16.1115 24.1126 13.2
    endloop
  endfacet
  facet normal -0.582474 -0.81285 -0
    outer loop
      vertex 17.6541 23.0072 13.2
      vertex 16.1115 24.1126 6.79999
      vertex 17.6541 23.0072 6.79999
    endloop
  endfacet
  facet normal -0.582474 -0.81285 0
    outer loop
      vertex 16.1115 24.1126 2
      vertex 17.6541 23.0072 5.2
      vertex 16.1115 24.1126 5.2
    endloop
  endfacet
  facet normal -0.582474 -0.81285 -0
    outer loop
      vertex 17.6541 23.0072 5.2
      vertex 16.1115 24.1126 2
      vertex 17.6541 23.0072 2
    endloop
  endfacet
  facet normal -0.973868 -0.227115 0
    outer loop
      vertex 28.4428 5.65762 6.79999
      vertex 28.0118 7.50575 13.2
      vertex 28.0118 7.50575 6.79999
    endloop
  endfacet
  facet normal -0.973868 -0.227115 0
    outer loop
      vertex 28.0118 7.50575 13.2
      vertex 28.4428 5.65762 6.79999
      vertex 28.4428 5.65762 13.2
    endloop
  endfacet
  facet normal -0.973868 -0.227115 0
    outer loop
      vertex 28.4428 5.65762 2
      vertex 28.0118 7.50575 5.2
      vertex 28.0118 7.50575 2
    endloop
  endfacet
  facet normal -0.973868 -0.227115 0
    outer loop
      vertex 28.0118 7.50575 5.2
      vertex 28.4428 5.65762 2
      vertex 28.4428 5.65762 5.2
    endloop
  endfacet
  facet normal -0.935899 -0.352268 0
    outer loop
      vertex 27.461 9.32174 6.79999
      vertex 26.7925 11.0978 13.2
      vertex 26.7925 11.0978 6.79999
    endloop
  endfacet
  facet normal -0.935899 -0.352268 0
    outer loop
      vertex 26.7925 11.0978 13.2
      vertex 27.461 9.32174 6.79999
      vertex 27.461 9.32174 13.2
    endloop
  endfacet
  facet normal -0.935899 -0.352268 0
    outer loop
      vertex 27.461 9.32174 2
      vertex 26.7925 11.0978 5.2
      vertex 26.7925 11.0978 2
    endloop
  endfacet
  facet normal -0.935899 -0.352268 0
    outer loop
      vertex 26.7925 11.0978 5.2
      vertex 27.461 9.32174 2
      vertex 27.461 9.32174 5.2
    endloop
  endfacet
  facet normal 0.634376 -0.773024 0
    outer loop
      vertex -19.121 21.8034 6.79999
      vertex -17.6541 23.0072 13.2
      vertex -19.121 21.8034 13.2
    endloop
  endfacet
  facet normal 0.634376 -0.773024 0
    outer loop
      vertex -17.6541 23.0072 13.2
      vertex -19.121 21.8034 6.79999
      vertex -17.6541 23.0072 6.79999
    endloop
  endfacet
  facet normal 0.634376 -0.773024 0
    outer loop
      vertex -19.121 21.8034 2
      vertex -17.6541 23.0072 5.2
      vertex -19.121 21.8034 5.2
    endloop
  endfacet
  facet normal 0.634376 -0.773024 0
    outer loop
      vertex -17.6541 23.0072 5.2
      vertex -19.121 21.8034 2
      vertex -17.6541 23.0072 2
    endloop
  endfacet
  facet normal -0.986646 -0.162881 0
    outer loop
      vertex 28.7519 3.78526 6.79999
      vertex 28.4428 5.65762 13.2
      vertex 28.4428 5.65762 6.79999
    endloop
  endfacet
  facet normal -0.986646 -0.162881 0
    outer loop
      vertex 28.4428 5.65762 13.2
      vertex 28.7519 3.78526 6.79999
      vertex 28.7519 3.78526 13.2
    endloop
  endfacet
  facet normal -0.986646 -0.162881 0
    outer loop
      vertex 28.7519 3.78526 2
      vertex 28.4428 5.65762 5.2
      vertex 28.4428 5.65762 2
    endloop
  endfacet
  facet normal -0.986646 -0.162881 0
    outer loop
      vertex 28.4428 5.65762 5.2
      vertex 28.7519 3.78526 2
      vertex 28.7519 3.78526 5.2
    endloop
  endfacet
  facet normal 0.849201 -0.52807 0
    outer loop
      vertex -25.1147 14.5 13.2
      vertex -24.1126 16.1115 6.79999
      vertex -24.1126 16.1115 13.2
    endloop
  endfacet
  facet normal 0.849201 -0.52807 0
    outer loop
      vertex -24.1126 16.1115 6.79999
      vertex -25.1147 14.5 13.2
      vertex -25.1147 14.5 6.79999
    endloop
  endfacet
  facet normal 0.849201 -0.52807 0
    outer loop
      vertex -25.1147 14.5 5.2
      vertex -24.1126 16.1115 2
      vertex -24.1126 16.1115 5.2
    endloop
  endfacet
  facet normal 0.849201 -0.52807 0
    outer loop
      vertex -24.1126 16.1115 2
      vertex -25.1147 14.5 5.2
      vertex -25.1147 14.5 2
    endloop
  endfacet
  facet normal -0.412699 0.910867 0
    outer loop
      vertex 12.8264 -26.0093 6.79999
      vertex 11.0978 -26.7925 13.2
      vertex 12.8264 -26.0093 13.2
    endloop
  endfacet
  facet normal -0.412699 0.910867 0
    outer loop
      vertex 11.0978 -26.7925 13.2
      vertex 12.8264 -26.0093 6.79999
      vertex 11.0978 -26.7925 6.79999
    endloop
  endfacet
  facet normal -0.412699 0.910867 0
    outer loop
      vertex 12.8264 -26.0093 2
      vertex 11.0978 -26.7925 5.2
      vertex 12.8264 -26.0093 5.2
    endloop
  endfacet
  facet normal -0.412699 0.910867 0
    outer loop
      vertex 11.0978 -26.7925 5.2
      vertex 12.8264 -26.0093 2
      vertex 11.0978 -26.7925 2
    endloop
  endfacet
  facet normal 0.0327237 -0.999464 0
    outer loop
      vertex -1.89669 28.9379 6.79999
      vertex 0 29 13.2
      vertex -1.89669 28.9379 13.2
    endloop
  endfacet
  facet normal 0.0327237 -0.999464 0
    outer loop
      vertex 0 29 13.2
      vertex -1.89669 28.9379 6.79999
      vertex 0 29 6.79999
    endloop
  endfacet
  facet normal 0.0327237 -0.999464 0
    outer loop
      vertex -1.89669 28.9379 2
      vertex 0 29 5.2
      vertex -1.89669 28.9379 5.2
    endloop
  endfacet
  facet normal 0.0327237 -0.999464 0
    outer loop
      vertex 0 29 5.2
      vertex -1.89669 28.9379 2
      vertex 0 29 2
    endloop
  endfacet
  facet normal 0.52807 -0.849201 0
    outer loop
      vertex -16.1115 24.1126 6.79999
      vertex -14.5 25.1147 13.2
      vertex -16.1115 24.1126 13.2
    endloop
  endfacet
  facet normal 0.52807 -0.849201 0
    outer loop
      vertex -14.5 25.1147 13.2
      vertex -16.1115 24.1126 6.79999
      vertex -14.5 25.1147 6.79999
    endloop
  endfacet
  facet normal 0.52807 -0.849201 0
    outer loop
      vertex -16.1115 24.1126 2
      vertex -14.5 25.1147 5.2
      vertex -16.1115 24.1126 5.2
    endloop
  endfacet
  facet normal 0.52807 -0.849201 0
    outer loop
      vertex -14.5 25.1147 5.2
      vertex -16.1115 24.1126 2
      vertex -14.5 25.1147 2
    endloop
  endfacet
  facet normal 0.290249 0.956951 -0
    outer loop
      vertex -7.50575 -28.0118 6.79999
      vertex -9.32174 -27.461 13.2
      vertex -7.50575 -28.0118 13.2
    endloop
  endfacet
  facet normal 0.290249 0.956951 0
    outer loop
      vertex -9.32174 -27.461 13.2
      vertex -7.50575 -28.0118 6.79999
      vertex -9.32174 -27.461 6.79999
    endloop
  endfacet
  facet normal 0.290249 0.956951 -0
    outer loop
      vertex -7.50575 -28.0118 2
      vertex -9.32174 -27.461 5.2
      vertex -7.50575 -28.0118 5.2
    endloop
  endfacet
  facet normal 0.290249 0.956951 0
    outer loop
      vertex -9.32174 -27.461 5.2
      vertex -7.50575 -28.0118 2
      vertex -9.32174 -27.461 2
    endloop
  endfacet
  facet normal 0.999464 0.0327237 0
    outer loop
      vertex -28.9379 -1.89669 13.2
      vertex -29 0 6.79999
      vertex -29 0 13.2
    endloop
  endfacet
  facet normal 0.999464 0.0327237 0
    outer loop
      vertex -29 0 6.79999
      vertex -28.9379 -1.89669 13.2
      vertex -28.9379 -1.89669 6.79999
    endloop
  endfacet
  facet normal 0.999464 0.0327237 0
    outer loop
      vertex -28.9379 -1.89669 5.2
      vertex -29 0 2
      vertex -29 0 5.2
    endloop
  endfacet
  facet normal 0.999464 0.0327237 0
    outer loop
      vertex -29 0 2
      vertex -28.9379 -1.89669 5.2
      vertex -28.9379 -1.89669 2
    endloop
  endfacet
  facet normal -0.634376 0.773024 0
    outer loop
      vertex 19.121 -21.8034 6.79999
      vertex 17.6541 -23.0072 13.2
      vertex 19.121 -21.8034 13.2
    endloop
  endfacet
  facet normal -0.634376 0.773024 0
    outer loop
      vertex 17.6541 -23.0072 13.2
      vertex 19.121 -21.8034 6.79999
      vertex 17.6541 -23.0072 6.79999
    endloop
  endfacet
  facet normal -0.634376 0.773024 0
    outer loop
      vertex 19.121 -21.8034 2
      vertex 17.6541 -23.0072 5.2
      vertex 19.121 -21.8034 5.2
    endloop
  endfacet
  facet normal -0.634376 0.773024 0
    outer loop
      vertex 17.6541 -23.0072 5.2
      vertex 19.121 -21.8034 2
      vertex 17.6541 -23.0072 2
    endloop
  endfacet
  facet normal 0.290249 -0.956951 0
    outer loop
      vertex -9.32174 27.461 6.79999
      vertex -7.50575 28.0118 13.2
      vertex -9.32174 27.461 13.2
    endloop
  endfacet
  facet normal 0.290249 -0.956951 0
    outer loop
      vertex -7.50575 28.0118 13.2
      vertex -9.32174 27.461 6.79999
      vertex -7.50575 28.0118 6.79999
    endloop
  endfacet
  facet normal 0.290249 -0.956951 0
    outer loop
      vertex -9.32174 27.461 2
      vertex -7.50575 28.0118 5.2
      vertex -9.32174 27.461 5.2
    endloop
  endfacet
  facet normal 0.290249 -0.956951 0
    outer loop
      vertex -7.50575 28.0118 5.2
      vertex -9.32174 27.461 2
      vertex -7.50575 28.0118 2
    endloop
  endfacet
  facet normal 0.471414 0.881912 -0
    outer loop
      vertex -12.8264 -26.0093 6.79999
      vertex -14.5 -25.1147 13.2
      vertex -12.8264 -26.0093 13.2
    endloop
  endfacet
  facet normal 0.471414 0.881912 0
    outer loop
      vertex -14.5 -25.1147 13.2
      vertex -12.8264 -26.0093 6.79999
      vertex -14.5 -25.1147 6.79999
    endloop
  endfacet
  facet normal 0.471414 0.881912 -0
    outer loop
      vertex -12.8264 -26.0093 2
      vertex -14.5 -25.1147 5.2
      vertex -12.8264 -26.0093 5.2
    endloop
  endfacet
  facet normal 0.471414 0.881912 0
    outer loop
      vertex -14.5 -25.1147 5.2
      vertex -12.8264 -26.0093 2
      vertex -14.5 -25.1147 2
    endloop
  endfacet
  facet normal 0.999464 -0.0327237 0
    outer loop
      vertex -29 0 13.2
      vertex -28.9379 1.89669 6.79999
      vertex -28.9379 1.89669 13.2
    endloop
  endfacet
  facet normal 0.999464 -0.0327237 0
    outer loop
      vertex -28.9379 1.89669 6.79999
      vertex -29 0 13.2
      vertex -29 0 6.79999
    endloop
  endfacet
  facet normal 0.999464 -0.0327237 0
    outer loop
      vertex -29 0 5.2
      vertex -28.9379 1.89669 2
      vertex -28.9379 1.89669 5.2
    endloop
  endfacet
  facet normal 0.999464 -0.0327237 0
    outer loop
      vertex -28.9379 1.89669 2
      vertex -29 0 5.2
      vertex -29 0 2
    endloop
  endfacet
  facet normal 0.52807 0.849201 -0
    outer loop
      vertex -14.5 -25.1147 6.79999
      vertex -16.1115 -24.1126 13.2
      vertex -14.5 -25.1147 13.2
    endloop
  endfacet
  facet normal 0.52807 0.849201 0
    outer loop
      vertex -16.1115 -24.1126 13.2
      vertex -14.5 -25.1147 6.79999
      vertex -16.1115 -24.1126 6.79999
    endloop
  endfacet
  facet normal 0.52807 0.849201 -0
    outer loop
      vertex -14.5 -25.1147 2
      vertex -16.1115 -24.1126 5.2
      vertex -14.5 -25.1147 5.2
    endloop
  endfacet
  facet normal 0.52807 0.849201 0
    outer loop
      vertex -16.1115 -24.1126 5.2
      vertex -14.5 -25.1147 2
      vertex -16.1115 -24.1126 2
    endloop
  endfacet
  facet normal 0.471414 -0.881912 0
    outer loop
      vertex -14.5 25.1147 6.79999
      vertex -12.8264 26.0093 13.2
      vertex -14.5 25.1147 13.2
    endloop
  endfacet
  facet normal 0.471414 -0.881912 0
    outer loop
      vertex -12.8264 26.0093 13.2
      vertex -14.5 25.1147 6.79999
      vertex -12.8264 26.0093 6.79999
    endloop
  endfacet
  facet normal 0.471414 -0.881912 0
    outer loop
      vertex -14.5 25.1147 2
      vertex -12.8264 26.0093 5.2
      vertex -14.5 25.1147 5.2
    endloop
  endfacet
  facet normal 0.471414 -0.881912 0
    outer loop
      vertex -12.8264 26.0093 5.2
      vertex -14.5 25.1147 2
      vertex -12.8264 26.0093 2
    endloop
  endfacet
  facet normal 0.582474 0.81285 -0
    outer loop
      vertex -16.1115 -24.1126 6.79999
      vertex -17.6541 -23.0072 13.2
      vertex -16.1115 -24.1126 13.2
    endloop
  endfacet
  facet normal 0.582474 0.81285 0
    outer loop
      vertex -17.6541 -23.0072 13.2
      vertex -16.1115 -24.1126 6.79999
      vertex -17.6541 -23.0072 6.79999
    endloop
  endfacet
  facet normal 0.582474 0.81285 -0
    outer loop
      vertex -16.1115 -24.1126 2
      vertex -17.6541 -23.0072 5.2
      vertex -16.1115 -24.1126 5.2
    endloop
  endfacet
  facet normal 0.582474 0.81285 0
    outer loop
      vertex -17.6541 -23.0072 5.2
      vertex -16.1115 -24.1126 2
      vertex -17.6541 -23.0072 2
    endloop
  endfacet
  facet normal -0.582474 0.81285 0
    outer loop
      vertex 17.6541 -23.0072 6.79999
      vertex 16.1115 -24.1126 13.2
      vertex 17.6541 -23.0072 13.2
    endloop
  endfacet
  facet normal -0.582474 0.81285 0
    outer loop
      vertex 16.1115 -24.1126 13.2
      vertex 17.6541 -23.0072 6.79999
      vertex 16.1115 -24.1126 6.79999
    endloop
  endfacet
  facet normal -0.582474 0.81285 0
    outer loop
      vertex 17.6541 -23.0072 2
      vertex 16.1115 -24.1126 5.2
      vertex 17.6541 -23.0072 5.2
    endloop
  endfacet
  facet normal -0.582474 0.81285 0
    outer loop
      vertex 16.1115 -24.1126 5.2
      vertex 17.6541 -23.0072 2
      vertex 16.1115 -24.1126 2
    endloop
  endfacet
  facet normal 0 0 1
    outer loop
      vertex 28.9379 1.89669 2
      vertex 28.9379 -1.89669 2
      vertex 29 0 2
    endloop
  endfacet
  facet normal 0 0 1
    outer loop
      vertex 28.7519 3.78526 2
      vertex 28.9379 -1.89669 2
      vertex 28.9379 1.89669 2
    endloop
  endfacet
  facet normal 0 0 1
    outer loop
      vertex 28.7519 3.78526 2
      vertex 28.7519 -3.78526 2
      vertex 28.9379 -1.89669 2
    endloop
  endfacet
  facet normal 0 0 1
    outer loop
      vertex 28.4428 5.65762 2
      vertex 28.7519 -3.78526 2
      vertex 28.7519 3.78526 2
    endloop
  endfacet
  facet normal 0 0 1
    outer loop
      vertex 28.4428 5.65762 2
      vertex 28.4428 -5.65762 2
      vertex 28.7519 -3.78526 2
    endloop
  endfacet
  facet normal 0 0 1
    outer loop
      vertex 28.0118 7.50575 2
      vertex 28.4428 -5.65762 2
      vertex 28.4428 5.65762 2
    endloop
  endfacet
  facet normal 0 0 1
    outer loop
      vertex 28.0118 7.50575 2
      vertex 28.0118 -7.50575 2
      vertex 28.4428 -5.65762 2
    endloop
  endfacet
  facet normal 0 0 1
    outer loop
      vertex 27.461 9.32174 2
      vertex 28.0118 -7.50575 2
      vertex 28.0118 7.50575 2
    endloop
  endfacet
  facet normal 0 0 1
    outer loop
      vertex 27.461 9.32174 2
      vertex 27.461 -9.32174 2
      vertex 28.0118 -7.50575 2
    endloop
  endfacet
  facet normal 0 0 1
    outer loop
      vertex 26.7925 11.0978 2
      vertex 27.461 -9.32174 2
      vertex 27.461 9.32174 2
    endloop
  endfacet
  facet normal 0 0 1
    outer loop
      vertex 26.7925 11.0978 2
      vertex 26.7925 -11.0978 2
      vertex 27.461 -9.32174 2
    endloop
  endfacet
  facet normal 0 0 1
    outer loop
      vertex 26.0093 12.8264 2
      vertex 26.7925 -11.0978 2
      vertex 26.7925 11.0978 2
    endloop
  endfacet
  facet normal 0 0 1
    outer loop
      vertex 26.0093 12.8264 2
      vertex 26.0093 -12.8264 2
      vertex 26.7925 -11.0978 2
    endloop
  endfacet
  facet normal 0 0 1
    outer loop
      vertex 25.1147 14.5 2
      vertex 26.0093 -12.8264 2
      vertex 26.0093 12.8264 2
    endloop
  endfacet
  facet normal 0 0 1
    outer loop
      vertex 25.1147 14.5 2
      vertex 25.1147 -14.5 2
      vertex 26.0093 -12.8264 2
    endloop
  endfacet
  facet normal 0 0 1
    outer loop
      vertex 24.1126 16.1115 2
      vertex 25.1147 -14.5 2
      vertex 25.1147 14.5 2
    endloop
  endfacet
  facet normal 0 0 1
    outer loop
      vertex 24.1126 16.1115 2
      vertex 24.1126 -16.1115 2
      vertex 25.1147 -14.5 2
    endloop
  endfacet
  facet normal 0 0 1
    outer loop
      vertex 23.0072 17.6541 2
      vertex 24.1126 -16.1115 2
      vertex 24.1126 16.1115 2
    endloop
  endfacet
  facet normal 0 0 1
    outer loop
      vertex 23.0072 17.6541 2
      vertex 23.0072 -17.6541 2
      vertex 24.1126 -16.1115 2
    endloop
  endfacet
  facet normal 0 0 1
    outer loop
      vertex 21.8034 19.121 2
      vertex 23.0072 -17.6541 2
      vertex 23.0072 17.6541 2
    endloop
  endfacet
  facet normal 0 0 1
    outer loop
      vertex 21.8034 19.121 2
      vertex 21.8034 -19.121 2
      vertex 23.0072 -17.6541 2
    endloop
  endfacet
  facet normal 0 0 1
    outer loop
      vertex 20.5061 20.5061 2
      vertex 21.8034 -19.121 2
      vertex 21.8034 19.121 2
    endloop
  endfacet
  facet normal 0 0 1
    outer loop
      vertex 20.5061 20.5061 2
      vertex 20.5061 -20.5061 2
      vertex 21.8034 -19.121 2
    endloop
  endfacet
  facet normal 0 0 1
    outer loop
      vertex 19.121 21.8034 2
      vertex 20.5061 -20.5061 2
      vertex 20.5061 20.5061 2
    endloop
  endfacet
  facet normal 0 0 1
    outer loop
      vertex 19.121 21.8034 2
      vertex 19.121 -21.8034 2
      vertex 20.5061 -20.5061 2
    endloop
  endfacet
  facet normal 0 0 1
    outer loop
      vertex 17.6541 23.0072 2
      vertex 19.121 -21.8034 2
      vertex 19.121 21.8034 2
    endloop
  endfacet
  facet normal 0 0 1
    outer loop
      vertex 17.6541 23.0072 2
      vertex 17.6541 -23.0072 2
      vertex 19.121 -21.8034 2
    endloop
  endfacet
  facet normal 0 0 1
    outer loop
      vertex 16.1115 24.1126 2
      vertex 17.6541 -23.0072 2
      vertex 17.6541 23.0072 2
    endloop
  endfacet
  facet normal 0 0 1
    outer loop
      vertex 16.1115 24.1126 2
      vertex 16.1115 -24.1126 2
      vertex 17.6541 -23.0072 2
    endloop
  endfacet
  facet normal 0 0 1
    outer loop
      vertex 14.5 25.1147 2
      vertex 16.1115 -24.1126 2
      vertex 16.1115 24.1126 2
    endloop
  endfacet
  facet normal 0 0 1
    outer loop
      vertex 14.5 25.1147 2
      vertex 14.5 -25.1147 2
      vertex 16.1115 -24.1126 2
    endloop
  endfacet
  facet normal 0 0 1
    outer loop
      vertex 12.8264 26.0093 2
      vertex 14.5 -25.1147 2
      vertex 14.5 25.1147 2
    endloop
  endfacet
  facet normal 0 0 1
    outer loop
      vertex 12.8264 26.0093 2
      vertex 12.8264 -26.0093 2
      vertex 14.5 -25.1147 2
    endloop
  endfacet
  facet normal 0 0 1
    outer loop
      vertex 11.0978 26.7925 2
      vertex 12.8264 -26.0093 2
      vertex 12.8264 26.0093 2
    endloop
  endfacet
  facet normal 0 0 1
    outer loop
      vertex 11.0978 26.7925 2
      vertex 11.0978 -26.7925 2
      vertex 12.8264 -26.0093 2
    endloop
  endfacet
  facet normal 0 0 1
    outer loop
      vertex 9.32174 27.461 2
      vertex 11.0978 -26.7925 2
      vertex 11.0978 26.7925 2
    endloop
  endfacet
  facet normal 0 0 1
    outer loop
      vertex 9.32174 27.461 2
      vertex 9.32174 -27.461 2
      vertex 11.0978 -26.7925 2
    endloop
  endfacet
  facet normal 0 0 1
    outer loop
      vertex 7.50575 28.0118 2
      vertex 9.32174 -27.461 2
      vertex 9.32174 27.461 2
    endloop
  endfacet
  facet normal 0 0 1
    outer loop
      vertex 7.50575 28.0118 2
      vertex 7.50575 -28.0118 2
      vertex 9.32174 -27.461 2
    endloop
  endfacet
  facet normal 0 0 1
    outer loop
      vertex 5.65762 28.4428 2
      vertex 7.50575 -28.0118 2
      vertex 7.50575 28.0118 2
    endloop
  endfacet
  facet normal 0 0 1
    outer loop
      vertex 5.65762 28.4428 2
      vertex 5.65762 -28.4428 2
      vertex 7.50575 -28.0118 2
    endloop
  endfacet
  facet normal 0 0 1
    outer loop
      vertex 3.78526 28.7519 2
      vertex 5.65762 -28.4428 2
      vertex 5.65762 28.4428 2
    endloop
  endfacet
  facet normal 0 0 1
    outer loop
      vertex 3.78526 28.7519 2
      vertex 3.78526 -28.7519 2
      vertex 5.65762 -28.4428 2
    endloop
  endfacet
  facet normal 0 0 1
    outer loop
      vertex 1.89669 28.9379 2
      vertex 3.78526 -28.7519 2
      vertex 3.78526 28.7519 2
    endloop
  endfacet
  facet normal 0 0 1
    outer loop
      vertex 1.89669 28.9379 2
      vertex 1.89669 -28.9379 2
      vertex 3.78526 -28.7519 2
    endloop
  endfacet
  facet normal 0 0 1
    outer loop
      vertex 0 29 2
      vertex 1.89669 -28.9379 2
      vertex 1.89669 28.9379 2
    endloop
  endfacet
  facet normal 0 0 1
    outer loop
      vertex 0 29 2
      vertex 0 -29 2
      vertex 1.89669 -28.9379 2
    endloop
  endfacet
  facet normal -0 0 1
    outer loop
      vertex -1.89669 28.9379 2
      vertex 0 -29 2
      vertex 0 29 2
    endloop
  endfacet
  facet normal 0 0 1
    outer loop
      vertex -1.89669 28.9379 2
      vertex -1.89669 -28.9379 2
      vertex 0 -29 2
    endloop
  endfacet
  facet normal -0 0 1
    outer loop
      vertex -3.78526 28.7519 2
      vertex -1.89669 -28.9379 2
      vertex -1.89669 28.9379 2
    endloop
  endfacet
  facet normal 0 0 1
    outer loop
      vertex -3.78526 28.7519 2
      vertex -3.78526 -28.7519 2
      vertex -1.89669 -28.9379 2
    endloop
  endfacet
  facet normal -0 0 1
    outer loop
      vertex -5.65762 28.4428 2
      vertex -3.78526 -28.7519 2
      vertex -3.78526 28.7519 2
    endloop
  endfacet
  facet normal 0 0 1
    outer loop
      vertex -5.65762 28.4428 2
      vertex -5.65762 -28.4428 2
      vertex -3.78526 -28.7519 2
    endloop
  endfacet
  facet normal -0 0 1
    outer loop
      vertex -7.50575 28.0118 2
      vertex -5.65762 -28.4428 2
      vertex -5.65762 28.4428 2
    endloop
  endfacet
  facet normal 0 0 1
    outer loop
      vertex -7.50575 28.0118 2
      vertex -7.50575 -28.0118 2
      vertex -5.65762 -28.4428 2
    endloop
  endfacet
  facet normal -0 0 1
    outer loop
      vertex -9.32174 27.461 2
      vertex -7.50575 -28.0118 2
      vertex -7.50575 28.0118 2
    endloop
  endfacet
  facet normal 0 0 1
    outer loop
      vertex -9.32174 27.461 2
      vertex -9.32174 -27.461 2
      vertex -7.50575 -28.0118 2
    endloop
  endfacet
  facet normal -0 0 1
    outer loop
      vertex -11.0978 26.7925 2
      vertex -9.32174 -27.461 2
      vertex -9.32174 27.461 2
    endloop
  endfacet
  facet normal 0 0 1
    outer loop
      vertex -11.0978 26.7925 2
      vertex -11.0978 -26.7925 2
      vertex -9.32174 -27.461 2
    endloop
  endfacet
  facet normal -0 0 1
    outer loop
      vertex -12.8264 26.0093 2
      vertex -11.0978 -26.7925 2
      vertex -11.0978 26.7925 2
    endloop
  endfacet
  facet normal 0 0 1
    outer loop
      vertex -12.8264 26.0093 2
      vertex -12.8264 -26.0093 2
      vertex -11.0978 -26.7925 2
    endloop
  endfacet
  facet normal -0 0 1
    outer loop
      vertex -14.5 25.1147 2
      vertex -12.8264 -26.0093 2
      vertex -12.8264 26.0093 2
    endloop
  endfacet
  facet normal 0 0 1
    outer loop
      vertex -14.5 25.1147 2
      vertex -14.5 -25.1147 2
      vertex -12.8264 -26.0093 2
    endloop
  endfacet
  facet normal -0 0 1
    outer loop
      vertex -16.1115 24.1126 2
      vertex -14.5 -25.1147 2
      vertex -14.5 25.1147 2
    endloop
  endfacet
  facet normal 0 0 1
    outer loop
      vertex -16.1115 24.1126 2
      vertex -16.1115 -24.1126 2
      vertex -14.5 -25.1147 2
    endloop
  endfacet
  facet normal -0 0 1
    outer loop
      vertex -17.6541 23.0072 2
      vertex -16.1115 -24.1126 2
      vertex -16.1115 24.1126 2
    endloop
  endfacet
  facet normal 0 0 1
    outer loop
      vertex -17.6541 23.0072 2
      vertex -17.6541 -23.0072 2
      vertex -16.1115 -24.1126 2
    endloop
  endfacet
  facet normal -0 0 1
    outer loop
      vertex -19.121 21.8034 2
      vertex -17.6541 -23.0072 2
      vertex -17.6541 23.0072 2
    endloop
  endfacet
  facet normal 0 0 1
    outer loop
      vertex -19.121 21.8034 2
      vertex -19.121 -21.8034 2
      vertex -17.6541 -23.0072 2
    endloop
  endfacet
  facet normal -0 0 1
    outer loop
      vertex -20.5061 20.5061 2
      vertex -19.121 -21.8034 2
      vertex -19.121 21.8034 2
    endloop
  endfacet
  facet normal 0 0 1
    outer loop
      vertex -20.5061 20.5061 2
      vertex -20.5061 -20.5061 2
      vertex -19.121 -21.8034 2
    endloop
  endfacet
  facet normal -0 0 1
    outer loop
      vertex -21.8034 19.121 2
      vertex -20.5061 -20.5061 2
      vertex -20.5061 20.5061 2
    endloop
  endfacet
  facet normal 0 0 1
    outer loop
      vertex -21.8034 19.121 2
      vertex -21.8034 -19.121 2
      vertex -20.5061 -20.5061 2
    endloop
  endfacet
  facet normal -0 0 1
    outer loop
      vertex -23.0072 17.6541 2
      vertex -21.8034 -19.121 2
      vertex -21.8034 19.121 2
    endloop
  endfacet
  facet normal 0 0 1
    outer loop
      vertex -23.0072 17.6541 2
      vertex -23.0072 -17.6541 2
      vertex -21.8034 -19.121 2
    endloop
  endfacet
  facet normal -0 0 1
    outer loop
      vertex -24.1126 16.1115 2
      vertex -23.0072 -17.6541 2
      vertex -23.0072 17.6541 2
    endloop
  endfacet
  facet normal 0 0 1
    outer loop
      vertex -24.1126 16.1115 2
      vertex -24.1126 -16.1115 2
      vertex -23.0072 -17.6541 2
    endloop
  endfacet
  facet normal -0 0 1
    outer loop
      vertex -25.1147 14.5 2
      vertex -24.1126 -16.1115 2
      vertex -24.1126 16.1115 2
    endloop
  endfacet
  facet normal 0 0 1
    outer loop
      vertex -25.1147 14.5 2
      vertex -25.1147 -14.5 2
      vertex -24.1126 -16.1115 2
    endloop
  endfacet
  facet normal -0 0 1
    outer loop
      vertex -26.0093 12.8264 2
      vertex -25.1147 -14.5 2
      vertex -25.1147 14.5 2
    endloop
  endfacet
  facet normal 0 0 1
    outer loop
      vertex -26.0093 12.8264 2
      vertex -26.0093 -12.8264 2
      vertex -25.1147 -14.5 2
    endloop
  endfacet
  facet normal -0 0 1
    outer loop
      vertex -26.7925 11.0978 2
      vertex -26.0093 -12.8264 2
      vertex -26.0093 12.8264 2
    endloop
  endfacet
  facet normal 0 0 1
    outer loop
      vertex -26.7925 11.0978 2
      vertex -26.7925 -11.0978 2
      vertex -26.0093 -12.8264 2
    endloop
  endfacet
  facet normal -0 0 1
    outer loop
      vertex -27.461 9.32174 2
      vertex -26.7925 -11.0978 2
      vertex -26.7925 11.0978 2
    endloop
  endfacet
  facet normal 0 0 1
    outer loop
      vertex -27.461 9.32174 2
      vertex -27.461 -9.32174 2
      vertex -26.7925 -11.0978 2
    endloop
  endfacet
  facet normal -0 0 1
    outer loop
      vertex -28.0118 7.50575 2
      vertex -27.461 -9.32174 2
      vertex -27.461 9.32174 2
    endloop
  endfacet
  facet normal 0 0 1
    outer loop
      vertex -28.0118 7.50575 2
      vertex -28.0118 -7.50575 2
      vertex -27.461 -9.32174 2
    endloop
  endfacet
  facet normal -0 0 1
    outer loop
      vertex -28.4428 5.65762 2
      vertex -28.0118 -7.50575 2
      vertex -28.0118 7.50575 2
    endloop
  endfacet
  facet normal 0 0 1
    outer loop
      vertex -28.4428 5.65762 2
      vertex -28.4428 -5.65762 2
      vertex -28.0118 -7.50575 2
    endloop
  endfacet
  facet normal -0 0 1
    outer loop
      vertex -28.7519 3.78526 2
      vertex -28.4428 -5.65762 2
      vertex -28.4428 5.65762 2
    endloop
  endfacet
  facet normal 0 0 1
    outer loop
      vertex -28.7519 3.78526 2
      vertex -28.7519 -3.78526 2
      vertex -28.4428 -5.65762 2
    endloop
  endfacet
  facet normal -0 0 1
    outer loop
      vertex -28.9379 1.89669 2
      vertex -28.7519 -3.78526 2
      vertex -28.7519 3.78526 2
    endloop
  endfacet
  facet normal 0 0 1
    outer loop
      vertex -28.9379 1.89669 2
      vertex -28.9379 -1.89669 2
      vertex -28.7519 -3.78526 2
    endloop
  endfacet
  facet normal 0 -0 1
    outer loop
      vertex -28.9379 -1.89669 2
      vertex -28.9379 1.89669 2
      vertex -29 0 2
    endloop
  endfacet
  facet normal -0.702149 0.11595 0.702526
    outer loop
      vertex 29.2215 -5.78865 14
      vertex 29.5353 -3.88839 14
      vertex 28.7519 -3.78526 13.2
    endloop
  endfacet
  facet normal -0.206562 0.681036 0.702511
    outer loop
      vertex 7.50575 -28.0118 13.2
      vertex 7.73267 -28.7682 14
      vertex 9.32174 -27.461 13.2
    endloop
  endfacet
  facet normal -0.206559 0.681037 0.702511
    outer loop
      vertex 7.73267 -28.7682 14
      vertex 7.50575 -28.0118 13.2
      vertex 7.71025 -28.775 14
    endloop
  endfacet
  facet normal -0.711303 -0.0232796 0.7025
    outer loop
      vertex 29.7901 0 14
      vertex 29.7271 1.92495 14
      vertex 29 0 13.2
    endloop
  endfacet
  facet normal -0.711256 -0.0242957 0.702513
    outer loop
      vertex 28.9379 1.89669 13.2
      vertex 29.7271 1.92495 14
      vertex 29.7263 1.94837 14
    endloop
  endfacet
  facet normal -0.711291 -0.0232886 0.702511
    outer loop
      vertex 29.7271 1.92495 14
      vertex 28.9379 1.89669 13.2
      vertex 29 0 13.2
    endloop
  endfacet
  facet normal 0.627636 0.335494 0.702507
    outer loop
      vertex -26.0093 -12.8264 13.2
      vertex -26.7069 -13.1965 14
      vertex -25.1147 -14.5 13.2
    endloop
  endfacet
  facet normal 0.627195 0.336322 0.702505
    outer loop
      vertex -26.7069 -13.1965 14
      vertex -26.0093 -12.8264 13.2
      vertex -26.718 -13.1758 14
    endloop
  endfacet
  facet normal 0.693085 -0.161633 0.702501
    outer loop
      vertex -29.2124 5.83458 14
      vertex -28.4428 5.65762 13.2
      vertex -28.0118 7.50575 13.2
    endloop
  endfacet
  facet normal 0.693231 -0.161004 0.702502
    outer loop
      vertex -28.4428 5.65762 13.2
      vertex -29.2124 5.83458 14
      vertex -29.2177 5.81176 14
    endloop
  endfacet
  facet normal 0.161623 0.693077 0.702511
    outer loop
      vertex -5.83458 -29.2124 14
      vertex -7.50575 -28.0118 13.2
      vertex -7.71025 -28.775 14
    endloop
  endfacet
  facet normal -0.549441 -0.452302 0.702522
    outer loop
      vertex 21.8034 19.121 13.2
      vertex 22.4123 19.6239 14
      vertex 22.3974 19.642 14
    endloop
  endfacet
  facet normal -0.550133 -0.451462 0.702521
    outer loop
      vertex 22.4123 19.6239 14
      vertex 21.8034 19.121 13.2
      vertex 23.0072 17.6541 13.2
    endloop
  endfacet
  facet normal -0.578451 -0.414541 0.702532
    outer loop
      vertex 24.1126 16.1115 13.2
      vertex 24.7696 16.5505 14
      vertex 23.6477 18.116 14
    endloop
  endfacet
  facet normal -0.0232796 -0.711303 0.7025
    outer loop
      vertex 1.92495 29.7271 14
      vertex 0 29.7901 14
      vertex 0 29 13.2
    endloop
  endfacet
  facet normal -0.412799 0.57974 0.702494
    outer loop
      vertex 17.6541 -23.0072 13.2
      vertex 18.116 -23.6477 14
      vertex 18.1351 -23.6341 14
    endloop
  endfacet
  facet normal -0.414538 0.578492 0.702499
    outer loop
      vertex 18.116 -23.6477 14
      vertex 17.6541 -23.0072 13.2
      vertex 16.1115 -24.1126 13.2
    endloop
  endfacet
  facet normal -0.249554 -0.666491 0.702504
    outer loop
      vertex 11.3783 27.5307 14
      vertex 11.0978 26.7925 13.2
      vertex 11.4002 27.5225 14
    endloop
  endfacet
  facet normal -0.250701 -0.666058 0.702507
    outer loop
      vertex 11.0978 26.7925 13.2
      vertex 11.3783 27.5307 14
      vertex 9.32174 27.461 13.2
    endloop
  endfacet
  facet normal -0.206559 -0.681037 0.702511
    outer loop
      vertex 7.50575 28.0118 13.2
      vertex 7.73267 28.7682 14
      vertex 7.71025 28.775 14
    endloop
  endfacet
  facet normal -0.206562 -0.681036 0.702511
    outer loop
      vertex 7.73267 28.7682 14
      vertex 7.50575 28.0118 13.2
      vertex 9.32174 27.461 13.2
    endloop
  endfacet
  facet normal -0.0698831 -0.70825 0.702495
    outer loop
      vertex 1.89669 28.9379 13.2
      vertex 1.97168 29.724 14
      vertex 1.94837 29.7263 14
    endloop
  endfacet
  facet normal -0.0697548 -0.708262 0.702495
    outer loop
      vertex 1.97168 29.724 14
      vertex 1.89669 28.9379 13.2
      vertex 3.78526 28.7519 13.2
    endloop
  endfacet
  facet normal -0.375795 0.604339 0.702533
    outer loop
      vertex 14.8951 -25.799 14
      vertex 16.5306 -24.782 14
      vertex 14.5 -25.1147 13.2
    endloop
  endfacet
  facet normal -0.702194 0.115922 0.702485
    outer loop
      vertex 28.4428 -5.65762 13.2
      vertex 29.2215 -5.78865 14
      vertex 28.7519 -3.78526 13.2
    endloop
  endfacet
  facet normal -0.702269 0.115475 0.702484
    outer loop
      vertex 29.2215 -5.78865 14
      vertex 28.4428 -5.65762 13.2
      vertex 29.2177 -5.81176 14
    endloop
  endfacet
  facet normal 0.115922 0.702194 0.702485
    outer loop
      vertex -5.65762 -28.4428 13.2
      vertex -5.78865 -29.2215 14
      vertex -3.78526 -28.7519 13.2
    endloop
  endfacet
  facet normal 0.115475 0.702269 0.702484
    outer loop
      vertex -5.78865 -29.2215 14
      vertex -5.65762 -28.4428 13.2
      vertex -5.81176 -29.2177 14
    endloop
  endfacet
  facet normal -0.519665 0.486236 0.702512
    outer loop
      vertex 21.8034 -19.121 13.2
      vertex 22.3814 -19.6591 14
      vertex 22.3974 -19.642 14
    endloop
  endfacet
  facet normal -0.519422 0.486496 0.702512
    outer loop
      vertex 22.3814 -19.6591 14
      vertex 21.8034 -19.121 13.2
      vertex 20.5061 -20.5061 13.2
    endloop
  endfacet
  facet normal -0.486499 0.519422 0.70251
    outer loop
      vertex 21.0648 -21.0648 14
      vertex 20.5061 -20.5061 13.2
      vertex 19.6591 -22.3814 14
    endloop
  endfacet
  facet normal -0.0232796 0.711303 0.7025
    outer loop
      vertex 1.92495 -29.7271 14
      vertex 0 -29 13.2
      vertex 0 -29.7901 14
    endloop
  endfacet
  facet normal -0.627624 -0.335465 0.702532
    outer loop
      vertex 26.7069 13.1965 14
      vertex 25.799 14.8951 14
      vertex 25.1147 14.5 13.2
    endloop
  endfacet
  facet normal 0.335465 0.627624 0.702532
    outer loop
      vertex -13.1965 -26.7069 14
      vertex -14.5 -25.1147 13.2
      vertex -14.8951 -25.799 14
    endloop
  endfacet
  facet normal -0.250704 0.666049 0.702514
    outer loop
      vertex 9.57572 -28.2092 14
      vertex 11.3783 -27.5307 14
      vertex 9.32174 -27.461 13.2
    endloop
  endfacet
  facet normal -0.70825 0.0698831 0.702495
    outer loop
      vertex 28.9379 -1.89669 13.2
      vertex 29.724 -1.97168 14
      vertex 29.7263 -1.94837 14
    endloop
  endfacet
  facet normal -0.708262 0.0697548 0.702495
    outer loop
      vertex 29.724 -1.97168 14
      vertex 28.9379 -1.89669 13.2
      vertex 28.7519 -3.78526 13.2
    endloop
  endfacet
  facet normal 0.414541 -0.578451 0.702532
    outer loop
      vertex -16.1115 24.1126 13.2
      vertex -16.5505 24.7696 14
      vertex -18.116 23.6477 14
    endloop
  endfacet
  facet normal -0.452302 0.549441 0.702522
    outer loop
      vertex 19.121 -21.8034 13.2
      vertex 19.6239 -22.4123 14
      vertex 19.642 -22.3974 14
    endloop
  endfacet
  facet normal -0.451462 0.550133 0.702521
    outer loop
      vertex 19.6239 -22.4123 14
      vertex 19.121 -21.8034 13.2
      vertex 17.6541 -23.0072 13.2
    endloop
  endfacet
  facet normal -0.711303 0.0232796 0.7025
    outer loop
      vertex 29.7271 -1.92495 14
      vertex 29.7901 0 14
      vertex 29 0 13.2
    endloop
  endfacet
  facet normal -0.648219 0.293718 0.702525
    outer loop
      vertex 27.5225 -11.4002 14
      vertex 26.7925 -11.0978 13.2
      vertex 26.7276 -13.1545 14
    endloop
  endfacet
  facet normal -0.578451 0.414541 0.702532
    outer loop
      vertex 24.7696 -16.5505 14
      vertex 24.1126 -16.1115 13.2
      vertex 23.6477 -18.116 14
    endloop
  endfacet
  facet normal 0.29371 0.648247 0.702503
    outer loop
      vertex -12.8264 -26.0093 13.2
      vertex -13.1545 -26.7276 14
      vertex -11.0978 -26.7925 13.2
    endloop
  endfacet
  facet normal 0.29243 0.648829 0.7025
    outer loop
      vertex -13.1545 -26.7276 14
      vertex -12.8264 -26.0093 13.2
      vertex -13.1758 -26.718 14
    endloop
  endfacet
  facet normal 0.161004 0.693231 0.702502
    outer loop
      vertex -5.65762 -28.4428 13.2
      vertex -5.83458 -29.2124 14
      vertex -5.81176 -29.2177 14
    endloop
  endfacet
  facet normal 0.161633 0.693085 0.702501
    outer loop
      vertex -5.83458 -29.2124 14
      vertex -5.65762 -28.4428 13.2
      vertex -7.50575 -28.0118 13.2
    endloop
  endfacet
  facet normal -0.519665 -0.486236 0.702512
    outer loop
      vertex 22.3814 19.6591 14
      vertex 21.8034 19.121 13.2
      vertex 22.3974 19.642 14
    endloop
  endfacet
  facet normal -0.519422 -0.486496 0.702512
    outer loop
      vertex 21.8034 19.121 13.2
      vertex 22.3814 19.6591 14
      vertex 20.5061 20.5061 13.2
    endloop
  endfacet
  facet normal -0.376351 0.603982 0.702543
    outer loop
      vertex 16.1115 -24.1126 13.2
      vertex 16.5306 -24.782 14
      vertex 16.5505 -24.7696 14
    endloop
  endfacet
  facet normal -0.375797 0.604328 0.702542
    outer loop
      vertex 16.5306 -24.782 14
      vertex 16.1115 -24.1126 13.2
      vertex 14.5 -25.1147 13.2
    endloop
  endfacet
  facet normal -0.604328 0.375797 0.702542
    outer loop
      vertex 24.1126 -16.1115 13.2
      vertex 24.782 -16.5306 14
      vertex 25.1147 -14.5 13.2
    endloop
  endfacet
  facet normal -0.603982 0.376351 0.702543
    outer loop
      vertex 24.782 -16.5306 14
      vertex 24.1126 -16.1115 13.2
      vertex 24.7696 -16.5505 14
    endloop
  endfacet
  facet normal 0.486499 0.519422 0.70251
    outer loop
      vertex -19.6591 -22.3814 14
      vertex -20.5061 -20.5061 13.2
      vertex -21.0648 -21.0648 14
    endloop
  endfacet
  facet normal 0.519422 -0.486499 0.70251
    outer loop
      vertex -20.5061 20.5061 13.2
      vertex -21.0648 21.0648 14
      vertex -22.3814 19.6591 14
    endloop
  endfacet
  facet normal 0.681034 0.206559 0.702514
    outer loop
      vertex -28.2092 -9.57572 14
      vertex -27.461 -9.32174 13.2
      vertex -28.7682 -7.73267 14
    endloop
  endfacet
  facet normal -0.451463 0.550121 0.70253
    outer loop
      vertex 18.1351 -23.6341 14
      vertex 19.6239 -22.4123 14
      vertex 17.6541 -23.0072 13.2
    endloop
  endfacet
  facet normal 0.486499 -0.519422 0.70251
    outer loop
      vertex -20.5061 20.5061 13.2
      vertex -19.6591 22.3814 14
      vertex -21.0648 21.0648 14
    endloop
  endfacet
  facet normal -0.693231 -0.161004 0.702502
    outer loop
      vertex 29.2124 5.83458 14
      vertex 28.4428 5.65762 13.2
      vertex 29.2177 5.81176 14
    endloop
  endfacet
  facet normal -0.693085 -0.161633 0.702501
    outer loop
      vertex 28.4428 5.65762 13.2
      vertex 29.2124 5.83458 14
      vertex 28.0118 7.50575 13.2
    endloop
  endfacet
  facet normal 0.702149 0.11595 0.702526
    outer loop
      vertex -29.2215 -5.78865 14
      vertex -28.7519 -3.78526 13.2
      vertex -29.5353 -3.88839 14
    endloop
  endfacet
  facet normal 0.603982 -0.376351 0.702543
    outer loop
      vertex -24.782 16.5306 14
      vertex -24.1126 16.1115 13.2
      vertex -24.7696 16.5505 14
    endloop
  endfacet
  facet normal 0.604328 -0.375797 0.702542
    outer loop
      vertex -24.1126 16.1115 13.2
      vertex -24.782 16.5306 14
      vertex -25.1147 14.5 13.2
    endloop
  endfacet
  facet normal -0.666058 0.250701 0.702507
    outer loop
      vertex 26.7925 -11.0978 13.2
      vertex 27.5307 -11.3783 14
      vertex 27.461 -9.32174 13.2
    endloop
  endfacet
  facet normal -0.666491 0.249554 0.702504
    outer loop
      vertex 27.5307 -11.3783 14
      vertex 26.7925 -11.0978 13.2
      vertex 27.5225 -11.4002 14
    endloop
  endfacet
  facet normal 0.250701 0.666058 0.702507
    outer loop
      vertex -11.0978 -26.7925 13.2
      vertex -11.3783 -27.5307 14
      vertex -9.32174 -27.461 13.2
    endloop
  endfacet
  facet normal 0.249554 0.666491 0.702504
    outer loop
      vertex -11.3783 -27.5307 14
      vertex -11.0978 -26.7925 13.2
      vertex -11.4002 -27.5225 14
    endloop
  endfacet
  facet normal 0.206559 0.681037 0.702511
    outer loop
      vertex -7.50575 -28.0118 13.2
      vertex -7.73267 -28.7682 14
      vertex -7.71025 -28.775 14
    endloop
  endfacet
  facet normal 0.206562 0.681036 0.702511
    outer loop
      vertex -7.73267 -28.7682 14
      vertex -7.50575 -28.0118 13.2
      vertex -9.32174 -27.461 13.2
    endloop
  endfacet
  facet normal -0.666049 0.250704 0.702514
    outer loop
      vertex 27.5307 -11.3783 14
      vertex 28.2092 -9.57572 14
      vertex 27.461 -9.32174 13.2
    endloop
  endfacet
  facet normal 0.549441 -0.452302 0.702522
    outer loop
      vertex -22.4123 19.6239 14
      vertex -21.8034 19.121 13.2
      vertex -22.3974 19.642 14
    endloop
  endfacet
  facet normal 0.550133 -0.451462 0.702521
    outer loop
      vertex -21.8034 19.121 13.2
      vertex -22.4123 19.6239 14
      vertex -23.0072 17.6541 13.2
    endloop
  endfacet
  facet normal 0.375795 -0.604339 0.702533
    outer loop
      vertex -14.5 25.1147 13.2
      vertex -14.8951 25.799 14
      vertex -16.5306 24.782 14
    endloop
  endfacet
  facet normal 0.206559 0.681034 0.702514
    outer loop
      vertex -7.73267 -28.7682 14
      vertex -9.32174 -27.461 13.2
      vertex -9.57572 -28.2092 14
    endloop
  endfacet
  facet normal 0.708234 -0.0697256 0.702526
    outer loop
      vertex -28.7519 3.78526 13.2
      vertex -29.5353 3.88839 14
      vertex -29.724 1.97168 14
    endloop
  endfacet
  facet normal -0.578492 0.414538 0.702499
    outer loop
      vertex 23.0072 -17.6541 13.2
      vertex 23.6477 -18.116 14
      vertex 24.1126 -16.1115 13.2
    endloop
  endfacet
  facet normal -0.57974 0.412799 0.702494
    outer loop
      vertex 23.6477 -18.116 14
      vertex 23.0072 -17.6541 13.2
      vertex 23.6341 -18.1351 14
    endloop
  endfacet
  facet normal -0.0232886 -0.711291 0.702511
    outer loop
      vertex 1.89669 28.9379 13.2
      vertex 1.92495 29.7271 14
      vertex 0 29 13.2
    endloop
  endfacet
  facet normal -0.0242957 -0.711256 0.702513
    outer loop
      vertex 1.92495 29.7271 14
      vertex 1.89669 28.9379 13.2
      vertex 1.94837 29.7263 14
    endloop
  endfacet
  facet normal -0.115475 -0.702269 0.702484
    outer loop
      vertex 5.78865 29.2215 14
      vertex 5.65762 28.4428 13.2
      vertex 5.81176 29.2177 14
    endloop
  endfacet
  facet normal -0.115922 -0.702194 0.702485
    outer loop
      vertex 5.65762 28.4428 13.2
      vertex 5.78865 29.2215 14
      vertex 3.78526 28.7519 13.2
    endloop
  endfacet
  facet normal 0.550121 0.451463 0.70253
    outer loop
      vertex -22.4123 -19.6239 14
      vertex -23.0072 -17.6541 13.2
      vertex -23.6341 -18.1351 14
    endloop
  endfacet
  facet normal 0.681036 0.206562 0.702511
    outer loop
      vertex -28.0118 -7.50575 13.2
      vertex -28.7682 -7.73267 14
      vertex -27.461 -9.32174 13.2
    endloop
  endfacet
  facet normal 0.681037 0.206559 0.702511
    outer loop
      vertex -28.7682 -7.73267 14
      vertex -28.0118 -7.50575 13.2
      vertex -28.775 -7.71025 14
    endloop
  endfacet
  facet normal -0.0697256 0.708234 0.702526
    outer loop
      vertex 3.88839 -29.5353 14
      vertex 3.78526 -28.7519 13.2
      vertex 1.97168 -29.724 14
    endloop
  endfacet
  facet normal -0.29243 -0.648829 0.7025
    outer loop
      vertex 13.1545 26.7276 14
      vertex 12.8264 26.0093 13.2
      vertex 13.1758 26.718 14
    endloop
  endfacet
  facet normal -0.29371 -0.648247 0.702503
    outer loop
      vertex 12.8264 26.0093 13.2
      vertex 13.1545 26.7276 14
      vertex 11.0978 26.7925 13.2
    endloop
  endfacet
  facet normal -0.0242957 0.711256 0.702513
    outer loop
      vertex 1.89669 -28.9379 13.2
      vertex 1.92495 -29.7271 14
      vertex 1.94837 -29.7263 14
    endloop
  endfacet
  facet normal -0.0232886 0.711291 0.702511
    outer loop
      vertex 1.92495 -29.7271 14
      vertex 1.89669 -28.9379 13.2
      vertex 0 -29 13.2
    endloop
  endfacet
  facet normal 0.451463 0.550121 0.70253
    outer loop
      vertex -18.1351 -23.6341 14
      vertex -17.6541 -23.0072 13.2
      vertex -19.6239 -22.4123 14
    endloop
  endfacet
  facet normal 0.666049 0.250704 0.702514
    outer loop
      vertex -27.5307 -11.3783 14
      vertex -27.461 -9.32174 13.2
      vertex -28.2092 -9.57572 14
    endloop
  endfacet
  facet normal -0.711291 0.0232886 0.702511
    outer loop
      vertex 28.9379 -1.89669 13.2
      vertex 29.7271 -1.92495 14
      vertex 29 0 13.2
    endloop
  endfacet
  facet normal -0.711256 0.0242957 0.702513
    outer loop
      vertex 29.7271 -1.92495 14
      vertex 28.9379 -1.89669 13.2
      vertex 29.7263 -1.94837 14
    endloop
  endfacet
  facet normal 0.206559 -0.681037 0.702511
    outer loop
      vertex -7.73267 28.7682 14
      vertex -7.50575 28.0118 13.2
      vertex -7.71025 28.775 14
    endloop
  endfacet
  facet normal 0.206562 -0.681036 0.702511
    outer loop
      vertex -7.50575 28.0118 13.2
      vertex -7.73267 28.7682 14
      vertex -9.32174 27.461 13.2
    endloop
  endfacet
  facet normal -0.57974 -0.412799 0.702494
    outer loop
      vertex 23.0072 17.6541 13.2
      vertex 23.6477 18.116 14
      vertex 23.6341 18.1351 14
    endloop
  endfacet
  facet normal -0.578492 -0.414538 0.702499
    outer loop
      vertex 23.6477 18.116 14
      vertex 23.0072 17.6541 13.2
      vertex 24.1126 16.1115 13.2
    endloop
  endfacet
  facet normal -0.161623 0.693077 0.702511
    outer loop
      vertex 7.71025 -28.775 14
      vertex 7.50575 -28.0118 13.2
      vertex 5.83458 -29.2124 14
    endloop
  endfacet
  facet normal -0.451463 -0.550121 0.70253
    outer loop
      vertex 19.6239 22.4123 14
      vertex 18.1351 23.6341 14
      vertex 17.6541 23.0072 13.2
    endloop
  endfacet
  facet normal -0.29243 0.648829 0.7025
    outer loop
      vertex 12.8264 -26.0093 13.2
      vertex 13.1545 -26.7276 14
      vertex 13.1758 -26.718 14
    endloop
  endfacet
  facet normal -0.29371 0.648247 0.702503
    outer loop
      vertex 13.1545 -26.7276 14
      vertex 12.8264 -26.0093 13.2
      vertex 11.0978 -26.7925 13.2
    endloop
  endfacet
  facet normal -0.486496 0.519422 0.702512
    outer loop
      vertex 19.121 -21.8034 13.2
      vertex 19.6591 -22.3814 14
      vertex 20.5061 -20.5061 13.2
    endloop
  endfacet
  facet normal -0.486236 0.519665 0.702512
    outer loop
      vertex 19.6591 -22.3814 14
      vertex 19.121 -21.8034 13.2
      vertex 19.642 -22.3974 14
    endloop
  endfacet
  facet normal 0.414538 -0.578492 0.702499
    outer loop
      vertex -18.116 23.6477 14
      vertex -17.6541 23.0072 13.2
      vertex -16.1115 24.1126 13.2
    endloop
  endfacet
  facet normal 0.412799 -0.57974 0.702494
    outer loop
      vertex -17.6541 23.0072 13.2
      vertex -18.116 23.6477 14
      vertex -18.1351 23.6341 14
    endloop
  endfacet
  facet normal 0.70825 -0.0698831 0.702495
    outer loop
      vertex -28.9379 1.89669 13.2
      vertex -29.724 1.97168 14
      vertex -29.7263 1.94837 14
    endloop
  endfacet
  facet normal 0.708262 -0.0697548 0.702495
    outer loop
      vertex -29.724 1.97168 14
      vertex -28.9379 1.89669 13.2
      vertex -28.7519 3.78526 13.2
    endloop
  endfacet
  facet normal 0.681034 -0.206559 0.702514
    outer loop
      vertex -27.461 9.32174 13.2
      vertex -28.2092 9.57572 14
      vertex -28.7682 7.73267 14
    endloop
  endfacet
  facet normal -0.11595 -0.702149 0.702526
    outer loop
      vertex 5.78865 29.2215 14
      vertex 3.88839 29.5353 14
      vertex 3.78526 28.7519 13.2
    endloop
  endfacet
  facet normal -0.414541 0.578451 0.702532
    outer loop
      vertex 16.5505 -24.7696 14
      vertex 18.116 -23.6477 14
      vertex 16.1115 -24.1126 13.2
    endloop
  endfacet
  facet normal -0.604339 -0.375795 0.702533
    outer loop
      vertex 25.1147 14.5 13.2
      vertex 25.799 14.8951 14
      vertex 24.782 16.5306 14
    endloop
  endfacet
  facet normal 0.702194 0.115922 0.702485
    outer loop
      vertex -29.2215 -5.78865 14
      vertex -28.4428 -5.65762 13.2
      vertex -28.7519 -3.78526 13.2
    endloop
  endfacet
  facet normal 0.702269 0.115475 0.702484
    outer loop
      vertex -28.4428 -5.65762 13.2
      vertex -29.2215 -5.78865 14
      vertex -29.2177 -5.81176 14
    endloop
  endfacet
  facet normal -0.161004 -0.693231 0.702502
    outer loop
      vertex 5.65762 28.4428 13.2
      vertex 5.83458 29.2124 14
      vertex 5.81176 29.2177 14
    endloop
  endfacet
  facet normal -0.161633 -0.693085 0.702501
    outer loop
      vertex 5.83458 29.2124 14
      vertex 5.65762 28.4428 13.2
      vertex 7.50575 28.0118 13.2
    endloop
  endfacet
  facet normal -0.681037 0.206559 0.702511
    outer loop
      vertex 28.0118 -7.50575 13.2
      vertex 28.7682 -7.73267 14
      vertex 28.775 -7.71025 14
    endloop
  endfacet
  facet normal -0.681036 0.206562 0.702511
    outer loop
      vertex 28.7682 -7.73267 14
      vertex 28.0118 -7.50575 13.2
      vertex 27.461 -9.32174 13.2
    endloop
  endfacet
  facet normal -0.335494 0.627636 0.702507
    outer loop
      vertex 12.8264 -26.0093 13.2
      vertex 13.1965 -26.7069 14
      vertex 14.5 -25.1147 13.2
    endloop
  endfacet
  facet normal -0.336322 0.627195 0.702505
    outer loop
      vertex 13.1965 -26.7069 14
      vertex 12.8264 -26.0093 13.2
      vertex 13.1758 -26.718 14
    endloop
  endfacet
  facet normal 0.627624 -0.335465 0.702532
    outer loop
      vertex -25.1147 14.5 13.2
      vertex -25.799 14.8951 14
      vertex -26.7069 13.1965 14
    endloop
  endfacet
  facet normal 0.250704 -0.666049 0.702514
    outer loop
      vertex -9.32174 27.461 13.2
      vertex -9.57572 28.2092 14
      vertex -11.3783 27.5307 14
    endloop
  endfacet
  facet normal 0.57974 -0.412799 0.702494
    outer loop
      vertex -23.6477 18.116 14
      vertex -23.0072 17.6541 13.2
      vertex -23.6341 18.1351 14
    endloop
  endfacet
  facet normal 0.578492 -0.414538 0.702499
    outer loop
      vertex -23.0072 17.6541 13.2
      vertex -23.6477 18.116 14
      vertex -24.1126 16.1115 13.2
    endloop
  endfacet
  facet normal -0.627624 0.335465 0.702532
    outer loop
      vertex 25.799 -14.8951 14
      vertex 26.7069 -13.1965 14
      vertex 25.1147 -14.5 13.2
    endloop
  endfacet
  facet normal 0.414541 0.578451 0.702532
    outer loop
      vertex -16.5505 -24.7696 14
      vertex -16.1115 -24.1126 13.2
      vertex -18.116 -23.6477 14
    endloop
  endfacet
  facet normal -0.519422 0.486499 0.70251
    outer loop
      vertex 21.0648 -21.0648 14
      vertex 22.3814 -19.6591 14
      vertex 20.5061 -20.5061 13.2
    endloop
  endfacet
  facet normal -0.604339 0.375795 0.702533
    outer loop
      vertex 25.799 -14.8951 14
      vertex 25.1147 -14.5 13.2
      vertex 24.782 -16.5306 14
    endloop
  endfacet
  facet normal -0.414541 -0.578451 0.702532
    outer loop
      vertex 18.116 23.6477 14
      vertex 16.5505 24.7696 14
      vertex 16.1115 24.1126 13.2
    endloop
  endfacet
  facet normal 0.711256 -0.0242957 0.702513
    outer loop
      vertex -29.7271 1.92495 14
      vertex -28.9379 1.89669 13.2
      vertex -29.7263 1.94837 14
    endloop
  endfacet
  facet normal 0.711291 -0.0232886 0.702511
    outer loop
      vertex -28.9379 1.89669 13.2
      vertex -29.7271 1.92495 14
      vertex -29 0 13.2
    endloop
  endfacet
  facet normal -0.681034 0.206559 0.702514
    outer loop
      vertex 28.2092 -9.57572 14
      vertex 28.7682 -7.73267 14
      vertex 27.461 -9.32174 13.2
    endloop
  endfacet
  facet normal 0.70825 0.0698831 0.702495
    outer loop
      vertex -29.724 -1.97168 14
      vertex -28.9379 -1.89669 13.2
      vertex -29.7263 -1.94837 14
    endloop
  endfacet
  facet normal 0.708262 0.0697548 0.702495
    outer loop
      vertex -28.9379 -1.89669 13.2
      vertex -29.724 -1.97168 14
      vertex -28.7519 -3.78526 13.2
    endloop
  endfacet
  facet normal -0.550121 0.451463 0.70253
    outer loop
      vertex 23.6341 -18.1351 14
      vertex 23.0072 -17.6541 13.2
      vertex 22.4123 -19.6239 14
    endloop
  endfacet
  facet normal -0.708234 0.0697256 0.702526
    outer loop
      vertex 29.5353 -3.88839 14
      vertex 29.724 -1.97168 14
      vertex 28.7519 -3.78526 13.2
    endloop
  endfacet
  facet normal 0.11595 0.702149 0.702526
    outer loop
      vertex -3.88839 -29.5353 14
      vertex -3.78526 -28.7519 13.2
      vertex -5.78865 -29.2215 14
    endloop
  endfacet
  facet normal -0.206559 -0.681034 0.702514
    outer loop
      vertex 9.32174 27.461 13.2
      vertex 9.57572 28.2092 14
      vertex 7.73267 28.7682 14
    endloop
  endfacet
  facet normal -0.0697548 0.708262 0.702495
    outer loop
      vertex 1.89669 -28.9379 13.2
      vertex 1.97168 -29.724 14
      vertex 3.78526 -28.7519 13.2
    endloop
  endfacet
  facet normal -0.0698831 0.70825 0.702495
    outer loop
      vertex 1.97168 -29.724 14
      vertex 1.89669 -28.9379 13.2
      vertex 1.94837 -29.7263 14
    endloop
  endfacet
  facet normal -0.11595 0.702149 0.702526
    outer loop
      vertex 3.88839 -29.5353 14
      vertex 5.78865 -29.2215 14
      vertex 3.78526 -28.7519 13.2
    endloop
  endfacet
  facet normal 0.0232886 0.711291 0.702511
    outer loop
      vertex -1.89669 -28.9379 13.2
      vertex -1.92495 -29.7271 14
      vertex 0 -29 13.2
    endloop
  endfacet
  facet normal 0.0242957 0.711256 0.702513
    outer loop
      vertex -1.92495 -29.7271 14
      vertex -1.89669 -28.9379 13.2
      vertex -1.94837 -29.7263 14
    endloop
  endfacet
  facet normal 0.161004 -0.693231 0.702502
    outer loop
      vertex -5.83458 29.2124 14
      vertex -5.65762 28.4428 13.2
      vertex -5.81176 29.2177 14
    endloop
  endfacet
  facet normal 0.161633 -0.693085 0.702501
    outer loop
      vertex -5.65762 28.4428 13.2
      vertex -5.83458 29.2124 14
      vertex -7.50575 28.0118 13.2
    endloop
  endfacet
  facet normal 0.486236 -0.519665 0.702512
    outer loop
      vertex -19.6591 22.3814 14
      vertex -19.121 21.8034 13.2
      vertex -19.642 22.3974 14
    endloop
  endfacet
  facet normal 0.486496 -0.519422 0.702512
    outer loop
      vertex -19.121 21.8034 13.2
      vertex -19.6591 22.3814 14
      vertex -20.5061 20.5061 13.2
    endloop
  endfacet
  facet normal 0.711303 -0.0232796 0.7025
    outer loop
      vertex -29 0 13.2
      vertex -29.7271 1.92495 14
      vertex -29.7901 0 14
    endloop
  endfacet
  facet normal 0.0697256 0.708234 0.702526
    outer loop
      vertex -1.97168 -29.724 14
      vertex -3.78526 -28.7519 13.2
      vertex -3.88839 -29.5353 14
    endloop
  endfacet
  facet normal 0.375795 0.604339 0.702533
    outer loop
      vertex -14.8951 -25.799 14
      vertex -14.5 -25.1147 13.2
      vertex -16.5306 -24.782 14
    endloop
  endfacet
  facet normal 0.711291 0.0232886 0.702511
    outer loop
      vertex -29.7271 -1.92495 14
      vertex -28.9379 -1.89669 13.2
      vertex -29 0 13.2
    endloop
  endfacet
  facet normal 0.711256 0.0242957 0.702513
    outer loop
      vertex -28.9379 -1.89669 13.2
      vertex -29.7271 -1.92495 14
      vertex -29.7263 -1.94837 14
    endloop
  endfacet
  facet normal 0.115922 -0.702194 0.702485
    outer loop
      vertex -5.78865 29.2215 14
      vertex -5.65762 28.4428 13.2
      vertex -3.78526 28.7519 13.2
    endloop
  endfacet
  facet normal 0.115475 -0.702269 0.702484
    outer loop
      vertex -5.65762 28.4428 13.2
      vertex -5.78865 29.2215 14
      vertex -5.81176 29.2177 14
    endloop
  endfacet
  facet normal -0.335465 0.627624 0.702532
    outer loop
      vertex 14.8951 -25.799 14
      vertex 14.5 -25.1147 13.2
      vertex 13.1965 -26.7069 14
    endloop
  endfacet
  facet normal 0.711303 0.0232796 0.7025
    outer loop
      vertex -29.7271 -1.92495 14
      vertex -29 0 13.2
      vertex -29.7901 0 14
    endloop
  endfacet
  facet normal 0.451462 0.550133 0.702521
    outer loop
      vertex -19.121 -21.8034 13.2
      vertex -19.6239 -22.4123 14
      vertex -17.6541 -23.0072 13.2
    endloop
  endfacet
  facet normal 0.452302 0.549441 0.702522
    outer loop
      vertex -19.6239 -22.4123 14
      vertex -19.121 -21.8034 13.2
      vertex -19.642 -22.3974 14
    endloop
  endfacet
  facet normal -0.0697256 -0.708234 0.702526
    outer loop
      vertex 3.78526 28.7519 13.2
      vertex 3.88839 29.5353 14
      vertex 1.97168 29.724 14
    endloop
  endfacet
  facet normal 0.0232796 0.711303 0.7025
    outer loop
      vertex 0 -29.7901 14
      vertex 0 -29 13.2
      vertex -1.92495 -29.7271 14
    endloop
  endfacet
  facet normal 0.11595 -0.702149 0.702526
    outer loop
      vertex -3.78526 28.7519 13.2
      vertex -3.88839 29.5353 14
      vertex -5.78865 29.2215 14
    endloop
  endfacet
  facet normal 0.604339 -0.375795 0.702533
    outer loop
      vertex -25.1147 14.5 13.2
      vertex -24.782 16.5306 14
      vertex -25.799 14.8951 14
    endloop
  endfacet
  facet normal 0.666049 -0.250704 0.702514
    outer loop
      vertex -27.461 9.32174 13.2
      vertex -27.5307 11.3783 14
      vertex -28.2092 9.57572 14
    endloop
  endfacet
  facet normal -0.336322 -0.627195 0.702505
    outer loop
      vertex 12.8264 26.0093 13.2
      vertex 13.1965 26.7069 14
      vertex 13.1758 26.718 14
    endloop
  endfacet
  facet normal -0.335494 -0.627636 0.702507
    outer loop
      vertex 13.1965 26.7069 14
      vertex 12.8264 26.0093 13.2
      vertex 14.5 25.1147 13.2
    endloop
  endfacet
  facet normal 0.206559 -0.681034 0.702514
    outer loop
      vertex -9.32174 27.461 13.2
      vertex -7.73267 28.7682 14
      vertex -9.57572 28.2092 14
    endloop
  endfacet
  facet normal 0.648829 -0.29243 0.7025
    outer loop
      vertex -26.7276 13.1545 14
      vertex -26.0093 12.8264 13.2
      vertex -26.718 13.1758 14
    endloop
  endfacet
  facet normal 0.648247 -0.29371 0.702503
    outer loop
      vertex -26.0093 12.8264 13.2
      vertex -26.7276 13.1545 14
      vertex -26.7925 11.0978 13.2
    endloop
  endfacet
  facet normal 0.702149 -0.11595 0.702526
    outer loop
      vertex -28.7519 3.78526 13.2
      vertex -29.2215 5.78865 14
      vertex -29.5353 3.88839 14
    endloop
  endfacet
  facet normal 0.681036 -0.206562 0.702511
    outer loop
      vertex -28.7682 7.73267 14
      vertex -28.0118 7.50575 13.2
      vertex -27.461 9.32174 13.2
    endloop
  endfacet
  facet normal 0.681037 -0.206559 0.702511
    outer loop
      vertex -28.0118 7.50575 13.2
      vertex -28.7682 7.73267 14
      vertex -28.775 7.71025 14
    endloop
  endfacet
  facet normal -0.693231 0.161004 0.702502
    outer loop
      vertex 28.4428 -5.65762 13.2
      vertex 29.2124 -5.83458 14
      vertex 29.2177 -5.81176 14
    endloop
  endfacet
  facet normal -0.693085 0.161633 0.702501
    outer loop
      vertex 29.2124 -5.83458 14
      vertex 28.4428 -5.65762 13.2
      vertex 28.0118 -7.50575 13.2
    endloop
  endfacet
  facet normal -0.693077 -0.161623 0.702511
    outer loop
      vertex 29.2124 5.83458 14
      vertex 28.775 7.71025 14
      vertex 28.0118 7.50575 13.2
    endloop
  endfacet
  facet normal -0.376351 -0.603982 0.702543
    outer loop
      vertex 16.5306 24.782 14
      vertex 16.1115 24.1126 13.2
      vertex 16.5505 24.7696 14
    endloop
  endfacet
  facet normal -0.375797 -0.604328 0.702542
    outer loop
      vertex 16.1115 24.1126 13.2
      vertex 16.5306 24.782 14
      vertex 14.5 25.1147 13.2
    endloop
  endfacet
  facet normal -0.693077 0.161623 0.702511
    outer loop
      vertex 28.775 -7.71025 14
      vertex 29.2124 -5.83458 14
      vertex 28.0118 -7.50575 13.2
    endloop
  endfacet
  facet normal 0.335465 -0.627624 0.702532
    outer loop
      vertex -14.5 25.1147 13.2
      vertex -13.1965 26.7069 14
      vertex -14.8951 25.799 14
    endloop
  endfacet
  facet normal 0.0697548 -0.708262 0.702495
    outer loop
      vertex -1.89669 28.9379 13.2
      vertex -1.97168 29.724 14
      vertex -3.78526 28.7519 13.2
    endloop
  endfacet
  facet normal 0.0698831 -0.70825 0.702495
    outer loop
      vertex -1.97168 29.724 14
      vertex -1.89669 28.9379 13.2
      vertex -1.94837 29.7263 14
    endloop
  endfacet
  facet normal 0.0242957 -0.711256 0.702513
    outer loop
      vertex -1.89669 28.9379 13.2
      vertex -1.92495 29.7271 14
      vertex -1.94837 29.7263 14
    endloop
  endfacet
  facet normal 0.0232886 -0.711291 0.702511
    outer loop
      vertex -1.92495 29.7271 14
      vertex -1.89669 28.9379 13.2
      vertex 0 29 13.2
    endloop
  endfacet
  facet normal -0.293718 0.648219 0.702525
    outer loop
      vertex 11.4002 -27.5225 14
      vertex 13.1545 -26.7276 14
      vertex 11.0978 -26.7925 13.2
    endloop
  endfacet
  facet normal -0.486499 -0.519422 0.70251
    outer loop
      vertex 20.5061 20.5061 13.2
      vertex 21.0648 21.0648 14
      vertex 19.6591 22.3814 14
    endloop
  endfacet
  facet normal -0.648247 0.29371 0.702503
    outer loop
      vertex 26.0093 -12.8264 13.2
      vertex 26.7276 -13.1545 14
      vertex 26.7925 -11.0978 13.2
    endloop
  endfacet
  facet normal -0.648829 0.29243 0.7025
    outer loop
      vertex 26.7276 -13.1545 14
      vertex 26.0093 -12.8264 13.2
      vertex 26.718 -13.1758 14
    endloop
  endfacet
  facet normal -0.627195 0.336322 0.702505
    outer loop
      vertex 26.0093 -12.8264 13.2
      vertex 26.7069 -13.1965 14
      vertex 26.718 -13.1758 14
    endloop
  endfacet
  facet normal -0.627636 0.335494 0.702507
    outer loop
      vertex 26.7069 -13.1965 14
      vertex 26.0093 -12.8264 13.2
      vertex 25.1147 -14.5 13.2
    endloop
  endfacet
  facet normal 0.414538 0.578492 0.702499
    outer loop
      vertex -17.6541 -23.0072 13.2
      vertex -18.116 -23.6477 14
      vertex -16.1115 -24.1126 13.2
    endloop
  endfacet
  facet normal 0.412799 0.57974 0.702494
    outer loop
      vertex -18.116 -23.6477 14
      vertex -17.6541 -23.0072 13.2
      vertex -18.1351 -23.6341 14
    endloop
  endfacet
  facet normal 0.0698831 0.70825 0.702495
    outer loop
      vertex -1.89669 -28.9379 13.2
      vertex -1.97168 -29.724 14
      vertex -1.94837 -29.7263 14
    endloop
  endfacet
  facet normal 0.0697548 0.708262 0.702495
    outer loop
      vertex -1.97168 -29.724 14
      vertex -1.89669 -28.9379 13.2
      vertex -3.78526 -28.7519 13.2
    endloop
  endfacet
  facet normal 0.29371 -0.648247 0.702503
    outer loop
      vertex -13.1545 26.7276 14
      vertex -12.8264 26.0093 13.2
      vertex -11.0978 26.7925 13.2
    endloop
  endfacet
  facet normal 0.29243 -0.648829 0.7025
    outer loop
      vertex -12.8264 26.0093 13.2
      vertex -13.1545 26.7276 14
      vertex -13.1758 26.718 14
    endloop
  endfacet
  facet normal 0.578451 0.414541 0.702532
    outer loop
      vertex -23.6477 -18.116 14
      vertex -24.1126 -16.1115 13.2
      vertex -24.7696 -16.5505 14
    endloop
  endfacet
  facet normal 0.293718 0.648219 0.702525
    outer loop
      vertex -11.4002 -27.5225 14
      vertex -11.0978 -26.7925 13.2
      vertex -13.1545 -26.7276 14
    endloop
  endfacet
  facet normal 0.693077 0.161623 0.702511
    outer loop
      vertex -28.775 -7.71025 14
      vertex -28.0118 -7.50575 13.2
      vertex -29.2124 -5.83458 14
    endloop
  endfacet
  facet normal 0.702269 -0.115475 0.702484
    outer loop
      vertex -29.2215 5.78865 14
      vertex -28.4428 5.65762 13.2
      vertex -29.2177 5.81176 14
    endloop
  endfacet
  facet normal 0.702194 -0.115922 0.702485
    outer loop
      vertex -28.4428 5.65762 13.2
      vertex -29.2215 5.78865 14
      vertex -28.7519 3.78526 13.2
    endloop
  endfacet
  facet normal 0.519422 -0.486496 0.702512
    outer loop
      vertex -22.3814 19.6591 14
      vertex -21.8034 19.121 13.2
      vertex -20.5061 20.5061 13.2
    endloop
  endfacet
  facet normal 0.519665 -0.486236 0.702512
    outer loop
      vertex -21.8034 19.121 13.2
      vertex -22.3814 19.6591 14
      vertex -22.3974 19.642 14
    endloop
  endfacet
  facet normal -0.161633 0.693085 0.702501
    outer loop
      vertex 5.65762 -28.4428 13.2
      vertex 5.83458 -29.2124 14
      vertex 7.50575 -28.0118 13.2
    endloop
  endfacet
  facet normal -0.161004 0.693231 0.702502
    outer loop
      vertex 5.83458 -29.2124 14
      vertex 5.65762 -28.4428 13.2
      vertex 5.81176 -29.2177 14
    endloop
  endfacet
  facet normal -0.115475 0.702269 0.702484
    outer loop
      vertex 5.65762 -28.4428 13.2
      vertex 5.78865 -29.2215 14
      vertex 5.81176 -29.2177 14
    endloop
  endfacet
  facet normal -0.115922 0.702194 0.702485
    outer loop
      vertex 5.78865 -29.2215 14
      vertex 5.65762 -28.4428 13.2
      vertex 3.78526 -28.7519 13.2
    endloop
  endfacet
  facet normal -0.335465 -0.627624 0.702532
    outer loop
      vertex 14.5 25.1147 13.2
      vertex 14.8951 25.799 14
      vertex 13.1965 26.7069 14
    endloop
  endfacet
  facet normal -0.375795 -0.604339 0.702533
    outer loop
      vertex 16.5306 24.782 14
      vertex 14.8951 25.799 14
      vertex 14.5 25.1147 13.2
    endloop
  endfacet
  facet normal 0.0232796 -0.711303 0.7025
    outer loop
      vertex 0 29 13.2
      vertex 0 29.7901 14
      vertex -1.92495 29.7271 14
    endloop
  endfacet
  facet normal 0.648219 -0.293718 0.702525
    outer loop
      vertex -26.7925 11.0978 13.2
      vertex -26.7276 13.1545 14
      vertex -27.5225 11.4002 14
    endloop
  endfacet
  facet normal 0.648219 0.293718 0.702525
    outer loop
      vertex -26.7276 -13.1545 14
      vertex -26.7925 -11.0978 13.2
      vertex -27.5225 -11.4002 14
    endloop
  endfacet
  facet normal 0.519422 0.486496 0.702512
    outer loop
      vertex -21.8034 -19.121 13.2
      vertex -22.3814 -19.6591 14
      vertex -20.5061 -20.5061 13.2
    endloop
  endfacet
  facet normal 0.519665 0.486236 0.702512
    outer loop
      vertex -22.3814 -19.6591 14
      vertex -21.8034 -19.121 13.2
      vertex -22.3974 -19.642 14
    endloop
  endfacet
  facet normal 0.486236 0.519665 0.702512
    outer loop
      vertex -19.121 -21.8034 13.2
      vertex -19.6591 -22.3814 14
      vertex -19.642 -22.3974 14
    endloop
  endfacet
  facet normal 0.486496 0.519422 0.702512
    outer loop
      vertex -19.6591 -22.3814 14
      vertex -19.121 -21.8034 13.2
      vertex -20.5061 -20.5061 13.2
    endloop
  endfacet
  facet normal -0.648829 -0.29243 0.7025
    outer loop
      vertex 26.0093 12.8264 13.2
      vertex 26.7276 13.1545 14
      vertex 26.718 13.1758 14
    endloop
  endfacet
  facet normal -0.648247 -0.29371 0.702503
    outer loop
      vertex 26.7276 13.1545 14
      vertex 26.0093 12.8264 13.2
      vertex 26.7925 11.0978 13.2
    endloop
  endfacet
  facet normal -0.452302 -0.549441 0.702522
    outer loop
      vertex 19.6239 22.4123 14
      vertex 19.121 21.8034 13.2
      vertex 19.642 22.3974 14
    endloop
  endfacet
  facet normal -0.451462 -0.550133 0.702521
    outer loop
      vertex 19.121 21.8034 13.2
      vertex 19.6239 22.4123 14
      vertex 17.6541 23.0072 13.2
    endloop
  endfacet
  facet normal -0.249554 0.666491 0.702504
    outer loop
      vertex 11.0978 -26.7925 13.2
      vertex 11.3783 -27.5307 14
      vertex 11.4002 -27.5225 14
    endloop
  endfacet
  facet normal -0.250701 0.666058 0.702507
    outer loop
      vertex 11.3783 -27.5307 14
      vertex 11.0978 -26.7925 13.2
      vertex 9.32174 -27.461 13.2
    endloop
  endfacet
  facet normal 0.708234 0.0697256 0.702526
    outer loop
      vertex -29.5353 -3.88839 14
      vertex -28.7519 -3.78526 13.2
      vertex -29.724 -1.97168 14
    endloop
  endfacet
  facet normal 0.604339 0.375795 0.702533
    outer loop
      vertex -24.782 -16.5306 14
      vertex -25.1147 -14.5 13.2
      vertex -25.799 -14.8951 14
    endloop
  endfacet
  facet normal 0.549441 0.452302 0.702522
    outer loop
      vertex -21.8034 -19.121 13.2
      vertex -22.4123 -19.6239 14
      vertex -22.3974 -19.642 14
    endloop
  endfacet
  facet normal 0.550133 0.451462 0.702521
    outer loop
      vertex -22.4123 -19.6239 14
      vertex -21.8034 -19.121 13.2
      vertex -23.0072 -17.6541 13.2
    endloop
  endfacet
  facet normal -0.161623 -0.693077 0.702511
    outer loop
      vertex 7.50575 28.0118 13.2
      vertex 7.71025 28.775 14
      vertex 5.83458 29.2124 14
    endloop
  endfacet
  facet normal -0.293718 -0.648219 0.702525
    outer loop
      vertex 13.1545 26.7276 14
      vertex 11.4002 27.5225 14
      vertex 11.0978 26.7925 13.2
    endloop
  endfacet
  facet normal 0.666491 -0.249554 0.702504
    outer loop
      vertex -27.5307 11.3783 14
      vertex -26.7925 11.0978 13.2
      vertex -27.5225 11.4002 14
    endloop
  endfacet
  facet normal 0.666058 -0.250701 0.702507
    outer loop
      vertex -26.7925 11.0978 13.2
      vertex -27.5307 11.3783 14
      vertex -27.461 9.32174 13.2
    endloop
  endfacet
  facet normal 0.693077 -0.161623 0.702511
    outer loop
      vertex -28.0118 7.50575 13.2
      vertex -28.775 7.71025 14
      vertex -29.2124 5.83458 14
    endloop
  endfacet
  facet normal 0.519422 0.486499 0.70251
    outer loop
      vertex -21.0648 -21.0648 14
      vertex -20.5061 -20.5061 13.2
      vertex -22.3814 -19.6591 14
    endloop
  endfacet
  facet normal -0.681034 -0.206559 0.702514
    outer loop
      vertex 28.7682 7.73267 14
      vertex 28.2092 9.57572 14
      vertex 27.461 9.32174 13.2
    endloop
  endfacet
  facet normal -0.550133 0.451462 0.702521
    outer loop
      vertex 21.8034 -19.121 13.2
      vertex 22.4123 -19.6239 14
      vertex 23.0072 -17.6541 13.2
    endloop
  endfacet
  facet normal -0.549441 0.452302 0.702522
    outer loop
      vertex 22.4123 -19.6239 14
      vertex 21.8034 -19.121 13.2
      vertex 22.3974 -19.642 14
    endloop
  endfacet
  facet normal 0.250704 0.666049 0.702514
    outer loop
      vertex -9.57572 -28.2092 14
      vertex -9.32174 -27.461 13.2
      vertex -11.3783 -27.5307 14
    endloop
  endfacet
  facet normal -0.250704 -0.666049 0.702514
    outer loop
      vertex 11.3783 27.5307 14
      vertex 9.57572 28.2092 14
      vertex 9.32174 27.461 13.2
    endloop
  endfacet
  facet normal -0.206559 0.681034 0.702514
    outer loop
      vertex 9.57572 -28.2092 14
      vertex 9.32174 -27.461 13.2
      vertex 7.73267 -28.7682 14
    endloop
  endfacet
  facet normal 0.578451 -0.414541 0.702532
    outer loop
      vertex -24.1126 16.1115 13.2
      vertex -23.6477 18.116 14
      vertex -24.7696 16.5505 14
    endloop
  endfacet
  facet normal 0.161623 -0.693077 0.702511
    outer loop
      vertex -7.50575 28.0118 13.2
      vertex -5.83458 29.2124 14
      vertex -7.71025 28.775 14
    endloop
  endfacet
  facet normal 0.648829 0.29243 0.7025
    outer loop
      vertex -26.0093 -12.8264 13.2
      vertex -26.7276 -13.1545 14
      vertex -26.718 -13.1758 14
    endloop
  endfacet
  facet normal 0.648247 0.29371 0.702503
    outer loop
      vertex -26.7276 -13.1545 14
      vertex -26.0093 -12.8264 13.2
      vertex -26.7925 -11.0978 13.2
    endloop
  endfacet
  facet normal -0.708234 -0.0697256 0.702526
    outer loop
      vertex 29.724 1.97168 14
      vertex 29.5353 3.88839 14
      vertex 28.7519 3.78526 13.2
    endloop
  endfacet
  facet normal 0.336322 0.627195 0.702505
    outer loop
      vertex -12.8264 -26.0093 13.2
      vertex -13.1965 -26.7069 14
      vertex -13.1758 -26.718 14
    endloop
  endfacet
  facet normal 0.335494 0.627636 0.702507
    outer loop
      vertex -13.1965 -26.7069 14
      vertex -12.8264 -26.0093 13.2
      vertex -14.5 -25.1147 13.2
    endloop
  endfacet
  facet normal -0.519422 -0.486499 0.70251
    outer loop
      vertex 22.3814 19.6591 14
      vertex 21.0648 21.0648 14
      vertex 20.5061 20.5061 13.2
    endloop
  endfacet
  facet normal 0.0697256 -0.708234 0.702526
    outer loop
      vertex -3.78526 28.7519 13.2
      vertex -1.97168 29.724 14
      vertex -3.88839 29.5353 14
    endloop
  endfacet
  facet normal -0.666049 -0.250704 0.702514
    outer loop
      vertex 28.2092 9.57572 14
      vertex 27.5307 11.3783 14
      vertex 27.461 9.32174 13.2
    endloop
  endfacet
  facet normal 0.375797 0.604328 0.702542
    outer loop
      vertex -16.1115 -24.1126 13.2
      vertex -16.5306 -24.782 14
      vertex -14.5 -25.1147 13.2
    endloop
  endfacet
  facet normal 0.376351 0.603982 0.702543
    outer loop
      vertex -16.5306 -24.782 14
      vertex -16.1115 -24.1126 13.2
      vertex -16.5505 -24.7696 14
    endloop
  endfacet
  facet normal 0.293718 -0.648219 0.702525
    outer loop
      vertex -11.0978 26.7925 13.2
      vertex -11.4002 27.5225 14
      vertex -13.1545 26.7276 14
    endloop
  endfacet
  facet normal 0.550121 -0.451463 0.70253
    outer loop
      vertex -23.0072 17.6541 13.2
      vertex -22.4123 19.6239 14
      vertex -23.6341 18.1351 14
    endloop
  endfacet
  facet normal 0.693085 0.161633 0.702501
    outer loop
      vertex -28.4428 -5.65762 13.2
      vertex -29.2124 -5.83458 14
      vertex -28.0118 -7.50575 13.2
    endloop
  endfacet
  facet normal 0.693231 0.161004 0.702502
    outer loop
      vertex -29.2124 -5.83458 14
      vertex -28.4428 -5.65762 13.2
      vertex -29.2177 -5.81176 14
    endloop
  endfacet
  facet normal -0.412799 -0.57974 0.702494
    outer loop
      vertex 18.116 23.6477 14
      vertex 17.6541 23.0072 13.2
      vertex 18.1351 23.6341 14
    endloop
  endfacet
  facet normal -0.414538 -0.578492 0.702499
    outer loop
      vertex 17.6541 23.0072 13.2
      vertex 18.116 23.6477 14
      vertex 16.1115 24.1126 13.2
    endloop
  endfacet
  facet normal -0.550121 -0.451463 0.70253
    outer loop
      vertex 23.0072 17.6541 13.2
      vertex 23.6341 18.1351 14
      vertex 22.4123 19.6239 14
    endloop
  endfacet
  facet normal 0.666058 0.250701 0.702507
    outer loop
      vertex -27.5307 -11.3783 14
      vertex -26.7925 -11.0978 13.2
      vertex -27.461 -9.32174 13.2
    endloop
  endfacet
  facet normal 0.666491 0.249554 0.702504
    outer loop
      vertex -26.7925 -11.0978 13.2
      vertex -27.5307 -11.3783 14
      vertex -27.5225 -11.4002 14
    endloop
  endfacet
  facet normal 0.57974 0.412799 0.702494
    outer loop
      vertex -23.0072 -17.6541 13.2
      vertex -23.6477 -18.116 14
      vertex -23.6341 -18.1351 14
    endloop
  endfacet
  facet normal 0.578492 0.414538 0.702499
    outer loop
      vertex -23.6477 -18.116 14
      vertex -23.0072 -17.6541 13.2
      vertex -24.1126 -16.1115 13.2
    endloop
  endfacet
  facet normal -0.627195 -0.336322 0.702505
    outer loop
      vertex 26.7069 13.1965 14
      vertex 26.0093 12.8264 13.2
      vertex 26.718 13.1758 14
    endloop
  endfacet
  facet normal -0.627636 -0.335494 0.702507
    outer loop
      vertex 26.0093 12.8264 13.2
      vertex 26.7069 13.1965 14
      vertex 25.1147 14.5 13.2
    endloop
  endfacet
  facet normal 0.627636 -0.335494 0.702507
    outer loop
      vertex -26.7069 13.1965 14
      vertex -26.0093 12.8264 13.2
      vertex -25.1147 14.5 13.2
    endloop
  endfacet
  facet normal 0.627195 -0.336322 0.702505
    outer loop
      vertex -26.0093 12.8264 13.2
      vertex -26.7069 13.1965 14
      vertex -26.718 13.1758 14
    endloop
  endfacet
  facet normal 0.250701 -0.666058 0.702507
    outer loop
      vertex -11.3783 27.5307 14
      vertex -11.0978 26.7925 13.2
      vertex -9.32174 27.461 13.2
    endloop
  endfacet
  facet normal 0.249554 -0.666491 0.702504
    outer loop
      vertex -11.0978 26.7925 13.2
      vertex -11.3783 27.5307 14
      vertex -11.4002 27.5225 14
    endloop
  endfacet
  facet normal -0.486236 -0.519665 0.702512
    outer loop
      vertex 19.121 21.8034 13.2
      vertex 19.6591 22.3814 14
      vertex 19.642 22.3974 14
    endloop
  endfacet
  facet normal -0.486496 -0.519422 0.702512
    outer loop
      vertex 19.6591 22.3814 14
      vertex 19.121 21.8034 13.2
      vertex 20.5061 20.5061 13.2
    endloop
  endfacet
  facet normal -0.603982 -0.376351 0.702543
    outer loop
      vertex 24.1126 16.1115 13.2
      vertex 24.782 16.5306 14
      vertex 24.7696 16.5505 14
    endloop
  endfacet
  facet normal -0.604328 -0.375797 0.702542
    outer loop
      vertex 24.782 16.5306 14
      vertex 24.1126 16.1115 13.2
      vertex 25.1147 14.5 13.2
    endloop
  endfacet
  facet normal 0.336322 -0.627195 0.702505
    outer loop
      vertex -13.1965 26.7069 14
      vertex -12.8264 26.0093 13.2
      vertex -13.1758 26.718 14
    endloop
  endfacet
  facet normal 0.335494 -0.627636 0.702507
    outer loop
      vertex -12.8264 26.0093 13.2
      vertex -13.1965 26.7069 14
      vertex -14.5 25.1147 13.2
    endloop
  endfacet
  facet normal 0.627624 0.335465 0.702532
    outer loop
      vertex -25.799 -14.8951 14
      vertex -25.1147 -14.5 13.2
      vertex -26.7069 -13.1965 14
    endloop
  endfacet
  facet normal -0.708262 -0.0697548 0.702495
    outer loop
      vertex 28.9379 1.89669 13.2
      vertex 29.724 1.97168 14
      vertex 28.7519 3.78526 13.2
    endloop
  endfacet
  facet normal -0.70825 -0.0698831 0.702495
    outer loop
      vertex 29.724 1.97168 14
      vertex 28.9379 1.89669 13.2
      vertex 29.7263 1.94837 14
    endloop
  endfacet
  facet normal 0.451462 -0.550133 0.702521
    outer loop
      vertex -19.6239 22.4123 14
      vertex -19.121 21.8034 13.2
      vertex -17.6541 23.0072 13.2
    endloop
  endfacet
  facet normal 0.452302 -0.549441 0.702522
    outer loop
      vertex -19.121 21.8034 13.2
      vertex -19.6239 22.4123 14
      vertex -19.642 22.3974 14
    endloop
  endfacet
  facet normal 0.451463 -0.550121 0.70253
    outer loop
      vertex -17.6541 23.0072 13.2
      vertex -18.1351 23.6341 14
      vertex -19.6239 22.4123 14
    endloop
  endfacet
  facet normal -0.666491 -0.249554 0.702504
    outer loop
      vertex 26.7925 11.0978 13.2
      vertex 27.5307 11.3783 14
      vertex 27.5225 11.4002 14
    endloop
  endfacet
  facet normal -0.666058 -0.250701 0.702507
    outer loop
      vertex 27.5307 11.3783 14
      vertex 26.7925 11.0978 13.2
      vertex 27.461 9.32174 13.2
    endloop
  endfacet
  facet normal -0.648219 -0.293718 0.702525
    outer loop
      vertex 26.7925 11.0978 13.2
      vertex 27.5225 11.4002 14
      vertex 26.7276 13.1545 14
    endloop
  endfacet
  facet normal -0.702149 -0.11595 0.702526
    outer loop
      vertex 29.5353 3.88839 14
      vertex 29.2215 5.78865 14
      vertex 28.7519 3.78526 13.2
    endloop
  endfacet
  facet normal -0.681037 -0.206559 0.702511
    outer loop
      vertex 28.7682 7.73267 14
      vertex 28.0118 7.50575 13.2
      vertex 28.775 7.71025 14
    endloop
  endfacet
  facet normal -0.681036 -0.206562 0.702511
    outer loop
      vertex 28.0118 7.50575 13.2
      vertex 28.7682 7.73267 14
      vertex 27.461 9.32174 13.2
    endloop
  endfacet
  facet normal 0.603982 0.376351 0.702543
    outer loop
      vertex -24.1126 -16.1115 13.2
      vertex -24.782 -16.5306 14
      vertex -24.7696 -16.5505 14
    endloop
  endfacet
  facet normal 0.604328 0.375797 0.702542
    outer loop
      vertex -24.782 -16.5306 14
      vertex -24.1126 -16.1115 13.2
      vertex -25.1147 -14.5 13.2
    endloop
  endfacet
  facet normal -0.702269 -0.115475 0.702484
    outer loop
      vertex 28.4428 5.65762 13.2
      vertex 29.2215 5.78865 14
      vertex 29.2177 5.81176 14
    endloop
  endfacet
  facet normal -0.702194 -0.115922 0.702485
    outer loop
      vertex 29.2215 5.78865 14
      vertex 28.4428 5.65762 13.2
      vertex 28.7519 3.78526 13.2
    endloop
  endfacet
  facet normal 0.375797 -0.604328 0.702542
    outer loop
      vertex -16.5306 24.782 14
      vertex -16.1115 24.1126 13.2
      vertex -14.5 25.1147 13.2
    endloop
  endfacet
  facet normal 0.376351 -0.603982 0.702543
    outer loop
      vertex -16.1115 24.1126 13.2
      vertex -16.5306 24.782 14
      vertex -16.5505 24.7696 14
    endloop
  endfacet
  facet normal 0.706912 -0.0231394 0.706923
    outer loop
      vertex -28.4 0 6.2
      vertex -28.3392 1.85745 6.2
      vertex -29 0 6.79999
    endloop
  endfacet
  facet normal 0.70692 -0.0231455 0.706914
    outer loop
      vertex -28.3392 1.85745 6.2
      vertex -28.9379 1.89669 6.79999
      vertex -29 0 6.79999
    endloop
  endfacet
  facet normal 0.999465 -0.0327155 0
    outer loop
      vertex -28.4 0 6.2
      vertex -28.3392 1.85745 5.79999
      vertex -28.3392 1.85745 6.2
    endloop
  endfacet
  facet normal 0.999465 -0.0327155 0
    outer loop
      vertex -28.3392 1.85745 5.79999
      vertex -28.4 0 6.2
      vertex -28.4 0 5.79999
    endloop
  endfacet
  facet normal 0.706911 -0.0231452 -0.706923
    outer loop
      vertex -28.9379 1.89669 5.2
      vertex -28.4 0 5.79999
      vertex -29 0 5.2
    endloop
  endfacet
  facet normal 0.706921 -0.0231397 -0.706914
    outer loop
      vertex -28.3392 1.85745 5.79999
      vertex -28.4 0 5.79999
      vertex -28.9379 1.89669 5.2
    endloop
  endfacet
  facet normal 0.703892 -0.069343 0.706914
    outer loop
      vertex -28.3392 1.85745 6.2
      vertex -28.157 3.70694 6.2
      vertex -28.9379 1.89669 6.79999
    endloop
  endfacet
  facet normal 0.703865 -0.0693217 0.706943
    outer loop
      vertex -28.157 3.70694 6.2
      vertex -28.7519 3.78526 6.79999
      vertex -28.9379 1.89669 6.79999
    endloop
  endfacet
  facet normal 0.995183 -0.0980391 0
    outer loop
      vertex -28.3392 1.85745 6.2
      vertex -28.157 3.70694 5.79999
      vertex -28.157 3.70694 6.2
    endloop
  endfacet
  facet normal 0.995183 -0.0980391 0
    outer loop
      vertex -28.157 3.70694 5.79999
      vertex -28.3392 1.85745 6.2
      vertex -28.3392 1.85745 5.79999
    endloop
  endfacet
  facet normal 0.703894 -0.0693245 -0.706914
    outer loop
      vertex -28.7519 3.78526 5.2
      vertex -28.3392 1.85745 5.79999
      vertex -28.9379 1.89669 5.2
    endloop
  endfacet
  facet normal 0.703863 -0.0693401 -0.706943
    outer loop
      vertex -28.157 3.70694 5.79999
      vertex -28.3392 1.85745 5.79999
      vertex -28.7519 3.78526 5.2
    endloop
  endfacet
  facet normal 0.697826 -0.115199 0.706943
    outer loop
      vertex -28.157 3.70694 6.2
      vertex -27.8543 5.54056 6.2
      vertex -28.7519 3.78526 6.79999
    endloop
  endfacet
  facet normal 0.697828 -0.115201 0.70694
    outer loop
      vertex -27.8543 5.54056 6.2
      vertex -28.4428 5.65762 6.79999
      vertex -28.7519 3.78526 6.79999
    endloop
  endfacet
  facet normal 0.986646 -0.162879 0
    outer loop
      vertex -28.157 3.70694 6.2
      vertex -27.8543 5.54056 5.79999
      vertex -27.8543 5.54056 6.2
    endloop
  endfacet
  facet normal 0.986646 -0.162879 0
    outer loop
      vertex -27.8543 5.54056 5.79999
      vertex -28.157 3.70694 6.2
      vertex -28.157 3.70694 5.79999
    endloop
  endfacet
  facet normal 0.697825 -0.115201 -0.706943
    outer loop
      vertex -28.4428 5.65762 5.2
      vertex -28.157 3.70694 5.79999
      vertex -28.7519 3.78526 5.2
    endloop
  endfacet
  facet normal 0.697828 -0.1152 -0.70694
    outer loop
      vertex -27.8543 5.54056 5.79999
      vertex -28.157 3.70694 5.79999
      vertex -28.4428 5.65762 5.2
    endloop
  endfacet
  facet normal 0.688798 -0.160601 0.706941
    outer loop
      vertex -27.8543 5.54056 6.2
      vertex -27.4323 7.35046 6.2
      vertex -28.4428 5.65762 6.79999
    endloop
  endfacet
  facet normal 0.688838 -0.160643 0.706892
    outer loop
      vertex -27.4323 7.35046 6.2
      vertex -28.0118 7.50575 6.79999
      vertex -28.4428 5.65762 6.79999
    endloop
  endfacet
  facet normal 0.973878 -0.227071 0
    outer loop
      vertex -27.8543 5.54056 6.2
      vertex -27.4323 7.35046 5.79999
      vertex -27.4323 7.35046 6.2
    endloop
  endfacet
  facet normal 0.973878 -0.227071 0
    outer loop
      vertex -27.4323 7.35046 5.79999
      vertex -27.8543 5.54056 6.2
      vertex -27.8543 5.54056 5.79999
    endloop
  endfacet
  facet normal 0.688791 -0.160632 -0.70694
    outer loop
      vertex -28.0118 7.50575 5.2
      vertex -27.8543 5.54056 5.79999
      vertex -28.4428 5.65762 5.2
    endloop
  endfacet
  facet normal 0.688846 -0.160613 -0.706891
    outer loop
      vertex -27.4323 7.35046 5.79999
      vertex -27.8543 5.54056 5.79999
      vertex -28.0118 7.50575 5.2
    endloop
  endfacet
  facet normal 0.676863 -0.205332 0.706892
    outer loop
      vertex -27.4323 7.35046 6.2
      vertex -26.8928 9.12888 6.2
      vertex -28.0118 7.50575 6.79999
    endloop
  endfacet
  facet normal 0.676821 -0.205284 0.706946
    outer loop
      vertex -26.8928 9.12888 6.2
      vertex -27.461 9.32174 6.79999
      vertex -28.0118 7.50575 6.79999
    endloop
  endfacet
  facet normal 0.956937 -0.290296 0
    outer loop
      vertex -27.4323 7.35046 6.2
      vertex -26.8928 9.12888 5.79999
      vertex -26.8928 9.12888 6.2
    endloop
  endfacet
  facet normal 0.956937 -0.290296 0
    outer loop
      vertex -26.8928 9.12888 5.79999
      vertex -27.4323 7.35046 6.2
      vertex -27.4323 7.35046 5.79999
    endloop
  endfacet
  facet normal 0.676872 -0.205299 -0.706892
    outer loop
      vertex -27.461 9.32174 5.2
      vertex -27.4323 7.35046 5.79999
      vertex -28.0118 7.50575 5.2
    endloop
  endfacet
  facet normal 0.67681 -0.205317 -0.706946
    outer loop
      vertex -26.8928 9.12888 5.79999
      vertex -27.4323 7.35046 5.79999
      vertex -27.461 9.32174 5.2
    endloop
  endfacet
  facet normal 0.66194 -0.249124 0.706946
    outer loop
      vertex -26.8928 9.12888 6.2
      vertex -26.2382 10.8682 6.2
      vertex -27.461 9.32174 6.79999
    endloop
  endfacet
  facet normal 0.661968 -0.249162 0.706906
    outer loop
      vertex -26.2382 10.8682 6.2
      vertex -26.7925 11.0978 6.79999
      vertex -27.461 9.32174 6.79999
    endloop
  endfacet
  facet normal 0.935912 -0.352234 0
    outer loop
      vertex -26.8928 9.12888 6.2
      vertex -26.2382 10.8682 5.79999
      vertex -26.2382 10.8682 6.2
    endloop
  endfacet
  facet normal 0.935912 -0.352234 0
    outer loop
      vertex -26.2382 10.8682 5.79999
      vertex -26.8928 9.12888 6.2
      vertex -26.8928 9.12888 5.79999
    endloop
  endfacet
  facet normal 0.661932 -0.249148 -0.706945
    outer loop
      vertex -26.7925 11.0978 5.2
      vertex -26.8928 9.12888 5.79999
      vertex -27.461 9.32174 5.2
    endloop
  endfacet
  facet normal 0.661978 -0.249138 -0.706906
    outer loop
      vertex -26.7925 11.0978 5.2
      vertex -26.2382 10.8682 5.79999
      vertex -26.8928 9.12888 5.79999
    endloop
  endfacet
  facet normal 0.644261 -0.291912 0.706906
    outer loop
      vertex -26.2382 10.8682 6.2
      vertex -25.4712 12.561 6.2
      vertex -26.7925 11.0978 6.79999
    endloop
  endfacet
  facet normal 0.644253 -0.291901 0.706917
    outer loop
      vertex -25.4712 12.561 6.2
      vertex -26.0093 12.8264 6.79999
      vertex -26.7925 11.0978 6.79999
    endloop
  endfacet
  facet normal 0.910863 -0.412708 0
    outer loop
      vertex -26.2382 10.8682 6.2
      vertex -25.4712 12.561 5.79999
      vertex -25.4712 12.561 6.2
    endloop
  endfacet
  facet normal 0.910863 -0.412708 0
    outer loop
      vertex -25.4712 12.561 5.79999
      vertex -26.2382 10.8682 6.2
      vertex -26.2382 10.8682 5.79999
    endloop
  endfacet
  facet normal 0.644263 -0.291905 -0.706906
    outer loop
      vertex -26.0093 12.8264 5.2
      vertex -26.2382 10.8682 5.79999
      vertex -26.7925 11.0978 5.2
    endloop
  endfacet
  facet normal 0.64425 -0.291907 -0.706917
    outer loop
      vertex -26.0093 12.8264 5.2
      vertex -25.4712 12.561 5.79999
      vertex -26.2382 10.8682 5.79999
    endloop
  endfacet
  facet normal 0.623773 -0.333427 0.706918
    outer loop
      vertex -25.4712 12.561 6.2
      vertex -24.5951 14.2 6.2
      vertex -26.0093 12.8264 6.79999
    endloop
  endfacet
  facet normal 0.623775 -0.33343 0.706916
    outer loop
      vertex -24.5951 14.2 6.2
      vertex -25.1147 14.5 6.79999
      vertex -26.0093 12.8264 6.79999
    endloop
  endfacet
  facet normal 0.881913 -0.471412 0
    outer loop
      vertex -25.4712 12.561 6.2
      vertex -24.5951 14.2 5.79999
      vertex -24.5951 14.2 6.2
    endloop
  endfacet
  facet normal 0.881913 -0.471412 0
    outer loop
      vertex -24.5951 14.2 5.79999
      vertex -25.4712 12.561 6.2
      vertex -25.4712 12.561 5.79999
    endloop
  endfacet
  facet normal 0.623772 -0.333429 -0.706918
    outer loop
      vertex -25.1147 14.5 5.2
      vertex -25.4712 12.561 5.79999
      vertex -26.0093 12.8264 5.2
    endloop
  endfacet
  facet normal 0.623775 -0.333429 -0.706916
    outer loop
      vertex -25.1147 14.5 5.2
      vertex -24.5951 14.2 5.79999
      vertex -25.4712 12.561 5.79999
    endloop
  endfacet
  facet normal 0.600637 -0.373505 0.706916
    outer loop
      vertex -24.5951 14.2 6.2
      vertex -23.6137 15.7782 6.2
      vertex -25.1147 14.5 6.79999
    endloop
  endfacet
  facet normal 0.600635 -0.373501 0.706919
    outer loop
      vertex -23.6137 15.7782 6.2
      vertex -24.1126 16.1115 6.79999
      vertex -25.1147 14.5 6.79999
    endloop
  endfacet
  facet normal 0.849199 -0.528073 0
    outer loop
      vertex -24.5951 14.2 6.2
      vertex -23.6137 15.7782 5.79999
      vertex -23.6137 15.7782 6.2
    endloop
  endfacet
  facet normal 0.849199 -0.528073 0
    outer loop
      vertex -23.6137 15.7782 5.79999
      vertex -24.5951 14.2 6.2
      vertex -24.5951 14.2 5.79999
    endloop
  endfacet
  facet normal 0.600638 -0.373503 -0.706916
    outer loop
      vertex -24.1126 16.1115 5.2
      vertex -24.5951 14.2 5.79999
      vertex -25.1147 14.5 5.2
    endloop
  endfacet
  facet normal 0.600634 -0.373503 -0.706919
    outer loop
      vertex -24.1126 16.1115 5.2
      vertex -23.6137 15.7782 5.79999
      vertex -24.5951 14.2 5.79999
    endloop
  endfacet
  facet normal 0.57492 -0.411989 0.706917
    outer loop
      vertex -23.6137 15.7782 6.2
      vertex -22.5312 17.2888 6.2
      vertex -24.1126 16.1115 6.79999
    endloop
  endfacet
  facet normal 0.574913 -0.411973 0.706932
    outer loop
      vertex -22.5312 17.2888 6.2
      vertex -23.0072 17.6541 6.79999
      vertex -24.1126 16.1115 6.79999
    endloop
  endfacet
  facet normal 0.812842 -0.582485 0
    outer loop
      vertex -23.6137 15.7782 6.2
      vertex -22.5312 17.2888 5.79999
      vertex -22.5312 17.2888 6.2
    endloop
  endfacet
  facet normal 0.812842 -0.582485 0
    outer loop
      vertex -22.5312 17.2888 5.79999
      vertex -23.6137 15.7782 6.2
      vertex -23.6137 15.7782 5.79999
    endloop
  endfacet
  facet normal 0.574925 -0.411981 -0.706918
    outer loop
      vertex -23.0072 17.6541 5.2
      vertex -23.6137 15.7782 5.79999
      vertex -24.1126 16.1115 5.2
    endloop
  endfacet
  facet normal 0.574908 -0.41198 -0.706932
    outer loop
      vertex -23.0072 17.6541 5.2
      vertex -22.5312 17.2888 5.79999
      vertex -23.6137 15.7782 5.79999
    endloop
  endfacet
  facet normal 0.546732 -0.448696 0.706934
    outer loop
      vertex -22.5312 17.2888 6.2
      vertex -21.3522 18.7254 6.2
      vertex -23.0072 17.6541 6.79999
    endloop
  endfacet
  facet normal 0.546721 -0.448662 0.706964
    outer loop
      vertex -21.3522 18.7254 6.2
      vertex -21.8034 19.121 6.79999
      vertex -23.0072 17.6541 6.79999
    endloop
  endfacet
  facet normal 0.773007 -0.634397 0
    outer loop
      vertex -22.5312 17.2888 6.2
      vertex -21.3522 18.7254 5.79999
      vertex -21.3522 18.7254 6.2
    endloop
  endfacet
  facet normal 0.773007 -0.634397 0
    outer loop
      vertex -21.3522 18.7254 5.79999
      vertex -22.5312 17.2888 6.2
      vertex -22.5312 17.2888 5.79999
    endloop
  endfacet
  facet normal 0.546744 -0.448681 -0.706934
    outer loop
      vertex -21.8034 19.121 5.2
      vertex -22.5312 17.2888 5.79999
      vertex -23.0072 17.6541 5.2
    endloop
  endfacet
  facet normal 0.546709 -0.448677 -0.706964
    outer loop
      vertex -21.8034 19.121 5.2
      vertex -21.3522 18.7254 5.79999
      vertex -22.5312 17.2888 5.79999
    endloop
  endfacet
  facet normal 0.516199 -0.48347 0.706962
    outer loop
      vertex -21.3522 18.7254 6.2
      vertex -20.0818 20.0818 6.2
      vertex -21.8034 19.121 6.79999
    endloop
  endfacet
  facet normal 0.516202 -0.48348 0.706953
    outer loop
      vertex -20.0818 20.0818 6.2
      vertex -20.5061 20.5061 6.79999
      vertex -21.8034 19.121 6.79999
    endloop
  endfacet
  facet normal 0.729866 -0.68359 0
    outer loop
      vertex -21.3522 18.7254 6.2
      vertex -20.0818 20.0818 5.79999
      vertex -20.0818 20.0818 6.2
    endloop
  endfacet
  facet normal 0.729866 -0.68359 0
    outer loop
      vertex -20.0818 20.0818 5.79999
      vertex -21.3522 18.7254 6.2
      vertex -21.3522 18.7254 5.79999
    endloop
  endfacet
  facet normal 0.516195 -0.483474 -0.706962
    outer loop
      vertex -20.5061 20.5061 5.2
      vertex -21.3522 18.7254 5.79999
      vertex -21.8034 19.121 5.2
    endloop
  endfacet
  facet normal 0.516205 -0.483476 -0.706953
    outer loop
      vertex -20.5061 20.5061 5.2
      vertex -20.0818 20.0818 5.79999
      vertex -21.3522 18.7254 5.79999
    endloop
  endfacet
  facet normal 0.483476 -0.516205 0.706953
    outer loop
      vertex -20.0818 20.0818 6.2
      vertex -18.7254 21.3522 6.2
      vertex -20.5061 20.5061 6.79999
    endloop
  endfacet
  facet normal 0.483474 -0.516195 0.706962
    outer loop
      vertex -18.7254 21.3522 6.2
      vertex -19.121 21.8034 6.79999
      vertex -20.5061 20.5061 6.79999
    endloop
  endfacet
  facet normal 0.68359 -0.729866 0
    outer loop
      vertex -20.0818 20.0818 5.79999
      vertex -18.7254 21.3522 6.2
      vertex -20.0818 20.0818 6.2
    endloop
  endfacet
  facet normal 0.68359 -0.729866 0
    outer loop
      vertex -18.7254 21.3522 6.2
      vertex -20.0818 20.0818 5.79999
      vertex -18.7254 21.3522 5.79999
    endloop
  endfacet
  facet normal 0.48348 -0.516202 -0.706953
    outer loop
      vertex -19.121 21.8034 5.2
      vertex -20.0818 20.0818 5.79999
      vertex -20.5061 20.5061 5.2
    endloop
  endfacet
  facet normal 0.48347 -0.516199 -0.706962
    outer loop
      vertex -19.121 21.8034 5.2
      vertex -18.7254 21.3522 5.79999
      vertex -20.0818 20.0818 5.79999
    endloop
  endfacet
  facet normal 0.448677 -0.546709 0.706964
    outer loop
      vertex -18.7254 21.3522 6.2
      vertex -17.2888 22.5312 6.2
      vertex -19.121 21.8034 6.79999
    endloop
  endfacet
  facet normal 0.448681 -0.546744 0.706934
    outer loop
      vertex -17.2888 22.5312 6.2
      vertex -17.6541 23.0072 6.79999
      vertex -19.121 21.8034 6.79999
    endloop
  endfacet
  facet normal 0.634397 -0.773007 0
    outer loop
      vertex -18.7254 21.3522 5.79999
      vertex -17.2888 22.5312 6.2
      vertex -18.7254 21.3522 6.2
    endloop
  endfacet
  facet normal 0.634397 -0.773007 0
    outer loop
      vertex -17.2888 22.5312 6.2
      vertex -18.7254 21.3522 5.79999
      vertex -17.2888 22.5312 5.79999
    endloop
  endfacet
  facet normal 0.448662 -0.546721 -0.706964
    outer loop
      vertex -17.6541 23.0072 5.2
      vertex -18.7254 21.3522 5.79999
      vertex -19.121 21.8034 5.2
    endloop
  endfacet
  facet normal 0.448696 -0.546732 -0.706934
    outer loop
      vertex -17.6541 23.0072 5.2
      vertex -17.2888 22.5312 5.79999
      vertex -18.7254 21.3522 5.79999
    endloop
  endfacet
  facet normal 0.41198 -0.574908 0.706932
    outer loop
      vertex -17.2888 22.5312 6.2
      vertex -15.7782 23.6137 6.2
      vertex -17.6541 23.0072 6.79999
    endloop
  endfacet
  facet normal 0.411981 -0.574925 0.706918
    outer loop
      vertex -15.7782 23.6137 6.2
      vertex -16.1115 24.1126 6.79999
      vertex -17.6541 23.0072 6.79999
    endloop
  endfacet
  facet normal 0.582485 -0.812842 0
    outer loop
      vertex -17.2888 22.5312 5.79999
      vertex -15.7782 23.6137 6.2
      vertex -17.2888 22.5312 6.2
    endloop
  endfacet
  facet normal 0.582485 -0.812842 0
    outer loop
      vertex -15.7782 23.6137 6.2
      vertex -17.2888 22.5312 5.79999
      vertex -15.7782 23.6137 5.79999
    endloop
  endfacet
  facet normal 0.411973 -0.574913 -0.706932
    outer loop
      vertex -16.1115 24.1126 5.2
      vertex -17.2888 22.5312 5.79999
      vertex -17.6541 23.0072 5.2
    endloop
  endfacet
  facet normal 0.411989 -0.57492 -0.706917
    outer loop
      vertex -16.1115 24.1126 5.2
      vertex -15.7782 23.6137 5.79999
      vertex -17.2888 22.5312 5.79999
    endloop
  endfacet
  facet normal 0.373503 -0.600634 0.706919
    outer loop
      vertex -15.7782 23.6137 6.2
      vertex -14.2 24.5951 6.2
      vertex -16.1115 24.1126 6.79999
    endloop
  endfacet
  facet normal 0.373503 -0.600638 0.706916
    outer loop
      vertex -14.2 24.5951 6.2
      vertex -14.5 25.1147 6.79999
      vertex -16.1115 24.1126 6.79999
    endloop
  endfacet
  facet normal 0.528073 -0.849199 0
    outer loop
      vertex -15.7782 23.6137 5.79999
      vertex -14.2 24.5951 6.2
      vertex -15.7782 23.6137 6.2
    endloop
  endfacet
  facet normal 0.528073 -0.849199 0
    outer loop
      vertex -14.2 24.5951 6.2
      vertex -15.7782 23.6137 5.79999
      vertex -14.2 24.5951 5.79999
    endloop
  endfacet
  facet normal 0.373501 -0.600635 -0.706919
    outer loop
      vertex -14.5 25.1147 5.2
      vertex -15.7782 23.6137 5.79999
      vertex -16.1115 24.1126 5.2
    endloop
  endfacet
  facet normal 0.373505 -0.600637 -0.706916
    outer loop
      vertex -14.5 25.1147 5.2
      vertex -14.2 24.5951 5.79999
      vertex -15.7782 23.6137 5.79999
    endloop
  endfacet
  facet normal 0.333429 -0.623775 0.706916
    outer loop
      vertex -14.2 24.5951 6.2
      vertex -12.561 25.4712 6.2
      vertex -14.5 25.1147 6.79999
    endloop
  endfacet
  facet normal 0.333429 -0.623772 0.706918
    outer loop
      vertex -12.561 25.4712 6.2
      vertex -12.8264 26.0093 6.79999
      vertex -14.5 25.1147 6.79999
    endloop
  endfacet
  facet normal 0.471412 -0.881913 0
    outer loop
      vertex -14.2 24.5951 5.79999
      vertex -12.561 25.4712 6.2
      vertex -14.2 24.5951 6.2
    endloop
  endfacet
  facet normal 0.471412 -0.881913 0
    outer loop
      vertex -12.561 25.4712 6.2
      vertex -14.2 24.5951 5.79999
      vertex -12.561 25.4712 5.79999
    endloop
  endfacet
  facet normal 0.33343 -0.623775 -0.706916
    outer loop
      vertex -12.8264 26.0093 5.2
      vertex -14.2 24.5951 5.79999
      vertex -14.5 25.1147 5.2
    endloop
  endfacet
  facet normal 0.333427 -0.623773 -0.706918
    outer loop
      vertex -12.8264 26.0093 5.2
      vertex -12.561 25.4712 5.79999
      vertex -14.2 24.5951 5.79999
    endloop
  endfacet
  facet normal 0.291907 -0.64425 0.706917
    outer loop
      vertex -12.561 25.4712 6.2
      vertex -10.8682 26.2382 6.2
      vertex -12.8264 26.0093 6.79999
    endloop
  endfacet
  facet normal 0.291905 -0.644263 0.706906
    outer loop
      vertex -10.8682 26.2382 6.2
      vertex -11.0978 26.7925 6.79999
      vertex -12.8264 26.0093 6.79999
    endloop
  endfacet
  facet normal 0.412708 -0.910863 0
    outer loop
      vertex -12.561 25.4712 5.79999
      vertex -10.8682 26.2382 6.2
      vertex -12.561 25.4712 6.2
    endloop
  endfacet
  facet normal 0.412708 -0.910863 0
    outer loop
      vertex -10.8682 26.2382 6.2
      vertex -12.561 25.4712 5.79999
      vertex -10.8682 26.2382 5.79999
    endloop
  endfacet
  facet normal 0.291901 -0.644253 -0.706917
    outer loop
      vertex -11.0978 26.7925 5.2
      vertex -12.561 25.4712 5.79999
      vertex -12.8264 26.0093 5.2
    endloop
  endfacet
  facet normal 0.291912 -0.644261 -0.706906
    outer loop
      vertex -11.0978 26.7925 5.2
      vertex -10.8682 26.2382 5.79999
      vertex -12.561 25.4712 5.79999
    endloop
  endfacet
  facet normal 0.249138 -0.661978 0.706906
    outer loop
      vertex -10.8682 26.2382 6.2
      vertex -9.12888 26.8928 6.2
      vertex -11.0978 26.7925 6.79999
    endloop
  endfacet
  facet normal 0.249148 -0.661932 0.706945
    outer loop
      vertex -9.12888 26.8928 6.2
      vertex -9.32174 27.461 6.79999
      vertex -11.0978 26.7925 6.79999
    endloop
  endfacet
  facet normal 0.352234 -0.935912 0
    outer loop
      vertex -10.8682 26.2382 5.79999
      vertex -9.12888 26.8928 6.2
      vertex -10.8682 26.2382 6.2
    endloop
  endfacet
  facet normal 0.352234 -0.935912 0
    outer loop
      vertex -9.12888 26.8928 6.2
      vertex -10.8682 26.2382 5.79999
      vertex -9.12888 26.8928 5.79999
    endloop
  endfacet
  facet normal 0.249162 -0.661968 -0.706906
    outer loop
      vertex -9.32174 27.461 5.2
      vertex -10.8682 26.2382 5.79999
      vertex -11.0978 26.7925 5.2
    endloop
  endfacet
  facet normal 0.249124 -0.66194 -0.706946
    outer loop
      vertex -9.32174 27.461 5.2
      vertex -9.12888 26.8928 5.79999
      vertex -10.8682 26.2382 5.79999
    endloop
  endfacet
  facet normal 0.205317 -0.67681 0.706946
    outer loop
      vertex -9.12888 26.8928 6.2
      vertex -7.35046 27.4323 6.2
      vertex -9.32174 27.461 6.79999
    endloop
  endfacet
  facet normal 0.205299 -0.676872 0.706892
    outer loop
      vertex -7.35046 27.4323 6.2
      vertex -7.50575 28.0118 6.79999
      vertex -9.32174 27.461 6.79999
    endloop
  endfacet
  facet normal 0.290296 -0.956937 0
    outer loop
      vertex -9.12888 26.8928 5.79999
      vertex -7.35046 27.4323 6.2
      vertex -9.12888 26.8928 6.2
    endloop
  endfacet
  facet normal 0.290296 -0.956937 0
    outer loop
      vertex -7.35046 27.4323 6.2
      vertex -9.12888 26.8928 5.79999
      vertex -7.35046 27.4323 5.79999
    endloop
  endfacet
  facet normal 0.205284 -0.676821 -0.706946
    outer loop
      vertex -7.50575 28.0118 5.2
      vertex -9.12888 26.8928 5.79999
      vertex -9.32174 27.461 5.2
    endloop
  endfacet
  facet normal 0.205332 -0.676863 -0.706892
    outer loop
      vertex -7.50575 28.0118 5.2
      vertex -7.35046 27.4323 5.79999
      vertex -9.12888 26.8928 5.79999
    endloop
  endfacet
  facet normal 0.160613 -0.688846 0.706891
    outer loop
      vertex -7.35046 27.4323 6.2
      vertex -5.54056 27.8543 6.2
      vertex -7.50575 28.0118 6.79999
    endloop
  endfacet
  facet normal 0.160632 -0.688791 0.70694
    outer loop
      vertex -5.54056 27.8543 6.2
      vertex -5.65762 28.4428 6.79999
      vertex -7.50575 28.0118 6.79999
    endloop
  endfacet
  facet normal 0.227071 -0.973878 0
    outer loop
      vertex -7.35046 27.4323 5.79999
      vertex -5.54056 27.8543 6.2
      vertex -7.35046 27.4323 6.2
    endloop
  endfacet
  facet normal 0.227071 -0.973878 0
    outer loop
      vertex -5.54056 27.8543 6.2
      vertex -7.35046 27.4323 5.79999
      vertex -5.54056 27.8543 5.79999
    endloop
  endfacet
  facet normal 0.160643 -0.688838 -0.706892
    outer loop
      vertex -5.65762 28.4428 5.2
      vertex -7.35046 27.4323 5.79999
      vertex -7.50575 28.0118 5.2
    endloop
  endfacet
  facet normal 0.160601 -0.688798 -0.706941
    outer loop
      vertex -5.65762 28.4428 5.2
      vertex -5.54056 27.8543 5.79999
      vertex -7.35046 27.4323 5.79999
    endloop
  endfacet
  facet normal 0.1152 -0.697828 0.70694
    outer loop
      vertex -5.54056 27.8543 6.2
      vertex -3.70694 28.157 6.2
      vertex -5.65762 28.4428 6.79999
    endloop
  endfacet
  facet normal 0.115201 -0.697825 0.706943
    outer loop
      vertex -3.70694 28.157 6.2
      vertex -3.78526 28.7519 6.79999
      vertex -5.65762 28.4428 6.79999
    endloop
  endfacet
  facet normal 0.162879 -0.986646 0
    outer loop
      vertex -5.54056 27.8543 5.79999
      vertex -3.70694 28.157 6.2
      vertex -5.54056 27.8543 6.2
    endloop
  endfacet
  facet normal 0.162879 -0.986646 0
    outer loop
      vertex -3.70694 28.157 6.2
      vertex -5.54056 27.8543 5.79999
      vertex -3.70694 28.157 5.79999
    endloop
  endfacet
  facet normal 0.115201 -0.697828 -0.70694
    outer loop
      vertex -3.78526 28.7519 5.2
      vertex -5.54056 27.8543 5.79999
      vertex -5.65762 28.4428 5.2
    endloop
  endfacet
  facet normal 0.115199 -0.697826 -0.706943
    outer loop
      vertex -3.78526 28.7519 5.2
      vertex -3.70694 28.157 5.79999
      vertex -5.54056 27.8543 5.79999
    endloop
  endfacet
  facet normal 0.0693401 -0.703863 0.706943
    outer loop
      vertex -3.70694 28.157 6.2
      vertex -1.85745 28.3392 6.2
      vertex -3.78526 28.7519 6.79999
    endloop
  endfacet
  facet normal 0.0693245 -0.703894 0.706914
    outer loop
      vertex -1.85745 28.3392 6.2
      vertex -1.89669 28.9379 6.79999
      vertex -3.78526 28.7519 6.79999
    endloop
  endfacet
  facet normal 0.0980391 -0.995183 0
    outer loop
      vertex -3.70694 28.157 5.79999
      vertex -1.85745 28.3392 6.2
      vertex -3.70694 28.157 6.2
    endloop
  endfacet
  facet normal 0.0980391 -0.995183 0
    outer loop
      vertex -1.85745 28.3392 6.2
      vertex -3.70694 28.157 5.79999
      vertex -1.85745 28.3392 5.79999
    endloop
  endfacet
  facet normal 0.0693217 -0.703865 -0.706943
    outer loop
      vertex -1.89669 28.9379 5.2
      vertex -3.70694 28.157 5.79999
      vertex -3.78526 28.7519 5.2
    endloop
  endfacet
  facet normal 0.069343 -0.703892 -0.706914
    outer loop
      vertex -1.89669 28.9379 5.2
      vertex -1.85745 28.3392 5.79999
      vertex -3.70694 28.157 5.79999
    endloop
  endfacet
  facet normal 0.0231397 -0.706921 0.706914
    outer loop
      vertex -1.85745 28.3392 6.2
      vertex 0 28.4 6.2
      vertex -1.89669 28.9379 6.79999
    endloop
  endfacet
  facet normal 0.0231452 -0.706911 0.706923
    outer loop
      vertex 0 28.4 6.2
      vertex 0 29 6.79999
      vertex -1.89669 28.9379 6.79999
    endloop
  endfacet
  facet normal 0.0327155 -0.999465 0
    outer loop
      vertex -1.85745 28.3392 5.79999
      vertex 0 28.4 6.2
      vertex -1.85745 28.3392 6.2
    endloop
  endfacet
  facet normal 0.0327155 -0.999465 0
    outer loop
      vertex 0 28.4 6.2
      vertex -1.85745 28.3392 5.79999
      vertex 0 28.4 5.79999
    endloop
  endfacet
  facet normal 0.0231455 -0.70692 -0.706914
    outer loop
      vertex 0 29 5.2
      vertex -1.85745 28.3392 5.79999
      vertex -1.89669 28.9379 5.2
    endloop
  endfacet
  facet normal 0.0231394 -0.706912 -0.706923
    outer loop
      vertex 0 29 5.2
      vertex 0 28.4 5.79999
      vertex -1.85745 28.3392 5.79999
    endloop
  endfacet
  facet normal -0.0231394 -0.706912 0.706923
    outer loop
      vertex 1.85745 28.3392 6.2
      vertex 0 29 6.79999
      vertex 0 28.4 6.2
    endloop
  endfacet
  facet normal -0.0231455 -0.70692 0.706914
    outer loop
      vertex 1.85745 28.3392 6.2
      vertex 1.89669 28.9379 6.79999
      vertex 0 29 6.79999
    endloop
  endfacet
  facet normal -0.0327155 -0.999465 0
    outer loop
      vertex 0 28.4 5.79999
      vertex 1.85745 28.3392 6.2
      vertex 0 28.4 6.2
    endloop
  endfacet
  facet normal -0.0327155 -0.999465 -0
    outer loop
      vertex 1.85745 28.3392 6.2
      vertex 0 28.4 5.79999
      vertex 1.85745 28.3392 5.79999
    endloop
  endfacet
  facet normal -0.0231452 -0.706911 -0.706923
    outer loop
      vertex 0 29 5.2
      vertex 1.89669 28.9379 5.2
      vertex 0 28.4 5.79999
    endloop
  endfacet
  facet normal -0.0231397 -0.706921 -0.706914
    outer loop
      vertex 1.89669 28.9379 5.2
      vertex 1.85745 28.3392 5.79999
      vertex 0 28.4 5.79999
    endloop
  endfacet
  facet normal -0.069343 -0.703892 0.706914
    outer loop
      vertex 3.70694 28.157 6.2
      vertex 1.89669 28.9379 6.79999
      vertex 1.85745 28.3392 6.2
    endloop
  endfacet
  facet normal -0.0693217 -0.703865 0.706943
    outer loop
      vertex 3.70694 28.157 6.2
      vertex 3.78526 28.7519 6.79999
      vertex 1.89669 28.9379 6.79999
    endloop
  endfacet
  facet normal -0.0980391 -0.995183 0
    outer loop
      vertex 1.85745 28.3392 5.79999
      vertex 3.70694 28.157 6.2
      vertex 1.85745 28.3392 6.2
    endloop
  endfacet
  facet normal -0.0980391 -0.995183 -0
    outer loop
      vertex 3.70694 28.157 6.2
      vertex 1.85745 28.3392 5.79999
      vertex 3.70694 28.157 5.79999
    endloop
  endfacet
  facet normal -0.0693245 -0.703894 -0.706914
    outer loop
      vertex 1.89669 28.9379 5.2
      vertex 3.78526 28.7519 5.2
      vertex 1.85745 28.3392 5.79999
    endloop
  endfacet
  facet normal -0.0693401 -0.703863 -0.706943
    outer loop
      vertex 3.78526 28.7519 5.2
      vertex 3.70694 28.157 5.79999
      vertex 1.85745 28.3392 5.79999
    endloop
  endfacet
  facet normal -0.115199 -0.697826 0.706943
    outer loop
      vertex 5.54056 27.8543 6.2
      vertex 3.78526 28.7519 6.79999
      vertex 3.70694 28.157 6.2
    endloop
  endfacet
  facet normal -0.115201 -0.697828 0.70694
    outer loop
      vertex 5.54056 27.8543 6.2
      vertex 5.65762 28.4428 6.79999
      vertex 3.78526 28.7519 6.79999
    endloop
  endfacet
  facet normal -0.162879 -0.986646 0
    outer loop
      vertex 3.70694 28.157 5.79999
      vertex 5.54056 27.8543 6.2
      vertex 3.70694 28.157 6.2
    endloop
  endfacet
  facet normal -0.162879 -0.986646 -0
    outer loop
      vertex 5.54056 27.8543 6.2
      vertex 3.70694 28.157 5.79999
      vertex 5.54056 27.8543 5.79999
    endloop
  endfacet
  facet normal -0.115201 -0.697825 -0.706943
    outer loop
      vertex 3.78526 28.7519 5.2
      vertex 5.65762 28.4428 5.2
      vertex 3.70694 28.157 5.79999
    endloop
  endfacet
  facet normal -0.1152 -0.697828 -0.70694
    outer loop
      vertex 5.65762 28.4428 5.2
      vertex 5.54056 27.8543 5.79999
      vertex 3.70694 28.157 5.79999
    endloop
  endfacet
  facet normal -0.160601 -0.688798 0.706941
    outer loop
      vertex 7.35046 27.4323 6.2
      vertex 5.65762 28.4428 6.79999
      vertex 5.54056 27.8543 6.2
    endloop
  endfacet
  facet normal -0.160643 -0.688838 0.706892
    outer loop
      vertex 7.35046 27.4323 6.2
      vertex 7.50575 28.0118 6.79999
      vertex 5.65762 28.4428 6.79999
    endloop
  endfacet
  facet normal -0.227071 -0.973878 0
    outer loop
      vertex 5.54056 27.8543 5.79999
      vertex 7.35046 27.4323 6.2
      vertex 5.54056 27.8543 6.2
    endloop
  endfacet
  facet normal -0.227071 -0.973878 -0
    outer loop
      vertex 7.35046 27.4323 6.2
      vertex 5.54056 27.8543 5.79999
      vertex 7.35046 27.4323 5.79999
    endloop
  endfacet
  facet normal -0.160632 -0.688791 -0.70694
    outer loop
      vertex 5.65762 28.4428 5.2
      vertex 7.50575 28.0118 5.2
      vertex 5.54056 27.8543 5.79999
    endloop
  endfacet
  facet normal -0.160613 -0.688846 -0.706891
    outer loop
      vertex 7.50575 28.0118 5.2
      vertex 7.35046 27.4323 5.79999
      vertex 5.54056 27.8543 5.79999
    endloop
  endfacet
  facet normal -0.205332 -0.676863 0.706892
    outer loop
      vertex 9.12888 26.8928 6.2
      vertex 7.50575 28.0118 6.79999
      vertex 7.35046 27.4323 6.2
    endloop
  endfacet
  facet normal -0.205284 -0.676821 0.706946
    outer loop
      vertex 9.12888 26.8928 6.2
      vertex 9.32174 27.461 6.79999
      vertex 7.50575 28.0118 6.79999
    endloop
  endfacet
  facet normal -0.290296 -0.956937 0
    outer loop
      vertex 7.35046 27.4323 5.79999
      vertex 9.12888 26.8928 6.2
      vertex 7.35046 27.4323 6.2
    endloop
  endfacet
  facet normal -0.290296 -0.956937 -0
    outer loop
      vertex 9.12888 26.8928 6.2
      vertex 7.35046 27.4323 5.79999
      vertex 9.12888 26.8928 5.79999
    endloop
  endfacet
  facet normal -0.205299 -0.676872 -0.706892
    outer loop
      vertex 7.50575 28.0118 5.2
      vertex 9.32174 27.461 5.2
      vertex 7.35046 27.4323 5.79999
    endloop
  endfacet
  facet normal -0.205317 -0.67681 -0.706946
    outer loop
      vertex 9.32174 27.461 5.2
      vertex 9.12888 26.8928 5.79999
      vertex 7.35046 27.4323 5.79999
    endloop
  endfacet
  facet normal -0.249124 -0.66194 0.706946
    outer loop
      vertex 10.8682 26.2382 6.2
      vertex 9.32174 27.461 6.79999
      vertex 9.12888 26.8928 6.2
    endloop
  endfacet
  facet normal -0.249162 -0.661968 0.706906
    outer loop
      vertex 10.8682 26.2382 6.2
      vertex 11.0978 26.7925 6.79999
      vertex 9.32174 27.461 6.79999
    endloop
  endfacet
  facet normal -0.352234 -0.935912 0
    outer loop
      vertex 9.12888 26.8928 5.79999
      vertex 10.8682 26.2382 6.2
      vertex 9.12888 26.8928 6.2
    endloop
  endfacet
  facet normal -0.352234 -0.935912 -0
    outer loop
      vertex 10.8682 26.2382 6.2
      vertex 9.12888 26.8928 5.79999
      vertex 10.8682 26.2382 5.79999
    endloop
  endfacet
  facet normal -0.249148 -0.661932 -0.706945
    outer loop
      vertex 9.32174 27.461 5.2
      vertex 11.0978 26.7925 5.2
      vertex 9.12888 26.8928 5.79999
    endloop
  endfacet
  facet normal -0.249138 -0.661978 -0.706906
    outer loop
      vertex 11.0978 26.7925 5.2
      vertex 10.8682 26.2382 5.79999
      vertex 9.12888 26.8928 5.79999
    endloop
  endfacet
  facet normal -0.291912 -0.644261 0.706906
    outer loop
      vertex 12.561 25.4712 6.2
      vertex 11.0978 26.7925 6.79999
      vertex 10.8682 26.2382 6.2
    endloop
  endfacet
  facet normal -0.291901 -0.644253 0.706917
    outer loop
      vertex 12.561 25.4712 6.2
      vertex 12.8264 26.0093 6.79999
      vertex 11.0978 26.7925 6.79999
    endloop
  endfacet
  facet normal -0.412708 -0.910863 0
    outer loop
      vertex 10.8682 26.2382 5.79999
      vertex 12.561 25.4712 6.2
      vertex 10.8682 26.2382 6.2
    endloop
  endfacet
  facet normal -0.412708 -0.910863 -0
    outer loop
      vertex 12.561 25.4712 6.2
      vertex 10.8682 26.2382 5.79999
      vertex 12.561 25.4712 5.79999
    endloop
  endfacet
  facet normal -0.291905 -0.644263 -0.706906
    outer loop
      vertex 11.0978 26.7925 5.2
      vertex 12.8264 26.0093 5.2
      vertex 10.8682 26.2382 5.79999
    endloop
  endfacet
  facet normal -0.291907 -0.64425 -0.706917
    outer loop
      vertex 12.8264 26.0093 5.2
      vertex 12.561 25.4712 5.79999
      vertex 10.8682 26.2382 5.79999
    endloop
  endfacet
  facet normal -0.333427 -0.623773 0.706918
    outer loop
      vertex 14.2 24.5951 6.2
      vertex 12.8264 26.0093 6.79999
      vertex 12.561 25.4712 6.2
    endloop
  endfacet
  facet normal -0.33343 -0.623775 0.706916
    outer loop
      vertex 14.2 24.5951 6.2
      vertex 14.5 25.1147 6.79999
      vertex 12.8264 26.0093 6.79999
    endloop
  endfacet
  facet normal -0.471412 -0.881913 0
    outer loop
      vertex 12.561 25.4712 5.79999
      vertex 14.2 24.5951 6.2
      vertex 12.561 25.4712 6.2
    endloop
  endfacet
  facet normal -0.471412 -0.881913 -0
    outer loop
      vertex 14.2 24.5951 6.2
      vertex 12.561 25.4712 5.79999
      vertex 14.2 24.5951 5.79999
    endloop
  endfacet
  facet normal -0.333429 -0.623772 -0.706918
    outer loop
      vertex 12.8264 26.0093 5.2
      vertex 14.5 25.1147 5.2
      vertex 12.561 25.4712 5.79999
    endloop
  endfacet
  facet normal -0.333429 -0.623775 -0.706916
    outer loop
      vertex 14.5 25.1147 5.2
      vertex 14.2 24.5951 5.79999
      vertex 12.561 25.4712 5.79999
    endloop
  endfacet
  facet normal -0.373505 -0.600637 0.706916
    outer loop
      vertex 15.7782 23.6137 6.2
      vertex 14.5 25.1147 6.79999
      vertex 14.2 24.5951 6.2
    endloop
  endfacet
  facet normal -0.373501 -0.600635 0.706919
    outer loop
      vertex 15.7782 23.6137 6.2
      vertex 16.1115 24.1126 6.79999
      vertex 14.5 25.1147 6.79999
    endloop
  endfacet
  facet normal -0.528073 -0.849199 0
    outer loop
      vertex 14.2 24.5951 5.79999
      vertex 15.7782 23.6137 6.2
      vertex 14.2 24.5951 6.2
    endloop
  endfacet
  facet normal -0.528073 -0.849199 -0
    outer loop
      vertex 15.7782 23.6137 6.2
      vertex 14.2 24.5951 5.79999
      vertex 15.7782 23.6137 5.79999
    endloop
  endfacet
  facet normal -0.373503 -0.600638 -0.706916
    outer loop
      vertex 14.5 25.1147 5.2
      vertex 16.1115 24.1126 5.2
      vertex 14.2 24.5951 5.79999
    endloop
  endfacet
  facet normal -0.373503 -0.600634 -0.706919
    outer loop
      vertex 16.1115 24.1126 5.2
      vertex 15.7782 23.6137 5.79999
      vertex 14.2 24.5951 5.79999
    endloop
  endfacet
  facet normal -0.411989 -0.57492 0.706917
    outer loop
      vertex 17.2888 22.5312 6.2
      vertex 16.1115 24.1126 6.79999
      vertex 15.7782 23.6137 6.2
    endloop
  endfacet
  facet normal -0.411973 -0.574913 0.706932
    outer loop
      vertex 17.2888 22.5312 6.2
      vertex 17.6541 23.0072 6.79999
      vertex 16.1115 24.1126 6.79999
    endloop
  endfacet
  facet normal -0.582485 -0.812842 0
    outer loop
      vertex 15.7782 23.6137 5.79999
      vertex 17.2888 22.5312 6.2
      vertex 15.7782 23.6137 6.2
    endloop
  endfacet
  facet normal -0.582485 -0.812842 -0
    outer loop
      vertex 17.2888 22.5312 6.2
      vertex 15.7782 23.6137 5.79999
      vertex 17.2888 22.5312 5.79999
    endloop
  endfacet
  facet normal -0.411981 -0.574925 -0.706918
    outer loop
      vertex 16.1115 24.1126 5.2
      vertex 17.6541 23.0072 5.2
      vertex 15.7782 23.6137 5.79999
    endloop
  endfacet
  facet normal -0.41198 -0.574908 -0.706932
    outer loop
      vertex 17.6541 23.0072 5.2
      vertex 17.2888 22.5312 5.79999
      vertex 15.7782 23.6137 5.79999
    endloop
  endfacet
  facet normal -0.448696 -0.546732 0.706934
    outer loop
      vertex 18.7254 21.3522 6.2
      vertex 17.6541 23.0072 6.79999
      vertex 17.2888 22.5312 6.2
    endloop
  endfacet
  facet normal -0.448662 -0.546721 0.706964
    outer loop
      vertex 18.7254 21.3522 6.2
      vertex 19.121 21.8034 6.79999
      vertex 17.6541 23.0072 6.79999
    endloop
  endfacet
  facet normal -0.634397 -0.773007 0
    outer loop
      vertex 17.2888 22.5312 5.79999
      vertex 18.7254 21.3522 6.2
      vertex 17.2888 22.5312 6.2
    endloop
  endfacet
  facet normal -0.634397 -0.773007 -0
    outer loop
      vertex 18.7254 21.3522 6.2
      vertex 17.2888 22.5312 5.79999
      vertex 18.7254 21.3522 5.79999
    endloop
  endfacet
  facet normal -0.448681 -0.546744 -0.706934
    outer loop
      vertex 17.6541 23.0072 5.2
      vertex 19.121 21.8034 5.2
      vertex 17.2888 22.5312 5.79999
    endloop
  endfacet
  facet normal -0.448677 -0.546709 -0.706964
    outer loop
      vertex 19.121 21.8034 5.2
      vertex 18.7254 21.3522 5.79999
      vertex 17.2888 22.5312 5.79999
    endloop
  endfacet
  facet normal -0.48347 -0.516199 0.706962
    outer loop
      vertex 20.0818 20.0818 6.2
      vertex 19.121 21.8034 6.79999
      vertex 18.7254 21.3522 6.2
    endloop
  endfacet
  facet normal -0.48348 -0.516202 0.706953
    outer loop
      vertex 20.0818 20.0818 6.2
      vertex 20.5061 20.5061 6.79999
      vertex 19.121 21.8034 6.79999
    endloop
  endfacet
  facet normal -0.68359 -0.729866 0
    outer loop
      vertex 18.7254 21.3522 5.79999
      vertex 20.0818 20.0818 6.2
      vertex 18.7254 21.3522 6.2
    endloop
  endfacet
  facet normal -0.68359 -0.729866 -0
    outer loop
      vertex 20.0818 20.0818 6.2
      vertex 18.7254 21.3522 5.79999
      vertex 20.0818 20.0818 5.79999
    endloop
  endfacet
  facet normal -0.483474 -0.516195 -0.706962
    outer loop
      vertex 19.121 21.8034 5.2
      vertex 20.5061 20.5061 5.2
      vertex 18.7254 21.3522 5.79999
    endloop
  endfacet
  facet normal -0.483476 -0.516205 -0.706953
    outer loop
      vertex 20.5061 20.5061 5.2
      vertex 20.0818 20.0818 5.79999
      vertex 18.7254 21.3522 5.79999
    endloop
  endfacet
  facet normal -0.516205 -0.483476 0.706953
    outer loop
      vertex 21.3522 18.7254 6.2
      vertex 20.5061 20.5061 6.79999
      vertex 20.0818 20.0818 6.2
    endloop
  endfacet
  facet normal -0.516195 -0.483474 0.706962
    outer loop
      vertex 21.3522 18.7254 6.2
      vertex 21.8034 19.121 6.79999
      vertex 20.5061 20.5061 6.79999
    endloop
  endfacet
  facet normal -0.729866 -0.68359 0
    outer loop
      vertex 21.3522 18.7254 5.79999
      vertex 20.0818 20.0818 6.2
      vertex 20.0818 20.0818 5.79999
    endloop
  endfacet
  facet normal -0.729866 -0.68359 0
    outer loop
      vertex 20.0818 20.0818 6.2
      vertex 21.3522 18.7254 5.79999
      vertex 21.3522 18.7254 6.2
    endloop
  endfacet
  facet normal -0.516202 -0.48348 -0.706953
    outer loop
      vertex 20.5061 20.5061 5.2
      vertex 21.8034 19.121 5.2
      vertex 20.0818 20.0818 5.79999
    endloop
  endfacet
  facet normal -0.516199 -0.48347 -0.706962
    outer loop
      vertex 21.8034 19.121 5.2
      vertex 21.3522 18.7254 5.79999
      vertex 20.0818 20.0818 5.79999
    endloop
  endfacet
  facet normal -0.546709 -0.448677 0.706964
    outer loop
      vertex 22.5312 17.2888 6.2
      vertex 21.8034 19.121 6.79999
      vertex 21.3522 18.7254 6.2
    endloop
  endfacet
  facet normal -0.546744 -0.448681 0.706934
    outer loop
      vertex 22.5312 17.2888 6.2
      vertex 23.0072 17.6541 6.79999
      vertex 21.8034 19.121 6.79999
    endloop
  endfacet
  facet normal -0.773007 -0.634397 0
    outer loop
      vertex 22.5312 17.2888 5.79999
      vertex 21.3522 18.7254 6.2
      vertex 21.3522 18.7254 5.79999
    endloop
  endfacet
  facet normal -0.773007 -0.634397 0
    outer loop
      vertex 21.3522 18.7254 6.2
      vertex 22.5312 17.2888 5.79999
      vertex 22.5312 17.2888 6.2
    endloop
  endfacet
  facet normal -0.546721 -0.448662 -0.706964
    outer loop
      vertex 21.8034 19.121 5.2
      vertex 23.0072 17.6541 5.2
      vertex 21.3522 18.7254 5.79999
    endloop
  endfacet
  facet normal -0.546732 -0.448696 -0.706934
    outer loop
      vertex 23.0072 17.6541 5.2
      vertex 22.5312 17.2888 5.79999
      vertex 21.3522 18.7254 5.79999
    endloop
  endfacet
  facet normal -0.574908 -0.41198 0.706932
    outer loop
      vertex 23.6137 15.7782 6.2
      vertex 23.0072 17.6541 6.79999
      vertex 22.5312 17.2888 6.2
    endloop
  endfacet
  facet normal -0.574925 -0.411981 0.706918
    outer loop
      vertex 23.6137 15.7782 6.2
      vertex 24.1126 16.1115 6.79999
      vertex 23.0072 17.6541 6.79999
    endloop
  endfacet
  facet normal -0.812842 -0.582485 0
    outer loop
      vertex 23.6137 15.7782 5.79999
      vertex 22.5312 17.2888 6.2
      vertex 22.5312 17.2888 5.79999
    endloop
  endfacet
  facet normal -0.812842 -0.582485 0
    outer loop
      vertex 22.5312 17.2888 6.2
      vertex 23.6137 15.7782 5.79999
      vertex 23.6137 15.7782 6.2
    endloop
  endfacet
  facet normal -0.574913 -0.411973 -0.706932
    outer loop
      vertex 23.0072 17.6541 5.2
      vertex 24.1126 16.1115 5.2
      vertex 22.5312 17.2888 5.79999
    endloop
  endfacet
  facet normal -0.57492 -0.411989 -0.706917
    outer loop
      vertex 24.1126 16.1115 5.2
      vertex 23.6137 15.7782 5.79999
      vertex 22.5312 17.2888 5.79999
    endloop
  endfacet
  facet normal -0.600634 -0.373503 0.706919
    outer loop
      vertex 24.5951 14.2 6.2
      vertex 24.1126 16.1115 6.79999
      vertex 23.6137 15.7782 6.2
    endloop
  endfacet
  facet normal -0.600638 -0.373503 0.706916
    outer loop
      vertex 24.5951 14.2 6.2
      vertex 25.1147 14.5 6.79999
      vertex 24.1126 16.1115 6.79999
    endloop
  endfacet
  facet normal -0.849199 -0.528073 0
    outer loop
      vertex 24.5951 14.2 5.79999
      vertex 23.6137 15.7782 6.2
      vertex 23.6137 15.7782 5.79999
    endloop
  endfacet
  facet normal -0.849199 -0.528073 0
    outer loop
      vertex 23.6137 15.7782 6.2
      vertex 24.5951 14.2 5.79999
      vertex 24.5951 14.2 6.2
    endloop
  endfacet
  facet normal -0.600635 -0.373501 -0.706919
    outer loop
      vertex 24.1126 16.1115 5.2
      vertex 25.1147 14.5 5.2
      vertex 23.6137 15.7782 5.79999
    endloop
  endfacet
  facet normal -0.600637 -0.373505 -0.706916
    outer loop
      vertex 25.1147 14.5 5.2
      vertex 24.5951 14.2 5.79999
      vertex 23.6137 15.7782 5.79999
    endloop
  endfacet
  facet normal -0.623775 -0.333429 0.706916
    outer loop
      vertex 25.4712 12.561 6.2
      vertex 25.1147 14.5 6.79999
      vertex 24.5951 14.2 6.2
    endloop
  endfacet
  facet normal -0.623772 -0.333429 0.706918
    outer loop
      vertex 25.4712 12.561 6.2
      vertex 26.0093 12.8264 6.79999
      vertex 25.1147 14.5 6.79999
    endloop
  endfacet
  facet normal -0.881913 -0.471412 0
    outer loop
      vertex 25.4712 12.561 5.79999
      vertex 24.5951 14.2 6.2
      vertex 24.5951 14.2 5.79999
    endloop
  endfacet
  facet normal -0.881913 -0.471412 0
    outer loop
      vertex 24.5951 14.2 6.2
      vertex 25.4712 12.561 5.79999
      vertex 25.4712 12.561 6.2
    endloop
  endfacet
  facet normal -0.623775 -0.33343 -0.706916
    outer loop
      vertex 25.1147 14.5 5.2
      vertex 26.0093 12.8264 5.2
      vertex 24.5951 14.2 5.79999
    endloop
  endfacet
  facet normal -0.623773 -0.333427 -0.706918
    outer loop
      vertex 26.0093 12.8264 5.2
      vertex 25.4712 12.561 5.79999
      vertex 24.5951 14.2 5.79999
    endloop
  endfacet
  facet normal -0.64425 -0.291907 0.706917
    outer loop
      vertex 26.2382 10.8682 6.2
      vertex 26.0093 12.8264 6.79999
      vertex 25.4712 12.561 6.2
    endloop
  endfacet
  facet normal -0.644263 -0.291905 0.706906
    outer loop
      vertex 26.2382 10.8682 6.2
      vertex 26.7925 11.0978 6.79999
      vertex 26.0093 12.8264 6.79999
    endloop
  endfacet
  facet normal -0.910863 -0.412708 0
    outer loop
      vertex 26.2382 10.8682 5.79999
      vertex 25.4712 12.561 6.2
      vertex 25.4712 12.561 5.79999
    endloop
  endfacet
  facet normal -0.910863 -0.412708 0
    outer loop
      vertex 25.4712 12.561 6.2
      vertex 26.2382 10.8682 5.79999
      vertex 26.2382 10.8682 6.2
    endloop
  endfacet
  facet normal -0.644253 -0.291901 -0.706917
    outer loop
      vertex 26.0093 12.8264 5.2
      vertex 26.7925 11.0978 5.2
      vertex 25.4712 12.561 5.79999
    endloop
  endfacet
  facet normal -0.644261 -0.291912 -0.706906
    outer loop
      vertex 26.7925 11.0978 5.2
      vertex 26.2382 10.8682 5.79999
      vertex 25.4712 12.561 5.79999
    endloop
  endfacet
  facet normal -0.661978 -0.249138 0.706906
    outer loop
      vertex 26.8928 9.12888 6.2
      vertex 26.7925 11.0978 6.79999
      vertex 26.2382 10.8682 6.2
    endloop
  endfacet
  facet normal -0.661932 -0.249148 0.706945
    outer loop
      vertex 26.8928 9.12888 6.2
      vertex 27.461 9.32174 6.79999
      vertex 26.7925 11.0978 6.79999
    endloop
  endfacet
  facet normal -0.935912 -0.352234 0
    outer loop
      vertex 26.8928 9.12888 5.79999
      vertex 26.2382 10.8682 6.2
      vertex 26.2382 10.8682 5.79999
    endloop
  endfacet
  facet normal -0.935912 -0.352234 0
    outer loop
      vertex 26.2382 10.8682 6.2
      vertex 26.8928 9.12888 5.79999
      vertex 26.8928 9.12888 6.2
    endloop
  endfacet
  facet normal -0.661968 -0.249162 -0.706906
    outer loop
      vertex 26.7925 11.0978 5.2
      vertex 27.461 9.32174 5.2
      vertex 26.2382 10.8682 5.79999
    endloop
  endfacet
  facet normal -0.66194 -0.249124 -0.706946
    outer loop
      vertex 27.461 9.32174 5.2
      vertex 26.8928 9.12888 5.79999
      vertex 26.2382 10.8682 5.79999
    endloop
  endfacet
  facet normal -0.67681 -0.205317 0.706946
    outer loop
      vertex 27.4323 7.35046 6.2
      vertex 27.461 9.32174 6.79999
      vertex 26.8928 9.12888 6.2
    endloop
  endfacet
  facet normal -0.676872 -0.205299 0.706892
    outer loop
      vertex 28.0118 7.50575 6.79999
      vertex 27.461 9.32174 6.79999
      vertex 27.4323 7.35046 6.2
    endloop
  endfacet
  facet normal -0.956937 -0.290296 0
    outer loop
      vertex 27.4323 7.35046 5.79999
      vertex 26.8928 9.12888 6.2
      vertex 26.8928 9.12888 5.79999
    endloop
  endfacet
  facet normal -0.956937 -0.290296 0
    outer loop
      vertex 26.8928 9.12888 6.2
      vertex 27.4323 7.35046 5.79999
      vertex 27.4323 7.35046 6.2
    endloop
  endfacet
  facet normal -0.676821 -0.205284 -0.706946
    outer loop
      vertex 27.461 9.32174 5.2
      vertex 28.0118 7.50575 5.2
      vertex 26.8928 9.12888 5.79999
    endloop
  endfacet
  facet normal -0.676863 -0.205332 -0.706892
    outer loop
      vertex 28.0118 7.50575 5.2
      vertex 27.4323 7.35046 5.79999
      vertex 26.8928 9.12888 5.79999
    endloop
  endfacet
  facet normal -0.688846 -0.160613 0.706891
    outer loop
      vertex 27.8543 5.54056 6.2
      vertex 28.0118 7.50575 6.79999
      vertex 27.4323 7.35046 6.2
    endloop
  endfacet
  facet normal -0.688791 -0.160632 0.70694
    outer loop
      vertex 28.4428 5.65762 6.79999
      vertex 28.0118 7.50575 6.79999
      vertex 27.8543 5.54056 6.2
    endloop
  endfacet
  facet normal -0.973878 -0.227071 0
    outer loop
      vertex 27.8543 5.54056 5.79999
      vertex 27.4323 7.35046 6.2
      vertex 27.4323 7.35046 5.79999
    endloop
  endfacet
  facet normal -0.973878 -0.227071 0
    outer loop
      vertex 27.4323 7.35046 6.2
      vertex 27.8543 5.54056 5.79999
      vertex 27.8543 5.54056 6.2
    endloop
  endfacet
  facet normal -0.688838 -0.160643 -0.706892
    outer loop
      vertex 28.0118 7.50575 5.2
      vertex 28.4428 5.65762 5.2
      vertex 27.4323 7.35046 5.79999
    endloop
  endfacet
  facet normal -0.688798 -0.160601 -0.706941
    outer loop
      vertex 28.4428 5.65762 5.2
      vertex 27.8543 5.54056 5.79999
      vertex 27.4323 7.35046 5.79999
    endloop
  endfacet
  facet normal -0.697828 -0.1152 0.70694
    outer loop
      vertex 28.157 3.70694 6.2
      vertex 28.4428 5.65762 6.79999
      vertex 27.8543 5.54056 6.2
    endloop
  endfacet
  facet normal -0.697825 -0.115201 0.706943
    outer loop
      vertex 28.7519 3.78526 6.79999
      vertex 28.4428 5.65762 6.79999
      vertex 28.157 3.70694 6.2
    endloop
  endfacet
  facet normal -0.986646 -0.162879 0
    outer loop
      vertex 28.157 3.70694 5.79999
      vertex 27.8543 5.54056 6.2
      vertex 27.8543 5.54056 5.79999
    endloop
  endfacet
  facet normal -0.986646 -0.162879 0
    outer loop
      vertex 27.8543 5.54056 6.2
      vertex 28.157 3.70694 5.79999
      vertex 28.157 3.70694 6.2
    endloop
  endfacet
  facet normal -0.697828 -0.115201 -0.70694
    outer loop
      vertex 28.4428 5.65762 5.2
      vertex 28.7519 3.78526 5.2
      vertex 27.8543 5.54056 5.79999
    endloop
  endfacet
  facet normal -0.697826 -0.115199 -0.706943
    outer loop
      vertex 28.7519 3.78526 5.2
      vertex 28.157 3.70694 5.79999
      vertex 27.8543 5.54056 5.79999
    endloop
  endfacet
  facet normal -0.703863 -0.0693401 0.706943
    outer loop
      vertex 28.3392 1.85745 6.2
      vertex 28.7519 3.78526 6.79999
      vertex 28.157 3.70694 6.2
    endloop
  endfacet
  facet normal -0.703894 -0.0693245 0.706914
    outer loop
      vertex 28.9379 1.89669 6.79999
      vertex 28.7519 3.78526 6.79999
      vertex 28.3392 1.85745 6.2
    endloop
  endfacet
  facet normal -0.995183 -0.0980391 0
    outer loop
      vertex 28.3392 1.85745 5.79999
      vertex 28.157 3.70694 6.2
      vertex 28.157 3.70694 5.79999
    endloop
  endfacet
  facet normal -0.995183 -0.0980391 0
    outer loop
      vertex 28.157 3.70694 6.2
      vertex 28.3392 1.85745 5.79999
      vertex 28.3392 1.85745 6.2
    endloop
  endfacet
  facet normal -0.703865 -0.0693217 -0.706943
    outer loop
      vertex 28.7519 3.78526 5.2
      vertex 28.9379 1.89669 5.2
      vertex 28.157 3.70694 5.79999
    endloop
  endfacet
  facet normal -0.703892 -0.069343 -0.706914
    outer loop
      vertex 28.9379 1.89669 5.2
      vertex 28.3392 1.85745 5.79999
      vertex 28.157 3.70694 5.79999
    endloop
  endfacet
  facet normal -0.706921 -0.0231397 0.706914
    outer loop
      vertex 28.4 0 6.2
      vertex 28.9379 1.89669 6.79999
      vertex 28.3392 1.85745 6.2
    endloop
  endfacet
  facet normal -0.706911 -0.0231452 0.706923
    outer loop
      vertex 29 0 6.79999
      vertex 28.9379 1.89669 6.79999
      vertex 28.4 0 6.2
    endloop
  endfacet
  facet normal -0.999465 -0.0327155 0
    outer loop
      vertex 28.4 0 5.79999
      vertex 28.3392 1.85745 6.2
      vertex 28.3392 1.85745 5.79999
    endloop
  endfacet
  facet normal -0.999465 -0.0327155 0
    outer loop
      vertex 28.3392 1.85745 6.2
      vertex 28.4 0 5.79999
      vertex 28.4 0 6.2
    endloop
  endfacet
  facet normal -0.70692 -0.0231455 -0.706914
    outer loop
      vertex 28.9379 1.89669 5.2
      vertex 29 0 5.2
      vertex 28.3392 1.85745 5.79999
    endloop
  endfacet
  facet normal -0.706912 -0.0231394 -0.706923
    outer loop
      vertex 29 0 5.2
      vertex 28.4 0 5.79999
      vertex 28.3392 1.85745 5.79999
    endloop
  endfacet
  facet normal -0.706912 0.0231394 0.706923
    outer loop
      vertex 29 0 6.79999
      vertex 28.4 0 6.2
      vertex 28.3392 -1.85745 6.2
    endloop
  endfacet
  facet normal -0.70692 0.0231455 0.706914
    outer loop
      vertex 28.9379 -1.89669 6.79999
      vertex 29 0 6.79999
      vertex 28.3392 -1.85745 6.2
    endloop
  endfacet
  facet normal -0.999465 0.0327155 0
    outer loop
      vertex 28.3392 -1.85745 5.79999
      vertex 28.4 0 6.2
      vertex 28.4 0 5.79999
    endloop
  endfacet
  facet normal -0.999465 0.0327155 0
    outer loop
      vertex 28.4 0 6.2
      vertex 28.3392 -1.85745 5.79999
      vertex 28.3392 -1.85745 6.2
    endloop
  endfacet
  facet normal -0.706911 0.0231452 -0.706923
    outer loop
      vertex 29 0 5.2
      vertex 28.9379 -1.89669 5.2
      vertex 28.4 0 5.79999
    endloop
  endfacet
  facet normal -0.706921 0.0231397 -0.706914
    outer loop
      vertex 28.4 0 5.79999
      vertex 28.9379 -1.89669 5.2
      vertex 28.3392 -1.85745 5.79999
    endloop
  endfacet
  facet normal -0.703892 0.069343 0.706914
    outer loop
      vertex 28.9379 -1.89669 6.79999
      vertex 28.3392 -1.85745 6.2
      vertex 28.157 -3.70694 6.2
    endloop
  endfacet
  facet normal -0.703865 0.0693217 0.706943
    outer loop
      vertex 28.7519 -3.78526 6.79999
      vertex 28.9379 -1.89669 6.79999
      vertex 28.157 -3.70694 6.2
    endloop
  endfacet
  facet normal -0.995183 0.0980391 0
    outer loop
      vertex 28.157 -3.70694 5.79999
      vertex 28.3392 -1.85745 6.2
      vertex 28.3392 -1.85745 5.79999
    endloop
  endfacet
  facet normal -0.995183 0.0980391 0
    outer loop
      vertex 28.3392 -1.85745 6.2
      vertex 28.157 -3.70694 5.79999
      vertex 28.157 -3.70694 6.2
    endloop
  endfacet
  facet normal -0.703894 0.0693245 -0.706914
    outer loop
      vertex 28.9379 -1.89669 5.2
      vertex 28.7519 -3.78526 5.2
      vertex 28.3392 -1.85745 5.79999
    endloop
  endfacet
  facet normal -0.703863 0.0693401 -0.706943
    outer loop
      vertex 28.3392 -1.85745 5.79999
      vertex 28.7519 -3.78526 5.2
      vertex 28.157 -3.70694 5.79999
    endloop
  endfacet
  facet normal -0.697826 0.115199 0.706943
    outer loop
      vertex 28.7519 -3.78526 6.79999
      vertex 28.157 -3.70694 6.2
      vertex 27.8543 -5.54056 6.2
    endloop
  endfacet
  facet normal -0.697828 0.115201 0.70694
    outer loop
      vertex 28.4428 -5.65762 6.79999
      vertex 28.7519 -3.78526 6.79999
      vertex 27.8543 -5.54056 6.2
    endloop
  endfacet
  facet normal -0.986646 0.162879 0
    outer loop
      vertex 27.8543 -5.54056 5.79999
      vertex 28.157 -3.70694 6.2
      vertex 28.157 -3.70694 5.79999
    endloop
  endfacet
  facet normal -0.986646 0.162879 0
    outer loop
      vertex 28.157 -3.70694 6.2
      vertex 27.8543 -5.54056 5.79999
      vertex 27.8543 -5.54056 6.2
    endloop
  endfacet
  facet normal -0.697825 0.115201 -0.706943
    outer loop
      vertex 28.7519 -3.78526 5.2
      vertex 28.4428 -5.65762 5.2
      vertex 28.157 -3.70694 5.79999
    endloop
  endfacet
  facet normal -0.697828 0.1152 -0.70694
    outer loop
      vertex 28.157 -3.70694 5.79999
      vertex 28.4428 -5.65762 5.2
      vertex 27.8543 -5.54056 5.79999
    endloop
  endfacet
  facet normal -0.688798 0.160601 0.706941
    outer loop
      vertex 28.4428 -5.65762 6.79999
      vertex 27.8543 -5.54056 6.2
      vertex 27.4323 -7.35046 6.2
    endloop
  endfacet
  facet normal -0.688838 0.160643 0.706892
    outer loop
      vertex 28.0118 -7.50575 6.79999
      vertex 28.4428 -5.65762 6.79999
      vertex 27.4323 -7.35046 6.2
    endloop
  endfacet
  facet normal -0.973878 0.227071 0
    outer loop
      vertex 27.4323 -7.35046 5.79999
      vertex 27.8543 -5.54056 6.2
      vertex 27.8543 -5.54056 5.79999
    endloop
  endfacet
  facet normal -0.973878 0.227071 0
    outer loop
      vertex 27.8543 -5.54056 6.2
      vertex 27.4323 -7.35046 5.79999
      vertex 27.4323 -7.35046 6.2
    endloop
  endfacet
  facet normal -0.688791 0.160632 -0.70694
    outer loop
      vertex 28.4428 -5.65762 5.2
      vertex 28.0118 -7.50575 5.2
      vertex 27.8543 -5.54056 5.79999
    endloop
  endfacet
  facet normal -0.688846 0.160613 -0.706891
    outer loop
      vertex 27.8543 -5.54056 5.79999
      vertex 28.0118 -7.50575 5.2
      vertex 27.4323 -7.35046 5.79999
    endloop
  endfacet
  facet normal -0.676863 0.205332 0.706892
    outer loop
      vertex 28.0118 -7.50575 6.79999
      vertex 27.4323 -7.35046 6.2
      vertex 26.8928 -9.12888 6.2
    endloop
  endfacet
  facet normal -0.676821 0.205284 0.706946
    outer loop
      vertex 27.461 -9.32174 6.79999
      vertex 28.0118 -7.50575 6.79999
      vertex 26.8928 -9.12888 6.2
    endloop
  endfacet
  facet normal -0.956937 0.290296 0
    outer loop
      vertex 26.8928 -9.12888 5.79999
      vertex 27.4323 -7.35046 6.2
      vertex 27.4323 -7.35046 5.79999
    endloop
  endfacet
  facet normal -0.956937 0.290296 0
    outer loop
      vertex 27.4323 -7.35046 6.2
      vertex 26.8928 -9.12888 5.79999
      vertex 26.8928 -9.12888 6.2
    endloop
  endfacet
  facet normal -0.676872 0.205299 -0.706892
    outer loop
      vertex 28.0118 -7.50575 5.2
      vertex 27.461 -9.32174 5.2
      vertex 27.4323 -7.35046 5.79999
    endloop
  endfacet
  facet normal -0.67681 0.205317 -0.706946
    outer loop
      vertex 27.4323 -7.35046 5.79999
      vertex 27.461 -9.32174 5.2
      vertex 26.8928 -9.12888 5.79999
    endloop
  endfacet
  facet normal -0.66194 0.249124 0.706946
    outer loop
      vertex 27.461 -9.32174 6.79999
      vertex 26.8928 -9.12888 6.2
      vertex 26.2382 -10.8682 6.2
    endloop
  endfacet
  facet normal -0.661968 0.249162 0.706906
    outer loop
      vertex 26.7925 -11.0978 6.79999
      vertex 27.461 -9.32174 6.79999
      vertex 26.2382 -10.8682 6.2
    endloop
  endfacet
  facet normal -0.935912 0.352234 0
    outer loop
      vertex 26.2382 -10.8682 5.79999
      vertex 26.8928 -9.12888 6.2
      vertex 26.8928 -9.12888 5.79999
    endloop
  endfacet
  facet normal -0.935912 0.352234 0
    outer loop
      vertex 26.8928 -9.12888 6.2
      vertex 26.2382 -10.8682 5.79999
      vertex 26.2382 -10.8682 6.2
    endloop
  endfacet
  facet normal -0.661932 0.249148 -0.706945
    outer loop
      vertex 26.8928 -9.12888 5.79999
      vertex 27.461 -9.32174 5.2
      vertex 26.7925 -11.0978 5.2
    endloop
  endfacet
  facet normal -0.661978 0.249138 -0.706906
    outer loop
      vertex 26.8928 -9.12888 5.79999
      vertex 26.7925 -11.0978 5.2
      vertex 26.2382 -10.8682 5.79999
    endloop
  endfacet
  facet normal -0.644261 0.291912 0.706906
    outer loop
      vertex 26.7925 -11.0978 6.79999
      vertex 26.2382 -10.8682 6.2
      vertex 25.4712 -12.561 6.2
    endloop
  endfacet
  facet normal -0.644253 0.291901 0.706917
    outer loop
      vertex 26.0093 -12.8264 6.79999
      vertex 26.7925 -11.0978 6.79999
      vertex 25.4712 -12.561 6.2
    endloop
  endfacet
  facet normal -0.910863 0.412708 0
    outer loop
      vertex 25.4712 -12.561 5.79999
      vertex 26.2382 -10.8682 6.2
      vertex 26.2382 -10.8682 5.79999
    endloop
  endfacet
  facet normal -0.910863 0.412708 0
    outer loop
      vertex 26.2382 -10.8682 6.2
      vertex 25.4712 -12.561 5.79999
      vertex 25.4712 -12.561 6.2
    endloop
  endfacet
  facet normal -0.644263 0.291905 -0.706906
    outer loop
      vertex 26.2382 -10.8682 5.79999
      vertex 26.7925 -11.0978 5.2
      vertex 26.0093 -12.8264 5.2
    endloop
  endfacet
  facet normal -0.64425 0.291907 -0.706917
    outer loop
      vertex 26.2382 -10.8682 5.79999
      vertex 26.0093 -12.8264 5.2
      vertex 25.4712 -12.561 5.79999
    endloop
  endfacet
  facet normal -0.623773 0.333427 0.706918
    outer loop
      vertex 26.0093 -12.8264 6.79999
      vertex 25.4712 -12.561 6.2
      vertex 24.5951 -14.2 6.2
    endloop
  endfacet
  facet normal -0.623775 0.33343 0.706916
    outer loop
      vertex 25.1147 -14.5 6.79999
      vertex 26.0093 -12.8264 6.79999
      vertex 24.5951 -14.2 6.2
    endloop
  endfacet
  facet normal -0.881913 0.471412 0
    outer loop
      vertex 24.5951 -14.2 5.79999
      vertex 25.4712 -12.561 6.2
      vertex 25.4712 -12.561 5.79999
    endloop
  endfacet
  facet normal -0.881913 0.471412 0
    outer loop
      vertex 25.4712 -12.561 6.2
      vertex 24.5951 -14.2 5.79999
      vertex 24.5951 -14.2 6.2
    endloop
  endfacet
  facet normal -0.623772 0.333429 -0.706918
    outer loop
      vertex 25.4712 -12.561 5.79999
      vertex 26.0093 -12.8264 5.2
      vertex 25.1147 -14.5 5.2
    endloop
  endfacet
  facet normal -0.623775 0.333429 -0.706916
    outer loop
      vertex 25.4712 -12.561 5.79999
      vertex 25.1147 -14.5 5.2
      vertex 24.5951 -14.2 5.79999
    endloop
  endfacet
  facet normal -0.600637 0.373505 0.706916
    outer loop
      vertex 25.1147 -14.5 6.79999
      vertex 24.5951 -14.2 6.2
      vertex 23.6137 -15.7782 6.2
    endloop
  endfacet
  facet normal -0.600635 0.373501 0.706919
    outer loop
      vertex 24.1126 -16.1115 6.79999
      vertex 25.1147 -14.5 6.79999
      vertex 23.6137 -15.7782 6.2
    endloop
  endfacet
  facet normal -0.849199 0.528073 0
    outer loop
      vertex 23.6137 -15.7782 5.79999
      vertex 24.5951 -14.2 6.2
      vertex 24.5951 -14.2 5.79999
    endloop
  endfacet
  facet normal -0.849199 0.528073 0
    outer loop
      vertex 24.5951 -14.2 6.2
      vertex 23.6137 -15.7782 5.79999
      vertex 23.6137 -15.7782 6.2
    endloop
  endfacet
  facet normal -0.600638 0.373503 -0.706916
    outer loop
      vertex 24.5951 -14.2 5.79999
      vertex 25.1147 -14.5 5.2
      vertex 24.1126 -16.1115 5.2
    endloop
  endfacet
  facet normal -0.600634 0.373503 -0.706919
    outer loop
      vertex 24.5951 -14.2 5.79999
      vertex 24.1126 -16.1115 5.2
      vertex 23.6137 -15.7782 5.79999
    endloop
  endfacet
  facet normal -0.57492 0.411989 0.706917
    outer loop
      vertex 24.1126 -16.1115 6.79999
      vertex 23.6137 -15.7782 6.2
      vertex 22.5312 -17.2888 6.2
    endloop
  endfacet
  facet normal -0.574913 0.411973 0.706932
    outer loop
      vertex 23.0072 -17.6541 6.79999
      vertex 24.1126 -16.1115 6.79999
      vertex 22.5312 -17.2888 6.2
    endloop
  endfacet
  facet normal -0.812842 0.582485 0
    outer loop
      vertex 22.5312 -17.2888 5.79999
      vertex 23.6137 -15.7782 6.2
      vertex 23.6137 -15.7782 5.79999
    endloop
  endfacet
  facet normal -0.812842 0.582485 0
    outer loop
      vertex 23.6137 -15.7782 6.2
      vertex 22.5312 -17.2888 5.79999
      vertex 22.5312 -17.2888 6.2
    endloop
  endfacet
  facet normal -0.574925 0.411981 -0.706918
    outer loop
      vertex 23.6137 -15.7782 5.79999
      vertex 24.1126 -16.1115 5.2
      vertex 23.0072 -17.6541 5.2
    endloop
  endfacet
  facet normal -0.574908 0.41198 -0.706932
    outer loop
      vertex 23.6137 -15.7782 5.79999
      vertex 23.0072 -17.6541 5.2
      vertex 22.5312 -17.2888 5.79999
    endloop
  endfacet
  facet normal -0.546732 0.448696 0.706934
    outer loop
      vertex 23.0072 -17.6541 6.79999
      vertex 22.5312 -17.2888 6.2
      vertex 21.3522 -18.7254 6.2
    endloop
  endfacet
  facet normal -0.546721 0.448662 0.706964
    outer loop
      vertex 21.8034 -19.121 6.79999
      vertex 23.0072 -17.6541 6.79999
      vertex 21.3522 -18.7254 6.2
    endloop
  endfacet
  facet normal -0.773007 0.634397 0
    outer loop
      vertex 21.3522 -18.7254 5.79999
      vertex 22.5312 -17.2888 6.2
      vertex 22.5312 -17.2888 5.79999
    endloop
  endfacet
  facet normal -0.773007 0.634397 0
    outer loop
      vertex 22.5312 -17.2888 6.2
      vertex 21.3522 -18.7254 5.79999
      vertex 21.3522 -18.7254 6.2
    endloop
  endfacet
  facet normal -0.546744 0.448681 -0.706934
    outer loop
      vertex 22.5312 -17.2888 5.79999
      vertex 23.0072 -17.6541 5.2
      vertex 21.8034 -19.121 5.2
    endloop
  endfacet
  facet normal -0.546709 0.448677 -0.706964
    outer loop
      vertex 22.5312 -17.2888 5.79999
      vertex 21.8034 -19.121 5.2
      vertex 21.3522 -18.7254 5.79999
    endloop
  endfacet
  facet normal -0.516199 0.48347 0.706962
    outer loop
      vertex 21.8034 -19.121 6.79999
      vertex 21.3522 -18.7254 6.2
      vertex 20.0818 -20.0818 6.2
    endloop
  endfacet
  facet normal -0.516202 0.48348 0.706953
    outer loop
      vertex 20.5061 -20.5061 6.79999
      vertex 21.8034 -19.121 6.79999
      vertex 20.0818 -20.0818 6.2
    endloop
  endfacet
  facet normal -0.729866 0.68359 0
    outer loop
      vertex 20.0818 -20.0818 5.79999
      vertex 21.3522 -18.7254 6.2
      vertex 21.3522 -18.7254 5.79999
    endloop
  endfacet
  facet normal -0.729866 0.68359 0
    outer loop
      vertex 21.3522 -18.7254 6.2
      vertex 20.0818 -20.0818 5.79999
      vertex 20.0818 -20.0818 6.2
    endloop
  endfacet
  facet normal -0.516195 0.483474 -0.706962
    outer loop
      vertex 21.3522 -18.7254 5.79999
      vertex 21.8034 -19.121 5.2
      vertex 20.5061 -20.5061 5.2
    endloop
  endfacet
  facet normal -0.516205 0.483476 -0.706953
    outer loop
      vertex 21.3522 -18.7254 5.79999
      vertex 20.5061 -20.5061 5.2
      vertex 20.0818 -20.0818 5.79999
    endloop
  endfacet
  facet normal -0.483476 0.516205 0.706953
    outer loop
      vertex 20.5061 -20.5061 6.79999
      vertex 20.0818 -20.0818 6.2
      vertex 18.7254 -21.3522 6.2
    endloop
  endfacet
  facet normal -0.483474 0.516195 0.706962
    outer loop
      vertex 19.121 -21.8034 6.79999
      vertex 20.5061 -20.5061 6.79999
      vertex 18.7254 -21.3522 6.2
    endloop
  endfacet
  facet normal -0.68359 0.729866 0
    outer loop
      vertex 20.0818 -20.0818 5.79999
      vertex 18.7254 -21.3522 6.2
      vertex 20.0818 -20.0818 6.2
    endloop
  endfacet
  facet normal -0.68359 0.729866 0
    outer loop
      vertex 18.7254 -21.3522 6.2
      vertex 20.0818 -20.0818 5.79999
      vertex 18.7254 -21.3522 5.79999
    endloop
  endfacet
  facet normal -0.48348 0.516202 -0.706953
    outer loop
      vertex 20.0818 -20.0818 5.79999
      vertex 20.5061 -20.5061 5.2
      vertex 19.121 -21.8034 5.2
    endloop
  endfacet
  facet normal -0.48347 0.516199 -0.706962
    outer loop
      vertex 20.0818 -20.0818 5.79999
      vertex 19.121 -21.8034 5.2
      vertex 18.7254 -21.3522 5.79999
    endloop
  endfacet
  facet normal -0.448677 0.546709 0.706964
    outer loop
      vertex 19.121 -21.8034 6.79999
      vertex 18.7254 -21.3522 6.2
      vertex 17.2888 -22.5312 6.2
    endloop
  endfacet
  facet normal -0.448681 0.546744 0.706934
    outer loop
      vertex 17.6541 -23.0072 6.79999
      vertex 19.121 -21.8034 6.79999
      vertex 17.2888 -22.5312 6.2
    endloop
  endfacet
  facet normal -0.634397 0.773007 0
    outer loop
      vertex 18.7254 -21.3522 5.79999
      vertex 17.2888 -22.5312 6.2
      vertex 18.7254 -21.3522 6.2
    endloop
  endfacet
  facet normal -0.634397 0.773007 0
    outer loop
      vertex 17.2888 -22.5312 6.2
      vertex 18.7254 -21.3522 5.79999
      vertex 17.2888 -22.5312 5.79999
    endloop
  endfacet
  facet normal -0.448662 0.546721 -0.706964
    outer loop
      vertex 18.7254 -21.3522 5.79999
      vertex 19.121 -21.8034 5.2
      vertex 17.6541 -23.0072 5.2
    endloop
  endfacet
  facet normal -0.448696 0.546732 -0.706934
    outer loop
      vertex 18.7254 -21.3522 5.79999
      vertex 17.6541 -23.0072 5.2
      vertex 17.2888 -22.5312 5.79999
    endloop
  endfacet
  facet normal -0.41198 0.574908 0.706932
    outer loop
      vertex 17.6541 -23.0072 6.79999
      vertex 17.2888 -22.5312 6.2
      vertex 15.7782 -23.6137 6.2
    endloop
  endfacet
  facet normal -0.411981 0.574925 0.706918
    outer loop
      vertex 16.1115 -24.1126 6.79999
      vertex 17.6541 -23.0072 6.79999
      vertex 15.7782 -23.6137 6.2
    endloop
  endfacet
  facet normal -0.582485 0.812842 0
    outer loop
      vertex 17.2888 -22.5312 5.79999
      vertex 15.7782 -23.6137 6.2
      vertex 17.2888 -22.5312 6.2
    endloop
  endfacet
  facet normal -0.582485 0.812842 0
    outer loop
      vertex 15.7782 -23.6137 6.2
      vertex 17.2888 -22.5312 5.79999
      vertex 15.7782 -23.6137 5.79999
    endloop
  endfacet
  facet normal -0.411973 0.574913 -0.706932
    outer loop
      vertex 17.2888 -22.5312 5.79999
      vertex 17.6541 -23.0072 5.2
      vertex 16.1115 -24.1126 5.2
    endloop
  endfacet
  facet normal -0.411989 0.57492 -0.706917
    outer loop
      vertex 17.2888 -22.5312 5.79999
      vertex 16.1115 -24.1126 5.2
      vertex 15.7782 -23.6137 5.79999
    endloop
  endfacet
  facet normal -0.373503 0.600634 0.706919
    outer loop
      vertex 16.1115 -24.1126 6.79999
      vertex 15.7782 -23.6137 6.2
      vertex 14.2 -24.5951 6.2
    endloop
  endfacet
  facet normal -0.373503 0.600638 0.706916
    outer loop
      vertex 14.5 -25.1147 6.79999
      vertex 16.1115 -24.1126 6.79999
      vertex 14.2 -24.5951 6.2
    endloop
  endfacet
  facet normal -0.528073 0.849199 0
    outer loop
      vertex 15.7782 -23.6137 5.79999
      vertex 14.2 -24.5951 6.2
      vertex 15.7782 -23.6137 6.2
    endloop
  endfacet
  facet normal -0.528073 0.849199 0
    outer loop
      vertex 14.2 -24.5951 6.2
      vertex 15.7782 -23.6137 5.79999
      vertex 14.2 -24.5951 5.79999
    endloop
  endfacet
  facet normal -0.373501 0.600635 -0.706919
    outer loop
      vertex 15.7782 -23.6137 5.79999
      vertex 16.1115 -24.1126 5.2
      vertex 14.5 -25.1147 5.2
    endloop
  endfacet
  facet normal -0.373505 0.600637 -0.706916
    outer loop
      vertex 15.7782 -23.6137 5.79999
      vertex 14.5 -25.1147 5.2
      vertex 14.2 -24.5951 5.79999
    endloop
  endfacet
  facet normal -0.333429 0.623775 0.706916
    outer loop
      vertex 14.5 -25.1147 6.79999
      vertex 14.2 -24.5951 6.2
      vertex 12.561 -25.4712 6.2
    endloop
  endfacet
  facet normal -0.333429 0.623772 0.706918
    outer loop
      vertex 12.8264 -26.0093 6.79999
      vertex 14.5 -25.1147 6.79999
      vertex 12.561 -25.4712 6.2
    endloop
  endfacet
  facet normal -0.471412 0.881913 0
    outer loop
      vertex 14.2 -24.5951 5.79999
      vertex 12.561 -25.4712 6.2
      vertex 14.2 -24.5951 6.2
    endloop
  endfacet
  facet normal -0.471412 0.881913 0
    outer loop
      vertex 12.561 -25.4712 6.2
      vertex 14.2 -24.5951 5.79999
      vertex 12.561 -25.4712 5.79999
    endloop
  endfacet
  facet normal -0.33343 0.623775 -0.706916
    outer loop
      vertex 14.2 -24.5951 5.79999
      vertex 14.5 -25.1147 5.2
      vertex 12.8264 -26.0093 5.2
    endloop
  endfacet
  facet normal -0.333427 0.623773 -0.706918
    outer loop
      vertex 14.2 -24.5951 5.79999
      vertex 12.8264 -26.0093 5.2
      vertex 12.561 -25.4712 5.79999
    endloop
  endfacet
  facet normal -0.291907 0.64425 0.706917
    outer loop
      vertex 12.8264 -26.0093 6.79999
      vertex 12.561 -25.4712 6.2
      vertex 10.8682 -26.2382 6.2
    endloop
  endfacet
  facet normal -0.291905 0.644263 0.706906
    outer loop
      vertex 11.0978 -26.7925 6.79999
      vertex 12.8264 -26.0093 6.79999
      vertex 10.8682 -26.2382 6.2
    endloop
  endfacet
  facet normal -0.412708 0.910863 0
    outer loop
      vertex 12.561 -25.4712 5.79999
      vertex 10.8682 -26.2382 6.2
      vertex 12.561 -25.4712 6.2
    endloop
  endfacet
  facet normal -0.412708 0.910863 0
    outer loop
      vertex 10.8682 -26.2382 6.2
      vertex 12.561 -25.4712 5.79999
      vertex 10.8682 -26.2382 5.79999
    endloop
  endfacet
  facet normal -0.291901 0.644253 -0.706917
    outer loop
      vertex 12.561 -25.4712 5.79999
      vertex 12.8264 -26.0093 5.2
      vertex 11.0978 -26.7925 5.2
    endloop
  endfacet
  facet normal -0.291912 0.644261 -0.706906
    outer loop
      vertex 12.561 -25.4712 5.79999
      vertex 11.0978 -26.7925 5.2
      vertex 10.8682 -26.2382 5.79999
    endloop
  endfacet
  facet normal -0.249138 0.661978 0.706906
    outer loop
      vertex 11.0978 -26.7925 6.79999
      vertex 10.8682 -26.2382 6.2
      vertex 9.12888 -26.8928 6.2
    endloop
  endfacet
  facet normal -0.249148 0.661932 0.706945
    outer loop
      vertex 9.32174 -27.461 6.79999
      vertex 11.0978 -26.7925 6.79999
      vertex 9.12888 -26.8928 6.2
    endloop
  endfacet
  facet normal -0.352234 0.935912 0
    outer loop
      vertex 10.8682 -26.2382 5.79999
      vertex 9.12888 -26.8928 6.2
      vertex 10.8682 -26.2382 6.2
    endloop
  endfacet
  facet normal -0.352234 0.935912 0
    outer loop
      vertex 9.12888 -26.8928 6.2
      vertex 10.8682 -26.2382 5.79999
      vertex 9.12888 -26.8928 5.79999
    endloop
  endfacet
  facet normal -0.249162 0.661968 -0.706906
    outer loop
      vertex 10.8682 -26.2382 5.79999
      vertex 11.0978 -26.7925 5.2
      vertex 9.32174 -27.461 5.2
    endloop
  endfacet
  facet normal -0.249124 0.66194 -0.706946
    outer loop
      vertex 10.8682 -26.2382 5.79999
      vertex 9.32174 -27.461 5.2
      vertex 9.12888 -26.8928 5.79999
    endloop
  endfacet
  facet normal -0.205317 0.67681 0.706946
    outer loop
      vertex 9.32174 -27.461 6.79999
      vertex 9.12888 -26.8928 6.2
      vertex 7.35046 -27.4323 6.2
    endloop
  endfacet
  facet normal -0.205299 0.676872 0.706892
    outer loop
      vertex 7.50575 -28.0118 6.79999
      vertex 9.32174 -27.461 6.79999
      vertex 7.35046 -27.4323 6.2
    endloop
  endfacet
  facet normal -0.290296 0.956937 0
    outer loop
      vertex 9.12888 -26.8928 5.79999
      vertex 7.35046 -27.4323 6.2
      vertex 9.12888 -26.8928 6.2
    endloop
  endfacet
  facet normal -0.290296 0.956937 0
    outer loop
      vertex 7.35046 -27.4323 6.2
      vertex 9.12888 -26.8928 5.79999
      vertex 7.35046 -27.4323 5.79999
    endloop
  endfacet
  facet normal -0.205284 0.676821 -0.706946
    outer loop
      vertex 9.12888 -26.8928 5.79999
      vertex 9.32174 -27.461 5.2
      vertex 7.50575 -28.0118 5.2
    endloop
  endfacet
  facet normal -0.205332 0.676863 -0.706892
    outer loop
      vertex 9.12888 -26.8928 5.79999
      vertex 7.50575 -28.0118 5.2
      vertex 7.35046 -27.4323 5.79999
    endloop
  endfacet
  facet normal -0.160613 0.688846 0.706891
    outer loop
      vertex 7.50575 -28.0118 6.79999
      vertex 7.35046 -27.4323 6.2
      vertex 5.54056 -27.8543 6.2
    endloop
  endfacet
  facet normal -0.160632 0.688791 0.70694
    outer loop
      vertex 5.65762 -28.4428 6.79999
      vertex 7.50575 -28.0118 6.79999
      vertex 5.54056 -27.8543 6.2
    endloop
  endfacet
  facet normal -0.227071 0.973878 0
    outer loop
      vertex 7.35046 -27.4323 5.79999
      vertex 5.54056 -27.8543 6.2
      vertex 7.35046 -27.4323 6.2
    endloop
  endfacet
  facet normal -0.227071 0.973878 0
    outer loop
      vertex 5.54056 -27.8543 6.2
      vertex 7.35046 -27.4323 5.79999
      vertex 5.54056 -27.8543 5.79999
    endloop
  endfacet
  facet normal -0.160643 0.688838 -0.706892
    outer loop
      vertex 7.35046 -27.4323 5.79999
      vertex 7.50575 -28.0118 5.2
      vertex 5.65762 -28.4428 5.2
    endloop
  endfacet
  facet normal -0.160601 0.688798 -0.706941
    outer loop
      vertex 7.35046 -27.4323 5.79999
      vertex 5.65762 -28.4428 5.2
      vertex 5.54056 -27.8543 5.79999
    endloop
  endfacet
  facet normal -0.1152 0.697828 0.70694
    outer loop
      vertex 5.65762 -28.4428 6.79999
      vertex 5.54056 -27.8543 6.2
      vertex 3.70694 -28.157 6.2
    endloop
  endfacet
  facet normal -0.115201 0.697825 0.706943
    outer loop
      vertex 3.78526 -28.7519 6.79999
      vertex 5.65762 -28.4428 6.79999
      vertex 3.70694 -28.157 6.2
    endloop
  endfacet
  facet normal -0.162879 0.986646 0
    outer loop
      vertex 5.54056 -27.8543 5.79999
      vertex 3.70694 -28.157 6.2
      vertex 5.54056 -27.8543 6.2
    endloop
  endfacet
  facet normal -0.162879 0.986646 0
    outer loop
      vertex 3.70694 -28.157 6.2
      vertex 5.54056 -27.8543 5.79999
      vertex 3.70694 -28.157 5.79999
    endloop
  endfacet
  facet normal -0.115201 0.697828 -0.70694
    outer loop
      vertex 5.54056 -27.8543 5.79999
      vertex 5.65762 -28.4428 5.2
      vertex 3.78526 -28.7519 5.2
    endloop
  endfacet
  facet normal -0.115199 0.697826 -0.706943
    outer loop
      vertex 5.54056 -27.8543 5.79999
      vertex 3.78526 -28.7519 5.2
      vertex 3.70694 -28.157 5.79999
    endloop
  endfacet
  facet normal -0.0693401 0.703863 0.706943
    outer loop
      vertex 3.78526 -28.7519 6.79999
      vertex 3.70694 -28.157 6.2
      vertex 1.85745 -28.3392 6.2
    endloop
  endfacet
  facet normal -0.0693245 0.703894 0.706914
    outer loop
      vertex 1.89669 -28.9379 6.79999
      vertex 3.78526 -28.7519 6.79999
      vertex 1.85745 -28.3392 6.2
    endloop
  endfacet
  facet normal -0.0980391 0.995183 0
    outer loop
      vertex 3.70694 -28.157 5.79999
      vertex 1.85745 -28.3392 6.2
      vertex 3.70694 -28.157 6.2
    endloop
  endfacet
  facet normal -0.0980391 0.995183 0
    outer loop
      vertex 1.85745 -28.3392 6.2
      vertex 3.70694 -28.157 5.79999
      vertex 1.85745 -28.3392 5.79999
    endloop
  endfacet
  facet normal -0.0693217 0.703865 -0.706943
    outer loop
      vertex 3.70694 -28.157 5.79999
      vertex 3.78526 -28.7519 5.2
      vertex 1.89669 -28.9379 5.2
    endloop
  endfacet
  facet normal -0.069343 0.703892 -0.706914
    outer loop
      vertex 3.70694 -28.157 5.79999
      vertex 1.89669 -28.9379 5.2
      vertex 1.85745 -28.3392 5.79999
    endloop
  endfacet
  facet normal -0.0231397 0.706921 0.706914
    outer loop
      vertex 1.89669 -28.9379 6.79999
      vertex 1.85745 -28.3392 6.2
      vertex 0 -28.4 6.2
    endloop
  endfacet
  facet normal -0.0231452 0.706911 0.706923
    outer loop
      vertex 1.89669 -28.9379 6.79999
      vertex 0 -28.4 6.2
      vertex 0 -29 6.79999
    endloop
  endfacet
  facet normal -0.0327155 0.999465 0
    outer loop
      vertex 1.85745 -28.3392 5.79999
      vertex 0 -28.4 6.2
      vertex 1.85745 -28.3392 6.2
    endloop
  endfacet
  facet normal -0.0327155 0.999465 0
    outer loop
      vertex 0 -28.4 6.2
      vertex 1.85745 -28.3392 5.79999
      vertex 0 -28.4 5.79999
    endloop
  endfacet
  facet normal -0.0231455 0.70692 -0.706914
    outer loop
      vertex 1.85745 -28.3392 5.79999
      vertex 1.89669 -28.9379 5.2
      vertex 0 -29 5.2
    endloop
  endfacet
  facet normal -0.0231394 0.706912 -0.706923
    outer loop
      vertex 0 -28.4 5.79999
      vertex 1.85745 -28.3392 5.79999
      vertex 0 -29 5.2
    endloop
  endfacet
  facet normal 0.0231394 0.706912 0.706923
    outer loop
      vertex 0 -29 6.79999
      vertex 0 -28.4 6.2
      vertex -1.85745 -28.3392 6.2
    endloop
  endfacet
  facet normal 0.0231455 0.70692 0.706914
    outer loop
      vertex 0 -29 6.79999
      vertex -1.85745 -28.3392 6.2
      vertex -1.89669 -28.9379 6.79999
    endloop
  endfacet
  facet normal 0.0327155 0.999465 -0
    outer loop
      vertex 0 -28.4 5.79999
      vertex -1.85745 -28.3392 6.2
      vertex 0 -28.4 6.2
    endloop
  endfacet
  facet normal 0.0327155 0.999465 0
    outer loop
      vertex -1.85745 -28.3392 6.2
      vertex 0 -28.4 5.79999
      vertex -1.85745 -28.3392 5.79999
    endloop
  endfacet
  facet normal 0.0231452 0.706911 -0.706923
    outer loop
      vertex 0 -28.4 5.79999
      vertex 0 -29 5.2
      vertex -1.89669 -28.9379 5.2
    endloop
  endfacet
  facet normal 0.0231397 0.706921 -0.706914
    outer loop
      vertex -1.85745 -28.3392 5.79999
      vertex 0 -28.4 5.79999
      vertex -1.89669 -28.9379 5.2
    endloop
  endfacet
  facet normal 0.069343 0.703892 0.706914
    outer loop
      vertex -1.89669 -28.9379 6.79999
      vertex -1.85745 -28.3392 6.2
      vertex -3.70694 -28.157 6.2
    endloop
  endfacet
  facet normal 0.0693217 0.703865 0.706943
    outer loop
      vertex -1.89669 -28.9379 6.79999
      vertex -3.70694 -28.157 6.2
      vertex -3.78526 -28.7519 6.79999
    endloop
  endfacet
  facet normal 0.0980391 0.995183 -0
    outer loop
      vertex -1.85745 -28.3392 5.79999
      vertex -3.70694 -28.157 6.2
      vertex -1.85745 -28.3392 6.2
    endloop
  endfacet
  facet normal 0.0980391 0.995183 0
    outer loop
      vertex -3.70694 -28.157 6.2
      vertex -1.85745 -28.3392 5.79999
      vertex -3.70694 -28.157 5.79999
    endloop
  endfacet
  facet normal 0.0693245 0.703894 -0.706914
    outer loop
      vertex -1.85745 -28.3392 5.79999
      vertex -1.89669 -28.9379 5.2
      vertex -3.78526 -28.7519 5.2
    endloop
  endfacet
  facet normal 0.0693401 0.703863 -0.706943
    outer loop
      vertex -3.70694 -28.157 5.79999
      vertex -1.85745 -28.3392 5.79999
      vertex -3.78526 -28.7519 5.2
    endloop
  endfacet
  facet normal 0.115199 0.697826 0.706943
    outer loop
      vertex -3.78526 -28.7519 6.79999
      vertex -3.70694 -28.157 6.2
      vertex -5.54056 -27.8543 6.2
    endloop
  endfacet
  facet normal 0.115201 0.697828 0.70694
    outer loop
      vertex -3.78526 -28.7519 6.79999
      vertex -5.54056 -27.8543 6.2
      vertex -5.65762 -28.4428 6.79999
    endloop
  endfacet
  facet normal 0.162879 0.986646 -0
    outer loop
      vertex -3.70694 -28.157 5.79999
      vertex -5.54056 -27.8543 6.2
      vertex -3.70694 -28.157 6.2
    endloop
  endfacet
  facet normal 0.162879 0.986646 0
    outer loop
      vertex -5.54056 -27.8543 6.2
      vertex -3.70694 -28.157 5.79999
      vertex -5.54056 -27.8543 5.79999
    endloop
  endfacet
  facet normal 0.115201 0.697825 -0.706943
    outer loop
      vertex -3.70694 -28.157 5.79999
      vertex -3.78526 -28.7519 5.2
      vertex -5.65762 -28.4428 5.2
    endloop
  endfacet
  facet normal 0.1152 0.697828 -0.70694
    outer loop
      vertex -5.54056 -27.8543 5.79999
      vertex -3.70694 -28.157 5.79999
      vertex -5.65762 -28.4428 5.2
    endloop
  endfacet
  facet normal 0.160601 0.688798 0.706941
    outer loop
      vertex -5.65762 -28.4428 6.79999
      vertex -5.54056 -27.8543 6.2
      vertex -7.35046 -27.4323 6.2
    endloop
  endfacet
  facet normal 0.160643 0.688838 0.706892
    outer loop
      vertex -5.65762 -28.4428 6.79999
      vertex -7.35046 -27.4323 6.2
      vertex -7.50575 -28.0118 6.79999
    endloop
  endfacet
  facet normal 0.227071 0.973878 -0
    outer loop
      vertex -5.54056 -27.8543 5.79999
      vertex -7.35046 -27.4323 6.2
      vertex -5.54056 -27.8543 6.2
    endloop
  endfacet
  facet normal 0.227071 0.973878 0
    outer loop
      vertex -7.35046 -27.4323 6.2
      vertex -5.54056 -27.8543 5.79999
      vertex -7.35046 -27.4323 5.79999
    endloop
  endfacet
  facet normal 0.160632 0.688791 -0.70694
    outer loop
      vertex -5.54056 -27.8543 5.79999
      vertex -5.65762 -28.4428 5.2
      vertex -7.50575 -28.0118 5.2
    endloop
  endfacet
  facet normal 0.160613 0.688846 -0.706891
    outer loop
      vertex -7.35046 -27.4323 5.79999
      vertex -5.54056 -27.8543 5.79999
      vertex -7.50575 -28.0118 5.2
    endloop
  endfacet
  facet normal 0.205332 0.676863 0.706892
    outer loop
      vertex -7.50575 -28.0118 6.79999
      vertex -7.35046 -27.4323 6.2
      vertex -9.12888 -26.8928 6.2
    endloop
  endfacet
  facet normal 0.205284 0.676821 0.706946
    outer loop
      vertex -7.50575 -28.0118 6.79999
      vertex -9.12888 -26.8928 6.2
      vertex -9.32174 -27.461 6.79999
    endloop
  endfacet
  facet normal 0.290296 0.956937 -0
    outer loop
      vertex -7.35046 -27.4323 5.79999
      vertex -9.12888 -26.8928 6.2
      vertex -7.35046 -27.4323 6.2
    endloop
  endfacet
  facet normal 0.290296 0.956937 0
    outer loop
      vertex -9.12888 -26.8928 6.2
      vertex -7.35046 -27.4323 5.79999
      vertex -9.12888 -26.8928 5.79999
    endloop
  endfacet
  facet normal 0.205299 0.676872 -0.706892
    outer loop
      vertex -7.35046 -27.4323 5.79999
      vertex -7.50575 -28.0118 5.2
      vertex -9.32174 -27.461 5.2
    endloop
  endfacet
  facet normal 0.205317 0.67681 -0.706946
    outer loop
      vertex -9.12888 -26.8928 5.79999
      vertex -7.35046 -27.4323 5.79999
      vertex -9.32174 -27.461 5.2
    endloop
  endfacet
  facet normal 0.249124 0.66194 0.706946
    outer loop
      vertex -9.32174 -27.461 6.79999
      vertex -9.12888 -26.8928 6.2
      vertex -10.8682 -26.2382 6.2
    endloop
  endfacet
  facet normal 0.249162 0.661968 0.706906
    outer loop
      vertex -9.32174 -27.461 6.79999
      vertex -10.8682 -26.2382 6.2
      vertex -11.0978 -26.7925 6.79999
    endloop
  endfacet
  facet normal 0.352234 0.935912 -0
    outer loop
      vertex -9.12888 -26.8928 5.79999
      vertex -10.8682 -26.2382 6.2
      vertex -9.12888 -26.8928 6.2
    endloop
  endfacet
  facet normal 0.352234 0.935912 0
    outer loop
      vertex -10.8682 -26.2382 6.2
      vertex -9.12888 -26.8928 5.79999
      vertex -10.8682 -26.2382 5.79999
    endloop
  endfacet
  facet normal 0.249148 0.661932 -0.706945
    outer loop
      vertex -9.12888 -26.8928 5.79999
      vertex -9.32174 -27.461 5.2
      vertex -11.0978 -26.7925 5.2
    endloop
  endfacet
  facet normal 0.249138 0.661978 -0.706906
    outer loop
      vertex -10.8682 -26.2382 5.79999
      vertex -9.12888 -26.8928 5.79999
      vertex -11.0978 -26.7925 5.2
    endloop
  endfacet
  facet normal 0.291912 0.644261 0.706906
    outer loop
      vertex -11.0978 -26.7925 6.79999
      vertex -10.8682 -26.2382 6.2
      vertex -12.561 -25.4712 6.2
    endloop
  endfacet
  facet normal 0.291901 0.644253 0.706917
    outer loop
      vertex -11.0978 -26.7925 6.79999
      vertex -12.561 -25.4712 6.2
      vertex -12.8264 -26.0093 6.79999
    endloop
  endfacet
  facet normal 0.412708 0.910863 -0
    outer loop
      vertex -10.8682 -26.2382 5.79999
      vertex -12.561 -25.4712 6.2
      vertex -10.8682 -26.2382 6.2
    endloop
  endfacet
  facet normal 0.412708 0.910863 0
    outer loop
      vertex -12.561 -25.4712 6.2
      vertex -10.8682 -26.2382 5.79999
      vertex -12.561 -25.4712 5.79999
    endloop
  endfacet
  facet normal 0.291905 0.644263 -0.706906
    outer loop
      vertex -10.8682 -26.2382 5.79999
      vertex -11.0978 -26.7925 5.2
      vertex -12.8264 -26.0093 5.2
    endloop
  endfacet
  facet normal 0.291907 0.64425 -0.706917
    outer loop
      vertex -12.561 -25.4712 5.79999
      vertex -10.8682 -26.2382 5.79999
      vertex -12.8264 -26.0093 5.2
    endloop
  endfacet
  facet normal 0.333427 0.623773 0.706918
    outer loop
      vertex -12.8264 -26.0093 6.79999
      vertex -12.561 -25.4712 6.2
      vertex -14.2 -24.5951 6.2
    endloop
  endfacet
  facet normal 0.33343 0.623775 0.706916
    outer loop
      vertex -12.8264 -26.0093 6.79999
      vertex -14.2 -24.5951 6.2
      vertex -14.5 -25.1147 6.79999
    endloop
  endfacet
  facet normal 0.471412 0.881913 -0
    outer loop
      vertex -12.561 -25.4712 5.79999
      vertex -14.2 -24.5951 6.2
      vertex -12.561 -25.4712 6.2
    endloop
  endfacet
  facet normal 0.471412 0.881913 0
    outer loop
      vertex -14.2 -24.5951 6.2
      vertex -12.561 -25.4712 5.79999
      vertex -14.2 -24.5951 5.79999
    endloop
  endfacet
  facet normal 0.333429 0.623772 -0.706918
    outer loop
      vertex -12.561 -25.4712 5.79999
      vertex -12.8264 -26.0093 5.2
      vertex -14.5 -25.1147 5.2
    endloop
  endfacet
  facet normal 0.333429 0.623775 -0.706916
    outer loop
      vertex -14.2 -24.5951 5.79999
      vertex -12.561 -25.4712 5.79999
      vertex -14.5 -25.1147 5.2
    endloop
  endfacet
  facet normal 0.373505 0.600637 0.706916
    outer loop
      vertex -14.5 -25.1147 6.79999
      vertex -14.2 -24.5951 6.2
      vertex -15.7782 -23.6137 6.2
    endloop
  endfacet
  facet normal 0.373501 0.600635 0.706919
    outer loop
      vertex -14.5 -25.1147 6.79999
      vertex -15.7782 -23.6137 6.2
      vertex -16.1115 -24.1126 6.79999
    endloop
  endfacet
  facet normal 0.528073 0.849199 -0
    outer loop
      vertex -14.2 -24.5951 5.79999
      vertex -15.7782 -23.6137 6.2
      vertex -14.2 -24.5951 6.2
    endloop
  endfacet
  facet normal 0.528073 0.849199 0
    outer loop
      vertex -15.7782 -23.6137 6.2
      vertex -14.2 -24.5951 5.79999
      vertex -15.7782 -23.6137 5.79999
    endloop
  endfacet
  facet normal 0.373503 0.600638 -0.706916
    outer loop
      vertex -14.2 -24.5951 5.79999
      vertex -14.5 -25.1147 5.2
      vertex -16.1115 -24.1126 5.2
    endloop
  endfacet
  facet normal 0.373503 0.600634 -0.706919
    outer loop
      vertex -15.7782 -23.6137 5.79999
      vertex -14.2 -24.5951 5.79999
      vertex -16.1115 -24.1126 5.2
    endloop
  endfacet
  facet normal 0.411989 0.57492 0.706917
    outer loop
      vertex -16.1115 -24.1126 6.79999
      vertex -15.7782 -23.6137 6.2
      vertex -17.2888 -22.5312 6.2
    endloop
  endfacet
  facet normal 0.411973 0.574913 0.706932
    outer loop
      vertex -16.1115 -24.1126 6.79999
      vertex -17.2888 -22.5312 6.2
      vertex -17.6541 -23.0072 6.79999
    endloop
  endfacet
  facet normal 0.582485 0.812842 -0
    outer loop
      vertex -15.7782 -23.6137 5.79999
      vertex -17.2888 -22.5312 6.2
      vertex -15.7782 -23.6137 6.2
    endloop
  endfacet
  facet normal 0.582485 0.812842 0
    outer loop
      vertex -17.2888 -22.5312 6.2
      vertex -15.7782 -23.6137 5.79999
      vertex -17.2888 -22.5312 5.79999
    endloop
  endfacet
  facet normal 0.411981 0.574925 -0.706918
    outer loop
      vertex -15.7782 -23.6137 5.79999
      vertex -16.1115 -24.1126 5.2
      vertex -17.6541 -23.0072 5.2
    endloop
  endfacet
  facet normal 0.41198 0.574908 -0.706932
    outer loop
      vertex -17.2888 -22.5312 5.79999
      vertex -15.7782 -23.6137 5.79999
      vertex -17.6541 -23.0072 5.2
    endloop
  endfacet
  facet normal 0.448696 0.546732 0.706934
    outer loop
      vertex -17.6541 -23.0072 6.79999
      vertex -17.2888 -22.5312 6.2
      vertex -18.7254 -21.3522 6.2
    endloop
  endfacet
  facet normal 0.448662 0.546721 0.706964
    outer loop
      vertex -17.6541 -23.0072 6.79999
      vertex -18.7254 -21.3522 6.2
      vertex -19.121 -21.8034 6.79999
    endloop
  endfacet
  facet normal 0.634397 0.773007 -0
    outer loop
      vertex -17.2888 -22.5312 5.79999
      vertex -18.7254 -21.3522 6.2
      vertex -17.2888 -22.5312 6.2
    endloop
  endfacet
  facet normal 0.634397 0.773007 0
    outer loop
      vertex -18.7254 -21.3522 6.2
      vertex -17.2888 -22.5312 5.79999
      vertex -18.7254 -21.3522 5.79999
    endloop
  endfacet
  facet normal 0.448681 0.546744 -0.706934
    outer loop
      vertex -17.2888 -22.5312 5.79999
      vertex -17.6541 -23.0072 5.2
      vertex -19.121 -21.8034 5.2
    endloop
  endfacet
  facet normal 0.448677 0.546709 -0.706964
    outer loop
      vertex -18.7254 -21.3522 5.79999
      vertex -17.2888 -22.5312 5.79999
      vertex -19.121 -21.8034 5.2
    endloop
  endfacet
  facet normal 0.48347 0.516199 0.706962
    outer loop
      vertex -19.121 -21.8034 6.79999
      vertex -18.7254 -21.3522 6.2
      vertex -20.0818 -20.0818 6.2
    endloop
  endfacet
  facet normal 0.48348 0.516202 0.706953
    outer loop
      vertex -19.121 -21.8034 6.79999
      vertex -20.0818 -20.0818 6.2
      vertex -20.5061 -20.5061 6.79999
    endloop
  endfacet
  facet normal 0.68359 0.729866 -0
    outer loop
      vertex -18.7254 -21.3522 5.79999
      vertex -20.0818 -20.0818 6.2
      vertex -18.7254 -21.3522 6.2
    endloop
  endfacet
  facet normal 0.68359 0.729866 0
    outer loop
      vertex -20.0818 -20.0818 6.2
      vertex -18.7254 -21.3522 5.79999
      vertex -20.0818 -20.0818 5.79999
    endloop
  endfacet
  facet normal 0.483474 0.516195 -0.706962
    outer loop
      vertex -18.7254 -21.3522 5.79999
      vertex -19.121 -21.8034 5.2
      vertex -20.5061 -20.5061 5.2
    endloop
  endfacet
  facet normal 0.483476 0.516205 -0.706953
    outer loop
      vertex -20.0818 -20.0818 5.79999
      vertex -18.7254 -21.3522 5.79999
      vertex -20.5061 -20.5061 5.2
    endloop
  endfacet
  facet normal 0.516205 0.483476 0.706953
    outer loop
      vertex -20.5061 -20.5061 6.79999
      vertex -20.0818 -20.0818 6.2
      vertex -21.3522 -18.7254 6.2
    endloop
  endfacet
  facet normal 0.516195 0.483474 0.706962
    outer loop
      vertex -20.5061 -20.5061 6.79999
      vertex -21.3522 -18.7254 6.2
      vertex -21.8034 -19.121 6.79999
    endloop
  endfacet
  facet normal 0.729866 0.68359 0
    outer loop
      vertex -20.0818 -20.0818 6.2
      vertex -21.3522 -18.7254 5.79999
      vertex -21.3522 -18.7254 6.2
    endloop
  endfacet
  facet normal 0.729866 0.68359 0
    outer loop
      vertex -21.3522 -18.7254 5.79999
      vertex -20.0818 -20.0818 6.2
      vertex -20.0818 -20.0818 5.79999
    endloop
  endfacet
  facet normal 0.516202 0.48348 -0.706953
    outer loop
      vertex -20.0818 -20.0818 5.79999
      vertex -20.5061 -20.5061 5.2
      vertex -21.8034 -19.121 5.2
    endloop
  endfacet
  facet normal 0.516199 0.48347 -0.706962
    outer loop
      vertex -21.3522 -18.7254 5.79999
      vertex -20.0818 -20.0818 5.79999
      vertex -21.8034 -19.121 5.2
    endloop
  endfacet
  facet normal 0.546709 0.448677 0.706964
    outer loop
      vertex -21.8034 -19.121 6.79999
      vertex -21.3522 -18.7254 6.2
      vertex -22.5312 -17.2888 6.2
    endloop
  endfacet
  facet normal 0.546744 0.448681 0.706934
    outer loop
      vertex -21.8034 -19.121 6.79999
      vertex -22.5312 -17.2888 6.2
      vertex -23.0072 -17.6541 6.79999
    endloop
  endfacet
  facet normal 0.773007 0.634397 0
    outer loop
      vertex -21.3522 -18.7254 6.2
      vertex -22.5312 -17.2888 5.79999
      vertex -22.5312 -17.2888 6.2
    endloop
  endfacet
  facet normal 0.773007 0.634397 0
    outer loop
      vertex -22.5312 -17.2888 5.79999
      vertex -21.3522 -18.7254 6.2
      vertex -21.3522 -18.7254 5.79999
    endloop
  endfacet
  facet normal 0.546721 0.448662 -0.706964
    outer loop
      vertex -21.3522 -18.7254 5.79999
      vertex -21.8034 -19.121 5.2
      vertex -23.0072 -17.6541 5.2
    endloop
  endfacet
  facet normal 0.546732 0.448696 -0.706934
    outer loop
      vertex -22.5312 -17.2888 5.79999
      vertex -21.3522 -18.7254 5.79999
      vertex -23.0072 -17.6541 5.2
    endloop
  endfacet
  facet normal 0.574908 0.41198 0.706932
    outer loop
      vertex -23.0072 -17.6541 6.79999
      vertex -22.5312 -17.2888 6.2
      vertex -23.6137 -15.7782 6.2
    endloop
  endfacet
  facet normal 0.574925 0.411981 0.706918
    outer loop
      vertex -23.0072 -17.6541 6.79999
      vertex -23.6137 -15.7782 6.2
      vertex -24.1126 -16.1115 6.79999
    endloop
  endfacet
  facet normal 0.812842 0.582485 0
    outer loop
      vertex -22.5312 -17.2888 6.2
      vertex -23.6137 -15.7782 5.79999
      vertex -23.6137 -15.7782 6.2
    endloop
  endfacet
  facet normal 0.812842 0.582485 0
    outer loop
      vertex -23.6137 -15.7782 5.79999
      vertex -22.5312 -17.2888 6.2
      vertex -22.5312 -17.2888 5.79999
    endloop
  endfacet
  facet normal 0.574913 0.411973 -0.706932
    outer loop
      vertex -22.5312 -17.2888 5.79999
      vertex -23.0072 -17.6541 5.2
      vertex -24.1126 -16.1115 5.2
    endloop
  endfacet
  facet normal 0.57492 0.411989 -0.706917
    outer loop
      vertex -23.6137 -15.7782 5.79999
      vertex -22.5312 -17.2888 5.79999
      vertex -24.1126 -16.1115 5.2
    endloop
  endfacet
  facet normal 0.600634 0.373503 0.706919
    outer loop
      vertex -24.1126 -16.1115 6.79999
      vertex -23.6137 -15.7782 6.2
      vertex -24.5951 -14.2 6.2
    endloop
  endfacet
  facet normal 0.600638 0.373503 0.706916
    outer loop
      vertex -24.1126 -16.1115 6.79999
      vertex -24.5951 -14.2 6.2
      vertex -25.1147 -14.5 6.79999
    endloop
  endfacet
  facet normal 0.849199 0.528073 0
    outer loop
      vertex -23.6137 -15.7782 6.2
      vertex -24.5951 -14.2 5.79999
      vertex -24.5951 -14.2 6.2
    endloop
  endfacet
  facet normal 0.849199 0.528073 0
    outer loop
      vertex -24.5951 -14.2 5.79999
      vertex -23.6137 -15.7782 6.2
      vertex -23.6137 -15.7782 5.79999
    endloop
  endfacet
  facet normal 0.600635 0.373501 -0.706919
    outer loop
      vertex -23.6137 -15.7782 5.79999
      vertex -24.1126 -16.1115 5.2
      vertex -25.1147 -14.5 5.2
    endloop
  endfacet
  facet normal 0.600637 0.373505 -0.706916
    outer loop
      vertex -24.5951 -14.2 5.79999
      vertex -23.6137 -15.7782 5.79999
      vertex -25.1147 -14.5 5.2
    endloop
  endfacet
  facet normal 0.623775 0.333429 0.706916
    outer loop
      vertex -25.1147 -14.5 6.79999
      vertex -24.5951 -14.2 6.2
      vertex -25.4712 -12.561 6.2
    endloop
  endfacet
  facet normal 0.623772 0.333429 0.706918
    outer loop
      vertex -25.1147 -14.5 6.79999
      vertex -25.4712 -12.561 6.2
      vertex -26.0093 -12.8264 6.79999
    endloop
  endfacet
  facet normal 0.881913 0.471412 0
    outer loop
      vertex -24.5951 -14.2 6.2
      vertex -25.4712 -12.561 5.79999
      vertex -25.4712 -12.561 6.2
    endloop
  endfacet
  facet normal 0.881913 0.471412 0
    outer loop
      vertex -25.4712 -12.561 5.79999
      vertex -24.5951 -14.2 6.2
      vertex -24.5951 -14.2 5.79999
    endloop
  endfacet
  facet normal 0.623775 0.33343 -0.706916
    outer loop
      vertex -24.5951 -14.2 5.79999
      vertex -25.1147 -14.5 5.2
      vertex -26.0093 -12.8264 5.2
    endloop
  endfacet
  facet normal 0.623773 0.333427 -0.706918
    outer loop
      vertex -25.4712 -12.561 5.79999
      vertex -24.5951 -14.2 5.79999
      vertex -26.0093 -12.8264 5.2
    endloop
  endfacet
  facet normal 0.64425 0.291907 0.706917
    outer loop
      vertex -26.0093 -12.8264 6.79999
      vertex -25.4712 -12.561 6.2
      vertex -26.2382 -10.8682 6.2
    endloop
  endfacet
  facet normal 0.644263 0.291905 0.706906
    outer loop
      vertex -26.0093 -12.8264 6.79999
      vertex -26.2382 -10.8682 6.2
      vertex -26.7925 -11.0978 6.79999
    endloop
  endfacet
  facet normal 0.910863 0.412708 0
    outer loop
      vertex -25.4712 -12.561 6.2
      vertex -26.2382 -10.8682 5.79999
      vertex -26.2382 -10.8682 6.2
    endloop
  endfacet
  facet normal 0.910863 0.412708 0
    outer loop
      vertex -26.2382 -10.8682 5.79999
      vertex -25.4712 -12.561 6.2
      vertex -25.4712 -12.561 5.79999
    endloop
  endfacet
  facet normal 0.644253 0.291901 -0.706917
    outer loop
      vertex -25.4712 -12.561 5.79999
      vertex -26.0093 -12.8264 5.2
      vertex -26.7925 -11.0978 5.2
    endloop
  endfacet
  facet normal 0.644261 0.291912 -0.706906
    outer loop
      vertex -26.2382 -10.8682 5.79999
      vertex -25.4712 -12.561 5.79999
      vertex -26.7925 -11.0978 5.2
    endloop
  endfacet
  facet normal 0.661978 0.249138 0.706906
    outer loop
      vertex -26.7925 -11.0978 6.79999
      vertex -26.2382 -10.8682 6.2
      vertex -26.8928 -9.12888 6.2
    endloop
  endfacet
  facet normal 0.661932 0.249148 0.706945
    outer loop
      vertex -26.7925 -11.0978 6.79999
      vertex -26.8928 -9.12888 6.2
      vertex -27.461 -9.32174 6.79999
    endloop
  endfacet
  facet normal 0.935912 0.352234 0
    outer loop
      vertex -26.2382 -10.8682 6.2
      vertex -26.8928 -9.12888 5.79999
      vertex -26.8928 -9.12888 6.2
    endloop
  endfacet
  facet normal 0.935912 0.352234 0
    outer loop
      vertex -26.8928 -9.12888 5.79999
      vertex -26.2382 -10.8682 6.2
      vertex -26.2382 -10.8682 5.79999
    endloop
  endfacet
  facet normal 0.661968 0.249162 -0.706906
    outer loop
      vertex -26.2382 -10.8682 5.79999
      vertex -26.7925 -11.0978 5.2
      vertex -27.461 -9.32174 5.2
    endloop
  endfacet
  facet normal 0.66194 0.249124 -0.706946
    outer loop
      vertex -26.8928 -9.12888 5.79999
      vertex -26.2382 -10.8682 5.79999
      vertex -27.461 -9.32174 5.2
    endloop
  endfacet
  facet normal 0.67681 0.205317 0.706946
    outer loop
      vertex -26.8928 -9.12888 6.2
      vertex -27.4323 -7.35046 6.2
      vertex -27.461 -9.32174 6.79999
    endloop
  endfacet
  facet normal 0.676872 0.205299 0.706892
    outer loop
      vertex -27.461 -9.32174 6.79999
      vertex -27.4323 -7.35046 6.2
      vertex -28.0118 -7.50575 6.79999
    endloop
  endfacet
  facet normal 0.956937 0.290296 0
    outer loop
      vertex -26.8928 -9.12888 6.2
      vertex -27.4323 -7.35046 5.79999
      vertex -27.4323 -7.35046 6.2
    endloop
  endfacet
  facet normal 0.956937 0.290296 0
    outer loop
      vertex -27.4323 -7.35046 5.79999
      vertex -26.8928 -9.12888 6.2
      vertex -26.8928 -9.12888 5.79999
    endloop
  endfacet
  facet normal 0.676821 0.205284 -0.706946
    outer loop
      vertex -26.8928 -9.12888 5.79999
      vertex -27.461 -9.32174 5.2
      vertex -28.0118 -7.50575 5.2
    endloop
  endfacet
  facet normal 0.676863 0.205332 -0.706892
    outer loop
      vertex -27.4323 -7.35046 5.79999
      vertex -26.8928 -9.12888 5.79999
      vertex -28.0118 -7.50575 5.2
    endloop
  endfacet
  facet normal 0.688846 0.160613 0.706891
    outer loop
      vertex -27.4323 -7.35046 6.2
      vertex -27.8543 -5.54056 6.2
      vertex -28.0118 -7.50575 6.79999
    endloop
  endfacet
  facet normal 0.688791 0.160632 0.70694
    outer loop
      vertex -28.0118 -7.50575 6.79999
      vertex -27.8543 -5.54056 6.2
      vertex -28.4428 -5.65762 6.79999
    endloop
  endfacet
  facet normal 0.973878 0.227071 0
    outer loop
      vertex -27.4323 -7.35046 6.2
      vertex -27.8543 -5.54056 5.79999
      vertex -27.8543 -5.54056 6.2
    endloop
  endfacet
  facet normal 0.973878 0.227071 0
    outer loop
      vertex -27.8543 -5.54056 5.79999
      vertex -27.4323 -7.35046 6.2
      vertex -27.4323 -7.35046 5.79999
    endloop
  endfacet
  facet normal 0.688838 0.160643 -0.706892
    outer loop
      vertex -27.4323 -7.35046 5.79999
      vertex -28.0118 -7.50575 5.2
      vertex -28.4428 -5.65762 5.2
    endloop
  endfacet
  facet normal 0.688798 0.160601 -0.706941
    outer loop
      vertex -27.8543 -5.54056 5.79999
      vertex -27.4323 -7.35046 5.79999
      vertex -28.4428 -5.65762 5.2
    endloop
  endfacet
  facet normal 0.697828 0.1152 0.70694
    outer loop
      vertex -27.8543 -5.54056 6.2
      vertex -28.157 -3.70694 6.2
      vertex -28.4428 -5.65762 6.79999
    endloop
  endfacet
  facet normal 0.697825 0.115201 0.706943
    outer loop
      vertex -28.4428 -5.65762 6.79999
      vertex -28.157 -3.70694 6.2
      vertex -28.7519 -3.78526 6.79999
    endloop
  endfacet
  facet normal 0.986646 0.162879 0
    outer loop
      vertex -27.8543 -5.54056 6.2
      vertex -28.157 -3.70694 5.79999
      vertex -28.157 -3.70694 6.2
    endloop
  endfacet
  facet normal 0.986646 0.162879 0
    outer loop
      vertex -28.157 -3.70694 5.79999
      vertex -27.8543 -5.54056 6.2
      vertex -27.8543 -5.54056 5.79999
    endloop
  endfacet
  facet normal 0.697828 0.115201 -0.70694
    outer loop
      vertex -27.8543 -5.54056 5.79999
      vertex -28.4428 -5.65762 5.2
      vertex -28.7519 -3.78526 5.2
    endloop
  endfacet
  facet normal 0.697826 0.115199 -0.706943
    outer loop
      vertex -28.157 -3.70694 5.79999
      vertex -27.8543 -5.54056 5.79999
      vertex -28.7519 -3.78526 5.2
    endloop
  endfacet
  facet normal 0.703863 0.0693401 0.706943
    outer loop
      vertex -28.157 -3.70694 6.2
      vertex -28.3392 -1.85745 6.2
      vertex -28.7519 -3.78526 6.79999
    endloop
  endfacet
  facet normal 0.703894 0.0693245 0.706914
    outer loop
      vertex -28.7519 -3.78526 6.79999
      vertex -28.3392 -1.85745 6.2
      vertex -28.9379 -1.89669 6.79999
    endloop
  endfacet
  facet normal 0.995183 0.0980391 0
    outer loop
      vertex -28.157 -3.70694 6.2
      vertex -28.3392 -1.85745 5.79999
      vertex -28.3392 -1.85745 6.2
    endloop
  endfacet
  facet normal 0.995183 0.0980391 0
    outer loop
      vertex -28.3392 -1.85745 5.79999
      vertex -28.157 -3.70694 6.2
      vertex -28.157 -3.70694 5.79999
    endloop
  endfacet
  facet normal 0.703865 0.0693217 -0.706943
    outer loop
      vertex -28.157 -3.70694 5.79999
      vertex -28.7519 -3.78526 5.2
      vertex -28.9379 -1.89669 5.2
    endloop
  endfacet
  facet normal 0.703892 0.069343 -0.706914
    outer loop
      vertex -28.3392 -1.85745 5.79999
      vertex -28.157 -3.70694 5.79999
      vertex -28.9379 -1.89669 5.2
    endloop
  endfacet
  facet normal 0.706921 0.0231397 0.706914
    outer loop
      vertex -28.3392 -1.85745 6.2
      vertex -28.4 0 6.2
      vertex -28.9379 -1.89669 6.79999
    endloop
  endfacet
  facet normal 0.706911 0.0231452 0.706923
    outer loop
      vertex -28.9379 -1.89669 6.79999
      vertex -28.4 0 6.2
      vertex -29 0 6.79999
    endloop
  endfacet
  facet normal 0.999465 0.0327155 0
    outer loop
      vertex -28.3392 -1.85745 6.2
      vertex -28.4 0 5.79999
      vertex -28.4 0 6.2
    endloop
  endfacet
  facet normal 0.999465 0.0327155 0
    outer loop
      vertex -28.4 0 5.79999
      vertex -28.3392 -1.85745 6.2
      vertex -28.3392 -1.85745 5.79999
    endloop
  endfacet
  facet normal 0.70692 0.0231455 -0.706914
    outer loop
      vertex -28.3392 -1.85745 5.79999
      vertex -28.9379 -1.89669 5.2
      vertex -29 0 5.2
    endloop
  endfacet
  facet normal 0.706912 0.0231394 -0.706923
    outer loop
      vertex -28.4 0 5.79999
      vertex -28.3392 -1.85745 5.79999
      vertex -29 0 5.2
    endloop
  endfacet
endsolid OpenSCAD_Model
