solid OpenSCAD_Model
  facet normal -0.870011 -0.433095 0.235604
    outer loop
      vertex 47.385 1.24082 4.3655
      vertex 35.813 23.7441 3
      vertex 47.2096 0.850336 3
    endloop
  endfacet
  facet normal -0.889303 -0.457319 -0.000181273
    outer loop
      vertex 35.813 23.7441 3
      vertex 28.5739 37.8207 4.3655
      vertex 28.7699 37.4401 3
    endloop
  endfacet
  facet normal -0.889302 -0.457321 -0.000161642
    outer loop
      vertex 28.5739 37.8207 4.3655
      vertex 35.813 23.7441 3
      vertex 47.385 1.24082 4.3655
    endloop
  endfacet
  facet normal -0.203836 -0.950234 0.235597
    outer loop
      vertex 28.5739 37.8207 4.3655
      vertex 3.76513 42.8039 3
      vertex 28.7699 37.4401 3
    endloop
  endfacet
  facet normal -0.196925 -0.980419 -0.000158071
    outer loop
      vertex 3.76513 42.8039 3
      vertex -11.7539 45.9208 4.3655
      vertex -11.3341 45.8367 3
    endloop
  endfacet
  facet normal -0.196923 -0.980419 -0.000141988
    outer loop
      vertex -11.7539 45.9208 4.3655
      vertex 3.76513 42.8039 3
      vertex 28.5739 37.8207 4.3655
    endloop
  endfacet
  facet normal 0.615828 -0.751821 0.23563
    outer loop
      vertex -11.7539 45.9208 4.3655
      vertex -31.1179 29.6315 3
      vertex -11.3341 45.8367 3
    endloop
  endfacet
  facet normal 0.643743 -0.765242 -0.000110998
    outer loop
      vertex -31.1179 29.6315 3
      vertex -43.2308 19.4416 4.3655
      vertex -42.9033 19.7173 3
    endloop
  endfacet
  facet normal 0.643742 -0.765242 -0.000116823
    outer loop
      vertex -43.2308 19.4416 4.3655
      vertex -31.1179 29.6315 3
      vertex -11.7539 45.9208 4.3655
    endloop
  endfacet
  facet normal 0.971759 0.0127192 0.235634
    outer loop
      vertex -42.9033 19.7173 3
      vertex -43.2308 19.4416 4.3655
      vertex -42.5686 -5.85404 3
    endloop
  endfacet
  facet normal 0.999657 0.0261784 -0.000165169
    outer loop
      vertex -42.154 -21.6775 4.3655
      vertex -42.5686 -5.85404 3
      vertex -43.2308 19.4416 4.3655
    endloop
  endfacet
  facet normal 0.999657 0.0261804 -0.000141708
    outer loop
      vertex -42.5686 -5.85404 3
      vertex -42.154 -21.6775 4.3655
      vertex -42.1654 -21.2496 3
    endloop
  endfacet
  facet normal 0.595943 0.76769 0.235592
    outer loop
      vertex -21.9642 -36.9314 3
      vertex -42.1654 -21.2496 3
      vertex -42.154 -21.6775 4.3655
    endloop
  endfacet
  facet normal 0.602811 0.797884 -0.000133245
    outer loop
      vertex -21.9642 -36.9314 3
      vertex -9.33444 -46.4731 4.3655
      vertex -9.6761 -46.2152 3
    endloop
  endfacet
  facet normal 0.602811 0.797884 -0.000143881
    outer loop
      vertex -9.33444 -46.4731 4.3655
      vertex -21.9642 -36.9314 3
      vertex -42.154 -21.6775 4.3655
    endloop
  endfacet
  facet normal -0.228643 0.944569 0.235608
    outer loop
      vertex 15.1797 -40.1986 3
      vertex -9.6761 -46.2152 3
      vertex -9.33444 -46.4731 4.3655
    endloop
  endfacet
  facet normal -0.247962 0.96877 -0.000181189
    outer loop
      vertex 15.1797 -40.1986 3
      vertex 30.5142 -36.2734 4.3655
      vertex 30.0995 -36.3798 3
    endloop
  endfacet
  facet normal -0.247967 0.968768 -0.000117187
    outer loop
      vertex 30.5142 -36.2734 4.3655
      vertex 15.1797 -40.1986 3
      vertex -9.33444 -46.4731 4.3655
    endloop
  endfacet
  facet normal -0.881049 0.41017 0.235612
    outer loop
      vertex 40.8929 -13.1955 3
      vertex 30.0995 -36.3798 3
      vertex 30.5142 -36.2734 4.3655
    endloop
  endfacet
  facet normal -0.912017 0.410153 -0.000139357
    outer loop
      vertex 40.8929 -13.1955 3
      vertex 47.385 1.24082 4.3655
      vertex 47.2096 0.850336 3
    endloop
  endfacet
  facet normal -0.912018 0.41015 -0.000110381
    outer loop
      vertex 47.385 1.24082 4.3655
      vertex 40.8929 -13.1955 3
      vertex 30.5142 -36.2734 4.3655
    endloop
  endfacet
  facet normal -0.864115 -0.444369 0.236308
    outer loop
      vertex 47.6571 1.87245 6.54825
      vertex 28.5739 37.8207 4.3655
      vertex 47.385 1.24082 4.3655
    endloop
  endfacet
  facet normal -0.88324 -0.468921 -0.000850885
    outer loop
      vertex 47.6571 1.87245 6.54825
      vertex 28.2498 38.4272 6.54825
      vertex 28.5739 37.8207 4.3655
    endloop
  endfacet
  facet normal -0.191347 -0.952655 0.236294
    outer loop
      vertex 28.2498 38.4272 6.54825
      vertex -11.7539 45.9208 4.3655
      vertex 28.5739 37.8207 4.3655
    endloop
  endfacet
  facet normal -0.184074 -0.982912 -0.000879589
    outer loop
      vertex 28.2498 38.4272 6.54825
      vertex -12.4302 46.0455 6.54825
      vertex -11.7539 45.9208 4.3655
    endloop
  endfacet
  facet normal 0.625513 -0.743573 0.236288
    outer loop
      vertex -12.4302 46.0455 6.54825
      vertex -43.2308 19.4416 4.3655
      vertex -11.7539 45.9208 4.3655
    endloop
  endfacet
  facet normal 0.653702 -0.756751 -0.000867031
    outer loop
      vertex -12.4302 46.0455 6.54825
      vertex -43.75 18.9906 6.54825
      vertex -43.2308 19.4416 4.3655
    endloop
  endfacet
  facet normal 0.971346 0.025437 0.236305
    outer loop
      vertex -43.2308 19.4416 4.3655
      vertex -43.75 18.9906 6.54825
      vertex -42.154 -21.6775 4.3655
    endloop
  endfacet
  facet normal 0.999229 0.039261 -0.000871136
    outer loop
      vertex -42.154 -21.6775 4.3655
      vertex -43.75 18.9906 6.54825
      vertex -42.1251 -22.3646 6.54825
    endloop
  endfacet
  facet normal 0.585741 0.775289 0.236295
    outer loop
      vertex -9.33444 -46.4731 4.3655
      vertex -42.154 -21.6775 4.3655
      vertex -42.1251 -22.3646 6.54825
    endloop
  endfacet
  facet normal 0.592316 0.805705 -0.000883292
    outer loop
      vertex -9.33444 -46.4731 4.3655
      vertex -42.1251 -22.3646 6.54825
      vertex -8.77919 -46.8789 6.54825
    endloop
  endfacet
  facet normal -0.240945 0.941334 0.236297
    outer loop
      vertex 30.5142 -36.2734 4.3655
      vertex -9.33444 -46.4731 4.3655
      vertex -8.77919 -46.8789 6.54825
    endloop
  endfacet
  facet normal -0.260627 0.965439 -0.000889375
    outer loop
      vertex 30.5142 -36.2734 4.3655
      vertex -8.77919 -46.8789 6.54825
      vertex 31.1776 -36.0923 6.54825
    endloop
  endfacet
  facet normal -0.886195 0.398538 0.236274
    outer loop
      vertex 47.385 1.24082 4.3655
      vertex 30.5142 -36.2734 4.3655
      vertex 31.1776 -36.0923 6.54825
    endloop
  endfacet
  facet normal -0.917307 0.398179 -0.000871596
    outer loop
      vertex 47.385 1.24082 4.3655
      vertex 31.1776 -36.0923 6.54825
      vertex 47.6571 1.87245 6.54825
    endloop
  endfacet
  facet normal -0.858079 -0.455563 0.236986
    outer loop
      vertex 47.9207 2.51142 8.731
      vertex 28.2498 38.4272 6.54825
      vertex 47.6571 1.87245 6.54825
    endloop
  endfacet
  facet normal -0.877024 -0.480443 -0.00166683
    outer loop
      vertex 47.9207 2.51142 8.731
      vertex 27.9145 39.0317 8.731
      vertex 28.2498 38.4272 6.54825
    endloop
  endfacet
  facet normal -0.17883 -0.954912 0.236987
    outer loop
      vertex 27.9145 39.0317 8.731
      vertex -12.4302 46.0455 6.54825
      vertex 28.2498 38.4272 6.54825
    endloop
  endfacet
  facet normal -0.171194 -0.985236 -0.0015953
    outer loop
      vertex 27.9145 39.0317 8.731
      vertex -13.1118 46.1604 8.731
      vertex -12.4302 46.0455 6.54825
    endloop
  endfacet
  facet normal 0.635076 -0.735189 0.237013
    outer loop
      vertex -13.1118 46.1604 8.731
      vertex -43.75 18.9906 6.54825
      vertex -12.4302 46.0455 6.54825
    endloop
  endfacet
  facet normal 0.663553 -0.748128 -0.00164047
    outer loop
      vertex -13.1118 46.1604 8.731
      vertex -44.2647 18.5293 8.731
      vertex -43.75 18.9906 6.54825
    endloop
  endfacet
  facet normal 0.970768 0.0381427 0.236971
    outer loop
      vertex -43.75 18.9906 6.54825
      vertex -44.2647 18.5293 8.731
      vertex -42.1251 -22.3646 6.54825
    endloop
  endfacet
  facet normal 0.998628 0.0523353 -0.00161675
    outer loop
      vertex -42.1251 -22.3646 6.54825
      vertex -44.2647 18.5293 8.731
      vertex -42.0854 -23.0547 8.731
    endloop
  endfacet
  facet normal 0.575439 0.782749 0.237009
    outer loop
      vertex -8.77919 -46.8789 6.54825
      vertex -42.1251 -22.3646 6.54825
      vertex -42.0854 -23.0547 8.731
    endloop
  endfacet
  facet normal 0.581716 0.81339 -0.00166405
    outer loop
      vertex -8.77919 -46.8789 6.54825
      vertex -42.0854 -23.0547 8.731
      vertex -8.2149 -47.278 8.731
    endloop
  endfacet
  facet normal -0.253204 0.937944 0.236955
    outer loop
      vertex 31.1776 -36.0923 6.54825
      vertex -8.77919 -46.8789 6.54825
      vertex -8.2149 -47.278 8.731
    endloop
  endfacet
  facet normal -0.273239 0.961945 -0.0016269
    outer loop
      vertex 31.1776 -36.0923 6.54825
      vertex -8.2149 -47.278 8.731
      vertex 31.8416 -35.9 8.731
    endloop
  endfacet
  facet normal -0.891169 0.386833 0.237017
    outer loop
      vertex 47.6571 1.87245 6.54825
      vertex 31.1776 -36.0923 6.54825
      vertex 31.8416 -35.9 8.731
    endloop
  endfacet
  facet normal -0.922441 0.386136 -0.00163724
    outer loop
      vertex 47.6571 1.87245 6.54825
      vertex 31.8416 -35.9 8.731
      vertex 47.9207 2.51142 8.731
    endloop
  endfacet
  facet normal -0.851892 -0.466676 0.237682
    outer loop
      vertex 48.1757 3.1576 10.9137
      vertex 27.9145 39.0317 8.731
      vertex 47.9207 2.51142 8.731
    endloop
  endfacet
  facet normal -0.87066 -0.49188 -0.00236529
    outer loop
      vertex 48.1757 3.1576 10.9137
      vertex 27.5683 39.634 10.9137
      vertex 27.9145 39.0317 8.731
    endloop
  endfacet
  facet normal -0.166287 -0.956999 0.237702
    outer loop
      vertex 27.5683 39.634 10.9137
      vertex -13.1118 46.1604 8.731
      vertex 27.9145 39.0317 8.731
    endloop
  endfacet
  facet normal -0.158281 -0.987391 -0.00238839
    outer loop
      vertex 27.5683 39.634 10.9137
      vertex -13.7985 46.2652 10.9137
      vertex -13.1118 46.1604 8.731
    endloop
  endfacet
  facet normal 0.64454 -0.726692 0.23767
    outer loop
      vertex -13.7985 46.2652 10.9137
      vertex -44.2647 18.5293 8.731
      vertex -13.1118 46.1604 8.731
    endloop
  endfacet
  facet normal 0.673288 -0.739377 -0.00240339
    outer loop
      vertex -13.7985 46.2652 10.9137
      vertex -44.7748 18.0577 10.9137
      vertex -44.2647 18.5293 8.731
    endloop
  endfacet
  facet normal 0.970013 0.0508356 0.237677
    outer loop
      vertex -44.2647 18.5293 8.731
      vertex -44.7748 18.0577 10.9137
      vertex -42.0854 -23.0547 8.731
    endloop
  endfacet
  facet normal 0.997856 0.0654039 -0.00241877
    outer loop
      vertex -42.0854 -23.0547 8.731
      vertex -44.7748 18.0577 10.9137
      vertex -42.0347 -23.7475 10.9137
    endloop
  endfacet
  facet normal 0.56505 0.790088 0.237653
    outer loop
      vertex -8.2149 -47.278 8.731
      vertex -42.0854 -23.0547 8.731
      vertex -42.0347 -23.7475 10.9137
    endloop
  endfacet
  facet normal 0.57102 0.820933 -0.00238106
    outer loop
      vertex -8.2149 -47.278 8.731
      vertex -42.0347 -23.7475 10.9137
      vertex -7.64166 -47.6704 10.9137
    endloop
  endfacet
  facet normal -0.265409 0.934379 0.237684
    outer loop
      vertex 31.8416 -35.9 8.731
      vertex -8.2149 -47.278 8.731
      vertex -7.64166 -47.6704 10.9137
    endloop
  endfacet
  facet normal -0.285807 0.958284 -0.00238529
    outer loop
      vertex 31.8416 -35.9 8.731
      vertex -7.64166 -47.6704 10.9137
      vertex 32.5057 -35.6965 10.9137
    endloop
  endfacet
  facet normal -0.896015 0.375074 0.237649
    outer loop
      vertex 47.9207 2.51142 8.731
      vertex 31.8416 -35.9 8.731
      vertex 32.5057 -35.6965 10.9137
    endloop
  endfacet
  facet normal -0.927414 0.374029 -0.00238227
    outer loop
      vertex 47.9207 2.51142 8.731
      vertex 32.5057 -35.6965 10.9137
      vertex 48.1757 3.1576 10.9137
    endloop
  endfacet
  facet normal -0.84557 -0.477706 0.238345
    outer loop
      vertex 48.4219 3.81089 13.0965
      vertex 27.5683 39.634 10.9137
      vertex 48.1757 3.1576 10.9137
    endloop
  endfacet
  facet normal -0.864145 -0.503233 -0.00313061
    outer loop
      vertex 48.4219 3.81089 13.0965
      vertex 27.2111 40.2338 13.0965
      vertex 27.5683 39.634 10.9137
    endloop
  endfacet
  facet normal -0.15372 -0.958938 0.238346
    outer loop
      vertex 27.2111 40.2338 13.0965
      vertex -13.7985 46.2652 10.9137
      vertex 27.5683 39.634 10.9137
    endloop
  endfacet
  facet normal -0.145344 -0.989376 -0.0031337
    outer loop
      vertex 27.2111 40.2338 13.0965
      vertex -14.4902 46.3599 13.0965
      vertex -13.7985 46.2652 10.9137
    endloop
  endfacet
  facet normal 0.653883 -0.718068 0.23836
    outer loop
      vertex -14.4902 46.3599 13.0965
      vertex -44.7748 18.0577 10.9137
      vertex -13.7985 46.2652 10.9137
    endloop
  endfacet
  facet normal 0.682906 -0.730499 -0.00311935
    outer loop
      vertex -14.4902 46.3599 13.0965
      vertex -45.2801 17.576 13.0965
      vertex -44.7748 18.0577 10.9137
    endloop
  endfacet
  facet normal 0.969099 0.0635191 0.238356
    outer loop
      vertex -44.7748 18.0577 10.9137
      vertex -45.2801 17.576 13.0965
      vertex -42.0347 -23.7475 10.9137
    endloop
  endfacet
  facet normal 0.996912 0.0784595 -0.00313415
    outer loop
      vertex -42.0347 -23.7475 10.9137
      vertex -45.2801 17.576 13.0965
      vertex -41.9731 -24.443 13.0965
    endloop
  endfacet
  facet normal 0.554559 0.797269 0.238382
    outer loop
      vertex -7.64166 -47.6704 10.9137
      vertex -42.0347 -23.7475 10.9137
      vertex -41.9731 -24.443 13.0965
    endloop
  endfacet
  facet normal 0.560224 0.828335 -0.00311003
    outer loop
      vertex -7.64166 -47.6704 10.9137
      vertex -41.9731 -24.443 13.0965
      vertex -7.05955 -48.0559 13.0965
    endloop
  endfacet
  facet normal -0.277568 0.93066 0.238384
    outer loop
      vertex 32.5057 -35.6965 10.9137
      vertex -7.64166 -47.6704 10.9137
      vertex -7.05955 -48.0559 13.0965
    endloop
  endfacet
  facet normal -0.298327 0.954459 -0.00313323
    outer loop
      vertex 32.5057 -35.6965 10.9137
      vertex -7.05955 -48.0559 13.0965
      vertex 33.17 -35.4817 13.0965
    endloop
  endfacet
  facet normal -0.900685 0.363249 0.238363
    outer loop
      vertex 48.1757 3.1576 10.9137
      vertex 32.5057 -35.6965 10.9137
      vertex 33.17 -35.4817 13.0965
    endloop
  endfacet
  facet normal -0.932229 0.361856 -0.00315292
    outer loop
      vertex 48.1757 3.1576 10.9137
      vertex 33.17 -35.4817 13.0965
      vertex 48.4219 3.81089 13.0965
    endloop
  endfacet
  facet normal -0.839097 -0.488646 0.239042
    outer loop
      vertex 48.6592 4.47116 15.2792
      vertex 27.2111 40.2338 13.0965
      vertex 48.4219 3.81089 13.0965
    endloop
  endfacet
  facet normal -0.857483 -0.514498 -0.00385566
    outer loop
      vertex 48.6592 4.47116 15.2792
      vertex 26.8429 40.8311 15.2792
      vertex 27.2111 40.2338 13.0965
    endloop
  endfacet
  facet normal -0.141129 -0.960687 0.239087
    outer loop
      vertex 26.8429 40.8311 15.2792
      vertex -14.4902 46.3599 13.0965
      vertex 27.2111 40.2338 13.0965
    endloop
  endfacet
  facet normal -0.132377 -0.991192 -0.00392042
    outer loop
      vertex 26.8429 40.8311 15.2792
      vertex -15.1868 46.4443 15.2792
      vertex -14.4902 46.3599 13.0965
    endloop
  endfacet
  facet normal 0.663109 -0.709322 0.239057
    outer loop
      vertex -15.1868 46.4443 15.2792
      vertex -45.2801 17.576 13.0965
      vertex -14.4902 46.3599 13.0965
    endloop
  endfacet
  facet normal 0.692408 -0.721496 -0.00389056
    outer loop
      vertex -15.1868 46.4443 15.2792
      vertex -45.7804 17.0841 15.2792
      vertex -45.2801 17.576 13.0965
    endloop
  endfacet
  facet normal 0.968014 0.0761851 0.239049
    outer loop
      vertex -45.2801 17.576 13.0965
      vertex -45.7804 17.0841 15.2792
      vertex -41.9731 -24.443 13.0965
    endloop
  endfacet
  facet normal 0.995798 0.0915004 -0.00386949
    outer loop
      vertex -41.9731 -24.443 13.0965
      vertex -45.7804 17.0841 15.2792
      vertex -41.9005 -25.1408 15.2792
    endloop
  endfacet
  facet normal 0.543985 0.804325 0.239045
    outer loop
      vertex -7.05955 -48.0559 13.0965
      vertex -41.9731 -24.443 13.0965
      vertex -41.9005 -25.1408 15.2792
    endloop
  endfacet
  facet normal 0.549332 0.835595 -0.00389182
    outer loop
      vertex -7.05955 -48.0559 13.0965
      vertex -41.9005 -25.1408 15.2792
      vertex -6.46865 -48.4342 15.2792
    endloop
  endfacet
  facet normal -0.289679 0.926791 0.239051
    outer loop
      vertex 33.17 -35.4817 13.0965
      vertex -7.05955 -48.0559 13.0965
      vertex -6.46865 -48.4342 15.2792
    endloop
  endfacet
  facet normal -0.310793 0.95047 -0.00388153
    outer loop
      vertex 33.17 -35.4817 13.0965
      vertex -6.46865 -48.4342 15.2792
      vertex 33.8342 -35.2556 15.2792
    endloop
  endfacet
  facet normal -0.905203 0.351366 0.239058
    outer loop
      vertex 48.4219 3.81089 13.0965
      vertex 33.17 -35.4817 13.0965
      vertex 33.8342 -35.2556 15.2792
    endloop
  endfacet
  facet normal -0.936883 0.349621 -0.00390416
    outer loop
      vertex 48.4219 3.81089 13.0965
      vertex 33.8342 -35.2556 15.2792
      vertex 48.6592 4.47116 15.2792
    endloop
  endfacet
  facet normal -0.832477 -0.499494 0.239768
    outer loop
      vertex 48.8876 5.13829 17.462
      vertex 26.8429 40.8311 15.2792
      vertex 48.6592 4.47116 15.2792
    endloop
  endfacet
  facet normal -0.85067 -0.525679 -0.00467085
    outer loop
      vertex 48.8876 5.13829 17.462
      vertex 26.4636 41.4255 17.462
      vertex 26.8429 40.8311 15.2792
    endloop
  endfacet
  facet normal -0.128518 -0.9623 0.239712
    outer loop
      vertex 26.4636 41.4255 17.462
      vertex -15.1868 46.4443 15.2792
      vertex 26.8429 40.8311 15.2792
    endloop
  endfacet
  facet normal -0.119394 -0.992836 -0.00460437
    outer loop
      vertex 26.4636 41.4255 17.462
      vertex -15.888 46.5185 17.462
      vertex -15.1868 46.4443 15.2792
    endloop
  endfacet
  facet normal 0.672218 -0.700458 0.239753
    outer loop
      vertex -15.888 46.5185 17.462
      vertex -45.7804 17.0841 15.2792
      vertex -15.1868 46.4443 15.2792
    endloop
  endfacet
  facet normal 0.701791 -0.712368 -0.00461884
    outer loop
      vertex -15.888 46.5185 17.462
      vertex -46.2756 16.5821 17.462
      vertex -45.7804 17.0841 15.2792
    endloop
  endfacet
  facet normal 0.966761 0.0888323 0.239754
    outer loop
      vertex -45.7804 17.0841 15.2792
      vertex -46.2756 16.5821 17.462
      vertex -41.9005 -25.1408 15.2792
    endloop
  endfacet
  facet normal 0.994511 0.104529 -0.00464959
    outer loop
      vertex -41.9005 -25.1408 15.2792
      vertex -46.2756 16.5821 17.462
      vertex -41.8167 -25.841 17.462
    endloop
  endfacet
  facet normal 0.533314 0.81123 0.239752
    outer loop
      vertex -6.46865 -48.4342 15.2792
      vertex -41.9005 -25.1408 15.2792
      vertex -41.8167 -25.841 17.462
    endloop
  endfacet
  facet normal 0.538344 0.842712 -0.00465013
    outer loop
      vertex -6.46865 -48.4342 15.2792
      vertex -41.8167 -25.841 17.462
      vertex -5.86904 -48.8052 17.462
    endloop
  endfacet
  facet normal -0.301733 0.922762 0.239723
    outer loop
      vertex 33.8342 -35.2556 15.2792
      vertex -6.46865 -48.4342 15.2792
      vertex -5.86904 -48.8052 17.462
    endloop
  endfacet
  facet normal -0.323205 0.946318 -0.00460321
    outer loop
      vertex 33.8342 -35.2556 15.2792
      vertex -5.86904 -48.8052 17.462
      vertex 34.4982 -35.0182 17.462
    endloop
  endfacet
  facet normal -0.909561 0.339425 0.23977
    outer loop
      vertex 48.6592 4.47116 15.2792
      vertex 33.8342 -35.2556 15.2792
      vertex 34.4982 -35.0182 17.462
    endloop
  endfacet
  facet normal -0.941377 0.337326 -0.00459508
    outer loop
      vertex 48.6592 4.47116 15.2792
      vertex 34.4982 -35.0182 17.462
      vertex 48.8876 5.13829 17.462
    endloop
  endfacet
  facet normal -0.825728 -0.510266 0.240422
    outer loop
      vertex 49.1067 5.81216 19.6447
      vertex 26.4636 41.4255 17.462
      vertex 48.8876 5.13829 17.462
    endloop
  endfacet
  facet normal -0.843714 -0.536766 -0.00536962
    outer loop
      vertex 49.1067 5.81216 19.6447
      vertex 26.0734 42.017 19.6447
      vertex 26.4636 41.4255 17.462
    endloop
  endfacet
  facet normal -0.115892 -0.963719 0.240445
    outer loop
      vertex 26.0734 42.017 19.6447
      vertex -15.888 46.5185 17.462
      vertex 26.4636 41.4255 17.462
    endloop
  endfacet
  facet normal -0.106385 -0.99431 -0.00542335
    outer loop
      vertex 26.0734 42.017 19.6447
      vertex -16.5937 46.5821 19.6447
      vertex -15.888 46.5185 17.462
    endloop
  endfacet
  facet normal 0.681218 -0.691485 0.240397
    outer loop
      vertex -16.5937 46.5821 19.6447
      vertex -46.2756 16.5821 17.462
      vertex -15.888 46.5185 17.462
    endloop
  endfacet
  facet normal 0.711052 -0.703119 -0.00540346
    outer loop
      vertex -16.5937 46.5821 19.6447
      vertex -46.7654 16.07 19.6447
      vertex -46.2756 16.5821 17.462
    endloop
  endfacet
  facet normal 0.965349 0.101463 0.24043
    outer loop
      vertex -46.2756 16.5821 17.462
      vertex -46.7654 16.07 19.6447
      vertex -41.8167 -25.841 17.462
    endloop
  endfacet
  facet normal 0.993054 0.117536 -0.0053637
    outer loop
      vertex -41.8167 -25.841 17.462
      vertex -46.7654 16.07 19.6447
      vertex -41.7218 -26.5432 19.6447
    endloop
  endfacet
  facet normal 0.522557 0.817999 0.24044
    outer loop
      vertex -5.86904 -48.8052 17.462
      vertex -41.8167 -25.841 17.462
      vertex -41.7218 -26.5432 19.6447
    endloop
  endfacet
  facet normal 0.527265 0.849684 -0.00538004
    outer loop
      vertex -5.86904 -48.8052 17.462
      vertex -41.7218 -26.5432 19.6447
      vertex -5.26083 -49.1688 19.6447
    endloop
  endfacet
  facet normal -0.313727 0.918567 0.240437
    outer loop
      vertex 34.4982 -35.0182 17.462
      vertex -5.86904 -48.8052 17.462
      vertex -5.26083 -49.1688 19.6447
    endloop
  endfacet
  facet normal -0.335565 0.942001 -0.00542923
    outer loop
      vertex 34.4982 -35.0182 17.462
      vertex -5.26083 -49.1688 19.6447
      vertex 35.1616 -34.7693 19.6447
    endloop
  endfacet
  facet normal -0.913781 0.327438 0.240392
    outer loop
      vertex 48.8876 5.13829 17.462
      vertex 34.4982 -35.0182 17.462
      vertex 35.1616 -34.7693 19.6447
    endloop
  endfacet
  facet normal -0.945707 0.324975 -0.00540011
    outer loop
      vertex 48.8876 5.13829 17.462
      vertex 35.1616 -34.7693 19.6447
      vertex 49.1067 5.81216 19.6447
    endloop
  endfacet
  facet normal -0.818836 -0.520938 0.241103
    outer loop
      vertex 49.3165 6.49264 21.8275
      vertex 26.0734 42.017 19.6447
      vertex 49.1067 5.81216 19.6447
    endloop
  endfacet
  facet normal -0.836612 -0.547761 -0.00613935
    outer loop
      vertex 49.3165 6.49264 21.8275
      vertex 25.6722 42.6053 21.8275
      vertex 26.0734 42.017 19.6447
    endloop
  endfacet
  facet normal -0.103248 -0.964992 0.241104
    outer loop
      vertex 25.6722 42.6053 21.8275
      vertex -16.5937 46.5821 19.6447
      vertex 26.0734 42.017 19.6447
    endloop
  endfacet
  facet normal -0.0933619 -0.995614 -0.00610668
    outer loop
      vertex 25.6722 42.6053 21.8275
      vertex -17.3038 46.6353 21.8275
      vertex -16.5937 46.5821 19.6447
    endloop
  endfacet
  facet normal 0.690081 -0.682383 0.241126
    outer loop
      vertex -17.3038 46.6353 21.8275
      vertex -46.7654 16.07 19.6447
      vertex -16.5937 46.5821 19.6447
    endloop
  endfacet
  facet normal 0.720191 -0.693749 -0.00611518
    outer loop
      vertex -17.3038 46.6353 21.8275
      vertex -47.2497 15.548 21.8275
      vertex -46.7654 16.07 19.6447
    endloop
  endfacet
  facet normal 0.96377 0.11407 0.241112
    outer loop
      vertex -46.7654 16.07 19.6447
      vertex -47.2497 15.548 21.8275
      vertex -41.7218 -26.5432 19.6447
    endloop
  endfacet
  facet normal 0.991426 0.130524 -0.00613333
    outer loop
      vertex -41.7218 -26.5432 19.6447
      vertex -47.2497 15.548 21.8275
      vertex -41.6156 -27.2473 21.8275
    endloop
  endfacet
  facet normal 0.511718 0.82463 0.241102
    outer loop
      vertex -5.26083 -49.1688 19.6447
      vertex -41.7218 -26.5432 19.6447
      vertex -41.6156 -27.2473 21.8275
    endloop
  endfacet
  facet normal 0.516097 0.856508 -0.00612758
    outer loop
      vertex -5.26083 -49.1688 19.6447
      vertex -41.6156 -27.2473 21.8275
      vertex -4.6441 -49.5248 21.8275
    endloop
  endfacet
  facet normal -0.325669 0.914222 0.241118
    outer loop
      vertex 35.1616 -34.7693 19.6447
      vertex -5.26083 -49.1688 19.6447
      vertex -4.6441 -49.5248 21.8275
    endloop
  endfacet
  facet normal -0.347865 0.937525 -0.0061135
    outer loop
      vertex 35.1616 -34.7693 19.6447
      vertex -4.6441 -49.5248 21.8275
      vertex 35.8245 -34.5091 21.8275
    endloop
  endfacet
  facet normal -0.917814 0.31539 0.241137
    outer loop
      vertex 49.1067 5.81216 19.6447
      vertex 35.1616 -34.7693 19.6447
      vertex 35.8245 -34.5091 21.8275
    endloop
  endfacet
  facet normal -0.949876 0.312566 -0.00614374
    outer loop
      vertex 49.1067 5.81216 19.6447
      vertex 35.8245 -34.5091 21.8275
      vertex 49.3165 6.49264 21.8275
    endloop
  endfacet
  facet normal -0.811808 -0.531521 0.241771
    outer loop
      vertex 49.5168 7.1796 24.0103
      vertex 25.6722 42.6053 21.8275
      vertex 49.3165 6.49264 21.8275
    endloop
  endfacet
  facet normal -0.829366 -0.558662 -0.00691913
    outer loop
      vertex 49.5168 7.1796 24.0103
      vertex 25.26 43.1902 24.0103
      vertex 25.6722 42.6053 21.8275
    endloop
  endfacet
  facet normal -0.090594 -0.966096 0.241766
    outer loop
      vertex 25.26 43.1902 24.0103
      vertex -17.3038 46.6353 21.8275
      vertex 25.6722 42.6053 21.8275
    endloop
  endfacet
  facet normal -0.0803212 -0.996745 -0.00692296
    outer loop
      vertex 25.26 43.1902 24.0103
      vertex -18.0181 46.6777 24.0103
      vertex -17.3038 46.6353 21.8275
    endloop
  endfacet
  facet normal 0.69884 -0.673181 0.241765
    outer loop
      vertex -18.0181 46.6777 24.0103
      vertex -47.2497 15.548 21.8275
      vertex -17.3038 46.6353 21.8275
    endloop
  endfacet
  facet normal 0.729205 -0.68426 -0.00688504
    outer loop
      vertex -18.0181 46.6777 24.0103
      vertex -47.7283 15.016 24.0103
      vertex -47.2497 15.548 21.8275
    endloop
  endfacet
  facet normal 0.962025 0.126653 0.241801
    outer loop
      vertex -47.2497 15.548 21.8275
      vertex -47.7283 15.016 24.0103
      vertex -41.6156 -27.2473 21.8275
    endloop
  endfacet
  facet normal 0.989628 0.143491 -0.00691322
    outer loop
      vertex -41.6156 -27.2473 21.8275
      vertex -47.7283 15.016 24.0103
      vertex -41.498 -27.9532 24.0103
    endloop
  endfacet
  facet normal 0.500792 0.831109 0.241794
    outer loop
      vertex -4.6441 -49.5248 21.8275
      vertex -41.6156 -27.2473 21.8275
      vertex -41.498 -27.9532 24.0103
    endloop
  endfacet
  facet normal 0.504838 0.863186 -0.00689176
    outer loop
      vertex -4.6441 -49.5248 21.8275
      vertex -41.498 -27.9532 24.0103
      vertex -4.01894 -49.873 24.0103
    endloop
  endfacet
  facet normal -0.337549 0.909723 0.241794
    outer loop
      vertex 35.8245 -34.5091 21.8275
      vertex -4.6441 -49.5248 21.8275
      vertex -4.01894 -49.873 24.0103
    endloop
  endfacet
  facet normal -0.360106 0.932886 -0.00690639
    outer loop
      vertex 35.8245 -34.5091 21.8275
      vertex -4.01894 -49.873 24.0103
      vertex 36.4865 -34.2374 24.0103
    endloop
  endfacet
  facet normal -0.921711 0.303297 0.241784
    outer loop
      vertex 49.3165 6.49264 21.8275
      vertex 35.8245 -34.5091 21.8275
      vertex 36.4865 -34.2374 24.0103
    endloop
  endfacet
  facet normal -0.953882 0.300103 -0.00691599
    outer loop
      vertex 49.3165 6.49264 21.8275
      vertex 36.4865 -34.2374 24.0103
      vertex 49.5168 7.1796 24.0103
    endloop
  endfacet
  facet normal -0.804631 -0.542001 0.242497
    outer loop
      vertex 49.7076 7.87291 26.193
      vertex 25.26 43.1902 24.0103
      vertex 49.5168 7.1796 24.0103
    endloop
  endfacet
  facet normal -0.821979 -0.569467 -0.00762083
    outer loop
      vertex 49.7076 7.87291 26.193
      vertex 24.8369 43.7717 26.193
      vertex 25.26 43.1902 24.0103
    endloop
  endfacet
  facet normal -0.0779252 -0.967012 0.242519
    outer loop
      vertex 24.8369 43.7717 26.193
      vertex -18.0181 46.6777 24.0103
      vertex 25.26 43.1902 24.0103
    endloop
  endfacet
  facet normal -0.0672672 -0.997706 -0.00760421
    outer loop
      vertex 24.8369 43.7717 26.193
      vertex -18.7365 46.7095 26.193
      vertex -18.0181 46.6777 24.0103
    endloop
  endfacet
  facet normal 0.707453 -0.663849 0.242518
    outer loop
      vertex -18.7365 46.7095 26.193
      vertex -47.7283 15.016 24.0103
      vertex -18.0181 46.6777 24.0103
    endloop
  endfacet
  facet normal 0.738097 -0.674651 -0.00764886
    outer loop
      vertex -18.7365 46.7095 26.193
      vertex -48.201 14.4741 26.193
      vertex -47.7283 15.016 24.0103
    endloop
  endfacet
  facet normal 0.960114 0.139211 0.242491
    outer loop
      vertex -47.7283 15.016 24.0103
      vertex -48.201 14.4741 26.193
      vertex -41.498 -27.9532 24.0103
    endloop
  endfacet
  facet normal 0.987659 0.156431 -0.00762828
    outer loop
      vertex -41.498 -27.9532 24.0103
      vertex -48.201 14.4741 26.193
      vertex -41.3691 -28.6606 26.193
    endloop
  endfacet
  facet normal 0.489783 0.837444 0.242486
    outer loop
      vertex -4.01894 -49.873 24.0103
      vertex -41.498 -27.9532 24.0103
      vertex -41.3691 -28.6606 26.193
    endloop
  endfacet
  facet normal 0.493493 0.869716 -0.00766951
    outer loop
      vertex -4.01894 -49.873 24.0103
      vertex -41.3691 -28.6606 26.193
      vertex -3.38546 -50.2132 26.193
    endloop
  endfacet
  facet normal -0.349369 0.905071 0.242463
    outer loop
      vertex 36.4865 -34.2374 24.0103
      vertex -4.01894 -49.873 24.0103
      vertex -3.38546 -50.2132 26.193
    endloop
  endfacet
  facet normal -0.372282 0.928088 -0.00763428
    outer loop
      vertex 36.4865 -34.2374 24.0103
      vertex -3.38546 -50.2132 26.193
      vertex 37.1475 -33.9543 26.193
    endloop
  endfacet
  facet normal -0.925434 0.291153 0.242492
    outer loop
      vertex 49.5168 7.1796 24.0103
      vertex 36.4865 -34.2374 24.0103
      vertex 37.1475 -33.9543 26.193
    endloop
  endfacet
  facet normal -0.957723 0.28759 -0.00763075
    outer loop
      vertex 49.5168 7.1796 24.0103
      vertex 37.1475 -33.9543 26.193
      vertex 49.7076 7.87291 26.193
    endloop
  endfacet
  facet normal -0.797325 -0.552387 0.243188
    outer loop
      vertex 49.8887 8.57244 28.3757
      vertex 24.8369 43.7717 26.193
      vertex 49.7076 7.87291 26.193
    endloop
  endfacet
  facet normal -0.814449 -0.580175 -0.00838594
    outer loop
      vertex 49.8887 8.57244 28.3757
      vertex 24.4029 44.3494 28.3757
      vertex 24.8369 43.7717 26.193
    endloop
  endfacet
  facet normal -0.0652499 -0.967786 0.243172
    outer loop
      vertex 24.4029 44.3494 28.3757
      vertex -18.7365 46.7095 26.193
      vertex 24.8369 43.7717 26.193
    endloop
  endfacet
  facet normal -0.0542003 -0.998495 -0.00842084
    outer loop
      vertex 24.4029 44.3494 28.3757
      vertex -19.4588 46.7303 28.3757
      vertex -18.7365 46.7095 26.193
    endloop
  endfacet
  facet normal 0.715964 -0.654421 0.243163
    outer loop
      vertex -19.4588 46.7303 28.3757
      vertex -48.201 14.4741 26.193
      vertex -18.7365 46.7095 26.193
    endloop
  endfacet
  facet normal 0.74686 -0.664928 -0.00840967
    outer loop
      vertex -19.4588 46.7303 28.3757
      vertex -48.6676 13.9224 28.3757
      vertex -48.201 14.4741 26.193
    endloop
  endfacet
  facet normal 0.958045 0.15174 0.243157
    outer loop
      vertex -48.201 14.4741 26.193
      vertex -48.6676 13.9224 28.3757
      vertex -41.3691 -28.6606 26.193
    endloop
  endfacet
  facet normal 0.985521 0.169344 -0.00840077
    outer loop
      vertex -41.3691 -28.6606 26.193
      vertex -48.6676 13.9224 28.3757
      vertex -41.2287 -29.3694 28.3757
    endloop
  endfacet
  facet normal 0.478694 0.843636 0.243167
    outer loop
      vertex -3.38546 -50.2132 26.193
      vertex -41.3691 -28.6606 26.193
      vertex -41.2287 -29.3694 28.3757
    endloop
  endfacet
  facet normal 0.482064 0.876096 -0.00838478
    outer loop
      vertex -3.38546 -50.2132 26.193
      vertex -41.2287 -29.3694 28.3757
      vertex -2.74376 -50.5454 28.3757
    endloop
  endfacet
  facet normal -0.361117 0.900254 0.243182
    outer loop
      vertex 37.1475 -33.9543 26.193
      vertex -3.38546 -50.2132 26.193
      vertex -2.74376 -50.5454 28.3757
    endloop
  endfacet
  facet normal -0.384397 0.92313 -0.00839745
    outer loop
      vertex 37.1475 -33.9543 26.193
      vertex -2.74376 -50.5454 28.3757
      vertex 37.8073 -33.6597 28.3757
    endloop
  endfacet
  facet normal -0.929002 0.278966 0.243172
    outer loop
      vertex 49.7076 7.87291 26.193
      vertex 37.1475 -33.9543 26.193
      vertex 37.8073 -33.6597 28.3757
    endloop
  endfacet
  facet normal -0.9614 0.275029 -0.00837559
    outer loop
      vertex 49.7076 7.87291 26.193
      vertex 37.8073 -33.6597 28.3757
      vertex 49.8887 8.57244 28.3757
    endloop
  endfacet
  facet normal -0.789892 -0.562681 0.243844
    outer loop
      vertex 50.0599 9.27805 30.5585
      vertex 24.4029 44.3494 28.3757
      vertex 49.8887 8.57244 28.3757
    endloop
  endfacet
  facet normal -0.80678 -0.590781 -0.00913783
    outer loop
      vertex 50.0599 9.27805 30.5585
      vertex 23.958 44.9232 30.5585
      vertex 24.4029 44.3494 28.3757
    endloop
  endfacet
  facet normal -0.052566 -0.968388 0.243849
    outer loop
      vertex 23.958 44.9232 30.5585
      vertex -19.4588 46.7303 28.3757
      vertex 24.4029 44.3494 28.3757
    endloop
  endfacet
  facet normal -0.0411253 -0.999112 -0.00914686
    outer loop
      vertex 23.958 44.9232 30.5585
      vertex -20.1848 46.7402 30.5585
      vertex -19.4588 46.7303 28.3757
    endloop
  endfacet
  facet normal 0.724342 -0.64488 0.243841
    outer loop
      vertex -20.1848 46.7402 30.5585
      vertex -48.6676 13.9224 28.3757
      vertex -19.4588 46.7303 28.3757
    endloop
  endfacet
  facet normal 0.755495 -0.65509 -0.00916396
    outer loop
      vertex -20.1848 46.7402 30.5585
      vertex -49.128 13.3609 30.5585
      vertex -48.6676 13.9224 28.3757
    endloop
  endfacet
  facet normal 0.955805 0.164238 0.243848
    outer loop
      vertex -48.6676 13.9224 28.3757
      vertex -49.128 13.3609 30.5585
      vertex -41.2287 -29.3694 28.3757
    endloop
  endfacet
  facet normal 0.983214 0.182228 -0.00914793
    outer loop
      vertex -41.2287 -29.3694 28.3757
      vertex -49.128 13.3609 30.5585
      vertex -41.0768 -30.0794 30.5585
    endloop
  endfacet
  facet normal 0.46753 0.849681 0.243841
    outer loop
      vertex -2.74376 -50.5454 28.3757
      vertex -41.2287 -29.3694 28.3757
      vertex -41.0768 -30.0794 30.5585
    endloop
  endfacet
  facet normal 0.470554 0.882324 -0.00911766
    outer loop
      vertex -2.74376 -50.5454 28.3757
      vertex -41.0768 -30.0794 30.5585
      vertex -2.09394 -50.8694 30.5585
    endloop
  endfacet
  facet normal -0.372804 0.895289 0.243874
    outer loop
      vertex 37.8073 -33.6597 28.3757
      vertex -2.74376 -50.5454 28.3757
      vertex -2.09394 -50.8694 30.5585
    endloop
  endfacet
  facet normal -0.396446 0.918012 -0.0091549
    outer loop
      vertex 37.8073 -33.6597 28.3757
      vertex -2.09394 -50.8694 30.5585
      vertex 38.4657 -33.3536 30.5585
    endloop
  endfacet
  facet normal -0.932413 0.266737 0.243839
    outer loop
      vertex 49.8887 8.57244 28.3757
      vertex 37.8073 -33.6597 28.3757
      vertex 38.4657 -33.3536 30.5585
    endloop
  endfacet
  facet normal -0.964911 0.262419 -0.00915016
    outer loop
      vertex 49.8887 8.57244 28.3757
      vertex 38.4657 -33.3536 30.5585
      vertex 50.0599 9.27805 30.5585
    endloop
  endfacet
  facet normal -0.78232 -0.57287 0.244533
    outer loop
      vertex 50.2211 9.98961 32.7412
      vertex 23.958 44.9232 30.5585
      vertex 50.0599 9.27805 30.5585
    endloop
  endfacet
  facet normal -0.798972 -0.601287 -0.00990446
    outer loop
      vertex 50.2211 9.98961 32.7412
      vertex 23.5022 45.4929 32.7412
      vertex 23.958 44.9232 30.5585
    endloop
  endfacet
  facet normal -0.0398784 -0.968819 0.244541
    outer loop
      vertex 23.5022 45.4929 32.7412
      vertex -20.1848 46.7402 30.5585
      vertex 23.958 44.9232 30.5585
    endloop
  endfacet
  facet normal -0.0280447 -0.999558 -0.00987809
    outer loop
      vertex 23.5022 45.4929 32.7412
      vertex -20.9144 46.7391 32.7412
      vertex -20.1848 46.7402 30.5585
    endloop
  endfacet
  facet normal 0.732585 -0.635225 0.244557
    outer loop
      vertex -20.9144 46.7391 32.7412
      vertex -49.128 13.3609 30.5585
      vertex -20.1848 46.7402 30.5585
    endloop
  endfacet
  facet normal 0.764 -0.64514 -0.00988839
    outer loop
      vertex -20.9144 46.7391 32.7412
      vertex -49.582 12.7898 32.7412
      vertex -49.128 13.3609 30.5585
    endloop
  endfacet
  facet normal 0.953402 0.176703 0.244541
    outer loop
      vertex -49.128 13.3609 30.5585
      vertex -49.582 12.7898 32.7412
      vertex -41.0768 -30.0794 30.5585
    endloop
  endfacet
  facet normal 0.980738 0.19508 -0.00986462
    outer loop
      vertex -41.0768 -30.0794 30.5585
      vertex -49.582 12.7898 32.7412
      vertex -40.9134 -30.7905 32.7412
    endloop
  endfacet
  facet normal 0.456282 0.855564 0.244576
    outer loop
      vertex -2.09394 -50.8694 30.5585
      vertex -41.0768 -30.0794 30.5585
      vertex -40.9134 -30.7905 32.7412
    endloop
  endfacet
  facet normal 0.458958 0.888402 -0.00990775
    outer loop
      vertex -2.09394 -50.8694 30.5585
      vertex -40.9134 -30.7905 32.7412
      vertex -1.43611 -51.1849 32.7412
    endloop
  endfacet
  facet normal -0.384427 0.89018 0.244532
    outer loop
      vertex 38.4657 -33.3536 30.5585
      vertex -2.09394 -50.8694 30.5585
      vertex -1.43611 -51.1849 32.7412
    endloop
  endfacet
  facet normal -0.408423 0.912739 -0.00985085
    outer loop
      vertex 38.4657 -33.3536 30.5585
      vertex -1.43611 -51.1849 32.7412
      vertex 39.1226 -33.0361 32.7412
    endloop
  endfacet
  facet normal -0.935646 0.25446 0.244575
    outer loop
      vertex 50.0599 9.27805 30.5585
      vertex 38.4657 -33.3536 30.5585
      vertex 39.1226 -33.0361 32.7412
    endloop
  endfacet
  facet normal -0.968256 0.249762 -0.00991333
    outer loop
      vertex 50.0599 9.27805 30.5585
      vertex 39.1226 -33.0361 32.7412
      vertex 50.2211 9.98961 32.7412
    endloop
  endfacet
  facet normal -0.77461 -0.582952 0.245247
    outer loop
      vertex 50.3723 10.707 34.924
      vertex 23.5022 45.4929 32.7412
      vertex 50.2211 9.98961 32.7412
    endloop
  endfacet
  facet normal -0.791026 -0.61169 -0.0106483
    outer loop
      vertex 50.3723 10.707 34.924
      vertex 23.0356 46.0583 34.924
      vertex 23.5022 45.4929 32.7412
    endloop
  endfacet
  facet normal -0.0271898 -0.96909 0.245206
    outer loop
      vertex 23.0356 46.0583 34.924
      vertex -20.9144 46.7391 32.7412
      vertex 23.5022 45.4929 32.7412
    endloop
  endfacet
  facet normal -0.0149584 -0.999831 -0.0106572
    outer loop
      vertex 23.0356 46.0583 34.924
      vertex -21.6474 46.7268 34.924
      vertex -20.9144 46.7391 32.7412
    endloop
  endfacet
  facet normal 0.740711 -0.625474 0.245212
    outer loop
      vertex -21.6474 46.7268 34.924
      vertex -49.582 12.7898 32.7412
      vertex -20.9144 46.7391 32.7412
    endloop
  endfacet
  facet normal 0.772373 -0.63508 -0.0106428
    outer loop
      vertex -21.6474 46.7268 34.924
      vertex -50.0294 12.2091 34.924
      vertex -49.582 12.7898 32.7412
    endloop
  endfacet
  facet normal 0.950843 0.189133 0.245207
    outer loop
      vertex -49.582 12.7898 32.7412
      vertex -50.0294 12.2091 34.924
      vertex -40.9134 -30.7905 32.7412
    endloop
  endfacet
  facet normal 0.978092 0.207898 -0.0106565
    outer loop
      vertex -40.9134 -30.7905 32.7412
      vertex -50.0294 12.2091 34.924
      vertex -40.7383 -31.5024 34.924
    endloop
  endfacet
  facet normal 0.444967 0.86132 0.245217
    outer loop
      vertex -1.43611 -51.1849 32.7412
      vertex -40.9134 -30.7905 32.7412
      vertex -40.7383 -31.5024 34.924
    endloop
  endfacet
  facet normal 0.447287 0.894327 -0.0106365
    outer loop
      vertex -1.43611 -51.1849 32.7412
      vertex -40.7383 -31.5024 34.924
      vertex -0.770373 -51.4919 34.924
    endloop
  endfacet
  facet normal -0.395972 0.884913 0.245227
    outer loop
      vertex 39.1226 -33.0361 32.7412
      vertex -1.43611 -51.1849 32.7412
      vertex -0.770373 -51.4919 34.924
    endloop
  endfacet
  facet normal -0.420334 0.907307 -0.0106635
    outer loop
      vertex 39.1226 -33.0361 32.7412
      vertex -0.770373 -51.4919 34.924
      vertex 39.7776 -32.707 34.924
    endloop
  endfacet
  facet normal -0.938748 0.24215 0.245184
    outer loop
      vertex 50.2211 9.98961 32.7412
      vertex 39.1226 -33.0361 32.7412
      vertex 39.7776 -32.707 34.924
    endloop
  endfacet
  facet normal -0.971435 0.237068 -0.0106236
    outer loop
      vertex 50.2211 9.98961 32.7412
      vertex 39.7776 -32.707 34.924
      vertex 50.3723 10.707 34.924
    endloop
  endfacet
  facet normal -0.766782 -0.592943 0.245894
    outer loop
      vertex 50.5132 11.43 37.1068
      vertex 23.0356 46.0583 34.924
      vertex 50.3723 10.707 34.924
    endloop
  endfacet
  facet normal -0.782946 -0.621986 -0.0113818
    outer loop
      vertex 50.5132 11.43 37.1068
      vertex 22.5582 46.6193 37.1068
      vertex 23.0356 46.0583 34.924
    endloop
  endfacet
  facet normal -0.0144999 -0.969182 0.245918
    outer loop
      vertex 22.5582 46.6193 37.1068
      vertex -21.6474 46.7268 34.924
      vertex 23.0356 46.0583 34.924
    endloop
  endfacet
  facet normal -0.00186896 -0.999933 -0.0113956
    outer loop
      vertex 22.5582 46.6193 37.1068
      vertex -22.3836 46.7033 37.1068
      vertex -21.6474 46.7268 34.924
    endloop
  endfacet
  facet normal 0.748702 -0.615616 0.245889
    outer loop
      vertex -22.3836 46.7033 37.1068
      vertex -50.0294 12.2091 34.924
      vertex -21.6474 46.7268 34.924
    endloop
  endfacet
  facet normal 0.780613 -0.624911 -0.0113931
    outer loop
      vertex -22.3836 46.7033 37.1068
      vertex -50.4701 11.6188 37.1068
      vertex -50.0294 12.2091 34.924
    endloop
  endfacet
  facet normal 0.948109 0.201525 0.245919
    outer loop
      vertex -50.0294 12.2091 34.924
      vertex -50.4701 11.6188 37.1068
      vertex -40.7383 -31.5024 34.924
    endloop
  endfacet
  facet normal 0.975279 0.220682 -0.0113839
    outer loop
      vertex -40.7383 -31.5024 34.924
      vertex -50.4701 11.6188 37.1068
      vertex -40.5516 -32.2149 37.1068
    endloop
  endfacet
  facet normal 0.433579 0.866918 0.245891
    outer loop
      vertex -0.770373 -51.4919 34.924
      vertex -40.7383 -31.5024 34.924
      vertex -40.5516 -32.2149 37.1068
    endloop
  endfacet
  facet normal 0.435538 0.900098 -0.0114245
    outer loop
      vertex -0.770373 -51.4919 34.924
      vertex -40.5516 -32.2149 37.1068
      vertex -0.0968466 -51.7901 37.1068
    endloop
  endfacet
  facet normal -0.407453 0.879504 0.245876
    outer loop
      vertex 39.7776 -32.707 34.924
      vertex -0.770373 -51.4919 34.924
      vertex -0.0968466 -51.7901 37.1068
    endloop
  endfacet
  facet normal -0.43217 0.90172 -0.0114177
    outer loop
      vertex 39.7776 -32.707 34.924
      vertex -0.0968466 -51.7901 37.1068
      vertex 40.4308 -32.3663 37.1068
    endloop
  endfacet
  facet normal -0.941655 0.2298 0.245921
    outer loop
      vertex 50.3723 10.707 34.924
      vertex 39.7776 -32.707 34.924
      vertex 40.4308 -32.3663 37.1068
    endloop
  endfacet
  facet normal -0.974447 0.224329 -0.0114028
    outer loop
      vertex 50.3723 10.707 34.924
      vertex 40.4308 -32.3663 37.1068
      vertex 50.5132 11.43 37.1068
    endloop
  endfacet
  facet normal -0.758816 -0.602816 0.2466
    outer loop
      vertex 50.6438 12.1585 39.2895
      vertex 22.5582 46.6193 37.1068
      vertex 50.5132 11.43 37.1068
    endloop
  endfacet
  facet normal -0.774729 -0.632176 -0.0121609
    outer loop
      vertex 50.6438 12.1585 39.2895
      vertex 22.07 47.1756 39.2895
      vertex 22.5582 46.6193 37.1068
    endloop
  endfacet
  facet normal -0.00181136 -0.969118 0.246592
    outer loop
      vertex 22.07 47.1756 39.2895
      vertex -22.3836 46.7033 37.1068
      vertex 22.5582 46.6193 37.1068
    endloop
  endfacet
  facet normal 0.0112192 -0.999863 -0.0121408
    outer loop
      vertex 22.07 47.1756 39.2895
      vertex -23.123 46.6685 39.2895
      vertex -22.3836 46.7033 37.1068
    endloop
  endfacet
  facet normal 0.756549 -0.605647 0.246628
    outer loop
      vertex -23.123 46.6685 39.2895
      vertex -50.4701 11.6188 37.1068
      vertex -22.3836 46.7033 37.1068
    endloop
  endfacet
  facet normal 0.788719 -0.614634 -0.0121178
    outer loop
      vertex -23.123 46.6685 39.2895
      vertex -50.9039 11.0191 39.2895
      vertex -50.4701 11.6188 37.1068
    endloop
  endfacet
  facet normal 0.945216 0.213879 0.24662
    outer loop
      vertex -50.4701 11.6188 37.1068
      vertex -50.9039 11.0191 39.2895
      vertex -40.5516 -32.2149 37.1068
    endloop
  endfacet
  facet normal 0.972298 0.233429 -0.0121712
    outer loop
      vertex -40.5516 -32.2149 37.1068
      vertex -50.9039 11.0191 39.2895
      vertex -40.3531 -32.9279 39.2895
    endloop
  endfacet
  facet normal 0.422118 0.872362 0.246577
    outer loop
      vertex -0.0968466 -51.7901 37.1068
      vertex -40.5516 -32.2149 37.1068
      vertex -40.3531 -32.9279 39.2895
    endloop
  endfacet
  facet normal 0.423718 0.905713 -0.0121105
    outer loop
      vertex -0.0968466 -51.7901 37.1068
      vertex -40.3531 -32.9279 39.2895
      vertex 0.584355 -52.0796 39.2895
    endloop
  endfacet
  facet normal -0.418847 0.873922 0.24663
    outer loop
      vertex 40.4308 -32.3663 37.1068
      vertex -0.0968466 -51.7901 37.1068
      vertex 0.584355 -52.0796 39.2895
    endloop
  endfacet
  facet normal -0.443933 0.895978 -0.0121287
    outer loop
      vertex 40.4308 -32.3663 37.1068
      vertex 0.584355 -52.0796 39.2895
      vertex 41.0818 -32.0142 39.2895
    endloop
  endfacet
  facet normal -0.944414 0.217415 0.246604
    outer loop
      vertex 50.5132 11.43 37.1068
      vertex 40.4308 -32.3663 37.1068
      vertex 41.0818 -32.0142 39.2895
    endloop
  endfacet
  facet normal -0.977291 0.211553 -0.0121327
    outer loop
      vertex 50.5132 11.43 37.1068
      vertex 41.0818 -32.0142 39.2895
      vertex 50.6438 12.1585 39.2895
    endloop
  endfacet
  facet normal -0.750727 -0.61259 0.24727
    outer loop
      vertex 50.7639 12.8924 41.4723
      vertex 22.07 47.1756 39.2895
      vertex 50.6438 12.1585 39.2895
    endloop
  endfacet
  facet normal -0.766381 -0.642257 -0.0128931
    outer loop
      vertex 50.7639 12.8924 41.4723
      vertex 21.5711 47.7271 41.4723
      vertex 22.07 47.1756 39.2895
    endloop
  endfacet
  facet normal 0.0108716 -0.968883 0.24728
    outer loop
      vertex 21.5711 47.7271 41.4723
      vertex -23.123 46.6685 39.2895
      vertex 22.07 47.1756 39.2895
    endloop
  endfacet
  facet normal 0.0243062 -0.999621 -0.0128928
    outer loop
      vertex 21.5711 47.7271 41.4723
      vertex -23.8652 46.6223 41.4723
      vertex -23.123 46.6685 39.2895
    endloop
  endfacet
  facet normal 0.764284 -0.595592 0.247267
    outer loop
      vertex -23.8652 46.6223 41.4723
      vertex -50.9039 11.0191 39.2895
      vertex -23.123 46.6685 39.2895
    endloop
  endfacet
  facet normal 0.796689 -0.604251 -0.0129107
    outer loop
      vertex -23.8652 46.6223 41.4723
      vertex -51.3305 10.41 41.4723
      vertex -50.9039 11.0191 39.2895
    endloop
  endfacet
  facet normal 0.942178 0.226198 0.247256
    outer loop
      vertex -50.9039 11.0191 39.2895
      vertex -51.3305 10.41 41.4723
      vertex -40.3531 -32.9279 39.2895
    endloop
  endfacet
  facet normal 0.96915 0.246133 -0.0128845
    outer loop
      vertex -40.3531 -32.9279 39.2895
      vertex -51.3305 10.41 41.4723
      vertex -40.1429 -33.6413 41.4723
    endloop
  endfacet
  facet normal 0.410587 0.877645 0.2473
    outer loop
      vertex 0.584355 -52.0796 39.2895
      vertex -40.3531 -32.9279 39.2895
      vertex -40.1429 -33.6413 41.4723
    endloop
  endfacet
  facet normal 0.411821 0.911174 -0.0128985
    outer loop
      vertex 0.584355 -52.0796 39.2895
      vertex -40.1429 -33.6413 41.4723
      vertex 1.27312 -52.36 41.4723
    endloop
  endfacet
  facet normal -0.430179 0.868219 0.24727
    outer loop
      vertex 41.0818 -32.0142 39.2895
      vertex 0.584355 -52.0796 39.2895
      vertex 1.27312 -52.36 41.4723
    endloop
  endfacet
  facet normal -0.45562 0.890081 -0.0129226
    outer loop
      vertex 41.0818 -32.0142 39.2895
      vertex 1.27312 -52.36 41.4723
      vertex 41.7304 -31.6505 41.4723
    endloop
  endfacet
  facet normal -0.94702 0.205 0.247241
    outer loop
      vertex 50.6438 12.1585 39.2895
      vertex 41.0818 -32.0142 39.2895
      vertex 41.7304 -31.6505 41.4723
    endloop
  endfacet
  facet normal -0.979967 0.198742 -0.012902
    outer loop
      vertex 50.6438 12.1585 39.2895
      vertex 41.7304 -31.6505 41.4723
      vertex 50.7639 12.8924 41.4723
    endloop
  endfacet
  facet normal -0.74251 -0.622252 0.247955
    outer loop
      vertex 50.8734 13.6315 43.655
      vertex 21.5711 47.7271 41.4723
      vertex 50.7639 12.8924 41.4723
    endloop
  endfacet
  facet normal -0.7579 -0.652227 -0.0136753
    outer loop
      vertex 50.8734 13.6315 43.655
      vertex 21.0615 48.2735 43.655
      vertex 21.5711 47.7271 41.4723
    endloop
  endfacet
  facet normal 0.0235492 -0.968489 0.247942
    outer loop
      vertex 21.0615 48.2735 43.655
      vertex -23.8652 46.6223 41.4723
      vertex 21.5711 47.7271 41.4723
    endloop
  endfacet
  facet normal 0.0373875 -0.999208 -0.0136548
    outer loop
      vertex 21.0615 48.2735 43.655
      vertex -24.6101 46.5646 43.655
      vertex -23.8652 46.6223 41.4723
    endloop
  endfacet
  facet normal 0.771876 -0.585431 0.247946
    outer loop
      vertex -24.6101 46.5646 43.655
      vertex -51.3305 10.41 41.4723
      vertex -23.8652 46.6223 41.4723
    endloop
  endfacet
  facet normal 0.804522 -0.593766 -0.0136384
    outer loop
      vertex -24.6101 46.5646 43.655
      vertex -51.7499 9.7916 43.655
      vertex -51.3305 10.41 41.4723
    endloop
  endfacet
  facet normal 0.938957 0.238465 0.24798
    outer loop
      vertex -51.3305 10.41 41.4723
      vertex -51.7499 9.7916 43.655
      vertex -40.1429 -33.6413 41.4723
    endloop
  endfacet
  facet normal 0.965836 0.258796 -0.0136486
    outer loop
      vertex -40.1429 -33.6413 41.4723
      vertex -51.7499 9.7916 43.655
      vertex -39.9209 -34.3547 43.655
    endloop
  endfacet
  facet normal 0.398994 0.882793 0.247953
    outer loop
      vertex 1.27312 -52.36 41.4723
      vertex -40.1429 -33.6413 41.4723
      vertex -39.9209 -34.3547 43.655
    endloop
  endfacet
  facet normal 0.399854 0.916477 -0.0136666
    outer loop
      vertex 1.27312 -52.36 41.4723
      vertex -39.9209 -34.3547 43.655
      vertex 1.96932 -52.6312 43.655
    endloop
  endfacet
  facet normal -0.441429 0.862359 0.247947
    outer loop
      vertex 41.7304 -31.6505 41.4723
      vertex 1.27312 -52.36 41.4723
      vertex 1.96932 -52.6312 43.655
    endloop
  endfacet
  facet normal -0.467226 0.884033 -0.0136381
    outer loop
      vertex 41.7304 -31.6505 41.4723
      vertex 1.96932 -52.6312 43.655
      vertex 42.3766 -31.2753 43.655
    endloop
  endfacet
  facet normal -0.949435 0.19255 0.247987
    outer loop
      vertex 50.7639 12.8924 41.4723
      vertex 41.7304 -31.6505 41.4723
      vertex 42.3766 -31.2753 43.655
    endloop
  endfacet
  facet normal -0.982475 0.185894 -0.0136588
    outer loop
      vertex 50.7639 12.8924 41.4723
      vertex 42.3766 -31.2753 43.655
      vertex 50.8734 13.6315 43.655
    endloop
  endfacet
  facet normal -0.734166 -0.631802 0.248648
    outer loop
      vertex 50.9722 14.3757 45.8377
      vertex 21.0615 48.2735 43.655
      vertex 50.8734 13.6315 43.655
    endloop
  endfacet
  facet normal -0.749291 -0.662085 -0.0143835
    outer loop
      vertex 50.9722 14.3757 45.8377
      vertex 20.5413 48.8148 45.8377
      vertex 21.0615 48.2735 43.655
    endloop
  endfacet
  facet normal 0.0362165 -0.967911 0.248669
    outer loop
      vertex 20.5413 48.8148 45.8377
      vertex -24.6101 46.5646 43.655
      vertex 21.0615 48.2735 43.655
    endloop
  endfacet
  facet normal 0.0504632 -0.998622 -0.0143783
    outer loop
      vertex 20.5413 48.8148 45.8377
      vertex -25.3576 46.4954 45.8377
      vertex -24.6101 46.5646 43.655
    endloop
  endfacet
  facet normal 0.779326 -0.57517 0.248657
    outer loop
      vertex -25.3576 46.4954 45.8377
      vertex -51.7499 9.7916 43.655
      vertex -24.6101 46.5646 43.655
    endloop
  endfacet
  facet normal 0.812217 -0.583178 -0.0144061
    outer loop
      vertex -25.3576 46.4954 45.8377
      vertex -52.1618 9.16401 45.8377
      vertex -51.7499 9.7916 43.655
    endloop
  endfacet
  facet normal 0.935592 0.250692 0.248638
    outer loop
      vertex -51.7499 9.7916 43.655
      vertex -52.1618 9.16401 45.8377
      vertex -39.9209 -34.3547 43.655
    endloop
  endfacet
  facet normal 0.962355 0.271413 -0.0144172
    outer loop
      vertex -39.9209 -34.3547 43.655
      vertex -52.1618 9.16401 45.8377
      vertex -39.687 -35.0681 45.8377
    endloop
  endfacet
  facet normal 0.387332 0.887775 0.248656
    outer loop
      vertex 1.96932 -52.6312 43.655
      vertex -39.9209 -34.3547 43.655
      vertex -39.687 -35.0681 45.8377
    endloop
  endfacet
  facet normal 0.387821 0.921623 -0.0143741
    outer loop
      vertex 1.96932 -52.6312 43.655
      vertex -39.687 -35.0681 45.8377
      vertex 2.67284 -52.8932 45.8377
    endloop
  endfacet
  facet normal -0.452592 0.856344 0.248669
    outer loop
      vertex 42.3766 -31.2753 43.655
      vertex 1.96932 -52.6312 43.655
      vertex 2.67284 -52.8932 45.8377
    endloop
  endfacet
  facet normal -0.478753 0.877831 -0.0143985
    outer loop
      vertex 42.3766 -31.2753 43.655
      vertex 2.67284 -52.8932 45.8377
      vertex 43.02 -30.8886 45.8377
    endloop
  endfacet
  facet normal -0.951711 0.180073 0.248636
    outer loop
      vertex 50.8734 13.6315 43.655
      vertex 42.3766 -31.2753 43.655
      vertex 43.02 -30.8886 45.8377
    endloop
  endfacet
  facet normal -0.984814 0.173016 -0.0144127
    outer loop
      vertex 50.8734 13.6315 43.655
      vertex 43.02 -30.8886 45.8377
      vertex 50.9722 14.3757 45.8377
    endloop
  endfacet
  facet normal -0.725704 -0.641242 0.249324
    outer loop
      vertex 51.0603 15.1247 48.0205
      vertex 20.5413 48.8148 45.8377
      vertex 50.9722 14.3757 45.8377
    endloop
  endfacet
  facet normal -0.740552 -0.671828 -0.0151391
    outer loop
      vertex 51.0603 15.1247 48.0205
      vertex 20.0106 49.3506 48.0205
      vertex 20.5413 48.8148 45.8377
    endloop
  endfacet
  facet normal 0.048875 -0.967194 0.249295
    outer loop
      vertex 20.0106 49.3506 48.0205
      vertex -25.3576 46.4954 45.8377
      vertex 20.5413 48.8148 45.8377
    endloop
  endfacet
  facet normal 0.0635289 -0.997865 -0.015158
    outer loop
      vertex 20.0106 49.3506 48.0205
      vertex -26.1075 46.4145 48.0205
      vertex -25.3576 46.4954 45.8377
    endloop
  endfacet
  facet normal 0.78665 -0.56482 0.24932
    outer loop
      vertex -26.1075 46.4145 48.0205
      vertex -52.1618 9.16401 45.8377
      vertex -25.3576 46.4954 45.8377
    endloop
  endfacet
  facet normal 0.819772 -0.572489 -0.015153
    outer loop
      vertex -26.1075 46.4145 48.0205
      vertex -52.5661 8.5273 48.0205
      vertex -52.1618 9.16401 45.8377
    endloop
  endfacet
  facet normal 0.932063 0.26287 0.249315
    outer loop
      vertex -52.1618 9.16401 45.8377
      vertex -52.5661 8.5273 48.0205
      vertex -39.687 -35.0681 45.8377
    endloop
  endfacet
  facet normal 0.958709 0.283984 -0.0151523
    outer loop
      vertex -39.687 -35.0681 45.8377
      vertex -52.5661 8.5273 48.0205
      vertex -39.4413 -35.7811 48.0205
    endloop
  endfacet
  facet normal 0.375616 0.892619 0.249289
    outer loop
      vertex 2.67284 -52.8932 45.8377
      vertex -39.687 -35.0681 45.8377
      vertex -39.4413 -35.7811 48.0205
    endloop
  endfacet
  facet normal 0.375719 0.926609 -0.0151874
    outer loop
      vertex 2.67284 -52.8932 45.8377
      vertex -39.4413 -35.7811 48.0205
      vertex 3.38355 -53.1456 48.0205
    endloop
  endfacet
  facet normal -0.463687 0.850207 0.249285
    outer loop
      vertex 43.02 -30.8886 45.8377
      vertex 2.67284 -52.8932 45.8377
      vertex 3.38355 -53.1456 48.0205
    endloop
  endfacet
  facet normal -0.490195 0.871481 -0.0151427
    outer loop
      vertex 43.02 -30.8886 45.8377
      vertex 3.38355 -53.1456 48.0205
      vertex 43.6605 -30.4904 48.0205
    endloop
  endfacet
  facet normal -0.953816 0.16757 0.24931
    outer loop
      vertex 50.9722 14.3757 45.8377
      vertex 43.02 -30.8886 45.8377
      vertex 43.6605 -30.4904 48.0205
    endloop
  endfacet
  facet normal -0.986983 0.160111 -0.0151044
    outer loop
      vertex 50.9722 14.3757 45.8377
      vertex 43.6605 -30.4904 48.0205
      vertex 51.0603 15.1247 48.0205
    endloop
  endfacet
  facet normal -0.71712 -0.650571 0.249992
    outer loop
      vertex 51.1373 15.8786 50.2033
      vertex 20.0106 49.3506 48.0205
      vertex 51.0603 15.1247 48.0205
    endloop
  endfacet
  facet normal -0.731685 -0.681456 -0.0159236
    outer loop
      vertex 51.1373 15.8786 50.2033
      vertex 19.4692 49.8809 50.2033
      vertex 20.0106 49.3506 48.0205
    endloop
  endfacet
  facet normal 0.0615184 -0.966286 0.250013
    outer loop
      vertex 19.4692 49.8809 50.2033
      vertex -26.1075 46.4145 48.0205
      vertex 20.0106 49.3506 48.0205
    endloop
  endfacet
  facet normal 0.0765851 -0.996936 -0.0159046
    outer loop
      vertex 19.4692 49.8809 50.2033
      vertex -26.8596 46.3219 50.2033
      vertex -26.1075 46.4145 48.0205
    endloop
  endfacet
  facet normal 0.793831 -0.554374 0.250003
    outer loop
      vertex -26.8596 46.3219 50.2033
      vertex -52.5661 8.5273 48.0205
      vertex -26.1075 46.4145 48.0205
    endloop
  endfacet
  facet normal 0.827186 -0.561703 -0.0159103
    outer loop
      vertex -26.8596 46.3219 50.2033
      vertex -52.9626 7.88157 50.2033
      vertex -52.5661 8.5273 48.0205
    endloop
  endfacet
  facet normal 0.928376 0.274999 0.249989
    outer loop
      vertex -52.5661 8.5273 48.0205
      vertex -52.9626 7.88157 50.2033
      vertex -39.4413 -35.7811 48.0205
    endloop
  endfacet
  facet normal 0.9549 0.296504 -0.0158805
    outer loop
      vertex -39.4413 -35.7811 48.0205
      vertex -52.9626 7.88157 50.2033
      vertex -39.1837 -36.4938 50.2033
    endloop
  endfacet
  facet normal 0.363827 0.897281 0.250032
    outer loop
      vertex 3.38355 -53.1456 48.0205
      vertex -39.4413 -35.7811 48.0205
      vertex -39.1837 -36.4938 50.2033
    endloop
  endfacet
  facet normal 0.363552 0.931438 -0.0158989
    outer loop
      vertex 3.38355 -53.1456 48.0205
      vertex -39.1837 -36.4938 50.2033
      vertex 4.10133 -53.3885 50.2033
    endloop
  endfacet
  facet normal -0.474684 0.843904 0.250001
    outer loop
      vertex 43.6605 -30.4904 48.0205
      vertex 3.38355 -53.1456 48.0205
      vertex 4.10133 -53.3885 50.2033
    endloop
  endfacet
  facet normal -0.501554 0.864981 -0.0158704
    outer loop
      vertex 43.6605 -30.4904 48.0205
      vertex 4.10133 -53.3885 50.2033
      vertex 44.298 -30.0807 50.2033
    endloop
  endfacet
  facet normal -0.955744 0.155043 0.25003
    outer loop
      vertex 51.0603 15.1247 48.0205
      vertex 43.6605 -30.4904 48.0205
      vertex 44.298 -30.0807 50.2033
    endloop
  endfacet
  facet normal -0.988982 0.147173 -0.0159436
    outer loop
      vertex 51.0603 15.1247 48.0205
      vertex 44.298 -30.0807 50.2033
      vertex 51.1373 15.8786 50.2033
    endloop
  endfacet
  facet normal -0.708409 -0.659778 0.250699
    outer loop
      vertex 51.2034 16.637 52.386
      vertex 19.4692 49.8809 50.2033
      vertex 51.1373 15.8786 50.2033
    endloop
  endfacet
  facet normal -0.722695 -0.690967 -0.0166301
    outer loop
      vertex 51.2034 16.637 52.386
      vertex 18.9175 50.4054 52.386
      vertex 19.4692 49.8809 50.2033
    endloop
  endfacet
  facet normal 0.074149 -0.965225 0.250684
    outer loop
      vertex 18.9175 50.4054 52.386
      vertex -26.8596 46.3219 50.2033
      vertex 19.4692 49.8809 50.2033
    endloop
  endfacet
  facet normal 0.0896272 -0.995836 -0.0166662
    outer loop
      vertex 18.9175 50.4054 52.386
      vertex -27.6137 46.2175 52.386
      vertex -26.8596 46.3219 50.2033
    endloop
  endfacet
  facet normal 0.800875 -0.543836 0.250682
    outer loop
      vertex -27.6137 46.2175 52.386
      vertex -52.9626 7.88157 50.2033
      vertex -26.8596 46.3219 50.2033
    endloop
  endfacet
  facet normal 0.834457 -0.550821 -0.0166448
    outer loop
      vertex -27.6137 46.2175 52.386
      vertex -53.3512 7.22691 52.386
      vertex -52.9626 7.88157 50.2033
    endloop
  endfacet
  facet normal 0.924521 0.287071 0.2507
    outer loop
      vertex -52.9626 7.88157 50.2033
      vertex -53.3512 7.22691 52.386
      vertex -39.1837 -36.4938 50.2033
    endloop
  endfacet
  facet normal 0.950924 0.308975 -0.0166809
    outer loop
      vertex -39.1837 -36.4938 50.2033
      vertex -53.3512 7.22691 52.386
      vertex -38.9141 -37.2057 52.386
    endloop
  endfacet
  facet normal 0.351991 0.901817 0.250656
    outer loop
      vertex 4.10133 -53.3885 50.2033
      vertex -39.1837 -36.4938 50.2033
      vertex -38.9141 -37.2057 52.386
    endloop
  endfacet
  facet normal 0.351327 0.936105 -0.0166356
    outer loop
      vertex 4.10133 -53.3885 50.2033
      vertex -38.9141 -37.2057 52.386
      vertex 4.82604 -53.6217 52.386
    endloop
  endfacet
  facet normal -0.485597 0.837462 0.250705
    outer loop
      vertex 44.298 -30.0807 50.2033
      vertex 4.10133 -53.3885 50.2033
      vertex 4.82604 -53.6217 52.386
    endloop
  endfacet
  facet normal -0.512829 0.858329 -0.01669
    outer loop
      vertex 44.298 -30.0807 50.2033
      vertex 4.82604 -53.6217 52.386
      vertex 44.9321 -29.6594 52.386
    endloop
  endfacet
  facet normal -0.957528 0.142492 0.25067
    outer loop
      vertex 51.1373 15.8786 50.2033
      vertex 44.298 -30.0807 50.2033
      vertex 44.9321 -29.6594 52.386
    endloop
  endfacet
  facet normal -0.990813 0.134215 -0.016629
    outer loop
      vertex 51.1373 15.8786 50.2033
      vertex 44.9321 -29.6594 52.386
      vertex 51.2034 16.637 52.386
    endloop
  endfacet
  facet normal -0.699585 -0.668871 0.251381
    outer loop
      vertex 51.2583 17.3999 54.5687
      vertex 18.9175 50.4054 52.386
      vertex 51.2034 16.637 52.386
    endloop
  endfacet
  facet normal -0.713579 -0.700359 -0.0173951
    outer loop
      vertex 51.2583 17.3999 54.5687
      vertex 18.3553 50.924 54.5687
      vertex 18.9175 50.4054 52.386
    endloop
  endfacet
  facet normal 0.086761 -0.96399 0.251387
    outer loop
      vertex 18.3553 50.924 54.5687
      vertex -27.6137 46.2175 52.386
      vertex 18.9175 50.4054 52.386
    endloop
  endfacet
  facet normal 0.102654 -0.994565 -0.017397
    outer loop
      vertex 18.3553 50.924 54.5687
      vertex -28.3696 46.1013 54.5687
      vertex -27.6137 46.2175 52.386
    endloop
  endfacet
  facet normal 0.807778 -0.53321 0.251359
    outer loop
      vertex -28.3696 46.1013 54.5687
      vertex -53.3512 7.22691 52.386
      vertex -27.6137 46.2175 52.386
    endloop
  endfacet
  facet normal 0.841584 -0.539846 -0.017391
    outer loop
      vertex -28.3696 46.1013 54.5687
      vertex -53.7317 6.56342 54.5687
      vertex -53.3512 7.22691 52.386
    endloop
  endfacet
  facet normal 0.920515 0.299095 0.251387
    outer loop
      vertex -53.3512 7.22691 52.386
      vertex -53.7317 6.56342 54.5687
      vertex -38.9141 -37.2057 52.386
    endloop
  endfacet
  facet normal 0.946787 0.321392 -0.017385
    outer loop
      vertex -38.9141 -37.2057 52.386
      vertex -53.7317 6.56342 54.5687
      vertex -38.6326 -37.9169 54.5687
    endloop
  endfacet
  facet normal 0.340091 0.906166 0.251399
    outer loop
      vertex 4.82604 -53.6217 52.386
      vertex -38.9141 -37.2057 52.386
      vertex -38.6326 -37.9169 54.5687
    endloop
  endfacet
  facet normal 0.339038 0.940612 -0.0173965
    outer loop
      vertex 4.82604 -53.6217 52.386
      vertex -38.6326 -37.9169 54.5687
      vertex 5.55755 -53.845 54.5687
    endloop
  endfacet
  facet normal -0.49643 0.830883 0.251377
    outer loop
      vertex 44.9321 -29.6594 52.386
      vertex 4.82604 -53.6217 52.386
      vertex 5.55755 -53.845 54.5687
    endloop
  endfacet
  facet normal -0.524013 0.851532 -0.0173926
    outer loop
      vertex 44.9321 -29.6594 52.386
      vertex 5.55755 -53.845 54.5687
      vertex 45.5628 -29.2267 54.5687
    endloop
  endfacet
  facet normal -0.959127 0.129923 0.251388
    outer loop
      vertex 51.2034 16.637 52.386
      vertex 44.9321 -29.6594 52.386
      vertex 45.5628 -29.2267 54.5687
    endloop
  endfacet
  facet normal -0.992472 0.121232 -0.0174101
    outer loop
      vertex 51.2034 16.637 52.386
      vertex 45.5628 -29.2267 54.5687
      vertex 51.2583 17.3999 54.5687
    endloop
  endfacet
  facet normal -0.690646 -0.677851 0.252044
    outer loop
      vertex 51.302 18.167 56.7515
      vertex 18.3553 50.924 54.5687
      vertex 51.2583 17.3999 54.5687
    endloop
  endfacet
  facet normal -0.70434 -0.70963 -0.0181832
    outer loop
      vertex 51.302 18.167 56.7515
      vertex 17.7827 51.4364 56.7515
      vertex 18.3553 50.924 54.5687
    endloop
  endfacet
  facet normal 0.0993551 -0.962606 0.252029
    outer loop
      vertex 17.7827 51.4364 56.7515
      vertex -28.3696 46.1013 54.5687
      vertex 18.3553 50.924 54.5687
    endloop
  endfacet
  facet normal 0.11566 -0.993123 -0.0181341
    outer loop
      vertex 17.7827 51.4364 56.7515
      vertex -29.1273 45.9732 56.7515
      vertex -28.3696 46.1013 54.5687
    endloop
  endfacet
  facet normal 0.81453 -0.522491 0.252079
    outer loop
      vertex -29.1273 45.9732 56.7515
      vertex -53.7317 6.56342 54.5687
      vertex -28.3696 46.1013 54.5687
    endloop
  endfacet
  facet normal 0.848569 -0.528773 -0.018185
    outer loop
      vertex -29.1273 45.9732 56.7515
      vertex -54.1038 5.89121 56.7515
      vertex -53.7317 6.56342 54.5687
    endloop
  endfacet
  facet normal 0.916368 0.311066 0.252008
    outer loop
      vertex -53.7317 6.56342 54.5687
      vertex -54.1038 5.89121 56.7515
      vertex -38.6326 -37.9169 54.5687
    endloop
  endfacet
  facet normal 0.942486 0.333751 -0.0181523
    outer loop
      vertex -38.6326 -37.9169 54.5687
      vertex -54.1038 5.89121 56.7515
      vertex -38.3391 -38.627 56.7515
    endloop
  endfacet
  facet normal 0.328143 0.910383 0.25204
    outer loop
      vertex 5.55755 -53.845 54.5687
      vertex -38.6326 -37.9169 54.5687
      vertex -38.3391 -38.627 56.7515
    endloop
  endfacet
  facet normal 0.326693 0.944956 -0.018143
    outer loop
      vertex 5.55755 -53.845 54.5687
      vertex -38.3391 -38.627 56.7515
      vertex 6.29574 -54.0583 56.7515
    endloop
  endfacet
  facet normal -0.507171 0.824164 0.252054
    outer loop
      vertex 45.5628 -29.2267 54.5687
      vertex 5.55755 -53.845 54.5687
      vertex 6.29574 -54.0583 56.7515
    endloop
  endfacet
  facet normal -0.535107 0.84459 -0.0181281
    outer loop
      vertex 45.5628 -29.2267 54.5687
      vertex 6.29574 -54.0583 56.7515
      vertex 46.1898 -28.7826 56.7515
    endloop
  endfacet
  facet normal -0.960575 0.117335 0.252049
    outer loop
      vertex 51.2583 17.3999 54.5687
      vertex 45.5628 -29.2267 54.5687
      vertex 46.1898 -28.7826 56.7515
    endloop
  endfacet
  facet normal -0.993961 0.108229 -0.0181357
    outer loop
      vertex 51.2583 17.3999 54.5687
      vertex 46.1898 -28.7826 56.7515
      vertex 51.302 18.167 56.7515
    endloop
  endfacet
  facet normal -0.68159 -0.686709 0.252717
    outer loop
      vertex 51.3343 18.9382 58.9342
      vertex 17.7827 51.4364 56.7515
      vertex 51.302 18.167 56.7515
    endloop
  endfacet
  facet normal -0.694983 -0.718778 -0.0188715
    outer loop
      vertex 51.3343 18.9382 58.9342
      vertex 17.1999 51.9426 58.9342
      vertex 17.7827 51.4364 56.7515
    endloop
  endfacet
  facet normal 0.111923 -0.961033 0.252762
    outer loop
      vertex 17.1999 51.9426 58.9342
      vertex -29.1273 45.9732 56.7515
      vertex 17.7827 51.4364 56.7515
    endloop
  endfacet
  facet normal 0.12865 -0.99151 -0.0188998
    outer loop
      vertex 17.1999 51.9426 58.9342
      vertex -29.8864 45.8331 58.9342
      vertex -29.1273 45.9732 56.7515
    endloop
  endfacet
  facet normal 0.821155 -0.511691 0.252738
    outer loop
      vertex -29.8864 45.8331 58.9342
      vertex -54.1038 5.89121 56.7515
      vertex -29.1273 45.9732 56.7515
    endloop
  endfacet
  facet normal 0.855406 -0.517614 -0.0188829
    outer loop
      vertex -29.8864 45.8331 58.9342
      vertex -54.4676 5.21037 58.9342
      vertex -54.1038 5.89121 56.7515
    endloop
  endfacet
  facet normal 0.912034 0.322968 0.252755
    outer loop
      vertex -54.1038 5.89121 56.7515
      vertex -54.4676 5.21037 58.9342
      vertex -38.3391 -38.627 56.7515
    endloop
  endfacet
  facet normal 0.938024 0.346055 -0.0188975
    outer loop
      vertex -38.3391 -38.627 56.7515
      vertex -54.4676 5.21037 58.9342
      vertex -38.0336 -39.3359 58.9342
    endloop
  endfacet
  facet normal 0.316139 0.914428 0.252741
    outer loop
      vertex 6.29574 -54.0583 56.7515
      vertex -38.3391 -38.627 56.7515
      vertex -38.0336 -39.3359 58.9342
    endloop
  endfacet
  facet normal 0.314291 0.949138 -0.0189149
    outer loop
      vertex 6.29574 -54.0583 56.7515
      vertex -38.0336 -39.3359 58.9342
      vertex 7.04045 -54.2614 58.9342
    endloop
  endfacet
  facet normal -0.517822 0.817307 0.252725
    outer loop
      vertex 46.1898 -28.7826 56.7515
      vertex 6.29574 -54.0583 56.7515
      vertex 7.04045 -54.2614 58.9342
    endloop
  endfacet
  facet normal -0.546109 0.837501 -0.0189147
    outer loop
      vertex 46.1898 -28.7826 56.7515
      vertex 7.04045 -54.2614 58.9342
      vertex 46.8129 -28.327 58.9342
    endloop
  endfacet
  facet normal -0.961854 0.104733 0.252721
    outer loop
      vertex 51.302 18.167 56.7515
      vertex 46.1898 -28.7826 56.7515
      vertex 46.8129 -28.327 58.9342
    endloop
  endfacet
  facet normal -0.995278 0.0952085 -0.0189111
    outer loop
      vertex 51.302 18.167 56.7515
      vertex 46.8129 -28.327 58.9342
      vertex 51.3343 18.9382 58.9342
    endloop
  endfacet
  facet normal -0.672417 -0.695439 0.253417
    outer loop
      vertex 51.3552 19.7134 61.117
      vertex 17.1999 51.9426 58.9342
      vertex 51.3343 18.9382 58.9342
    endloop
  endfacet
  facet normal -0.685505 -0.727803 -0.0196508
    outer loop
      vertex 51.3552 19.7134 61.117
      vertex 16.6069 52.4422 61.117
      vertex 17.1999 51.9426 58.9342
    endloop
  endfacet
  facet normal 0.124473 -0.959324 0.253386
    outer loop
      vertex 16.6069 52.4422 61.117
      vertex -29.8864 45.8331 58.9342
      vertex 17.1999 51.9426 58.9342
    endloop
  endfacet
  facet normal 0.141613 -0.989727 -0.019633
    outer loop
      vertex 16.6069 52.4422 61.117
      vertex -30.6468 45.681 61.117
      vertex -29.8864 45.8331 58.9342
    endloop
  endfacet
  facet normal 0.827631 -0.500807 0.253416
    outer loop
      vertex -30.6468 45.681 61.117
      vertex -54.4676 5.21037 58.9342
      vertex -29.8864 45.8331 58.9342
    endloop
  endfacet
  facet normal 0.862095 -0.506364 -0.0196706
    outer loop
      vertex -30.6468 45.681 61.117
      vertex -54.8227 4.52101 61.117
      vertex -54.4676 5.21037 58.9342
    endloop
  endfacet
  facet normal 0.907573 0.334822 0.253387
    outer loop
      vertex -54.4676 5.21037 58.9342
      vertex -54.8227 4.52101 61.117
      vertex -38.0336 -39.3359 58.9342
    endloop
  endfacet
  facet normal 0.9334 0.358298 -0.0196512
    outer loop
      vertex -38.0336 -39.3359 58.9342
      vertex -54.8227 4.52101 61.117
      vertex -37.7161 -40.0433 61.117
    endloop
  endfacet
  facet normal 0.304089 0.918329 0.25338
    outer loop
      vertex 7.04045 -54.2614 58.9342
      vertex -38.0336 -39.3359 58.9342
      vertex -37.7161 -40.0433 61.117
    endloop
  endfacet
  facet normal 0.301836 0.953157 -0.0196722
    outer loop
      vertex 7.04045 -54.2614 58.9342
      vertex -37.7161 -40.0433 61.117
      vertex 7.79155 -54.4542 61.117
    endloop
  endfacet
  facet normal -0.528381 0.810314 0.253388
    outer loop
      vertex 46.8129 -28.327 58.9342
      vertex 7.04045 -54.2614 58.9342
      vertex 7.79155 -54.4542 61.117
    endloop
  endfacet
  facet normal -0.557016 0.83027 -0.0196479
    outer loop
      vertex 46.8129 -28.327 58.9342
      vertex 7.79155 -54.4542 61.117
      vertex 47.432 -27.86 61.117
    endloop
  endfacet
  facet normal -0.962962 0.0921172 0.253414
    outer loop
      vertex 51.3343 18.9382 58.9342
      vertex 46.8129 -28.327 58.9342
      vertex 47.432 -27.86 61.117
    endloop
  endfacet
  facet normal -0.996425 0.0821714 -0.0196417
    outer loop
      vertex 51.3343 18.9382 58.9342
      vertex 47.432 -27.86 61.117
      vertex 51.3552 19.7134 61.117
    endloop
  endfacet
  facet normal -0.663135 -0.704053 0.254089
    outer loop
      vertex 51.3645 20.4924 63.2998
      vertex 16.6069 52.4422 61.117
      vertex 51.3552 19.7134 61.117
    endloop
  endfacet
  facet normal -0.675909 -0.736703 -0.0203931
    outer loop
      vertex 51.3645 20.4924 63.2998
      vertex 16.0037 52.9352 63.2998
      vertex 16.6069 52.4422 61.117
    endloop
  endfacet
  facet normal 0.136992 -0.957428 0.254098
    outer loop
      vertex 16.0037 52.9352 63.2998
      vertex -30.6468 45.681 61.117
      vertex 16.6069 52.4422 61.117
    endloop
  endfacet
  facet normal 0.154556 -0.987773 -0.0204311
    outer loop
      vertex 16.0037 52.9352 63.2998
      vertex -31.4083 45.5167 63.2998
      vertex -30.6468 45.681 61.117
    endloop
  endfacet
  facet normal 0.833968 -0.489843 0.254071
    outer loop
      vertex -31.4083 45.5167 63.2998
      vertex -54.8227 4.52101 61.117
      vertex -30.6468 45.681 61.117
    endloop
  endfacet
  facet normal 0.868637 -0.49503 -0.0203941
    outer loop
      vertex -31.4083 45.5167 63.2998
      vertex -55.1691 3.82325 63.2998
      vertex -54.8227 4.52101 61.117
    endloop
  endfacet
  facet normal 0.902941 0.346606 0.25409
    outer loop
      vertex -54.8227 4.52101 61.117
      vertex -55.1691 3.82325 63.2998
      vertex -37.7161 -40.0433 61.117
    endloop
  endfacet
  facet normal 0.928616 0.37048 -0.0204095
    outer loop
      vertex -37.7161 -40.0433 61.117
      vertex -55.1691 3.82325 63.2998
      vertex -37.3865 -40.7492 63.2998
    endloop
  endfacet
  facet normal 0.291986 0.922052 0.254095
    outer loop
      vertex 7.79155 -54.4542 61.117
      vertex -37.7161 -40.0433 61.117
      vertex -37.3865 -40.7492 63.2998
    endloop
  endfacet
  facet normal 0.28933 0.957012 -0.0203728
    outer loop
      vertex 7.79155 -54.4542 61.117
      vertex -37.3865 -40.7492 63.2998
      vertex 8.5489 -54.6367 63.2998
    endloop
  endfacet
  facet normal -0.538836 0.803172 0.254108
    outer loop
      vertex 47.432 -27.86 61.117
      vertex 7.79155 -54.4542 61.117
      vertex 8.5489 -54.6367 63.2998
    endloop
  endfacet
  facet normal -0.567829 0.822893 -0.0204192
    outer loop
      vertex 47.432 -27.86 61.117
      vertex 8.5489 -54.6367 63.2998
      vertex 48.0468 -27.3816 63.2998
    endloop
  endfacet
  facet normal -0.963914 0.0794903 0.254071
    outer loop
      vertex 51.3552 19.7134 61.117
      vertex 47.432 -27.86 61.117
      vertex 48.0468 -27.3816 63.2998
    endloop
  endfacet
  facet normal -0.997399 0.0691204 -0.0204183
    outer loop
      vertex 51.3552 19.7134 61.117
      vertex 48.0468 -27.3816 63.2998
      vertex 51.3645 20.4924 63.2998
    endloop
  endfacet
  facet normal -0.653743 -0.712543 0.254758
    outer loop
      vertex 51.3622 21.2749 65.4825
      vertex 16.0037 52.9352 63.2998
      vertex 51.3645 20.4924 63.2998
    endloop
  endfacet
  facet normal -0.666198 -0.745475 -0.0211682
    outer loop
      vertex 51.3622 21.2749 65.4825
      vertex 15.3904 53.4213 65.4825
      vertex 16.0037 52.9352 63.2998
    endloop
  endfacet
  facet normal 0.149487 -0.955377 0.254771
    outer loop
      vertex 15.3904 53.4213 65.4825
      vertex -31.4083 45.5167 63.2998
      vertex 16.0037 52.9352 63.2998
    endloop
  endfacet
  facet normal 0.16747 -0.98565 -0.0211618
    outer loop
      vertex 15.3904 53.4213 65.4825
      vertex -32.1707 45.3403 65.4825
      vertex -31.4083 45.5167 63.2998
    endloop
  endfacet
  facet normal 0.840149 -0.478795 0.254763
    outer loop
      vertex -32.1707 45.3403 65.4825
      vertex -55.1691 3.82325 63.2998
      vertex -31.4083 45.5167 63.2998
    endloop
  endfacet
  facet normal 0.875028 -0.483611 -0.0211395
    outer loop
      vertex -32.1707 45.3403 65.4825
      vertex -55.5066 3.11718 65.4825
      vertex -55.1691 3.82325 63.2998
    endloop
  endfacet
  facet normal 0.898155 0.358328 0.254791
    outer loop
      vertex -55.1691 3.82325 63.2998
      vertex -55.5066 3.11718 65.4825
      vertex -37.3865 -40.7492 63.2998
    endloop
  endfacet
  facet normal 0.923673 0.382598 -0.0211387
    outer loop
      vertex -37.3865 -40.7492 63.2998
      vertex -55.5066 3.11718 65.4825
      vertex -37.0449 -41.4533 65.4825
    endloop
  endfacet
  facet normal 0.279839 0.925619 0.254792
    outer loop
      vertex 8.5489 -54.6367 63.2998
      vertex -37.3865 -40.7492 63.2998
      vertex -37.0449 -41.4533 65.4825
    endloop
  endfacet
  facet normal 0.276774 0.960702 -0.0211473
    outer loop
      vertex 8.5489 -54.6367 63.2998
      vertex -37.0449 -41.4533 65.4825
      vertex 9.31235 -54.8086 65.4825
    endloop
  endfacet
  facet normal -0.549205 0.795903 0.254779
    outer loop
      vertex 48.0468 -27.3816 63.2998
      vertex 8.5489 -54.6367 63.2998
      vertex 9.31235 -54.8086 65.4825
    endloop
  endfacet
  facet normal -0.578542 0.815378 -0.0211428
    outer loop
      vertex 48.0468 -27.3816 63.2998
      vertex 9.31235 -54.8086 65.4825
      vertex 48.6572 -26.8919 65.4825
    endloop
  endfacet
  facet normal -0.964686 0.0668534 0.254779
    outer loop
      vertex 51.3645 20.4924 63.2998
      vertex 48.0468 -27.3816 63.2998
      vertex 48.6572 -26.8919 65.4825
    endloop
  endfacet
  facet normal -0.998203 0.0560581 -0.0211487
    outer loop
      vertex 51.3645 20.4924 63.2998
      vertex 48.6572 -26.8919 65.4825
      vertex 51.3622 21.2749 65.4825
    endloop
  endfacet
  facet normal -0.644238 -0.720902 0.255456
    outer loop
      vertex 51.3482 22.0609 67.6653
      vertex 15.3904 53.4213 65.4825
      vertex 51.3622 21.2749 65.4825
    endloop
  endfacet
  facet normal -0.656372 -0.75412 -0.0219066
    outer loop
      vertex 51.3482 22.0609 67.6653
      vertex 14.7671 53.9004 67.6653
      vertex 15.3904 53.4213 65.4825
    endloop
  endfacet
  facet normal 0.161949 -0.953161 0.255453
    outer loop
      vertex 14.7671 53.9004 67.6653
      vertex -32.1707 45.3403 65.4825
      vertex 15.3904 53.4213 65.4825
    endloop
  endfacet
  facet normal 0.180355 -0.983357 -0.0219133
    outer loop
      vertex 14.7671 53.9004 67.6653
      vertex -32.9338 45.1517 67.6653
      vertex -32.1707 45.3403 65.4825
    endloop
  endfacet
  facet normal 0.846193 -0.467674 0.255418
    outer loop
      vertex -32.9338 45.1517 67.6653
      vertex -55.5066 3.11718 65.4825
      vertex -32.1707 45.3403 65.4825
    endloop
  endfacet
  facet normal 0.881268 -0.472109 -0.0218944
    outer loop
      vertex -32.9338 45.1517 67.6653
      vertex -55.835 2.40294 67.6653
      vertex -55.5066 3.11718 65.4825
    endloop
  endfacet
  facet normal 0.893227 0.369987 0.25545
    outer loop
      vertex -55.5066 3.11718 65.4825
      vertex -55.835 2.40294 67.6653
      vertex -37.0449 -41.4533 65.4825
    endloop
  endfacet
  facet normal 0.91857 0.39465 -0.0219231
    outer loop
      vertex -37.0449 -41.4533 65.4825
      vertex -55.835 2.40294 67.6653
      vertex -36.6912 -42.1553 67.6653
    endloop
  endfacet
  facet normal 0.267653 0.929045 0.255415
    outer loop
      vertex 9.31235 -54.8086 65.4825
      vertex -37.0449 -41.4533 65.4825
      vertex -36.6912 -42.1553 67.6653
    endloop
  endfacet
  facet normal 0.264171 0.964227 -0.0219137
    outer loop
      vertex 9.31235 -54.8086 65.4825
      vertex -36.6912 -42.1553 67.6653
      vertex 10.0818 -54.9698 67.6653
    endloop
  endfacet
  facet normal -0.559473 0.788502 0.255449
    outer loop
      vertex 48.6572 -26.8919 65.4825
      vertex 9.31235 -54.8086 65.4825
      vertex 10.0818 -54.9698 67.6653
    endloop
  endfacet
  facet normal -0.589156 0.807723 -0.0218795
    outer loop
      vertex 48.6572 -26.8919 65.4825
      vertex 10.0818 -54.9698 67.6653
      vertex 49.263 -26.3909 67.6653
    endloop
  endfacet
  facet normal -0.965299 0.0542102 0.25546
    outer loop
      vertex 51.3622 21.2749 65.4825
      vertex 48.6572 -26.8919 65.4825
      vertex 49.263 -26.3909 67.6653
    endloop
  endfacet
  facet normal -0.998836 0.0429865 -0.0218852
    outer loop
      vertex 51.3622 21.2749 65.4825
      vertex 49.263 -26.3909 67.6653
      vertex 51.3482 22.0609 67.6653
    endloop
  endfacet
  facet normal -0.634628 -0.729137 0.256138
    outer loop
      vertex 51.3223 22.8502 69.848
      vertex 14.7671 53.9004 67.6653
      vertex 51.3482 22.0609 67.6653
    endloop
  endfacet
  facet normal -0.646433 -0.762634 -0.0226536
    outer loop
      vertex 51.3223 22.8502 69.848
      vertex 14.134 54.3722 69.848
      vertex 14.7671 53.9004 67.6653
    endloop
  endfacet
  facet normal 0.174382 -0.950792 0.256098
    outer loop
      vertex 14.134 54.3722 69.848
      vertex -32.9338 45.1517 67.6653
      vertex 14.7671 53.9004 67.6653
    endloop
  endfacet
  facet normal 0.193206 -0.980897 -0.0226384
    outer loop
      vertex 14.134 54.3722 69.848
      vertex -33.6975 44.9509 69.848
      vertex -32.9338 45.1517 67.6653
    endloop
  endfacet
  facet normal 0.852074 -0.45647 0.256137
    outer loop
      vertex -33.6975 44.9509 69.848
      vertex -55.835 2.40294 67.6653
      vertex -32.9338 45.1517 67.6653
    endloop
  endfacet
  facet normal 0.887357 -0.460525 -0.0226719
    outer loop
      vertex -33.6975 44.9509 69.848
      vertex -56.1541 1.68063 69.848
      vertex -55.835 2.40294 67.6653
    endloop
  endfacet
  facet normal 0.888145 0.381579 0.256116
    outer loop
      vertex -55.835 2.40294 67.6653
      vertex -56.1541 1.68063 69.848
      vertex -36.6912 -42.1553 67.6653
    endloop
  endfacet
  facet normal 0.913312 0.406632 -0.0226309
    outer loop
      vertex -36.6912 -42.1553 67.6653
      vertex -56.1541 1.68063 69.848
      vertex -36.3255 -42.8552 69.848
    endloop
  endfacet
  facet normal 0.255419 0.932281 0.256149
    outer loop
      vertex 10.0818 -54.9698 67.6653
      vertex -36.6912 -42.1553 67.6653
      vertex -36.3255 -42.8552 69.848
    endloop
  endfacet
  facet normal 0.251522 0.967586 -0.0226577
    outer loop
      vertex 10.0818 -54.9698 67.6653
      vertex -36.3255 -42.8552 69.848
      vertex 10.857 -55.1202 69.848
    endloop
  endfacet
  facet normal -0.56964 0.780967 0.256124
    outer loop
      vertex 49.263 -26.3909 67.6653
      vertex 10.0818 -54.9698 67.6653
      vertex 10.857 -55.1202 69.848
    endloop
  endfacet
  facet normal -0.599669 0.799927 -0.0226974
    outer loop
      vertex 49.263 -26.3909 67.6653
      vertex 10.857 -55.1202 69.848
      vertex 49.8639 -25.8785 69.848
    endloop
  endfacet
  facet normal -0.965752 0.0415627 0.256116
    outer loop
      vertex 51.3482 22.0609 67.6653
      vertex 49.263 -26.3909 67.6653
      vertex 49.8639 -25.8785 69.848
    endloop
  endfacet
  facet normal -0.999295 0.0299079 -0.0226729
    outer loop
      vertex 51.3482 22.0609 67.6653
      vertex 49.8639 -25.8785 69.848
      vertex 51.3223 22.8502 69.848
    endloop
  endfacet
  facet normal -0.624916 -0.73725 0.256793
    outer loop
      vertex 51.2845 23.6425 72.0307
      vertex 14.134 54.3722 69.848
      vertex 51.3223 22.8502 69.848
    endloop
  endfacet
  facet normal -0.636384 -0.771017 -0.0234212
    outer loop
      vertex 51.2845 23.6425 72.0307
      vertex 13.4909 54.8367 72.0307
      vertex 14.134 54.3722 69.848
    endloop
  endfacet
  facet normal 0.186773 -0.948239 0.256824
    outer loop
      vertex 13.4909 54.8367 72.0307
      vertex -33.6975 44.9509 69.848
      vertex 14.134 54.3722 69.848
    endloop
  endfacet
  facet normal 0.206025 -0.978267 -0.0233861
    outer loop
      vertex 13.4909 54.8367 72.0307
      vertex -34.4616 44.7378 72.0307
      vertex -33.6975 44.9509 69.848
    endloop
  endfacet
  facet normal 0.857813 -0.445191 0.256831
    outer loop
      vertex -34.4616 44.7378 72.0307
      vertex -56.1541 1.68063 69.848
      vertex -33.6975 44.9509 69.848
    endloop
  endfacet
  facet normal 0.893295 -0.448861 -0.023425
    outer loop
      vertex -34.4616 44.7378 72.0307
      vertex -56.4638 0.950374 72.0307
      vertex -56.1541 1.68063 69.848
    endloop
  endfacet
  facet normal 0.882912 0.393097 0.256792
    outer loop
      vertex -56.1541 1.68063 69.848
      vertex -56.4638 0.950374 72.0307
      vertex -36.3255 -42.8552 69.848
    endloop
  endfacet
  facet normal 0.907895 0.418543 -0.0233971
    outer loop
      vertex -36.3255 -42.8552 69.848
      vertex -56.4638 0.950374 72.0307
      vertex -35.9477 -43.5527 72.0307
    endloop
  endfacet
  facet normal 0.243148 0.935373 0.25682
    outer loop
      vertex 10.857 -55.1202 69.848
      vertex -36.3255 -42.8552 69.848
      vertex -35.9477 -43.5527 72.0307
    endloop
  endfacet
  facet normal 0.238831 0.970779 -0.0233912
    outer loop
      vertex 10.857 -55.1202 69.848
      vertex -35.9477 -43.5527 72.0307
      vertex 11.6378 -55.2597 72.0307
    endloop
  endfacet
  facet normal -0.579708 0.7733 0.256797
    outer loop
      vertex 49.8639 -25.8785 69.848
      vertex 10.857 -55.1202 69.848
      vertex 11.6378 -55.2597 72.0307
    endloop
  endfacet
  facet normal -0.610077 0.791996 -0.0233954
    outer loop
      vertex 49.8639 -25.8785 69.848
      vertex 11.6378 -55.2597 72.0307
      vertex 50.4598 -25.355 72.0307
    endloop
  endfacet
  facet normal -0.966031 0.0289123 0.256802
    outer loop
      vertex 51.3223 22.8502 69.848
      vertex 49.8639 -25.8785 69.848
      vertex 50.4598 -25.355 72.0307
    endloop
  endfacet
  facet normal -0.999584 0.0168245 -0.0234179
    outer loop
      vertex 51.3223 22.8502 69.848
      vertex 50.4598 -25.355 72.0307
      vertex 51.2845 23.6425 72.0307
    endloop
  endfacet
  facet normal -0.6151 -0.74523 0.257456
    outer loop
      vertex 51.2347 24.4377 74.2135
      vertex 13.4909 54.8367 72.0307
      vertex 51.2845 23.6425 72.0307
    endloop
  endfacet
  facet normal -0.626228 -0.779266 -0.0241397
    outer loop
      vertex 51.2347 24.4377 74.2135
      vertex 12.8382 55.2936 74.2135
      vertex 13.4909 54.8367 72.0307
    endloop
  endfacet
  facet normal 0.199134 -0.945546 0.257465
    outer loop
      vertex 12.8382 55.2936 74.2135
      vertex -34.4616 44.7378 72.0307
      vertex 13.4909 54.8367 72.0307
    endloop
  endfacet
  facet normal 0.218809 -0.975468 -0.0241683
    outer loop
      vertex 12.8382 55.2936 74.2135
      vertex -35.2258 44.5123 74.2135
      vertex -34.4616 44.7378 72.0307
    endloop
  endfacet
  facet normal 0.863417 -0.433848 0.257463
    outer loop
      vertex -35.2258 44.5123 74.2135
      vertex -56.4638 0.950374 72.0307
      vertex -34.4616 44.7378 72.0307
    endloop
  endfacet
  facet normal 0.899078 -0.437122 -0.0241555
    outer loop
      vertex -35.2258 44.5123 74.2135
      vertex -56.764 0.212297 74.2135
      vertex -56.4638 0.950374 72.0307
    endloop
  endfacet
  facet normal 0.877526 0.404543 0.257475
    outer loop
      vertex -56.4638 0.950374 72.0307
      vertex -56.764 0.212297 74.2135
      vertex -35.9477 -43.5527 72.0307
    endloop
  endfacet
  facet normal 0.902322 0.430384 -0.0241624
    outer loop
      vertex -35.9477 -43.5527 72.0307
      vertex -56.764 0.212297 74.2135
      vertex -35.5578 -44.2476 74.2135
    endloop
  endfacet
  facet normal 0.230842 0.938305 0.257478
    outer loop
      vertex 11.6378 -55.2597 72.0307
      vertex -35.9477 -43.5527 72.0307
      vertex -35.5578 -44.2476 74.2135
    endloop
  endfacet
  facet normal 0.226099 0.973804 -0.0241742
    outer loop
      vertex 11.6378 -55.2597 72.0307
      vertex -35.5578 -44.2476 74.2135
      vertex 12.4242 -55.3881 74.2135
    endloop
  endfacet
  facet normal -0.58967 0.765505 0.257471
    outer loop
      vertex 50.4598 -25.355 72.0307
      vertex 11.6378 -55.2597 72.0307
      vertex 12.4242 -55.3881 74.2135
    endloop
  endfacet
  facet normal -0.62038 0.783929 -0.0241471
    outer loop
      vertex 50.4598 -25.355 72.0307
      vertex 12.4242 -55.3881 74.2135
      vertex 51.0505 -24.8203 74.2135
    endloop
  endfacet
  facet normal -0.966149 0.0162617 0.257472
    outer loop
      vertex 51.2845 23.6425 72.0307
      vertex 50.4598 -25.355 72.0307
      vertex 51.0505 -24.8203 74.2135
    endloop
  endfacet
  facet normal -0.999701 0.00373838 -0.0241698
    outer loop
      vertex 51.2845 23.6425 72.0307
      vertex 51.0505 -24.8203 74.2135
      vertex 51.2347 24.4377 74.2135
    endloop
  endfacet
  facet normal -0.605172 -0.753065 0.258188
    outer loop
      vertex 51.1729 25.2357 76.3962
      vertex 12.8382 55.2936 74.2135
      vertex 51.2347 24.4377 74.2135
    endloop
  endfacet
  facet normal -0.615961 -0.787383 -0.024915
    outer loop
      vertex 51.1729 25.2357 76.3962
      vertex 12.1757 55.7428 76.3962
      vertex 12.8382 55.2936 74.2135
    endloop
  endfacet
  facet normal 0.211452 -0.942672 0.258183
    outer loop
      vertex 12.1757 55.7428 76.3962
      vertex -35.2258 44.5123 74.2135
      vertex 12.8382 55.2936 74.2135
    endloop
  endfacet
  facet normal 0.231556 -0.972502 -0.0249248
    outer loop
      vertex 12.1757 55.7428 76.3962
      vertex -35.99 44.2744 76.3962
      vertex -35.2258 44.5123 74.2135
    endloop
  endfacet
  facet normal 0.868855 -0.422428 0.258159
    outer loop
      vertex -35.99 44.2744 76.3962
      vertex -56.764 0.212297 74.2135
      vertex -35.2258 44.5123 74.2135
    endloop
  endfacet
  facet normal 0.904706 -0.425311 -0.0248668
    outer loop
      vertex -35.99 44.2744 76.3962
      vertex -57.0546 -0.533474 76.3962
      vertex -56.764 0.212297 74.2135
    endloop
  endfacet
  facet normal 0.871981 0.415912 0.2582
    outer loop
      vertex -56.764 0.212297 74.2135
      vertex -57.0546 -0.533474 76.3962
      vertex -35.5578 -44.2476 74.2135
    endloop
  endfacet
  facet normal 0.896593 0.442152 -0.024931
    outer loop
      vertex -35.5578 -44.2476 74.2135
      vertex -57.0546 -0.533474 76.3962
      vertex -35.1558 -44.9397 76.3962
    endloop
  endfacet
  facet normal 0.218499 0.94107 0.258157
    outer loop
      vertex 12.4242 -55.3881 74.2135
      vertex -35.5578 -44.2476 74.2135
      vertex -35.1558 -44.9397 76.3962
    endloop
  endfacet
  facet normal 0.21333 0.976663 -0.0248915
    outer loop
      vertex 12.4242 -55.3881 74.2135
      vertex -35.1558 -44.9397 76.3962
      vertex 13.2159 -55.5054 76.3962
    endloop
  endfacet
  facet normal -0.599524 0.757575 0.25817
    outer loop
      vertex 51.0505 -24.8203 74.2135
      vertex 12.4242 -55.3881 74.2135
      vertex 13.2159 -55.5054 76.3962
    endloop
  endfacet
  facet normal -0.630577 0.775726 -0.0249197
    outer loop
      vertex 51.0505 -24.8203 74.2135
      vertex 13.2159 -55.5054 76.3962
      vertex 51.6358 -24.2744 76.3962
    endloop
  endfacet
  facet normal -0.966096 0.00361271 0.258159
    outer loop
      vertex 51.2347 24.4377 74.2135
      vertex 51.0505 -24.8203 74.2135
      vertex 51.6358 -24.2744 76.3962
    endloop
  endfacet
  facet normal -0.999647 -0.0093463 -0.0248865
    outer loop
      vertex 51.6358 -24.2744 76.3962
      vertex 51.1729 25.2357 76.3962
      vertex 51.2347 24.4377 74.2135
    endloop
  endfacet
  facet normal -0.595156 -0.760787 0.258828
    outer loop
      vertex 51.0989 26.0362 78.579
      vertex 12.1757 55.7428 76.3962
      vertex 51.1729 25.2357 76.3962
    endloop
  endfacet
  facet normal -0.60559 -0.795363 -0.0256744
    outer loop
      vertex 51.0989 26.0362 78.579
      vertex 11.5037 56.184 78.579
      vertex 12.1757 55.7428 76.3962
    endloop
  endfacet
  facet normal 0.223736 -0.93966 0.258809
    outer loop
      vertex 11.5037 56.184 78.579
      vertex -35.99 44.2744 76.3962
      vertex 12.1757 55.7428 76.3962
    endloop
  endfacet
  facet normal 0.244259 -0.969372 -0.0256199
    outer loop
      vertex 11.5037 56.184 78.579
      vertex -36.754 44.0242 78.579
      vertex -35.99 44.2744 76.3962
    endloop
  endfacet
  facet normal 0.874141 -0.410942 0.258854
    outer loop
      vertex -36.754 44.0242 78.579
      vertex -57.0546 -0.533474 76.3962
      vertex -35.99 44.2744 76.3962
    endloop
  endfacet
  facet normal 0.910178 -0.413422 -0.0256778
    outer loop
      vertex -36.754 44.0242 78.579
      vertex -57.3352 -1.28681 78.579
      vertex -57.0546 -0.533474 76.3962
    endloop
  endfacet
  facet normal 0.866314 0.42722 0.258809
    outer loop
      vertex -57.0546 -0.533474 76.3962
      vertex -57.3352 -1.28681 78.579
      vertex -35.1558 -44.9397 76.3962
    endloop
  endfacet
  facet normal 0.890713 0.453841 -0.0256611
    outer loop
      vertex -35.1558 -44.9397 76.3962
      vertex -57.3352 -1.28681 78.579
      vertex -34.7418 -45.6288 78.579
    endloop
  endfacet
  facet normal 0.206125 0.943676 0.25882
    outer loop
      vertex 13.2159 -55.5054 76.3962
      vertex -35.1558 -44.9397 76.3962
      vertex -34.7418 -45.6288 78.579
    endloop
  endfacet
  facet normal 0.200522 0.979352 -0.0256931
    outer loop
      vertex 13.2159 -55.5054 76.3962
      vertex -34.7418 -45.6288 78.579
      vertex 14.0128 -55.6113 78.579
    endloop
  endfacet
  facet normal -0.609283 0.74953 0.258802
    outer loop
      vertex 51.6358 -24.2744 76.3962
      vertex 13.2159 -55.5054 76.3962
      vertex 14.0128 -55.6113 78.579
    endloop
  endfacet
  facet normal -0.640664 0.767393 -0.0256464
    outer loop
      vertex 51.6358 -24.2744 76.3962
      vertex 14.0128 -55.6113 78.579
      vertex 52.2156 -23.7174 78.579
    endloop
  endfacet
  facet normal -0.965872 -0.00903053 0.258861
    outer loop
      vertex 52.2156 -23.7174 78.579
      vertex 51.1729 25.2357 76.3962
      vertex 51.6358 -24.2744 76.3962
    endloop
  endfacet
  facet normal -0.999419 -0.0224316 -0.0256554
    outer loop
      vertex 52.2156 -23.7174 78.579
      vertex 51.0989 26.0362 78.579
      vertex 51.1729 25.2357 76.3962
    endloop
  endfacet
  facet normal -0.585031 -0.768362 0.259535
    outer loop
      vertex 51.0127 26.8391 80.7617
      vertex 11.5037 56.184 78.579
      vertex 51.0989 26.0362 78.579
    endloop
  endfacet
  facet normal -0.595116 -0.803207 -0.0263725
    outer loop
      vertex 51.0127 26.8391 80.7617
      vertex 10.8223 56.6172 80.7617
      vertex 11.5037 56.184 78.579
    endloop
  endfacet
  facet normal 0.235967 -0.936465 0.259525
    outer loop
      vertex 10.8223 56.6172 80.7617
      vertex -36.754 44.0242 78.579
      vertex 11.5037 56.184 78.579
    endloop
  endfacet
  facet normal 0.256923 -0.96607 -0.0264455
    outer loop
      vertex 10.8223 56.6172 80.7617
      vertex -37.5175 43.7614 80.7617
      vertex -36.754 44.0242 78.579
    endloop
  endfacet
  facet normal 0.879291 -0.399392 0.259485
    outer loop
      vertex -37.5175 43.7614 80.7617
      vertex -57.3352 -1.28681 78.579
      vertex -36.754 44.0242 78.579
    endloop
  endfacet
  facet normal 0.915493 -0.401467 -0.0263912
    outer loop
      vertex -37.5175 43.7614 80.7617
      vertex -57.6059 -2.04759 80.7617
      vertex -57.3352 -1.28681 78.579
    endloop
  endfacet
  facet normal 0.860475 0.438435 0.259533
    outer loop
      vertex -57.3352 -1.28681 78.579
      vertex -57.6059 -2.04759 80.7617
      vertex -34.7418 -45.6288 78.579
    endloop
  endfacet
  facet normal 0.884679 0.465453 -0.026398
    outer loop
      vertex -34.7418 -45.6288 78.579
      vertex -57.6059 -2.04759 80.7617
      vertex -34.3158 -46.3147 80.7617
    endloop
  endfacet
  facet normal 0.193717 0.946114 0.259503
    outer loop
      vertex 14.0128 -55.6113 78.579
      vertex -34.7418 -45.6288 78.579
      vertex -34.3158 -46.3147 80.7617
    endloop
  endfacet
  facet normal 0.187683 0.981875 -0.026406
    outer loop
      vertex 14.0128 -55.6113 78.579
      vertex -34.3158 -46.3147 80.7617
      vertex 14.8148 -55.7059 80.7617
    endloop
  endfacet
  facet normal -0.618913 0.74134 0.259541
    outer loop
      vertex 52.2156 -23.7174 78.579
      vertex 14.0128 -55.6113 78.579
      vertex 14.8148 -55.7059 80.7617
    endloop
  endfacet
  facet normal -0.650642 0.758925 -0.0264195
    outer loop
      vertex 52.2156 -23.7174 78.579
      vertex 14.8148 -55.7059 80.7617
      vertex 52.7895 -23.1494 80.7617
    endloop
  endfacet
  facet normal -0.9655 -0.0216703 0.259499
    outer loop
      vertex 52.7895 -23.1494 80.7617
      vertex 51.0989 26.0362 78.579
      vertex 52.2156 -23.7174 78.579
    endloop
  endfacet
  facet normal -0.999021 -0.0355094 -0.0263917
    outer loop
      vertex 52.7895 -23.1494 80.7617
      vertex 51.0127 26.8391 80.7617
      vertex 51.0989 26.0362 78.579
    endloop
  endfacet
  facet normal -0.574825 -0.77582 0.260151
    outer loop
      vertex 50.9141 27.6441 82.9445
      vertex 10.8223 56.6172 80.7617
      vertex 51.0127 26.8391 80.7617
    endloop
  endfacet
  facet normal -0.58454 -0.81091 -0.0271684
    outer loop
      vertex 50.9141 27.6441 82.9445
      vertex 10.1314 57.0421 82.9445
      vertex 10.8223 56.6172 80.7617
    endloop
  endfacet
  facet normal 0.248161 -0.933123 0.260188
    outer loop
      vertex 10.1314 57.0421 82.9445
      vertex -37.5175 43.7614 80.7617
      vertex 10.8223 56.6172 80.7617
    endloop
  endfacet
  facet normal 0.269541 -0.962606 -0.0271438
    outer loop
      vertex 10.1314 57.0421 82.9445
      vertex -38.2805 43.4862 82.9445
      vertex -37.5175 43.7614 80.7617
    endloop
  endfacet
  facet normal 0.884265 -0.387773 0.260207
    outer loop
      vertex -38.2805 43.4862 82.9445
      vertex -57.6059 -2.04759 80.7617
      vertex -37.5175 43.7614 80.7617
    endloop
  endfacet
  facet normal 0.920651 -0.38944 -0.0271646
    outer loop
      vertex -38.2805 43.4862 82.9445
      vertex -57.8664 -2.81568 82.9445
      vertex -57.6059 -2.04759 80.7617
    endloop
  endfacet
  facet normal 0.854509 0.44958 0.260178
    outer loop
      vertex -57.6059 -2.04759 80.7617
      vertex -57.8664 -2.81568 82.9445
      vertex -34.3158 -46.3147 80.7617
    endloop
  endfacet
  facet normal 0.878493 0.476983 -0.0271572
    outer loop
      vertex -34.3158 -46.3147 80.7617
      vertex -57.8664 -2.81568 82.9445
      vertex -33.8777 -46.9973 82.9445
    endloop
  endfacet
  facet normal 0.181282 0.948386 0.260193
    outer loop
      vertex 14.8148 -55.7059 80.7617
      vertex -34.3158 -46.3147 80.7617
      vertex -33.8777 -46.9973 82.9445
    endloop
  endfacet
  facet normal 0.174811 0.984228 -0.0271433
    outer loop
      vertex 14.8148 -55.7059 80.7617
      vertex -33.8777 -46.9973 82.9445
      vertex 15.6216 -55.789 82.9445
    endloop
  endfacet
  facet normal -0.628451 0.733041 0.260193
    outer loop
      vertex 52.7895 -23.1494 80.7617
      vertex 14.8148 -55.7059 80.7617
      vertex 15.6216 -55.789 82.9445
    endloop
  endfacet
  facet normal -0.660508 0.750328 -0.027154
    outer loop
      vertex 52.7895 -23.1494 80.7617
      vertex 15.6216 -55.789 82.9445
      vertex 53.3575 -22.5704 82.9445
    endloop
  endfacet
  facet normal -0.964947 -0.0342983 0.260193
    outer loop
      vertex 53.3575 -22.5704 82.9445
      vertex 51.0127 26.8391 80.7617
      vertex 52.7895 -23.1494 80.7617
    endloop
  endfacet
  facet normal -0.998449 -0.0485838 -0.027184
    outer loop
      vertex 53.3575 -22.5704 82.9445
      vertex 50.9141 27.6441 82.9445
      vertex 51.0127 26.8391 80.7617
    endloop
  endfacet
  facet normal -0.564507 -0.783118 0.260881
    outer loop
      vertex 50.8032 28.4512 85.1273
      vertex 10.1314 57.0421 82.9445
      vertex 50.9141 27.6441 82.9445
    endloop
  endfacet
  facet normal -0.573864 -0.818476 -0.0278927
    outer loop
      vertex 50.8032 28.4512 85.1273
      vertex 9.43127 57.4586 85.1273
      vertex 10.1314 57.0421 82.9445
    endloop
  endfacet
  facet normal 0.260304 -0.929617 0.260872
    outer loop
      vertex 9.43127 57.4586 85.1273
      vertex -38.2805 43.4862 82.9445
      vertex 10.1314 57.0421 82.9445
    endloop
  endfacet
  facet normal 0.282113 -0.958976 -0.0278996
    outer loop
      vertex 9.43127 57.4586 85.1273
      vertex -39.0426 43.1985 85.1273
      vertex -38.2805 43.4862 82.9445
    endloop
  endfacet
  facet normal 0.889106 -0.376096 0.260851
    outer loop
      vertex -39.0426 43.1985 85.1273
      vertex -57.8664 -2.81568 82.9445
      vertex -38.2805 43.4862 82.9445
    endloop
  endfacet
  facet normal 0.925651 -0.377347 -0.0279186
    outer loop
      vertex -39.0426 43.1985 85.1273
      vertex -58.1166 -3.59093 85.1273
      vertex -57.8664 -2.81568 82.9445
    endloop
  endfacet
  facet normal 0.848392 0.46064 0.260848
    outer loop
      vertex -57.8664 -2.81568 82.9445
      vertex -58.1166 -3.59093 85.1273
      vertex -33.8777 -46.9973 82.9445
    endloop
  endfacet
  facet normal 0.872156 0.488431 -0.0279058
    outer loop
      vertex -33.8777 -46.9973 82.9445
      vertex -58.1166 -3.59093 85.1273
      vertex -33.4276 -47.6763 85.1273
    endloop
  endfacet
  facet normal 0.168821 0.950501 0.260859
    outer loop
      vertex 15.6216 -55.789 82.9445
      vertex -33.8777 -46.9973 82.9445
      vertex -33.4276 -47.6763 85.1273
    endloop
  endfacet
  facet normal 0.161911 0.986411 -0.0278826
    outer loop
      vertex 15.6216 -55.789 82.9445
      vertex -33.4276 -47.6763 85.1273
      vertex 16.4331 -55.8605 85.1273
    endloop
  endfacet
  facet normal -0.637871 0.724613 0.260877
    outer loop
      vertex 53.3575 -22.5704 82.9445
      vertex 15.6216 -55.789 82.9445
      vertex 16.4331 -55.8605 85.1273
    endloop
  endfacet
  facet normal -0.670259 0.741602 -0.0279088
    outer loop
      vertex 53.3575 -22.5704 82.9445
      vertex 16.4331 -55.8605 85.1273
      vertex 53.9193 -21.9805 85.1273
    endloop
  endfacet
  facet normal -0.964238 -0.0469191 0.260851
    outer loop
      vertex 53.9193 -21.9805 85.1273
      vertex 50.9141 27.6441 82.9445
      vertex 53.3575 -22.5704 82.9445
    endloop
  endfacet
  facet normal -0.997708 -0.0616469 -0.0278956
    outer loop
      vertex 53.9193 -21.9805 85.1273
      vertex 50.8032 28.4512 85.1273
      vertex 50.9141 27.6441 82.9445
    endloop
  endfacet
  facet normal -0.554105 -0.790294 0.26154
    outer loop
      vertex 50.8032 28.4512 85.1273
      vertex 50.4909 29.3892 87.3
      vertex 9.43127 57.4586 85.1273
    endloop
  endfacet
  facet normal -0.554207 -0.790235 0.2615
    outer loop
      vertex 50.4909 29.3892 87.3
      vertex 50.8032 28.4512 85.1273
      vertex 50.6804 29.2563 87.3
    endloop
  endfacet
  facet normal -0.563089 -0.825899 -0.0286555
    outer loop
      vertex 50.4909 29.3892 87.3
      vertex 8.72521 57.8646 87.3
      vertex 9.43127 57.4586 85.1273
    endloop
  endfacet
  facet normal 0.2724 -0.925961 0.261522
    outer loop
      vertex 9.43127 57.4586 85.1273
      vertex 8.50313 57.7992 87.3
      vertex -39.0426 43.1985 85.1273
    endloop
  endfacet
  facet normal 0.272655 -0.92586 0.261615
    outer loop
      vertex 8.50313 57.7992 87.3
      vertex 9.43127 57.4586 85.1273
      vertex 8.72521 57.8646 87.3
    endloop
  endfacet
  facet normal 0.294634 -0.955181 -0.0286554
    outer loop
      vertex 8.50313 57.7992 87.3
      vertex -39.8003 42.8996 87.3
      vertex -39.0426 43.1985 85.1273
    endloop
  endfacet
  facet normal 0.893897 -0.36398 0.261662
    outer loop
      vertex -39.8876 42.6852 87.3
      vertex -39.0426 43.1985 85.1273
      vertex -39.8003 42.8996 87.3
    endloop
  endfacet
  facet normal 0.893783 -0.364356 0.261528
    outer loop
      vertex -39.0426 43.1985 85.1273
      vertex -39.8876 42.6852 87.3
      vertex -58.1166 -3.59093 85.1273
    endloop
  endfacet
  facet normal 0.930491 -0.365192 -0.0286569
    outer loop
      vertex -39.8876 42.6852 87.3
      vertex -58.3553 -4.36962 87.3
      vertex -58.1166 -3.59093 85.1273
    endloop
  endfacet
  facet normal 0.842154 0.47157 0.261531
    outer loop
      vertex -58.2422 -4.5716 87.3
      vertex -58.1166 -3.59093 85.1273
      vertex -58.3553 -4.36962 87.3
    endloop
  endfacet
  facet normal 0.842125 0.471613 0.261549
    outer loop
      vertex -58.1166 -3.59093 85.1273
      vertex -58.2422 -4.5716 87.3
      vertex -33.4276 -47.6763 85.1273
    endloop
  endfacet
  facet normal 0.865669 0.499795 -0.0286719
    outer loop
      vertex -33.4276 -47.6763 85.1273
      vertex -58.2422 -4.5716 87.3
      vertex -32.9676 -48.3484 87.3
    endloop
  endfacet
  facet normal 0.156336 0.952449 0.261534
    outer loop
      vertex -33.4276 -47.6763 85.1273
      vertex -32.7392 -48.3859 87.3
      vertex 16.4331 -55.8605 85.1273
    endloop
  endfacet
  facet normal 0.156378 0.952446 0.26152
    outer loop
      vertex -32.7392 -48.3859 87.3
      vertex -33.4276 -47.6763 85.1273
      vertex -32.9676 -48.3484 87.3
    endloop
  endfacet
  facet normal 0.148982 0.988424 -0.0286697
    outer loop
      vertex 16.4331 -55.8605 85.1273
      vertex -32.7392 -48.3859 87.3
      vertex 17.2453 -55.9199 87.3
    endloop
  endfacet
  facet normal -0.647183 0.716069 0.261531
    outer loop
      vertex 16.4331 -55.8605 85.1273
      vertex 17.4171 -55.7647 87.3
      vertex 53.9193 -21.9805 85.1273
    endloop
  endfacet
  facet normal -0.64703 0.716236 0.261455
    outer loop
      vertex 17.4171 -55.7647 87.3
      vertex 16.4331 -55.8605 85.1273
      vertex 17.2453 -55.9199 87.3
    endloop
  endfacet
  facet normal -0.679894 0.73275 -0.0286606
    outer loop
      vertex 53.9193 -21.9805 85.1273
      vertex 17.4171 -55.7647 87.3
      vertex 54.4722 -21.3825 87.3
    endloop
  endfacet
  facet normal -0.963349 -0.0595239 0.261565
    outer loop
      vertex 53.9193 -21.9805 85.1273
      vertex 54.458 -21.1515 87.3
      vertex 50.8032 28.4512 85.1273
    endloop
  endfacet
  facet normal -0.963396 -0.0592217 0.261461
    outer loop
      vertex 54.458 -21.1515 87.3
      vertex 53.9193 -21.9805 85.1273
      vertex 54.4722 -21.3825 87.3
    endloop
  endfacet
  facet normal -0.996794 -0.0747005 -0.0286579
    outer loop
      vertex 54.458 -21.1515 87.3
      vertex 50.6804 29.2563 87.3
      vertex 50.8032 28.4512 85.1273
    endloop
  endfacet
  facet normal 0 0 1
    outer loop
      vertex 3.92314 0.780361 3
      vertex 47.2096 0.850336 3
      vertex 35.813 23.7441 3
    endloop
  endfacet
  facet normal 0 -0 1
    outer loop
      vertex 4 0 3
      vertex 47.2096 0.850336 3
      vertex 3.92314 0.780361 3
    endloop
  endfacet
  facet normal 0 0 1
    outer loop
      vertex 2.22228 3.32588 3
      vertex 35.813 23.7441 3
      vertex 28.7699 37.4401 3
    endloop
  endfacet
  facet normal 0 0 1
    outer loop
      vertex 40.8929 -13.1955 3
      vertex 4 0 3
      vertex 3.92314 -0.780361 3
    endloop
  endfacet
  facet normal -0 0 1
    outer loop
      vertex 3.69552 -1.53073 3
      vertex 40.8929 -13.1955 3
      vertex 3.92314 -0.780361 3
    endloop
  endfacet
  facet normal 0 0 1
    outer loop
      vertex 47.2096 0.850336 3
      vertex 4 0 3
      vertex 40.8929 -13.1955 3
    endloop
  endfacet
  facet normal 0 0 1
    outer loop
      vertex 2.22228 3.32588 3
      vertex 28.7699 37.4401 3
      vertex 3.76513 42.8039 3
    endloop
  endfacet
  facet normal 0 0 1
    outer loop
      vertex 35.813 23.7441 3
      vertex 3.69552 1.53073 3
      vertex 3.92314 0.780361 3
    endloop
  endfacet
  facet normal 0 0 1
    outer loop
      vertex 35.813 23.7441 3
      vertex 3.32588 2.22228 3
      vertex 3.69552 1.53073 3
    endloop
  endfacet
  facet normal 0 0 1
    outer loop
      vertex 35.813 23.7441 3
      vertex 2.82843 2.82843 3
      vertex 3.32588 2.22228 3
    endloop
  endfacet
  facet normal 0 0 1
    outer loop
      vertex 35.813 23.7441 3
      vertex 2.22228 3.32588 3
      vertex 2.82843 2.82843 3
    endloop
  endfacet
  facet normal 0 0 1
    outer loop
      vertex 3.76513 42.8039 3
      vertex 1.53073 3.69552 3
      vertex 2.22228 3.32588 3
    endloop
  endfacet
  facet normal 0 0 1
    outer loop
      vertex 3.76513 42.8039 3
      vertex 0.780361 3.92314 3
      vertex 1.53073 3.69552 3
    endloop
  endfacet
  facet normal 0 0 1
    outer loop
      vertex 3.76513 42.8039 3
      vertex 0 4 3
      vertex 0.780361 3.92314 3
    endloop
  endfacet
  facet normal 0 0 1
    outer loop
      vertex 3.76513 42.8039 3
      vertex -0.780361 3.92314 3
      vertex 0 4 3
    endloop
  endfacet
  facet normal 0 0 1
    outer loop
      vertex 3.76513 42.8039 3
      vertex -1.53073 3.69552 3
      vertex -0.780361 3.92314 3
    endloop
  endfacet
  facet normal 0 0 1
    outer loop
      vertex -11.3341 45.8367 3
      vertex -1.53073 3.69552 3
      vertex 3.76513 42.8039 3
    endloop
  endfacet
  facet normal -0 0 1
    outer loop
      vertex -31.1179 29.6315 3
      vertex -1.53073 3.69552 3
      vertex -11.3341 45.8367 3
    endloop
  endfacet
  facet normal 0 0 1
    outer loop
      vertex -1.53073 3.69552 3
      vertex -31.1179 29.6315 3
      vertex -2.22228 3.32588 3
    endloop
  endfacet
  facet normal 0 0 1
    outer loop
      vertex -2.22228 3.32588 3
      vertex -31.1179 29.6315 3
      vertex -2.82843 2.82843 3
    endloop
  endfacet
  facet normal 0 0 1
    outer loop
      vertex -2.82843 2.82843 3
      vertex -31.1179 29.6315 3
      vertex -3.32588 2.22228 3
    endloop
  endfacet
  facet normal 0 0 1
    outer loop
      vertex -42.5686 -5.85404 3
      vertex -4 0 3
      vertex -3.92314 0.780361 3
    endloop
  endfacet
  facet normal 0 0 1
    outer loop
      vertex -3.32588 2.22228 3
      vertex -31.1179 29.6315 3
      vertex -3.69552 1.53073 3
    endloop
  endfacet
  facet normal -0 0 1
    outer loop
      vertex -42.9033 19.7173 3
      vertex -3.69552 1.53073 3
      vertex -31.1179 29.6315 3
    endloop
  endfacet
  facet normal 0 0 1
    outer loop
      vertex -4 0 3
      vertex -21.9642 -36.9314 3
      vertex -9.6761 -46.2152 3
    endloop
  endfacet
  facet normal 0 0 1
    outer loop
      vertex -3.69552 1.53073 3
      vertex -42.9033 19.7173 3
      vertex -3.92314 0.780361 3
    endloop
  endfacet
  facet normal 0 0 1
    outer loop
      vertex -4 0 3
      vertex -42.5686 -5.85404 3
      vertex -42.1654 -21.2496 3
    endloop
  endfacet
  facet normal 0 0 1
    outer loop
      vertex -4 0 3
      vertex -42.1654 -21.2496 3
      vertex -21.9642 -36.9314 3
    endloop
  endfacet
  facet normal 0 0 1
    outer loop
      vertex -3.92314 0.780361 3
      vertex -42.9033 19.7173 3
      vertex -42.5686 -5.85404 3
    endloop
  endfacet
  facet normal -0 0 1
    outer loop
      vertex 3.32588 -2.22228 3
      vertex 40.8929 -13.1955 3
      vertex 3.69552 -1.53073 3
    endloop
  endfacet
  facet normal -0 0 1
    outer loop
      vertex 2.82843 -2.82843 3
      vertex 40.8929 -13.1955 3
      vertex 3.32588 -2.22228 3
    endloop
  endfacet
  facet normal 0 0 1
    outer loop
      vertex 40.8929 -13.1955 3
      vertex 2.82843 -2.82843 3
      vertex 30.0995 -36.3798 3
    endloop
  endfacet
  facet normal 0 0 1
    outer loop
      vertex 30.0995 -36.3798 3
      vertex 2.82843 -2.82843 3
      vertex 15.1797 -40.1986 3
    endloop
  endfacet
  facet normal -0 0 1
    outer loop
      vertex 2.22228 -3.32588 3
      vertex 15.1797 -40.1986 3
      vertex 2.82843 -2.82843 3
    endloop
  endfacet
  facet normal -0 0 1
    outer loop
      vertex 1.53073 -3.69552 3
      vertex 15.1797 -40.1986 3
      vertex 2.22228 -3.32588 3
    endloop
  endfacet
  facet normal -0 0 1
    outer loop
      vertex 0.780361 -3.92314 3
      vertex 15.1797 -40.1986 3
      vertex 1.53073 -3.69552 3
    endloop
  endfacet
  facet normal -0 0 1
    outer loop
      vertex 0 -4 3
      vertex 15.1797 -40.1986 3
      vertex 0.780361 -3.92314 3
    endloop
  endfacet
  facet normal 0 0 1
    outer loop
      vertex -9.6761 -46.2152 3
      vertex 0 -4 3
      vertex -0.780361 -3.92314 3
    endloop
  endfacet
  facet normal 0 0 1
    outer loop
      vertex -9.6761 -46.2152 3
      vertex -0.780361 -3.92314 3
      vertex -1.53073 -3.69552 3
    endloop
  endfacet
  facet normal 0 0 1
    outer loop
      vertex -9.6761 -46.2152 3
      vertex -1.53073 -3.69552 3
      vertex -2.22228 -3.32588 3
    endloop
  endfacet
  facet normal 0 0 1
    outer loop
      vertex -9.6761 -46.2152 3
      vertex -2.22228 -3.32588 3
      vertex -2.82843 -2.82843 3
    endloop
  endfacet
  facet normal 0 0 1
    outer loop
      vertex -9.6761 -46.2152 3
      vertex -2.82843 -2.82843 3
      vertex -3.32588 -2.22228 3
    endloop
  endfacet
  facet normal 0 0 1
    outer loop
      vertex -9.6761 -46.2152 3
      vertex -3.32588 -2.22228 3
      vertex -3.69552 -1.53073 3
    endloop
  endfacet
  facet normal 0 0 1
    outer loop
      vertex 0 -4 3
      vertex -9.6761 -46.2152 3
      vertex 15.1797 -40.1986 3
    endloop
  endfacet
  facet normal 0 0 1
    outer loop
      vertex -3.92314 -0.780361 3
      vertex -9.6761 -46.2152 3
      vertex -3.69552 -1.53073 3
    endloop
  endfacet
  facet normal 0 0 1
    outer loop
      vertex -9.6761 -46.2152 3
      vertex -3.92314 -0.780361 3
      vertex -4 0 3
    endloop
  endfacet
  facet normal 0 0 -1
    outer loop
      vertex 47.0857 -4 1.19
      vertex 3.92314 -0.780361 1.19
      vertex 4 0 1.19
    endloop
  endfacet
  facet normal 0 0 -1
    outer loop
      vertex 47.0857 -4 1.19
      vertex 3.69552 -1.53073 1.19
      vertex 3.92314 -0.780361 1.19
    endloop
  endfacet
  facet normal 0 0 -1
    outer loop
      vertex 47.0857 -4 1.19
      vertex 3.32588 -2.22228 1.19
      vertex 3.69552 -1.53073 1.19
    endloop
  endfacet
  facet normal 0 0 -1
    outer loop
      vertex 2.3094 -4 1.19
      vertex 3.32588 -2.22228 1.19
      vertex 47.0857 -4 1.19
    endloop
  endfacet
  facet normal 0 0 -1
    outer loop
      vertex 3.32588 -2.22228 1.19
      vertex 2.3094 -4 1.19
      vertex 2.82843 -2.82843 1.19
    endloop
  endfacet
  facet normal 0 0 -1
    outer loop
      vertex 2.3094 -4 1.19
      vertex 2.22228 -3.32588 1.19
      vertex 2.82843 -2.82843 1.19
    endloop
  endfacet
  facet normal 0 0 -1
    outer loop
      vertex 2.3094 -4 1.19
      vertex 1.53073 -3.69552 1.19
      vertex 2.22228 -3.32588 1.19
    endloop
  endfacet
  facet normal 0 0 -1
    outer loop
      vertex 2.3094 -4 1.19
      vertex 0.780361 -3.92314 1.19
      vertex 1.53073 -3.69552 1.19
    endloop
  endfacet
  facet normal 0 0 -1
    outer loop
      vertex 2.3094 -4 1.19
      vertex 0 -4 1.19
      vertex 0.780361 -3.92314 1.19
    endloop
  endfacet
  facet normal 0 0 -1
    outer loop
      vertex -3.92314 -0.780361 1.19
      vertex -4.6188 0 1.19
      vertex -4 0 1.19
    endloop
  endfacet
  facet normal 0 0 -1
    outer loop
      vertex -3.69552 -1.53073 1.19
      vertex -4.6188 0 1.19
      vertex -3.92314 -0.780361 1.19
    endloop
  endfacet
  facet normal 0 0 -1
    outer loop
      vertex -3.32588 -2.22228 1.19
      vertex -4.6188 0 1.19
      vertex -3.69552 -1.53073 1.19
    endloop
  endfacet
  facet normal 0 0 -1
    outer loop
      vertex -19.2064 -41.2664 1.19
      vertex 0 -4 1.19
      vertex 2.3094 -4 1.19
    endloop
  endfacet
  facet normal 0 0 -1
    outer loop
      vertex -19.2064 -41.2664 1.19
      vertex -0.780361 -3.92314 1.19
      vertex 0 -4 1.19
    endloop
  endfacet
  facet normal 0 0 -1
    outer loop
      vertex -19.2064 -41.2664 1.19
      vertex -1.53073 -3.69552 1.19
      vertex -0.780361 -3.92314 1.19
    endloop
  endfacet
  facet normal 0 0 -1
    outer loop
      vertex -25.5851 -36.3147 1.19
      vertex -1.53073 -3.69552 1.19
      vertex -19.2064 -41.2664 1.19
    endloop
  endfacet
  facet normal -0 0 -1
    outer loop
      vertex -1.53073 -3.69552 1.19
      vertex -25.5851 -36.3147 1.19
      vertex -2.22228 -3.32588 1.19
    endloop
  endfacet
  facet normal -0 0 -1
    outer loop
      vertex -2.22228 -3.32588 1.19
      vertex -25.5851 -36.3147 1.19
      vertex -2.82843 -2.82843 1.19
    endloop
  endfacet
  facet normal -0 0 -1
    outer loop
      vertex -2.82843 -2.82843 1.19
      vertex -25.5851 -36.3147 1.19
      vertex -3.32588 -2.22228 1.19
    endloop
  endfacet
  facet normal -0 0 -1
    outer loop
      vertex -3.32588 -2.22228 1.19
      vertex -25.5851 -36.3147 1.19
      vertex -4.6188 0 1.19
    endloop
  endfacet
  facet normal 0 0 -1
    outer loop
      vertex 47.0857 -4 1.19
      vertex 47.3546 4 1.19
      vertex 49.1116 0.351521 1.19
    endloop
  endfacet
  facet normal 0 0 -1
    outer loop
      vertex 4 0 1.19
      vertex 47.3546 4 1.19
      vertex 47.0857 -4 1.19
    endloop
  endfacet
  facet normal 0 0 -1
    outer loop
      vertex 3.92314 0.780361 1.19
      vertex 47.3546 4 1.19
      vertex 4 0 1.19
    endloop
  endfacet
  facet normal 0 0 -1
    outer loop
      vertex 3.69552 1.53073 1.19
      vertex 47.3546 4 1.19
      vertex 3.92314 0.780361 1.19
    endloop
  endfacet
  facet normal 0 0 -1
    outer loop
      vertex 3.32588 2.22228 1.19
      vertex 47.3546 4 1.19
      vertex 3.69552 1.53073 1.19
    endloop
  endfacet
  facet normal 0 0 -1
    outer loop
      vertex 2.3094 4 1.19
      vertex 3.32588 2.22228 1.19
      vertex 2.82843 2.82843 1.19
    endloop
  endfacet
  facet normal 0 0 -1
    outer loop
      vertex 3.32588 2.22228 1.19
      vertex 2.3094 4 1.19
      vertex 47.3546 4 1.19
    endloop
  endfacet
  facet normal 0 0 -1
    outer loop
      vertex 2.22228 3.32588 1.19
      vertex 2.3094 4 1.19
      vertex 2.82843 2.82843 1.19
    endloop
  endfacet
  facet normal 0 0 -1
    outer loop
      vertex 1.53073 3.69552 1.19
      vertex 2.3094 4 1.19
      vertex 2.22228 3.32588 1.19
    endloop
  endfacet
  facet normal 0 0 -1
    outer loop
      vertex 0.780361 3.92314 1.19
      vertex 2.3094 4 1.19
      vertex 1.53073 3.69552 1.19
    endloop
  endfacet
  facet normal 0 0 -1
    outer loop
      vertex 0 4 1.19
      vertex 2.3094 4 1.19
      vertex 0.780361 3.92314 1.19
    endloop
  endfacet
  facet normal 0 0 -1
    outer loop
      vertex -4.6188 0 1.19
      vertex -3.92314 0.780361 1.19
      vertex -4 0 1.19
    endloop
  endfacet
  facet normal 0 0 -1
    outer loop
      vertex -4.6188 0 1.19
      vertex -3.69552 1.53073 1.19
      vertex -3.92314 0.780361 1.19
    endloop
  endfacet
  facet normal 0 0 -1
    outer loop
      vertex -4.6188 0 1.19
      vertex -3.32588 2.22228 1.19
      vertex -3.69552 1.53073 1.19
    endloop
  endfacet
  facet normal 0 0 -1
    outer loop
      vertex 0 4 1.19
      vertex -19.2884 41.4084 1.19
      vertex 2.3094 4 1.19
    endloop
  endfacet
  facet normal 0 0 -1
    outer loop
      vertex -0.780361 3.92314 1.19
      vertex -19.2884 41.4084 1.19
      vertex 0 4 1.19
    endloop
  endfacet
  facet normal 0 0 -1
    outer loop
      vertex -1.53073 3.69552 1.19
      vertex -19.2884 41.4084 1.19
      vertex -0.780361 3.92314 1.19
    endloop
  endfacet
  facet normal 0 0 -1
    outer loop
      vertex -25.6137 36.3642 1.19
      vertex -1.53073 3.69552 1.19
      vertex -2.22228 3.32588 1.19
    endloop
  endfacet
  facet normal 0 0 -1
    outer loop
      vertex -25.6137 36.3642 1.19
      vertex -2.22228 3.32588 1.19
      vertex -2.82843 2.82843 1.19
    endloop
  endfacet
  facet normal 0 0 -1
    outer loop
      vertex -25.6137 36.3642 1.19
      vertex -2.82843 2.82843 1.19
      vertex -3.32588 2.22228 1.19
    endloop
  endfacet
  facet normal 0 0 -1
    outer loop
      vertex -25.6137 36.3642 1.19
      vertex -3.32588 2.22228 1.19
      vertex -4.6188 0 1.19
    endloop
  endfacet
  facet normal 0 0 -1
    outer loop
      vertex -1.53073 3.69552 1.19
      vertex -25.6137 36.3642 1.19
      vertex -19.2884 41.4084 1.19
    endloop
  endfacet
  facet normal 0 -1 0
    outer loop
      vertex 47.0208 4 0
      vertex 2.3094 4 1.19
      vertex 2.3094 4 0
    endloop
  endfacet
  facet normal 0 -1 0
    outer loop
      vertex 2.3094 4 1.19
      vertex 47.0208 4 0
      vertex 47.3546 4 1.19
    endloop
  endfacet
  facet normal 0 1 0
    outer loop
      vertex 47.0208 -4 0
      vertex 47.0857 -4 1.19
      vertex 47.085 -4 0.22912
    endloop
  endfacet
  facet normal 0 1 0
    outer loop
      vertex 47.0857 -4 1.19
      vertex 47.0208 -4 0
      vertex 2.3094 -4 1.19
    endloop
  endfacet
  facet normal 0 1 0
    outer loop
      vertex 2.3094 -4 1.19
      vertex 47.0208 -4 0
      vertex 2.3094 -4 0
    endloop
  endfacet
  facet normal 0.866025 0.5 1.87753e-05
    outer loop
      vertex -4.6188 0 1.19
      vertex -25.4616 36.1008 0
      vertex -25.6137 36.3642 1.19
    endloop
  endfacet
  facet normal 0.866025 0.5 0
    outer loop
      vertex -25.4616 36.1008 0
      vertex -4.6188 0 1.19
      vertex -4.6188 0 0
    endloop
  endfacet
  facet normal -0.866026 -0.499999 -0
    outer loop
      vertex 2.3094 4 1.19
      vertex -19.1363 41.1451 0
      vertex 2.3094 4 0
    endloop
  endfacet
  facet normal -0.866025 -0.500001 -6.06369e-05
    outer loop
      vertex -19.1363 41.1451 0
      vertex 2.3094 4 1.19
      vertex -19.2884 41.4084 1.19
    endloop
  endfacet
  facet normal 0.866025 -0.5 0
    outer loop
      vertex -4.6188 0 1.19
      vertex -25.4616 -36.1008 0
      vertex -4.6188 0 0
    endloop
  endfacet
  facet normal 0.866025 -0.5 3.48458e-06
    outer loop
      vertex -25.5851 -36.3147 1.19
      vertex -25.4616 -36.1008 0
      vertex -4.6188 0 1.19
    endloop
  endfacet
  facet normal 0.866411 -0.499331 0.000163804
    outer loop
      vertex -25.4616 -36.1008 0
      vertex -25.5851 -36.3147 1.19
      vertex -25.585 -36.3146 0.965902
    endloop
  endfacet
  facet normal -0.866026 0.499999 0
    outer loop
      vertex -19.1363 -41.1451 0
      vertex 2.3094 -4 1.19
      vertex 2.3094 -4 0
    endloop
  endfacet
  facet normal -0.865638 0.500671 4.21815e-05
    outer loop
      vertex -19.2064 -41.2664 1.19
      vertex -19.1363 -41.1451 0
      vertex -19.2062 -41.266 0.546569
    endloop
  endfacet
  facet normal -0.866025 0.500001 -4.89791e-05
    outer loop
      vertex -19.1363 -41.1451 0
      vertex -19.2064 -41.2664 1.19
      vertex 2.3094 -4 1.19
    endloop
  endfacet
  facet normal 0 0 -1
    outer loop
      vertex -44.0998 -21.2373 0
      vertex -4.6188 0 0
      vertex -25.4616 -36.1008 0
    endloop
  endfacet
  facet normal 0 0 -1
    outer loop
      vertex -44.0998 21.2373 0
      vertex -4.6188 0 0
      vertex -44.0998 -21.2373 0
    endloop
  endfacet
  facet normal 0 0 -1
    outer loop
      vertex -4.6188 0 0
      vertex -44.0998 21.2373 0
      vertex -25.4616 36.1008 0
    endloop
  endfacet
  facet normal 0 0 -1
    outer loop
      vertex 2.3094 4 0
      vertex 30.518 38.2684 0
      vertex 47.0208 4 0
    endloop
  endfacet
  facet normal 0 0 -1
    outer loop
      vertex 2.3094 4 0
      vertex -10.8917 47.7199 0
      vertex 30.518 38.2684 0
    endloop
  endfacet
  facet normal 0 -0 -1
    outer loop
      vertex -10.8917 47.7199 0
      vertex 2.3094 4 0
      vertex -19.1363 41.1451 0
    endloop
  endfacet
  facet normal 0 0 -1
    outer loop
      vertex 30.518 -38.2684 0
      vertex 2.3094 -4 0
      vertex 47.0208 -4 0
    endloop
  endfacet
  facet normal 0 0 -1
    outer loop
      vertex -10.8917 -47.7199 0
      vertex 2.3094 -4 0
      vertex 30.518 -38.2684 0
    endloop
  endfacet
  facet normal 0 0 -1
    outer loop
      vertex 2.3094 -4 0
      vertex -10.8917 -47.7199 0
      vertex -19.1363 -41.1451 0
    endloop
  endfacet
  facet normal 0 0 1
    outer loop
      vertex 56.9544 -22.353 87.3
      vertex 54.458 -21.1515 87.3
      vertex 54.4722 -21.3825 87.3
    endloop
  endfacet
  facet normal 0 0 1
    outer loop
      vertex 52.9868 30.5919 87.3
      vertex 54.458 -21.1515 87.3
      vertex 56.9544 -22.353 87.3
    endloop
  endfacet
  facet normal 0 0 1
    outer loop
      vertex 52.9868 30.5919 87.3
      vertex 50.6804 29.2563 87.3
      vertex 54.458 -21.1515 87.3
    endloop
  endfacet
  facet normal 0 0 1
    outer loop
      vertex 52.9868 30.5919 87.3
      vertex 50.4909 29.3892 87.3
      vertex 50.6804 29.2563 87.3
    endloop
  endfacet
  facet normal 0 0 1
    outer loop
      vertex 9.11898 60.5005 87.3
      vertex 50.4909 29.3892 87.3
      vertex 52.9868 30.5919 87.3
    endloop
  endfacet
  facet normal 0 0 1
    outer loop
      vertex 9.11898 60.5005 87.3
      vertex 8.72521 57.8646 87.3
      vertex 50.4909 29.3892 87.3
    endloop
  endfacet
  facet normal 0 0 1
    outer loop
      vertex 9.11898 60.5005 87.3
      vertex 8.50313 57.7992 87.3
      vertex 8.72521 57.8646 87.3
    endloop
  endfacet
  facet normal 0 0 1
    outer loop
      vertex -41.6156 44.8509 87.3
      vertex 8.50313 57.7992 87.3
      vertex 9.11898 60.5005 87.3
    endloop
  endfacet
  facet normal 0 0 1
    outer loop
      vertex 8.50313 57.7992 87.3
      vertex -41.6156 44.8509 87.3
      vertex -39.8003 42.8996 87.3
    endloop
  endfacet
  facet normal 0 0 1
    outer loop
      vertex -41.6156 44.8509 87.3
      vertex -39.8876 42.6852 87.3
      vertex -39.8003 42.8996 87.3
    endloop
  endfacet
  facet normal 0 0 1
    outer loop
      vertex -61.0128 -4.57227 87.3
      vertex -39.8876 42.6852 87.3
      vertex -41.6156 44.8509 87.3
    endloop
  endfacet
  facet normal 0 0 1
    outer loop
      vertex -39.8876 42.6852 87.3
      vertex -61.0128 -4.57227 87.3
      vertex -58.3553 -4.36962 87.3
    endloop
  endfacet
  facet normal 0 0 1
    outer loop
      vertex 17.4171 -55.7647 87.3
      vertex 56.9544 -22.353 87.3
      vertex 54.4722 -21.3825 87.3
    endloop
  endfacet
  facet normal 0 0 1
    outer loop
      vertex 56.9544 -22.353 87.3
      vertex 17.4171 -55.7647 87.3
      vertex 18.0343 -58.4656 87.3
    endloop
  endfacet
  facet normal -0 0 1
    outer loop
      vertex 17.2453 -55.9199 87.3
      vertex 18.0343 -58.4656 87.3
      vertex 17.4171 -55.7647 87.3
    endloop
  endfacet
  facet normal 0 0 1
    outer loop
      vertex -32.7392 -48.3859 87.3
      vertex 18.0343 -58.4656 87.3
      vertex 17.2453 -55.9199 87.3
    endloop
  endfacet
  facet normal 0 0 1
    outer loop
      vertex -34.4661 -50.5525 87.3
      vertex -32.7392 -48.3859 87.3
      vertex -32.9676 -48.3484 87.3
    endloop
  endfacet
  facet normal 0 0 1
    outer loop
      vertex -32.7392 -48.3859 87.3
      vertex -34.4661 -50.5525 87.3
      vertex 18.0343 -58.4656 87.3
    endloop
  endfacet
  facet normal 0 0 1
    outer loop
      vertex -58.2422 -4.5716 87.3
      vertex -34.4661 -50.5525 87.3
      vertex -32.9676 -48.3484 87.3
    endloop
  endfacet
  facet normal 0 0 1
    outer loop
      vertex -61.0128 -4.57227 87.3
      vertex -58.2422 -4.5716 87.3
      vertex -58.3553 -4.36962 87.3
    endloop
  endfacet
  facet normal 0 0 1
    outer loop
      vertex -58.2422 -4.5716 87.3
      vertex -61.0128 -4.57227 87.3
      vertex -34.4661 -50.5525 87.3
    endloop
  endfacet
  facet normal 0.873511 0.420662 -0.244995
    outer loop
      vertex 49.2488 0.644701 2.1825
      vertex 47.3546 4 1.19
      vertex 30.518 38.2684 0
    endloop
  endfacet
  facet normal 0.873509 0.420656 -0.245011
    outer loop
      vertex 47.3546 4 1.19
      vertex 49.2488 0.644701 2.1825
      vertex 49.1116 0.351521 1.19
    endloop
  endfacet
  facet normal 0.873505 0.420658 -0.245022
    outer loop
      vertex 30.518 38.2684 0
      vertex 47.3546 4 1.19
      vertex 47.0208 4 0
    endloop
  endfacet
  facet normal 0.895212 0.44564 -0.000655848
    outer loop
      vertex 49.2488 0.644701 2.1825
      vertex 30.518 38.2684 0
      vertex 30.2021 38.9062 2.1825
    endloop
  endfacet
  facet normal 0.215739 0.945216 -0.244997
    outer loop
      vertex 30.2021 38.9062 2.1825
      vertex 30.518 38.2684 0
      vertex -10.8917 47.7199 0
    endloop
  endfacet
  facet normal 0.209739 0.977757 -0.000611438
    outer loop
      vertex 30.2021 38.9062 2.1825
      vertex -10.8917 47.7199 0
      vertex -11.5874 47.8705 2.1825
    endloop
  endfacet
  facet normal -0.604486 0.758007 -0.244993
    outer loop
      vertex -19.1363 41.1451 0
      vertex -11.5874 47.8705 2.1825
      vertex -10.8917 47.7199 0
    endloop
  endfacet
  facet normal -0.60449 0.758008 -0.24498
    outer loop
      vertex -11.5874 47.8705 2.1825
      vertex -19.1363 41.1451 0
      vertex -19.2884 41.4084 1.19
    endloop
  endfacet
  facet normal -0.604479 0.758002 -0.245026
    outer loop
      vertex -25.6137 36.3642 1.19
      vertex -11.5874 47.8705 2.1825
      vertex -19.2884 41.4084 1.19
    endloop
  endfacet
  facet normal -0.60476 0.758224 -0.243641
    outer loop
      vertex -25.6137 36.3642 1.19
      vertex -44.0998 21.2373 0
      vertex -11.5874 47.8705 2.1825
    endloop
  endfacet
  facet normal -0.604482 0.757995 -0.24504
    outer loop
      vertex -44.0998 21.2373 0
      vertex -25.6137 36.3642 1.19
      vertex -25.4616 36.1008 0
    endloop
  endfacet
  facet normal -0.633669 0.773604 -0.000652668
    outer loop
      vertex -11.5874 47.8705 2.1825
      vertex -44.0998 21.2373 0
      vertex -44.6513 20.7874 2.1825
    endloop
  endfacet
  facet normal -0.969525 -0 -0.244991
    outer loop
      vertex -44.0998 21.2373 0
      vertex -44.0998 -21.2373 0
      vertex -44.6513 20.7874 2.1825
    endloop
  endfacet
  facet normal -0.999914 -0.0130884 -0.000649253
    outer loop
      vertex -44.0998 -21.2373 0
      vertex -44.0919 -21.9491 2.1825
      vertex -44.6513 20.7874 2.1825
    endloop
  endfacet
  facet normal -0.604484 -0.757998 -0.245025
    outer loop
      vertex -44.0998 -21.2373 0
      vertex -25.585 -36.3146 0.965902
      vertex -44.0919 -21.9491 2.1825
    endloop
  endfacet
  facet normal -0.604487 -0.758001 -0.245009
    outer loop
      vertex -25.585 -36.3146 0.965902
      vertex -44.0998 -21.2373 0
      vertex -25.4616 -36.1008 0
    endloop
  endfacet
  facet normal -0.604489 -0.75801 -0.244978
    outer loop
      vertex -19.1363 -41.1451 0
      vertex -10.8917 -47.7199 0
      vertex -19.2062 -41.266 0.546569
    endloop
  endfacet
  facet normal -0.613202 -0.789926 -0.000659509
    outer loop
      vertex -44.0919 -21.9491 2.1825
      vertex -25.5851 -36.3147 1.19
      vertex -10.3303 -48.1575 2.1825
    endloop
  endfacet
  facet normal -0.613201 -0.789927 -0.000626122
    outer loop
      vertex -25.5851 -36.3147 1.19
      vertex -44.0919 -21.9491 2.1825
      vertex -25.585 -36.3146 0.965902
    endloop
  endfacet
  facet normal -0.613206 -0.789923 -0.000558386
    outer loop
      vertex -19.2064 -41.2664 1.19
      vertex -10.3303 -48.1575 2.1825
      vertex -25.5851 -36.3147 1.19
    endloop
  endfacet
  facet normal -0.613203 -0.789925 -0.000681675
    outer loop
      vertex -10.8917 -47.7199 0
      vertex -19.2064 -41.2664 1.19
      vertex -19.2062 -41.266 0.546569
    endloop
  endfacet
  facet normal -0.6132 -0.789928 -0.000651502
    outer loop
      vertex -19.2064 -41.2664 1.19
      vertex -10.8917 -47.7199 0
      vertex -10.3303 -48.1575 2.1825
    endloop
  endfacet
  facet normal 0.215739 -0.945212 -0.245013
    outer loop
      vertex 30.518 -38.2684 0
      vertex -10.3303 -48.1575 2.1825
      vertex -10.8917 -47.7199 0
    endloop
  endfacet
  facet normal 0.235264 -0.971931 -0.000646785
    outer loop
      vertex 30.518 -38.2684 0
      vertex 31.2102 -38.1023 2.1825
      vertex -10.3303 -48.1575 2.1825
    endloop
  endfacet
  facet normal 0.873568 -0.420671 -0.244776
    outer loop
      vertex 31.2102 -38.1023 2.1825
      vertex 47.0208 -4 0
      vertex 47.085 -4 0.22912
    endloop
  endfacet
  facet normal 0.873504 -0.420658 -0.245026
    outer loop
      vertex 47.0208 -4 0
      vertex 31.2102 -38.1023 2.1825
      vertex 30.518 -38.2684 0
    endloop
  endfacet
  facet normal 0.906567 -0.422062 -0.000645533
    outer loop
      vertex 49.2488 0.644701 2.1825
      vertex 47.0857 -4 1.19
      vertex 49.1116 0.351521 1.19
    endloop
  endfacet
  facet normal 0.906572 -0.422052 -0.000660436
    outer loop
      vertex 47.0857 -4 1.19
      vertex 31.2102 -38.1023 2.1825
      vertex 47.085 -4 0.22912
    endloop
  endfacet
  facet normal 0.906571 -0.422053 -0.000700959
    outer loop
      vertex 31.2102 -38.1023 2.1825
      vertex 47.0857 -4 1.19
      vertex 49.2488 0.644701 2.1825
    endloop
  endfacet
  facet normal 0.867769 0.431978 -0.245705
    outer loop
      vertex 49.5419 1.2973 4.365
      vertex 49.2488 0.644701 2.1825
      vertex 30.2021 38.9062 2.1825
    endloop
  endfacet
  facet normal 0.889303 0.457319 0.000158406
    outer loop
      vertex 49.5419 1.2973 4.365
      vertex 30.2021 38.9062 2.1825
      vertex 29.8746 39.5423 4.365
    endloop
  endfacet
  facet normal 0.203309 0.947778 -0.245727
    outer loop
      vertex 29.8746 39.5423 4.365
      vertex 30.2021 38.9062 2.1825
      vertex -11.5874 47.8705 2.1825
    endloop
  endfacet
  facet normal 0.196923 0.980419 0.000135043
    outer loop
      vertex 29.8746 39.5423 4.365
      vertex -11.5874 47.8705 2.1825
      vertex -12.2889 48.0111 4.365
    endloop
  endfacet
  facet normal -0.614239 0.749882 -0.245738
    outer loop
      vertex -12.2889 48.0111 4.365
      vertex -11.5874 47.8705 2.1825
      vertex -44.6513 20.7874 2.1825
    endloop
  endfacet
  facet normal -0.643742 0.765243 0.000139175
    outer loop
      vertex -12.2889 48.0111 4.365
      vertex -44.6513 20.7874 2.1825
      vertex -45.1986 20.3266 4.365
    endloop
  endfacet
  facet normal -0.969254 -0.0126871 -0.245736
    outer loop
      vertex -44.6513 20.7874 2.1825
      vertex -44.0919 -21.9491 2.1825
      vertex -45.1986 20.3266 4.365
    endloop
  endfacet
  facet normal -0.999657 -0.0261756 0.000124936
    outer loop
      vertex -44.0919 -21.9491 2.1825
      vertex -44.0729 -22.6643 4.365
      vertex -45.1986 20.3266 4.365
    endloop
  endfacet
  facet normal -0.594398 -0.765703 -0.245744
    outer loop
      vertex -10.3303 -48.1575 2.1825
      vertex -44.0729 -22.6643 4.365
      vertex -44.0919 -21.9491 2.1825
    endloop
  endfacet
  facet normal -0.602809 -0.797885 0.00013357
    outer loop
      vertex -10.3303 -48.1575 2.1825
      vertex -9.75934 -48.5885 4.365
      vertex -44.0729 -22.6643 4.365
    endloop
  endfacet
  facet normal 0.228051 -0.942135 -0.245713
    outer loop
      vertex 31.2102 -38.1023 2.1825
      vertex -9.75934 -48.5885 4.365
      vertex -10.3303 -48.1575 2.1825
    endloop
  endfacet
  facet normal 0.247965 -0.968769 0.00014224
    outer loop
      vertex 31.2102 -38.1023 2.1825
      vertex 31.9032 -37.9246 4.365
      vertex -9.75934 -48.5885 4.365
    endloop
  endfacet
  facet normal 0.878776 -0.409113 -0.245724
    outer loop
      vertex 49.2488 0.644701 2.1825
      vertex 31.9032 -37.9246 4.365
      vertex 31.2102 -38.1023 2.1825
    endloop
  endfacet
  facet normal 0.912019 -0.410149 0.000160443
    outer loop
      vertex 49.2488 0.644701 2.1825
      vertex 49.5419 1.2973 4.365
      vertex 31.9032 -37.9246 4.365
    endloop
  endfacet
  facet normal 0.861871 0.443213 -0.246456
    outer loop
      vertex 49.8264 1.95768 6.5475
      vertex 49.5419 1.2973 4.365
      vertex 29.8746 39.5423 4.365
    endloop
  endfacet
  facet normal 0.88324 0.468921 0.000910548
    outer loop
      vertex 49.8264 1.95768 6.5475
      vertex 29.8746 39.5423 4.365
      vertex 29.5357 40.1764 6.5475
    endloop
  endfacet
  facet normal 0.19085 0.950184 -0.246429
    outer loop
      vertex 29.5357 40.1764 6.5475
      vertex 29.8746 39.5423 4.365
      vertex -12.2889 48.0111 4.365
    endloop
  endfacet
  facet normal 0.184074 0.982912 0.000910517
    outer loop
      vertex 29.5357 40.1764 6.5475
      vertex -12.2889 48.0111 4.365
      vertex -12.996 48.1415 6.5475
    endloop
  endfacet
  facet normal -0.623887 0.741641 -0.246442
    outer loop
      vertex -12.996 48.1415 6.5475
      vertex -12.2889 48.0111 4.365
      vertex -45.1986 20.3266 4.365
    endloop
  endfacet
  facet normal -0.653704 0.75675 0.000940483
    outer loop
      vertex -12.996 48.1415 6.5475
      vertex -45.1986 20.3266 4.365
      vertex -45.7414 19.855 6.5475
    endloop
  endfacet
  facet normal -0.968827 -0.0253684 -0.246434
    outer loop
      vertex -45.1986 20.3266 4.365
      vertex -44.0729 -22.6643 4.365
      vertex -45.7414 19.855 6.5475
    endloop
  endfacet
  facet normal -0.999229 -0.0392595 0.000949653
    outer loop
      vertex -44.0729 -22.6643 4.365
      vertex -44.0426 -23.3827 6.5475
      vertex -45.7414 19.855 6.5475
    endloop
  endfacet
  facet normal -0.58422 -0.77328 -0.246425
    outer loop
      vertex -9.75934 -48.5885 4.365
      vertex -44.0426 -23.3827 6.5475
      vertex -44.0729 -22.6643 4.365
    endloop
  endfacet
  facet normal -0.592315 -0.805706 0.000914196
    outer loop
      vertex -9.75934 -48.5885 4.365
      vertex -9.17881 -49.0128 6.5475
      vertex -44.0426 -23.3827 6.5475
    endloop
  endfacet
  facet normal 0.240317 -0.938887 -0.246452
    outer loop
      vertex 31.9032 -37.9246 4.365
      vertex -9.17881 -49.0128 6.5475
      vertex -9.75934 -48.5885 4.365
    endloop
  endfacet
  facet normal 0.260627 -0.965439 0.000954659
    outer loop
      vertex 31.9032 -37.9246 4.365
      vertex 32.5968 -37.7352 6.5475
      vertex -9.17881 -49.0128 6.5475
    endloop
  endfacet
  facet normal 0.883898 -0.397503 -0.246408
    outer loop
      vertex 49.5419 1.2973 4.365
      vertex 32.5968 -37.7352 6.5475
      vertex 31.9032 -37.9246 4.365
    endloop
  endfacet
  facet normal 0.917308 -0.398178 0.00090491
    outer loop
      vertex 49.5419 1.2973 4.365
      vertex 49.8264 1.95768 6.5475
      vertex 32.5968 -37.7352 6.5475
    endloop
  endfacet
  facet normal 0.855839 0.454373 -0.247154
    outer loop
      vertex 50.102 2.62573 8.73
      vertex 49.8264 1.95768 6.5475
      vertex 29.5357 40.1764 6.5475
    endloop
  endfacet
  facet normal 0.877025 0.480442 0.00172185
    outer loop
      vertex 50.102 2.62573 8.73
      vertex 29.5357 40.1764 6.5475
      vertex 29.1852 40.8084 8.73
    endloop
  endfacet
  facet normal 0.178364 0.952419 -0.247153
    outer loop
      vertex 29.1852 40.8084 8.73
      vertex 29.5357 40.1764 6.5475
      vertex -12.996 48.1415 6.5475
    endloop
  endfacet
  facet normal 0.171194 0.985236 0.00167972
    outer loop
      vertex 29.1852 40.8084 8.73
      vertex -12.996 48.1415 6.5475
      vertex -13.7086 48.2616 8.73
    endloop
  endfacet
  facet normal -0.633422 0.73327 -0.247167
    outer loop
      vertex -13.7086 48.2616 8.73
      vertex -12.996 48.1415 6.5475
      vertex -45.7414 19.855 6.5475
    endloop
  endfacet
  facet normal -0.663553 0.748127 0.00169427
    outer loop
      vertex -13.7086 48.2616 8.73
      vertex -45.7414 19.855 6.5475
      vertex -46.2796 19.3727 8.73
    endloop
  endfacet
  facet normal -0.968225 -0.0380414 -0.247169
    outer loop
      vertex -45.7414 19.855 6.5475
      vertex -44.0426 -23.3827 6.5475
      vertex -46.2796 19.3727 8.73
    endloop
  endfacet
  facet normal -0.998628 -0.0523354 0.00168996
    outer loop
      vertex -44.0426 -23.3827 6.5475
      vertex -44.0011 -24.1041 8.73
      vertex -46.2796 19.3727 8.73
    endloop
  endfacet
  facet normal -0.573941 -0.780713 -0.247142
    outer loop
      vertex -9.17881 -49.0128 6.5475
      vertex -44.0011 -24.1041 8.73
      vertex -44.0426 -23.3827 6.5475
    endloop
  endfacet
  facet normal -0.581717 -0.81339 0.00172644
    outer loop
      vertex -9.17881 -49.0128 6.5475
      vertex -8.58884 -49.4301 8.73
      vertex -44.0011 -24.1041 8.73
    endloop
  endfacet
  facet normal 0.252542 -0.935493 -0.247136
    outer loop
      vertex 32.5968 -37.7352 6.5475
      vertex -8.58884 -49.4301 8.73
      vertex -9.17881 -49.0128 6.5475
    endloop
  endfacet
  facet normal 0.273239 -0.961945 0.00168087
    outer loop
      vertex 32.5968 -37.7352 6.5475
      vertex 33.291 -37.5342 8.73
      vertex -8.58884 -49.4301 8.73
    endloop
  endfacet
  facet normal 0.888842 -0.385822 -0.247186
    outer loop
      vertex 49.8264 1.95768 6.5475
      vertex 33.291 -37.5342 8.73
      vertex 32.5968 -37.7352 6.5475
    endloop
  endfacet
  facet normal 0.922441 -0.386135 0.00171032
    outer loop
      vertex 49.8264 1.95768 6.5475
      vertex 50.102 2.62573 8.73
      vertex 33.291 -37.5342 8.73
    endloop
  endfacet
  facet normal 0.849657 0.46545 -0.24787
    outer loop
      vertex 50.3686 3.30133 10.9125
      vertex 50.102 2.62573 8.73
      vertex 29.1852 40.8084 8.73
    endloop
  endfacet
  facet normal 0.87066 0.49188 0.00249348
    outer loop
      vertex 50.3686 3.30133 10.9125
      vertex 29.1852 40.8084 8.73
      vertex 28.8232 41.4381 10.9125
    endloop
  endfacet
  facet normal 0.165851 0.954488 -0.247882
    outer loop
      vertex 28.8232 41.4381 10.9125
      vertex 29.1852 40.8084 8.73
      vertex -13.7086 48.2616 8.73
    endloop
  endfacet
  facet normal 0.15828 0.987391 0.00253186
    outer loop
      vertex 28.8232 41.4381 10.9125
      vertex -13.7086 48.2616 8.73
      vertex -14.4266 48.3711 10.9125
    endloop
  endfacet
  facet normal -0.64285 0.724786 -0.247849
    outer loop
      vertex -14.4266 48.3711 10.9125
      vertex -13.7086 48.2616 8.73
      vertex -46.2796 19.3727 8.73
    endloop
  endfacet
  facet normal -0.673287 0.739377 0.00249672
    outer loop
      vertex -14.4266 48.3711 10.9125
      vertex -46.2796 19.3727 8.73
      vertex -46.8129 18.8797 10.9125
    endloop
  endfacet
  facet normal -0.967469 -0.0507024 -0.247857
    outer loop
      vertex -46.2796 19.3727 8.73
      vertex -44.0011 -24.1041 8.73
      vertex -46.8129 18.8797 10.9125
    endloop
  endfacet
  facet normal -0.997856 -0.0654032 0.00252383
    outer loop
      vertex -44.0011 -24.1041 8.73
      vertex -43.9481 -24.8285 10.9125
      vertex -46.8129 18.8797 10.9125
    endloop
  endfacet
  facet normal -0.563565 -0.788009 -0.247865
    outer loop
      vertex -8.58884 -49.4301 8.73
      vertex -43.9481 -24.8285 10.9125
      vertex -44.0011 -24.1041 8.73
    endloop
  endfacet
  facet normal -0.57102 -0.820932 0.00247466
    outer loop
      vertex -8.58884 -49.4301 8.73
      vertex -7.98951 -49.8404 10.9125
      vertex -43.9481 -24.8285 10.9125
    endloop
  endfacet
  facet normal 0.264711 -0.931922 -0.247889
    outer loop
      vertex 33.291 -37.5342 8.73
      vertex -7.98951 -49.8404 10.9125
      vertex -8.58884 -49.4301 8.73
    endloop
  endfacet
  facet normal 0.285808 -0.958284 0.00250075
    outer loop
      vertex 33.291 -37.5342 8.73
      vertex 33.9854 -37.3214 10.9125
      vertex -7.98951 -49.8404 10.9125
    endloop
  endfacet
  facet normal 0.893658 -0.374087 -0.247858
    outer loop
      vertex 50.102 2.62573 8.73
      vertex 33.9854 -37.3214 10.9125
      vertex 33.291 -37.5342 8.73
    endloop
  endfacet
  facet normal 0.927414 -0.374027 0.0024945
    outer loop
      vertex 50.102 2.62573 8.73
      vertex 50.3686 3.30133 10.9125
      vertex 33.9854 -37.3214 10.9125
    endloop
  endfacet
  facet normal 0.843336 0.476443 -0.248568
    outer loop
      vertex 50.626 3.98436 13.095
      vertex 50.3686 3.30133 10.9125
      vertex 28.8232 41.4381 10.9125
    endloop
  endfacet
  facet normal 0.864145 0.503233 0.00329012
    outer loop
      vertex 50.626 3.98436 13.095
      vertex 28.8232 41.4381 10.9125
      vertex 28.4497 42.0652 13.095
    endloop
  endfacet
  facet normal 0.153313 0.956404 -0.248568
    outer loop
      vertex 28.4497 42.0652 13.095
      vertex 28.8232 41.4381 10.9125
      vertex -14.4266 48.3711 10.9125
    endloop
  endfacet
  facet normal 0.145342 0.989376 0.00328219
    outer loop
      vertex 28.4497 42.0652 13.095
      vertex -14.4266 48.3711 10.9125
      vertex -15.1498 48.4701 13.095
    endloop
  endfacet
  facet normal -0.652154 0.71617 -0.248586
    outer loop
      vertex -15.1498 48.4701 13.095
      vertex -14.4266 48.3711 10.9125
      vertex -46.8129 18.8797 10.9125
    endloop
  endfacet
  facet normal -0.682906 0.730499 0.00328657
    outer loop
      vertex -15.1498 48.4701 13.095
      vertex -46.8129 18.8797 10.9125
      vertex -47.3412 18.376 13.095
    endloop
  endfacet
  facet normal -0.966537 -0.0633505 -0.248582
    outer loop
      vertex -46.8129 18.8797 10.9125
      vertex -43.9481 -24.8285 10.9125
      vertex -47.3412 18.376 13.095
    endloop
  endfacet
  facet normal -0.996912 -0.0784589 0.00327775
    outer loop
      vertex -43.9481 -24.8285 10.9125
      vertex -43.8837 -25.5556 13.095
      vertex -47.3412 18.376 13.095
    endloop
  endfacet
  facet normal -0.553097 -0.795165 -0.248589
    outer loop
      vertex -7.98951 -49.8404 10.9125
      vertex -43.8837 -25.5556 13.095
      vertex -43.9481 -24.8285 10.9125
    endloop
  endfacet
  facet normal -0.560223 -0.828335 0.00331102
    outer loop
      vertex -7.98951 -49.8404 10.9125
      vertex -7.38089 -50.2433 13.095
      vertex -43.8837 -25.5556 13.095
    endloop
  endfacet
  facet normal 0.276839 -0.928214 -0.248553
    outer loop
      vertex 33.9854 -37.3214 10.9125
      vertex -7.38089 -50.2433 13.095
      vertex -7.98951 -49.8404 10.9125
    endloop
  endfacet
  facet normal 0.298325 -0.954459 0.00329192
    outer loop
      vertex 33.9854 -37.3214 10.9125
      vertex 34.6799 -37.0968 13.095
      vertex -7.38089 -50.2433 13.095
    endloop
  endfacet
  facet normal 0.898309 -0.362289 -0.248571
    outer loop
      vertex 50.3686 3.30133 10.9125
      vertex 34.6799 -37.0968 13.095
      vertex 33.9854 -37.3214 10.9125
    endloop
  endfacet
  facet normal 0.932229 -0.361855 0.00329987
    outer loop
      vertex 50.3686 3.30133 10.9125
      vertex 50.626 3.98436 13.095
      vertex 34.6799 -37.0968 13.095
    endloop
  endfacet
  facet normal 0.836861 0.487344 -0.249316
    outer loop
      vertex 50.8742 4.67468 15.2775
      vertex 50.626 3.98436 13.095
      vertex 28.4497 42.0652 13.095
    endloop
  endfacet
  facet normal 0.857481 0.5145 0.00404361
    outer loop
      vertex 50.8742 4.67468 15.2775
      vertex 28.4497 42.0652 13.095
      vertex 28.0647 42.6897 15.2775
    endloop
  endfacet
  facet normal 0.140753 0.958135 -0.249331
    outer loop
      vertex 28.0647 42.6897 15.2775
      vertex 28.4497 42.0652 13.095
      vertex -15.1498 48.4701 13.095
    endloop
  endfacet
  facet normal 0.132379 0.991191 0.00402167
    outer loop
      vertex 28.0647 42.6897 15.2775
      vertex -15.1498 48.4701 13.095
      vertex -15.878 48.5585 15.2775
    endloop
  endfacet
  facet normal -0.661345 0.707435 -0.249314
    outer loop
      vertex -15.878 48.5585 15.2775
      vertex -15.1498 48.4701 13.095
      vertex -47.3412 18.376 13.095
    endloop
  endfacet
  facet normal -0.692408 0.721495 0.0040623
    outer loop
      vertex -15.878 48.5585 15.2775
      vertex -47.3412 18.376 13.095
      vertex -47.8643 17.8617 15.2775
    endloop
  endfacet
  facet normal -0.965441 -0.075982 -0.249301
    outer loop
      vertex -47.3412 18.376 13.095
      vertex -43.8837 -25.5556 13.095
      vertex -47.8643 17.8617 15.2775
    endloop
  endfacet
  facet normal -0.995797 -0.0915002 0.00404235
    outer loop
      vertex -43.8837 -25.5556 13.095
      vertex -43.8078 -26.2852 15.2775
      vertex -47.8643 17.8617 15.2775
    endloop
  endfacet
  facet normal -0.542537 -0.802186 -0.2493
    outer loop
      vertex -7.38089 -50.2433 13.095
      vertex -43.8078 -26.2852 15.2775
      vertex -43.8837 -25.5556 13.095
    endloop
  endfacet
  facet normal -0.549331 -0.835595 0.00403926
    outer loop
      vertex -7.38089 -50.2433 13.095
      vertex -6.76309 -50.6389 15.2775
      vertex -43.8078 -26.2852 15.2775
    endloop
  endfacet
  facet normal 0.288906 -0.924322 -0.249323
    outer loop
      vertex 34.6799 -37.0968 13.095
      vertex -6.76309 -50.6389 15.2775
      vertex -7.38089 -50.2433 13.095
    endloop
  endfacet
  facet normal 0.310793 -0.950469 0.00405275
    outer loop
      vertex 34.6799 -37.0968 13.095
      vertex 35.3744 -36.8604 15.2775
      vertex -6.76309 -50.6389 15.2775
    endloop
  endfacet
  facet normal 0.902794 -0.350429 -0.249324
    outer loop
      vertex 50.626 3.98436 13.095
      vertex 35.3744 -36.8604 15.2775
      vertex 34.6799 -37.0968 13.095
    endloop
  endfacet
  facet normal 0.936883 -0.34962 0.00403913
    outer loop
      vertex 50.626 3.98436 13.095
      vertex 50.8742 4.67468 15.2775
      vertex 35.3744 -36.8604 15.2775
    endloop
  endfacet
  facet normal 0.830257 0.498165 -0.250012
    outer loop
      vertex 51.1129 5.37218 17.46
      vertex 50.8742 4.67468 15.2775
      vertex 28.0647 42.6897 15.2775
    endloop
  endfacet
  facet normal 0.85067 0.525678 0.00484851
    outer loop
      vertex 51.1129 5.37218 17.46
      vertex 28.0647 42.6897 15.2775
      vertex 27.6682 43.3112 17.46
    endloop
  endfacet
  facet normal 0.128176 0.959722 -0.250009
    outer loop
      vertex 27.6682 43.3112 17.46
      vertex 28.0647 42.6897 15.2775
      vertex -15.878 48.5585 15.2775
    endloop
  endfacet
  facet normal 0.119393 0.992835 0.00485416
    outer loop
      vertex 27.6682 43.3112 17.46
      vertex -15.878 48.5585 15.2775
      vertex -16.6112 48.636 17.46
    endloop
  endfacet
  facet normal -0.670421 0.698584 -0.250031
    outer loop
      vertex -16.6112 48.636 17.46
      vertex -15.878 48.5585 15.2775
      vertex -47.8643 17.8617 15.2775
    endloop
  endfacet
  facet normal -0.701791 0.712367 0.00482623
    outer loop
      vertex -16.6112 48.636 17.46
      vertex -47.8643 17.8617 15.2775
      vertex -48.382 17.3369 17.46
    endloop
  endfacet
  facet normal -0.964181 -0.0885951 -0.250012
    outer loop
      vertex -47.8643 17.8617 15.2775
      vertex -43.8078 -26.2852 15.2775
      vertex -48.382 17.3369 17.46
    endloop
  endfacet
  facet normal -0.99451 -0.104527 0.00485921
    outer loop
      vertex -43.8078 -26.2852 15.2775
      vertex -43.7202 -27.0172 17.46
      vertex -48.382 17.3369 17.46
    endloop
  endfacet
  facet normal -0.531891 -0.809066 -0.250008
    outer loop
      vertex -6.76309 -50.6389 15.2775
      vertex -43.7202 -27.0172 17.46
      vertex -43.8078 -26.2852 15.2775
    endloop
  endfacet
  facet normal -0.538345 -0.842711 0.00485472
    outer loop
      vertex -6.76309 -50.6389 15.2775
      vertex -6.1362 -51.0268 17.46
      vertex -43.7202 -27.0172 17.46
    endloop
  endfacet
  facet normal 0.300926 -0.920295 -0.250002
    outer loop
      vertex 35.3744 -36.8604 15.2775
      vertex -6.1362 -51.0268 17.46
      vertex -6.76309 -50.6389 15.2775
    endloop
  endfacet
  facet normal 0.323205 -0.946317 0.00482891
    outer loop
      vertex 35.3744 -36.8604 15.2775
      vertex 36.0685 -36.6122 17.46
      vertex -6.1362 -51.0268 17.46
    endloop
  endfacet
  facet normal 0.90714 -0.338521 -0.25
    outer loop
      vertex 50.8742 4.67468 15.2775
      vertex 36.0685 -36.6122 17.46
      vertex 35.3744 -36.8604 15.2775
    endloop
  endfacet
  facet normal 0.941375 -0.337326 0.00484704
    outer loop
      vertex 50.8742 4.67468 15.2775
      vertex 51.1129 5.37218 17.46
      vertex 36.0685 -36.6122 17.46
    endloop
  endfacet
  facet normal 0.823508 0.508893 -0.250722
    outer loop
      vertex 51.342 6.07672 19.6425
      vertex 51.1129 5.37218 17.46
      vertex 27.6682 43.3112 17.46
    endloop
  endfacet
  facet normal 0.843713 0.536765 0.00563528
    outer loop
      vertex 51.342 6.07672 19.6425
      vertex 27.6682 43.3112 17.46
      vertex 27.2602 43.9296 19.6425
    endloop
  endfacet
  facet normal 0.115581 0.961134 -0.250725
    outer loop
      vertex 27.2602 43.9296 19.6425
      vertex 27.6682 43.3112 17.46
      vertex -16.6112 48.636 17.46
    endloop
  endfacet
  facet normal 0.106385 0.994309 0.0056674
    outer loop
      vertex 27.2602 43.9296 19.6425
      vertex -16.6112 48.636 17.46
      vertex -17.349 48.7025 19.6425
    endloop
  endfacet
  facet normal -0.67939 0.689629 -0.250682
    outer loop
      vertex -17.349 48.7025 19.6425
      vertex -16.6112 48.636 17.46
      vertex -48.382 17.3369 17.46
    endloop
  endfacet
  facet normal -0.711051 0.703118 0.00564503
    outer loop
      vertex -17.349 48.7025 19.6425
      vertex -48.382 17.3369 17.46
      vertex -48.8941 16.8015 19.6425
    endloop
  endfacet
  facet normal -0.962756 -0.10119 -0.250724
    outer loop
      vertex -48.382 17.3369 17.46
      vertex -43.7202 -27.0172 17.46
      vertex -48.8941 16.8015 19.6425
    endloop
  endfacet
  facet normal -0.993053 -0.117536 0.00564274
    outer loop
      vertex -43.7202 -27.0172 17.46
      vertex -43.6209 -27.7514 19.6425
      vertex -48.8941 16.8015 19.6425
    endloop
  endfacet
  facet normal -0.521155 -0.815802 -0.250727
    outer loop
      vertex -6.1362 -51.0268 17.46
      vertex -43.6209 -27.7514 19.6425
      vertex -43.7202 -27.0172 17.46
    endloop
  endfacet
  facet normal -0.527265 -0.849682 0.00564655
    outer loop
      vertex -6.1362 -51.0268 17.46
      vertex -5.5003 -51.4069 19.6425
      vertex -43.6209 -27.7514 19.6425
    endloop
  endfacet
  facet normal 0.312886 -0.916104 -0.25071
    outer loop
      vertex 36.0685 -36.6122 17.46
      vertex -5.5003 -51.4069 19.6425
      vertex -6.1362 -51.0268 17.46
    endloop
  endfacet
  facet normal 0.335563 -0.942001 0.00564885
    outer loop
      vertex 36.0685 -36.6122 17.46
      vertex 36.7622 -36.352 19.6425
      vertex -5.5003 -51.4069 19.6425
    endloop
  endfacet
  facet normal 0.911317 -0.326555 -0.250727
    outer loop
      vertex 51.1129 5.37218 17.46
      vertex 36.7622 -36.352 19.6425
      vertex 36.0685 -36.6122 17.46
    endloop
  endfacet
  facet normal 0.945706 -0.324973 0.00563368
    outer loop
      vertex 51.1129 5.37218 17.46
      vertex 51.342 6.07672 19.6425
      vertex 36.7622 -36.352 19.6425
    endloop
  endfacet
  facet normal 0.816625 0.519533 -0.251415
    outer loop
      vertex 51.5613 6.78818 21.825
      vertex 51.342 6.07672 19.6425
      vertex 27.2602 43.9296 19.6425
    endloop
  endfacet
  facet normal 0.836611 0.54776 0.0064158
    outer loop
      vertex 51.5613 6.78818 21.825
      vertex 27.2602 43.9296 19.6425
      vertex 26.8408 44.5446 21.825
    endloop
  endfacet
  facet normal 0.10297 0.96239 -0.251402
    outer loop
      vertex 26.8408 44.5446 21.825
      vertex 27.2602 43.9296 19.6425
      vertex -17.349 48.7025 19.6425
    endloop
  endfacet
  facet normal 0.0933629 0.995612 0.00639906
    outer loop
      vertex 26.8408 44.5446 21.825
      vertex -17.349 48.7025 19.6425
      vertex -18.0915 48.7581 21.825
    endloop
  endfacet
  facet normal -0.688212 0.680534 -0.251471
    outer loop
      vertex -18.0915 48.7581 21.825
      vertex -17.349 48.7025 19.6425
      vertex -48.8941 16.8015 19.6425
    endloop
  endfacet
  facet normal -0.720191 0.693746 0.00642085
    outer loop
      vertex -18.0915 48.7581 21.825
      vertex -48.8941 16.8015 19.6425
      vertex -49.4004 16.2557 21.825
    endloop
  endfacet
  facet normal -0.961168 -0.113762 -0.251423
    outer loop
      vertex -48.8941 16.8015 19.6425
      vertex -43.6209 -27.7514 19.6425
      vertex -49.4004 16.2557 21.825
    endloop
  endfacet
  facet normal -0.991425 -0.130522 0.00639533
    outer loop
      vertex -43.6209 -27.7514 19.6425
      vertex -43.5099 -28.4876 21.825
      vertex -49.4004 16.2557 21.825
    endloop
  endfacet
  facet normal -0.510332 -0.822394 -0.251455
    outer loop
      vertex -5.5003 -51.4069 19.6425
      vertex -43.5099 -28.4876 21.825
      vertex -43.6209 -27.7514 19.6425
    endloop
  endfacet
  facet normal -0.516095 -0.856507 0.00641057
    outer loop
      vertex -5.5003 -51.4069 19.6425
      vertex -4.85549 -51.7791 21.825
      vertex -43.5099 -28.4876 21.825
    endloop
  endfacet
  facet normal 0.324787 -0.91175 -0.251445
    outer loop
      vertex 36.7622 -36.352 19.6425
      vertex -4.85549 -51.7791 21.825
      vertex -5.5003 -51.4069 19.6425
    endloop
  endfacet
  facet normal 0.347864 -0.937523 0.00642856
    outer loop
      vertex 36.7622 -36.352 19.6425
      vertex 37.4552 -36.0799 21.825
      vertex -4.85549 -51.7791 21.825
    endloop
  endfacet
  facet normal 0.915341 -0.314539 -0.25143
    outer loop
      vertex 51.342 6.07672 19.6425
      vertex 37.4552 -36.0799 21.825
      vertex 36.7622 -36.352 19.6425
    endloop
  endfacet
  facet normal 0.949875 -0.312564 0.00644647
    outer loop
      vertex 51.342 6.07672 19.6425
      vertex 51.5613 6.78818 21.825
      vertex 37.4552 -36.0799 21.825
    endloop
  endfacet
  facet normal 0.809595 0.530071 -0.252153
    outer loop
      vertex 51.7708 7.50641 24.0075
      vertex 51.5613 6.78818 21.825
      vertex 26.8408 44.5446 21.825
    endloop
  endfacet
  facet normal 0.829364 0.558662 0.00722947
    outer loop
      vertex 51.7708 7.50641 24.0075
      vertex 26.8408 44.5446 21.825
      vertex 26.4098 45.1562 24.0075
    endloop
  endfacet
  facet normal 0.0903481 0.963462 -0.252148
    outer loop
      vertex 26.4098 45.1562 24.0075
      vertex 26.8408 44.5446 21.825
      vertex -18.0915 48.7581 21.825
    endloop
  endfacet
  facet normal 0.0803221 0.996743 0.00720696
    outer loop
      vertex 26.4098 45.1562 24.0075
      vertex -18.0915 48.7581 21.825
      vertex -18.8383 48.8025 24.0075
    endloop
  endfacet
  facet normal -0.696938 0.671346 -0.252133
    outer loop
      vertex -18.8383 48.8025 24.0075
      vertex -18.0915 48.7581 21.825
      vertex -49.4004 16.2557 21.825
    endloop
  endfacet
  facet normal -0.729206 0.684257 0.00718859
    outer loop
      vertex -18.8383 48.8025 24.0075
      vertex -49.4004 16.2557 21.825
      vertex -49.9008 15.6995 24.0075
    endloop
  endfacet
  facet normal -0.959407 -0.126307 -0.25216
    outer loop
      vertex -49.4004 16.2557 21.825
      vertex -43.5099 -28.4876 21.825
      vertex -49.9008 15.6995 24.0075
    endloop
  endfacet
  facet normal -0.989626 -0.143488 0.00720764
    outer loop
      vertex -43.5099 -28.4876 21.825
      vertex -43.387 -29.2256 24.0075
      vertex -49.9008 15.6995 24.0075
    endloop
  endfacet
  facet normal -0.49943 -0.82885 -0.252147
    outer loop
      vertex -4.85549 -51.7791 21.825
      vertex -43.387 -29.2256 24.0075
      vertex -43.5099 -28.4876 21.825
    endloop
  endfacet
  facet normal -0.504837 -0.863185 0.00718504
    outer loop
      vertex -4.85549 -51.7791 21.825
      vertex -4.20188 -52.1432 24.0075
      vertex -43.387 -29.2256 24.0075
    endloop
  endfacet
  facet normal 0.336629 -0.907245 -0.252166
    outer loop
      vertex 37.4552 -36.0799 21.825
      vertex -4.20188 -52.1432 24.0075
      vertex -4.85549 -51.7791 21.825
    endloop
  endfacet
  facet normal 0.360105 -0.932884 0.00719847
    outer loop
      vertex 37.4552 -36.0799 21.825
      vertex 38.1473 -35.7959 24.0075
      vertex -4.20188 -52.1432 24.0075
    endloop
  endfacet
  facet normal 0.919206 -0.302472 -0.252133
    outer loop
      vertex 51.5613 6.78818 21.825
      vertex 38.1473 -35.7959 24.0075
      vertex 37.4552 -36.0799 21.825
    endloop
  endfacet
  facet normal 0.953879 -0.300104 0.00719616
    outer loop
      vertex 51.5613 6.78818 21.825
      vertex 51.7708 7.50641 24.0075
      vertex 38.1473 -35.7959 24.0075
    endloop
  endfacet
  facet normal 0.80243 0.540519 -0.252873
    outer loop
      vertex 51.9703 8.23129 26.19
      vertex 51.7708 7.50641 24.0075
      vertex 26.4098 45.1562 24.0075
    endloop
  endfacet
  facet normal 0.821976 0.569466 0.00796394
    outer loop
      vertex 51.9703 8.23129 26.19
      vertex 26.4098 45.1562 24.0075
      vertex 25.9675 45.7641 26.19
    endloop
  endfacet
  facet normal 0.0777139 0.964376 -0.252862
    outer loop
      vertex 25.9675 45.7641 26.19
      vertex 26.4098 45.1562 24.0075
      vertex -18.8383 48.8025 24.0075
    endloop
  endfacet
  facet normal 0.0672685 0.997703 0.00797326
    outer loop
      vertex 25.9675 45.7641 26.19
      vertex -18.8383 48.8025 24.0075
      vertex -19.5894 48.8357 26.19
    endloop
  endfacet
  facet normal -0.705524 0.662035 -0.252875
    outer loop
      vertex -19.5894 48.8357 26.19
      vertex -18.8383 48.8025 24.0075
      vertex -49.9008 15.6995 24.0075
    endloop
  endfacet
  facet normal -0.738097 0.674647 0.00801279
    outer loop
      vertex -19.5894 48.8357 26.19
      vertex -49.9008 15.6995 24.0075
      vertex -50.395 15.1329 26.19
    endloop
  endfacet
  facet normal -0.957492 -0.138829 -0.252854
    outer loop
      vertex -49.9008 15.6995 24.0075
      vertex -43.387 -29.2256 24.0075
      vertex -50.395 15.1329 26.19
    endloop
  endfacet
  facet normal -0.987657 -0.156429 0.00799153
    outer loop
      vertex -43.387 -29.2256 24.0075
      vertex -43.2522 -29.9652 26.19
      vertex -50.395 15.1329 26.19
    endloop
  endfacet
  facet normal -0.488446 -0.835158 -0.252848
    outer loop
      vertex -4.20188 -52.1432 24.0075
      vertex -43.2522 -29.9652 26.19
      vertex -43.387 -29.2256 24.0075
    endloop
  endfacet
  facet normal -0.493492 -0.869713 0.00801263
    outer loop
      vertex -4.20188 -52.1432 24.0075
      vertex -3.53957 -52.4989 26.19
      vertex -43.2522 -29.9652 26.19
    endloop
  endfacet
  facet normal 0.348414 -0.902598 -0.252835
    outer loop
      vertex 38.1473 -35.7959 24.0075
      vertex -3.53957 -52.4989 26.19
      vertex -4.20188 -52.1432 24.0075
    endloop
  endfacet
  facet normal 0.372281 -0.928086 0.00798612
    outer loop
      vertex 38.1473 -35.7959 24.0075
      vertex 38.8384 -35.4999 26.19
      vertex -3.53957 -52.4989 26.19
    endloop
  endfacet
  facet normal 0.922904 -0.290358 -0.252863
    outer loop
      vertex 51.7708 7.50641 24.0075
      vertex 38.8384 -35.4999 26.19
      vertex 38.1473 -35.7959 24.0075
    endloop
  endfacet
  facet normal 0.95772 -0.287591 0.00797416
    outer loop
      vertex 51.7708 7.50641 24.0075
      vertex 51.9703 8.23129 26.19
      vertex 38.8384 -35.4999 26.19
    endloop
  endfacet
  facet normal 0.795137 0.550872 -0.253567
    outer loop
      vertex 52.1596 8.96266 28.3725
      vertex 51.9703 8.23129 26.19
      vertex 25.9675 45.7641 26.19
    endloop
  endfacet
  facet normal 0.814446 0.580173 0.00878386
    outer loop
      vertex 52.1596 8.96266 28.3725
      vertex 25.9675 45.7641 26.19
      vertex 25.5137 46.3681 28.3725
    endloop
  endfacet
  facet normal 0.0650721 0.965127 -0.253566
    outer loop
      vertex 25.5137 46.3681 28.3725
      vertex 25.9675 45.7641 26.19
      vertex -19.5894 48.8357 26.19
    endloop
  endfacet
  facet normal 0.0542028 0.998491 0.00877959
    outer loop
      vertex 25.5137 46.3681 28.3725
      vertex -19.5894 48.8357 26.19
      vertex -20.3445 48.8575 28.3725
    endloop
  endfacet
  facet normal -0.714001 0.652623 -0.253548
    outer loop
      vertex -20.3445 48.8575 28.3725
      vertex -19.5894 48.8357 26.19
      vertex -50.395 15.1329 26.19
    endloop
  endfacet
  facet normal -0.746859 0.664925 0.00876819
    outer loop
      vertex -20.3445 48.8575 28.3725
      vertex -50.395 15.1329 26.19
      vertex -50.8829 14.5561 28.3725
    endloop
  endfacet
  facet normal -0.955407 -0.151321 -0.253574
    outer loop
      vertex -50.395 15.1329 26.19
      vertex -43.2522 -29.9652 26.19
      vertex -50.8829 14.5561 28.3725
    endloop
  endfacet
  facet normal -0.985518 -0.169343 0.00878535
    outer loop
      vertex -43.2522 -29.9652 26.19
      vertex -43.1054 -30.7063 28.3725
      vertex -50.8829 14.5561 28.3725
    endloop
  endfacet
  facet normal -0.477378 -0.841315 -0.253571
    outer loop
      vertex -3.53957 -52.4989 26.19
      vertex -43.1054 -30.7063 28.3725
      vertex -43.2522 -29.9652 26.19
    endloop
  endfacet
  facet normal -0.482062 -0.876093 0.00877583
    outer loop
      vertex -3.53957 -52.4989 26.19
      vertex -2.86866 -52.8462 28.3725
      vertex -43.1054 -30.7063 28.3725
    endloop
  endfacet
  facet normal 0.360126 -0.897782 -0.253568
    outer loop
      vertex 38.8384 -35.4999 26.19
      vertex -2.86866 -52.8462 28.3725
      vertex -3.53957 -52.4989 26.19
    endloop
  endfacet
  facet normal 0.384395 -0.923127 0.00876486
    outer loop
      vertex 38.8384 -35.4999 26.19
      vertex 39.5283 -35.1919 28.3725
      vertex -2.86866 -52.8462 28.3725
    endloop
  endfacet
  facet normal 0.926443 -0.278199 -0.253593
    outer loop
      vertex 51.9703 8.23129 26.19
      vertex 39.5283 -35.1919 28.3725
      vertex 38.8384 -35.4999 26.19
    endloop
  endfacet
  facet normal 0.961397 -0.275027 0.00877617
    outer loop
      vertex 51.9703 8.23129 26.19
      vertex 52.1596 8.96266 28.3725
      vertex 39.5283 -35.1919 28.3725
    endloop
  endfacet
  facet normal 0.787706 0.561126 -0.254277
    outer loop
      vertex 52.3386 9.70039 30.555
      vertex 52.1596 8.96266 28.3725
      vertex 25.5137 46.3681 28.3725
    endloop
  endfacet
  facet normal 0.806776 0.59078 0.00955076
    outer loop
      vertex 52.3386 9.70039 30.555
      vertex 25.5137 46.3681 28.3725
      vertex 25.0485 46.9681 30.555
    endloop
  endfacet
  facet normal 0.0524228 0.965701 -0.254311
    outer loop
      vertex 25.0485 46.9681 30.555
      vertex 25.5137 46.3681 28.3725
      vertex -20.3445 48.8575 28.3725
    endloop
  endfacet
  facet normal 0.041125 0.999108 0.00958863
    outer loop
      vertex 25.0485 46.9681 30.555
      vertex -20.3445 48.8575 28.3725
      vertex -21.1036 48.8678 30.555
    endloop
  endfacet
  facet normal -0.722339 0.643095 -0.254273
    outer loop
      vertex -21.1036 48.8678 30.555
      vertex -20.3445 48.8575 28.3725
      vertex -50.8829 14.5561 28.3725
    endloop
  endfacet
  facet normal -0.755492 0.655088 0.00954995
    outer loop
      vertex -21.1036 48.8678 30.555
      vertex -50.8829 14.5561 28.3725
      vertex -51.3643 13.9691 30.555
    endloop
  endfacet
  facet normal -0.953159 -0.163783 -0.254291
    outer loop
      vertex -50.8829 14.5561 28.3725
      vertex -43.1054 -30.7063 28.3725
      vertex -51.3643 13.9691 30.555
    endloop
  endfacet
  facet normal -0.98321 -0.182228 0.00956062
    outer loop
      vertex -43.1054 -30.7063 28.3725
      vertex -42.9466 -31.4486 30.555
      vertex -51.3643 13.9691 30.555
    endloop
  endfacet
  facet normal -0.466237 -0.847332 -0.254266
    outer loop
      vertex -2.86866 -52.8462 28.3725
      vertex -42.9466 -31.4486 30.555
      vertex -43.1054 -30.7063 28.3725
    endloop
  endfacet
  facet normal -0.470551 -0.882321 0.00955327
    outer loop
      vertex -2.86866 -52.8462 28.3725
      vertex -2.18926 -53.1849 30.555
      vertex -42.9466 -31.4486 30.555
    endloop
  endfacet
  facet normal 0.371773 -0.892817 -0.254286
    outer loop
      vertex 39.5283 -35.1919 28.3725
      vertex -2.18926 -53.1849 30.555
      vertex -2.86866 -52.8462 28.3725
    endloop
  endfacet
  facet normal 0.396442 -0.91801 0.00955432
    outer loop
      vertex 39.5283 -35.1919 28.3725
      vertex 40.2167 -34.8719 30.555
      vertex -2.18926 -53.1849 30.555
    endloop
  endfacet
  facet normal 0.929831 -0.265997 -0.254285
    outer loop
      vertex 52.1596 8.96266 28.3725
      vertex 40.2167 -34.8719 30.555
      vertex 39.5283 -35.1919 28.3725
    endloop
  endfacet
  facet normal 0.964907 -0.262417 0.00956436
    outer loop
      vertex 52.1596 8.96266 28.3725
      vertex 52.3386 9.70039 30.555
      vertex 40.2167 -34.8719 30.555
    endloop
  endfacet
  facet normal 0.780143 0.571277 -0.254988
    outer loop
      vertex 52.5072 10.4443 32.7375
      vertex 52.3386 9.70039 30.555
      vertex 25.0485 46.9681 30.555
    endloop
  endfacet
  facet normal 0.798968 0.601285 0.0103473
    outer loop
      vertex 52.5072 10.4443 32.7375
      vertex 25.0485 46.9681 30.555
      vertex 24.572 47.5637 32.7375
    endloop
  endfacet
  facet normal 0.0397676 0.96613 -0.254973
    outer loop
      vertex 24.572 47.5637 32.7375
      vertex 25.0485 46.9681 30.555
      vertex -21.1036 48.8678 30.555
    endloop
  endfacet
  facet normal 0.028044 0.999553 0.0103512
    outer loop
      vertex 24.572 47.5637 32.7375
      vertex -21.1036 48.8678 30.555
      vertex -21.8664 48.8666 32.7375
    endloop
  endfacet
  facet normal -0.730553 0.633463 -0.254985
    outer loop
      vertex -21.8664 48.8666 32.7375
      vertex -21.1036 48.8678 30.555
      vertex -51.3643 13.9691 30.555
    endloop
  endfacet
  facet normal -0.763996 0.645139 0.0103292
    outer loop
      vertex -21.8664 48.8666 32.7375
      vertex -51.3643 13.9691 30.555
      vertex -51.839 13.372 32.7375
    endloop
  endfacet
  facet normal -0.95075 -0.176212 -0.255
    outer loop
      vertex -51.3643 13.9691 30.555
      vertex -42.9466 -31.4486 30.555
      vertex -51.839 13.372 32.7375
    endloop
  endfacet
  facet normal -0.980733 -0.195081 0.0103477
    outer loop
      vertex -42.9466 -31.4486 30.555
      vertex -42.7757 -32.192 32.7375
      vertex -51.839 13.372 32.7375
    endloop
  endfacet
  facet normal -0.455018 -0.853195 -0.254984
    outer loop
      vertex -2.18926 -53.1849 30.555
      vertex -42.7757 -32.192 32.7375
      vertex -42.9466 -31.4486 30.555
    endloop
  endfacet
  facet normal -0.458958 -0.888398 0.0103458
    outer loop
      vertex -2.18926 -53.1849 30.555
      vertex -1.50148 -53.5148 32.7375
      vertex -42.7757 -32.192 32.7375
    endloop
  endfacet
  facet normal 0.383355 -0.887704 -0.254991
    outer loop
      vertex 40.2167 -34.8719 30.555
      vertex -1.50148 -53.5148 32.7375
      vertex -2.18926 -53.1849 30.555
    endloop
  endfacet
  facet normal 0.408423 -0.912734 0.0103802
    outer loop
      vertex 40.2167 -34.8719 30.555
      vertex 40.9034 -34.5398 32.7375
      vertex -1.50148 -53.5148 32.7375
    endloop
  endfacet
  facet normal 0.93306 -0.253755 -0.254965
    outer loop
      vertex 52.3386 9.70039 30.555
      vertex 40.9034 -34.5398 32.7375
      vertex 40.2167 -34.8719 30.555
    endloop
  endfacet
  facet normal 0.968252 -0.249764 0.0103343
    outer loop
      vertex 52.3386 9.70039 30.555
      vertex 52.5072 10.4443 32.7375
      vertex 40.9034 -34.5398 32.7375
    endloop
  endfacet
  facet normal 0.772451 0.581328 -0.25569
    outer loop
      vertex 52.6652 11.1943 34.92
      vertex 52.5072 10.4443 32.7375
      vertex 24.572 47.5637 32.7375
    endloop
  endfacet
  facet normal 0.791022 0.611686 0.011139
    outer loop
      vertex 52.6652 11.1943 34.92
      vertex 24.572 47.5637 32.7375
      vertex 24.0841 48.1549 34.92
    endloop
  endfacet
  facet normal 0.0271131 0.966373 -0.255712
    outer loop
      vertex 24.0841 48.1549 34.92
      vertex 24.572 47.5637 32.7375
      vertex -21.8664 48.8666 32.7375
    endloop
  endfacet
  facet normal 0.0149577 0.999826 0.0111163
    outer loop
      vertex 24.0841 48.1549 34.92
      vertex -21.8664 48.8666 32.7375
      vertex -22.6328 48.8538 34.92
    endloop
  endfacet
  facet normal -0.738633 0.623722 -0.255718
    outer loop
      vertex -22.6328 48.8538 34.92
      vertex -21.8664 48.8666 32.7375
      vertex -51.839 13.372 32.7375
    endloop
  endfacet
  facet normal -0.772369 0.635077 0.011136
    outer loop
      vertex -22.6328 48.8538 34.92
      vertex -51.839 13.372 32.7375
      vertex -52.3068 12.7648 34.92
    endloop
  endfacet
  facet normal -0.948178 -0.188606 -0.255706
    outer loop
      vertex -51.839 13.372 32.7375
      vertex -42.7757 -32.192 32.7375
      vertex -52.3068 12.7648 34.92
    endloop
  endfacet
  facet normal -0.978087 -0.207899 0.0111113
    outer loop
      vertex -42.7757 -32.192 32.7375
      vertex -42.5927 -32.9363 34.92
      vertex -52.3068 12.7648 34.92
    endloop
  endfacet
  facet normal -0.443723 -0.858908 -0.255709
    outer loop
      vertex -1.50148 -53.5148 32.7375
      vertex -42.5927 -32.9363 34.92
      vertex -42.7757 -32.192 32.7375
    endloop
  endfacet
  facet normal -0.447286 -0.894322 0.0111118
    outer loop
      vertex -1.50148 -53.5148 32.7375
      vertex -0.805441 -53.8358 34.92
      vertex -42.5927 -32.9363 34.92
    endloop
  endfacet
  facet normal 0.394865 -0.882434 -0.255717
    outer loop
      vertex 40.9034 -34.5398 32.7375
      vertex -0.805441 -53.8358 34.92
      vertex -1.50148 -53.5148 32.7375
    endloop
  endfacet
  facet normal 0.420332 -0.907303 0.0111006
    outer loop
      vertex 40.9034 -34.5398 32.7375
      vertex 41.5883 -34.1958 34.92
      vertex -0.805441 -53.8358 34.92
    endloop
  endfacet
  facet normal 0.936112 -0.241473 -0.255705
    outer loop
      vertex 52.5072 10.4443 32.7375
      vertex 41.5883 -34.1958 34.92
      vertex 40.9034 -34.5398 32.7375
    endloop
  endfacet
  facet normal 0.97143 -0.237066 0.0111401
    outer loop
      vertex 52.5072 10.4443 32.7375
      vertex 52.6652 11.1943 34.92
      vertex 41.5883 -34.1958 34.92
    endloop
  endfacet
  facet normal 0.764623 0.591272 -0.256417
    outer loop
      vertex 52.8125 11.9503 37.1025
      vertex 52.6652 11.1943 34.92
      vertex 24.0841 48.1549 34.92
    endloop
  endfacet
  facet normal 0.782941 0.621982 0.0119007
    outer loop
      vertex 52.8125 11.9503 37.1025
      vertex 24.0841 48.1549 34.92
      vertex 23.585 48.7414 37.1025
    endloop
  endfacet
  facet normal 0.0144586 0.96646 -0.256409
    outer loop
      vertex 23.585 48.7414 37.1025
      vertex 24.0841 48.1549 34.92
      vertex -22.6328 48.8538 34.92
    endloop
  endfacet
  facet normal 0.00186845 0.999927 0.0119296
    outer loop
      vertex 23.585 48.7414 37.1025
      vertex -22.6328 48.8538 34.92
      vertex -23.4025 48.8292 37.1025
    endloop
  endfacet
  facet normal -0.746599 0.613887 -0.256383
    outer loop
      vertex -23.4025 48.8292 37.1025
      vertex -22.6328 48.8538 34.92
      vertex -52.3068 12.7648 34.92
    endloop
  endfacet
  facet normal -0.780608 0.624908 0.011915
    outer loop
      vertex -23.4025 48.8292 37.1025
      vertex -52.3068 12.7648 34.92
      vertex -52.7675 12.1477 37.1025
    endloop
  endfacet
  facet normal -0.94545 -0.200962 -0.256395
    outer loop
      vertex -52.3068 12.7648 34.92
      vertex -42.5927 -32.9363 34.92
      vertex -52.7675 12.1477 37.1025
    endloop
  endfacet
  facet normal -0.975273 -0.220683 0.0119414
    outer loop
      vertex -42.5927 -32.9363 34.92
      vertex -42.3974 -33.6813 37.1025
      vertex -52.7675 12.1477 37.1025
    endloop
  endfacet
  facet normal -0.432361 -0.864478 -0.256401
    outer loop
      vertex -0.805441 -53.8358 34.92
      vertex -42.3974 -33.6813 37.1025
      vertex -42.5927 -32.9363 34.92
    endloop
  endfacet
  facet normal -0.435537 -0.900092 0.0119361
    outer loop
      vertex -0.805441 -53.8358 34.92
      vertex -0.101255 -54.1476 37.1025
      vertex -42.3974 -33.6813 37.1025
    endloop
  endfacet
  facet normal 0.406306 -0.877029 -0.256391
    outer loop
      vertex 41.5883 -34.1958 34.92
      vertex -0.101255 -54.1476 37.1025
      vertex -0.805441 -53.8358 34.92
    endloop
  endfacet
  facet normal 0.432168 -0.901714 0.0119419
    outer loop
      vertex 41.5883 -34.1958 34.92
      vertex 42.2712 -33.8396 37.1025
      vertex -0.101255 -54.1476 37.1025
    endloop
  endfacet
  facet normal 0.93901 -0.229154 -0.256415
    outer loop
      vertex 52.6652 11.1943 34.92
      vertex 42.2712 -33.8396 37.1025
      vertex 41.5883 -34.1958 34.92
    endloop
  endfacet
  facet normal 0.974441 -0.224326 0.0119384
    outer loop
      vertex 52.6652 11.1943 34.92
      vertex 52.8125 11.9503 37.1025
      vertex 42.2712 -33.8396 37.1025
    endloop
  endfacet
  facet normal 0.756671 0.601113 -0.257122
    outer loop
      vertex 52.9491 12.7119 39.285
      vertex 52.8125 11.9503 37.1025
      vertex 23.585 48.7414 37.1025
    endloop
  endfacet
  facet normal 0.774724 0.632172 0.012714
    outer loop
      vertex 52.9491 12.7119 39.285
      vertex 23.585 48.7414 37.1025
      vertex 23.0746 49.323 39.285
    endloop
  endfacet
  facet normal 0.00180576 0.966382 -0.257103
    outer loop
      vertex 23.0746 49.323 39.285
      vertex 23.585 48.7414 37.1025
      vertex -23.4025 48.8292 37.1025
    endloop
  endfacet
  facet normal -0.0112195 0.999856 0.012702
    outer loop
      vertex 23.0746 49.323 39.285
      vertex -23.4025 48.8292 37.1025
      vertex -24.1755 48.7928 39.285
    endloop
  endfacet
  facet normal -0.754415 0.60394 -0.257127
    outer loop
      vertex -24.1755 48.7928 39.285
      vertex -23.4025 48.8292 37.1025
      vertex -52.7675 12.1477 37.1025
    endloop
  endfacet
  facet normal -0.788713 0.61463 0.0126881
    outer loop
      vertex -24.1755 48.7928 39.285
      vertex -52.7675 12.1477 37.1025
      vertex -53.221 11.5207 39.285
    endloop
  endfacet
  facet normal -0.94255 -0.213278 -0.257123
    outer loop
      vertex -52.7675 12.1477 37.1025
      vertex -42.3974 -33.6813 37.1025
      vertex -53.221 11.5207 39.285
    endloop
  endfacet
  facet normal -0.972291 -0.233428 0.0127055
    outer loop
      vertex -42.3974 -33.6813 37.1025
      vertex -42.1899 -34.4268 39.285
      vertex -53.221 11.5207 39.285
    endloop
  endfacet
  facet normal -0.420924 -0.869892 -0.257119
    outer loop
      vertex -0.101255 -54.1476 37.1025
      vertex -42.1899 -34.4268 39.285
      vertex -42.3974 -33.6813 37.1025
    endloop
  endfacet
  facet normal -0.423714 -0.905707 0.0126949
    outer loop
      vertex -0.101255 -54.1476 37.1025
      vertex 0.610955 -54.4502 39.285
      vertex -42.1899 -34.4268 39.285
    endloop
  endfacet
  facet normal 0.417668 -0.871459 -0.257123
    outer loop
      vertex 42.2712 -33.8396 37.1025
      vertex 0.610955 -54.4502 39.285
      vertex -0.101255 -54.1476 37.1025
    endloop
  endfacet
  facet normal 0.443929 -0.895972 0.0126778
    outer loop
      vertex 42.2712 -33.8396 37.1025
      vertex 42.9518 -33.4715 39.285
      vertex 0.610955 -54.4502 39.285
    endloop
  endfacet
  facet normal 0.941749 -0.2168 -0.257113
    outer loop
      vertex 52.8125 11.9503 37.1025
      vertex 42.9518 -33.4715 39.285
      vertex 42.2712 -33.8396 37.1025
    endloop
  endfacet
  facet normal 0.977285 -0.211552 0.0126558
    outer loop
      vertex 52.8125 11.9503 37.1025
      vertex 52.9491 12.7119 39.285
      vertex 42.9518 -33.4715 39.285
    endloop
  endfacet
  facet normal 0.748597 0.610852 -0.257803
    outer loop
      vertex 53.0746 13.4792 41.4675
      vertex 52.9491 12.7119 39.285
      vertex 23.0746 49.323 39.285
    endloop
  endfacet
  facet normal 0.766376 0.642251 0.01348
    outer loop
      vertex 53.0746 13.4792 41.4675
      vertex 23.0746 49.323 39.285
      vertex 22.553 49.8996 41.4675
    endloop
  endfacet
  facet normal -0.0108411 0.966128 -0.257835
    outer loop
      vertex 22.553 49.8996 41.4675
      vertex 23.0746 49.323 39.285
      vertex -24.1755 48.7928 39.285
    endloop
  endfacet
  facet normal -0.0243062 0.999614 0.0134798
    outer loop
      vertex 22.553 49.8996 41.4675
      vertex -24.1755 48.7928 39.285
      vertex -24.9515 48.7445 41.4675
    endloop
  endfacet
  facet normal -0.762109 0.593898 -0.257829
    outer loop
      vertex -24.9515 48.7445 41.4675
      vertex -24.1755 48.7928 39.285
      vertex -53.221 11.5207 39.285
    endloop
  endfacet
  facet normal -0.796683 0.604246 0.0135273
    outer loop
      vertex -24.9515 48.7445 41.4675
      vertex -53.221 11.5207 39.285
      vertex -53.667 10.8838 41.4675
    endloop
  endfacet
  facet normal -0.939499 -0.225555 -0.257811
    outer loop
      vertex -53.221 11.5207 39.285
      vertex -42.1899 -34.4268 39.285
      vertex -53.667 10.8838 41.4675
    endloop
  endfacet
  facet normal -0.969143 -0.24613 0.013451
    outer loop
      vertex -42.1899 -34.4268 39.285
      vertex -41.9702 -35.1726 41.4675
      vertex -53.667 10.8838 41.4675
    endloop
  endfacet
  facet normal -0.40942 -0.875153 -0.257842
    outer loop
      vertex 0.610955 -54.4502 39.285
      vertex -41.9702 -35.1726 41.4675
      vertex -42.1899 -34.4268 39.285
    endloop
  endfacet
  facet normal -0.411818 -0.911166 0.013472
    outer loop
      vertex 0.610955 -54.4502 39.285
      vertex 1.33107 -54.7434 41.4675
      vertex -41.9702 -35.1726 41.4675
    endloop
  endfacet
  facet normal 0.428953 -0.865747 -0.257839
    outer loop
      vertex 42.9518 -33.4715 39.285
      vertex 1.33107 -54.7434 41.4675
      vertex 0.610955 -54.4502 39.285
    endloop
  endfacet
  facet normal 0.455614 -0.890075 0.0134749
    outer loop
      vertex 42.9518 -33.4715 39.285
      vertex 43.63 -33.0913 41.4675
      vertex 1.33107 -54.7434 41.4675
    endloop
  endfacet
  facet normal 0.944318 -0.204416 -0.257832
    outer loop
      vertex 52.9491 12.7119 39.285
      vertex 43.63 -33.0913 41.4675
      vertex 42.9518 -33.4715 39.285
    endloop
  endfacet
  facet normal 0.979959 -0.198738 0.0135197
    outer loop
      vertex 52.9491 12.7119 39.285
      vertex 53.0746 13.4792 41.4675
      vertex 43.63 -33.0913 41.4675
    endloop
  endfacet
  facet normal 0.740386 0.62047 -0.258545
    outer loop
      vertex 53.1891 14.252 43.65
      vertex 53.0746 13.4792 41.4675
      vertex 22.553 49.8996 41.4675
    endloop
  endfacet
  facet normal 0.757894 0.652221 0.0142919
    outer loop
      vertex 53.1891 14.252 43.65
      vertex 22.553 49.8996 41.4675
      vertex 22.0202 50.4709 43.65
    endloop
  endfacet
  facet normal -0.023482 0.96572 -0.258523
    outer loop
      vertex 22.0202 50.4709 43.65
      vertex 22.553 49.8996 41.4675
      vertex -24.9515 48.7445 41.4675
    endloop
  endfacet
  facet normal -0.0373874 0.999199 0.0142638
    outer loop
      vertex 22.0202 50.4709 43.65
      vertex -24.9515 48.7445 41.4675
      vertex -25.7304 48.6842 43.65
    endloop
  endfacet
  facet normal -0.769664 0.583753 -0.258553
    outer loop
      vertex -25.7304 48.6842 43.65
      vertex -24.9515 48.7445 41.4675
      vertex -53.667 10.8838 41.4675
    endloop
  endfacet
  facet normal -0.804516 0.59376 0.014243
    outer loop
      vertex -25.7304 48.6842 43.65
      vertex -53.667 10.8838 41.4675
      vertex -54.1055 10.2373 43.65
    endloop
  endfacet
  facet normal -0.936275 -0.237783 -0.258549
    outer loop
      vertex -53.667 10.8838 41.4675
      vertex -41.9702 -35.1726 41.4675
      vertex -54.1055 10.2373 43.65
    endloop
  endfacet
  facet normal -0.965828 -0.258793 0.0142659
    outer loop
      vertex -41.9702 -35.1726 41.4675
      vertex -41.7381 -35.9185 43.65
      vertex -54.1055 10.2373 43.65
    endloop
  endfacet
  facet normal -0.397853 -0.880269 -0.258534
    outer loop
      vertex 1.33107 -54.7434 41.4675
      vertex -41.7381 -35.9185 43.65
      vertex -41.9702 -35.1726 41.4675
    endloop
  endfacet
  facet normal -0.399852 -0.916469 0.014267
    outer loop
      vertex 1.33107 -54.7434 41.4675
      vertex 2.05896 -55.027 43.65
      vertex -41.7381 -35.9185 43.65
    endloop
  endfacet
  facet normal 0.440164 -0.859892 -0.258537
    outer loop
      vertex 43.63 -33.0913 41.4675
      vertex 2.05896 -55.027 43.65
      vertex 1.33107 -54.7434 41.4675
    endloop
  endfacet
  facet normal 0.467222 -0.884025 0.014293
    outer loop
      vertex 43.63 -33.0913 41.4675
      vertex 44.3055 -32.699 43.65
      vertex 2.05896 -55.027 43.65
    endloop
  endfacet
  facet normal 0.946736 -0.192 -0.25851
    outer loop
      vertex 53.0746 13.4792 41.4675
      vertex 44.3055 -32.699 43.65
      vertex 43.63 -33.0913 41.4675
    endloop
  endfacet
  facet normal 0.982466 -0.185892 0.0142796
    outer loop
      vertex 53.0746 13.4792 41.4675
      vertex 53.1891 14.252 43.65
      vertex 44.3055 -32.699 43.65
    endloop
  endfacet
  facet normal 0.732056 0.629985 -0.259255
    outer loop
      vertex 53.2925 15.03 45.8325
      vertex 53.1891 14.252 43.65
      vertex 22.0202 50.4709 43.65
    endloop
  endfacet
  facet normal 0.749284 0.662078 0.0150245
    outer loop
      vertex 53.2925 15.03 45.8325
      vertex 22.0202 50.4709 43.65
      vertex 21.4764 51.0368 45.8325
    endloop
  endfacet
  facet normal -0.0361128 0.965135 -0.259248
    outer loop
      vertex 21.4764 51.0368 45.8325
      vertex 22.0202 50.4709 43.65
      vertex -25.7304 48.6842 43.65
    endloop
  endfacet
  facet normal -0.050463 0.998612 0.0150574
    outer loop
      vertex 21.4764 51.0368 45.8325
      vertex -25.7304 48.6842 43.65
      vertex -26.5119 48.6118 45.8325
    endloop
  endfacet
  facet normal -0.777093 0.57352 -0.259233
    outer loop
      vertex -26.5119 48.6118 45.8325
      vertex -25.7304 48.6842 43.65
      vertex -54.1055 10.2373 43.65
    endloop
  endfacet
  facet normal -0.81221 0.583171 0.015079
    outer loop
      vertex -26.5119 48.6118 45.8325
      vertex -54.1055 10.2373 43.65
      vertex -54.5361 9.58115 45.8325
    endloop
  endfacet
  facet normal -0.932911 -0.249973 -0.259212
    outer loop
      vertex -54.1055 10.2373 43.65
      vertex -41.7381 -35.9185 43.65
      vertex -54.5361 9.58115 45.8325
    endloop
  endfacet
  facet normal -0.962346 -0.271408 0.0150641
    outer loop
      vertex -41.7381 -35.9185 43.65
      vertex -41.4936 -36.6643 45.8325
      vertex -54.5361 9.58115 45.8325
    endloop
  endfacet
  facet normal -0.386222 -0.885229 -0.259232
    outer loop
      vertex 2.05896 -55.027 43.65
      vertex -41.4936 -36.6643 45.8325
      vertex -41.7381 -35.9185 43.65
    endloop
  endfacet
  facet normal -0.387816 -0.921613 0.0150838
    outer loop
      vertex 2.05896 -55.027 43.65
      vertex 2.79451 -55.3008 45.8325
      vertex -41.4936 -36.6643 45.8325
    endloop
  endfacet
  facet normal 0.451297 -0.853894 -0.25922
    outer loop
      vertex 44.3055 -32.699 43.65
      vertex 2.79451 -55.3008 45.8325
      vertex 2.05896 -55.027 43.65
    endloop
  endfacet
  facet normal 0.478746 -0.877825 0.0150306
    outer loop
      vertex 44.3055 -32.699 43.65
      vertex 44.9783 -32.2947 45.8325
      vertex 2.79451 -55.3008 45.8325
    endloop
  endfacet
  facet normal 0.948966 -0.179554 -0.259276
    outer loop
      vertex 53.1891 14.252 43.65
      vertex 44.9783 -32.2947 45.8325
      vertex 44.3055 -32.699 43.65
    endloop
  endfacet
  facet normal 0.984805 -0.173015 0.0150179
    outer loop
      vertex 53.1891 14.252 43.65
      vertex 53.2925 15.03 45.8325
      vertex 44.9783 -32.2947 45.8325
    endloop
  endfacet
  facet normal 0.723607 0.639389 -0.25995
    outer loop
      vertex 53.3845 15.8132 48.015
      vertex 53.2925 15.03 45.8325
      vertex 21.4764 51.0368 45.8325
    endloop
  endfacet
  facet normal 0.740543 0.671821 0.0158749
    outer loop
      vertex 53.3845 15.8132 48.015
      vertex 21.4764 51.0368 45.8325
      vertex 20.9214 51.597 48.015
    endloop
  endfacet
  facet normal -0.048734 0.964396 -0.259932
    outer loop
      vertex 20.9214 51.597 48.015
      vertex 21.4764 51.0368 45.8325
      vertex -26.5119 48.6118 45.8325
    endloop
  endfacet
  facet normal -0.0635273 0.997855 0.0158137
    outer loop
      vertex 20.9214 51.597 48.015
      vertex -26.5119 48.6118 45.8325
      vertex -27.2959 48.5273 48.015
    endloop
  endfacet
  facet normal -0.784375 0.563185 -0.259959
    outer loop
      vertex -27.2959 48.5273 48.015
      vertex -26.5119 48.6118 45.8325
      vertex -54.5361 9.58115 45.8325
    endloop
  endfacet
  facet normal -0.819764 0.572484 0.0158078
    outer loop
      vertex -27.2959 48.5273 48.015
      vertex -54.5361 9.58115 45.8325
      vertex -54.9589 8.91546 48.015
    endloop
  endfacet
  facet normal -0.92936 -0.262105 -0.259984
    outer loop
      vertex -54.5361 9.58115 45.8325
      vertex -41.4936 -36.6643 45.8325
      vertex -54.9589 8.91546 48.015
    endloop
  endfacet
  facet normal -0.9587 -0.28398 0.0158326
    outer loop
      vertex -41.4936 -36.6643 45.8325
      vertex -41.2367 -37.4099 48.015
      vertex -54.9589 8.91546 48.015
    endloop
  endfacet
  facet normal -0.374524 -0.890026 -0.259972
    outer loop
      vertex 2.79451 -55.3008 45.8325
      vertex -41.2367 -37.4099 48.015
      vertex -41.4936 -36.6643 45.8325
    endloop
  endfacet
  facet normal -0.375714 -0.9266 0.0158331
    outer loop
      vertex 2.79451 -55.3008 45.8325
      vertex 3.53757 -55.5648 48.015
      vertex -41.2367 -37.4099 48.015
    endloop
  endfacet
  facet normal 0.462339 -0.847742 -0.259954
    outer loop
      vertex 44.9783 -32.2947 45.8325
      vertex 3.53757 -55.5648 48.015
      vertex 2.79451 -55.3008 45.8325
    endloop
  endfacet
  facet normal 0.490191 -0.871471 0.0158757
    outer loop
      vertex 44.9783 -32.2947 45.8325
      vertex 45.6479 -31.8783 48.015
      vertex 3.53757 -55.5648 48.015
    endloop
  endfacet
  facet normal 0.951066 -0.167087 -0.259912
    outer loop
      vertex 53.2925 15.03 45.8325
      vertex 45.6479 -31.8783 48.015
      vertex 44.9783 -32.2947 45.8325
    endloop
  endfacet
  facet normal 0.986972 -0.160108 0.0158513
    outer loop
      vertex 53.2925 15.03 45.8325
      vertex 53.3845 15.8132 48.015
      vertex 45.6479 -31.8783 48.015
    endloop
  endfacet
  facet normal 0.715031 0.648676 -0.260673
    outer loop
      vertex 53.4651 16.6014 50.1975
      vertex 53.3845 15.8132 48.015
      vertex 20.9214 51.597 48.015
    endloop
  endfacet
  facet normal 0.731678 0.681449 0.0165834
    outer loop
      vertex 53.4651 16.6014 50.1975
      vertex 20.9214 51.597 48.015
      vertex 20.3555 52.1515 50.1975
    endloop
  endfacet
  facet normal -0.0613384 0.963472 -0.26069
    outer loop
      vertex 20.3555 52.1515 50.1975
      vertex 20.9214 51.597 48.015
      vertex -27.2959 48.5273 48.015
    endloop
  endfacet
  facet normal -0.0765841 0.996925 0.0166251
    outer loop
      vertex 20.3555 52.1515 50.1975
      vertex -27.2959 48.5273 48.015
      vertex -28.0822 48.4305 50.1975
    endloop
  endfacet
  facet normal -0.791526 0.552764 -0.26065
    outer loop
      vertex -28.0822 48.4305 50.1975
      vertex -27.2959 48.5273 48.015
      vertex -54.9589 8.91546 48.015
    endloop
  endfacet
  facet normal -0.827176 0.561695 0.0166565
    outer loop
      vertex -28.0822 48.4305 50.1975
      vertex -54.9589 8.91546 48.015
      vertex -55.3734 8.24033 50.1975
    endloop
  endfacet
  facet normal -0.925683 -0.2742 -0.260626
    outer loop
      vertex -54.9589 8.91546 48.015
      vertex -41.2367 -37.4099 48.015
      vertex -55.3734 8.24033 50.1975
    endloop
  endfacet
  facet normal -0.954887 -0.2965 0.016657
    outer loop
      vertex -41.2367 -37.4099 48.015
      vertex -40.9673 -38.1549 50.1975
      vertex -55.3734 8.24033 50.1975
    endloop
  endfacet
  facet normal -0.362775 -0.894689 -0.260624
    outer loop
      vertex 3.53757 -55.5648 48.015
      vertex -40.9673 -38.1549 50.1975
      vertex -41.2367 -37.4099 48.015
    endloop
  endfacet
  facet normal -0.363551 -0.931426 0.0166069
    outer loop
      vertex 3.53757 -55.5648 48.015
      vertex 4.28802 -55.8188 50.1975
      vertex -40.9673 -38.1549 50.1975
    endloop
  endfacet
  facet normal 0.473303 -0.841448 -0.260673
    outer loop
      vertex 45.6479 -31.8783 48.015
      vertex 4.28802 -55.8188 50.1975
      vertex 3.53757 -55.5648 48.015
    endloop
  endfacet
  facet normal 0.50155 -0.864969 0.0166183
    outer loop
      vertex 45.6479 -31.8783 48.015
      vertex 46.3144 -31.4499 50.1975
      vertex 4.28802 -55.8188 50.1975
    endloop
  endfacet
  facet normal 0.952969 -0.154592 -0.260676
    outer loop
      vertex 53.3845 15.8132 48.015
      vertex 46.3144 -31.4499 50.1975
      vertex 45.6479 -31.8783 48.015
    endloop
  endfacet
  facet normal 0.988971 -0.147173 0.0166279
    outer loop
      vertex 53.3845 15.8132 48.015
      vertex 53.4651 16.6014 50.1975
      vertex 46.3144 -31.4499 50.1975
    endloop
  endfacet
  facet normal 0.706349 0.657858 -0.261331
    outer loop
      vertex 53.5341 17.3943 52.38
      vertex 53.4651 16.6014 50.1975
      vertex 20.3555 52.1515 50.1975
    endloop
  endfacet
  facet normal 0.722686 0.690957 0.0174099
    outer loop
      vertex 53.5341 17.3943 52.38
      vertex 20.3555 52.1515 50.1975
      vertex 19.7786 52.6999 52.38
    endloop
  endfacet
  facet normal -0.0739322 0.962404 -0.261367
    outer loop
      vertex 19.7786 52.6999 52.38
      vertex 20.3555 52.1515 50.1975
      vertex -28.0822 48.4305 50.1975
    endloop
  endfacet
  facet normal -0.0896274 0.995823 0.0174445
    outer loop
      vertex 19.7786 52.6999 52.38
      vertex -28.0822 48.4305 50.1975
      vertex -28.8707 48.3213 52.38
    endloop
  endfacet
  facet normal -0.798534 0.542246 -0.261366
    outer loop
      vertex -28.8707 48.3213 52.38
      vertex -28.0822 48.4305 50.1975
      vertex -55.3734 8.24033 50.1975
    endloop
  endfacet
  facet normal -0.834447 0.550813 0.0173992
    outer loop
      vertex -28.8707 48.3213 52.38
      vertex -55.3734 8.24033 50.1975
      vertex -55.7797 7.55587 52.38
    endloop
  endfacet
  facet normal -0.921821 -0.286233 -0.261375
    outer loop
      vertex -55.3734 8.24033 50.1975
      vertex -40.9673 -38.1549 50.1975
      vertex -55.7797 7.55587 52.38
    endloop
  endfacet
  facet normal -0.950913 -0.30897 0.0173974
    outer loop
      vertex -40.9673 -38.1549 50.1975
      vertex -40.6855 -38.8993 52.38
      vertex -55.7797 7.55587 52.38
    endloop
  endfacet
  facet normal -0.350962 -0.899172 -0.261371
    outer loop
      vertex 4.28802 -55.8188 50.1975
      vertex -40.6855 -38.8993 52.38
      vertex -40.9673 -38.1549 50.1975
    endloop
  endfacet
  facet normal -0.351321 -0.936093 0.0174434
    outer loop
      vertex 4.28802 -55.8188 50.1975
      vertex 5.04572 -56.0625 52.38
      vertex -40.6855 -38.8993 52.38
    endloop
  endfacet
  facet normal 0.484187 -0.835025 -0.261335
    outer loop
      vertex 46.3144 -31.4499 50.1975
      vertex 5.04572 -56.0625 52.38
      vertex 4.28802 -55.8188 50.1975
    endloop
  endfacet
  facet normal 0.512821 -0.858319 0.0174126
    outer loop
      vertex 46.3144 -31.4499 50.1975
      vertex 46.9774 -31.0095 52.38
      vertex 5.04572 -56.0625 52.38
    endloop
  endfacet
  facet normal 0.954728 -0.142077 -0.261358
    outer loop
      vertex 53.4651 16.6014 50.1975
      vertex 46.9774 -31.0095 52.38
      vertex 46.3144 -31.4499 50.1975
    endloop
  endfacet
  facet normal 0.990799 -0.134212 0.0174349
    outer loop
      vertex 53.4651 16.6014 50.1975
      vertex 53.5341 17.3943 52.38
      vertex 46.9774 -31.0095 52.38
    endloop
  endfacet
  facet normal 0.697528 0.666903 -0.262098
    outer loop
      vertex 53.5916 18.1919 54.5625
      vertex 53.5341 17.3943 52.38
      vertex 19.7786 52.6999 52.38
    endloop
  endfacet
  facet normal 0.713568 0.700349 0.0182249
    outer loop
      vertex 53.5916 18.1919 54.5625
      vertex 19.7786 52.6999 52.38
      vertex 19.1908 53.242 54.5625
    endloop
  endfacet
  facet normal -0.0865087 0.961172 -0.262039
    outer loop
      vertex 19.1908 53.242 54.5625
      vertex 19.7786 52.6999 52.38
      vertex -28.8707 48.3213 52.38
    endloop
  endfacet
  facet normal -0.102652 0.994551 0.0181958
    outer loop
      vertex 19.1908 53.242 54.5625
      vertex -28.8707 48.3213 52.38
      vertex -29.661 48.1998 54.5625
    endloop
  endfacet
  facet normal -0.805409 0.531645 -0.262048
    outer loop
      vertex -29.661 48.1998 54.5625
      vertex -28.8707 48.3213 52.38
      vertex -55.7797 7.55587 52.38
    endloop
  endfacet
  facet normal -0.841573 0.539837 0.0181885
    outer loop
      vertex -29.661 48.1998 54.5625
      vertex -55.7797 7.55587 52.38
      vertex -56.1775 6.86219 54.5625
    endloop
  endfacet
  facet normal -0.917815 -0.298216 -0.262073
    outer loop
      vertex -55.7797 7.55587 52.38
      vertex -40.6855 -38.8993 52.38
      vertex -56.1775 6.86219 54.5625
    endloop
  endfacet
  facet normal -0.946774 -0.321386 0.0181833
    outer loop
      vertex -40.6855 -38.8993 52.38
      vertex -40.3912 -39.6428 54.5625
      vertex -56.1775 6.86219 54.5625
    endloop
  endfacet
  facet normal -0.339094 -0.903513 -0.262069
    outer loop
      vertex 5.04572 -56.0625 52.38
      vertex -40.3912 -39.6428 54.5625
      vertex -40.6855 -38.8993 52.38
    endloop
  endfacet
  facet normal -0.339034 -0.940598 0.0181751
    outer loop
      vertex 5.04572 -56.0625 52.38
      vertex 5.81053 -56.296 54.5625
      vertex -40.3912 -39.6428 54.5625
    endloop
  endfacet
  facet normal 0.494971 -0.828442 -0.262085
    outer loop
      vertex 46.9774 -31.0095 52.38
      vertex 5.81053 -56.296 54.5625
      vertex 5.04572 -56.0625 52.38
    endloop
  endfacet
  facet normal 0.524006 -0.851521 0.0181895
    outer loop
      vertex 46.9774 -31.0095 52.38
      vertex 47.6368 -30.5571 54.5625
      vertex 5.81053 -56.296 54.5625
    endloop
  endfacet
  facet normal 0.956313 -0.129541 -0.262079
    outer loop
      vertex 53.5341 17.3943 52.38
      vertex 47.6368 -30.5571 54.5625
      vertex 46.9774 -31.0095 52.38
    endloop
  endfacet
  facet normal 0.992458 -0.121231 0.0181569
    outer loop
      vertex 53.5341 17.3943 52.38
      vertex 53.5916 18.1919 54.5625
      vertex 47.6368 -30.5571 54.5625
    endloop
  endfacet
  facet normal 0.688612 0.675855 -0.262743
    outer loop
      vertex 53.6372 18.9939 56.745
      vertex 53.5916 18.1919 54.5625
      vertex 19.1908 53.242 54.5625
    endloop
  endfacet
  facet normal 0.704331 0.709618 0.0189687
    outer loop
      vertex 53.6372 18.9939 56.745
      vertex 19.1908 53.242 54.5625
      vertex 18.5922 53.7778 56.745
    endloop
  endfacet
  facet normal -0.0990604 0.959755 -0.262788
    outer loop
      vertex 18.5922 53.7778 56.745
      vertex 19.1908 53.242 54.5625
      vertex -29.661 48.1998 54.5625
    endloop
  endfacet
  facet normal -0.115659 0.993108 0.0189524
    outer loop
      vertex 18.5922 53.7778 56.745
      vertex -29.661 48.1998 54.5625
      vertex -30.4531 48.0659 56.745
    endloop
  endfacet
  facet normal -0.812129 0.52095 -0.262787
    outer loop
      vertex -30.4531 48.0659 56.745
      vertex -29.661 48.1998 54.5625
      vertex -56.1775 6.86219 54.5625
    endloop
  endfacet
  facet normal -0.848555 0.528766 0.018994
    outer loop
      vertex -30.4531 48.0659 56.745
      vertex -56.1775 6.86219 54.5625
      vertex -56.5666 6.15937 56.745
    endloop
  endfacet
  facet normal -0.913656 -0.310144 -0.262762
    outer loop
      vertex -56.1775 6.86219 54.5625
      vertex -40.3912 -39.6428 54.5625
      vertex -56.5666 6.15937 56.745
    endloop
  endfacet
  facet normal -0.942472 -0.333746 0.0189865
    outer loop
      vertex -40.3912 -39.6428 54.5625
      vertex -40.0843 -40.3853 56.745
      vertex -56.5666 6.15937 56.745
    endloop
  endfacet
  facet normal -0.327172 -0.907688 -0.262795
    outer loop
      vertex 5.81053 -56.296 54.5625
      vertex -40.0843 -40.3853 56.745
      vertex -40.3912 -39.6428 54.5625
    endloop
  endfacet
  facet normal -0.326688 -0.944942 0.0189732
    outer loop
      vertex 5.81053 -56.296 54.5625
      vertex 6.58231 -56.519 56.745
      vertex -40.0843 -40.3853 56.745
    endloop
  endfacet
  facet normal 0.505674 -0.821731 -0.262779
    outer loop
      vertex 47.6368 -30.5571 54.5625
      vertex 6.58231 -56.519 56.745
      vertex 5.81053 -56.296 54.5625
    endloop
  endfacet
  facet normal 0.5351 -0.844575 0.0189979
    outer loop
      vertex 47.6368 -30.5571 54.5625
      vertex 48.2923 -30.0927 56.745
      vertex 6.58231 -56.519 56.745
    endloop
  endfacet
  facet normal 0.957743 -0.11699 -0.262758
    outer loop
      vertex 53.5916 18.1919 54.5625
      vertex 48.2923 -30.0927 56.745
      vertex 47.6368 -30.5571 54.5625
    endloop
  endfacet
  facet normal 0.993944 -0.108228 0.0190034
    outer loop
      vertex 53.5916 18.1919 54.5625
      vertex 53.6372 18.9939 56.745
      vertex 48.2923 -30.0927 56.745
    endloop
  endfacet
  facet normal 0.679563 0.684664 -0.263497
    outer loop
      vertex 53.671 19.8003 58.9275
      vertex 53.6372 18.9939 56.745
      vertex 18.5922 53.7778 56.745
    endloop
  endfacet
  facet normal 0.694971 0.718766 0.0197682
    outer loop
      vertex 53.671 19.8003 58.9275
      vertex 18.5922 53.7778 56.745
      vertex 17.9828 54.307 58.9275
    endloop
  endfacet
  facet normal -0.111592 0.958185 -0.263494
    outer loop
      vertex 17.9828 54.307 58.9275
      vertex 18.5922 53.7778 56.745
      vertex -30.4531 48.0659 56.745
    endloop
  endfacet
  facet normal -0.128647 0.991493 0.0197692
    outer loop
      vertex 17.9828 54.307 58.9275
      vertex -30.4531 48.0659 56.745
      vertex -31.2468 47.9194 58.9275
    endloop
  endfacet
  facet normal -0.818716 0.510172 -0.263494
    outer loop
      vertex -31.2468 47.9194 58.9275
      vertex -30.4531 48.0659 56.745
      vertex -56.5666 6.15937 56.745
    endloop
  endfacet
  facet normal -0.855391 0.517605 0.019767
    outer loop
      vertex -31.2468 47.9194 58.9275
      vertex -56.5666 6.15937 56.745
      vertex -56.9469 5.44754 58.9275
    endloop
  endfacet
  facet normal -0.909334 -0.322012 -0.263476
    outer loop
      vertex -56.5666 6.15937 56.745
      vertex -40.0843 -40.3853 56.745
      vertex -56.9469 5.44754 58.9275
    endloop
  endfacet
  facet normal -0.938008 -0.346049 0.0197677
    outer loop
      vertex -40.0843 -40.3853 56.745
      vertex -39.7649 -41.1264 58.9275
      vertex -56.9469 5.44754 58.9275
    endloop
  endfacet
  facet normal -0.315203 -0.911722 -0.26346
    outer loop
      vertex 6.58231 -56.519 56.745
      vertex -39.7649 -41.1264 58.9275
      vertex -40.0843 -40.3853 56.745
    endloop
  endfacet
  facet normal -0.314285 -0.949122 0.0197971
    outer loop
      vertex 6.58231 -56.519 56.745
      vertex 7.36092 -56.7313 58.9275
      vertex -39.7649 -41.1264 58.9275
    endloop
  endfacet
  facet normal 0.516289 -0.814885 -0.263454
    outer loop
      vertex 48.2923 -30.0927 56.745
      vertex 7.36092 -56.7313 58.9275
      vertex 6.58231 -56.519 56.745
    endloop
  endfacet
  facet normal 0.546099 -0.837487 0.0197533
    outer loop
      vertex 48.2923 -30.0927 56.745
      vertex 48.9438 -29.6164 58.9275
      vertex 7.36092 -56.7313 58.9275
    endloop
  endfacet
  facet normal 0.958996 -0.104422 -0.263482
    outer loop
      vertex 53.6372 18.9939 56.745
      vertex 48.9438 -29.6164 58.9275
      vertex 48.2923 -30.0927 56.745
    endloop
  endfacet
  facet normal 0.995261 -0.0952067 0.019764
    outer loop
      vertex 53.6372 18.9939 56.745
      vertex 53.671 19.8003 58.9275
      vertex 48.9438 -29.6164 58.9275
    endloop
  endfacet
  facet normal 0.670416 0.693371 -0.264157
    outer loop
      vertex 53.6928 20.6107 61.11
      vertex 53.671 19.8003 58.9275
      vertex 17.9828 54.307 58.9275
    endloop
  endfacet
  facet normal 0.685492 0.727789 0.0205639
    outer loop
      vertex 53.6928 20.6107 61.11
      vertex 17.9828 54.307 58.9275
      vertex 17.3628 54.8293 61.11
    endloop
  endfacet
  facet normal -0.124102 0.956464 -0.264149
    outer loop
      vertex 17.3628 54.8293 61.11
      vertex 17.9828 54.307 58.9275
      vertex -31.2468 47.9194 58.9275
    endloop
  endfacet
  facet normal -0.141611 0.989709 0.0205643
    outer loop
      vertex 17.3628 54.8293 61.11
      vertex -31.2468 47.9194 58.9275
      vertex -32.0418 47.7603 61.11
    endloop
  endfacet
  facet normal -0.825164 0.499314 -0.264176
    outer loop
      vertex -32.0418 47.7603 61.11
      vertex -31.2468 47.9194 58.9275
      vertex -56.9469 5.44754 58.9275
    endloop
  endfacet
  facet normal -0.86208 0.506356 0.0205548
    outer loop
      vertex -32.0418 47.7603 61.11
      vertex -56.9469 5.44754 58.9275
      vertex -57.3182 4.7268 61.11
    endloop
  endfacet
  facet normal -0.904861 -0.33382 -0.26418
    outer loop
      vertex -56.9469 5.44754 58.9275
      vertex -39.7649 -41.1264 58.9275
      vertex -57.3182 4.7268 61.11
    endloop
  endfacet
  facet normal -0.933383 -0.358292 0.0205521
    outer loop
      vertex -39.7649 -41.1264 58.9275
      vertex -39.4329 -41.8661 61.11
      vertex -57.3182 4.7268 61.11
    endloop
  endfacet
  facet normal -0.303178 -0.915579 -0.264192
    outer loop
      vertex 7.36092 -56.7313 58.9275
      vertex -39.4329 -41.8661 61.11
      vertex -39.7649 -41.1264 58.9275
    endloop
  endfacet
  facet normal -0.301831 -0.953141 0.0205163
    outer loop
      vertex 7.36092 -56.7313 58.9275
      vertex 8.14621 -56.933 61.11
      vertex -39.4329 -41.8661 61.11
    endloop
  endfacet
  facet normal 0.526797 -0.807885 -0.26421
    outer loop
      vertex 48.9438 -29.6164 58.9275
      vertex 8.14621 -56.933 61.11
      vertex 7.36092 -56.7313 58.9275
    endloop
  endfacet
  facet normal 0.557006 -0.830255 0.0205178
    outer loop
      vertex 48.9438 -29.6164 58.9275
      vertex 49.5911 -29.1282 61.11
      vertex 8.14621 -56.933 61.11
    endloop
  endfacet
  facet normal 0.960084 -0.0918416 -0.264204
    outer loop
      vertex 53.671 19.8003 58.9275
      vertex 49.5911 -29.1282 61.11
      vertex 48.9438 -29.6164 58.9275
    endloop
  endfacet
  facet normal 0.996406 -0.0821683 0.0205579
    outer loop
      vertex 53.671 19.8003 58.9275
      vertex 53.6928 20.6107 61.11
      vertex 49.5911 -29.1282 61.11
    endloop
  endfacet
  facet normal 0.661138 0.701933 -0.264927
    outer loop
      vertex 53.7026 21.4252 63.2925
      vertex 53.6928 20.6107 61.11
      vertex 17.3628 54.8293 61.11
    endloop
  endfacet
  facet normal 0.675895 0.736689 0.0213196
    outer loop
      vertex 53.7026 21.4252 63.2925
      vertex 17.3628 54.8293 61.11
      vertex 16.7322 55.3447 63.2925
    endloop
  endfacet
  facet normal -0.136582 0.954559 -0.264883
    outer loop
      vertex 16.7322 55.3447 63.2925
      vertex 17.3628 54.8293 61.11
      vertex -32.0418 47.7603 61.11
    endloop
  endfacet
  facet normal -0.154551 0.987754 0.021333
    outer loop
      vertex 16.7322 55.3447 63.2925
      vertex -32.0418 47.7603 61.11
      vertex -32.8379 47.5886 63.2925
    endloop
  endfacet
  facet normal -0.831466 0.488374 -0.264869
    outer loop
      vertex -32.8379 47.5886 63.2925
      vertex -32.0418 47.7603 61.11
      vertex -57.3182 4.7268 61.11
    endloop
  endfacet
  facet normal -0.868619 0.495022 0.0213126
    outer loop
      vertex -32.8379 47.5886 63.2925
      vertex -57.3182 4.7268 61.11
      vertex -57.6804 3.99728 63.2925
    endloop
  endfacet
  facet normal -0.900228 -0.345564 -0.264907
    outer loop
      vertex -57.3182 4.7268 61.11
      vertex -39.4329 -41.8661 61.11
      vertex -57.6804 3.99728 63.2925
    endloop
  endfacet
  facet normal -0.928598 -0.370474 0.0213449
    outer loop
      vertex -39.4329 -41.8661 61.11
      vertex -39.0883 -42.6041 63.2925
      vertex -57.6804 3.99728 63.2925
    endloop
  endfacet
  facet normal -0.291111 -0.919287 -0.264888
    outer loop
      vertex 8.14621 -56.933 61.11
      vertex -39.0883 -42.6041 63.2925
      vertex -39.4329 -41.8661 61.11
    endloop
  endfacet
  facet normal -0.289324 -0.956993 0.0213501
    outer loop
      vertex 8.14621 -56.933 61.11
      vertex 8.93804 -57.1237 63.2925
      vertex -39.0883 -42.6041 63.2925
    endloop
  endfacet
  facet normal 0.537224 -0.800768 -0.264878
    outer loop
      vertex 49.5911 -29.1282 61.11
      vertex 8.93804 -57.1237 63.2925
      vertex 8.14621 -56.933 61.11
    endloop
  endfacet
  facet normal 0.567817 -0.822878 0.0213567
    outer loop
      vertex 49.5911 -29.1282 61.11
      vertex 50.2339 -28.628 63.2925
      vertex 8.93804 -57.1237 63.2925
    endloop
  endfacet
  facet normal 0.961019 -0.0792501 -0.264881
    outer loop
      vertex 53.6928 20.6107 61.11
      vertex 50.2339 -28.628 63.2925
      vertex 49.5911 -29.1282 61.11
    endloop
  endfacet
  facet normal 0.997381 -0.0691187 0.0213163
    outer loop
      vertex 53.6928 20.6107 61.11
      vertex 53.7026 21.4252 63.2925
      vertex 50.2339 -28.628 63.2925
    endloop
  endfacet
  facet normal 0.651773 0.710397 -0.265572
    outer loop
      vertex 53.7002 22.2433 65.475
      vertex 53.7026 21.4252 63.2925
      vertex 16.7322 55.3447 63.2925
    endloop
  endfacet
  facet normal 0.666184 0.745459 0.0221033
    outer loop
      vertex 53.7002 22.2433 65.475
      vertex 16.7322 55.3447 63.2925
      vertex 16.091 55.853 65.475
    endloop
  endfacet
  facet normal -0.149033 0.95249 -0.265618
    outer loop
      vertex 16.091 55.853 65.475
      vertex 16.7322 55.3447 63.2925
      vertex -32.8379 47.5886 63.2925
    endloop
  endfacet
  facet normal -0.167465 0.98563 0.0221063
    outer loop
      vertex 16.091 55.853 65.475
      vertex -32.8379 47.5886 63.2925
      vertex -33.6351 47.4042 65.475
    endloop
  endfacet
  facet normal -0.837606 0.477348 -0.265621
    outer loop
      vertex -33.6351 47.4042 65.475
      vertex -32.8379 47.5886 63.2925
      vertex -57.6804 3.99728 63.2925
    endloop
  endfacet
  facet normal -0.87501 0.4836 0.022126
    outer loop
      vertex -33.6351 47.4042 65.475
      vertex -57.6804 3.99728 63.2925
      vertex -58.0332 3.25908 65.475
    endloop
  endfacet
  facet normal -0.895454 -0.35725 -0.265585
    outer loop
      vertex -57.6804 3.99728 63.2925
      vertex -39.0883 -42.6041 63.2925
      vertex -58.0332 3.25908 65.475
    endloop
  endfacet
  facet normal -0.923654 -0.382589 0.0220908
    outer loop
      vertex -39.0883 -42.6041 63.2925
      vertex -38.7312 -43.3402 65.475
      vertex -58.0332 3.25908 65.475
    endloop
  endfacet
  facet normal -0.278996 -0.922832 -0.265598
    outer loop
      vertex 8.93804 -57.1237 63.2925
      vertex -38.7312 -43.3402 65.475
      vertex -39.0883 -42.6041 63.2925
    endloop
  endfacet
  facet normal -0.276767 -0.960682 0.0221219
    outer loop
      vertex 8.93804 -57.1237 63.2925
      vertex 9.73624 -57.3034 65.475
      vertex -38.7312 -43.3402 65.475
    endloop
  endfacet
  facet normal 0.547549 -0.793506 -0.265589
    outer loop
      vertex 50.2339 -28.628 63.2925
      vertex 9.73624 -57.3034 65.475
      vertex 8.93804 -57.1237 63.2925
    endloop
  endfacet
  facet normal 0.578529 -0.815362 0.0221068
    outer loop
      vertex 50.2339 -28.628 63.2925
      vertex 50.8721 -28.116 65.475
      vertex 9.73624 -57.3034 65.475
    endloop
  endfacet
  facet normal 0.961776 -0.0666513 -0.265604
    outer loop
      vertex 53.7026 21.4252 63.2925
      vertex 50.8721 -28.116 65.475
      vertex 50.2339 -28.628 63.2925
    endloop
  endfacet
  facet normal 0.998183 -0.0560564 0.0221101
    outer loop
      vertex 53.7026 21.4252 63.2925
      vertex 53.7002 22.2433 65.475
      vertex 50.8721 -28.116 65.475
    endloop
  endfacet
  facet normal 0.642286 0.718717 -0.2663
    outer loop
      vertex 53.6855 23.0651 67.6575
      vertex 53.7002 22.2433 65.475
      vertex 16.091 55.853 65.475
    endloop
  endfacet
  facet normal 0.656357 0.754102 0.0229178
    outer loop
      vertex 53.6855 23.0651 67.6575
      vertex 16.091 55.853 65.475
      vertex 15.4393 56.3539 67.6575
    endloop
  endfacet
  facet normal -0.161457 0.95027 -0.266306
    outer loop
      vertex 15.4393 56.3539 67.6575
      vertex 16.091 55.853 65.475
      vertex -33.6351 47.4042 65.475
    endloop
  endfacet
  facet normal -0.18035 0.983336 0.0229152
    outer loop
      vertex 15.4393 56.3539 67.6575
      vertex -33.6351 47.4042 65.475
      vertex -34.433 47.207 67.6575
    endloop
  endfacet
  facet normal -0.843622 0.466252 -0.266291
    outer loop
      vertex -34.433 47.207 67.6575
      vertex -33.6351 47.4042 65.475
      vertex -58.0332 3.25908 65.475
    endloop
  endfacet
  facet normal -0.881249 0.472096 0.022914
    outer loop
      vertex -34.433 47.207 67.6575
      vertex -58.0332 3.25908 65.475
      vertex -58.3765 2.51232 67.6575
    endloop
  endfacet
  facet normal -0.890522 -0.368865 -0.266286
    outer loop
      vertex -58.0332 3.25908 65.475
      vertex -38.7312 -43.3402 65.475
      vertex -58.3765 2.51232 67.6575
    endloop
  endfacet
  facet normal -0.91855 -0.394639 0.0229162
    outer loop
      vertex -38.7312 -43.3402 65.475
      vertex -38.3614 -44.0742 67.6575
      vertex -58.3765 2.51232 67.6575
    endloop
  endfacet
  facet normal -0.26684 -0.926223 -0.266286
    outer loop
      vertex 9.73624 -57.3034 65.475
      vertex -38.3614 -44.0742 67.6575
      vertex -38.7312 -43.3402 65.475
    endloop
  endfacet
  facet normal -0.264165 -0.964206 0.0228844
    outer loop
      vertex 9.73624 -57.3034 65.475
      vertex 10.5407 -57.472 67.6575
      vertex -38.3614 -44.0742 67.6575
    endloop
  endfacet
  facet normal 0.557772 -0.786107 -0.26632
    outer loop
      vertex 50.8721 -28.116 65.475
      vertex 10.5407 -57.472 67.6575
      vertex 9.73624 -57.3034 65.475
    endloop
  endfacet
  facet normal 0.589143 -0.807703 0.0229329
    outer loop
      vertex 50.8721 -28.116 65.475
      vertex 51.5054 -27.5921 67.6575
      vertex 10.5407 -57.472 67.6575
    endloop
  endfacet
  facet normal 0.962379 -0.0540457 -0.266282
    outer loop
      vertex 53.7002 22.2433 65.475
      vertex 51.5054 -27.5921 67.6575
      vertex 50.8721 -28.116 65.475
    endloop
  endfacet
  facet normal 0.998813 -0.0429852 0.0229131
    outer loop
      vertex 53.7002 22.2433 65.475
      vertex 53.6855 23.0651 67.6575
      vertex 51.5054 -27.5921 67.6575
    endloop
  endfacet
  facet normal 0.632692 0.726913 -0.267018
    outer loop
      vertex 53.6585 23.8903 69.84
      vertex 53.6855 23.0651 67.6575
      vertex 15.4393 56.3539 67.6575
    endloop
  endfacet
  facet normal 0.646417 0.762616 0.0237019
    outer loop
      vertex 53.6585 23.8903 69.84
      vertex 15.4393 56.3539 67.6575
      vertex 14.7773 56.8472 69.84
    endloop
  endfacet
  facet normal -0.173849 0.947891 -0.26698
    outer loop
      vertex 14.7773 56.8472 69.84
      vertex 15.4393 56.3539 67.6575
      vertex -34.433 47.207 67.6575
    endloop
  endfacet
  facet normal -0.193202 0.980873 0.0237025
    outer loop
      vertex 14.7773 56.8472 69.84
      vertex -34.433 47.207 67.6575
      vertex -35.2314 46.997 69.84
    endloop
  endfacet
  facet normal -0.849487 0.455081 -0.266971
    outer loop
      vertex -35.2314 46.997 69.84
      vertex -34.433 47.207 67.6575
      vertex -58.3765 2.51232 67.6575
    endloop
  endfacet
  facet normal -0.887337 0.460514 0.0236753
    outer loop
      vertex -35.2314 46.997 69.84
      vertex -58.3765 2.51232 67.6575
      vertex -58.7102 1.75713 69.84
    endloop
  endfacet
  facet normal -0.885433 -0.380411 -0.267011
    outer loop
      vertex -58.3765 2.51232 67.6575
      vertex -38.3614 -44.0742 67.6575
      vertex -58.7102 1.75713 69.84
    endloop
  endfacet
  facet normal -0.913289 -0.406622 0.0236958
    outer loop
      vertex -38.3614 -44.0742 67.6575
      vertex -37.979 -44.8059 69.84
      vertex -58.7102 1.75713 69.84
    endloop
  endfacet
  facet normal -0.254643 -0.929448 -0.266988
    outer loop
      vertex 10.5407 -57.472 67.6575
      vertex -37.979 -44.8059 69.84
      vertex -38.3614 -44.0742 67.6575
    endloop
  endfacet
  facet normal -0.251516 -0.967563 0.0237127
    outer loop
      vertex 10.5407 -57.472 67.6575
      vertex 11.3512 -57.6292 69.84
      vertex -37.979 -44.8059 69.84
    endloop
  endfacet
  facet normal 0.567908 -0.77859 -0.26698
    outer loop
      vertex 51.5054 -27.5921 67.6575
      vertex 11.3512 -57.6292 69.84
      vertex 10.5407 -57.472 67.6575
    endloop
  endfacet
  facet normal 0.599654 -0.799909 0.0236742
    outer loop
      vertex 51.5054 -27.5921 67.6575
      vertex 52.1337 -27.0565 69.84
      vertex 11.3512 -57.6292 69.84
    endloop
  endfacet
  facet normal 0.962804 -0.0414356 -0.267004
    outer loop
      vertex 53.6855 23.0651 67.6575
      vertex 52.1337 -27.0565 69.84
      vertex 51.5054 -27.5921 67.6575
    endloop
  endfacet
  facet normal 0.999272 -0.0299075 0.0236701
    outer loop
      vertex 53.6855 23.0651 67.6575
      vertex 53.6585 23.8903 69.84
      vertex 52.1337 -27.0565 69.84
    endloop
  endfacet
  facet normal 0.622999 0.734989 -0.2677
    outer loop
      vertex 53.619 24.7187 72.0225
      vertex 53.6585 23.8903 69.84
      vertex 14.7773 56.8472 69.84
    endloop
  endfacet
  facet normal 0.636367 0.770998 0.0244824
    outer loop
      vertex 53.619 24.7187 72.0225
      vertex 14.7773 56.8472 69.84
      vertex 14.105 57.3328 72.0225
    endloop
  endfacet
  facet normal -0.186203 0.94534 -0.267694
    outer loop
      vertex 14.105 57.3328 72.0225
      vertex 14.7773 56.8472 69.84
      vertex -35.2314 46.997 69.84
    endloop
  endfacet
  facet normal -0.20602 0.978242 0.0244504
    outer loop
      vertex 14.105 57.3328 72.0225
      vertex -35.2314 46.997 69.84
      vertex -36.0303 46.7742 72.0225
    endloop
  endfacet
  facet normal -0.855183 0.443827 -0.26773
    outer loop
      vertex -36.0303 46.7742 72.0225
      vertex -35.2314 46.997 69.84
      vertex -58.7102 1.75713 69.84
    endloop
  endfacet
  facet normal -0.893272 0.448849 0.0244916
    outer loop
      vertex -36.0303 46.7742 72.0225
      vertex -58.7102 1.75713 69.84
      vertex -59.034 0.993634 72.0225
    endloop
  endfacet
  facet normal -0.880207 -0.391894 -0.267684
    outer loop
      vertex -58.7102 1.75713 69.84
      vertex -37.979 -44.8059 69.84
      vertex -59.034 0.993634 72.0225
    endloop
  endfacet
  facet normal -0.907872 -0.418533 0.0244551
    outer loop
      vertex -37.979 -44.8059 69.84
      vertex -37.584 -45.5352 72.0225
      vertex -59.034 0.993634 72.0225
    endloop
  endfacet
  facet normal -0.242402 -0.932502 -0.267732
    outer loop
      vertex 11.3512 -57.6292 69.84
      vertex -37.584 -45.5352 72.0225
      vertex -37.979 -44.8059 69.84
    endloop
  endfacet
  facet normal -0.238823 -0.970754 0.0244854
    outer loop
      vertex 11.3512 -57.6292 69.84
      vertex 12.1676 -57.775 72.0225
      vertex -37.584 -45.5352 72.0225
    endloop
  endfacet
  facet normal 0.577932 -0.770933 -0.267687
    outer loop
      vertex 52.1337 -27.0565 69.84
      vertex 12.1676 -57.775 72.0225
      vertex 11.3512 -57.6292 69.84
    endloop
  endfacet
  facet normal 0.610061 -0.791976 0.0244946
    outer loop
      vertex 52.1337 -27.0565 69.84
      vertex 52.7567 -26.5091 72.0225
      vertex 12.1676 -57.775 72.0225
    endloop
  endfacet
  facet normal 0.963076 -0.0288241 -0.267683
    outer loop
      vertex 53.6585 23.8903 69.84
      vertex 52.7567 -26.5091 72.0225
      vertex 52.1337 -27.0565 69.84
    endloop
  endfacet
  facet normal 0.999559 -0.0168252 0.0244768
    outer loop
      vertex 53.6585 23.8903 69.84
      vertex 53.619 24.7187 72.0225
      vertex 52.7567 -26.5091 72.0225
    endloop
  endfacet
  facet normal 0.613205 0.742936 -0.268375
    outer loop
      vertex 53.5669 25.5501 74.205
      vertex 53.619 24.7187 72.0225
      vertex 14.105 57.3328 72.0225
    endloop
  endfacet
  facet normal 0.626209 0.779246 0.0252655
    outer loop
      vertex 53.5669 25.5501 74.205
      vertex 14.105 57.3328 72.0225
      vertex 13.4225 57.8105 74.205
    endloop
  endfacet
  facet normal -0.19852 0.94263 -0.2684
    outer loop
      vertex 13.4225 57.8105 74.205
      vertex 14.105 57.3328 72.0225
      vertex -36.0303 46.7742 72.0225
    endloop
  endfacet
  facet normal -0.218802 0.975443 0.0252413
    outer loop
      vertex 13.4225 57.8105 74.205
      vertex -36.0303 46.7742 72.0225
      vertex -36.8293 46.5385 74.205
    endloop
  endfacet
  facet normal -0.860752 0.432508 -0.268407
    outer loop
      vertex -36.8293 46.5385 74.205
      vertex -36.0303 46.7742 72.0225
      vertex -59.034 0.993634 72.0225
    endloop
  endfacet
  facet normal -0.899054 0.43711 0.0252431
    outer loop
      vertex -36.8293 46.5385 74.205
      vertex -59.034 0.993634 72.0225
      vertex -59.3479 0.221961 74.205
    endloop
  endfacet
  facet normal -0.874818 -0.403295 -0.268416
    outer loop
      vertex -59.034 0.993634 72.0225
      vertex -37.584 -45.5352 72.0225
      vertex -59.3479 0.221961 74.205
    endloop
  endfacet
  facet normal -0.902298 -0.430373 0.0252513
    outer loop
      vertex -37.584 -45.5352 72.0225
      vertex -37.1764 -46.2617 74.205
      vertex -59.3479 0.221961 74.205
    endloop
  endfacet
  facet normal -0.230129 -0.935416 -0.268398
    outer loop
      vertex 12.1676 -57.775 72.0225
      vertex -37.1764 -46.2617 74.205
      vertex -37.584 -45.5352 72.0225
    endloop
  endfacet
  facet normal -0.226092 -0.973779 0.0252529
    outer loop
      vertex 12.1676 -57.775 72.0225
      vertex 12.9898 -57.9093 74.205
      vertex -37.1764 -46.2617 74.205
    endloop
  endfacet
  facet normal 0.58785 -0.763141 -0.268417
    outer loop
      vertex 52.7567 -26.5091 72.0225
      vertex 12.9898 -57.9093 74.205
      vertex 12.1676 -57.775 72.0225
    endloop
  endfacet
  facet normal 0.620364 -0.783908 0.0252316
    outer loop
      vertex 52.7567 -26.5091 72.0225
      vertex 53.3743 -25.9501 74.205
      vertex 12.9898 -57.9093 74.205
    endloop
  endfacet
  facet normal 0.96317 -0.0162127 -0.268404
    outer loop
      vertex 53.619 24.7187 72.0225
      vertex 53.3743 -25.9501 74.205
      vertex 52.7567 -26.5091 72.0225
    endloop
  endfacet
  facet normal 0.999673 -0.00373857 0.0252881
    outer loop
      vertex 53.619 24.7187 72.0225
      vertex 53.5669 25.5501 74.205
      vertex 53.3743 -25.9501 74.205
    endloop
  endfacet
  facet normal 0.603298 0.750735 -0.269125
    outer loop
      vertex 53.5023 26.3844 76.3875
      vertex 53.5669 25.5501 74.205
      vertex 13.4225 57.8105 74.205
    endloop
  endfacet
  facet normal 0.615945 0.78736 0.0259879
    outer loop
      vertex 53.5023 26.3844 76.3875
      vertex 13.4225 57.8105 74.205
      vertex 12.73 58.2802 76.3875
    endloop
  endfacet
  facet normal -0.210796 0.939752 -0.269131
    outer loop
      vertex 12.73 58.2802 76.3875
      vertex 13.4225 57.8105 74.205
      vertex -36.8293 46.5385 74.205
    endloop
  endfacet
  facet normal -0.231548 0.972475 0.026047
    outer loop
      vertex 12.73 58.2802 76.3875
      vertex -36.8293 46.5385 74.205
      vertex -37.6283 46.2898 76.3875
    endloop
  endfacet
  facet normal -0.866163 0.421119 -0.26911
    outer loop
      vertex -37.6283 46.2898 76.3875
      vertex -36.8293 46.5385 74.205
      vertex -59.3479 0.221961 74.205
    endloop
  endfacet
  facet normal -0.90468 0.425295 0.0260522
    outer loop
      vertex -37.6283 46.2898 76.3875
      vertex -59.3479 0.221961 74.205
      vertex -59.6516 -0.557757 76.3875
    endloop
  endfacet
  facet normal -0.869293 -0.41463 -0.269095
    outer loop
      vertex -59.3479 0.221961 74.205
      vertex -37.1764 -46.2617 74.205
      vertex -59.6516 -0.557757 76.3875
    endloop
  endfacet
  facet normal -0.896568 -0.442138 0.0260695
    outer loop
      vertex -37.1764 -46.2617 74.205
      vertex -36.7561 -46.9853 76.3875
      vertex -59.6516 -0.557757 76.3875
    endloop
  endfacet
  facet normal -0.217822 -0.938158 -0.269095
    outer loop
      vertex 12.9898 -57.9093 74.205
      vertex -36.7561 -46.9853 76.3875
      vertex -37.1764 -46.2617 74.205
    endloop
  endfacet
  facet normal -0.213323 -0.976635 0.0260397
    outer loop
      vertex 12.9898 -57.9093 74.205
      vertex 13.8175 -58.0319 76.3875
      vertex -36.7561 -46.9853 76.3875
    endloop
  endfacet
  facet normal 0.597672 -0.755235 -0.269088
    outer loop
      vertex 53.3743 -25.9501 74.205
      vertex 13.8175 -58.0319 76.3875
      vertex 12.9898 -57.9093 74.205
    endloop
  endfacet
  facet normal 0.630558 -0.775706 0.0260225
    outer loop
      vertex 53.3743 -25.9501 74.205
      vertex 53.9863 -25.3794 76.3875
      vertex 13.8175 -58.0319 76.3875
    endloop
  endfacet
  facet normal 0.963099 -0.00360179 -0.269123
    outer loop
      vertex 53.5669 25.5501 74.205
      vertex 53.9863 -25.3794 76.3875
      vertex 53.3743 -25.9501 74.205
    endloop
  endfacet
  facet normal 0.999618 0.00934659 0.0260149
    outer loop
      vertex 53.9863 -25.3794 76.3875
      vertex 53.5669 25.5501 74.205
      vertex 53.5023 26.3844 76.3875
    endloop
  endfacet
  facet normal 0.593307 0.758422 -0.269783
    outer loop
      vertex 53.4249 27.2213 78.57
      vertex 53.5023 26.3844 76.3875
      vertex 12.73 58.2802 76.3875
    endloop
  endfacet
  facet normal 0.605573 0.795337 0.0268436
    outer loop
      vertex 53.4249 27.2213 78.57
      vertex 12.73 58.2802 76.3875
      vertex 12.0274 58.7415 78.57
    endloop
  endfacet
  facet normal -0.223038 0.936732 -0.269792
    outer loop
      vertex 12.0274 58.7415 78.57
      vertex 12.73 58.2802 76.3875
      vertex -37.6283 46.2898 76.3875
    endloop
  endfacet
  facet normal -0.244252 0.96934 0.0268462
    outer loop
      vertex 12.0274 58.7415 78.57
      vertex -37.6283 46.2898 76.3875
      vertex -38.427 46.0281 78.57
    endloop
  endfacet
  facet normal -0.871431 0.409665 -0.269784
    outer loop
      vertex -38.427 46.0281 78.57
      vertex -37.6283 46.2898 76.3875
      vertex -59.6516 -0.557757 76.3875
    endloop
  endfacet
  facet normal -0.91015 0.413411 0.0267981
    outer loop
      vertex -38.427 46.0281 78.57
      vertex -59.6516 -0.557757 76.3875
      vertex -59.9451 -1.34539 78.57
    endloop
  endfacet
  facet normal -0.863606 -0.425883 -0.269832
    outer loop
      vertex -59.6516 -0.557757 76.3875
      vertex -36.7561 -46.9853 76.3875
      vertex -59.9451 -1.34539 78.57
    endloop
  endfacet
  facet normal -0.890686 -0.453827 0.0268071
    outer loop
      vertex -36.7561 -46.9853 76.3875
      vertex -36.3233 -47.7058 78.57
      vertex -59.9451 -1.34539 78.57
    endloop
  endfacet
  facet normal -0.205481 -0.940733 -0.269813
    outer loop
      vertex 13.8175 -58.0319 76.3875
      vertex -36.3233 -47.7058 78.57
      vertex -36.7561 -46.9853 76.3875
    endloop
  endfacet
  facet normal -0.200516 -0.979323 0.026832
    outer loop
      vertex 13.8175 -58.0319 76.3875
      vertex 14.6507 -58.1427 78.57
      vertex -36.3233 -47.7058 78.57
    endloop
  endfacet
  facet normal 0.607378 -0.747191 -0.269808
    outer loop
      vertex 53.9863 -25.3794 76.3875
      vertex 14.6507 -58.1427 78.57
      vertex 13.8175 -58.0319 76.3875
    endloop
  endfacet
  facet normal 0.640644 -0.767368 0.0268594
    outer loop
      vertex 53.9863 -25.3794 76.3875
      vertex 54.5924 -24.797 78.57
      vertex 14.6507 -58.1427 78.57
    endloop
  endfacet
  facet normal 0.962874 0.00900303 -0.269801
    outer loop
      vertex 54.5924 -24.797 78.57
      vertex 53.9863 -25.3794 76.3875
      vertex 53.5023 26.3844 76.3875
    endloop
  endfacet
  facet normal 0.999388 0.0224303 0.0268411
    outer loop
      vertex 54.5924 -24.797 78.57
      vertex 53.5023 26.3844 76.3875
      vertex 53.4249 27.2213 78.57
    endloop
  endfacet
  facet normal 0.583203 0.765958 -0.270523
    outer loop
      vertex 53.3347 28.0608 80.7525
      vertex 53.4249 27.2213 78.57
      vertex 12.0274 58.7415 78.57
    endloop
  endfacet
  facet normal 0.595097 0.803179 0.0276045
    outer loop
      vertex 53.3347 28.0608 80.7525
      vertex 12.0274 58.7415 78.57
      vertex 11.3149 59.1944 80.7525
    endloop
  endfacet
  facet normal -0.23523 0.933535 -0.270515
    outer loop
      vertex 11.3149 59.1944 80.7525
      vertex 12.0274 58.7415 78.57
      vertex -38.427 46.0281 78.57
    endloop
  endfacet
  facet normal -0.256915 0.966039 0.0276178
    outer loop
      vertex 11.3149 59.1944 80.7525
      vertex -38.427 46.0281 78.57
      vertex -39.2253 45.7534 80.7525
    endloop
  endfacet
  facet normal -0.876534 0.398142 -0.270501
    outer loop
      vertex -39.2253 45.7534 80.7525
      vertex -38.427 46.0281 78.57
      vertex -59.9451 -1.34539 78.57
    endloop
  endfacet
  facet normal -0.915463 0.401453 0.0276032
    outer loop
      vertex -39.2253 45.7534 80.7525
      vertex -59.9451 -1.34539 78.57
      vertex -60.2281 -2.1408 80.7525
    endloop
  endfacet
  facet normal -0.857786 -0.437064 -0.270515
    outer loop
      vertex -59.9451 -1.34539 78.57
      vertex -36.3233 -47.7058 78.57
      vertex -60.2281 -2.1408 80.7525
    endloop
  endfacet
  facet normal -0.884649 -0.465438 0.0276286
    outer loop
      vertex -36.3233 -47.7058 78.57
      vertex -35.8778 -48.423 80.7525
      vertex -60.2281 -2.1408 80.7525
    endloop
  endfacet
  facet normal -0.193109 -0.94315 -0.270514
    outer loop
      vertex 14.6507 -58.1427 78.57
      vertex -35.8778 -48.423 80.7525
      vertex -36.3233 -47.7058 78.57
    endloop
  endfacet
  facet normal -0.187676 -0.981843 0.0276028
    outer loop
      vertex 14.6507 -58.1427 78.57
      vertex 15.4891 -58.2416 80.7525
      vertex -35.8778 -48.423 80.7525
    endloop
  endfacet
  facet normal 0.616983 -0.739027 -0.270501
    outer loop
      vertex 54.5924 -24.797 78.57
      vertex 15.4891 -58.2416 80.7525
      vertex 14.6507 -58.1427 78.57
    endloop
  endfacet
  facet normal 0.65062 -0.758902 0.0275827
    outer loop
      vertex 54.5924 -24.797 78.57
      vertex 55.1925 -24.2032 80.7525
      vertex 15.4891 -58.2416 80.7525
    endloop
  endfacet
  facet normal 0.962472 0.0216018 -0.270519
    outer loop
      vertex 55.1925 -24.2032 80.7525
      vertex 54.5924 -24.797 78.57
      vertex 53.4249 27.2213 78.57
    endloop
  endfacet
  facet normal 0.998987 0.0355105 0.0276278
    outer loop
      vertex 55.1925 -24.2032 80.7525
      vertex 53.4249 27.2213 78.57
      vertex 53.3347 28.0608 80.7525
    endloop
  endfacet
  facet normal 0.573011 0.77337 -0.271214
    outer loop
      vertex 53.2317 28.9025 82.935
      vertex 53.3347 28.0608 80.7525
      vertex 11.3149 59.1944 80.7525
    endloop
  endfacet
  facet normal 0.584519 0.810882 0.0284097
    outer loop
      vertex 53.2317 28.9025 82.935
      vertex 11.3149 59.1944 80.7525
      vertex 10.5926 59.6386 82.935
    endloop
  endfacet
  facet normal -0.247382 0.930192 -0.271191
    outer loop
      vertex 10.5926 59.6386 82.935
      vertex 11.3149 59.1944 80.7525
      vertex -39.2253 45.7534 80.7525
    endloop
  endfacet
  facet normal -0.269531 0.962574 0.0283747
    outer loop
      vertex 10.5926 59.6386 82.935
      vertex -39.2253 45.7534 80.7525
      vertex -40.023 45.4657 82.935
    endloop
  endfacet
  facet normal -0.881484 0.386553 -0.271225
    outer loop
      vertex -40.023 45.4657 82.935
      vertex -39.2253 45.7534 80.7525
      vertex -60.2281 -2.1408 80.7525
    endloop
  endfacet
  facet normal -0.920619 0.389425 0.0284258
    outer loop
      vertex -40.023 45.4657 82.935
      vertex -60.2281 -2.1408 80.7525
      vertex -60.5004 -2.94384 82.935
    endloop
  endfacet
  facet normal -0.851826 -0.448168 -0.271179
    outer loop
      vertex -60.2281 -2.1408 80.7525
      vertex -35.8778 -48.423 80.7525
      vertex -60.5004 -2.94384 82.935
    endloop
  endfacet
  facet normal -0.878463 -0.476966 0.0283954
    outer loop
      vertex -35.8778 -48.423 80.7525
      vertex -35.4198 -49.1366 82.935
      vertex -60.5004 -2.94384 82.935
    endloop
  endfacet
  facet normal -0.180712 -0.945409 -0.271193
    outer loop
      vertex 15.4891 -58.2416 80.7525
      vertex -35.4198 -49.1366 82.935
      vertex -35.8778 -48.423 80.7525
    endloop
  endfacet
  facet normal -0.174806 -0.984194 0.0283721
    outer loop
      vertex 15.4891 -58.2416 80.7525
      vertex 16.3326 -58.3285 82.935
      vertex -35.4198 -49.1366 82.935
    endloop
  endfacet
  facet normal 0.626472 -0.730736 -0.271217
    outer loop
      vertex 55.1925 -24.2032 80.7525
      vertex 16.3326 -58.3285 82.935
      vertex 15.4891 -58.2416 80.7525
    endloop
  endfacet
  facet normal 0.660484 -0.750302 0.0284251
    outer loop
      vertex 55.1925 -24.2032 80.7525
      vertex 55.7863 -23.5978 82.935
      vertex 16.3326 -58.3285 82.935
    endloop
  endfacet
  facet normal 0.961916 0.0341927 -0.271196
    outer loop
      vertex 55.7863 -23.5978 82.935
      vertex 55.1925 -24.2032 80.7525
      vertex 53.3347 28.0608 80.7525
    endloop
  endfacet
  facet normal 0.998416 0.0485817 0.0283829
    outer loop
      vertex 55.7863 -23.5978 82.935
      vertex 53.3347 28.0608 80.7525
      vertex 53.2317 28.9025 82.935
    endloop
  endfacet
  facet normal 0.562729 0.780654 -0.271872
    outer loop
      vertex 53.1157 29.7462 85.1175
      vertex 53.2317 28.9025 82.935
      vertex 10.5926 59.6386 82.935
    endloop
  endfacet
  facet normal 0.573843 0.818445 0.0291954
    outer loop
      vertex 53.1157 29.7462 85.1175
      vertex 10.5926 59.6386 82.935
      vertex 9.86057 60.074 85.1175
    endloop
  endfacet
  facet normal -0.259481 0.926682 -0.271901
    outer loop
      vertex 9.86057 60.074 85.1175
      vertex 10.5926 59.6386 82.935
      vertex -40.023 45.4657 82.935
    endloop
  endfacet
  facet normal -0.2821 0.958941 0.0291739
    outer loop
      vertex 9.86057 60.074 85.1175
      vertex -40.023 45.4657 82.935
      vertex -40.8198 45.1649 85.1175
    endloop
  endfacet
  facet normal -0.886293 0.374905 -0.271902
    outer loop
      vertex -40.8198 45.1649 85.1175
      vertex -40.023 45.4657 82.935
      vertex -60.5004 -2.94384 82.935
    endloop
  endfacet
  facet normal -0.925618 0.377333 0.0291875
    outer loop
      vertex -40.8198 45.1649 85.1175
      vertex -60.5004 -2.94384 82.935
      vertex -60.762 -3.75438 85.1175
    endloop
  endfacet
  facet normal -0.845708 -0.459182 -0.2719
    outer loop
      vertex -60.5004 -2.94384 82.935
      vertex -35.4198 -49.1366 82.935
      vertex -60.762 -3.75438 85.1175
    endloop
  endfacet
  facet normal -0.872125 -0.488413 0.0291856
    outer loop
      vertex -35.4198 -49.1366 82.935
      vertex -34.9492 -49.8465 85.1175
      vertex -60.762 -3.75438 85.1175
    endloop
  endfacet
  facet normal -0.168288 -0.947495 -0.271904
    outer loop
      vertex 16.3326 -58.3285 82.935
      vertex -34.9492 -49.8465 85.1175
      vertex -35.4198 -49.1366 82.935
    endloop
  endfacet
  facet normal -0.161904 -0.986375 0.0291837
    outer loop
      vertex 16.3326 -58.3285 82.935
      vertex 17.1811 -58.4032 85.1175
      vertex -34.9492 -49.8465 85.1175
    endloop
  endfacet
  facet normal 0.635852 -0.722321 -0.271926
    outer loop
      vertex 55.7863 -23.5978 82.935
      vertex 17.1811 -58.4032 85.1175
      vertex 16.3326 -58.3285 82.935
    endloop
  endfacet
  facet normal 0.670234 -0.741577 0.029157
    outer loop
      vertex 55.7863 -23.5978 82.935
      vertex 56.3737 -22.9811 85.1175
      vertex 17.1811 -58.4032 85.1175
    endloop
  endfacet
  facet normal 0.961185 0.0467701 -0.27191
    outer loop
      vertex 56.3737 -22.9811 85.1175
      vertex 55.7863 -23.5978 82.935
      vertex 53.2317 28.9025 82.935
    endloop
  endfacet
  facet normal 0.997671 0.0616457 0.0291956
    outer loop
      vertex 56.3737 -22.9811 85.1175
      vertex 53.2317 28.9025 82.935
      vertex 53.1157 29.7462 85.1175
    endloop
  endfacet
  facet normal 0.55234 0.787776 -0.272635
    outer loop
      vertex 52.9868 30.5919 87.3
      vertex 53.1157 29.7462 85.1175
      vertex 9.86057 60.074 85.1175
    endloop
  endfacet
  facet normal 0.563068 0.825868 0.0299348
    outer loop
      vertex 52.9868 30.5919 87.3
      vertex 9.86057 60.074 85.1175
      vertex 9.11898 60.5005 87.3
    endloop
  endfacet
  facet normal -0.271529 0.923007 -0.272635
    outer loop
      vertex 9.11898 60.5005 87.3
      vertex 9.86057 60.074 85.1175
      vertex -40.8198 45.1649 85.1175
    endloop
  endfacet
  facet normal -0.294624 0.955143 0.0299901
    outer loop
      vertex 9.11898 60.5005 87.3
      vertex -40.8198 45.1649 85.1175
      vertex -41.6156 44.8509 87.3
    endloop
  endfacet
  facet normal -0.89094 0.363196 -0.272608
    outer loop
      vertex -41.6156 44.8509 87.3
      vertex -40.8198 45.1649 85.1175
      vertex -60.762 -3.75438 85.1175
    endloop
  endfacet
  facet normal -0.930457 0.365178 0.0299276
    outer loop
      vertex -41.6156 44.8509 87.3
      vertex -60.762 -3.75438 85.1175
      vertex -61.0128 -4.57227 87.3
    endloop
  endfacet
  facet normal -0.839443 -0.47011 -0.272637
    outer loop
      vertex -60.762 -3.75438 85.1175
      vertex -34.9492 -49.8465 85.1175
      vertex -61.0128 -4.57227 87.3
    endloop
  endfacet
  facet normal -0.865637 -0.499776 0.0299416
    outer loop
      vertex -34.9492 -49.8465 85.1175
      vertex -34.4661 -50.5525 87.3
      vertex -61.0128 -4.57227 87.3
    endloop
  endfacet
  facet normal -0.155838 -0.949416 -0.272624
    outer loop
      vertex 17.1811 -58.4032 85.1175
      vertex -34.4661 -50.5525 87.3
      vertex -34.9492 -49.8465 85.1175
    endloop
  endfacet
  facet normal -0.148974 -0.988387 0.0299791
    outer loop
      vertex 17.1811 -58.4032 85.1175
      vertex 18.0343 -58.4656 87.3
      vertex -34.4661 -50.5525 87.3
    endloop
  endfacet
  facet normal 0.645124 -0.713794 -0.272605
    outer loop
      vertex 56.3737 -22.9811 85.1175
      vertex 18.0343 -58.4656 87.3
      vertex 17.1811 -58.4032 85.1175
    endloop
  endfacet
  facet normal 0.679867 -0.732722 0.0299766
    outer loop
      vertex 56.3737 -22.9811 85.1175
      vertex 56.9544 -22.353 87.3
      vertex 18.0343 -58.4656 87.3
    endloop
  endfacet
  facet normal 0.9603 0.0593366 -0.272585
    outer loop
      vertex 56.9544 -22.353 87.3
      vertex 56.3737 -22.9811 85.1175
      vertex 53.1157 29.7462 85.1175
    endloop
  endfacet
  facet normal 0.996757 0.0746953 0.0299254
    outer loop
      vertex 56.9544 -22.353 87.3
      vertex 53.1157 29.7462 85.1175
      vertex 52.9868 30.5919 87.3
    endloop
  endfacet
  facet normal -0.471396 -0.881922 0
    outer loop
      vertex 1.53073 3.69552 1.19
      vertex 2.22228 3.32588 3
      vertex 1.53073 3.69552 3
    endloop
  endfacet
  facet normal -0.471396 -0.881922 -0
    outer loop
      vertex 2.22228 3.32588 3
      vertex 1.53073 3.69552 1.19
      vertex 2.22228 3.32588 1.19
    endloop
  endfacet
  facet normal -0.956941 -0.290282 0
    outer loop
      vertex 3.92314 0.780361 1.19
      vertex 3.69552 1.53073 3
      vertex 3.69552 1.53073 1.19
    endloop
  endfacet
  facet normal -0.956941 -0.290282 0
    outer loop
      vertex 3.69552 1.53073 3
      vertex 3.92314 0.780361 1.19
      vertex 3.92314 0.780361 3
    endloop
  endfacet
  facet normal -0.995185 -0.0980186 0
    outer loop
      vertex 4 0 1.19
      vertex 3.92314 0.780361 3
      vertex 3.92314 0.780361 1.19
    endloop
  endfacet
  facet normal -0.995185 -0.0980186 0
    outer loop
      vertex 3.92314 0.780361 3
      vertex 4 0 1.19
      vertex 4 0 3
    endloop
  endfacet
  facet normal -0.881922 -0.471396 0
    outer loop
      vertex 3.69552 1.53073 1.19
      vertex 3.32588 2.22228 3
      vertex 3.32588 2.22228 1.19
    endloop
  endfacet
  facet normal -0.881922 -0.471396 0
    outer loop
      vertex 3.32588 2.22228 3
      vertex 3.69552 1.53073 1.19
      vertex 3.69552 1.53073 3
    endloop
  endfacet
  facet normal 0.0980186 -0.995185 0
    outer loop
      vertex -0.780361 3.92314 1.19
      vertex 0 4 3
      vertex -0.780361 3.92314 3
    endloop
  endfacet
  facet normal 0.0980186 -0.995185 0
    outer loop
      vertex 0 4 3
      vertex -0.780361 3.92314 1.19
      vertex 0 4 1.19
    endloop
  endfacet
  facet normal -0.956941 0.290282 0
    outer loop
      vertex 3.69552 -1.53073 1.19
      vertex 3.92314 -0.780361 3
      vertex 3.92314 -0.780361 1.19
    endloop
  endfacet
  facet normal -0.956941 0.290282 0
    outer loop
      vertex 3.92314 -0.780361 3
      vertex 3.69552 -1.53073 1.19
      vertex 3.69552 -1.53073 3
    endloop
  endfacet
  facet normal -0.0980186 -0.995185 0
    outer loop
      vertex 0 4 1.19
      vertex 0.780361 3.92314 3
      vertex 0 4 3
    endloop
  endfacet
  facet normal -0.0980186 -0.995185 -0
    outer loop
      vertex 0.780361 3.92314 3
      vertex 0 4 1.19
      vertex 0.780361 3.92314 1.19
    endloop
  endfacet
  facet normal -0.290282 -0.956941 0
    outer loop
      vertex 0.780361 3.92314 1.19
      vertex 1.53073 3.69552 3
      vertex 0.780361 3.92314 3
    endloop
  endfacet
  facet normal -0.290282 -0.956941 -0
    outer loop
      vertex 1.53073 3.69552 3
      vertex 0.780361 3.92314 1.19
      vertex 1.53073 3.69552 1.19
    endloop
  endfacet
  facet normal -0.63439 -0.773013 0
    outer loop
      vertex 2.22228 3.32588 1.19
      vertex 2.82843 2.82843 3
      vertex 2.22228 3.32588 3
    endloop
  endfacet
  facet normal -0.63439 -0.773013 -0
    outer loop
      vertex 2.82843 2.82843 3
      vertex 2.22228 3.32588 1.19
      vertex 2.82843 2.82843 1.19
    endloop
  endfacet
  facet normal 0.0980186 0.995185 -0
    outer loop
      vertex 0 -4 1.19
      vertex -0.780361 -3.92314 3
      vertex 0 -4 3
    endloop
  endfacet
  facet normal 0.0980186 0.995185 0
    outer loop
      vertex -0.780361 -3.92314 3
      vertex 0 -4 1.19
      vertex -0.780361 -3.92314 1.19
    endloop
  endfacet
  facet normal 0.63439 -0.773013 0
    outer loop
      vertex -2.82843 2.82843 1.19
      vertex -2.22228 3.32588 3
      vertex -2.82843 2.82843 3
    endloop
  endfacet
  facet normal 0.63439 -0.773013 0
    outer loop
      vertex -2.22228 3.32588 3
      vertex -2.82843 2.82843 1.19
      vertex -2.22228 3.32588 1.19
    endloop
  endfacet
  facet normal 0.881922 0.471396 0
    outer loop
      vertex -3.32588 -2.22228 3
      vertex -3.69552 -1.53073 1.19
      vertex -3.69552 -1.53073 3
    endloop
  endfacet
  facet normal 0.881922 0.471396 0
    outer loop
      vertex -3.69552 -1.53073 1.19
      vertex -3.32588 -2.22228 3
      vertex -3.32588 -2.22228 1.19
    endloop
  endfacet
  facet normal -0.995185 0.0980186 0
    outer loop
      vertex 3.92314 -0.780361 1.19
      vertex 4 0 3
      vertex 4 0 1.19
    endloop
  endfacet
  facet normal -0.995185 0.0980186 0
    outer loop
      vertex 4 0 3
      vertex 3.92314 -0.780361 1.19
      vertex 3.92314 -0.780361 3
    endloop
  endfacet
  facet normal 0.773013 0.63439 0
    outer loop
      vertex -2.82843 -2.82843 3
      vertex -3.32588 -2.22228 1.19
      vertex -3.32588 -2.22228 3
    endloop
  endfacet
  facet normal 0.773013 0.63439 0
    outer loop
      vertex -3.32588 -2.22228 1.19
      vertex -2.82843 -2.82843 3
      vertex -2.82843 -2.82843 1.19
    endloop
  endfacet
  facet normal 0.956941 0.290282 0
    outer loop
      vertex -3.69552 -1.53073 3
      vertex -3.92314 -0.780361 1.19
      vertex -3.92314 -0.780361 3
    endloop
  endfacet
  facet normal 0.956941 0.290282 0
    outer loop
      vertex -3.92314 -0.780361 1.19
      vertex -3.69552 -1.53073 3
      vertex -3.69552 -1.53073 1.19
    endloop
  endfacet
  facet normal 0.63439 0.773013 -0
    outer loop
      vertex -2.22228 -3.32588 1.19
      vertex -2.82843 -2.82843 3
      vertex -2.22228 -3.32588 3
    endloop
  endfacet
  facet normal 0.63439 0.773013 0
    outer loop
      vertex -2.82843 -2.82843 3
      vertex -2.22228 -3.32588 1.19
      vertex -2.82843 -2.82843 1.19
    endloop
  endfacet
  facet normal 0.995185 0.0980186 0
    outer loop
      vertex -3.92314 -0.780361 3
      vertex -4 0 1.19
      vertex -4 0 3
    endloop
  endfacet
  facet normal 0.995185 0.0980186 0
    outer loop
      vertex -4 0 1.19
      vertex -3.92314 -0.780361 3
      vertex -3.92314 -0.780361 1.19
    endloop
  endfacet
  facet normal 0.471396 0.881922 -0
    outer loop
      vertex -1.53073 -3.69552 1.19
      vertex -2.22228 -3.32588 3
      vertex -1.53073 -3.69552 3
    endloop
  endfacet
  facet normal 0.471396 0.881922 0
    outer loop
      vertex -2.22228 -3.32588 3
      vertex -1.53073 -3.69552 1.19
      vertex -2.22228 -3.32588 1.19
    endloop
  endfacet
  facet normal 0.773013 -0.63439 0
    outer loop
      vertex -3.32588 2.22228 3
      vertex -2.82843 2.82843 1.19
      vertex -2.82843 2.82843 3
    endloop
  endfacet
  facet normal 0.773013 -0.63439 0
    outer loop
      vertex -2.82843 2.82843 1.19
      vertex -3.32588 2.22228 3
      vertex -3.32588 2.22228 1.19
    endloop
  endfacet
  facet normal 0.290282 -0.956941 0
    outer loop
      vertex -1.53073 3.69552 1.19
      vertex -0.780361 3.92314 3
      vertex -1.53073 3.69552 3
    endloop
  endfacet
  facet normal 0.290282 -0.956941 0
    outer loop
      vertex -0.780361 3.92314 3
      vertex -1.53073 3.69552 1.19
      vertex -0.780361 3.92314 1.19
    endloop
  endfacet
  facet normal -0.773013 0.63439 0
    outer loop
      vertex 2.82843 -2.82843 1.19
      vertex 3.32588 -2.22228 3
      vertex 3.32588 -2.22228 1.19
    endloop
  endfacet
  facet normal -0.773013 0.63439 0
    outer loop
      vertex 3.32588 -2.22228 3
      vertex 2.82843 -2.82843 1.19
      vertex 2.82843 -2.82843 3
    endloop
  endfacet
  facet normal -0.290282 0.956941 0
    outer loop
      vertex 1.53073 -3.69552 1.19
      vertex 0.780361 -3.92314 3
      vertex 1.53073 -3.69552 3
    endloop
  endfacet
  facet normal -0.290282 0.956941 0
    outer loop
      vertex 0.780361 -3.92314 3
      vertex 1.53073 -3.69552 1.19
      vertex 0.780361 -3.92314 1.19
    endloop
  endfacet
  facet normal 0.995185 -0.0980186 0
    outer loop
      vertex -4 0 3
      vertex -3.92314 0.780361 1.19
      vertex -3.92314 0.780361 3
    endloop
  endfacet
  facet normal 0.995185 -0.0980186 0
    outer loop
      vertex -3.92314 0.780361 1.19
      vertex -4 0 3
      vertex -4 0 1.19
    endloop
  endfacet
  facet normal -0.773013 -0.63439 0
    outer loop
      vertex 3.32588 2.22228 1.19
      vertex 2.82843 2.82843 3
      vertex 2.82843 2.82843 1.19
    endloop
  endfacet
  facet normal -0.773013 -0.63439 0
    outer loop
      vertex 2.82843 2.82843 3
      vertex 3.32588 2.22228 1.19
      vertex 3.32588 2.22228 3
    endloop
  endfacet
  facet normal 0.956941 -0.290282 0
    outer loop
      vertex -3.92314 0.780361 3
      vertex -3.69552 1.53073 1.19
      vertex -3.69552 1.53073 3
    endloop
  endfacet
  facet normal 0.956941 -0.290282 0
    outer loop
      vertex -3.69552 1.53073 1.19
      vertex -3.92314 0.780361 3
      vertex -3.92314 0.780361 1.19
    endloop
  endfacet
  facet normal -0.471396 0.881922 0
    outer loop
      vertex 2.22228 -3.32588 1.19
      vertex 1.53073 -3.69552 3
      vertex 2.22228 -3.32588 3
    endloop
  endfacet
  facet normal -0.471396 0.881922 0
    outer loop
      vertex 1.53073 -3.69552 3
      vertex 2.22228 -3.32588 1.19
      vertex 1.53073 -3.69552 1.19
    endloop
  endfacet
  facet normal 0.471396 -0.881922 0
    outer loop
      vertex -2.22228 3.32588 1.19
      vertex -1.53073 3.69552 3
      vertex -2.22228 3.32588 3
    endloop
  endfacet
  facet normal 0.471396 -0.881922 0
    outer loop
      vertex -1.53073 3.69552 3
      vertex -2.22228 3.32588 1.19
      vertex -1.53073 3.69552 1.19
    endloop
  endfacet
  facet normal -0.0980186 0.995185 0
    outer loop
      vertex 0.780361 -3.92314 1.19
      vertex 0 -4 3
      vertex 0.780361 -3.92314 3
    endloop
  endfacet
  facet normal -0.0980186 0.995185 0
    outer loop
      vertex 0 -4 3
      vertex 0.780361 -3.92314 1.19
      vertex 0 -4 1.19
    endloop
  endfacet
  facet normal -0.63439 0.773013 0
    outer loop
      vertex 2.82843 -2.82843 1.19
      vertex 2.22228 -3.32588 3
      vertex 2.82843 -2.82843 3
    endloop
  endfacet
  facet normal -0.63439 0.773013 0
    outer loop
      vertex 2.22228 -3.32588 3
      vertex 2.82843 -2.82843 1.19
      vertex 2.22228 -3.32588 1.19
    endloop
  endfacet
  facet normal 0.290282 0.956941 -0
    outer loop
      vertex -0.780361 -3.92314 1.19
      vertex -1.53073 -3.69552 3
      vertex -0.780361 -3.92314 3
    endloop
  endfacet
  facet normal 0.290282 0.956941 0
    outer loop
      vertex -1.53073 -3.69552 3
      vertex -0.780361 -3.92314 1.19
      vertex -1.53073 -3.69552 1.19
    endloop
  endfacet
  facet normal -0.881922 0.471396 0
    outer loop
      vertex 3.32588 -2.22228 1.19
      vertex 3.69552 -1.53073 3
      vertex 3.69552 -1.53073 1.19
    endloop
  endfacet
  facet normal -0.881922 0.471396 0
    outer loop
      vertex 3.69552 -1.53073 3
      vertex 3.32588 -2.22228 1.19
      vertex 3.32588 -2.22228 3
    endloop
  endfacet
  facet normal 0.881922 -0.471396 0
    outer loop
      vertex -3.69552 1.53073 3
      vertex -3.32588 2.22228 1.19
      vertex -3.32588 2.22228 3
    endloop
  endfacet
  facet normal 0.881922 -0.471396 0
    outer loop
      vertex -3.32588 2.22228 1.19
      vertex -3.69552 1.53073 3
      vertex -3.69552 1.53073 1.19
    endloop
  endfacet
endsolid OpenSCAD_Model
