solid OpenSCAD_Model
  facet normal 0.996918 0.0784479 0
    outer loop
      vertex 35.4513 1.85793 80
      vertex 35.3055 3.71076 4
      vertex 35.3055 3.71076 80
    endloop
  endfacet
  facet normal 0.996918 0.0784479 0
    outer loop
      vertex 35.3055 3.71076 4
      vertex 35.4513 1.85793 80
      vertex 35.4513 1.85793 4
    endloop
  endfacet
  facet normal 0.999657 0.026203 0
    outer loop
      vertex 35.5 0 80
      vertex 35.4513 1.85793 4
      vertex 35.4513 1.85793 80
    endloop
  endfacet
  facet normal 0.999657 0.026203 0
    outer loop
      vertex 35.4513 1.85793 4
      vertex 35.5 0 80
      vertex 35.5 0 4
    endloop
  endfacet
  facet normal 0.991444 0.130531 0
    outer loop
      vertex 35.3055 3.71076 80
      vertex 35.0629 5.55342 4
      vertex 35.0629 5.55342 80
    endloop
  endfacet
  facet normal 0.991444 0.130531 0
    outer loop
      vertex 35.0629 5.55342 4
      vertex 35.3055 3.71076 80
      vertex 35.3055 3.71076 4
    endloop
  endfacet
  facet normal 0.0784479 -0.996918 0
    outer loop
      vertex 1.85793 -35.4513 4
      vertex 3.71076 -35.3055 80
      vertex 1.85793 -35.4513 80
    endloop
  endfacet
  facet normal 0.0784479 -0.996918 0
    outer loop
      vertex 3.71076 -35.3055 80
      vertex 1.85793 -35.4513 4
      vertex 3.71076 -35.3055 4
    endloop
  endfacet
  facet normal 0.7254 0.688328 0
    outer loop
      vertex 26.3816 23.7541 80
      vertex 25.1023 25.1023 4
      vertex 25.1023 25.1023 80
    endloop
  endfacet
  facet normal 0.7254 0.688328 0
    outer loop
      vertex 25.1023 25.1023 4
      vertex 26.3816 23.7541 80
      vertex 26.3816 23.7541 4
    endloop
  endfacet
  facet normal 0.923888 0.382662 0
    outer loop
      vertex 33.1421 12.7221 80
      vertex 32.4309 14.4392 4
      vertex 32.4309 14.4392 80
    endloop
  endfacet
  facet normal 0.923888 0.382662 0
    outer loop
      vertex 32.4309 14.4392 4
      vertex 33.1421 12.7221 80
      vertex 33.1421 12.7221 4
    endloop
  endfacet
  facet normal 0.972379 -0.233407 0
    outer loop
      vertex 34.2904 -9.18808 80
      vertex 34.7242 -7.38086 4
      vertex 34.7242 -7.38086 80
    endloop
  endfacet
  facet normal 0.972379 -0.233407 0
    outer loop
      vertex 34.7242 -7.38086 4
      vertex 34.2904 -9.18808 80
      vertex 34.2904 -9.18808 4
    endloop
  endfacet
  facet normal 0.7254 -0.688328 0
    outer loop
      vertex 25.1023 -25.1023 80
      vertex 26.3816 -23.7541 4
      vertex 26.3816 -23.7541 80
    endloop
  endfacet
  facet normal 0.7254 -0.688328 0
    outer loop
      vertex 26.3816 -23.7541 4
      vertex 25.1023 -25.1023 80
      vertex 25.1023 -25.1023 4
    endloop
  endfacet
  facet normal -0.130531 0.991444 0
    outer loop
      vertex -3.71076 35.3055 4
      vertex -5.55342 35.0629 80
      vertex -3.71076 35.3055 80
    endloop
  endfacet
  facet normal -0.130531 0.991444 0
    outer loop
      vertex -5.55342 35.0629 80
      vertex -3.71076 35.3055 4
      vertex -5.55342 35.0629 4
    endloop
  endfacet
  facet normal 0.942644 -0.333799 0
    outer loop
      vertex 33.1421 -12.7221 80
      vertex 33.7625 -10.9701 4
      vertex 33.7625 -10.9701 80
    endloop
  endfacet
  facet normal 0.942644 -0.333799 0
    outer loop
      vertex 33.7625 -10.9701 4
      vertex 33.1421 -12.7221 80
      vertex 33.1421 -12.7221 4
    endloop
  endfacet
  facet normal 0.942644 0.333799 0
    outer loop
      vertex 33.7625 10.9701 80
      vertex 33.1421 12.7221 4
      vertex 33.1421 12.7221 80
    endloop
  endfacet
  facet normal 0.942644 0.333799 0
    outer loop
      vertex 33.1421 12.7221 4
      vertex 33.7625 10.9701 80
      vertex 33.7625 10.9701 4
    endloop
  endfacet
  facet normal 0.430543 0.90257 -0
    outer loop
      vertex 16.1167 31.6307 4
      vertex 14.4392 32.4309 80
      vertex 16.1167 31.6307 80
    endloop
  endfacet
  facet normal 0.430543 0.90257 0
    outer loop
      vertex 14.4392 32.4309 80
      vertex 16.1167 31.6307 4
      vertex 14.4392 32.4309 4
    endloop
  endfacet
  facet normal 0.477155 -0.878819 0
    outer loop
      vertex 16.1167 -31.6307 4
      vertex 17.75 -30.7439 80
      vertex 16.1167 -31.6307 80
    endloop
  endfacet
  facet normal 0.477155 -0.878819 0
    outer loop
      vertex 17.75 -30.7439 80
      vertex 16.1167 -31.6307 4
      vertex 17.75 -30.7439 4
    endloop
  endfacet
  facet normal -0.566403 -0.824128 0
    outer loop
      vertex -20.8664 -28.7201 4
      vertex -19.3347 -29.7728 80
      vertex -20.8664 -28.7201 80
    endloop
  endfacet
  facet normal -0.566403 -0.824128 -0
    outer loop
      vertex -19.3347 -29.7728 80
      vertex -20.8664 -28.7201 4
      vertex -19.3347 -29.7728 4
    endloop
  endfacet
  facet normal 0.566403 0.824128 -0
    outer loop
      vertex 20.8664 28.7201 4
      vertex 19.3347 29.7728 80
      vertex 20.8664 28.7201 80
    endloop
  endfacet
  facet normal 0.566403 0.824128 0
    outer loop
      vertex 19.3347 29.7728 80
      vertex 20.8664 28.7201 4
      vertex 19.3347 29.7728 4
    endloop
  endfacet
  facet normal -0.942644 0.333799 0
    outer loop
      vertex -33.7625 10.9701 4
      vertex -33.1421 12.7221 80
      vertex -33.1421 12.7221 4
    endloop
  endfacet
  facet normal -0.942644 0.333799 0
    outer loop
      vertex -33.1421 12.7221 80
      vertex -33.7625 10.9701 4
      vertex -33.7625 10.9701 80
    endloop
  endfacet
  facet normal 0.608753 0.793359 -0
    outer loop
      vertex 22.3409 27.5887 4
      vertex 20.8664 28.7201 80
      vertex 22.3409 27.5887 80
    endloop
  endfacet
  facet normal 0.608753 0.793359 0
    outer loop
      vertex 20.8664 28.7201 80
      vertex 22.3409 27.5887 4
      vertex 20.8664 28.7201 4
    endloop
  endfacet
  facet normal -0.824128 0.566403 0
    outer loop
      vertex -29.7728 19.3347 4
      vertex -28.7201 20.8664 80
      vertex -28.7201 20.8664 4
    endloop
  endfacet
  facet normal -0.824128 0.566403 0
    outer loop
      vertex -28.7201 20.8664 80
      vertex -29.7728 19.3347 4
      vertex -29.7728 19.3347 80
    endloop
  endfacet
  facet normal -0.824128 -0.566403 0
    outer loop
      vertex -28.7201 -20.8664 4
      vertex -29.7728 -19.3347 80
      vertex -29.7728 -19.3347 4
    endloop
  endfacet
  facet normal -0.824128 -0.566403 0
    outer loop
      vertex -29.7728 -19.3347 80
      vertex -28.7201 -20.8664 4
      vertex -28.7201 -20.8664 80
    endloop
  endfacet
  facet normal -0.793359 -0.608753 0
    outer loop
      vertex -27.5887 -22.3409 4
      vertex -28.7201 -20.8664 80
      vertex -28.7201 -20.8664 4
    endloop
  endfacet
  facet normal -0.793359 -0.608753 0
    outer loop
      vertex -28.7201 -20.8664 80
      vertex -27.5887 -22.3409 4
      vertex -27.5887 -22.3409 80
    endloop
  endfacet
  facet normal 0.333799 0.942644 -0
    outer loop
      vertex 12.7221 33.1421 4
      vertex 10.9701 33.7625 80
      vertex 12.7221 33.1421 80
    endloop
  endfacet
  facet normal 0.333799 0.942644 0
    outer loop
      vertex 10.9701 33.7625 80
      vertex 12.7221 33.1421 4
      vertex 10.9701 33.7625 4
    endloop
  endfacet
  facet normal -0.649483 -0.760376 0
    outer loop
      vertex -23.7541 -26.3816 4
      vertex -22.3409 -27.5887 80
      vertex -23.7541 -26.3816 80
    endloop
  endfacet
  facet normal -0.649483 -0.760376 -0
    outer loop
      vertex -22.3409 -27.5887 80
      vertex -23.7541 -26.3816 4
      vertex -22.3409 -27.5887 4
    endloop
  endfacet
  facet normal 0.793359 -0.608753 0
    outer loop
      vertex 27.5887 -22.3409 80
      vertex 28.7201 -20.8664 4
      vertex 28.7201 -20.8664 80
    endloop
  endfacet
  facet normal 0.793359 -0.608753 0
    outer loop
      vertex 28.7201 -20.8664 4
      vertex 27.5887 -22.3409 80
      vertex 27.5887 -22.3409 4
    endloop
  endfacet
  facet normal -0.942644 -0.333799 0
    outer loop
      vertex -33.1421 -12.7221 4
      vertex -33.7625 -10.9701 80
      vertex -33.7625 -10.9701 4
    endloop
  endfacet
  facet normal -0.942644 -0.333799 0
    outer loop
      vertex -33.7625 -10.9701 80
      vertex -33.1421 -12.7221 4
      vertex -33.1421 -12.7221 80
    endloop
  endfacet
  facet normal -0.852641 0.522496 0
    outer loop
      vertex -30.7439 17.75 4
      vertex -29.7728 19.3347 80
      vertex -29.7728 19.3347 4
    endloop
  endfacet
  facet normal -0.852641 0.522496 0
    outer loop
      vertex -29.7728 19.3347 80
      vertex -30.7439 17.75 4
      vertex -30.7439 17.75 80
    endloop
  endfacet
  facet normal -0.566403 0.824128 0
    outer loop
      vertex -19.3347 29.7728 4
      vertex -20.8664 28.7201 80
      vertex -19.3347 29.7728 80
    endloop
  endfacet
  facet normal -0.566403 0.824128 0
    outer loop
      vertex -20.8664 28.7201 80
      vertex -19.3347 29.7728 4
      vertex -20.8664 28.7201 4
    endloop
  endfacet
  facet normal -0.026203 -0.999657 0
    outer loop
      vertex -1.85793 -35.4513 4
      vertex 0 -35.5 80
      vertex -1.85793 -35.4513 80
    endloop
  endfacet
  facet normal -0.026203 -0.999657 -0
    outer loop
      vertex 0 -35.5 80
      vertex -1.85793 -35.4513 4
      vertex 0 -35.5 4
    endloop
  endfacet
  facet normal 0.688328 0.7254 -0
    outer loop
      vertex 25.1023 25.1023 4
      vertex 23.7541 26.3816 80
      vertex 25.1023 25.1023 80
    endloop
  endfacet
  facet normal 0.688328 0.7254 0
    outer loop
      vertex 23.7541 26.3816 80
      vertex 25.1023 25.1023 4
      vertex 23.7541 26.3816 4
    endloop
  endfacet
  facet normal -0.522496 0.852641 0
    outer loop
      vertex -17.75 30.7439 4
      vertex -19.3347 29.7728 80
      vertex -17.75 30.7439 80
    endloop
  endfacet
  facet normal -0.522496 0.852641 0
    outer loop
      vertex -19.3347 29.7728 80
      vertex -17.75 30.7439 4
      vertex -19.3347 29.7728 4
    endloop
  endfacet
  facet normal 0.688328 -0.7254 0
    outer loop
      vertex 23.7541 -26.3816 4
      vertex 25.1023 -25.1023 80
      vertex 23.7541 -26.3816 80
    endloop
  endfacet
  facet normal 0.688328 -0.7254 0
    outer loop
      vertex 25.1023 -25.1023 80
      vertex 23.7541 -26.3816 4
      vertex 25.1023 -25.1023 4
    endloop
  endfacet
  facet normal 0.958814 0.284036 0
    outer loop
      vertex 34.2904 9.18808 80
      vertex 33.7625 10.9701 4
      vertex 33.7625 10.9701 80
    endloop
  endfacet
  facet normal 0.958814 0.284036 0
    outer loop
      vertex 33.7625 10.9701 4
      vertex 34.2904 9.18808 80
      vertex 34.2904 9.18808 4
    endloop
  endfacet
  facet normal -0.130531 -0.991444 0
    outer loop
      vertex -5.55342 -35.0629 4
      vertex -3.71076 -35.3055 80
      vertex -5.55342 -35.0629 80
    endloop
  endfacet
  facet normal -0.130531 -0.991444 -0
    outer loop
      vertex -3.71076 -35.3055 80
      vertex -5.55342 -35.0629 4
      vertex -3.71076 -35.3055 4
    endloop
  endfacet
  facet normal 0.958814 -0.284036 0
    outer loop
      vertex 33.7625 -10.9701 80
      vertex 34.2904 -9.18808 4
      vertex 34.2904 -9.18808 80
    endloop
  endfacet
  facet normal 0.958814 -0.284036 0
    outer loop
      vertex 34.2904 -9.18808 4
      vertex 33.7625 -10.9701 80
      vertex 33.7625 -10.9701 4
    endloop
  endfacet
  facet normal 0.793359 0.608753 0
    outer loop
      vertex 28.7201 20.8664 80
      vertex 27.5887 22.3409 4
      vertex 27.5887 22.3409 80
    endloop
  endfacet
  facet normal 0.793359 0.608753 0
    outer loop
      vertex 27.5887 22.3409 4
      vertex 28.7201 20.8664 80
      vertex 28.7201 20.8664 4
    endloop
  endfacet
  facet normal 0.983255 0.182238 0
    outer loop
      vertex 35.0629 5.55342 80
      vertex 34.7242 7.38086 4
      vertex 34.7242 7.38086 80
    endloop
  endfacet
  facet normal 0.983255 0.182238 0
    outer loop
      vertex 34.7242 7.38086 4
      vertex 35.0629 5.55342 80
      vertex 35.0629 5.55342 4
    endloop
  endfacet
  facet normal 0.996918 -0.0784479 0
    outer loop
      vertex 35.3055 -3.71076 80
      vertex 35.4513 -1.85793 4
      vertex 35.4513 -1.85793 80
    endloop
  endfacet
  facet normal 0.996918 -0.0784479 0
    outer loop
      vertex 35.4513 -1.85793 4
      vertex 35.3055 -3.71076 80
      vertex 35.3055 -3.71076 4
    endloop
  endfacet
  facet normal -0.522496 -0.852641 0
    outer loop
      vertex -19.3347 -29.7728 4
      vertex -17.75 -30.7439 80
      vertex -19.3347 -29.7728 80
    endloop
  endfacet
  facet normal -0.522496 -0.852641 -0
    outer loop
      vertex -17.75 -30.7439 80
      vertex -19.3347 -29.7728 4
      vertex -17.75 -30.7439 4
    endloop
  endfacet
  facet normal -0.026203 0.999657 0
    outer loop
      vertex 0 35.5 4
      vertex -1.85793 35.4513 80
      vertex 0 35.5 80
    endloop
  endfacet
  facet normal -0.026203 0.999657 0
    outer loop
      vertex -1.85793 35.4513 80
      vertex 0 35.5 4
      vertex -1.85793 35.4513 4
    endloop
  endfacet
  facet normal -0.430543 -0.90257 0
    outer loop
      vertex -16.1167 -31.6307 4
      vertex -14.4392 -32.4309 80
      vertex -16.1167 -31.6307 80
    endloop
  endfacet
  facet normal -0.430543 -0.90257 -0
    outer loop
      vertex -14.4392 -32.4309 80
      vertex -16.1167 -31.6307 4
      vertex -14.4392 -32.4309 4
    endloop
  endfacet
  facet normal -0.649483 0.760376 0
    outer loop
      vertex -22.3409 27.5887 4
      vertex -23.7541 26.3816 80
      vertex -22.3409 27.5887 80
    endloop
  endfacet
  facet normal -0.649483 0.760376 0
    outer loop
      vertex -23.7541 26.3816 80
      vertex -22.3409 27.5887 4
      vertex -23.7541 26.3816 4
    endloop
  endfacet
  facet normal 0.991444 -0.130531 0
    outer loop
      vertex 35.0629 -5.55342 80
      vertex 35.3055 -3.71076 4
      vertex 35.3055 -3.71076 80
    endloop
  endfacet
  facet normal 0.991444 -0.130531 0
    outer loop
      vertex 35.3055 -3.71076 4
      vertex 35.0629 -5.55342 80
      vertex 35.0629 -5.55342 4
    endloop
  endfacet
  facet normal 0.333799 -0.942644 0
    outer loop
      vertex 10.9701 -33.7625 4
      vertex 12.7221 -33.1421 80
      vertex 10.9701 -33.7625 80
    endloop
  endfacet
  facet normal 0.333799 -0.942644 0
    outer loop
      vertex 12.7221 -33.1421 80
      vertex 10.9701 -33.7625 4
      vertex 12.7221 -33.1421 4
    endloop
  endfacet
  facet normal -0.996918 -0.0784479 0
    outer loop
      vertex -35.3055 -3.71076 4
      vertex -35.4513 -1.85793 80
      vertex -35.4513 -1.85793 4
    endloop
  endfacet
  facet normal -0.996918 -0.0784479 0
    outer loop
      vertex -35.4513 -1.85793 80
      vertex -35.3055 -3.71076 4
      vertex -35.3055 -3.71076 80
    endloop
  endfacet
  facet normal -0.0784479 0.996918 0
    outer loop
      vertex -1.85793 35.4513 4
      vertex -3.71076 35.3055 80
      vertex -1.85793 35.4513 80
    endloop
  endfacet
  facet normal -0.0784479 0.996918 0
    outer loop
      vertex -3.71076 35.3055 80
      vertex -1.85793 35.4513 4
      vertex -3.71076 35.3055 4
    endloop
  endfacet
  facet normal 0.026203 -0.999657 0
    outer loop
      vertex 0 -35.5 4
      vertex 1.85793 -35.4513 80
      vertex 0 -35.5 80
    endloop
  endfacet
  facet normal 0.026203 -0.999657 0
    outer loop
      vertex 1.85793 -35.4513 80
      vertex 0 -35.5 4
      vertex 1.85793 -35.4513 4
    endloop
  endfacet
  facet normal 0.878819 0.477155 0
    outer loop
      vertex 31.6307 16.1167 80
      vertex 30.7439 17.75 4
      vertex 30.7439 17.75 80
    endloop
  endfacet
  facet normal 0.878819 0.477155 0
    outer loop
      vertex 30.7439 17.75 4
      vertex 31.6307 16.1167 80
      vertex 31.6307 16.1167 4
    endloop
  endfacet
  facet normal 0.649483 0.760376 -0
    outer loop
      vertex 23.7541 26.3816 4
      vertex 22.3409 27.5887 80
      vertex 23.7541 26.3816 80
    endloop
  endfacet
  facet normal 0.649483 0.760376 0
    outer loop
      vertex 22.3409 27.5887 80
      vertex 23.7541 26.3816 4
      vertex 22.3409 27.5887 4
    endloop
  endfacet
  facet normal -0.760376 0.649483 0
    outer loop
      vertex -27.5887 22.3409 4
      vertex -26.3816 23.7541 80
      vertex -26.3816 23.7541 4
    endloop
  endfacet
  facet normal -0.760376 0.649483 0
    outer loop
      vertex -26.3816 23.7541 80
      vertex -27.5887 22.3409 4
      vertex -27.5887 22.3409 80
    endloop
  endfacet
  facet normal -0.878819 0.477155 0
    outer loop
      vertex -31.6307 16.1167 4
      vertex -30.7439 17.75 80
      vertex -30.7439 17.75 4
    endloop
  endfacet
  facet normal -0.878819 0.477155 0
    outer loop
      vertex -30.7439 17.75 80
      vertex -31.6307 16.1167 4
      vertex -31.6307 16.1167 80
    endloop
  endfacet
  facet normal 0.999657 -0.026203 0
    outer loop
      vertex 35.4513 -1.85793 80
      vertex 35.5 0 4
      vertex 35.5 0 80
    endloop
  endfacet
  facet normal 0.999657 -0.026203 0
    outer loop
      vertex 35.5 0 4
      vertex 35.4513 -1.85793 80
      vertex 35.4513 -1.85793 4
    endloop
  endfacet
  facet normal -0.991444 -0.130531 0
    outer loop
      vertex -35.0629 -5.55342 4
      vertex -35.3055 -3.71076 80
      vertex -35.3055 -3.71076 4
    endloop
  endfacet
  facet normal -0.991444 -0.130531 0
    outer loop
      vertex -35.3055 -3.71076 80
      vertex -35.0629 -5.55342 4
      vertex -35.0629 -5.55342 80
    endloop
  endfacet
  facet normal 0.0784479 0.996918 -0
    outer loop
      vertex 3.71076 35.3055 4
      vertex 1.85793 35.4513 80
      vertex 3.71076 35.3055 80
    endloop
  endfacet
  facet normal 0.0784479 0.996918 0
    outer loop
      vertex 1.85793 35.4513 80
      vertex 3.71076 35.3055 4
      vertex 1.85793 35.4513 4
    endloop
  endfacet
  facet normal -0.333799 -0.942644 0
    outer loop
      vertex -12.7221 -33.1421 4
      vertex -10.9701 -33.7625 80
      vertex -12.7221 -33.1421 80
    endloop
  endfacet
  facet normal -0.333799 -0.942644 -0
    outer loop
      vertex -10.9701 -33.7625 80
      vertex -12.7221 -33.1421 4
      vertex -10.9701 -33.7625 4
    endloop
  endfacet
  facet normal 0.182238 0.983255 -0
    outer loop
      vertex 7.38086 34.7242 4
      vertex 5.55342 35.0629 80
      vertex 7.38086 34.7242 80
    endloop
  endfacet
  facet normal 0.182238 0.983255 0
    outer loop
      vertex 5.55342 35.0629 80
      vertex 7.38086 34.7242 4
      vertex 5.55342 35.0629 4
    endloop
  endfacet
  facet normal 0.760376 -0.649483 0
    outer loop
      vertex 26.3816 -23.7541 80
      vertex 27.5887 -22.3409 4
      vertex 27.5887 -22.3409 80
    endloop
  endfacet
  facet normal 0.760376 -0.649483 0
    outer loop
      vertex 27.5887 -22.3409 4
      vertex 26.3816 -23.7541 80
      vertex 26.3816 -23.7541 4
    endloop
  endfacet
  facet normal 0.852641 0.522496 0
    outer loop
      vertex 30.7439 17.75 80
      vertex 29.7728 19.3347 4
      vertex 29.7728 19.3347 80
    endloop
  endfacet
  facet normal 0.852641 0.522496 0
    outer loop
      vertex 29.7728 19.3347 4
      vertex 30.7439 17.75 80
      vertex 30.7439 17.75 4
    endloop
  endfacet
  facet normal 0.522496 -0.852641 0
    outer loop
      vertex 17.75 -30.7439 4
      vertex 19.3347 -29.7728 80
      vertex 17.75 -30.7439 80
    endloop
  endfacet
  facet normal 0.522496 -0.852641 0
    outer loop
      vertex 19.3347 -29.7728 80
      vertex 17.75 -30.7439 4
      vertex 19.3347 -29.7728 4
    endloop
  endfacet
  facet normal 0.824128 -0.566403 0
    outer loop
      vertex 28.7201 -20.8664 80
      vertex 29.7728 -19.3347 4
      vertex 29.7728 -19.3347 80
    endloop
  endfacet
  facet normal 0.824128 -0.566403 0
    outer loop
      vertex 29.7728 -19.3347 4
      vertex 28.7201 -20.8664 80
      vertex 28.7201 -20.8664 4
    endloop
  endfacet
  facet normal -0.284036 -0.958814 0
    outer loop
      vertex -10.9701 -33.7625 4
      vertex -9.18808 -34.2904 80
      vertex -10.9701 -33.7625 80
    endloop
  endfacet
  facet normal -0.284036 -0.958814 -0
    outer loop
      vertex -9.18808 -34.2904 80
      vertex -10.9701 -33.7625 4
      vertex -9.18808 -34.2904 4
    endloop
  endfacet
  facet normal -0.7254 -0.688328 0
    outer loop
      vertex -25.1023 -25.1023 4
      vertex -26.3816 -23.7541 80
      vertex -26.3816 -23.7541 4
    endloop
  endfacet
  facet normal -0.7254 -0.688328 0
    outer loop
      vertex -26.3816 -23.7541 80
      vertex -25.1023 -25.1023 4
      vertex -25.1023 -25.1023 80
    endloop
  endfacet
  facet normal 0.284036 -0.958814 0
    outer loop
      vertex 9.18808 -34.2904 4
      vertex 10.9701 -33.7625 80
      vertex 9.18808 -34.2904 80
    endloop
  endfacet
  facet normal 0.284036 -0.958814 0
    outer loop
      vertex 10.9701 -33.7625 80
      vertex 9.18808 -34.2904 4
      vertex 10.9701 -33.7625 4
    endloop
  endfacet
  facet normal 0.983255 -0.182238 0
    outer loop
      vertex 34.7242 -7.38086 80
      vertex 35.0629 -5.55342 4
      vertex 35.0629 -5.55342 80
    endloop
  endfacet
  facet normal 0.983255 -0.182238 0
    outer loop
      vertex 35.0629 -5.55342 4
      vertex 34.7242 -7.38086 80
      vertex 34.7242 -7.38086 4
    endloop
  endfacet
  facet normal 0.824128 0.566403 0
    outer loop
      vertex 29.7728 19.3347 80
      vertex 28.7201 20.8664 4
      vertex 28.7201 20.8664 80
    endloop
  endfacet
  facet normal 0.824128 0.566403 0
    outer loop
      vertex 28.7201 20.8664 4
      vertex 29.7728 19.3347 80
      vertex 29.7728 19.3347 4
    endloop
  endfacet
  facet normal -0.999657 -0.026203 0
    outer loop
      vertex -35.4513 -1.85793 4
      vertex -35.5 0 80
      vertex -35.5 0 4
    endloop
  endfacet
  facet normal -0.999657 -0.026203 0
    outer loop
      vertex -35.5 0 80
      vertex -35.4513 -1.85793 4
      vertex -35.4513 -1.85793 80
    endloop
  endfacet
  facet normal 0.852641 -0.522496 0
    outer loop
      vertex 29.7728 -19.3347 80
      vertex 30.7439 -17.75 4
      vertex 30.7439 -17.75 80
    endloop
  endfacet
  facet normal 0.852641 -0.522496 0
    outer loop
      vertex 30.7439 -17.75 4
      vertex 29.7728 -19.3347 80
      vertex 29.7728 -19.3347 4
    endloop
  endfacet
  facet normal -0.7254 0.688328 0
    outer loop
      vertex -26.3816 23.7541 4
      vertex -25.1023 25.1023 80
      vertex -25.1023 25.1023 4
    endloop
  endfacet
  facet normal -0.7254 0.688328 0
    outer loop
      vertex -25.1023 25.1023 80
      vertex -26.3816 23.7541 4
      vertex -26.3816 23.7541 80
    endloop
  endfacet
  facet normal -0.233407 -0.972379 0
    outer loop
      vertex -9.18808 -34.2904 4
      vertex -7.38086 -34.7242 80
      vertex -9.18808 -34.2904 80
    endloop
  endfacet
  facet normal -0.233407 -0.972379 -0
    outer loop
      vertex -7.38086 -34.7242 80
      vertex -9.18808 -34.2904 4
      vertex -7.38086 -34.7242 4
    endloop
  endfacet
  facet normal -0.430543 0.90257 0
    outer loop
      vertex -14.4392 32.4309 4
      vertex -16.1167 31.6307 80
      vertex -14.4392 32.4309 80
    endloop
  endfacet
  facet normal -0.430543 0.90257 0
    outer loop
      vertex -16.1167 31.6307 80
      vertex -14.4392 32.4309 4
      vertex -16.1167 31.6307 4
    endloop
  endfacet
  facet normal 0.130531 -0.991444 0
    outer loop
      vertex 3.71076 -35.3055 4
      vertex 5.55342 -35.0629 80
      vertex 3.71076 -35.3055 80
    endloop
  endfacet
  facet normal 0.130531 -0.991444 0
    outer loop
      vertex 5.55342 -35.0629 80
      vertex 3.71076 -35.3055 4
      vertex 5.55342 -35.0629 4
    endloop
  endfacet
  facet normal 0.382662 0.923888 -0
    outer loop
      vertex 14.4392 32.4309 4
      vertex 12.7221 33.1421 80
      vertex 14.4392 32.4309 80
    endloop
  endfacet
  facet normal 0.382662 0.923888 0
    outer loop
      vertex 12.7221 33.1421 80
      vertex 14.4392 32.4309 4
      vertex 12.7221 33.1421 4
    endloop
  endfacet
  facet normal -0.182238 0.983255 0
    outer loop
      vertex -5.55342 35.0629 4
      vertex -7.38086 34.7242 80
      vertex -5.55342 35.0629 80
    endloop
  endfacet
  facet normal -0.182238 0.983255 0
    outer loop
      vertex -7.38086 34.7242 80
      vertex -5.55342 35.0629 4
      vertex -7.38086 34.7242 4
    endloop
  endfacet
  facet normal -0.996918 0.0784479 0
    outer loop
      vertex -35.4513 1.85793 4
      vertex -35.3055 3.71076 80
      vertex -35.3055 3.71076 4
    endloop
  endfacet
  facet normal -0.996918 0.0784479 0
    outer loop
      vertex -35.3055 3.71076 80
      vertex -35.4513 1.85793 4
      vertex -35.4513 1.85793 80
    endloop
  endfacet
  facet normal -0.983255 0.182238 0
    outer loop
      vertex -35.0629 5.55342 4
      vertex -34.7242 7.38086 80
      vertex -34.7242 7.38086 4
    endloop
  endfacet
  facet normal -0.983255 0.182238 0
    outer loop
      vertex -34.7242 7.38086 80
      vertex -35.0629 5.55342 4
      vertex -35.0629 5.55342 80
    endloop
  endfacet
  facet normal 0.026203 0.999657 -0
    outer loop
      vertex 1.85793 35.4513 4
      vertex 0 35.5 80
      vertex 1.85793 35.4513 80
    endloop
  endfacet
  facet normal 0.026203 0.999657 0
    outer loop
      vertex 0 35.5 80
      vertex 1.85793 35.4513 4
      vertex 0 35.5 4
    endloop
  endfacet
  facet normal 0.90257 0.430543 0
    outer loop
      vertex 32.4309 14.4392 80
      vertex 31.6307 16.1167 4
      vertex 31.6307 16.1167 80
    endloop
  endfacet
  facet normal 0.90257 0.430543 0
    outer loop
      vertex 31.6307 16.1167 4
      vertex 32.4309 14.4392 80
      vertex 32.4309 14.4392 4
    endloop
  endfacet
  facet normal -0.793359 0.608753 0
    outer loop
      vertex -28.7201 20.8664 4
      vertex -27.5887 22.3409 80
      vertex -27.5887 22.3409 4
    endloop
  endfacet
  facet normal -0.793359 0.608753 0
    outer loop
      vertex -27.5887 22.3409 80
      vertex -28.7201 20.8664 4
      vertex -28.7201 20.8664 80
    endloop
  endfacet
  facet normal -0.182238 -0.983255 0
    outer loop
      vertex -7.38086 -34.7242 4
      vertex -5.55342 -35.0629 80
      vertex -7.38086 -34.7242 80
    endloop
  endfacet
  facet normal -0.182238 -0.983255 -0
    outer loop
      vertex -5.55342 -35.0629 80
      vertex -7.38086 -34.7242 4
      vertex -5.55342 -35.0629 4
    endloop
  endfacet
  facet normal -0.90257 0.430543 0
    outer loop
      vertex -32.4309 14.4392 4
      vertex -31.6307 16.1167 80
      vertex -31.6307 16.1167 4
    endloop
  endfacet
  facet normal -0.90257 0.430543 0
    outer loop
      vertex -31.6307 16.1167 80
      vertex -32.4309 14.4392 4
      vertex -32.4309 14.4392 80
    endloop
  endfacet
  facet normal -0.878819 -0.477155 0
    outer loop
      vertex -30.7439 -17.75 4
      vertex -31.6307 -16.1167 80
      vertex -31.6307 -16.1167 4
    endloop
  endfacet
  facet normal -0.878819 -0.477155 0
    outer loop
      vertex -31.6307 -16.1167 80
      vertex -30.7439 -17.75 4
      vertex -30.7439 -17.75 80
    endloop
  endfacet
  facet normal -0.958814 0.284036 0
    outer loop
      vertex -34.2904 9.18808 4
      vertex -33.7625 10.9701 80
      vertex -33.7625 10.9701 4
    endloop
  endfacet
  facet normal -0.958814 0.284036 0
    outer loop
      vertex -33.7625 10.9701 80
      vertex -34.2904 9.18808 4
      vertex -34.2904 9.18808 80
    endloop
  endfacet
  facet normal 0.760376 0.649483 0
    outer loop
      vertex 27.5887 22.3409 80
      vertex 26.3816 23.7541 4
      vertex 26.3816 23.7541 80
    endloop
  endfacet
  facet normal 0.760376 0.649483 0
    outer loop
      vertex 26.3816 23.7541 4
      vertex 27.5887 22.3409 80
      vertex 27.5887 22.3409 4
    endloop
  endfacet
  facet normal 0.477155 0.878819 -0
    outer loop
      vertex 17.75 30.7439 4
      vertex 16.1167 31.6307 80
      vertex 17.75 30.7439 80
    endloop
  endfacet
  facet normal 0.477155 0.878819 0
    outer loop
      vertex 16.1167 31.6307 80
      vertex 17.75 30.7439 4
      vertex 16.1167 31.6307 4
    endloop
  endfacet
  facet normal 0.972379 0.233407 0
    outer loop
      vertex 34.7242 7.38086 80
      vertex 34.2904 9.18808 4
      vertex 34.2904 9.18808 80
    endloop
  endfacet
  facet normal 0.972379 0.233407 0
    outer loop
      vertex 34.2904 9.18808 4
      vertex 34.7242 7.38086 80
      vertex 34.7242 7.38086 4
    endloop
  endfacet
  facet normal -0.608753 0.793359 0
    outer loop
      vertex -20.8664 28.7201 4
      vertex -22.3409 27.5887 80
      vertex -20.8664 28.7201 80
    endloop
  endfacet
  facet normal -0.608753 0.793359 0
    outer loop
      vertex -22.3409 27.5887 80
      vertex -20.8664 28.7201 4
      vertex -22.3409 27.5887 4
    endloop
  endfacet
  facet normal -0.0784479 -0.996918 0
    outer loop
      vertex -3.71076 -35.3055 4
      vertex -1.85793 -35.4513 80
      vertex -3.71076 -35.3055 80
    endloop
  endfacet
  facet normal -0.0784479 -0.996918 -0
    outer loop
      vertex -1.85793 -35.4513 80
      vertex -3.71076 -35.3055 4
      vertex -1.85793 -35.4513 4
    endloop
  endfacet
  facet normal 0.182238 -0.983255 0
    outer loop
      vertex 5.55342 -35.0629 4
      vertex 7.38086 -34.7242 80
      vertex 5.55342 -35.0629 80
    endloop
  endfacet
  facet normal 0.182238 -0.983255 0
    outer loop
      vertex 7.38086 -34.7242 80
      vertex 5.55342 -35.0629 4
      vertex 7.38086 -34.7242 4
    endloop
  endfacet
  facet normal 0.233407 -0.972379 0
    outer loop
      vertex 7.38086 -34.7242 4
      vertex 9.18808 -34.2904 80
      vertex 7.38086 -34.7242 80
    endloop
  endfacet
  facet normal 0.233407 -0.972379 0
    outer loop
      vertex 9.18808 -34.2904 80
      vertex 7.38086 -34.7242 4
      vertex 9.18808 -34.2904 4
    endloop
  endfacet
  facet normal -0.958814 -0.284036 0
    outer loop
      vertex -33.7625 -10.9701 4
      vertex -34.2904 -9.18808 80
      vertex -34.2904 -9.18808 4
    endloop
  endfacet
  facet normal -0.958814 -0.284036 0
    outer loop
      vertex -34.2904 -9.18808 80
      vertex -33.7625 -10.9701 4
      vertex -33.7625 -10.9701 80
    endloop
  endfacet
  facet normal 0.130531 0.991444 -0
    outer loop
      vertex 5.55342 35.0629 4
      vertex 3.71076 35.3055 80
      vertex 5.55342 35.0629 80
    endloop
  endfacet
  facet normal 0.130531 0.991444 0
    outer loop
      vertex 3.71076 35.3055 80
      vertex 5.55342 35.0629 4
      vertex 3.71076 35.3055 4
    endloop
  endfacet
  facet normal -0.477155 0.878819 0
    outer loop
      vertex -16.1167 31.6307 4
      vertex -17.75 30.7439 80
      vertex -16.1167 31.6307 80
    endloop
  endfacet
  facet normal -0.477155 0.878819 0
    outer loop
      vertex -17.75 30.7439 80
      vertex -16.1167 31.6307 4
      vertex -17.75 30.7439 4
    endloop
  endfacet
  facet normal -0.284036 0.958814 0
    outer loop
      vertex -9.18808 34.2904 4
      vertex -10.9701 33.7625 80
      vertex -9.18808 34.2904 80
    endloop
  endfacet
  facet normal -0.284036 0.958814 0
    outer loop
      vertex -10.9701 33.7625 80
      vertex -9.18808 34.2904 4
      vertex -10.9701 33.7625 4
    endloop
  endfacet
  facet normal 0.284036 0.958814 -0
    outer loop
      vertex 10.9701 33.7625 4
      vertex 9.18808 34.2904 80
      vertex 10.9701 33.7625 80
    endloop
  endfacet
  facet normal 0.284036 0.958814 0
    outer loop
      vertex 9.18808 34.2904 80
      vertex 10.9701 33.7625 4
      vertex 9.18808 34.2904 4
    endloop
  endfacet
  facet normal 0 0 1
    outer loop
      vertex 5.00959 17.4164 80
      vertex -5.00959 17.4164 80
      vertex -5 17.05 80
    endloop
  endfacet
  facet normal 0 0 1
    outer loop
      vertex -1.85793 35.4513 80
      vertex -5.03835 17.7817 80
      vertex -5.00959 17.4164 80
    endloop
  endfacet
  facet normal 0 0 1
    outer loop
      vertex -1.85793 35.4513 80
      vertex -5.08618 18.145 80
      vertex -5.03835 17.7817 80
    endloop
  endfacet
  facet normal 0 0 1
    outer loop
      vertex -1.85793 35.4513 80
      vertex -5.15297 18.5054 80
      vertex -5.08618 18.145 80
    endloop
  endfacet
  facet normal 0 0 1
    outer loop
      vertex -1.85793 35.4513 80
      vertex -5.23852 18.8617 80
      vertex -5.15297 18.5054 80
    endloop
  endfacet
  facet normal 0 0 1
    outer loop
      vertex -1.85793 35.4513 80
      vertex -5.3426 19.2131 80
      vertex -5.23852 18.8617 80
    endloop
  endfacet
  facet normal 0 0 1
    outer loop
      vertex -1.85793 35.4513 80
      vertex -5.46494 19.5586 80
      vertex -5.3426 19.2131 80
    endloop
  endfacet
  facet normal 0 0 1
    outer loop
      vertex -7.8855 22.7131 80
      vertex -3.71076 35.3055 80
      vertex -5.55342 35.0629 80
    endloop
  endfacet
  facet normal 0 0 1
    outer loop
      vertex -1.85793 35.4513 80
      vertex -5.60518 19.8972 80
      vertex -5.46494 19.5586 80
    endloop
  endfacet
  facet normal 0 0 1
    outer loop
      vertex -1.85793 35.4513 80
      vertex -5.76295 20.2279 80
      vertex -5.60518 19.8972 80
    endloop
  endfacet
  facet normal 0 0 1
    outer loop
      vertex -1.85793 35.4513 80
      vertex -5.93782 20.55 80
      vertex -5.76295 20.2279 80
    endloop
  endfacet
  facet normal 0 0 1
    outer loop
      vertex -1.85793 35.4513 80
      vertex -6.12931 20.8625 80
      vertex -5.93782 20.55 80
    endloop
  endfacet
  facet normal 0 0 1
    outer loop
      vertex -1.85793 35.4513 80
      vertex -6.33688 21.1645 80
      vertex -6.12931 20.8625 80
    endloop
  endfacet
  facet normal 0 0 1
    outer loop
      vertex -1.85793 35.4513 80
      vertex -6.55998 21.4552 80
      vertex -6.33688 21.1645 80
    endloop
  endfacet
  facet normal 0 0 1
    outer loop
      vertex -1.85793 35.4513 80
      vertex -6.79799 21.7339 80
      vertex -6.55998 21.4552 80
    endloop
  endfacet
  facet normal 0 0 1
    outer loop
      vertex -1.85793 35.4513 80
      vertex -7.05025 21.9997 80
      vertex -6.79799 21.7339 80
    endloop
  endfacet
  facet normal 0 0 1
    outer loop
      vertex -1.85793 35.4513 80
      vertex -7.31608 22.252 80
      vertex -7.05025 21.9997 80
    endloop
  endfacet
  facet normal 0 0 1
    outer loop
      vertex -8.5 23.1122 80
      vertex -5.55342 35.0629 80
      vertex -7.38086 34.7242 80
    endloop
  endfacet
  facet normal 0 0 1
    outer loop
      vertex -3.71076 35.3055 80
      vertex -7.59476 22.49 80
      vertex -7.31608 22.252 80
    endloop
  endfacet
  facet normal 0 0 1
    outer loop
      vertex -3.71076 35.3055 80
      vertex -7.8855 22.7131 80
      vertex -7.59476 22.49 80
    endloop
  endfacet
  facet normal 0 0 1
    outer loop
      vertex -5.55342 35.0629 80
      vertex -8.18753 22.9207 80
      vertex -7.8855 22.7131 80
    endloop
  endfacet
  facet normal 0 0 1
    outer loop
      vertex -5.55342 35.0629 80
      vertex -8.5 23.1122 80
      vertex -8.18753 22.9207 80
    endloop
  endfacet
  facet normal 0 0 1
    outer loop
      vertex -7.38086 34.7242 80
      vertex -8.82207 23.287 80
      vertex -8.5 23.1122 80
    endloop
  endfacet
  facet normal 0 0 1
    outer loop
      vertex -7.38086 34.7242 80
      vertex -9.15284 23.4448 80
      vertex -8.82207 23.287 80
    endloop
  endfacet
  facet normal -0 0 1
    outer loop
      vertex -9.18808 34.2904 80
      vertex -9.15284 23.4448 80
      vertex -7.38086 34.7242 80
    endloop
  endfacet
  facet normal 0 0 1
    outer loop
      vertex -9.18808 34.2904 80
      vertex -9.49142 23.5851 80
      vertex -9.15284 23.4448 80
    endloop
  endfacet
  facet normal 0 0 1
    outer loop
      vertex -9.18808 34.2904 80
      vertex -9.83688 23.7074 80
      vertex -9.49142 23.5851 80
    endloop
  endfacet
  facet normal 0 0 1
    outer loop
      vertex -9.18808 34.2904 80
      vertex -10.1883 23.8115 80
      vertex -9.83688 23.7074 80
    endloop
  endfacet
  facet normal -0 0 1
    outer loop
      vertex -10.9701 33.7625 80
      vertex -10.1883 23.8115 80
      vertex -9.18808 34.2904 80
    endloop
  endfacet
  facet normal 0 0 1
    outer loop
      vertex -10.1883 23.8115 80
      vertex -10.9701 33.7625 80
      vertex -10.5446 23.897 80
    endloop
  endfacet
  facet normal 0 0 1
    outer loop
      vertex -10.5446 23.897 80
      vertex -10.9701 33.7625 80
      vertex -10.905 23.9638 80
    endloop
  endfacet
  facet normal -0 0 1
    outer loop
      vertex -12.7221 33.1421 80
      vertex -10.905 23.9638 80
      vertex -10.9701 33.7625 80
    endloop
  endfacet
  facet normal 0 0 1
    outer loop
      vertex -10.905 23.9638 80
      vertex -12.7221 33.1421 80
      vertex -11.2683 24.0117 80
    endloop
  endfacet
  facet normal 0 0 1
    outer loop
      vertex -11.2683 24.0117 80
      vertex -12.7221 33.1421 80
      vertex -11.6336 24.0404 80
    endloop
  endfacet
  facet normal 0 0 1
    outer loop
      vertex -11.6336 24.0404 80
      vertex -12.7221 33.1421 80
      vertex -12 24.05 80
    endloop
  endfacet
  facet normal -0 0 1
    outer loop
      vertex -14.4392 32.4309 80
      vertex -12 24.05 80
      vertex -12.7221 33.1421 80
    endloop
  endfacet
  facet normal 0 0 1
    outer loop
      vertex -12 24.05 80
      vertex -14.4392 32.4309 80
      vertex -12.3664 24.0404 80
    endloop
  endfacet
  facet normal 0 0 1
    outer loop
      vertex -12.3664 24.0404 80
      vertex -14.4392 32.4309 80
      vertex -12.7317 24.0117 80
    endloop
  endfacet
  facet normal 0 0 1
    outer loop
      vertex -12.7317 24.0117 80
      vertex -14.4392 32.4309 80
      vertex -13.095 23.9638 80
    endloop
  endfacet
  facet normal -0 0 1
    outer loop
      vertex -16.1167 31.6307 80
      vertex -13.095 23.9638 80
      vertex -14.4392 32.4309 80
    endloop
  endfacet
  facet normal 0 0 1
    outer loop
      vertex -13.095 23.9638 80
      vertex -16.1167 31.6307 80
      vertex -13.4554 23.897 80
    endloop
  endfacet
  facet normal 0 0 1
    outer loop
      vertex -13.4554 23.897 80
      vertex -16.1167 31.6307 80
      vertex -13.8117 23.8115 80
    endloop
  endfacet
  facet normal -0 0 1
    outer loop
      vertex -17.75 30.7439 80
      vertex -13.8117 23.8115 80
      vertex -16.1167 31.6307 80
    endloop
  endfacet
  facet normal 0 0 1
    outer loop
      vertex -13.8117 23.8115 80
      vertex -17.75 30.7439 80
      vertex -14.1631 23.7074 80
    endloop
  endfacet
  facet normal 0 0 1
    outer loop
      vertex -14.1631 23.7074 80
      vertex -17.75 30.7439 80
      vertex -14.5086 23.5851 80
    endloop
  endfacet
  facet normal 0 0 1
    outer loop
      vertex -14.5086 23.5851 80
      vertex -17.75 30.7439 80
      vertex -14.8472 23.4448 80
    endloop
  endfacet
  facet normal -0 0 1
    outer loop
      vertex -19.3347 29.7728 80
      vertex -14.8472 23.4448 80
      vertex -17.75 30.7439 80
    endloop
  endfacet
  facet normal 0 0 1
    outer loop
      vertex -14.8472 23.4448 80
      vertex -19.3347 29.7728 80
      vertex -15.1779 23.287 80
    endloop
  endfacet
  facet normal 0 0 1
    outer loop
      vertex -15.1779 23.287 80
      vertex -19.3347 29.7728 80
      vertex -15.5 23.1122 80
    endloop
  endfacet
  facet normal 0 0 1
    outer loop
      vertex -15.5 23.1122 80
      vertex -19.3347 29.7728 80
      vertex -15.8125 22.9207 80
    endloop
  endfacet
  facet normal -0 0 1
    outer loop
      vertex -20.8664 28.7201 80
      vertex -15.8125 22.9207 80
      vertex -19.3347 29.7728 80
    endloop
  endfacet
  facet normal 0 0 1
    outer loop
      vertex -15.8125 22.9207 80
      vertex -20.8664 28.7201 80
      vertex -16.1145 22.7131 80
    endloop
  endfacet
  facet normal 0 0 1
    outer loop
      vertex -16.1145 22.7131 80
      vertex -20.8664 28.7201 80
      vertex -16.4052 22.49 80
    endloop
  endfacet
  facet normal 0 0 1
    outer loop
      vertex -16.4052 22.49 80
      vertex -20.8664 28.7201 80
      vertex -16.6839 22.252 80
    endloop
  endfacet
  facet normal -0 0 1
    outer loop
      vertex -22.3409 27.5887 80
      vertex -16.6839 22.252 80
      vertex -20.8664 28.7201 80
    endloop
  endfacet
  facet normal 0 0 1
    outer loop
      vertex -16.6839 22.252 80
      vertex -22.3409 27.5887 80
      vertex -16.9497 21.9997 80
    endloop
  endfacet
  facet normal 0 0 1
    outer loop
      vertex -16.9497 21.9997 80
      vertex -22.3409 27.5887 80
      vertex -17.202 21.7339 80
    endloop
  endfacet
  facet normal 0 0 1
    outer loop
      vertex -17.202 21.7339 80
      vertex -22.3409 27.5887 80
      vertex -17.44 21.4552 80
    endloop
  endfacet
  facet normal -0 0 1
    outer loop
      vertex -23.7541 26.3816 80
      vertex -17.44 21.4552 80
      vertex -22.3409 27.5887 80
    endloop
  endfacet
  facet normal 0 0 1
    outer loop
      vertex -17.44 21.4552 80
      vertex -23.7541 26.3816 80
      vertex -17.6631 21.1645 80
    endloop
  endfacet
  facet normal 0 0 1
    outer loop
      vertex -17.6631 21.1645 80
      vertex -23.7541 26.3816 80
      vertex -17.8707 20.8625 80
    endloop
  endfacet
  facet normal 0 0 1
    outer loop
      vertex -17.8707 20.8625 80
      vertex -23.7541 26.3816 80
      vertex -18.0622 20.55 80
    endloop
  endfacet
  facet normal -0 0 1
    outer loop
      vertex -25.1023 25.1023 80
      vertex -18.0622 20.55 80
      vertex -23.7541 26.3816 80
    endloop
  endfacet
  facet normal 0 0 1
    outer loop
      vertex -18.0622 20.55 80
      vertex -25.1023 25.1023 80
      vertex -18.237 20.2279 80
    endloop
  endfacet
  facet normal 0 0 1
    outer loop
      vertex -18.237 20.2279 80
      vertex -25.1023 25.1023 80
      vertex -18.3948 19.8972 80
    endloop
  endfacet
  facet normal 0 0 1
    outer loop
      vertex -18.3948 19.8972 80
      vertex -25.1023 25.1023 80
      vertex -18.5351 19.5586 80
    endloop
  endfacet
  facet normal 0 0 1
    outer loop
      vertex -18.6574 19.2131 80
      vertex -26.3816 23.7541 80
      vertex -18.7615 18.8617 80
    endloop
  endfacet
  facet normal 0 0 1
    outer loop
      vertex -18.5351 19.5586 80
      vertex -26.3816 23.7541 80
      vertex -18.6574 19.2131 80
    endloop
  endfacet
  facet normal -0 0 1
    outer loop
      vertex -26.3816 23.7541 80
      vertex -18.5351 19.5586 80
      vertex -25.1023 25.1023 80
    endloop
  endfacet
  facet normal 0 0 1
    outer loop
      vertex 28.7201 20.8664 80
      vertex 18.9904 17.4164 80
      vertex 19 17.05 80
    endloop
  endfacet
  facet normal 0 0 1
    outer loop
      vertex 20.8664 28.7201 80
      vertex 18.9617 17.7817 80
      vertex 18.9904 17.4164 80
    endloop
  endfacet
  facet normal 0 0 1
    outer loop
      vertex 20.8664 28.7201 80
      vertex 18.9138 18.145 80
      vertex 18.9617 17.7817 80
    endloop
  endfacet
  facet normal 0 0 1
    outer loop
      vertex 20.8664 28.7201 80
      vertex 18.847 18.5054 80
      vertex 18.9138 18.145 80
    endloop
  endfacet
  facet normal 0 0 1
    outer loop
      vertex 20.8664 28.7201 80
      vertex 18.7615 18.8617 80
      vertex 18.847 18.5054 80
    endloop
  endfacet
  facet normal 0 0 1
    outer loop
      vertex 20.8664 28.7201 80
      vertex 18.6574 19.2131 80
      vertex 18.7615 18.8617 80
    endloop
  endfacet
  facet normal 0 0 1
    outer loop
      vertex 20.8664 28.7201 80
      vertex 18.5351 19.5586 80
      vertex 18.6574 19.2131 80
    endloop
  endfacet
  facet normal 0 0 1
    outer loop
      vertex 20.8664 28.7201 80
      vertex 18.3948 19.8972 80
      vertex 18.5351 19.5586 80
    endloop
  endfacet
  facet normal 0 0 1
    outer loop
      vertex 20.8664 28.7201 80
      vertex 18.237 20.2279 80
      vertex 18.3948 19.8972 80
    endloop
  endfacet
  facet normal 0 0 1
    outer loop
      vertex 20.8664 28.7201 80
      vertex 18.0622 20.55 80
      vertex 18.237 20.2279 80
    endloop
  endfacet
  facet normal 0 0 1
    outer loop
      vertex 20.8664 28.7201 80
      vertex 17.8707 20.8625 80
      vertex 18.0622 20.55 80
    endloop
  endfacet
  facet normal 0 0 1
    outer loop
      vertex 14.8472 23.4448 80
      vertex 19.3347 29.7728 80
      vertex 17.75 30.7439 80
    endloop
  endfacet
  facet normal 0 0 1
    outer loop
      vertex 20.8664 28.7201 80
      vertex 17.6631 21.1645 80
      vertex 17.8707 20.8625 80
    endloop
  endfacet
  facet normal 0 0 1
    outer loop
      vertex 20.8664 28.7201 80
      vertex 17.44 21.4552 80
      vertex 17.6631 21.1645 80
    endloop
  endfacet
  facet normal 0 0 1
    outer loop
      vertex 20.8664 28.7201 80
      vertex 17.202 21.7339 80
      vertex 17.44 21.4552 80
    endloop
  endfacet
  facet normal 0 0 1
    outer loop
      vertex 20.8664 28.7201 80
      vertex 16.9497 21.9997 80
      vertex 17.202 21.7339 80
    endloop
  endfacet
  facet normal 0 0 1
    outer loop
      vertex 20.8664 28.7201 80
      vertex 16.6839 22.252 80
      vertex 16.9497 21.9997 80
    endloop
  endfacet
  facet normal 0 0 1
    outer loop
      vertex 20.8664 28.7201 80
      vertex 16.4052 22.49 80
      vertex 16.6839 22.252 80
    endloop
  endfacet
  facet normal 0 0 1
    outer loop
      vertex 13.8117 23.8115 80
      vertex 17.75 30.7439 80
      vertex 16.1167 31.6307 80
    endloop
  endfacet
  facet normal 0 0 1
    outer loop
      vertex 20.8664 28.7201 80
      vertex 16.1145 22.7131 80
      vertex 16.4052 22.49 80
    endloop
  endfacet
  facet normal 0 0 1
    outer loop
      vertex 20.8664 28.7201 80
      vertex 15.8125 22.9207 80
      vertex 16.1145 22.7131 80
    endloop
  endfacet
  facet normal 0 0 1
    outer loop
      vertex 19.3347 29.7728 80
      vertex 15.5 23.1122 80
      vertex 15.8125 22.9207 80
    endloop
  endfacet
  facet normal 0 0 1
    outer loop
      vertex 19.3347 29.7728 80
      vertex 15.1779 23.287 80
      vertex 15.5 23.1122 80
    endloop
  endfacet
  facet normal 0 0 1
    outer loop
      vertex 19.3347 29.7728 80
      vertex 14.8472 23.4448 80
      vertex 15.1779 23.287 80
    endloop
  endfacet
  facet normal 0 0 1
    outer loop
      vertex 17.75 30.7439 80
      vertex 14.5086 23.5851 80
      vertex 14.8472 23.4448 80
    endloop
  endfacet
  facet normal 0 0 1
    outer loop
      vertex 13.095 23.9638 80
      vertex 16.1167 31.6307 80
      vertex 14.4392 32.4309 80
    endloop
  endfacet
  facet normal 0 0 1
    outer loop
      vertex 17.75 30.7439 80
      vertex 14.1631 23.7074 80
      vertex 14.5086 23.5851 80
    endloop
  endfacet
  facet normal 0 0 1
    outer loop
      vertex 17.75 30.7439 80
      vertex 13.8117 23.8115 80
      vertex 14.1631 23.7074 80
    endloop
  endfacet
  facet normal 0 0 1
    outer loop
      vertex 16.1167 31.6307 80
      vertex 13.4554 23.897 80
      vertex 13.8117 23.8115 80
    endloop
  endfacet
  facet normal 0 0 1
    outer loop
      vertex 16.1167 31.6307 80
      vertex 13.095 23.9638 80
      vertex 13.4554 23.897 80
    endloop
  endfacet
  facet normal 0 0 1
    outer loop
      vertex 14.4392 32.4309 80
      vertex 12.7317 24.0117 80
      vertex 13.095 23.9638 80
    endloop
  endfacet
  facet normal 0 0 1
    outer loop
      vertex 12 24.05 80
      vertex 14.4392 32.4309 80
      vertex 12.7221 33.1421 80
    endloop
  endfacet
  facet normal 0 0 1
    outer loop
      vertex 14.4392 32.4309 80
      vertex 12.3664 24.0404 80
      vertex 12.7317 24.0117 80
    endloop
  endfacet
  facet normal 0 0 1
    outer loop
      vertex 14.4392 32.4309 80
      vertex 12 24.05 80
      vertex 12.3664 24.0404 80
    endloop
  endfacet
  facet normal 0 0 1
    outer loop
      vertex 12.7221 33.1421 80
      vertex 11.6336 24.0404 80
      vertex 12 24.05 80
    endloop
  endfacet
  facet normal 0 0 1
    outer loop
      vertex 12.7221 33.1421 80
      vertex 11.2683 24.0117 80
      vertex 11.6336 24.0404 80
    endloop
  endfacet
  facet normal 0 0 1
    outer loop
      vertex 10.905 23.9638 80
      vertex 12.7221 33.1421 80
      vertex 10.9701 33.7625 80
    endloop
  endfacet
  facet normal 0 0 1
    outer loop
      vertex 12.7221 33.1421 80
      vertex 10.905 23.9638 80
      vertex 11.2683 24.0117 80
    endloop
  endfacet
  facet normal 0 0 1
    outer loop
      vertex 10.9701 33.7625 80
      vertex 10.5446 23.897 80
      vertex 10.905 23.9638 80
    endloop
  endfacet
  facet normal 0 0 1
    outer loop
      vertex 10.9701 33.7625 80
      vertex 10.1883 23.8115 80
      vertex 10.5446 23.897 80
    endloop
  endfacet
  facet normal 0 0 1
    outer loop
      vertex 9.18808 34.2904 80
      vertex 10.1883 23.8115 80
      vertex 10.9701 33.7625 80
    endloop
  endfacet
  facet normal 0 0 1
    outer loop
      vertex 10.1883 23.8115 80
      vertex 9.18808 34.2904 80
      vertex 9.83688 23.7074 80
    endloop
  endfacet
  facet normal 0 0 1
    outer loop
      vertex 9.83688 23.7074 80
      vertex 9.18808 34.2904 80
      vertex 9.49142 23.5851 80
    endloop
  endfacet
  facet normal 0 0 1
    outer loop
      vertex 9.18808 34.2904 80
      vertex 9.15284 23.4448 80
      vertex 9.49142 23.5851 80
    endloop
  endfacet
  facet normal 0 0 1
    outer loop
      vertex 7.38086 34.7242 80
      vertex 9.15284 23.4448 80
      vertex 9.18808 34.2904 80
    endloop
  endfacet
  facet normal 0 0 1
    outer loop
      vertex 9.15284 23.4448 80
      vertex 7.38086 34.7242 80
      vertex 8.82207 23.287 80
    endloop
  endfacet
  facet normal 0 0 1
    outer loop
      vertex 8.82207 23.287 80
      vertex 7.38086 34.7242 80
      vertex 8.5 23.1122 80
    endloop
  endfacet
  facet normal 0 0 1
    outer loop
      vertex 5.55342 35.0629 80
      vertex 8.5 23.1122 80
      vertex 7.38086 34.7242 80
    endloop
  endfacet
  facet normal 0 0 1
    outer loop
      vertex 8.5 23.1122 80
      vertex 5.55342 35.0629 80
      vertex 8.18753 22.9207 80
    endloop
  endfacet
  facet normal 0 0 1
    outer loop
      vertex 8.18753 22.9207 80
      vertex 5.55342 35.0629 80
      vertex 7.8855 22.7131 80
    endloop
  endfacet
  facet normal 0 0 1
    outer loop
      vertex 3.71076 35.3055 80
      vertex 7.8855 22.7131 80
      vertex 5.55342 35.0629 80
    endloop
  endfacet
  facet normal 0 0 1
    outer loop
      vertex 7.8855 22.7131 80
      vertex 3.71076 35.3055 80
      vertex 7.59476 22.49 80
    endloop
  endfacet
  facet normal 0 0 1
    outer loop
      vertex 7.59476 22.49 80
      vertex 3.71076 35.3055 80
      vertex 7.31608 22.252 80
    endloop
  endfacet
  facet normal 0 0 1
    outer loop
      vertex 1.85793 35.4513 80
      vertex 7.31608 22.252 80
      vertex 3.71076 35.3055 80
    endloop
  endfacet
  facet normal 0 0 1
    outer loop
      vertex 7.31608 22.252 80
      vertex 1.85793 35.4513 80
      vertex 7.05025 21.9997 80
    endloop
  endfacet
  facet normal 0 0 1
    outer loop
      vertex 7.05025 21.9997 80
      vertex 1.85793 35.4513 80
      vertex 6.79799 21.7339 80
    endloop
  endfacet
  facet normal 0 0 1
    outer loop
      vertex 0 35.5 80
      vertex 6.79799 21.7339 80
      vertex 1.85793 35.4513 80
    endloop
  endfacet
  facet normal 0 0 1
    outer loop
      vertex 6.79799 21.7339 80
      vertex 0 35.5 80
      vertex 6.55998 21.4552 80
    endloop
  endfacet
  facet normal 0 0 1
    outer loop
      vertex 6.55998 21.4552 80
      vertex 0 35.5 80
      vertex 6.33688 21.1645 80
    endloop
  endfacet
  facet normal -0 0 1
    outer loop
      vertex -1.85793 35.4513 80
      vertex 6.33688 21.1645 80
      vertex 0 35.5 80
    endloop
  endfacet
  facet normal 0 0 1
    outer loop
      vertex 6.33688 21.1645 80
      vertex -1.85793 35.4513 80
      vertex 6.12931 20.8625 80
    endloop
  endfacet
  facet normal 0 0 1
    outer loop
      vertex -5.00959 17.4164 80
      vertex 6.12931 20.8625 80
      vertex -1.85793 35.4513 80
    endloop
  endfacet
  facet normal 0 0 1
    outer loop
      vertex -5.00959 17.4164 80
      vertex 5.93782 20.55 80
      vertex 6.12931 20.8625 80
    endloop
  endfacet
  facet normal 0 0 1
    outer loop
      vertex -5.00959 17.4164 80
      vertex 5.76295 20.2279 80
      vertex 5.93782 20.55 80
    endloop
  endfacet
  facet normal 0 0 1
    outer loop
      vertex -5.00959 17.4164 80
      vertex 5.60518 19.8972 80
      vertex 5.76295 20.2279 80
    endloop
  endfacet
  facet normal 0 0 1
    outer loop
      vertex -5.00959 17.4164 80
      vertex 5.46494 19.5586 80
      vertex 5.60518 19.8972 80
    endloop
  endfacet
  facet normal 0 0 1
    outer loop
      vertex -5.00959 17.4164 80
      vertex 5.3426 19.2131 80
      vertex 5.46494 19.5586 80
    endloop
  endfacet
  facet normal 0 0 1
    outer loop
      vertex -5.00959 17.4164 80
      vertex 5.15297 18.5054 80
      vertex 5.23852 18.8617 80
    endloop
  endfacet
  facet normal 0 0 1
    outer loop
      vertex -5.00959 17.4164 80
      vertex 5.23852 18.8617 80
      vertex 5.3426 19.2131 80
    endloop
  endfacet
  facet normal -0 0 1
    outer loop
      vertex 28 0.45 80
      vertex 35.5 0 80
      vertex 35.4513 1.85793 80
    endloop
  endfacet
  facet normal 0 0 1
    outer loop
      vertex 28 0.45 80
      vertex 35.4513 1.85793 80
      vertex 35.3055 3.71076 80
    endloop
  endfacet
  facet normal 0 0 1
    outer loop
      vertex 35.5 0 80
      vertex 28 0.45 80
      vertex 35.4513 -1.85793 80
    endloop
  endfacet
  facet normal 0 0 1
    outer loop
      vertex 28 0.45 80
      vertex 35.3055 3.71076 80
      vertex 35.0629 5.55342 80
    endloop
  endfacet
  facet normal 0 0 1
    outer loop
      vertex 35.4513 -1.85793 80
      vertex 28 0.45 80
      vertex 35.3055 -3.71076 80
    endloop
  endfacet
  facet normal 0 0 1
    outer loop
      vertex 28 8.45 80
      vertex 35.0629 5.55342 80
      vertex 34.7242 7.38086 80
    endloop
  endfacet
  facet normal 0 0 1
    outer loop
      vertex 35.3055 -3.71076 80
      vertex 28 0.45 80
      vertex 35.0629 -5.55342 80
    endloop
  endfacet
  facet normal -0 0 1
    outer loop
      vertex 28 8.45 80
      vertex 34.7242 7.38086 80
      vertex 34.2904 9.18808 80
    endloop
  endfacet
  facet normal 0 0 1
    outer loop
      vertex 35.0629 -5.55342 80
      vertex 28 0.45 80
      vertex 34.7242 -7.38086 80
    endloop
  endfacet
  facet normal 0 0 1
    outer loop
      vertex 28 8.45 80
      vertex 34.2904 9.18808 80
      vertex 33.7625 10.9701 80
    endloop
  endfacet
  facet normal 0 0 1
    outer loop
      vertex 34.7242 -7.38086 80
      vertex 28 0.45 80
      vertex 34.2904 -9.18808 80
    endloop
  endfacet
  facet normal 0 0 1
    outer loop
      vertex 28 8.45 80
      vertex 33.7625 10.9701 80
      vertex 33.1421 12.7221 80
    endloop
  endfacet
  facet normal 0 0 1
    outer loop
      vertex 34.2904 -9.18808 80
      vertex 28 0.45 80
      vertex 33.7625 -10.9701 80
    endloop
  endfacet
  facet normal 0 0 1
    outer loop
      vertex 28 8.45 80
      vertex 33.1421 12.7221 80
      vertex 32.4309 14.4392 80
    endloop
  endfacet
  facet normal 0 0 1
    outer loop
      vertex 33.7625 -10.9701 80
      vertex 28 0.45 80
      vertex 33.1421 -12.7221 80
    endloop
  endfacet
  facet normal 0 0 1
    outer loop
      vertex 28 8.45 80
      vertex 32.4309 14.4392 80
      vertex 31.6307 16.1167 80
    endloop
  endfacet
  facet normal -0 0 1
    outer loop
      vertex 15.1931 -12.1885 80
      vertex 33.1421 -12.7221 80
      vertex 28 0.45 80
    endloop
  endfacet
  facet normal 0 0 1
    outer loop
      vertex 28 8.45 80
      vertex 31.6307 16.1167 80
      vertex 30.7439 17.75 80
    endloop
  endfacet
  facet normal 0 -0 1
    outer loop
      vertex 15.4307 -12.9904 80
      vertex 33.1421 -12.7221 80
      vertex 15.1931 -12.1885 80
    endloop
  endfacet
  facet normal 0 0 1
    outer loop
      vertex 18.9138 15.955 80
      vertex 30.7439 17.75 80
      vertex 29.7728 19.3347 80
    endloop
  endfacet
  facet normal 0 0 1
    outer loop
      vertex 33.1421 -12.7221 80
      vertex 15.4307 -12.9904 80
      vertex 32.4309 -14.4392 80
    endloop
  endfacet
  facet normal 0 0 1
    outer loop
      vertex 19 17.05 80
      vertex 29.7728 19.3347 80
      vertex 28.7201 20.8664 80
    endloop
  endfacet
  facet normal -0 -0 1
    outer loop
      vertex 15.6259 -13.8036 80
      vertex 32.4309 -14.4392 80
      vertex 15.4307 -12.9904 80
    endloop
  endfacet
  facet normal 0 0 1
    outer loop
      vertex 35.0629 5.55342 80
      vertex 28 8.45 80
      vertex 28 0.45 80
    endloop
  endfacet
  facet normal 0 0 1
    outer loop
      vertex 18.9904 17.4164 80
      vertex 28.7201 20.8664 80
      vertex 27.5887 22.3409 80
    endloop
  endfacet
  facet normal 0 0 1
    outer loop
      vertex 18.9904 17.4164 80
      vertex 27.5887 22.3409 80
      vertex 26.3816 23.7541 80
    endloop
  endfacet
  facet normal 0 0 1
    outer loop
      vertex 18.9904 17.4164 80
      vertex 26.3816 23.7541 80
      vertex 25.1023 25.1023 80
    endloop
  endfacet
  facet normal 0 0 1
    outer loop
      vertex 18.9904 17.4164 80
      vertex 25.1023 25.1023 80
      vertex 23.7541 26.3816 80
    endloop
  endfacet
  facet normal 0 0 1
    outer loop
      vertex 18.9904 17.4164 80
      vertex 23.7541 26.3816 80
      vertex 22.3409 27.5887 80
    endloop
  endfacet
  facet normal 0 0 1
    outer loop
      vertex 18.9904 17.4164 80
      vertex 22.3409 27.5887 80
      vertex 20.8664 28.7201 80
    endloop
  endfacet
  facet normal 0 0 1
    outer loop
      vertex 15.8125 22.9207 80
      vertex 20.8664 28.7201 80
      vertex 19.3347 29.7728 80
    endloop
  endfacet
  facet normal 0 0 1
    outer loop
      vertex 29.7728 19.3347 80
      vertex 19 17.05 80
      vertex 18.9904 16.6836 80
    endloop
  endfacet
  facet normal 0 0 1
    outer loop
      vertex 29.7728 19.3347 80
      vertex 18.9904 16.6836 80
      vertex 18.9617 16.3183 80
    endloop
  endfacet
  facet normal 0 0 1
    outer loop
      vertex 29.7728 19.3347 80
      vertex 18.9617 16.3183 80
      vertex 18.9138 15.955 80
    endloop
  endfacet
  facet normal 0 0 1
    outer loop
      vertex 30.7439 17.75 80
      vertex 18.9138 15.955 80
      vertex 18.847 15.5946 80
    endloop
  endfacet
  facet normal 0 0 1
    outer loop
      vertex 30.7439 17.75 80
      vertex 18.847 15.5946 80
      vertex 28 8.45 80
    endloop
  endfacet
  facet normal -0 0 1
    outer loop
      vertex 18.7615 15.2383 80
      vertex 28 8.45 80
      vertex 18.847 15.5946 80
    endloop
  endfacet
  facet normal -0 0 1
    outer loop
      vertex 18.6574 14.8869 80
      vertex 28 8.45 80
      vertex 18.7615 15.2383 80
    endloop
  endfacet
  facet normal -0 0 1
    outer loop
      vertex 18.5351 14.5414 80
      vertex 28 8.45 80
      vertex 18.6574 14.8869 80
    endloop
  endfacet
  facet normal -0 0 1
    outer loop
      vertex 18.3948 14.2028 80
      vertex 28 8.45 80
      vertex 18.5351 14.5414 80
    endloop
  endfacet
  facet normal -0 0 1
    outer loop
      vertex 18.237 13.8721 80
      vertex 28 8.45 80
      vertex 18.3948 14.2028 80
    endloop
  endfacet
  facet normal -0 0 1
    outer loop
      vertex 18.0622 13.55 80
      vertex 28 8.45 80
      vertex 18.237 13.8721 80
    endloop
  endfacet
  facet normal -0 0 1
    outer loop
      vertex 17.8707 13.2375 80
      vertex 28 8.45 80
      vertex 18.0622 13.55 80
    endloop
  endfacet
  facet normal -0 0 1
    outer loop
      vertex 17.6631 12.9355 80
      vertex 28 8.45 80
      vertex 17.8707 13.2375 80
    endloop
  endfacet
  facet normal -0 0 1
    outer loop
      vertex 17.44 12.6448 80
      vertex 28 8.45 80
      vertex 17.6631 12.9355 80
    endloop
  endfacet
  facet normal -0 0 1
    outer loop
      vertex 17.202 12.3661 80
      vertex 28 8.45 80
      vertex 17.44 12.6448 80
    endloop
  endfacet
  facet normal -0 0 1
    outer loop
      vertex 16.9497 12.1003 80
      vertex 28 8.45 80
      vertex 17.202 12.3661 80
    endloop
  endfacet
  facet normal -0 0 1
    outer loop
      vertex 16.6839 11.848 80
      vertex 28 8.45 80
      vertex 16.9497 12.1003 80
    endloop
  endfacet
  facet normal -0 0 1
    outer loop
      vertex 16.4052 11.61 80
      vertex 28 8.45 80
      vertex 16.6839 11.848 80
    endloop
  endfacet
  facet normal -0 0 1
    outer loop
      vertex 16.1145 11.3869 80
      vertex 28 8.45 80
      vertex 16.4052 11.61 80
    endloop
  endfacet
  facet normal -0 0 1
    outer loop
      vertex 15.8125 11.1793 80
      vertex 28 8.45 80
      vertex 16.1145 11.3869 80
    endloop
  endfacet
  facet normal -0 0 1
    outer loop
      vertex 15.5 10.9878 80
      vertex 28 8.45 80
      vertex 15.8125 11.1793 80
    endloop
  endfacet
  facet normal -0 0 1
    outer loop
      vertex 15.1779 10.813 80
      vertex 28 8.45 80
      vertex 15.5 10.9878 80
    endloop
  endfacet
  facet normal -0 0 1
    outer loop
      vertex 14.8472 10.6552 80
      vertex 28 8.45 80
      vertex 15.1779 10.813 80
    endloop
  endfacet
  facet normal -0 0 1
    outer loop
      vertex 14.5086 10.5149 80
      vertex 28 8.45 80
      vertex 14.8472 10.6552 80
    endloop
  endfacet
  facet normal -0 0 1
    outer loop
      vertex 14.1631 10.3926 80
      vertex 28 8.45 80
      vertex 14.5086 10.5149 80
    endloop
  endfacet
  facet normal -0 0 1
    outer loop
      vertex 13.8117 10.2885 80
      vertex 28 8.45 80
      vertex 14.1631 10.3926 80
    endloop
  endfacet
  facet normal -0 0 1
    outer loop
      vertex 13.4554 10.203 80
      vertex 28 8.45 80
      vertex 13.8117 10.2885 80
    endloop
  endfacet
  facet normal -0 0 1
    outer loop
      vertex 13.095 10.1362 80
      vertex 28 8.45 80
      vertex 13.4554 10.203 80
    endloop
  endfacet
  facet normal -0 0 1
    outer loop
      vertex 12.7317 10.0883 80
      vertex 28 8.45 80
      vertex 13.095 10.1362 80
    endloop
  endfacet
  facet normal -0 0 1
    outer loop
      vertex 12.3664 10.0596 80
      vertex 28 8.45 80
      vertex 12.7317 10.0883 80
    endloop
  endfacet
  facet normal -0 0 1
    outer loop
      vertex 12 10.05 80
      vertex 28 8.45 80
      vertex 12.3664 10.0596 80
    endloop
  endfacet
  facet normal 0 0 1
    outer loop
      vertex 11.6336 10.0596 80
      vertex 28 8.45 80
      vertex 12 10.05 80
    endloop
  endfacet
  facet normal 0 0 1
    outer loop
      vertex -11.6336 10.0596 80
      vertex 11.6336 10.0596 80
      vertex 11.2683 10.0883 80
    endloop
  endfacet
  facet normal 0 0 1
    outer loop
      vertex -5.00959 17.4164 80
      vertex 5.03835 17.7817 80
      vertex 5.08618 18.145 80
    endloop
  endfacet
  facet normal 0 0 1
    outer loop
      vertex -5.00959 17.4164 80
      vertex 5.00959 17.4164 80
      vertex 5.03835 17.7817 80
    endloop
  endfacet
  facet normal 0 0 1
    outer loop
      vertex 5.00959 17.4164 80
      vertex -5 17.05 80
      vertex 5 17.05 80
    endloop
  endfacet
  facet normal 0 0 1
    outer loop
      vertex -5.00959 16.6836 80
      vertex 5.00959 16.6836 80
      vertex -5 17.05 80
    endloop
  endfacet
  facet normal 0 0 1
    outer loop
      vertex 5 17.05 80
      vertex -5 17.05 80
      vertex 5.00959 16.6836 80
    endloop
  endfacet
  facet normal 0 0 1
    outer loop
      vertex 5.00959 16.6836 80
      vertex -5.00959 16.6836 80
      vertex 5.03835 16.3183 80
    endloop
  endfacet
  facet normal 0 0 1
    outer loop
      vertex -5.03835 16.3183 80
      vertex 5.03835 16.3183 80
      vertex -5.00959 16.6836 80
    endloop
  endfacet
  facet normal 0 0 1
    outer loop
      vertex -5.00959 17.4164 80
      vertex 5.08618 18.145 80
      vertex 5.15297 18.5054 80
    endloop
  endfacet
  facet normal 0 0 1
    outer loop
      vertex 5.03835 16.3183 80
      vertex -5.03835 16.3183 80
      vertex 5.08618 15.955 80
    endloop
  endfacet
  facet normal 0 0 1
    outer loop
      vertex -7.31608 22.252 80
      vertex -1.85793 35.4513 80
      vertex -3.71076 35.3055 80
    endloop
  endfacet
  facet normal 0 0 1
    outer loop
      vertex -5.08618 15.955 80
      vertex 5.08618 15.955 80
      vertex -5.03835 16.3183 80
    endloop
  endfacet
  facet normal 0 0 1
    outer loop
      vertex 5.08618 15.955 80
      vertex -5.08618 15.955 80
      vertex 5.15297 15.5946 80
    endloop
  endfacet
  facet normal 0 0 1
    outer loop
      vertex -5.15297 15.5946 80
      vertex 5.15297 15.5946 80
      vertex -5.08618 15.955 80
    endloop
  endfacet
  facet normal 0 0 1
    outer loop
      vertex 5.15297 15.5946 80
      vertex -5.15297 15.5946 80
      vertex 5.23852 15.2383 80
    endloop
  endfacet
  facet normal 0 0 1
    outer loop
      vertex -5.23852 15.2383 80
      vertex 5.23852 15.2383 80
      vertex -5.15297 15.5946 80
    endloop
  endfacet
  facet normal 0 0 1
    outer loop
      vertex 5.23852 15.2383 80
      vertex -5.23852 15.2383 80
      vertex 5.3426 14.8869 80
    endloop
  endfacet
  facet normal 0 0 1
    outer loop
      vertex -5.3426 14.8869 80
      vertex 5.3426 14.8869 80
      vertex -5.23852 15.2383 80
    endloop
  endfacet
  facet normal 0 0 1
    outer loop
      vertex 5.3426 14.8869 80
      vertex -5.3426 14.8869 80
      vertex 5.46494 14.5414 80
    endloop
  endfacet
  facet normal 0 0 1
    outer loop
      vertex -5.46494 14.5414 80
      vertex 5.46494 14.5414 80
      vertex -5.3426 14.8869 80
    endloop
  endfacet
  facet normal 0 0 1
    outer loop
      vertex 5.46494 14.5414 80
      vertex -5.46494 14.5414 80
      vertex 5.60518 14.2028 80
    endloop
  endfacet
  facet normal 0 0 1
    outer loop
      vertex -5.60518 14.2028 80
      vertex 5.60518 14.2028 80
      vertex -5.46494 14.5414 80
    endloop
  endfacet
  facet normal 0 0 1
    outer loop
      vertex 5.60518 14.2028 80
      vertex -5.60518 14.2028 80
      vertex 5.76295 13.8721 80
    endloop
  endfacet
  facet normal 0 0 1
    outer loop
      vertex -5.76295 13.8721 80
      vertex 5.76295 13.8721 80
      vertex -5.60518 14.2028 80
    endloop
  endfacet
  facet normal 0 0 1
    outer loop
      vertex 5.76295 13.8721 80
      vertex -5.76295 13.8721 80
      vertex 5.93782 13.55 80
    endloop
  endfacet
  facet normal 0 0 1
    outer loop
      vertex -5.93782 13.55 80
      vertex 5.93782 13.55 80
      vertex -5.76295 13.8721 80
    endloop
  endfacet
  facet normal 0 0 1
    outer loop
      vertex 5.93782 13.55 80
      vertex -5.93782 13.55 80
      vertex 6.12931 13.2375 80
    endloop
  endfacet
  facet normal 0 0 1
    outer loop
      vertex -6.12931 13.2375 80
      vertex 6.12931 13.2375 80
      vertex -5.93782 13.55 80
    endloop
  endfacet
  facet normal 0 0 1
    outer loop
      vertex 6.12931 13.2375 80
      vertex -6.12931 13.2375 80
      vertex 6.33688 12.9355 80
    endloop
  endfacet
  facet normal 0 0 1
    outer loop
      vertex -6.33688 12.9355 80
      vertex 6.33688 12.9355 80
      vertex -6.12931 13.2375 80
    endloop
  endfacet
  facet normal 0 0 1
    outer loop
      vertex 6.33688 12.9355 80
      vertex -6.33688 12.9355 80
      vertex 6.55998 12.6448 80
    endloop
  endfacet
  facet normal 0 0 1
    outer loop
      vertex -6.55998 12.6448 80
      vertex 6.55998 12.6448 80
      vertex -6.33688 12.9355 80
    endloop
  endfacet
  facet normal 0 0 1
    outer loop
      vertex 6.55998 12.6448 80
      vertex -6.55998 12.6448 80
      vertex 6.79799 12.3661 80
    endloop
  endfacet
  facet normal 0 0 1
    outer loop
      vertex -6.79799 12.3661 80
      vertex 6.79799 12.3661 80
      vertex -6.55998 12.6448 80
    endloop
  endfacet
  facet normal 0 0 1
    outer loop
      vertex 6.79799 12.3661 80
      vertex -6.79799 12.3661 80
      vertex 7.05025 12.1003 80
    endloop
  endfacet
  facet normal 0 0 1
    outer loop
      vertex -7.05025 12.1003 80
      vertex 7.05025 12.1003 80
      vertex -6.79799 12.3661 80
    endloop
  endfacet
  facet normal 0 0 1
    outer loop
      vertex 7.05025 12.1003 80
      vertex -7.05025 12.1003 80
      vertex 7.31608 11.848 80
    endloop
  endfacet
  facet normal 0 0 1
    outer loop
      vertex -7.31608 11.848 80
      vertex 7.31608 11.848 80
      vertex -7.05025 12.1003 80
    endloop
  endfacet
  facet normal 0 0 1
    outer loop
      vertex 7.31608 11.848 80
      vertex -7.31608 11.848 80
      vertex 7.59476 11.61 80
    endloop
  endfacet
  facet normal 0 0 1
    outer loop
      vertex -7.59476 11.61 80
      vertex 7.59476 11.61 80
      vertex -7.31608 11.848 80
    endloop
  endfacet
  facet normal 0 0 1
    outer loop
      vertex 7.59476 11.61 80
      vertex -7.59476 11.61 80
      vertex 7.8855 11.3869 80
    endloop
  endfacet
  facet normal 0 0 1
    outer loop
      vertex -7.8855 11.3869 80
      vertex 7.8855 11.3869 80
      vertex -7.59476 11.61 80
    endloop
  endfacet
  facet normal 0 0 1
    outer loop
      vertex 7.8855 11.3869 80
      vertex -7.8855 11.3869 80
      vertex 8.18753 11.1793 80
    endloop
  endfacet
  facet normal 0 0 1
    outer loop
      vertex -8.18753 11.1793 80
      vertex 8.18753 11.1793 80
      vertex -7.8855 11.3869 80
    endloop
  endfacet
  facet normal 0 0 1
    outer loop
      vertex 8.18753 11.1793 80
      vertex -8.18753 11.1793 80
      vertex 8.5 10.9878 80
    endloop
  endfacet
  facet normal 0 0 1
    outer loop
      vertex -8.5 10.9878 80
      vertex 8.5 10.9878 80
      vertex -8.18753 11.1793 80
    endloop
  endfacet
  facet normal 0 0 1
    outer loop
      vertex 8.5 10.9878 80
      vertex -8.5 10.9878 80
      vertex 8.82207 10.813 80
    endloop
  endfacet
  facet normal 0 0 1
    outer loop
      vertex -8.82207 10.813 80
      vertex 8.82207 10.813 80
      vertex -8.5 10.9878 80
    endloop
  endfacet
  facet normal 0 0 1
    outer loop
      vertex 8.82207 10.813 80
      vertex -8.82207 10.813 80
      vertex 9.15284 10.6552 80
    endloop
  endfacet
  facet normal 0 0 1
    outer loop
      vertex -9.15284 10.6552 80
      vertex 9.15284 10.6552 80
      vertex -8.82207 10.813 80
    endloop
  endfacet
  facet normal 0 0 1
    outer loop
      vertex 9.15284 10.6552 80
      vertex -9.15284 10.6552 80
      vertex 9.49142 10.5149 80
    endloop
  endfacet
  facet normal 0 0 1
    outer loop
      vertex -9.49142 10.5149 80
      vertex 9.49142 10.5149 80
      vertex -9.15284 10.6552 80
    endloop
  endfacet
  facet normal 0 0 1
    outer loop
      vertex 9.49142 10.5149 80
      vertex -9.49142 10.5149 80
      vertex 9.83688 10.3926 80
    endloop
  endfacet
  facet normal 0 0 1
    outer loop
      vertex -9.83688 10.3926 80
      vertex 9.83688 10.3926 80
      vertex -9.49142 10.5149 80
    endloop
  endfacet
  facet normal 0 0 1
    outer loop
      vertex 9.83688 10.3926 80
      vertex -9.83688 10.3926 80
      vertex 10.1883 10.2885 80
    endloop
  endfacet
  facet normal 0 0 1
    outer loop
      vertex -10.1883 10.2885 80
      vertex 10.1883 10.2885 80
      vertex -9.83688 10.3926 80
    endloop
  endfacet
  facet normal 0 0 1
    outer loop
      vertex 10.1883 10.2885 80
      vertex -10.1883 10.2885 80
      vertex 10.5446 10.203 80
    endloop
  endfacet
  facet normal 0 0 1
    outer loop
      vertex -10.5446 10.203 80
      vertex 10.5446 10.203 80
      vertex -10.1883 10.2885 80
    endloop
  endfacet
  facet normal 0 0 1
    outer loop
      vertex 10.5446 10.203 80
      vertex -10.5446 10.203 80
      vertex 10.905 10.1362 80
    endloop
  endfacet
  facet normal 0 0 1
    outer loop
      vertex -10.905 10.1362 80
      vertex 10.905 10.1362 80
      vertex -10.5446 10.203 80
    endloop
  endfacet
  facet normal 0 0 1
    outer loop
      vertex 10.905 10.1362 80
      vertex -10.905 10.1362 80
      vertex 11.2683 10.0883 80
    endloop
  endfacet
  facet normal 0 0 1
    outer loop
      vertex -11.2683 10.0883 80
      vertex 11.2683 10.0883 80
      vertex -10.905 10.1362 80
    endloop
  endfacet
  facet normal 0 0 1
    outer loop
      vertex -11.6336 10.0596 80
      vertex 11.2683 10.0883 80
      vertex -11.2683 10.0883 80
    endloop
  endfacet
  facet normal 0 0 1
    outer loop
      vertex 11.6336 10.0596 80
      vertex -11.6336 10.0596 80
      vertex 28 8.45 80
    endloop
  endfacet
  facet normal 0 0 1
    outer loop
      vertex -28 8.45 80
      vertex -11.6336 10.0596 80
      vertex -12 10.05 80
    endloop
  endfacet
  facet normal 0 0 1
    outer loop
      vertex -28 8.45 80
      vertex -12 10.05 80
      vertex -12.3664 10.0596 80
    endloop
  endfacet
  facet normal -0 0 1
    outer loop
      vertex -27.5887 22.3409 80
      vertex -18.7615 18.8617 80
      vertex -26.3816 23.7541 80
    endloop
  endfacet
  facet normal 0 0 1
    outer loop
      vertex -18.7615 18.8617 80
      vertex -27.5887 22.3409 80
      vertex -18.847 18.5054 80
    endloop
  endfacet
  facet normal 0 0 1
    outer loop
      vertex -18.847 18.5054 80
      vertex -27.5887 22.3409 80
      vertex -18.9138 18.145 80
    endloop
  endfacet
  facet normal 0 0 1
    outer loop
      vertex -18.9138 18.145 80
      vertex -27.5887 22.3409 80
      vertex -18.9617 17.7817 80
    endloop
  endfacet
  facet normal -0 0 1
    outer loop
      vertex -28.7201 20.8664 80
      vertex -18.9617 17.7817 80
      vertex -27.5887 22.3409 80
    endloop
  endfacet
  facet normal 0 0 1
    outer loop
      vertex -18.9617 17.7817 80
      vertex -28.7201 20.8664 80
      vertex -18.9904 17.4164 80
    endloop
  endfacet
  facet normal 0 0 1
    outer loop
      vertex -18.9904 17.4164 80
      vertex -28.7201 20.8664 80
      vertex -19 17.05 80
    endloop
  endfacet
  facet normal -0 0 1
    outer loop
      vertex -29.7728 19.3347 80
      vertex -19 17.05 80
      vertex -28.7201 20.8664 80
    endloop
  endfacet
  facet normal 0 0 1
    outer loop
      vertex -19 17.05 80
      vertex -29.7728 19.3347 80
      vertex -18.9904 16.6836 80
    endloop
  endfacet
  facet normal 0 0 1
    outer loop
      vertex -18.9904 16.6836 80
      vertex -29.7728 19.3347 80
      vertex -18.9617 16.3183 80
    endloop
  endfacet
  facet normal 0 0 1
    outer loop
      vertex -18.9617 16.3183 80
      vertex -29.7728 19.3347 80
      vertex -18.9138 15.955 80
    endloop
  endfacet
  facet normal -0 0 1
    outer loop
      vertex -30.7439 17.75 80
      vertex -18.9138 15.955 80
      vertex -29.7728 19.3347 80
    endloop
  endfacet
  facet normal 0 0 1
    outer loop
      vertex -18.9138 15.955 80
      vertex -30.7439 17.75 80
      vertex -18.847 15.5946 80
    endloop
  endfacet
  facet normal 0 -0 1
    outer loop
      vertex -28 8.45 80
      vertex -18.847 15.5946 80
      vertex -30.7439 17.75 80
    endloop
  endfacet
  facet normal 0 0 1
    outer loop
      vertex -18.847 15.5946 80
      vertex -28 8.45 80
      vertex -18.7615 15.2383 80
    endloop
  endfacet
  facet normal 0 0 1
    outer loop
      vertex -18.7615 15.2383 80
      vertex -28 8.45 80
      vertex -18.6574 14.8869 80
    endloop
  endfacet
  facet normal 0 0 1
    outer loop
      vertex -18.6574 14.8869 80
      vertex -28 8.45 80
      vertex -18.5351 14.5414 80
    endloop
  endfacet
  facet normal 0 0 1
    outer loop
      vertex -18.5351 14.5414 80
      vertex -28 8.45 80
      vertex -18.3948 14.2028 80
    endloop
  endfacet
  facet normal 0 0 1
    outer loop
      vertex -18.3948 14.2028 80
      vertex -28 8.45 80
      vertex -18.237 13.8721 80
    endloop
  endfacet
  facet normal 0 0 1
    outer loop
      vertex -18.237 13.8721 80
      vertex -28 8.45 80
      vertex -18.0622 13.55 80
    endloop
  endfacet
  facet normal 0 0 1
    outer loop
      vertex -18.0622 13.55 80
      vertex -28 8.45 80
      vertex -17.8707 13.2375 80
    endloop
  endfacet
  facet normal 0 0 1
    outer loop
      vertex -11.6336 10.0596 80
      vertex -28 8.45 80
      vertex 28 8.45 80
    endloop
  endfacet
  facet normal 0 0 1
    outer loop
      vertex -12.7317 10.0883 80
      vertex -28 8.45 80
      vertex -12.3664 10.0596 80
    endloop
  endfacet
  facet normal 0 0 1
    outer loop
      vertex -13.095 10.1362 80
      vertex -28 8.45 80
      vertex -12.7317 10.0883 80
    endloop
  endfacet
  facet normal 0 0 1
    outer loop
      vertex -13.4554 10.203 80
      vertex -28 8.45 80
      vertex -13.095 10.1362 80
    endloop
  endfacet
  facet normal 0 0 1
    outer loop
      vertex -13.8117 10.2885 80
      vertex -28 8.45 80
      vertex -13.4554 10.203 80
    endloop
  endfacet
  facet normal 0 0 1
    outer loop
      vertex -14.1631 10.3926 80
      vertex -28 8.45 80
      vertex -13.8117 10.2885 80
    endloop
  endfacet
  facet normal 0 0 1
    outer loop
      vertex -14.5086 10.5149 80
      vertex -28 8.45 80
      vertex -14.1631 10.3926 80
    endloop
  endfacet
  facet normal 0 0 1
    outer loop
      vertex -14.8472 10.6552 80
      vertex -28 8.45 80
      vertex -14.5086 10.5149 80
    endloop
  endfacet
  facet normal 0 0 1
    outer loop
      vertex -15.1779 10.813 80
      vertex -28 8.45 80
      vertex -14.8472 10.6552 80
    endloop
  endfacet
  facet normal 0 0 1
    outer loop
      vertex -15.5 10.9878 80
      vertex -28 8.45 80
      vertex -15.1779 10.813 80
    endloop
  endfacet
  facet normal 0 0 1
    outer loop
      vertex -15.8125 11.1793 80
      vertex -28 8.45 80
      vertex -15.5 10.9878 80
    endloop
  endfacet
  facet normal 0 0 1
    outer loop
      vertex -16.1145 11.3869 80
      vertex -28 8.45 80
      vertex -15.8125 11.1793 80
    endloop
  endfacet
  facet normal 0 0 1
    outer loop
      vertex -16.4052 11.61 80
      vertex -28 8.45 80
      vertex -16.1145 11.3869 80
    endloop
  endfacet
  facet normal 0 0 1
    outer loop
      vertex -16.6839 11.848 80
      vertex -28 8.45 80
      vertex -16.4052 11.61 80
    endloop
  endfacet
  facet normal 0 0 1
    outer loop
      vertex -16.9497 12.1003 80
      vertex -28 8.45 80
      vertex -16.6839 11.848 80
    endloop
  endfacet
  facet normal 0 0 1
    outer loop
      vertex -17.8707 13.2375 80
      vertex -28 8.45 80
      vertex -17.6631 12.9355 80
    endloop
  endfacet
  facet normal 0 0 1
    outer loop
      vertex -17.202 12.3661 80
      vertex -28 8.45 80
      vertex -16.9497 12.1003 80
    endloop
  endfacet
  facet normal 0 0 1
    outer loop
      vertex -17.6631 12.9355 80
      vertex -28 8.45 80
      vertex -17.44 12.6448 80
    endloop
  endfacet
  facet normal -0 -0 1
    outer loop
      vertex 15.7783 -14.626 80
      vertex 31.6307 -16.1167 80
      vertex 15.6259 -13.8036 80
    endloop
  endfacet
  facet normal 0 0 1
    outer loop
      vertex 31.6307 -16.1167 80
      vertex 15.7783 -14.626 80
      vertex 30.7439 -17.75 80
    endloop
  endfacet
  facet normal 0 0 1
    outer loop
      vertex 30.7439 -17.75 80
      vertex 15.8875 -15.4552 80
      vertex 29.7728 -19.3347 80
    endloop
  endfacet
  facet normal -0 -0 1
    outer loop
      vertex 15.9531 -16.2889 80
      vertex 29.7728 -19.3347 80
      vertex 15.8875 -15.4552 80
    endloop
  endfacet
  facet normal -0 -0 1
    outer loop
      vertex 15.975 -17.125 80
      vertex 28.7201 -20.8664 80
      vertex 15.9531 -16.2889 80
    endloop
  endfacet
  facet normal -0 0 1
    outer loop
      vertex 15.9531 -17.9611 80
      vertex 27.5887 -22.3409 80
      vertex 15.975 -17.125 80
    endloop
  endfacet
  facet normal 0 0 1
    outer loop
      vertex 27.5887 -22.3409 80
      vertex 15.8875 -18.7948 80
      vertex 26.3816 -23.7541 80
    endloop
  endfacet
  facet normal 0 0 1
    outer loop
      vertex 26.3816 -23.7541 80
      vertex 15.7783 -19.624 80
      vertex 25.1023 -25.1023 80
    endloop
  endfacet
  facet normal 0 0 1
    outer loop
      vertex 25.1023 -25.1023 80
      vertex 15.6259 -20.4464 80
      vertex 23.7541 -26.3816 80
    endloop
  endfacet
  facet normal -0 0 1
    outer loop
      vertex 15.1931 -22.0615 80
      vertex 23.7541 -26.3816 80
      vertex 15.4307 -21.2596 80
    endloop
  endfacet
  facet normal -0 0 1
    outer loop
      vertex 15.6259 -20.4464 80
      vertex 25.1023 -25.1023 80
      vertex 15.7783 -19.624 80
    endloop
  endfacet
  facet normal -0 0 1
    outer loop
      vertex 15.7783 -19.624 80
      vertex 26.3816 -23.7541 80
      vertex 15.8875 -18.7948 80
    endloop
  endfacet
  facet normal -0 0 1
    outer loop
      vertex 15.8875 -18.7948 80
      vertex 27.5887 -22.3409 80
      vertex 15.9531 -17.9611 80
    endloop
  endfacet
  facet normal 0 0 1
    outer loop
      vertex 28.7201 -20.8664 80
      vertex 15.975 -17.125 80
      vertex 27.5887 -22.3409 80
    endloop
  endfacet
  facet normal 0 0 1
    outer loop
      vertex 29.7728 -19.3347 80
      vertex 15.9531 -16.2889 80
      vertex 28.7201 -20.8664 80
    endloop
  endfacet
  facet normal -0 -0 1
    outer loop
      vertex 15.8875 -15.4552 80
      vertex 30.7439 -17.75 80
      vertex 15.7783 -14.626 80
    endloop
  endfacet
  facet normal 0 0 1
    outer loop
      vertex 32.4309 -14.4392 80
      vertex 15.6259 -13.8036 80
      vertex 31.6307 -16.1167 80
    endloop
  endfacet
  facet normal 0 0 1
    outer loop
      vertex 28 0.45 80
      vertex 14.9139 -11.4001 80
      vertex 15.1931 -12.1885 80
    endloop
  endfacet
  facet normal 0 0 1
    outer loop
      vertex 28 0.45 80
      vertex 14.5939 -10.6274 80
      vertex 14.9139 -11.4001 80
    endloop
  endfacet
  facet normal 0 0 1
    outer loop
      vertex 28 0.45 80
      vertex 14.2338 -9.8725 80
      vertex 14.5939 -10.6274 80
    endloop
  endfacet
  facet normal 0 0 1
    outer loop
      vertex 28 0.45 80
      vertex 13.8348 -9.1375 80
      vertex 14.2338 -9.8725 80
    endloop
  endfacet
  facet normal 0 0 1
    outer loop
      vertex 28 0.45 80
      vertex 13.3978 -8.42439 80
      vertex 13.8348 -9.1375 80
    endloop
  endfacet
  facet normal 0 0 1
    outer loop
      vertex 28 0.45 80
      vertex 12.924 -7.73513 80
      vertex 13.3978 -8.42439 80
    endloop
  endfacet
  facet normal 0 0 1
    outer loop
      vertex 28 0.45 80
      vertex 12.4149 -7.07161 80
      vertex 12.924 -7.73513 80
    endloop
  endfacet
  facet normal 0 0 1
    outer loop
      vertex 28 0.45 80
      vertex 11.8717 -6.43564 80
      vertex 12.4149 -7.07161 80
    endloop
  endfacet
  facet normal 0 0 1
    outer loop
      vertex 28 0.45 80
      vertex 11.296 -5.82897 80
      vertex 11.8717 -6.43564 80
    endloop
  endfacet
  facet normal 0 0 1
    outer loop
      vertex 28 0.45 80
      vertex 10.6894 -5.25326 80
      vertex 11.296 -5.82897 80
    endloop
  endfacet
  facet normal 0 0 1
    outer loop
      vertex 28 0.45 80
      vertex 10.0534 -4.71009 80
      vertex 10.6894 -5.25326 80
    endloop
  endfacet
  facet normal 0 0 1
    outer loop
      vertex 28 0.45 80
      vertex 9.38987 -4.20095 80
      vertex 10.0534 -4.71009 80
    endloop
  endfacet
  facet normal 0 0 1
    outer loop
      vertex 28 0.45 80
      vertex 8.70061 -3.72724 80
      vertex 9.38987 -4.20095 80
    endloop
  endfacet
  facet normal 0 0 1
    outer loop
      vertex 28 0.45 80
      vertex 7.9875 -3.29024 80
      vertex 8.70061 -3.72724 80
    endloop
  endfacet
  facet normal 0 0 1
    outer loop
      vertex 28 0.45 80
      vertex 7.2525 -2.89117 80
      vertex 7.9875 -3.29024 80
    endloop
  endfacet
  facet normal 0 0 1
    outer loop
      vertex 28 0.45 80
      vertex 6.49762 -2.53111 80
      vertex 7.2525 -2.89117 80
    endloop
  endfacet
  facet normal 0 0 1
    outer loop
      vertex 28 0.45 80
      vertex 5.72493 -2.21105 80
      vertex 6.49762 -2.53111 80
    endloop
  endfacet
  facet normal 0 0 1
    outer loop
      vertex 28 0.45 80
      vertex 4.93655 -1.93187 80
      vertex 5.72493 -2.21105 80
    endloop
  endfacet
  facet normal 0 0 1
    outer loop
      vertex 28 0.45 80
      vertex 4.13463 -1.69433 80
      vertex 4.93655 -1.93187 80
    endloop
  endfacet
  facet normal 0 0 1
    outer loop
      vertex 28 0.45 80
      vertex 3.32139 -1.49909 80
      vertex 4.13463 -1.69433 80
    endloop
  endfacet
  facet normal 0 0 1
    outer loop
      vertex 28 0.45 80
      vertex 2.49904 -1.34668 80
      vertex 3.32139 -1.49909 80
    endloop
  endfacet
  facet normal 0 0 1
    outer loop
      vertex 28 0.45 80
      vertex 1.66984 -1.23751 80
      vertex 2.49904 -1.34668 80
    endloop
  endfacet
  facet normal 0 0 1
    outer loop
      vertex 28 0.45 80
      vertex 0.836066 -1.17189 80
      vertex 1.66984 -1.23751 80
    endloop
  endfacet
  facet normal 0 0 1
    outer loop
      vertex 28 0.45 80
      vertex 0 -1.15 80
      vertex 0.836066 -1.17189 80
    endloop
  endfacet
  facet normal -0 0 1
    outer loop
      vertex -28 0.45 80
      vertex 0 -1.15 80
      vertex 28 0.45 80
    endloop
  endfacet
  facet normal 0 0 1
    outer loop
      vertex -12.924 -26.5149 80
      vertex -17.75 -30.7439 80
      vertex -16.1167 -31.6307 80
    endloop
  endfacet
  facet normal 0 0 1
    outer loop
      vertex -28.7201 -20.8664 80
      vertex -15.975 -17.125 80
      vertex -15.9531 -16.2889 80
    endloop
  endfacet
  facet normal 0 0 1
    outer loop
      vertex -29.7728 -19.3347 80
      vertex -15.9531 -16.2889 80
      vertex -15.8875 -15.4552 80
    endloop
  endfacet
  facet normal 0 0 1
    outer loop
      vertex -15.9531 -17.9611 80
      vertex -19.3347 -29.7728 80
      vertex -17.75 -30.7439 80
    endloop
  endfacet
  facet normal 0 0 1
    outer loop
      vertex -30.7439 -17.75 80
      vertex -15.8875 -15.4552 80
      vertex -15.7783 -14.626 80
    endloop
  endfacet
  facet normal 0 0 1
    outer loop
      vertex -31.6307 -16.1167 80
      vertex -15.7783 -14.626 80
      vertex -15.6259 -13.8036 80
    endloop
  endfacet
  facet normal 0 0 1
    outer loop
      vertex -15.9531 -17.9611 80
      vertex -20.8664 -28.7201 80
      vertex -19.3347 -29.7728 80
    endloop
  endfacet
  facet normal 0 0 1
    outer loop
      vertex -32.4309 -14.4392 80
      vertex -15.6259 -13.8036 80
      vertex -15.4307 -12.9904 80
    endloop
  endfacet
  facet normal -0 0 1
    outer loop
      vertex -33.1421 -12.7221 80
      vertex -15.4307 -12.9904 80
      vertex -15.1931 -12.1885 80
    endloop
  endfacet
  facet normal 0 0 1
    outer loop
      vertex -15.9531 -17.9611 80
      vertex -22.3409 -27.5887 80
      vertex -20.8664 -28.7201 80
    endloop
  endfacet
  facet normal 0 0 1
    outer loop
      vertex -33.1421 -12.7221 80
      vertex -15.1931 -12.1885 80
      vertex -14.9139 -11.4001 80
    endloop
  endfacet
  facet normal 0 0 1
    outer loop
      vertex -28 0.45 80
      vertex -14.9139 -11.4001 80
      vertex -14.5939 -10.6274 80
    endloop
  endfacet
  facet normal 0 0 1
    outer loop
      vertex -15.9531 -17.9611 80
      vertex -23.7541 -26.3816 80
      vertex -22.3409 -27.5887 80
    endloop
  endfacet
  facet normal 0 0 1
    outer loop
      vertex -28 0.45 80
      vertex -14.5939 -10.6274 80
      vertex -14.2338 -9.8725 80
    endloop
  endfacet
  facet normal 0 0 1
    outer loop
      vertex -28 0.45 80
      vertex -14.2338 -9.8725 80
      vertex -13.8348 -9.1375 80
    endloop
  endfacet
  facet normal 0 0 1
    outer loop
      vertex -15.9531 -17.9611 80
      vertex -25.1023 -25.1023 80
      vertex -23.7541 -26.3816 80
    endloop
  endfacet
  facet normal 0 0 1
    outer loop
      vertex -28 0.45 80
      vertex -13.8348 -9.1375 80
      vertex -13.3978 -8.42439 80
    endloop
  endfacet
  facet normal 0 0 1
    outer loop
      vertex -28 0.45 80
      vertex -13.3978 -8.42439 80
      vertex -12.924 -7.73513 80
    endloop
  endfacet
  facet normal 0 0 1
    outer loop
      vertex -15.9531 -17.9611 80
      vertex -26.3816 -23.7541 80
      vertex -25.1023 -25.1023 80
    endloop
  endfacet
  facet normal 0 0 1
    outer loop
      vertex -28 0.45 80
      vertex -12.924 -7.73513 80
      vertex -12.4149 -7.07161 80
    endloop
  endfacet
  facet normal 0 0 1
    outer loop
      vertex -15.9531 -17.9611 80
      vertex -27.5887 -22.3409 80
      vertex -26.3816 -23.7541 80
    endloop
  endfacet
  facet normal 0 0 1
    outer loop
      vertex -28 0.45 80
      vertex -12.4149 -7.07161 80
      vertex -11.8717 -6.43564 80
    endloop
  endfacet
  facet normal 0 0 1
    outer loop
      vertex -28 0.45 80
      vertex -11.8717 -6.43564 80
      vertex -11.296 -5.82897 80
    endloop
  endfacet
  facet normal 0 0 1
    outer loop
      vertex 0 -1.15 80
      vertex -28 0.45 80
      vertex -0.836066 -1.17189 80
    endloop
  endfacet
  facet normal 0 0 1
    outer loop
      vertex -28 0.45 80
      vertex -1.66984 -1.23751 80
      vertex -0.836066 -1.17189 80
    endloop
  endfacet
  facet normal 0 0 1
    outer loop
      vertex -28 0.45 80
      vertex -2.49904 -1.34668 80
      vertex -1.66984 -1.23751 80
    endloop
  endfacet
  facet normal 0 0 1
    outer loop
      vertex -28 0.45 80
      vertex -3.32139 -1.49909 80
      vertex -2.49904 -1.34668 80
    endloop
  endfacet
  facet normal 0 0 1
    outer loop
      vertex -28 0.45 80
      vertex -4.13463 -1.69433 80
      vertex -3.32139 -1.49909 80
    endloop
  endfacet
  facet normal 0 0 1
    outer loop
      vertex -28 0.45 80
      vertex -4.93655 -1.93187 80
      vertex -4.13463 -1.69433 80
    endloop
  endfacet
  facet normal 0 0 1
    outer loop
      vertex -28 0.45 80
      vertex -5.72493 -2.21105 80
      vertex -4.93655 -1.93187 80
    endloop
  endfacet
  facet normal 0 0 1
    outer loop
      vertex -28 0.45 80
      vertex -6.49762 -2.53111 80
      vertex -5.72493 -2.21105 80
    endloop
  endfacet
  facet normal 0 0 1
    outer loop
      vertex -28 0.45 80
      vertex -7.2525 -2.89117 80
      vertex -6.49762 -2.53111 80
    endloop
  endfacet
  facet normal 0 0 1
    outer loop
      vertex -28 0.45 80
      vertex -7.9875 -3.29024 80
      vertex -7.2525 -2.89117 80
    endloop
  endfacet
  facet normal 0 0 1
    outer loop
      vertex -28 0.45 80
      vertex -8.70061 -3.72724 80
      vertex -7.9875 -3.29024 80
    endloop
  endfacet
  facet normal 0 0 1
    outer loop
      vertex -28 0.45 80
      vertex -9.38987 -4.20095 80
      vertex -8.70061 -3.72724 80
    endloop
  endfacet
  facet normal 0 0 1
    outer loop
      vertex -28 0.45 80
      vertex -10.0534 -4.71009 80
      vertex -9.38987 -4.20095 80
    endloop
  endfacet
  facet normal 0 0 1
    outer loop
      vertex -28 0.45 80
      vertex -10.6894 -5.25326 80
      vertex -10.0534 -4.71009 80
    endloop
  endfacet
  facet normal 0 0 1
    outer loop
      vertex -28 0.45 80
      vertex -11.296 -5.82897 80
      vertex -10.6894 -5.25326 80
    endloop
  endfacet
  facet normal 0 0 1
    outer loop
      vertex -14.9139 -11.4001 80
      vertex -28 0.45 80
      vertex -33.1421 -12.7221 80
    endloop
  endfacet
  facet normal 0 0 1
    outer loop
      vertex -17.44 12.6448 80
      vertex -28 8.45 80
      vertex -17.202 12.3661 80
    endloop
  endfacet
  facet normal 0 0 1
    outer loop
      vertex -15.975 -17.125 80
      vertex -28.7201 -20.8664 80
      vertex -27.5887 -22.3409 80
    endloop
  endfacet
  facet normal -0 0 1
    outer loop
      vertex -31.6307 16.1167 80
      vertex -28 8.45 80
      vertex -30.7439 17.75 80
    endloop
  endfacet
  facet normal 0 0 1
    outer loop
      vertex -15.9531 -16.2889 80
      vertex -29.7728 -19.3347 80
      vertex -28.7201 -20.8664 80
    endloop
  endfacet
  facet normal -0 0 1
    outer loop
      vertex -32.4309 14.4392 80
      vertex -28 8.45 80
      vertex -31.6307 16.1167 80
    endloop
  endfacet
  facet normal 0 0 1
    outer loop
      vertex -15.8875 -15.4552 80
      vertex -30.7439 -17.75 80
      vertex -29.7728 -19.3347 80
    endloop
  endfacet
  facet normal -0 0 1
    outer loop
      vertex -33.1421 12.7221 80
      vertex -28 8.45 80
      vertex -32.4309 14.4392 80
    endloop
  endfacet
  facet normal 0 0 1
    outer loop
      vertex -15.7783 -14.626 80
      vertex -31.6307 -16.1167 80
      vertex -30.7439 -17.75 80
    endloop
  endfacet
  facet normal -0 0 1
    outer loop
      vertex -33.7625 10.9701 80
      vertex -28 8.45 80
      vertex -33.1421 12.7221 80
    endloop
  endfacet
  facet normal 0 0 1
    outer loop
      vertex -15.6259 -13.8036 80
      vertex -32.4309 -14.4392 80
      vertex -31.6307 -16.1167 80
    endloop
  endfacet
  facet normal -0 0 1
    outer loop
      vertex -34.2904 9.18808 80
      vertex -28 8.45 80
      vertex -33.7625 10.9701 80
    endloop
  endfacet
  facet normal 0 0 1
    outer loop
      vertex -15.4307 -12.9904 80
      vertex -33.1421 -12.7221 80
      vertex -32.4309 -14.4392 80
    endloop
  endfacet
  facet normal 0 0 1
    outer loop
      vertex -34.7242 7.38086 80
      vertex -28 8.45 80
      vertex -34.2904 9.18808 80
    endloop
  endfacet
  facet normal 0 0 1
    outer loop
      vertex -28 0.45 80
      vertex -33.7625 -10.9701 80
      vertex -33.1421 -12.7221 80
    endloop
  endfacet
  facet normal 0 0 1
    outer loop
      vertex -35.0629 5.55342 80
      vertex -28 8.45 80
      vertex -34.7242 7.38086 80
    endloop
  endfacet
  facet normal 0 0 1
    outer loop
      vertex -28 0.45 80
      vertex -34.2904 -9.18808 80
      vertex -33.7625 -10.9701 80
    endloop
  endfacet
  facet normal 0 0 1
    outer loop
      vertex -28 8.45 80
      vertex -35.0629 5.55342 80
      vertex -28 0.45 80
    endloop
  endfacet
  facet normal 0 0 1
    outer loop
      vertex -28 0.45 80
      vertex -34.7242 -7.38086 80
      vertex -34.2904 -9.18808 80
    endloop
  endfacet
  facet normal -0 0 1
    outer loop
      vertex -35.3055 3.71076 80
      vertex -28 0.45 80
      vertex -35.0629 5.55342 80
    endloop
  endfacet
  facet normal 0 0 1
    outer loop
      vertex -28 0.45 80
      vertex -35.0629 -5.55342 80
      vertex -34.7242 -7.38086 80
    endloop
  endfacet
  facet normal -0 0 1
    outer loop
      vertex -35.4513 1.85793 80
      vertex -28 0.45 80
      vertex -35.3055 3.71076 80
    endloop
  endfacet
  facet normal 0 0 1
    outer loop
      vertex -28 0.45 80
      vertex -35.3055 -3.71076 80
      vertex -35.0629 -5.55342 80
    endloop
  endfacet
  facet normal 0 0 1
    outer loop
      vertex -35.5 0 80
      vertex -28 0.45 80
      vertex -35.4513 1.85793 80
    endloop
  endfacet
  facet normal 0 0 1
    outer loop
      vertex -28 0.45 80
      vertex -35.4513 -1.85793 80
      vertex -35.3055 -3.71076 80
    endloop
  endfacet
  facet normal 0 0 1
    outer loop
      vertex -28 0.45 80
      vertex -35.5 0 80
      vertex -35.4513 -1.85793 80
    endloop
  endfacet
  facet normal -0 0 1
    outer loop
      vertex 15.4307 -21.2596 80
      vertex 23.7541 -26.3816 80
      vertex 15.6259 -20.4464 80
    endloop
  endfacet
  facet normal 0 0 1
    outer loop
      vertex 23.7541 -26.3816 80
      vertex 15.1931 -22.0615 80
      vertex 22.3409 -27.5887 80
    endloop
  endfacet
  facet normal -0 0 1
    outer loop
      vertex 14.9139 -22.8499 80
      vertex 22.3409 -27.5887 80
      vertex 15.1931 -22.0615 80
    endloop
  endfacet
  facet normal 0 0 1
    outer loop
      vertex 22.3409 -27.5887 80
      vertex 14.9139 -22.8499 80
      vertex 20.8664 -28.7201 80
    endloop
  endfacet
  facet normal -0 0 1
    outer loop
      vertex 14.5939 -23.6226 80
      vertex 20.8664 -28.7201 80
      vertex 14.9139 -22.8499 80
    endloop
  endfacet
  facet normal -0 0 1
    outer loop
      vertex 14.2338 -24.3775 80
      vertex 20.8664 -28.7201 80
      vertex 14.5939 -23.6226 80
    endloop
  endfacet
  facet normal 0 0 1
    outer loop
      vertex 20.8664 -28.7201 80
      vertex 14.2338 -24.3775 80
      vertex 19.3347 -29.7728 80
    endloop
  endfacet
  facet normal -0 0 1
    outer loop
      vertex 13.8348 -25.1125 80
      vertex 19.3347 -29.7728 80
      vertex 14.2338 -24.3775 80
    endloop
  endfacet
  facet normal 0 0 1
    outer loop
      vertex 19.3347 -29.7728 80
      vertex 13.8348 -25.1125 80
      vertex 17.75 -30.7439 80
    endloop
  endfacet
  facet normal -0 0 1
    outer loop
      vertex 13.3978 -25.8256 80
      vertex 17.75 -30.7439 80
      vertex 13.8348 -25.1125 80
    endloop
  endfacet
  facet normal -0 0 1
    outer loop
      vertex 12.924 -26.5149 80
      vertex 17.75 -30.7439 80
      vertex 13.3978 -25.8256 80
    endloop
  endfacet
  facet normal 0 0 1
    outer loop
      vertex 17.75 -30.7439 80
      vertex 12.924 -26.5149 80
      vertex 16.1167 -31.6307 80
    endloop
  endfacet
  facet normal -0 0 1
    outer loop
      vertex 12.4149 -27.1784 80
      vertex 16.1167 -31.6307 80
      vertex 12.924 -26.5149 80
    endloop
  endfacet
  facet normal -0 0 1
    outer loop
      vertex 11.8717 -27.8144 80
      vertex 16.1167 -31.6307 80
      vertex 12.4149 -27.1784 80
    endloop
  endfacet
  facet normal 0 0 1
    outer loop
      vertex 16.1167 -31.6307 80
      vertex 11.8717 -27.8144 80
      vertex 14.4392 -32.4309 80
    endloop
  endfacet
  facet normal -0 0 1
    outer loop
      vertex 11.296 -28.421 80
      vertex 14.4392 -32.4309 80
      vertex 11.8717 -27.8144 80
    endloop
  endfacet
  facet normal -0 0 1
    outer loop
      vertex 10.6894 -28.9967 80
      vertex 14.4392 -32.4309 80
      vertex 11.296 -28.421 80
    endloop
  endfacet
  facet normal 0 0 1
    outer loop
      vertex 14.4392 -32.4309 80
      vertex 10.6894 -28.9967 80
      vertex 12.7221 -33.1421 80
    endloop
  endfacet
  facet normal -0 0 1
    outer loop
      vertex 10.0534 -29.5399 80
      vertex 12.7221 -33.1421 80
      vertex 10.6894 -28.9967 80
    endloop
  endfacet
  facet normal 0 0 1
    outer loop
      vertex 12.7221 -33.1421 80
      vertex 10.0534 -29.5399 80
      vertex 10.9701 -33.7625 80
    endloop
  endfacet
  facet normal -0 0 1
    outer loop
      vertex 9.38987 -30.049 80
      vertex 10.9701 -33.7625 80
      vertex 10.0534 -29.5399 80
    endloop
  endfacet
  facet normal -0 0 1
    outer loop
      vertex 8.70061 -30.5228 80
      vertex 10.9701 -33.7625 80
      vertex 9.38987 -30.049 80
    endloop
  endfacet
  facet normal 0 0 1
    outer loop
      vertex 10.9701 -33.7625 80
      vertex 8.70061 -30.5228 80
      vertex 9.18808 -34.2904 80
    endloop
  endfacet
  facet normal -0 0 1
    outer loop
      vertex 7.9875 -30.9598 80
      vertex 9.18808 -34.2904 80
      vertex 8.70061 -30.5228 80
    endloop
  endfacet
  facet normal -0 0 1
    outer loop
      vertex 7.2525 -31.3588 80
      vertex 9.18808 -34.2904 80
      vertex 7.9875 -30.9598 80
    endloop
  endfacet
  facet normal 0 0 1
    outer loop
      vertex 9.18808 -34.2904 80
      vertex 7.2525 -31.3588 80
      vertex 7.38086 -34.7242 80
    endloop
  endfacet
  facet normal -0 0 1
    outer loop
      vertex 6.49762 -31.7189 80
      vertex 7.38086 -34.7242 80
      vertex 7.2525 -31.3588 80
    endloop
  endfacet
  facet normal -0 0 1
    outer loop
      vertex 5.72493 -32.0389 80
      vertex 7.38086 -34.7242 80
      vertex 6.49762 -31.7189 80
    endloop
  endfacet
  facet normal 0 0 1
    outer loop
      vertex 5.72493 -32.0389 80
      vertex 5.55342 -35.0629 80
      vertex 7.38086 -34.7242 80
    endloop
  endfacet
  facet normal -0 0 1
    outer loop
      vertex 4.93655 -32.3181 80
      vertex 5.55342 -35.0629 80
      vertex 5.72493 -32.0389 80
    endloop
  endfacet
  facet normal -0 0 1
    outer loop
      vertex 4.13463 -32.5557 80
      vertex 5.55342 -35.0629 80
      vertex 4.93655 -32.3181 80
    endloop
  endfacet
  facet normal 0 0 1
    outer loop
      vertex 4.13463 -32.5557 80
      vertex 3.71076 -35.3055 80
      vertex 5.55342 -35.0629 80
    endloop
  endfacet
  facet normal -0 0 1
    outer loop
      vertex 3.32139 -32.7509 80
      vertex 3.71076 -35.3055 80
      vertex 4.13463 -32.5557 80
    endloop
  endfacet
  facet normal -0 0 1
    outer loop
      vertex 2.49904 -32.9033 80
      vertex 3.71076 -35.3055 80
      vertex 3.32139 -32.7509 80
    endloop
  endfacet
  facet normal 0 0 1
    outer loop
      vertex 2.49904 -32.9033 80
      vertex 1.85793 -35.4513 80
      vertex 3.71076 -35.3055 80
    endloop
  endfacet
  facet normal -0 0 1
    outer loop
      vertex 1.66984 -33.0125 80
      vertex 1.85793 -35.4513 80
      vertex 2.49904 -32.9033 80
    endloop
  endfacet
  facet normal -0 0 1
    outer loop
      vertex 0.836066 -33.0781 80
      vertex 1.85793 -35.4513 80
      vertex 1.66984 -33.0125 80
    endloop
  endfacet
  facet normal 0 0 1
    outer loop
      vertex 0 -35.5 80
      vertex 0.836066 -33.0781 80
      vertex 0 -33.1 80
    endloop
  endfacet
  facet normal 0 0 1
    outer loop
      vertex 0.836066 -33.0781 80
      vertex 0 -35.5 80
      vertex 1.85793 -35.4513 80
    endloop
  endfacet
  facet normal 0 0 1
    outer loop
      vertex -0.836066 -33.0781 80
      vertex 0 -35.5 80
      vertex 0 -33.1 80
    endloop
  endfacet
  facet normal 0 0 1
    outer loop
      vertex -1.85793 -35.4513 80
      vertex -0.836066 -33.0781 80
      vertex -1.66984 -33.0125 80
    endloop
  endfacet
  facet normal 0 0 1
    outer loop
      vertex -0.836066 -33.0781 80
      vertex -1.85793 -35.4513 80
      vertex 0 -35.5 80
    endloop
  endfacet
  facet normal 0 0 1
    outer loop
      vertex -2.49904 -32.9033 80
      vertex -1.85793 -35.4513 80
      vertex -1.66984 -33.0125 80
    endloop
  endfacet
  facet normal 0 0 1
    outer loop
      vertex -3.71076 -35.3055 80
      vertex -2.49904 -32.9033 80
      vertex -3.32139 -32.7509 80
    endloop
  endfacet
  facet normal 0 0 1
    outer loop
      vertex -2.49904 -32.9033 80
      vertex -3.71076 -35.3055 80
      vertex -1.85793 -35.4513 80
    endloop
  endfacet
  facet normal 0 0 1
    outer loop
      vertex -4.13463 -32.5557 80
      vertex -3.71076 -35.3055 80
      vertex -3.32139 -32.7509 80
    endloop
  endfacet
  facet normal 0 0 1
    outer loop
      vertex -5.55342 -35.0629 80
      vertex -4.13463 -32.5557 80
      vertex -4.93655 -32.3181 80
    endloop
  endfacet
  facet normal 0 0 1
    outer loop
      vertex -4.13463 -32.5557 80
      vertex -5.55342 -35.0629 80
      vertex -3.71076 -35.3055 80
    endloop
  endfacet
  facet normal 0 0 1
    outer loop
      vertex -5.72493 -32.0389 80
      vertex -5.55342 -35.0629 80
      vertex -4.93655 -32.3181 80
    endloop
  endfacet
  facet normal 0 0 1
    outer loop
      vertex -7.38086 -34.7242 80
      vertex -5.72493 -32.0389 80
      vertex -6.49762 -31.7189 80
    endloop
  endfacet
  facet normal 0 0 1
    outer loop
      vertex -7.38086 -34.7242 80
      vertex -6.49762 -31.7189 80
      vertex -7.2525 -31.3588 80
    endloop
  endfacet
  facet normal 0 0 1
    outer loop
      vertex -5.72493 -32.0389 80
      vertex -7.38086 -34.7242 80
      vertex -5.55342 -35.0629 80
    endloop
  endfacet
  facet normal 0 0 1
    outer loop
      vertex -9.18808 -34.2904 80
      vertex -7.2525 -31.3588 80
      vertex -7.9875 -30.9598 80
    endloop
  endfacet
  facet normal 0 0 1
    outer loop
      vertex -9.18808 -34.2904 80
      vertex -7.9875 -30.9598 80
      vertex -8.70061 -30.5228 80
    endloop
  endfacet
  facet normal 0 0 1
    outer loop
      vertex -7.2525 -31.3588 80
      vertex -9.18808 -34.2904 80
      vertex -7.38086 -34.7242 80
    endloop
  endfacet
  facet normal 0 0 1
    outer loop
      vertex -10.9701 -33.7625 80
      vertex -8.70061 -30.5228 80
      vertex -9.38987 -30.049 80
    endloop
  endfacet
  facet normal 0 0 1
    outer loop
      vertex -10.9701 -33.7625 80
      vertex -9.38987 -30.049 80
      vertex -10.0534 -29.5399 80
    endloop
  endfacet
  facet normal 0 0 1
    outer loop
      vertex -12.7221 -33.1421 80
      vertex -10.0534 -29.5399 80
      vertex -10.6894 -28.9967 80
    endloop
  endfacet
  facet normal 0 0 1
    outer loop
      vertex -8.70061 -30.5228 80
      vertex -10.9701 -33.7625 80
      vertex -9.18808 -34.2904 80
    endloop
  endfacet
  facet normal 0 0 1
    outer loop
      vertex -14.4392 -32.4309 80
      vertex -10.6894 -28.9967 80
      vertex -11.296 -28.421 80
    endloop
  endfacet
  facet normal 0 0 1
    outer loop
      vertex -14.4392 -32.4309 80
      vertex -11.296 -28.421 80
      vertex -11.8717 -27.8144 80
    endloop
  endfacet
  facet normal 0 0 1
    outer loop
      vertex -16.1167 -31.6307 80
      vertex -11.8717 -27.8144 80
      vertex -12.4149 -27.1784 80
    endloop
  endfacet
  facet normal 0 0 1
    outer loop
      vertex -10.0534 -29.5399 80
      vertex -12.7221 -33.1421 80
      vertex -10.9701 -33.7625 80
    endloop
  endfacet
  facet normal 0 0 1
    outer loop
      vertex -16.1167 -31.6307 80
      vertex -12.4149 -27.1784 80
      vertex -12.924 -26.5149 80
    endloop
  endfacet
  facet normal 0 0 1
    outer loop
      vertex -17.75 -30.7439 80
      vertex -12.924 -26.5149 80
      vertex -13.3978 -25.8256 80
    endloop
  endfacet
  facet normal 0 0 1
    outer loop
      vertex -17.75 -30.7439 80
      vertex -13.3978 -25.8256 80
      vertex -13.8348 -25.1125 80
    endloop
  endfacet
  facet normal 0 0 1
    outer loop
      vertex -17.75 -30.7439 80
      vertex -13.8348 -25.1125 80
      vertex -14.2338 -24.3775 80
    endloop
  endfacet
  facet normal 0 0 1
    outer loop
      vertex -10.6894 -28.9967 80
      vertex -14.4392 -32.4309 80
      vertex -12.7221 -33.1421 80
    endloop
  endfacet
  facet normal 0 0 1
    outer loop
      vertex -17.75 -30.7439 80
      vertex -14.2338 -24.3775 80
      vertex -14.5939 -23.6226 80
    endloop
  endfacet
  facet normal 0 0 1
    outer loop
      vertex -17.75 -30.7439 80
      vertex -14.5939 -23.6226 80
      vertex -14.9139 -22.8499 80
    endloop
  endfacet
  facet normal 0 0 1
    outer loop
      vertex -17.75 -30.7439 80
      vertex -14.9139 -22.8499 80
      vertex -15.1931 -22.0615 80
    endloop
  endfacet
  facet normal 0 0 1
    outer loop
      vertex -17.75 -30.7439 80
      vertex -15.1931 -22.0615 80
      vertex -15.4307 -21.2596 80
    endloop
  endfacet
  facet normal 0 0 1
    outer loop
      vertex -17.75 -30.7439 80
      vertex -15.4307 -21.2596 80
      vertex -15.6259 -20.4464 80
    endloop
  endfacet
  facet normal 0 0 1
    outer loop
      vertex -17.75 -30.7439 80
      vertex -15.6259 -20.4464 80
      vertex -15.7783 -19.624 80
    endloop
  endfacet
  facet normal 0 0 1
    outer loop
      vertex -17.75 -30.7439 80
      vertex -15.7783 -19.624 80
      vertex -15.8875 -18.7948 80
    endloop
  endfacet
  facet normal 0 0 1
    outer loop
      vertex -11.8717 -27.8144 80
      vertex -16.1167 -31.6307 80
      vertex -14.4392 -32.4309 80
    endloop
  endfacet
  facet normal 0 0 1
    outer loop
      vertex -17.75 -30.7439 80
      vertex -15.8875 -18.7948 80
      vertex -15.9531 -17.9611 80
    endloop
  endfacet
  facet normal 0 0 1
    outer loop
      vertex -27.5887 -22.3409 80
      vertex -15.9531 -17.9611 80
      vertex -15.975 -17.125 80
    endloop
  endfacet
  facet normal -0.972379 0.233407 0
    outer loop
      vertex -34.7242 7.38086 4
      vertex -34.2904 9.18808 80
      vertex -34.2904 9.18808 4
    endloop
  endfacet
  facet normal -0.972379 0.233407 0
    outer loop
      vertex -34.2904 9.18808 80
      vertex -34.7242 7.38086 4
      vertex -34.7242 7.38086 80
    endloop
  endfacet
  facet normal 0.566403 -0.824128 0
    outer loop
      vertex 19.3347 -29.7728 4
      vertex 20.8664 -28.7201 80
      vertex 19.3347 -29.7728 80
    endloop
  endfacet
  facet normal 0.566403 -0.824128 0
    outer loop
      vertex 20.8664 -28.7201 80
      vertex 19.3347 -29.7728 4
      vertex 20.8664 -28.7201 4
    endloop
  endfacet
  facet normal -0.333799 0.942644 0
    outer loop
      vertex -10.9701 33.7625 4
      vertex -12.7221 33.1421 80
      vertex -10.9701 33.7625 80
    endloop
  endfacet
  facet normal -0.333799 0.942644 0
    outer loop
      vertex -12.7221 33.1421 80
      vertex -10.9701 33.7625 4
      vertex -12.7221 33.1421 4
    endloop
  endfacet
  facet normal -0.999657 0.026203 0
    outer loop
      vertex -35.5 0 4
      vertex -35.4513 1.85793 80
      vertex -35.4513 1.85793 4
    endloop
  endfacet
  facet normal -0.999657 0.026203 0
    outer loop
      vertex -35.4513 1.85793 80
      vertex -35.5 0 4
      vertex -35.5 0 80
    endloop
  endfacet
  facet normal 0.382662 -0.923888 0
    outer loop
      vertex 12.7221 -33.1421 4
      vertex 14.4392 -32.4309 80
      vertex 12.7221 -33.1421 80
    endloop
  endfacet
  facet normal 0.382662 -0.923888 0
    outer loop
      vertex 14.4392 -32.4309 80
      vertex 12.7221 -33.1421 4
      vertex 14.4392 -32.4309 4
    endloop
  endfacet
  facet normal -0.688328 0.7254 0
    outer loop
      vertex -23.7541 26.3816 4
      vertex -25.1023 25.1023 80
      vertex -23.7541 26.3816 80
    endloop
  endfacet
  facet normal -0.688328 0.7254 0
    outer loop
      vertex -25.1023 25.1023 80
      vertex -23.7541 26.3816 4
      vertex -25.1023 25.1023 4
    endloop
  endfacet
  facet normal 0.923888 -0.382662 0
    outer loop
      vertex 32.4309 -14.4392 80
      vertex 33.1421 -12.7221 4
      vertex 33.1421 -12.7221 80
    endloop
  endfacet
  facet normal 0.923888 -0.382662 0
    outer loop
      vertex 33.1421 -12.7221 4
      vertex 32.4309 -14.4392 80
      vertex 32.4309 -14.4392 4
    endloop
  endfacet
  facet normal 0.430543 -0.90257 0
    outer loop
      vertex 14.4392 -32.4309 4
      vertex 16.1167 -31.6307 80
      vertex 14.4392 -32.4309 80
    endloop
  endfacet
  facet normal 0.430543 -0.90257 0
    outer loop
      vertex 16.1167 -31.6307 80
      vertex 14.4392 -32.4309 4
      vertex 16.1167 -31.6307 4
    endloop
  endfacet
  facet normal 0.878819 -0.477155 0
    outer loop
      vertex 30.7439 -17.75 80
      vertex 31.6307 -16.1167 4
      vertex 31.6307 -16.1167 80
    endloop
  endfacet
  facet normal 0.878819 -0.477155 0
    outer loop
      vertex 31.6307 -16.1167 4
      vertex 30.7439 -17.75 80
      vertex 30.7439 -17.75 4
    endloop
  endfacet
  facet normal -0.90257 -0.430543 0
    outer loop
      vertex -31.6307 -16.1167 4
      vertex -32.4309 -14.4392 80
      vertex -32.4309 -14.4392 4
    endloop
  endfacet
  facet normal -0.90257 -0.430543 0
    outer loop
      vertex -32.4309 -14.4392 80
      vertex -31.6307 -16.1167 4
      vertex -31.6307 -16.1167 80
    endloop
  endfacet
  facet normal -0.760376 -0.649483 0
    outer loop
      vertex -26.3816 -23.7541 4
      vertex -27.5887 -22.3409 80
      vertex -27.5887 -22.3409 4
    endloop
  endfacet
  facet normal -0.760376 -0.649483 0
    outer loop
      vertex -27.5887 -22.3409 80
      vertex -26.3816 -23.7541 4
      vertex -26.3816 -23.7541 80
    endloop
  endfacet
  facet normal 0.649483 -0.760376 0
    outer loop
      vertex 22.3409 -27.5887 4
      vertex 23.7541 -26.3816 80
      vertex 22.3409 -27.5887 80
    endloop
  endfacet
  facet normal 0.649483 -0.760376 0
    outer loop
      vertex 23.7541 -26.3816 80
      vertex 22.3409 -27.5887 4
      vertex 23.7541 -26.3816 4
    endloop
  endfacet
  facet normal -0.688328 -0.7254 0
    outer loop
      vertex -25.1023 -25.1023 4
      vertex -23.7541 -26.3816 80
      vertex -25.1023 -25.1023 80
    endloop
  endfacet
  facet normal -0.688328 -0.7254 -0
    outer loop
      vertex -23.7541 -26.3816 80
      vertex -25.1023 -25.1023 4
      vertex -23.7541 -26.3816 4
    endloop
  endfacet
  facet normal -0.382662 -0.923888 0
    outer loop
      vertex -14.4392 -32.4309 4
      vertex -12.7221 -33.1421 80
      vertex -14.4392 -32.4309 80
    endloop
  endfacet
  facet normal -0.382662 -0.923888 -0
    outer loop
      vertex -12.7221 -33.1421 80
      vertex -14.4392 -32.4309 4
      vertex -12.7221 -33.1421 4
    endloop
  endfacet
  facet normal 0.522496 0.852641 -0
    outer loop
      vertex 19.3347 29.7728 4
      vertex 17.75 30.7439 80
      vertex 19.3347 29.7728 80
    endloop
  endfacet
  facet normal 0.522496 0.852641 0
    outer loop
      vertex 17.75 30.7439 80
      vertex 19.3347 29.7728 4
      vertex 17.75 30.7439 4
    endloop
  endfacet
  facet normal -0.983255 -0.182238 0
    outer loop
      vertex -34.7242 -7.38086 4
      vertex -35.0629 -5.55342 80
      vertex -35.0629 -5.55342 4
    endloop
  endfacet
  facet normal -0.983255 -0.182238 0
    outer loop
      vertex -35.0629 -5.55342 80
      vertex -34.7242 -7.38086 4
      vertex -34.7242 -7.38086 80
    endloop
  endfacet
  facet normal 0.608753 -0.793359 0
    outer loop
      vertex 20.8664 -28.7201 4
      vertex 22.3409 -27.5887 80
      vertex 20.8664 -28.7201 80
    endloop
  endfacet
  facet normal 0.608753 -0.793359 0
    outer loop
      vertex 22.3409 -27.5887 80
      vertex 20.8664 -28.7201 4
      vertex 22.3409 -27.5887 4
    endloop
  endfacet
  facet normal -0.991444 0.130531 0
    outer loop
      vertex -35.3055 3.71076 4
      vertex -35.0629 5.55342 80
      vertex -35.0629 5.55342 4
    endloop
  endfacet
  facet normal -0.991444 0.130531 0
    outer loop
      vertex -35.0629 5.55342 80
      vertex -35.3055 3.71076 4
      vertex -35.3055 3.71076 80
    endloop
  endfacet
  facet normal -0.233407 0.972379 0
    outer loop
      vertex -7.38086 34.7242 4
      vertex -9.18808 34.2904 80
      vertex -7.38086 34.7242 80
    endloop
  endfacet
  facet normal -0.233407 0.972379 0
    outer loop
      vertex -9.18808 34.2904 80
      vertex -7.38086 34.7242 4
      vertex -9.18808 34.2904 4
    endloop
  endfacet
  facet normal 0.233407 0.972379 -0
    outer loop
      vertex 9.18808 34.2904 4
      vertex 7.38086 34.7242 80
      vertex 9.18808 34.2904 80
    endloop
  endfacet
  facet normal 0.233407 0.972379 0
    outer loop
      vertex 7.38086 34.7242 80
      vertex 9.18808 34.2904 4
      vertex 7.38086 34.7242 4
    endloop
  endfacet
  facet normal -0.608753 -0.793359 0
    outer loop
      vertex -22.3409 -27.5887 4
      vertex -20.8664 -28.7201 80
      vertex -22.3409 -27.5887 80
    endloop
  endfacet
  facet normal -0.608753 -0.793359 -0
    outer loop
      vertex -20.8664 -28.7201 80
      vertex -22.3409 -27.5887 4
      vertex -20.8664 -28.7201 4
    endloop
  endfacet
  facet normal 0.90257 -0.430543 0
    outer loop
      vertex 31.6307 -16.1167 80
      vertex 32.4309 -14.4392 4
      vertex 32.4309 -14.4392 80
    endloop
  endfacet
  facet normal 0.90257 -0.430543 0
    outer loop
      vertex 32.4309 -14.4392 4
      vertex 31.6307 -16.1167 80
      vertex 31.6307 -16.1167 4
    endloop
  endfacet
  facet normal -0.852641 -0.522496 0
    outer loop
      vertex -29.7728 -19.3347 4
      vertex -30.7439 -17.75 80
      vertex -30.7439 -17.75 4
    endloop
  endfacet
  facet normal -0.852641 -0.522496 0
    outer loop
      vertex -30.7439 -17.75 80
      vertex -29.7728 -19.3347 4
      vertex -29.7728 -19.3347 80
    endloop
  endfacet
  facet normal -0.972379 -0.233407 0
    outer loop
      vertex -34.2904 -9.18808 4
      vertex -34.7242 -7.38086 80
      vertex -34.7242 -7.38086 4
    endloop
  endfacet
  facet normal -0.972379 -0.233407 0
    outer loop
      vertex -34.7242 -7.38086 80
      vertex -34.2904 -9.18808 4
      vertex -34.2904 -9.18808 80
    endloop
  endfacet
  facet normal -0.923888 0.382662 0
    outer loop
      vertex -33.1421 12.7221 4
      vertex -32.4309 14.4392 80
      vertex -32.4309 14.4392 4
    endloop
  endfacet
  facet normal -0.923888 0.382662 0
    outer loop
      vertex -32.4309 14.4392 80
      vertex -33.1421 12.7221 4
      vertex -33.1421 12.7221 80
    endloop
  endfacet
  facet normal -0.382662 0.923888 0
    outer loop
      vertex -12.7221 33.1421 4
      vertex -14.4392 32.4309 80
      vertex -12.7221 33.1421 80
    endloop
  endfacet
  facet normal -0.382662 0.923888 0
    outer loop
      vertex -14.4392 32.4309 80
      vertex -12.7221 33.1421 4
      vertex -14.4392 32.4309 4
    endloop
  endfacet
  facet normal -0.923888 -0.382662 0
    outer loop
      vertex -32.4309 -14.4392 4
      vertex -33.1421 -12.7221 80
      vertex -33.1421 -12.7221 4
    endloop
  endfacet
  facet normal -0.923888 -0.382662 0
    outer loop
      vertex -33.1421 -12.7221 80
      vertex -32.4309 -14.4392 4
      vertex -32.4309 -14.4392 80
    endloop
  endfacet
  facet normal -0.477155 -0.878819 0
    outer loop
      vertex -17.75 -30.7439 4
      vertex -16.1167 -31.6307 80
      vertex -17.75 -30.7439 80
    endloop
  endfacet
  facet normal -0.477155 -0.878819 -0
    outer loop
      vertex -16.1167 -31.6307 80
      vertex -17.75 -30.7439 4
      vertex -16.1167 -31.6307 4
    endloop
  endfacet
  facet normal 0.706987 -0.0185261 -0.706984
    outer loop
      vertex 35.4513 -1.85793 4
      vertex 31.4568 -1.64858 0
      vertex 31.5 0 0
    endloop
  endfacet
  facet normal 0.561084 -0.430526 -0.706988
    outer loop
      vertex 27.5887 -22.3409 4
      vertex 24.4801 -19.8236 0
      vertex 28.7201 -20.8664 4
    endloop
  endfacet
  facet normal -0.165072 -0.687693 -0.706987
    outer loop
      vertex -7.38086 -34.7242 4
      vertex -9.18808 -34.2904 4
      vertex -6.54922 -30.8116 0
    endloop
  endfacet
  facet normal 0.695385 0.12891 -0.706981
    outer loop
      vertex 31.1122 4.92768 0
      vertex 30.8116 6.54922 0
      vertex 35.0629 5.55342 4
    endloop
  endfacet
  facet normal 0.706985 0.0185315 -0.706985
    outer loop
      vertex 35.5 0 4
      vertex 31.5 0 0
      vertex 35.4513 1.85793 4
    endloop
  endfacet
  facet normal 0.706987 0.0185261 -0.706984
    outer loop
      vertex 31.5 0 0
      vertex 31.4568 1.64858 0
      vertex 35.4513 1.85793 4
    endloop
  endfacet
  facet normal -0.701186 -0.0922889 -0.706981
    outer loop
      vertex -31.1122 -4.92768 0
      vertex -35.0629 -5.55342 4
      vertex -31.3274 -3.29265 0
    endloop
  endfacet
  facet normal 0.337458 -0.621525 -0.706985
    outer loop
      vertex 16.1167 -31.6307 4
      vertex 14.3007 -28.0667 0
      vertex 15.75 -27.2798 0
    endloop
  endfacet
  facet normal 0.337457 0.621526 -0.706985
    outer loop
      vertex 17.75 30.7439 4
      vertex 15.75 27.2798 0
      vertex 16.1167 31.6307 4
    endloop
  endfacet
  facet normal 0.430511 -0.561092 -0.706991
    outer loop
      vertex 20.8664 -28.7201 4
      vertex 18.5152 -25.484 0
      vertex 19.8236 -24.4801 0
    endloop
  endfacet
  facet normal -0.40058 0.582837 -0.706991
    outer loop
      vertex -18.5152 25.484 0
      vertex -20.8664 28.7201 4
      vertex -17.1561 26.4181 0
    endloop
  endfacet
  facet normal 0.304491 -0.63832 -0.706989
    outer loop
      vertex 14.4392 -32.4309 4
      vertex 12.8122 -28.7767 0
      vertex 16.1167 -31.6307 4
    endloop
  endfacet
  facet normal -0.369538 0.603003 -0.706985
    outer loop
      vertex -17.1561 26.4181 0
      vertex -17.75 30.7439 4
      vertex -15.75 27.2798 0
    endloop
  endfacet
  facet normal -0.561092 -0.430511 -0.706991
    outer loop
      vertex -24.4801 -19.8236 0
      vertex -28.7201 -20.8664 4
      vertex -25.484 -18.5152 0
    endloop
  endfacet
  facet normal 0.653394 -0.270646 -0.706985
    outer loop
      vertex 33.1421 -12.7221 4
      vertex 28.7767 -12.8122 0
      vertex 29.4078 -11.2886 0
    endloop
  endfacet
  facet normal 0.6781 -0.200878 -0.706985
    outer loop
      vertex 33.7625 -10.9701 4
      vertex 30.4267 -8.1528 0
      vertex 34.2904 -9.18808 4
    endloop
  endfacet
  facet normal -0.513027 0.486809 -0.706979
    outer loop
      vertex -23.4091 21.0776 0
      vertex -26.3816 23.7541 4
      vertex -25.1023 25.1023 4
    endloop
  endfacet
  facet normal -0.200871 0.678104 -0.706984
    outer loop
      vertex -9.73403 29.9583 0
      vertex -10.9701 33.7625 4
      vertex -8.1528 30.4267 0
    endloop
  endfacet
  facet normal 0.486809 0.513027 -0.706979
    outer loop
      vertex 25.1023 25.1023 4
      vertex 21.0776 23.4091 0
      vertex 23.7541 26.3816 4
    endloop
  endfacet
  facet normal -0.486816 0.513018 -0.706982
    outer loop
      vertex -22.2739 22.2739 0
      vertex -25.1023 25.1023 4
      vertex -21.0776 23.4091 0
    endloop
  endfacet
  facet normal 0.304477 -0.63833 -0.706985
    outer loop
      vertex 16.1167 -31.6307 4
      vertex 12.8122 -28.7767 0
      vertex 14.3007 -28.0667 0
    endloop
  endfacet
  facet normal -0.128883 0.695384 -0.706986
    outer loop
      vertex -6.54922 30.8116 0
      vertex -7.38086 34.7242 4
      vertex -5.55342 35.0629 4
    endloop
  endfacet
  facet normal 0.165065 -0.687696 -0.706985
    outer loop
      vertex 9.18808 -34.2904 4
      vertex 6.54922 -30.8116 0
      vertex 8.1528 -30.4267 0
    endloop
  endfacet
  facet normal 0.621526 -0.337457 -0.706985
    outer loop
      vertex 30.7439 -17.75 4
      vertex 27.2798 -15.75 0
      vertex 31.6307 -16.1167 4
    endloop
  endfacet
  facet normal -0.63832 0.304491 -0.706989
    outer loop
      vertex -28.7767 12.8122 0
      vertex -32.4309 14.4392 4
      vertex -31.6307 16.1167 4
    endloop
  endfacet
  facet normal -0.200871 -0.678104 -0.706984
    outer loop
      vertex -8.1528 -30.4267 0
      vertex -10.9701 -33.7625 4
      vertex -9.73403 -29.9583 0
    endloop
  endfacet
  facet normal -0.0554805 0.705047 -0.706987
    outer loop
      vertex -3.29265 31.3274 0
      vertex -3.71076 35.3055 4
      vertex -1.85793 35.4513 4
    endloop
  endfacet
  facet normal -0.63833 0.304477 -0.706985
    outer loop
      vertex -28.7767 12.8122 0
      vertex -31.6307 16.1167 4
      vertex -28.0667 14.3007 0
    endloop
  endfacet
  facet normal -0.561084 0.430526 -0.706988
    outer loop
      vertex -24.4801 19.8236 0
      vertex -28.7201 20.8664 4
      vertex -27.5887 22.3409 4
    endloop
  endfacet
  facet normal 0.0185315 -0.706985 -0.706985
    outer loop
      vertex 1.85793 -35.4513 4
      vertex 0 -35.5 4
      vertex 0 -31.5 0
    endloop
  endfacet
  facet normal -0.603009 0.369522 -0.706989
    outer loop
      vertex -26.4181 17.1561 0
      vertex -30.7439 17.75 4
      vertex -29.7728 19.3347 4
    endloop
  endfacet
  facet normal -0.459308 0.537789 -0.706979
    outer loop
      vertex -21.0776 23.4091 0
      vertex -23.7541 26.3816 4
      vertex -19.8236 24.4801 0
    endloop
  endfacet
  facet normal -0.678104 0.200871 -0.706984
    outer loop
      vertex -30.4267 8.1528 0
      vertex -33.7625 10.9701 4
      vertex -29.9583 9.73403 0
    endloop
  endfacet
  facet normal -0.687693 -0.165072 -0.706987
    outer loop
      vertex -34.2904 -9.18808 4
      vertex -34.7242 -7.38086 4
      vertex -30.8116 -6.54922 0
    endloop
  endfacet
  facet normal 0.666664 -0.236077 -0.706985
    outer loop
      vertex 33.1421 -12.7221 4
      vertex 29.4078 -11.2886 0
      vertex 29.9583 -9.73403 0
    endloop
  endfacet
  facet normal 0.695384 -0.128883 -0.706986
    outer loop
      vertex 34.7242 -7.38086 4
      vertex 30.8116 -6.54922 0
      vertex 35.0629 -5.55342 4
    endloop
  endfacet
  facet normal -0.621525 0.337458 -0.706985
    outer loop
      vertex -28.0667 14.3007 0
      vertex -31.6307 16.1167 4
      vertex -27.2798 15.75 0
    endloop
  endfacet
  facet normal 0.706985 -0.0185315 -0.706985
    outer loop
      vertex 35.4513 -1.85793 4
      vertex 31.5 0 0
      vertex 35.5 0 4
    endloop
  endfacet
  facet normal 0.12891 0.695385 -0.706981
    outer loop
      vertex 6.54922 30.8116 0
      vertex 4.92768 31.1122 0
      vertex 5.55342 35.0629 4
    endloop
  endfacet
  facet normal 0.486816 -0.513018 -0.706982
    outer loop
      vertex 25.1023 -25.1023 4
      vertex 21.0776 -23.4091 0
      vertex 22.2739 -22.2739 0
    endloop
  endfacet
  facet normal -0.337457 -0.621526 -0.706985
    outer loop
      vertex -16.1167 -31.6307 4
      vertex -17.75 -30.7439 4
      vertex -15.75 -27.2798 0
    endloop
  endfacet
  facet normal 0.459308 -0.537789 -0.706979
    outer loop
      vertex 23.7541 -26.3816 4
      vertex 19.8236 -24.4801 0
      vertex 21.0776 -23.4091 0
    endloop
  endfacet
  facet normal 0.63833 -0.304477 -0.706985
    outer loop
      vertex 31.6307 -16.1167 4
      vertex 28.0667 -14.3007 0
      vertex 28.7767 -12.8122 0
    endloop
  endfacet
  facet normal -0.165072 0.687693 -0.706987
    outer loop
      vertex -6.54922 30.8116 0
      vertex -9.18808 34.2904 4
      vertex -7.38086 34.7242 4
    endloop
  endfacet
  facet normal -0.705047 -0.0554805 -0.706987
    outer loop
      vertex -35.3055 -3.71076 4
      vertex -35.4513 -1.85793 4
      vertex -31.3274 -3.29265 0
    endloop
  endfacet
  facet normal -0.0554924 -0.705049 -0.706984
    outer loop
      vertex -1.85793 -35.4513 4
      vertex -3.29265 -31.3274 0
      vertex -1.64858 -31.4568 0
    endloop
  endfacet
  facet normal 0.537758 -0.459332 -0.706987
    outer loop
      vertex 26.3816 -23.7541 4
      vertex 24.4801 -19.8236 0
      vertex 27.5887 -22.3409 4
    endloop
  endfacet
  facet normal -0.0922889 0.701186 -0.706981
    outer loop
      vertex -4.92768 31.1122 0
      vertex -5.55342 35.0629 4
      vertex -3.29265 31.3274 0
    endloop
  endfacet
  facet normal 0.128883 0.695384 -0.706986
    outer loop
      vertex 6.54922 30.8116 0
      vertex 5.55342 35.0629 4
      vertex 7.38086 34.7242 4
    endloop
  endfacet
  facet normal -0.701176 -0.0923151 -0.706987
    outer loop
      vertex -35.0629 -5.55342 4
      vertex -35.3055 -3.71076 4
      vertex -31.3274 -3.29265 0
    endloop
  endfacet
  facet normal 0.400574 -0.582844 -0.706989
    outer loop
      vertex 19.3347 -29.7728 4
      vertex 17.1561 -26.4181 0
      vertex 20.8664 -28.7201 4
    endloop
  endfacet
  facet normal -0.270628 -0.653397 -0.706989
    outer loop
      vertex -12.7221 -33.1421 4
      vertex -14.4392 -32.4309 4
      vertex -12.8122 -28.7767 0
    endloop
  endfacet
  facet normal -0.6781 -0.200878 -0.706985
    outer loop
      vertex -33.7625 -10.9701 4
      vertex -34.2904 -9.18808 4
      vertex -30.4267 -8.1528 0
    endloop
  endfacet
  facet normal -0.486809 -0.513027 -0.706979
    outer loop
      vertex -23.7541 -26.3816 4
      vertex -25.1023 -25.1023 4
      vertex -21.0776 -23.4091 0
    endloop
  endfacet
  facet normal -0.513018 0.486816 -0.706982
    outer loop
      vertex -23.4091 21.0776 0
      vertex -25.1023 25.1023 4
      vertex -22.2739 22.2739 0
    endloop
  endfacet
  facet normal -0.537758 -0.459332 -0.706987
    outer loop
      vertex -26.3816 -23.7541 4
      vertex -27.5887 -22.3409 4
      vertex -24.4801 -19.8236 0
    endloop
  endfacet
  facet normal -0.582844 -0.400574 -0.706989
    outer loop
      vertex -28.7201 -20.8664 4
      vertex -29.7728 -19.3347 4
      vertex -26.4181 -17.1561 0
    endloop
  endfacet
  facet normal 0.459332 -0.537758 -0.706987
    outer loop
      vertex 22.3409 -27.5887 4
      vertex 19.8236 -24.4801 0
      vertex 23.7541 -26.3816 4
    endloop
  endfacet
  facet normal 0.236077 -0.666664 -0.706985
    outer loop
      vertex 12.7221 -33.1421 4
      vertex 9.73403 -29.9583 0
      vertex 11.2886 -29.4078 0
    endloop
  endfacet
  facet normal 0.0554924 -0.705049 -0.706984
    outer loop
      vertex 1.85793 -35.4513 4
      vertex 1.64858 -31.4568 0
      vertex 3.29265 -31.3274 0
    endloop
  endfacet
  facet normal -0.582844 0.400574 -0.706989
    outer loop
      vertex -26.4181 17.1561 0
      vertex -29.7728 19.3347 4
      vertex -28.7201 20.8664 4
    endloop
  endfacet
  facet normal 0.513018 -0.486816 -0.706982
    outer loop
      vertex 25.1023 -25.1023 4
      vertex 22.2739 -22.2739 0
      vertex 23.4091 -21.0776 0
    endloop
  endfacet
  facet normal -0.537789 -0.459308 -0.706979
    outer loop
      vertex -23.4091 -21.0776 0
      vertex -26.3816 -23.7541 4
      vertex -24.4801 -19.8236 0
    endloop
  endfacet
  facet normal -0.695384 -0.128883 -0.706986
    outer loop
      vertex -34.7242 -7.38086 4
      vertex -35.0629 -5.55342 4
      vertex -30.8116 -6.54922 0
    endloop
  endfacet
  facet normal -0.621526 -0.337457 -0.706985
    outer loop
      vertex -30.7439 -17.75 4
      vertex -31.6307 -16.1167 4
      vertex -27.2798 -15.75 0
    endloop
  endfacet
  facet normal -0.537789 0.459308 -0.706979
    outer loop
      vertex -24.4801 19.8236 0
      vertex -26.3816 23.7541 4
      vertex -23.4091 21.0776 0
    endloop
  endfacet
  facet normal 0.40058 -0.582837 -0.706991
    outer loop
      vertex 20.8664 -28.7201 4
      vertex 17.1561 -26.4181 0
      vertex 18.5152 -25.484 0
    endloop
  endfacet
  facet normal 0.666666 -0.236073 -0.706984
    outer loop
      vertex 33.1421 -12.7221 4
      vertex 29.9583 -9.73403 0
      vertex 33.7625 -10.9701 4
    endloop
  endfacet
  facet normal -0.0554805 -0.705047 -0.706987
    outer loop
      vertex -1.85793 -35.4513 4
      vertex -3.71076 -35.3055 4
      vertex -3.29265 -31.3274 0
    endloop
  endfacet
  facet normal 0.12891 -0.695385 -0.706981
    outer loop
      vertex 5.55342 -35.0629 4
      vertex 4.92768 -31.1122 0
      vertex 6.54922 -30.8116 0
    endloop
  endfacet
  facet normal -0.678104 -0.200871 -0.706984
    outer loop
      vertex -29.9583 -9.73403 0
      vertex -33.7625 -10.9701 4
      vertex -30.4267 -8.1528 0
    endloop
  endfacet
  facet normal -0.369538 -0.603003 -0.706985
    outer loop
      vertex -15.75 -27.2798 0
      vertex -17.75 -30.7439 4
      vertex -17.1561 -26.4181 0
    endloop
  endfacet
  facet normal 0.200878 -0.6781 -0.706985
    outer loop
      vertex 9.18808 -34.2904 4
      vertex 8.1528 -30.4267 0
      vertex 10.9701 -33.7625 4
    endloop
  endfacet
  facet normal 0.430526 -0.561084 -0.706988
    outer loop
      vertex 20.8664 -28.7201 4
      vertex 19.8236 -24.4801 0
      vertex 22.3409 -27.5887 4
    endloop
  endfacet
  facet normal 0.337457 -0.621526 -0.706985
    outer loop
      vertex 16.1167 -31.6307 4
      vertex 15.75 -27.2798 0
      vertex 17.75 -30.7439 4
    endloop
  endfacet
  facet normal 0.270628 -0.653397 -0.706989
    outer loop
      vertex 14.4392 -32.4309 4
      vertex 12.7221 -33.1421 4
      vertex 12.8122 -28.7767 0
    endloop
  endfacet
  facet normal -0.270646 0.653394 -0.706985
    outer loop
      vertex -11.2886 29.4078 0
      vertex -12.8122 28.7767 0
      vertex -12.7221 33.1421 4
    endloop
  endfacet
  facet normal 0.236073 -0.666666 -0.706984
    outer loop
      vertex 10.9701 -33.7625 4
      vertex 9.73403 -29.9583 0
      vertex 12.7221 -33.1421 4
    endloop
  endfacet
  facet normal 0.304491 0.63832 -0.706989
    outer loop
      vertex 16.1167 31.6307 4
      vertex 12.8122 28.7767 0
      vertex 14.4392 32.4309 4
    endloop
  endfacet
  facet normal 0.687696 -0.165065 -0.706985
    outer loop
      vertex 34.2904 -9.18808 4
      vertex 30.4267 -8.1528 0
      vertex 30.8116 -6.54922 0
    endloop
  endfacet
  facet normal -0.400574 0.582844 -0.706989
    outer loop
      vertex -17.1561 26.4181 0
      vertex -20.8664 28.7201 4
      vertex -19.3347 29.7728 4
    endloop
  endfacet
  facet normal 0.200871 -0.678104 -0.706984
    outer loop
      vertex 10.9701 -33.7625 4
      vertex 8.1528 -30.4267 0
      vertex 9.73403 -29.9583 0
    endloop
  endfacet
  facet normal -0.128883 -0.695384 -0.706986
    outer loop
      vertex -5.55342 -35.0629 4
      vertex -7.38086 -34.7242 4
      vertex -6.54922 -30.8116 0
    endloop
  endfacet
  facet normal 0.270646 -0.653394 -0.706985
    outer loop
      vertex 12.7221 -33.1421 4
      vertex 11.2886 -29.4078 0
      vertex 12.8122 -28.7767 0
    endloop
  endfacet
  facet normal 0.705049 -0.0554924 -0.706984
    outer loop
      vertex 35.4513 -1.85793 4
      vertex 31.3274 -3.29265 0
      vertex 31.4568 -1.64858 0
    endloop
  endfacet
  facet normal 0.678104 -0.200871 -0.706984
    outer loop
      vertex 33.7625 -10.9701 4
      vertex 29.9583 -9.73403 0
      vertex 30.4267 -8.1528 0
    endloop
  endfacet
  facet normal 0.701176 -0.0923151 -0.706987
    outer loop
      vertex 35.0629 -5.55342 4
      vertex 31.3274 -3.29265 0
      vertex 35.3055 -3.71076 4
    endloop
  endfacet
  facet normal 0.695385 -0.12891 -0.706981
    outer loop
      vertex 35.0629 -5.55342 4
      vertex 30.8116 -6.54922 0
      vertex 31.1122 -4.92768 0
    endloop
  endfacet
  facet normal 0.0185261 -0.706987 -0.706984
    outer loop
      vertex 1.85793 -35.4513 4
      vertex 0 -31.5 0
      vertex 1.64858 -31.4568 0
    endloop
  endfacet
  facet normal 0.701186 -0.0922889 -0.706981
    outer loop
      vertex 35.0629 -5.55342 4
      vertex 31.1122 -4.92768 0
      vertex 31.3274 -3.29265 0
    endloop
  endfacet
  facet normal 0.687693 -0.165072 -0.706987
    outer loop
      vertex 34.2904 -9.18808 4
      vertex 30.8116 -6.54922 0
      vertex 34.7242 -7.38086 4
    endloop
  endfacet
  facet normal 0.621525 -0.337458 -0.706985
    outer loop
      vertex 31.6307 -16.1167 4
      vertex 27.2798 -15.75 0
      vertex 28.0667 -14.3007 0
    endloop
  endfacet
  facet normal -0.486816 -0.513018 -0.706982
    outer loop
      vertex -21.0776 -23.4091 0
      vertex -25.1023 -25.1023 4
      vertex -22.2739 -22.2739 0
    endloop
  endfacet
  facet normal -0.513018 -0.486816 -0.706982
    outer loop
      vertex -22.2739 -22.2739 0
      vertex -25.1023 -25.1023 4
      vertex -23.4091 -21.0776 0
    endloop
  endfacet
  facet normal 0.705047 -0.0554805 -0.706987
    outer loop
      vertex 35.3055 -3.71076 4
      vertex 31.3274 -3.29265 0
      vertex 35.4513 -1.85793 4
    endloop
  endfacet
  facet normal -0.369522 -0.603009 -0.706989
    outer loop
      vertex -17.75 -30.7439 4
      vertex -19.3347 -29.7728 4
      vertex -17.1561 -26.4181 0
    endloop
  endfacet
  facet normal 0.687693 0.165072 -0.706987
    outer loop
      vertex 34.7242 7.38086 4
      vertex 30.8116 6.54922 0
      vertex 34.2904 9.18808 4
    endloop
  endfacet
  facet normal -0.687696 0.165065 -0.706985
    outer loop
      vertex -30.8116 6.54922 0
      vertex -34.2904 9.18808 4
      vertex -30.4267 8.1528 0
    endloop
  endfacet
  facet normal -0.695384 0.128883 -0.706986
    outer loop
      vertex -30.8116 6.54922 0
      vertex -35.0629 5.55342 4
      vertex -34.7242 7.38086 4
    endloop
  endfacet
  facet normal 0.236077 0.666664 -0.706985
    outer loop
      vertex 11.2886 29.4078 0
      vertex 9.73403 29.9583 0
      vertex 12.7221 33.1421 4
    endloop
  endfacet
  facet normal 0.0923151 -0.701176 -0.706987
    outer loop
      vertex 3.71076 -35.3055 4
      vertex 3.29265 -31.3274 0
      vertex 5.55342 -35.0629 4
    endloop
  endfacet
  facet normal 0.0554805 -0.705047 -0.706987
    outer loop
      vertex 3.71076 -35.3055 4
      vertex 1.85793 -35.4513 4
      vertex 3.29265 -31.3274 0
    endloop
  endfacet
  facet normal 0.165072 -0.687693 -0.706987
    outer loop
      vertex 7.38086 -34.7242 4
      vertex 6.54922 -30.8116 0
      vertex 9.18808 -34.2904 4
    endloop
  endfacet
  facet normal -0.337458 -0.621525 -0.706985
    outer loop
      vertex -14.3007 -28.0667 0
      vertex -16.1167 -31.6307 4
      vertex -15.75 -27.2798 0
    endloop
  endfacet
  facet normal 0.0922889 -0.701186 -0.706981
    outer loop
      vertex 5.55342 -35.0629 4
      vertex 3.29265 -31.3274 0
      vertex 4.92768 -31.1122 0
    endloop
  endfacet
  facet normal -0.430526 -0.561084 -0.706988
    outer loop
      vertex -20.8664 -28.7201 4
      vertex -22.3409 -27.5887 4
      vertex -19.8236 -24.4801 0
    endloop
  endfacet
  facet normal -0.705049 -0.0554924 -0.706984
    outer loop
      vertex -31.3274 -3.29265 0
      vertex -35.4513 -1.85793 4
      vertex -31.4568 -1.64858 0
    endloop
  endfacet
  facet normal -0.666666 -0.236073 -0.706984
    outer loop
      vertex -33.1421 -12.7221 4
      vertex -33.7625 -10.9701 4
      vertex -29.9583 -9.73403 0
    endloop
  endfacet
  facet normal -0.430511 -0.561092 -0.706991
    outer loop
      vertex -18.5152 -25.484 0
      vertex -20.8664 -28.7201 4
      vertex -19.8236 -24.4801 0
    endloop
  endfacet
  facet normal 0.165072 0.687693 -0.706987
    outer loop
      vertex 9.18808 34.2904 4
      vertex 6.54922 30.8116 0
      vertex 7.38086 34.7242 4
    endloop
  endfacet
  facet normal -0.304491 0.63832 -0.706989
    outer loop
      vertex -12.8122 28.7767 0
      vertex -16.1167 31.6307 4
      vertex -14.4392 32.4309 4
    endloop
  endfacet
  facet normal -0.165065 0.687696 -0.706985
    outer loop
      vertex -8.1528 30.4267 0
      vertex -9.18808 34.2904 4
      vertex -6.54922 30.8116 0
    endloop
  endfacet
  facet normal -0.236073 0.666666 -0.706984
    outer loop
      vertex -9.73403 29.9583 0
      vertex -12.7221 33.1421 4
      vertex -10.9701 33.7625 4
    endloop
  endfacet
  facet normal -0.653397 -0.270628 -0.706989
    outer loop
      vertex -32.4309 -14.4392 4
      vertex -33.1421 -12.7221 4
      vertex -28.7767 -12.8122 0
    endloop
  endfacet
  facet normal -0.603009 -0.369522 -0.706989
    outer loop
      vertex -29.7728 -19.3347 4
      vertex -30.7439 -17.75 4
      vertex -26.4181 -17.1561 0
    endloop
  endfacet
  facet normal 0.701176 0.0923151 -0.706987
    outer loop
      vertex 35.3055 3.71076 4
      vertex 31.3274 3.29265 0
      vertex 35.0629 5.55342 4
    endloop
  endfacet
  facet normal 0.236073 0.666666 -0.706984
    outer loop
      vertex 12.7221 33.1421 4
      vertex 9.73403 29.9583 0
      vertex 10.9701 33.7625 4
    endloop
  endfacet
  facet normal -0.270646 -0.653394 -0.706985
    outer loop
      vertex -12.7221 -33.1421 4
      vertex -12.8122 -28.7767 0
      vertex -11.2886 -29.4078 0
    endloop
  endfacet
  facet normal 0.603009 -0.369522 -0.706989
    outer loop
      vertex 29.7728 -19.3347 4
      vertex 26.4181 -17.1561 0
      vertex 30.7439 -17.75 4
    endloop
  endfacet
  facet normal 0.666666 0.236073 -0.706984
    outer loop
      vertex 33.7625 10.9701 4
      vertex 29.9583 9.73403 0
      vertex 33.1421 12.7221 4
    endloop
  endfacet
  facet normal -0.459332 0.537758 -0.706987
    outer loop
      vertex -19.8236 24.4801 0
      vertex -23.7541 26.3816 4
      vertex -22.3409 27.5887 4
    endloop
  endfacet
  facet normal 0.128883 -0.695384 -0.706986
    outer loop
      vertex 7.38086 -34.7242 4
      vertex 5.55342 -35.0629 4
      vertex 6.54922 -30.8116 0
    endloop
  endfacet
  facet normal 0.270646 0.653394 -0.706985
    outer loop
      vertex 12.8122 28.7767 0
      vertex 11.2886 29.4078 0
      vertex 12.7221 33.1421 4
    endloop
  endfacet
  facet normal 0.459332 0.537758 -0.706987
    outer loop
      vertex 23.7541 26.3816 4
      vertex 19.8236 24.4801 0
      vertex 22.3409 27.5887 4
    endloop
  endfacet
  facet normal -0.705049 0.0554924 -0.706984
    outer loop
      vertex -31.4568 1.64858 0
      vertex -35.4513 1.85793 4
      vertex -31.3274 3.29265 0
    endloop
  endfacet
  facet normal 0.653397 0.270628 -0.706989
    outer loop
      vertex 33.1421 12.7221 4
      vertex 28.7767 12.8122 0
      vertex 32.4309 14.4392 4
    endloop
  endfacet
  facet normal 0.603003 -0.369538 -0.706985
    outer loop
      vertex 30.7439 -17.75 4
      vertex 26.4181 -17.1561 0
      vertex 27.2798 -15.75 0
    endloop
  endfacet
  facet normal -0.0185261 -0.706987 -0.706984
    outer loop
      vertex 0 -31.5 0
      vertex -1.85793 -35.4513 4
      vertex -1.64858 -31.4568 0
    endloop
  endfacet
  facet normal -0.687696 -0.165065 -0.706985
    outer loop
      vertex -30.4267 -8.1528 0
      vertex -34.2904 -9.18808 4
      vertex -30.8116 -6.54922 0
    endloop
  endfacet
  facet normal -0.430526 0.561084 -0.706988
    outer loop
      vertex -19.8236 24.4801 0
      vertex -22.3409 27.5887 4
      vertex -20.8664 28.7201 4
    endloop
  endfacet
  facet normal 0.200871 0.678104 -0.706984
    outer loop
      vertex 9.73403 29.9583 0
      vertex 8.1528 30.4267 0
      vertex 10.9701 33.7625 4
    endloop
  endfacet
  facet normal -0.0923151 0.701176 -0.706987
    outer loop
      vertex -3.29265 31.3274 0
      vertex -5.55342 35.0629 4
      vertex -3.71076 35.3055 4
    endloop
  endfacet
  facet normal -0.653394 -0.270646 -0.706985
    outer loop
      vertex -28.7767 -12.8122 0
      vertex -33.1421 -12.7221 4
      vertex -29.4078 -11.2886 0
    endloop
  endfacet
  facet normal 0.486816 0.513018 -0.706982
    outer loop
      vertex 22.2739 22.2739 0
      vertex 21.0776 23.4091 0
      vertex 25.1023 25.1023 4
    endloop
  endfacet
  facet normal -0.666666 0.236073 -0.706984
    outer loop
      vertex -29.9583 9.73403 0
      vertex -33.7625 10.9701 4
      vertex -33.1421 12.7221 4
    endloop
  endfacet
  facet normal 0.582844 -0.400574 -0.706989
    outer loop
      vertex 28.7201 -20.8664 4
      vertex 26.4181 -17.1561 0
      vertex 29.7728 -19.3347 4
    endloop
  endfacet
  facet normal 0.653397 -0.270628 -0.706989
    outer loop
      vertex 32.4309 -14.4392 4
      vertex 28.7767 -12.8122 0
      vertex 33.1421 -12.7221 4
    endloop
  endfacet
  facet normal 0.63832 -0.304491 -0.706989
    outer loop
      vertex 31.6307 -16.1167 4
      vertex 28.7767 -12.8122 0
      vertex 32.4309 -14.4392 4
    endloop
  endfacet
  facet normal 0.513027 -0.486809 -0.706979
    outer loop
      vertex 25.1023 -25.1023 4
      vertex 23.4091 -21.0776 0
      vertex 26.3816 -23.7541 4
    endloop
  endfacet
  facet normal -0.459308 -0.537789 -0.706979
    outer loop
      vertex -19.8236 -24.4801 0
      vertex -23.7541 -26.3816 4
      vertex -21.0776 -23.4091 0
    endloop
  endfacet
  facet normal -0.236073 -0.666666 -0.706984
    outer loop
      vertex -10.9701 -33.7625 4
      vertex -12.7221 -33.1421 4
      vertex -9.73403 -29.9583 0
    endloop
  endfacet
  facet normal 0.582837 -0.40058 -0.706991
    outer loop
      vertex 28.7201 -20.8664 4
      vertex 25.484 -18.5152 0
      vertex 26.4181 -17.1561 0
    endloop
  endfacet
  facet normal -0.40058 -0.582837 -0.706991
    outer loop
      vertex -17.1561 -26.4181 0
      vertex -20.8664 -28.7201 4
      vertex -18.5152 -25.484 0
    endloop
  endfacet
  facet normal -0.582837 0.40058 -0.706991
    outer loop
      vertex -26.4181 17.1561 0
      vertex -28.7201 20.8664 4
      vertex -25.484 18.5152 0
    endloop
  endfacet
  facet normal -0.561092 0.430511 -0.706991
    outer loop
      vertex -25.484 18.5152 0
      vertex -28.7201 20.8664 4
      vertex -24.4801 19.8236 0
    endloop
  endfacet
  facet normal -0.12891 -0.695385 -0.706981
    outer loop
      vertex -5.55342 -35.0629 4
      vertex -6.54922 -30.8116 0
      vertex -4.92768 -31.1122 0
    endloop
  endfacet
  facet normal -0.63833 -0.304477 -0.706985
    outer loop
      vertex -28.0667 -14.3007 0
      vertex -31.6307 -16.1167 4
      vertex -28.7767 -12.8122 0
    endloop
  endfacet
  facet normal 0.0554805 0.705047 -0.706987
    outer loop
      vertex 3.29265 31.3274 0
      vertex 1.85793 35.4513 4
      vertex 3.71076 35.3055 4
    endloop
  endfacet
  facet normal 0.430511 0.561092 -0.706991
    outer loop
      vertex 19.8236 24.4801 0
      vertex 18.5152 25.484 0
      vertex 20.8664 28.7201 4
    endloop
  endfacet
  facet normal 0.337458 0.621525 -0.706985
    outer loop
      vertex 15.75 27.2798 0
      vertex 14.3007 28.0667 0
      vertex 16.1167 31.6307 4
    endloop
  endfacet
  facet normal -0.513027 -0.486809 -0.706979
    outer loop
      vertex -25.1023 -25.1023 4
      vertex -26.3816 -23.7541 4
      vertex -23.4091 -21.0776 0
    endloop
  endfacet
  facet normal 0.369522 0.603009 -0.706989
    outer loop
      vertex 19.3347 29.7728 4
      vertex 17.1561 26.4181 0
      vertex 17.75 30.7439 4
    endloop
  endfacet
  facet normal -0.653397 0.270628 -0.706989
    outer loop
      vertex -28.7767 12.8122 0
      vertex -33.1421 12.7221 4
      vertex -32.4309 14.4392 4
    endloop
  endfacet
  facet normal -0.537758 0.459332 -0.706987
    outer loop
      vertex -24.4801 19.8236 0
      vertex -27.5887 22.3409 4
      vertex -26.3816 23.7541 4
    endloop
  endfacet
  facet normal -0.701176 0.0923151 -0.706987
    outer loop
      vertex -31.3274 3.29265 0
      vertex -35.3055 3.71076 4
      vertex -35.0629 5.55342 4
    endloop
  endfacet
  facet normal -0.459332 -0.537758 -0.706987
    outer loop
      vertex -22.3409 -27.5887 4
      vertex -23.7541 -26.3816 4
      vertex -19.8236 -24.4801 0
    endloop
  endfacet
  facet normal -0.200878 0.6781 -0.706985
    outer loop
      vertex -8.1528 30.4267 0
      vertex -10.9701 33.7625 4
      vertex -9.18808 34.2904 4
    endloop
  endfacet
  facet normal 0.0922889 0.701186 -0.706981
    outer loop
      vertex 4.92768 31.1122 0
      vertex 3.29265 31.3274 0
      vertex 5.55342 35.0629 4
    endloop
  endfacet
  facet normal -0.0185315 -0.706985 -0.706985
    outer loop
      vertex 0 -35.5 4
      vertex -1.85793 -35.4513 4
      vertex 0 -31.5 0
    endloop
  endfacet
  facet normal 0.513027 0.486809 -0.706979
    outer loop
      vertex 26.3816 23.7541 4
      vertex 23.4091 21.0776 0
      vertex 25.1023 25.1023 4
    endloop
  endfacet
  facet normal -0.430511 0.561092 -0.706991
    outer loop
      vertex -19.8236 24.4801 0
      vertex -20.8664 28.7201 4
      vertex -18.5152 25.484 0
    endloop
  endfacet
  facet normal -0.706987 -0.0185261 -0.706984
    outer loop
      vertex -31.4568 -1.64858 0
      vertex -35.4513 -1.85793 4
      vertex -31.5 0 0
    endloop
  endfacet
  facet normal 0.561092 -0.430511 -0.706991
    outer loop
      vertex 28.7201 -20.8664 4
      vertex 24.4801 -19.8236 0
      vertex 25.484 -18.5152 0
    endloop
  endfacet
  facet normal -0.304491 -0.63832 -0.706989
    outer loop
      vertex -14.4392 -32.4309 4
      vertex -16.1167 -31.6307 4
      vertex -12.8122 -28.7767 0
    endloop
  endfacet
  facet normal 0.537789 -0.459308 -0.706979
    outer loop
      vertex 26.3816 -23.7541 4
      vertex 23.4091 -21.0776 0
      vertex 24.4801 -19.8236 0
    endloop
  endfacet
  facet normal 0.486809 -0.513027 -0.706979
    outer loop
      vertex 23.7541 -26.3816 4
      vertex 21.0776 -23.4091 0
      vertex 25.1023 -25.1023 4
    endloop
  endfacet
  facet normal -0.236077 -0.666664 -0.706985
    outer loop
      vertex -9.73403 -29.9583 0
      vertex -12.7221 -33.1421 4
      vertex -11.2886 -29.4078 0
    endloop
  endfacet
  facet normal -0.561084 -0.430526 -0.706988
    outer loop
      vertex -27.5887 -22.3409 4
      vertex -28.7201 -20.8664 4
      vertex -24.4801 -19.8236 0
    endloop
  endfacet
  facet normal 0.621525 0.337458 -0.706985
    outer loop
      vertex 28.0667 14.3007 0
      vertex 27.2798 15.75 0
      vertex 31.6307 16.1167 4
    endloop
  endfacet
  facet normal 0.537758 0.459332 -0.706987
    outer loop
      vertex 27.5887 22.3409 4
      vertex 24.4801 19.8236 0
      vertex 26.3816 23.7541 4
    endloop
  endfacet
  facet normal -0.695385 0.12891 -0.706981
    outer loop
      vertex -31.1122 4.92768 0
      vertex -35.0629 5.55342 4
      vertex -30.8116 6.54922 0
    endloop
  endfacet
  facet normal 0.40058 0.582837 -0.706991
    outer loop
      vertex 18.5152 25.484 0
      vertex 17.1561 26.4181 0
      vertex 20.8664 28.7201 4
    endloop
  endfacet
  facet normal -0.337457 0.621526 -0.706985
    outer loop
      vertex -15.75 27.2798 0
      vertex -17.75 30.7439 4
      vertex -16.1167 31.6307 4
    endloop
  endfacet
  facet normal -0.0922889 -0.701186 -0.706981
    outer loop
      vertex -3.29265 -31.3274 0
      vertex -5.55342 -35.0629 4
      vertex -4.92768 -31.1122 0
    endloop
  endfacet
  facet normal -0.6781 0.200878 -0.706985
    outer loop
      vertex -30.4267 8.1528 0
      vertex -34.2904 9.18808 4
      vertex -33.7625 10.9701 4
    endloop
  endfacet
  facet normal 0.369538 0.603003 -0.706985
    outer loop
      vertex 17.1561 26.4181 0
      vertex 15.75 27.2798 0
      vertex 17.75 30.7439 4
    endloop
  endfacet
  facet normal -0.0185261 0.706987 -0.706984
    outer loop
      vertex -1.64858 31.4568 0
      vertex -1.85793 35.4513 4
      vertex 0 31.5 0
    endloop
  endfacet
  facet normal -0.0554924 0.705049 -0.706984
    outer loop
      vertex -1.64858 31.4568 0
      vertex -3.29265 31.3274 0
      vertex -1.85793 35.4513 4
    endloop
  endfacet
  facet normal -0.63832 -0.304491 -0.706989
    outer loop
      vertex -31.6307 -16.1167 4
      vertex -32.4309 -14.4392 4
      vertex -28.7767 -12.8122 0
    endloop
  endfacet
  facet normal 0.537789 0.459308 -0.706979
    outer loop
      vertex 24.4801 19.8236 0
      vertex 23.4091 21.0776 0
      vertex 26.3816 23.7541 4
    endloop
  endfacet
  facet normal -0.621525 -0.337458 -0.706985
    outer loop
      vertex -27.2798 -15.75 0
      vertex -31.6307 -16.1167 4
      vertex -28.0667 -14.3007 0
    endloop
  endfacet
  facet normal -0.666664 -0.236077 -0.706985
    outer loop
      vertex -29.4078 -11.2886 0
      vertex -33.1421 -12.7221 4
      vertex -29.9583 -9.73403 0
    endloop
  endfacet
  facet normal -0.0923151 -0.701176 -0.706987
    outer loop
      vertex -3.71076 -35.3055 4
      vertex -5.55342 -35.0629 4
      vertex -3.29265 -31.3274 0
    endloop
  endfacet
  facet normal 0.270628 0.653397 -0.706989
    outer loop
      vertex 12.8122 28.7767 0
      vertex 12.7221 33.1421 4
      vertex 14.4392 32.4309 4
    endloop
  endfacet
  facet normal 0.400574 0.582844 -0.706989
    outer loop
      vertex 20.8664 28.7201 4
      vertex 17.1561 26.4181 0
      vertex 19.3347 29.7728 4
    endloop
  endfacet
  facet normal -0.400574 -0.582844 -0.706989
    outer loop
      vertex -19.3347 -29.7728 4
      vertex -20.8664 -28.7201 4
      vertex -17.1561 -26.4181 0
    endloop
  endfacet
  facet normal -0.270628 0.653397 -0.706989
    outer loop
      vertex -12.8122 28.7767 0
      vertex -14.4392 32.4309 4
      vertex -12.7221 33.1421 4
    endloop
  endfacet
  facet normal 0.459308 0.537789 -0.706979
    outer loop
      vertex 21.0776 23.4091 0
      vertex 19.8236 24.4801 0
      vertex 23.7541 26.3816 4
    endloop
  endfacet
  facet normal -0.706985 0.0185315 -0.706985
    outer loop
      vertex -31.5 0 0
      vertex -35.5 0 4
      vertex -35.4513 1.85793 4
    endloop
  endfacet
  facet normal -0.304477 0.63833 -0.706985
    outer loop
      vertex -14.3007 28.0667 0
      vertex -16.1167 31.6307 4
      vertex -12.8122 28.7767 0
    endloop
  endfacet
  facet normal -0.165065 -0.687696 -0.706985
    outer loop
      vertex -6.54922 -30.8116 0
      vertex -9.18808 -34.2904 4
      vertex -8.1528 -30.4267 0
    endloop
  endfacet
  facet normal -0.695385 -0.12891 -0.706981
    outer loop
      vertex -30.8116 -6.54922 0
      vertex -35.0629 -5.55342 4
      vertex -31.1122 -4.92768 0
    endloop
  endfacet
  facet normal -0.706985 -0.0185315 -0.706985
    outer loop
      vertex -35.4513 -1.85793 4
      vertex -35.5 0 4
      vertex -31.5 0 0
    endloop
  endfacet
  facet normal -0.200878 -0.6781 -0.706985
    outer loop
      vertex -9.18808 -34.2904 4
      vertex -10.9701 -33.7625 4
      vertex -8.1528 -30.4267 0
    endloop
  endfacet
  facet normal 0.582837 0.40058 -0.706991
    outer loop
      vertex 26.4181 17.1561 0
      vertex 25.484 18.5152 0
      vertex 28.7201 20.8664 4
    endloop
  endfacet
  facet normal 0.0185315 0.706985 -0.706985
    outer loop
      vertex 1.85793 35.4513 4
      vertex 0 31.5 0
      vertex 0 35.5 4
    endloop
  endfacet
  facet normal -0.653394 0.270646 -0.706985
    outer loop
      vertex -29.4078 11.2886 0
      vertex -33.1421 12.7221 4
      vertex -28.7767 12.8122 0
    endloop
  endfacet
  facet normal -0.705047 0.0554805 -0.706987
    outer loop
      vertex -31.3274 3.29265 0
      vertex -35.4513 1.85793 4
      vertex -35.3055 3.71076 4
    endloop
  endfacet
  facet normal -0.369522 0.603009 -0.706989
    outer loop
      vertex -17.1561 26.4181 0
      vertex -19.3347 29.7728 4
      vertex -17.75 30.7439 4
    endloop
  endfacet
  facet normal 0.687696 0.165065 -0.706985
    outer loop
      vertex 30.8116 6.54922 0
      vertex 30.4267 8.1528 0
      vertex 34.2904 9.18808 4
    endloop
  endfacet
  facet normal 0.561092 0.430511 -0.706991
    outer loop
      vertex 25.484 18.5152 0
      vertex 24.4801 19.8236 0
      vertex 28.7201 20.8664 4
    endloop
  endfacet
  facet normal -0.12891 0.695385 -0.706981
    outer loop
      vertex -4.92768 31.1122 0
      vertex -6.54922 30.8116 0
      vertex -5.55342 35.0629 4
    endloop
  endfacet
  facet normal -0.666664 0.236077 -0.706985
    outer loop
      vertex -29.9583 9.73403 0
      vertex -33.1421 12.7221 4
      vertex -29.4078 11.2886 0
    endloop
  endfacet
  facet normal -0.337458 0.621525 -0.706985
    outer loop
      vertex -15.75 27.2798 0
      vertex -16.1167 31.6307 4
      vertex -14.3007 28.0667 0
    endloop
  endfacet
  facet normal 0.165065 0.687696 -0.706985
    outer loop
      vertex 8.1528 30.4267 0
      vertex 6.54922 30.8116 0
      vertex 9.18808 34.2904 4
    endloop
  endfacet
  facet normal -0.486809 0.513027 -0.706979
    outer loop
      vertex -21.0776 23.4091 0
      vertex -25.1023 25.1023 4
      vertex -23.7541 26.3816 4
    endloop
  endfacet
  facet normal 0.430526 0.561084 -0.706988
    outer loop
      vertex 22.3409 27.5887 4
      vertex 19.8236 24.4801 0
      vertex 20.8664 28.7201 4
    endloop
  endfacet
  facet normal 0.304477 0.63833 -0.706985
    outer loop
      vertex 14.3007 28.0667 0
      vertex 12.8122 28.7767 0
      vertex 16.1167 31.6307 4
    endloop
  endfacet
  facet normal 0.621526 0.337457 -0.706985
    outer loop
      vertex 31.6307 16.1167 4
      vertex 27.2798 15.75 0
      vertex 30.7439 17.75 4
    endloop
  endfacet
  facet normal 0.63833 0.304477 -0.706985
    outer loop
      vertex 28.7767 12.8122 0
      vertex 28.0667 14.3007 0
      vertex 31.6307 16.1167 4
    endloop
  endfacet
  facet normal 0.695384 0.128883 -0.706986
    outer loop
      vertex 35.0629 5.55342 4
      vertex 30.8116 6.54922 0
      vertex 34.7242 7.38086 4
    endloop
  endfacet
  facet normal -0.0185315 0.706985 -0.706985
    outer loop
      vertex 0 31.5 0
      vertex -1.85793 35.4513 4
      vertex 0 35.5 4
    endloop
  endfacet
  facet normal 0.582844 0.400574 -0.706989
    outer loop
      vertex 29.7728 19.3347 4
      vertex 26.4181 17.1561 0
      vertex 28.7201 20.8664 4
    endloop
  endfacet
  facet normal 0.369522 -0.603009 -0.706989
    outer loop
      vertex 17.75 -30.7439 4
      vertex 17.1561 -26.4181 0
      vertex 19.3347 -29.7728 4
    endloop
  endfacet
  facet normal 0.369538 -0.603003 -0.706985
    outer loop
      vertex 17.75 -30.7439 4
      vertex 15.75 -27.2798 0
      vertex 17.1561 -26.4181 0
    endloop
  endfacet
  facet normal -0.304477 -0.63833 -0.706985
    outer loop
      vertex -12.8122 -28.7767 0
      vertex -16.1167 -31.6307 4
      vertex -14.3007 -28.0667 0
    endloop
  endfacet
  facet normal 0.0185261 0.706987 -0.706984
    outer loop
      vertex 1.64858 31.4568 0
      vertex 0 31.5 0
      vertex 1.85793 35.4513 4
    endloop
  endfacet
  facet normal -0.621526 0.337457 -0.706985
    outer loop
      vertex -27.2798 15.75 0
      vertex -31.6307 16.1167 4
      vertex -30.7439 17.75 4
    endloop
  endfacet
  facet normal -0.603003 0.369538 -0.706985
    outer loop
      vertex -27.2798 15.75 0
      vertex -30.7439 17.75 4
      vertex -26.4181 17.1561 0
    endloop
  endfacet
  facet normal 0.603009 0.369522 -0.706989
    outer loop
      vertex 30.7439 17.75 4
      vertex 26.4181 17.1561 0
      vertex 29.7728 19.3347 4
    endloop
  endfacet
  facet normal -0.701186 0.0922889 -0.706981
    outer loop
      vertex -31.3274 3.29265 0
      vertex -35.0629 5.55342 4
      vertex -31.1122 4.92768 0
    endloop
  endfacet
  facet normal -0.236077 0.666664 -0.706985
    outer loop
      vertex -11.2886 29.4078 0
      vertex -12.7221 33.1421 4
      vertex -9.73403 29.9583 0
    endloop
  endfacet
  facet normal 0.701186 0.0922889 -0.706981
    outer loop
      vertex 31.3274 3.29265 0
      vertex 31.1122 4.92768 0
      vertex 35.0629 5.55342 4
    endloop
  endfacet
  facet normal 0.0554924 0.705049 -0.706984
    outer loop
      vertex 3.29265 31.3274 0
      vertex 1.64858 31.4568 0
      vertex 1.85793 35.4513 4
    endloop
  endfacet
  facet normal -0.687693 0.165072 -0.706987
    outer loop
      vertex -30.8116 6.54922 0
      vertex -34.7242 7.38086 4
      vertex -34.2904 9.18808 4
    endloop
  endfacet
  facet normal 0.561084 0.430526 -0.706988
    outer loop
      vertex 28.7201 20.8664 4
      vertex 24.4801 19.8236 0
      vertex 27.5887 22.3409 4
    endloop
  endfacet
  facet normal 0.603003 0.369538 -0.706985
    outer loop
      vertex 27.2798 15.75 0
      vertex 26.4181 17.1561 0
      vertex 30.7439 17.75 4
    endloop
  endfacet
  facet normal 0.63832 0.304491 -0.706989
    outer loop
      vertex 32.4309 14.4392 4
      vertex 28.7767 12.8122 0
      vertex 31.6307 16.1167 4
    endloop
  endfacet
  facet normal 0.666664 0.236077 -0.706985
    outer loop
      vertex 29.9583 9.73403 0
      vertex 29.4078 11.2886 0
      vertex 33.1421 12.7221 4
    endloop
  endfacet
  facet normal -0.582837 -0.40058 -0.706991
    outer loop
      vertex -25.484 -18.5152 0
      vertex -28.7201 -20.8664 4
      vertex -26.4181 -17.1561 0
    endloop
  endfacet
  facet normal -0.603003 -0.369538 -0.706985
    outer loop
      vertex -26.4181 -17.1561 0
      vertex -30.7439 -17.75 4
      vertex -27.2798 -15.75 0
    endloop
  endfacet
  facet normal 0.0923151 0.701176 -0.706987
    outer loop
      vertex 5.55342 35.0629 4
      vertex 3.29265 31.3274 0
      vertex 3.71076 35.3055 4
    endloop
  endfacet
  facet normal -0.706987 0.0185261 -0.706984
    outer loop
      vertex -31.5 0 0
      vertex -35.4513 1.85793 4
      vertex -31.4568 1.64858 0
    endloop
  endfacet
  facet normal 0.200878 0.6781 -0.706985
    outer loop
      vertex 10.9701 33.7625 4
      vertex 8.1528 30.4267 0
      vertex 9.18808 34.2904 4
    endloop
  endfacet
  facet normal 0.513018 0.486816 -0.706982
    outer loop
      vertex 23.4091 21.0776 0
      vertex 22.2739 22.2739 0
      vertex 25.1023 25.1023 4
    endloop
  endfacet
  facet normal 0.678104 0.200871 -0.706984
    outer loop
      vertex 30.4267 8.1528 0
      vertex 29.9583 9.73403 0
      vertex 33.7625 10.9701 4
    endloop
  endfacet
  facet normal 0.6781 0.200878 -0.706985
    outer loop
      vertex 34.2904 9.18808 4
      vertex 30.4267 8.1528 0
      vertex 33.7625 10.9701 4
    endloop
  endfacet
  facet normal 0.653394 0.270646 -0.706985
    outer loop
      vertex 29.4078 11.2886 0
      vertex 28.7767 12.8122 0
      vertex 33.1421 12.7221 4
    endloop
  endfacet
  facet normal 0 0 -1
    outer loop
      vertex 31.4568 -1.64858 0
      vertex 31.4568 1.64858 0
      vertex 31.5 0 0
    endloop
  endfacet
  facet normal 0 0 -1
    outer loop
      vertex 31.3274 -3.29265 0
      vertex 31.4568 1.64858 0
      vertex 31.4568 -1.64858 0
    endloop
  endfacet
  facet normal 0 0 -1
    outer loop
      vertex 31.3274 -3.29265 0
      vertex 31.3274 3.29265 0
      vertex 31.4568 1.64858 0
    endloop
  endfacet
  facet normal 0 0 -1
    outer loop
      vertex 31.1122 -4.92768 0
      vertex 31.3274 3.29265 0
      vertex 31.3274 -3.29265 0
    endloop
  endfacet
  facet normal 0 0 -1
    outer loop
      vertex 31.1122 -4.92768 0
      vertex 31.1122 4.92768 0
      vertex 31.3274 3.29265 0
    endloop
  endfacet
  facet normal 0 0 -1
    outer loop
      vertex 30.8116 -6.54922 0
      vertex 31.1122 4.92768 0
      vertex 31.1122 -4.92768 0
    endloop
  endfacet
  facet normal 0 0 -1
    outer loop
      vertex 30.8116 -6.54922 0
      vertex 30.8116 6.54922 0
      vertex 31.1122 4.92768 0
    endloop
  endfacet
  facet normal 0 0 -1
    outer loop
      vertex 30.4267 -8.1528 0
      vertex 30.8116 6.54922 0
      vertex 30.8116 -6.54922 0
    endloop
  endfacet
  facet normal 0 0 -1
    outer loop
      vertex 30.4267 -8.1528 0
      vertex 30.4267 8.1528 0
      vertex 30.8116 6.54922 0
    endloop
  endfacet
  facet normal 0 0 -1
    outer loop
      vertex 29.9583 -9.73403 0
      vertex 30.4267 8.1528 0
      vertex 30.4267 -8.1528 0
    endloop
  endfacet
  facet normal 0 0 -1
    outer loop
      vertex 29.9583 -9.73403 0
      vertex 29.9583 9.73403 0
      vertex 30.4267 8.1528 0
    endloop
  endfacet
  facet normal 0 0 -1
    outer loop
      vertex 29.4078 -11.2886 0
      vertex 29.9583 9.73403 0
      vertex 29.9583 -9.73403 0
    endloop
  endfacet
  facet normal 0 0 -1
    outer loop
      vertex 29.4078 -11.2886 0
      vertex 29.4078 11.2886 0
      vertex 29.9583 9.73403 0
    endloop
  endfacet
  facet normal 0 0 -1
    outer loop
      vertex 28.7767 -12.8122 0
      vertex 29.4078 11.2886 0
      vertex 29.4078 -11.2886 0
    endloop
  endfacet
  facet normal 0 0 -1
    outer loop
      vertex 28.7767 -12.8122 0
      vertex 28.7767 12.8122 0
      vertex 29.4078 11.2886 0
    endloop
  endfacet
  facet normal 0 0 -1
    outer loop
      vertex 28.0667 -14.3007 0
      vertex 28.7767 12.8122 0
      vertex 28.7767 -12.8122 0
    endloop
  endfacet
  facet normal 0 0 -1
    outer loop
      vertex 28.0667 -14.3007 0
      vertex 28.0667 14.3007 0
      vertex 28.7767 12.8122 0
    endloop
  endfacet
  facet normal 0 0 -1
    outer loop
      vertex 27.2798 -15.75 0
      vertex 28.0667 14.3007 0
      vertex 28.0667 -14.3007 0
    endloop
  endfacet
  facet normal 0 0 -1
    outer loop
      vertex 27.2798 -15.75 0
      vertex 27.2798 15.75 0
      vertex 28.0667 14.3007 0
    endloop
  endfacet
  facet normal 0 0 -1
    outer loop
      vertex 26.4181 -17.1561 0
      vertex 27.2798 15.75 0
      vertex 27.2798 -15.75 0
    endloop
  endfacet
  facet normal 0 0 -1
    outer loop
      vertex 26.4181 -17.1561 0
      vertex 26.4181 17.1561 0
      vertex 27.2798 15.75 0
    endloop
  endfacet
  facet normal 0 0 -1
    outer loop
      vertex 25.484 -18.5152 0
      vertex 26.4181 17.1561 0
      vertex 26.4181 -17.1561 0
    endloop
  endfacet
  facet normal 0 0 -1
    outer loop
      vertex 25.484 -18.5152 0
      vertex 25.484 18.5152 0
      vertex 26.4181 17.1561 0
    endloop
  endfacet
  facet normal 0 0 -1
    outer loop
      vertex 24.4801 -19.8236 0
      vertex 25.484 18.5152 0
      vertex 25.484 -18.5152 0
    endloop
  endfacet
  facet normal 0 0 -1
    outer loop
      vertex 24.4801 -19.8236 0
      vertex 24.4801 19.8236 0
      vertex 25.484 18.5152 0
    endloop
  endfacet
  facet normal 0 0 -1
    outer loop
      vertex 23.4091 -21.0776 0
      vertex 24.4801 19.8236 0
      vertex 24.4801 -19.8236 0
    endloop
  endfacet
  facet normal 0 0 -1
    outer loop
      vertex 23.4091 -21.0776 0
      vertex 23.4091 21.0776 0
      vertex 24.4801 19.8236 0
    endloop
  endfacet
  facet normal 0 0 -1
    outer loop
      vertex 22.2739 -22.2739 0
      vertex 23.4091 21.0776 0
      vertex 23.4091 -21.0776 0
    endloop
  endfacet
  facet normal 0 0 -1
    outer loop
      vertex 22.2739 -22.2739 0
      vertex 22.2739 22.2739 0
      vertex 23.4091 21.0776 0
    endloop
  endfacet
  facet normal 0 0 -1
    outer loop
      vertex 21.0776 -23.4091 0
      vertex 22.2739 22.2739 0
      vertex 22.2739 -22.2739 0
    endloop
  endfacet
  facet normal 0 0 -1
    outer loop
      vertex 21.0776 -23.4091 0
      vertex 21.0776 23.4091 0
      vertex 22.2739 22.2739 0
    endloop
  endfacet
  facet normal 0 0 -1
    outer loop
      vertex 19.8236 -24.4801 0
      vertex 21.0776 23.4091 0
      vertex 21.0776 -23.4091 0
    endloop
  endfacet
  facet normal 0 0 -1
    outer loop
      vertex 19.8236 -24.4801 0
      vertex 19.8236 24.4801 0
      vertex 21.0776 23.4091 0
    endloop
  endfacet
  facet normal 0 0 -1
    outer loop
      vertex 18.5152 -25.484 0
      vertex 19.8236 24.4801 0
      vertex 19.8236 -24.4801 0
    endloop
  endfacet
  facet normal 0 0 -1
    outer loop
      vertex 18.5152 -25.484 0
      vertex 18.5152 25.484 0
      vertex 19.8236 24.4801 0
    endloop
  endfacet
  facet normal 0 0 -1
    outer loop
      vertex 17.1561 -26.4181 0
      vertex 18.5152 25.484 0
      vertex 18.5152 -25.484 0
    endloop
  endfacet
  facet normal 0 0 -1
    outer loop
      vertex 17.1561 -26.4181 0
      vertex 17.1561 26.4181 0
      vertex 18.5152 25.484 0
    endloop
  endfacet
  facet normal 0 0 -1
    outer loop
      vertex 15.75 -27.2798 0
      vertex 17.1561 26.4181 0
      vertex 17.1561 -26.4181 0
    endloop
  endfacet
  facet normal 0 0 -1
    outer loop
      vertex 15.75 -27.2798 0
      vertex 15.75 27.2798 0
      vertex 17.1561 26.4181 0
    endloop
  endfacet
  facet normal 0 0 -1
    outer loop
      vertex 14.3007 -28.0667 0
      vertex 15.75 27.2798 0
      vertex 15.75 -27.2798 0
    endloop
  endfacet
  facet normal 0 0 -1
    outer loop
      vertex 14.3007 -28.0667 0
      vertex 14.3007 28.0667 0
      vertex 15.75 27.2798 0
    endloop
  endfacet
  facet normal 0 0 -1
    outer loop
      vertex 12.8122 -28.7767 0
      vertex 14.3007 28.0667 0
      vertex 14.3007 -28.0667 0
    endloop
  endfacet
  facet normal 0 0 -1
    outer loop
      vertex 12.8122 -28.7767 0
      vertex 12.8122 28.7767 0
      vertex 14.3007 28.0667 0
    endloop
  endfacet
  facet normal 0 0 -1
    outer loop
      vertex 11.2886 -29.4078 0
      vertex 12.8122 28.7767 0
      vertex 12.8122 -28.7767 0
    endloop
  endfacet
  facet normal 0 0 -1
    outer loop
      vertex 11.2886 -29.4078 0
      vertex 11.2886 29.4078 0
      vertex 12.8122 28.7767 0
    endloop
  endfacet
  facet normal 0 0 -1
    outer loop
      vertex 9.73403 -29.9583 0
      vertex 11.2886 29.4078 0
      vertex 11.2886 -29.4078 0
    endloop
  endfacet
  facet normal 0 0 -1
    outer loop
      vertex 9.73403 -29.9583 0
      vertex 9.73403 29.9583 0
      vertex 11.2886 29.4078 0
    endloop
  endfacet
  facet normal 0 0 -1
    outer loop
      vertex 8.1528 -30.4267 0
      vertex 9.73403 29.9583 0
      vertex 9.73403 -29.9583 0
    endloop
  endfacet
  facet normal 0 0 -1
    outer loop
      vertex 8.1528 -30.4267 0
      vertex 8.1528 30.4267 0
      vertex 9.73403 29.9583 0
    endloop
  endfacet
  facet normal 0 0 -1
    outer loop
      vertex 6.54922 -30.8116 0
      vertex 8.1528 30.4267 0
      vertex 8.1528 -30.4267 0
    endloop
  endfacet
  facet normal 0 0 -1
    outer loop
      vertex 6.54922 -30.8116 0
      vertex 6.54922 30.8116 0
      vertex 8.1528 30.4267 0
    endloop
  endfacet
  facet normal 0 0 -1
    outer loop
      vertex 4.92768 -31.1122 0
      vertex 6.54922 30.8116 0
      vertex 6.54922 -30.8116 0
    endloop
  endfacet
  facet normal 0 0 -1
    outer loop
      vertex 4.92768 -31.1122 0
      vertex 4.92768 31.1122 0
      vertex 6.54922 30.8116 0
    endloop
  endfacet
  facet normal 0 0 -1
    outer loop
      vertex 3.29265 -31.3274 0
      vertex 4.92768 31.1122 0
      vertex 4.92768 -31.1122 0
    endloop
  endfacet
  facet normal 0 0 -1
    outer loop
      vertex 3.29265 -31.3274 0
      vertex 3.29265 31.3274 0
      vertex 4.92768 31.1122 0
    endloop
  endfacet
  facet normal 0 0 -1
    outer loop
      vertex 1.64858 -31.4568 0
      vertex 3.29265 31.3274 0
      vertex 3.29265 -31.3274 0
    endloop
  endfacet
  facet normal 0 0 -1
    outer loop
      vertex 1.64858 -31.4568 0
      vertex 1.64858 31.4568 0
      vertex 3.29265 31.3274 0
    endloop
  endfacet
  facet normal 0 0 -1
    outer loop
      vertex 0 -31.5 0
      vertex 1.64858 31.4568 0
      vertex 1.64858 -31.4568 0
    endloop
  endfacet
  facet normal 0 0 -1
    outer loop
      vertex 0 -31.5 0
      vertex 0 31.5 0
      vertex 1.64858 31.4568 0
    endloop
  endfacet
  facet normal 0 0 -1
    outer loop
      vertex -1.64858 -31.4568 0
      vertex 0 31.5 0
      vertex 0 -31.5 0
    endloop
  endfacet
  facet normal 0 0 -1
    outer loop
      vertex -1.64858 -31.4568 0
      vertex -1.64858 31.4568 0
      vertex 0 31.5 0
    endloop
  endfacet
  facet normal 0 0 -1
    outer loop
      vertex -3.29265 -31.3274 0
      vertex -1.64858 31.4568 0
      vertex -1.64858 -31.4568 0
    endloop
  endfacet
  facet normal 0 0 -1
    outer loop
      vertex -3.29265 -31.3274 0
      vertex -3.29265 31.3274 0
      vertex -1.64858 31.4568 0
    endloop
  endfacet
  facet normal 0 0 -1
    outer loop
      vertex -4.92768 -31.1122 0
      vertex -3.29265 31.3274 0
      vertex -3.29265 -31.3274 0
    endloop
  endfacet
  facet normal 0 0 -1
    outer loop
      vertex -4.92768 -31.1122 0
      vertex -4.92768 31.1122 0
      vertex -3.29265 31.3274 0
    endloop
  endfacet
  facet normal 0 0 -1
    outer loop
      vertex -6.54922 -30.8116 0
      vertex -4.92768 31.1122 0
      vertex -4.92768 -31.1122 0
    endloop
  endfacet
  facet normal 0 0 -1
    outer loop
      vertex -6.54922 -30.8116 0
      vertex -6.54922 30.8116 0
      vertex -4.92768 31.1122 0
    endloop
  endfacet
  facet normal 0 0 -1
    outer loop
      vertex -8.1528 -30.4267 0
      vertex -6.54922 30.8116 0
      vertex -6.54922 -30.8116 0
    endloop
  endfacet
  facet normal 0 0 -1
    outer loop
      vertex -8.1528 -30.4267 0
      vertex -8.1528 30.4267 0
      vertex -6.54922 30.8116 0
    endloop
  endfacet
  facet normal 0 0 -1
    outer loop
      vertex -9.73403 -29.9583 0
      vertex -8.1528 30.4267 0
      vertex -8.1528 -30.4267 0
    endloop
  endfacet
  facet normal 0 0 -1
    outer loop
      vertex -9.73403 -29.9583 0
      vertex -9.73403 29.9583 0
      vertex -8.1528 30.4267 0
    endloop
  endfacet
  facet normal 0 0 -1
    outer loop
      vertex -11.2886 -29.4078 0
      vertex -9.73403 29.9583 0
      vertex -9.73403 -29.9583 0
    endloop
  endfacet
  facet normal 0 0 -1
    outer loop
      vertex -11.2886 -29.4078 0
      vertex -11.2886 29.4078 0
      vertex -9.73403 29.9583 0
    endloop
  endfacet
  facet normal 0 0 -1
    outer loop
      vertex -12.8122 -28.7767 0
      vertex -11.2886 29.4078 0
      vertex -11.2886 -29.4078 0
    endloop
  endfacet
  facet normal 0 0 -1
    outer loop
      vertex -12.8122 -28.7767 0
      vertex -12.8122 28.7767 0
      vertex -11.2886 29.4078 0
    endloop
  endfacet
  facet normal 0 0 -1
    outer loop
      vertex -14.3007 -28.0667 0
      vertex -12.8122 28.7767 0
      vertex -12.8122 -28.7767 0
    endloop
  endfacet
  facet normal 0 0 -1
    outer loop
      vertex -14.3007 -28.0667 0
      vertex -14.3007 28.0667 0
      vertex -12.8122 28.7767 0
    endloop
  endfacet
  facet normal 0 0 -1
    outer loop
      vertex -15.75 -27.2798 0
      vertex -14.3007 28.0667 0
      vertex -14.3007 -28.0667 0
    endloop
  endfacet
  facet normal 0 0 -1
    outer loop
      vertex -15.75 -27.2798 0
      vertex -15.75 27.2798 0
      vertex -14.3007 28.0667 0
    endloop
  endfacet
  facet normal 0 0 -1
    outer loop
      vertex -17.1561 -26.4181 0
      vertex -15.75 27.2798 0
      vertex -15.75 -27.2798 0
    endloop
  endfacet
  facet normal 0 0 -1
    outer loop
      vertex -17.1561 -26.4181 0
      vertex -17.1561 26.4181 0
      vertex -15.75 27.2798 0
    endloop
  endfacet
  facet normal 0 0 -1
    outer loop
      vertex -18.5152 -25.484 0
      vertex -17.1561 26.4181 0
      vertex -17.1561 -26.4181 0
    endloop
  endfacet
  facet normal 0 0 -1
    outer loop
      vertex -18.5152 -25.484 0
      vertex -18.5152 25.484 0
      vertex -17.1561 26.4181 0
    endloop
  endfacet
  facet normal 0 0 -1
    outer loop
      vertex -19.8236 -24.4801 0
      vertex -18.5152 25.484 0
      vertex -18.5152 -25.484 0
    endloop
  endfacet
  facet normal 0 0 -1
    outer loop
      vertex -19.8236 -24.4801 0
      vertex -19.8236 24.4801 0
      vertex -18.5152 25.484 0
    endloop
  endfacet
  facet normal 0 0 -1
    outer loop
      vertex -21.0776 -23.4091 0
      vertex -19.8236 24.4801 0
      vertex -19.8236 -24.4801 0
    endloop
  endfacet
  facet normal 0 0 -1
    outer loop
      vertex -21.0776 -23.4091 0
      vertex -21.0776 23.4091 0
      vertex -19.8236 24.4801 0
    endloop
  endfacet
  facet normal 0 0 -1
    outer loop
      vertex -22.2739 -22.2739 0
      vertex -21.0776 23.4091 0
      vertex -21.0776 -23.4091 0
    endloop
  endfacet
  facet normal 0 0 -1
    outer loop
      vertex -22.2739 -22.2739 0
      vertex -22.2739 22.2739 0
      vertex -21.0776 23.4091 0
    endloop
  endfacet
  facet normal 0 0 -1
    outer loop
      vertex -23.4091 -21.0776 0
      vertex -22.2739 22.2739 0
      vertex -22.2739 -22.2739 0
    endloop
  endfacet
  facet normal 0 0 -1
    outer loop
      vertex -23.4091 -21.0776 0
      vertex -23.4091 21.0776 0
      vertex -22.2739 22.2739 0
    endloop
  endfacet
  facet normal 0 0 -1
    outer loop
      vertex -24.4801 -19.8236 0
      vertex -23.4091 21.0776 0
      vertex -23.4091 -21.0776 0
    endloop
  endfacet
  facet normal 0 0 -1
    outer loop
      vertex -24.4801 -19.8236 0
      vertex -24.4801 19.8236 0
      vertex -23.4091 21.0776 0
    endloop
  endfacet
  facet normal 0 0 -1
    outer loop
      vertex -25.484 -18.5152 0
      vertex -24.4801 19.8236 0
      vertex -24.4801 -19.8236 0
    endloop
  endfacet
  facet normal 0 0 -1
    outer loop
      vertex -25.484 -18.5152 0
      vertex -25.484 18.5152 0
      vertex -24.4801 19.8236 0
    endloop
  endfacet
  facet normal 0 0 -1
    outer loop
      vertex -26.4181 -17.1561 0
      vertex -25.484 18.5152 0
      vertex -25.484 -18.5152 0
    endloop
  endfacet
  facet normal 0 0 -1
    outer loop
      vertex -26.4181 -17.1561 0
      vertex -26.4181 17.1561 0
      vertex -25.484 18.5152 0
    endloop
  endfacet
  facet normal 0 0 -1
    outer loop
      vertex -27.2798 -15.75 0
      vertex -26.4181 17.1561 0
      vertex -26.4181 -17.1561 0
    endloop
  endfacet
  facet normal 0 0 -1
    outer loop
      vertex -27.2798 -15.75 0
      vertex -27.2798 15.75 0
      vertex -26.4181 17.1561 0
    endloop
  endfacet
  facet normal 0 0 -1
    outer loop
      vertex -28.0667 -14.3007 0
      vertex -27.2798 15.75 0
      vertex -27.2798 -15.75 0
    endloop
  endfacet
  facet normal 0 0 -1
    outer loop
      vertex -28.0667 -14.3007 0
      vertex -28.0667 14.3007 0
      vertex -27.2798 15.75 0
    endloop
  endfacet
  facet normal 0 0 -1
    outer loop
      vertex -28.7767 -12.8122 0
      vertex -28.0667 14.3007 0
      vertex -28.0667 -14.3007 0
    endloop
  endfacet
  facet normal 0 0 -1
    outer loop
      vertex -28.7767 -12.8122 0
      vertex -28.7767 12.8122 0
      vertex -28.0667 14.3007 0
    endloop
  endfacet
  facet normal 0 0 -1
    outer loop
      vertex -29.4078 -11.2886 0
      vertex -28.7767 12.8122 0
      vertex -28.7767 -12.8122 0
    endloop
  endfacet
  facet normal 0 0 -1
    outer loop
      vertex -29.4078 -11.2886 0
      vertex -29.4078 11.2886 0
      vertex -28.7767 12.8122 0
    endloop
  endfacet
  facet normal 0 0 -1
    outer loop
      vertex -29.9583 -9.73403 0
      vertex -29.4078 11.2886 0
      vertex -29.4078 -11.2886 0
    endloop
  endfacet
  facet normal 0 0 -1
    outer loop
      vertex -29.9583 -9.73403 0
      vertex -29.9583 9.73403 0
      vertex -29.4078 11.2886 0
    endloop
  endfacet
  facet normal 0 0 -1
    outer loop
      vertex -30.4267 -8.1528 0
      vertex -29.9583 9.73403 0
      vertex -29.9583 -9.73403 0
    endloop
  endfacet
  facet normal 0 0 -1
    outer loop
      vertex -30.4267 -8.1528 0
      vertex -30.4267 8.1528 0
      vertex -29.9583 9.73403 0
    endloop
  endfacet
  facet normal 0 0 -1
    outer loop
      vertex -30.8116 -6.54922 0
      vertex -30.4267 8.1528 0
      vertex -30.4267 -8.1528 0
    endloop
  endfacet
  facet normal 0 0 -1
    outer loop
      vertex -30.8116 -6.54922 0
      vertex -30.8116 6.54922 0
      vertex -30.4267 8.1528 0
    endloop
  endfacet
  facet normal 0 0 -1
    outer loop
      vertex -31.1122 -4.92768 0
      vertex -30.8116 6.54922 0
      vertex -30.8116 -6.54922 0
    endloop
  endfacet
  facet normal 0 0 -1
    outer loop
      vertex -31.1122 -4.92768 0
      vertex -31.1122 4.92768 0
      vertex -30.8116 6.54922 0
    endloop
  endfacet
  facet normal 0 0 -1
    outer loop
      vertex -31.3274 -3.29265 0
      vertex -31.1122 4.92768 0
      vertex -31.1122 -4.92768 0
    endloop
  endfacet
  facet normal 0 0 -1
    outer loop
      vertex -31.3274 -3.29265 0
      vertex -31.3274 3.29265 0
      vertex -31.1122 4.92768 0
    endloop
  endfacet
  facet normal 0 0 -1
    outer loop
      vertex -31.4568 -1.64858 0
      vertex -31.3274 3.29265 0
      vertex -31.3274 -3.29265 0
    endloop
  endfacet
  facet normal 0 0 -1
    outer loop
      vertex -31.4568 -1.64858 0
      vertex -31.4568 1.64858 0
      vertex -31.3274 3.29265 0
    endloop
  endfacet
  facet normal 0 -0 -1
    outer loop
      vertex -31.4568 1.64858 0
      vertex -31.4568 -1.64858 0
      vertex -31.5 0 0
    endloop
  endfacet
  facet normal 0.705047 0.0554805 -0.706987
    outer loop
      vertex 35.4513 1.85793 4
      vertex 31.3274 3.29265 0
      vertex 35.3055 3.71076 4
    endloop
  endfacet
  facet normal 0.705049 0.0554924 -0.706984
    outer loop
      vertex 31.4568 1.64858 0
      vertex 31.3274 3.29265 0
      vertex 35.4513 1.85793 4
    endloop
  endfacet
  facet normal -0.996915 -0.0784869 0
    outer loop
      vertex -5.00959 17.4164 3
      vertex -5.03835 17.7817 80
      vertex -5.03835 17.7817 3
    endloop
  endfacet
  facet normal -0.996915 -0.0784869 0
    outer loop
      vertex -5.03835 17.7817 80
      vertex -5.00959 17.4164 3
      vertex -5.00959 17.4164 80
    endloop
  endfacet
  facet normal -0.999658 -0.0261646 0
    outer loop
      vertex -5 17.05 3
      vertex -5.00959 17.4164 80
      vertex -5.00959 17.4164 3
    endloop
  endfacet
  facet normal -0.999658 -0.0261646 0
    outer loop
      vertex -5.00959 17.4164 80
      vertex -5 17.05 3
      vertex -5 17.05 80
    endloop
  endfacet
  facet normal -0.991445 -0.130528 0
    outer loop
      vertex -5.03835 17.7817 3
      vertex -5.08618 18.145 80
      vertex -5.08618 18.145 3
    endloop
  endfacet
  facet normal -0.991445 -0.130528 0
    outer loop
      vertex -5.08618 18.145 80
      vertex -5.03835 17.7817 3
      vertex -5.03835 17.7817 80
    endloop
  endfacet
  facet normal 0.878916 -0.476977 0
    outer loop
      vertex -18.237 20.2279 80
      vertex -18.0622 20.55 3
      vertex -18.0622 20.55 80
    endloop
  endfacet
  facet normal 0.878916 -0.476977 0
    outer loop
      vertex -18.0622 20.55 3
      vertex -18.237 20.2279 80
      vertex -18.237 20.2279 3
    endloop
  endfacet
  facet normal 0.85264 -0.522498 0
    outer loop
      vertex -18.0622 20.55 80
      vertex -17.8707 20.8625 3
      vertex -17.8707 20.8625 80
    endloop
  endfacet
  facet normal 0.85264 -0.522498 0
    outer loop
      vertex -17.8707 20.8625 3
      vertex -18.0622 20.55 80
      vertex -18.0622 20.55 3
    endloop
  endfacet
  facet normal -0.824112 -0.566427 0
    outer loop
      vertex -6.12931 20.8625 3
      vertex -6.33688 21.1645 80
      vertex -6.33688 21.1645 3
    endloop
  endfacet
  facet normal -0.824112 -0.566427 0
    outer loop
      vertex -6.33688 21.1645 80
      vertex -6.12931 20.8625 3
      vertex -6.12931 20.8625 80
    endloop
  endfacet
  facet normal 0.522498 0.85264 -0
    outer loop
      vertex -15.5 10.9878 3
      vertex -15.8125 11.1793 80
      vertex -15.5 10.9878 80
    endloop
  endfacet
  facet normal 0.522498 0.85264 0
    outer loop
      vertex -15.8125 11.1793 80
      vertex -15.5 10.9878 3
      vertex -15.8125 11.1793 3
    endloop
  endfacet
  facet normal -0.43058 -0.902553 0
    outer loop
      vertex -9.15284 23.4448 3
      vertex -8.82207 23.287 80
      vertex -9.15284 23.4448 80
    endloop
  endfacet
  facet normal -0.43058 -0.902553 -0
    outer loop
      vertex -8.82207 23.287 80
      vertex -9.15284 23.4448 3
      vertex -8.82207 23.287 3
    endloop
  endfacet
  facet normal -0.760436 -0.649413 0
    outer loop
      vertex -6.55998 21.4552 3
      vertex -6.79799 21.7339 80
      vertex -6.79799 21.7339 3
    endloop
  endfacet
  facet normal -0.760436 -0.649413 0
    outer loop
      vertex -6.79799 21.7339 80
      vertex -6.55998 21.4552 3
      vertex -6.55998 21.4552 80
    endloop
  endfacet
  facet normal -0.649424 0.760426 0
    outer loop
      vertex -7.31608 11.848 3
      vertex -7.59476 11.61 80
      vertex -7.31608 11.848 80
    endloop
  endfacet
  facet normal -0.649424 0.760426 0
    outer loop
      vertex -7.59476 11.61 80
      vertex -7.31608 11.848 3
      vertex -7.59476 11.61 3
    endloop
  endfacet
  facet normal -0.983258 0.182219 0
    outer loop
      vertex -5.15297 15.5946 3
      vertex -5.08618 15.955 80
      vertex -5.08618 15.955 3
    endloop
  endfacet
  facet normal -0.983258 0.182219 0
    outer loop
      vertex -5.08618 15.955 80
      vertex -5.15297 15.5946 3
      vertex -5.15297 15.5946 80
    endloop
  endfacet
  facet normal 0.608827 -0.793303 0
    outer loop
      vertex -16.4052 22.49 3
      vertex -16.1145 22.7131 80
      vertex -16.4052 22.49 80
    endloop
  endfacet
  facet normal 0.608827 -0.793303 0
    outer loop
      vertex -16.1145 22.7131 80
      vertex -16.4052 22.49 3
      vertex -16.1145 22.7131 3
    endloop
  endfacet
  facet normal 0.284042 -0.958812 0
    outer loop
      vertex -14.1631 23.7074 3
      vertex -13.8117 23.8115 80
      vertex -14.1631 23.7074 80
    endloop
  endfacet
  facet normal 0.284042 -0.958812 0
    outer loop
      vertex -13.8117 23.8115 80
      vertex -14.1631 23.7074 3
      vertex -13.8117 23.8115 3
    endloop
  endfacet
  facet normal 0.99142 -0.130716 0
    outer loop
      vertex -18.9617 17.7817 80
      vertex -18.9138 18.145 3
      vertex -18.9138 18.145 80
    endloop
  endfacet
  facet normal 0.99142 -0.130716 0
    outer loop
      vertex -18.9138 18.145 3
      vertex -18.9617 17.7817 80
      vertex -18.9617 17.7817 3
    endloop
  endfacet
  facet normal 0.382794 0.923834 -0
    outer loop
      vertex -14.5086 10.5149 3
      vertex -14.8472 10.6552 80
      vertex -14.5086 10.5149 80
    endloop
  endfacet
  facet normal 0.382794 0.923834 0
    outer loop
      vertex -14.8472 10.6552 80
      vertex -14.5086 10.5149 3
      vertex -14.8472 10.6552 3
    endloop
  endfacet
  facet normal 0.760449 -0.649397 0
    outer loop
      vertex -17.44 21.4552 80
      vertex -17.202 21.7339 3
      vertex -17.202 21.7339 80
    endloop
  endfacet
  facet normal 0.760449 -0.649397 0
    outer loop
      vertex -17.202 21.7339 3
      vertex -17.44 21.4552 80
      vertex -17.44 21.4552 3
    endloop
  endfacet
  facet normal -0.972364 -0.233471 0
    outer loop
      vertex -5.15297 18.5054 3
      vertex -5.23852 18.8617 80
      vertex -5.23852 18.8617 3
    endloop
  endfacet
  facet normal -0.972364 -0.233471 0
    outer loop
      vertex -5.23852 18.8617 80
      vertex -5.15297 18.5054 3
      vertex -5.15297 18.5054 80
    endloop
  endfacet
  facet normal -0.983258 -0.182219 0
    outer loop
      vertex -5.08618 18.145 3
      vertex -5.15297 18.5054 80
      vertex -5.15297 18.5054 3
    endloop
  endfacet
  facet normal -0.983258 -0.182219 0
    outer loop
      vertex -5.15297 18.5054 80
      vertex -5.08618 18.145 3
      vertex -5.08618 18.145 80
    endloop
  endfacet
  facet normal -0.999658 0.0261646 0
    outer loop
      vertex -5.00959 16.6836 3
      vertex -5 17.05 80
      vertex -5 17.05 3
    endloop
  endfacet
  facet normal -0.999658 0.0261646 0
    outer loop
      vertex -5 17.05 80
      vertex -5.00959 16.6836 3
      vertex -5.00959 16.6836 80
    endloop
  endfacet
  facet normal -0.566444 -0.8241 0
    outer loop
      vertex -8.18753 22.9207 3
      vertex -7.8855 22.7131 80
      vertex -8.18753 22.9207 80
    endloop
  endfacet
  facet normal -0.566444 -0.8241 -0
    outer loop
      vertex -7.8855 22.7131 80
      vertex -8.18753 22.9207 3
      vertex -7.8855 22.7131 3
    endloop
  endfacet
  facet normal 0.333691 0.942683 -0
    outer loop
      vertex -14.1631 10.3926 3
      vertex -14.5086 10.5149 80
      vertex -14.1631 10.3926 80
    endloop
  endfacet
  facet normal 0.333691 0.942683 0
    outer loop
      vertex -14.5086 10.5149 80
      vertex -14.1631 10.3926 3
      vertex -14.5086 10.5149 3
    endloop
  endfacet
  facet normal -0.382813 0.923826 0
    outer loop
      vertex -9.15284 10.6552 3
      vertex -9.49142 10.5149 80
      vertex -9.15284 10.6552 80
    endloop
  endfacet
  facet normal -0.382813 0.923826 0
    outer loop
      vertex -9.49142 10.5149 80
      vertex -9.15284 10.6552 3
      vertex -9.49142 10.5149 3
    endloop
  endfacet
  facet normal -0.942648 -0.333788 0
    outer loop
      vertex -5.3426 19.2131 3
      vertex -5.46494 19.5586 80
      vertex -5.46494 19.5586 3
    endloop
  endfacet
  facet normal -0.942648 -0.333788 0
    outer loop
      vertex -5.46494 19.5586 80
      vertex -5.3426 19.2131 3
      vertex -5.3426 19.2131 80
    endloop
  endfacet
  facet normal 0.958812 -0.284042 0
    outer loop
      vertex -18.7615 18.8617 80
      vertex -18.6574 19.2131 3
      vertex -18.6574 19.2131 80
    endloop
  endfacet
  facet normal 0.958812 -0.284042 0
    outer loop
      vertex -18.6574 19.2131 3
      vertex -18.7615 18.8617 80
      vertex -18.7615 18.8617 3
    endloop
  endfacet
  facet normal -0.522535 -0.852618 0
    outer loop
      vertex -8.5 23.1122 3
      vertex -8.18753 22.9207 80
      vertex -8.5 23.1122 80
    endloop
  endfacet
  facet normal -0.522535 -0.852618 -0
    outer loop
      vertex -8.18753 22.9207 80
      vertex -8.5 23.1122 3
      vertex -8.18753 22.9207 3
    endloop
  endfacet
  facet normal -0.0261919 -0.999657 0
    outer loop
      vertex -12 24.05 3
      vertex -11.6336 24.0404 80
      vertex -12 24.05 80
    endloop
  endfacet
  facet normal -0.0261919 -0.999657 -0
    outer loop
      vertex -11.6336 24.0404 80
      vertex -12 24.05 3
      vertex -11.6336 24.0404 3
    endloop
  endfacet
  facet normal -0.284027 0.958816 0
    outer loop
      vertex -9.83688 10.3926 3
      vertex -10.1883 10.2885 80
      vertex -9.83688 10.3926 80
    endloop
  endfacet
  facet normal -0.284027 0.958816 0
    outer loop
      vertex -10.1883 10.2885 80
      vertex -9.83688 10.3926 3
      vertex -10.1883 10.2885 3
    endloop
  endfacet
  facet normal 0.688448 0.725286 -0
    outer loop
      vertex -16.6839 11.848 3
      vertex -16.9497 12.1003 80
      vertex -16.6839 11.848 80
    endloop
  endfacet
  facet normal 0.688448 0.725286 0
    outer loop
      vertex -16.9497 12.1003 80
      vertex -16.6839 11.848 3
      vertex -16.9497 12.1003 3
    endloop
  endfacet
  facet normal -0.608774 -0.793344 0
    outer loop
      vertex -7.8855 22.7131 3
      vertex -7.59476 22.49 80
      vertex -7.8855 22.7131 80
    endloop
  endfacet
  facet normal -0.608774 -0.793344 -0
    outer loop
      vertex -7.59476 22.49 80
      vertex -7.8855 22.7131 3
      vertex -7.59476 22.49 3
    endloop
  endfacet
  facet normal 0.284042 0.958812 -0
    outer loop
      vertex -13.8117 10.2885 3
      vertex -14.1631 10.3926 80
      vertex -13.8117 10.2885 80
    endloop
  endfacet
  facet normal 0.284042 0.958812 0
    outer loop
      vertex -14.1631 10.3926 80
      vertex -13.8117 10.2885 3
      vertex -14.1631 10.3926 3
    endloop
  endfacet
  facet normal 0.999657 -0.0261919 0
    outer loop
      vertex -19 17.05 80
      vertex -18.9904 17.4164 3
      vertex -18.9904 17.4164 80
    endloop
  endfacet
  facet normal 0.999657 -0.0261919 0
    outer loop
      vertex -18.9904 17.4164 3
      vertex -19 17.05 80
      vertex -19 17.05 3
    endloop
  endfacet
  facet normal 0.430654 -0.902517 0
    outer loop
      vertex -15.1779 23.287 3
      vertex -14.8472 23.4448 80
      vertex -15.1779 23.287 80
    endloop
  endfacet
  facet normal 0.430654 -0.902517 0
    outer loop
      vertex -14.8472 23.4448 80
      vertex -15.1779 23.287 3
      vertex -14.8472 23.4448 3
    endloop
  endfacet
  facet normal -0.852653 -0.522478 0
    outer loop
      vertex -5.93782 20.55 3
      vertex -6.12931 20.8625 80
      vertex -6.12931 20.8625 3
    endloop
  endfacet
  facet normal -0.852653 -0.522478 0
    outer loop
      vertex -6.12931 20.8625 80
      vertex -5.93782 20.55 3
      vertex -5.93782 20.55 80
    endloop
  endfacet
  facet normal -0.996915 0.0784869 0
    outer loop
      vertex -5.03835 16.3183 3
      vertex -5.00959 16.6836 80
      vertex -5.00959 16.6836 3
    endloop
  endfacet
  facet normal -0.996915 0.0784869 0
    outer loop
      vertex -5.00959 16.6836 80
      vertex -5.03835 16.3183 3
      vertex -5.03835 16.3183 80
    endloop
  endfacet
  facet normal -0.0783242 -0.996928 0
    outer loop
      vertex -11.6336 24.0404 3
      vertex -11.2683 24.0117 80
      vertex -11.6336 24.0404 80
    endloop
  endfacet
  facet normal -0.0783242 -0.996928 -0
    outer loop
      vertex -11.2683 24.0117 80
      vertex -11.6336 24.0404 3
      vertex -11.2683 24.0117 3
    endloop
  endfacet
  facet normal -0.688407 -0.725324 0
    outer loop
      vertex -7.31608 22.252 3
      vertex -7.05025 21.9997 80
      vertex -7.31608 22.252 80
    endloop
  endfacet
  facet normal -0.688407 -0.725324 -0
    outer loop
      vertex -7.05025 21.9997 80
      vertex -7.31608 22.252 3
      vertex -7.05025 21.9997 3
    endloop
  endfacet
  facet normal -0.477012 -0.878897 0
    outer loop
      vertex -8.82207 23.287 3
      vertex -8.5 23.1122 80
      vertex -8.82207 23.287 80
    endloop
  endfacet
  facet normal -0.477012 -0.878897 -0
    outer loop
      vertex -8.5 23.1122 80
      vertex -8.82207 23.287 3
      vertex -8.5 23.1122 3
    endloop
  endfacet
  facet normal -0.688407 0.725324 0
    outer loop
      vertex -7.05025 12.1003 3
      vertex -7.31608 11.848 80
      vertex -7.05025 12.1003 80
    endloop
  endfacet
  facet normal -0.688407 0.725324 0
    outer loop
      vertex -7.31608 11.848 80
      vertex -7.05025 12.1003 3
      vertex -7.31608 11.848 3
    endloop
  endfacet
  facet normal 0.382794 -0.923834 0
    outer loop
      vertex -14.8472 23.4448 3
      vertex -14.5086 23.5851 80
      vertex -14.8472 23.4448 80
    endloop
  endfacet
  facet normal 0.382794 -0.923834 0
    outer loop
      vertex -14.5086 23.5851 80
      vertex -14.8472 23.4448 3
      vertex -14.5086 23.5851 3
    endloop
  endfacet
  facet normal -0.130716 0.99142 0
    outer loop
      vertex -10.905 10.1362 3
      vertex -11.2683 10.0883 80
      vertex -10.905 10.1362 80
    endloop
  endfacet
  facet normal -0.130716 0.99142 0
    outer loop
      vertex -11.2683 10.0883 80
      vertex -10.905 10.1362 3
      vertex -11.2683 10.0883 3
    endloop
  endfacet
  facet normal -0.72534 0.688391 0
    outer loop
      vertex -7.05025 12.1003 3
      vertex -6.79799 12.3661 80
      vertex -6.79799 12.3661 3
    endloop
  endfacet
  facet normal -0.72534 0.688391 0
    outer loop
      vertex -6.79799 12.3661 80
      vertex -7.05025 12.1003 3
      vertex -7.05025 12.1003 80
    endloop
  endfacet
  facet normal -0.760436 0.649413 0
    outer loop
      vertex -6.79799 12.3661 3
      vertex -6.55998 12.6448 80
      vertex -6.55998 12.6448 3
    endloop
  endfacet
  facet normal -0.760436 0.649413 0
    outer loop
      vertex -6.55998 12.6448 80
      vertex -6.79799 12.3661 3
      vertex -6.79799 12.3661 80
    endloop
  endfacet
  facet normal 0.958812 0.284042 0
    outer loop
      vertex -18.6574 14.8869 80
      vertex -18.7615 15.2383 3
      vertex -18.7615 15.2383 80
    endloop
  endfacet
  facet normal 0.958812 0.284042 0
    outer loop
      vertex -18.7615 15.2383 3
      vertex -18.6574 14.8869 80
      vertex -18.6574 14.8869 3
    endloop
  endfacet
  facet normal -0.233342 -0.972395 0
    outer loop
      vertex -10.5446 23.897 3
      vertex -10.1883 23.8115 80
      vertex -10.5446 23.897 80
    endloop
  endfacet
  facet normal -0.233342 -0.972395 -0
    outer loop
      vertex -10.1883 23.8115 80
      vertex -10.5446 23.897 3
      vertex -10.1883 23.8115 3
    endloop
  endfacet
  facet normal 0.333691 -0.942683 0
    outer loop
      vertex -14.5086 23.5851 3
      vertex -14.1631 23.7074 80
      vertex -14.5086 23.5851 80
    endloop
  endfacet
  facet normal 0.333691 -0.942683 0
    outer loop
      vertex -14.1631 23.7074 80
      vertex -14.5086 23.5851 3
      vertex -14.1631 23.7074 3
    endloop
  endfacet
  facet normal -0.72534 -0.688391 0
    outer loop
      vertex -6.79799 21.7339 3
      vertex -7.05025 21.9997 80
      vertex -7.05025 21.9997 3
    endloop
  endfacet
  facet normal -0.72534 -0.688391 0
    outer loop
      vertex -7.05025 21.9997 80
      vertex -6.79799 21.7339 3
      vertex -6.79799 21.7339 80
    endloop
  endfacet
  facet normal -0.182246 -0.983253 0
    outer loop
      vertex -10.905 23.9638 3
      vertex -10.5446 23.897 80
      vertex -10.905 23.9638 80
    endloop
  endfacet
  facet normal -0.182246 -0.983253 -0
    outer loop
      vertex -10.5446 23.897 80
      vertex -10.905 23.9638 3
      vertex -10.5446 23.897 3
    endloop
  endfacet
  facet normal 0.942683 0.333691 0
    outer loop
      vertex -18.5351 14.5414 80
      vertex -18.6574 14.8869 3
      vertex -18.6574 14.8869 80
    endloop
  endfacet
  facet normal 0.942683 0.333691 0
    outer loop
      vertex -18.6574 14.8869 3
      vertex -18.5351 14.5414 80
      vertex -18.5351 14.5414 3
    endloop
  endfacet
  facet normal 0.99142 0.130716 0
    outer loop
      vertex -18.9138 15.955 80
      vertex -18.9617 16.3183 3
      vertex -18.9617 16.3183 80
    endloop
  endfacet
  facet normal 0.99142 0.130716 0
    outer loop
      vertex -18.9617 16.3183 3
      vertex -18.9138 15.955 80
      vertex -18.9138 15.955 3
    endloop
  endfacet
  facet normal -0.333725 -0.942671 0
    outer loop
      vertex -9.83688 23.7074 3
      vertex -9.49142 23.5851 80
      vertex -9.83688 23.7074 80
    endloop
  endfacet
  facet normal -0.333725 -0.942671 -0
    outer loop
      vertex -9.49142 23.5851 80
      vertex -9.83688 23.7074 3
      vertex -9.49142 23.5851 3
    endloop
  endfacet
  facet normal 0.649397 -0.760449 0
    outer loop
      vertex -16.6839 22.252 3
      vertex -16.4052 22.49 80
      vertex -16.6839 22.252 80
    endloop
  endfacet
  facet normal 0.649397 -0.760449 0
    outer loop
      vertex -16.4052 22.49 80
      vertex -16.6839 22.252 3
      vertex -16.4052 22.49 3
    endloop
  endfacet
  facet normal 0.233342 -0.972395 0
    outer loop
      vertex -13.8117 23.8115 3
      vertex -13.4554 23.897 80
      vertex -13.8117 23.8115 80
    endloop
  endfacet
  facet normal 0.233342 -0.972395 0
    outer loop
      vertex -13.4554 23.897 80
      vertex -13.8117 23.8115 3
      vertex -13.4554 23.897 3
    endloop
  endfacet
  facet normal -0.902549 0.430587 0
    outer loop
      vertex -5.76295 13.8721 3
      vertex -5.60518 14.2028 80
      vertex -5.60518 14.2028 3
    endloop
  endfacet
  facet normal -0.902549 0.430587 0
    outer loop
      vertex -5.60518 14.2028 80
      vertex -5.76295 13.8721 3
      vertex -5.76295 13.8721 80
    endloop
  endfacet
  facet normal 0.793303 -0.608827 0
    outer loop
      vertex -17.6631 21.1645 80
      vertex -17.44 21.4552 3
      vertex -17.44 21.4552 80
    endloop
  endfacet
  facet normal 0.793303 -0.608827 0
    outer loop
      vertex -17.44 21.4552 3
      vertex -17.6631 21.1645 80
      vertex -17.6631 21.1645 3
    endloop
  endfacet
  facet normal 0.85264 0.522498 0
    outer loop
      vertex -17.8707 13.2375 80
      vertex -18.0622 13.55 3
      vertex -18.0622 13.55 80
    endloop
  endfacet
  facet normal 0.85264 0.522498 0
    outer loop
      vertex -18.0622 13.55 3
      vertex -17.8707 13.2375 80
      vertex -17.8707 13.2375 3
    endloop
  endfacet
  facet normal -0.649424 -0.760426 0
    outer loop
      vertex -7.59476 22.49 3
      vertex -7.31608 22.252 80
      vertex -7.59476 22.49 80
    endloop
  endfacet
  facet normal -0.649424 -0.760426 -0
    outer loop
      vertex -7.31608 22.252 80
      vertex -7.59476 22.49 3
      vertex -7.31608 22.252 3
    endloop
  endfacet
  facet normal 0.566482 -0.824074 0
    outer loop
      vertex -16.1145 22.7131 3
      vertex -15.8125 22.9207 80
      vertex -16.1145 22.7131 80
    endloop
  endfacet
  facet normal 0.566482 -0.824074 0
    outer loop
      vertex -15.8125 22.9207 80
      vertex -16.1145 22.7131 3
      vertex -15.8125 22.9207 3
    endloop
  endfacet
  facet normal -0.824112 0.566427 0
    outer loop
      vertex -6.33688 12.9355 3
      vertex -6.12931 13.2375 80
      vertex -6.12931 13.2375 3
    endloop
  endfacet
  facet normal -0.824112 0.566427 0
    outer loop
      vertex -6.12931 13.2375 80
      vertex -6.33688 12.9355 3
      vertex -6.33688 12.9355 80
    endloop
  endfacet
  facet normal 0.233342 0.972395 -0
    outer loop
      vertex -13.4554 10.203 3
      vertex -13.8117 10.2885 80
      vertex -13.4554 10.203 80
    endloop
  endfacet
  facet normal 0.233342 0.972395 0
    outer loop
      vertex -13.8117 10.2885 80
      vertex -13.4554 10.203 3
      vertex -13.8117 10.2885 3
    endloop
  endfacet
  facet normal 0.983253 -0.182246 0
    outer loop
      vertex -18.9138 18.145 80
      vertex -18.847 18.5054 3
      vertex -18.847 18.5054 80
    endloop
  endfacet
  facet normal 0.983253 -0.182246 0
    outer loop
      vertex -18.847 18.5054 3
      vertex -18.9138 18.145 80
      vertex -18.9138 18.145 3
    endloop
  endfacet
  facet normal -0.0261919 0.999657 0
    outer loop
      vertex -11.6336 10.0596 3
      vertex -12 10.05 80
      vertex -11.6336 10.0596 80
    endloop
  endfacet
  facet normal -0.0261919 0.999657 0
    outer loop
      vertex -12 10.05 80
      vertex -11.6336 10.0596 3
      vertex -12 10.05 3
    endloop
  endfacet
  facet normal 0.996928 -0.0783242 0
    outer loop
      vertex -18.9904 17.4164 80
      vertex -18.9617 17.7817 3
      vertex -18.9617 17.7817 80
    endloop
  endfacet
  facet normal 0.996928 -0.0783242 0
    outer loop
      vertex -18.9617 17.7817 3
      vertex -18.9904 17.4164 80
      vertex -18.9904 17.4164 3
    endloop
  endfacet
  facet normal -0.878835 -0.477125 0
    outer loop
      vertex -5.76295 20.2279 3
      vertex -5.93782 20.55 80
      vertex -5.93782 20.55 3
    endloop
  endfacet
  facet normal -0.878835 -0.477125 0
    outer loop
      vertex -5.93782 20.55 80
      vertex -5.76295 20.2279 3
      vertex -5.76295 20.2279 80
    endloop
  endfacet
  facet normal 0.430654 0.902517 -0
    outer loop
      vertex -14.8472 10.6552 3
      vertex -15.1779 10.813 80
      vertex -14.8472 10.6552 80
    endloop
  endfacet
  facet normal 0.430654 0.902517 0
    outer loop
      vertex -15.1779 10.813 80
      vertex -14.8472 10.6552 3
      vertex -15.1779 10.813 3
    endloop
  endfacet
  facet normal -0.942648 0.333788 0
    outer loop
      vertex -5.46494 14.5414 3
      vertex -5.3426 14.8869 80
      vertex -5.3426 14.8869 3
    endloop
  endfacet
  facet normal -0.942648 0.333788 0
    outer loop
      vertex -5.3426 14.8869 80
      vertex -5.46494 14.5414 3
      vertex -5.46494 14.5414 80
    endloop
  endfacet
  facet normal -0.0783242 0.996928 0
    outer loop
      vertex -11.2683 10.0883 3
      vertex -11.6336 10.0596 80
      vertex -11.2683 10.0883 80
    endloop
  endfacet
  facet normal -0.0783242 0.996928 0
    outer loop
      vertex -11.6336 10.0596 80
      vertex -11.2683 10.0883 3
      vertex -11.6336 10.0596 3
    endloop
  endfacet
  facet normal 0.725286 0.688448 0
    outer loop
      vertex -16.9497 12.1003 80
      vertex -17.202 12.3661 3
      vertex -17.202 12.3661 80
    endloop
  endfacet
  facet normal 0.725286 0.688448 0
    outer loop
      vertex -17.202 12.3661 3
      vertex -16.9497 12.1003 80
      vertex -16.9497 12.1003 3
    endloop
  endfacet
  facet normal -0.991445 0.130528 0
    outer loop
      vertex -5.08618 15.955 3
      vertex -5.03835 16.3183 80
      vertex -5.03835 16.3183 3
    endloop
  endfacet
  facet normal -0.991445 0.130528 0
    outer loop
      vertex -5.03835 16.3183 80
      vertex -5.08618 15.955 3
      vertex -5.08618 15.955 80
    endloop
  endfacet
  facet normal -0.382813 -0.923826 0
    outer loop
      vertex -9.49142 23.5851 3
      vertex -9.15284 23.4448 80
      vertex -9.49142 23.5851 80
    endloop
  endfacet
  facet normal -0.382813 -0.923826 -0
    outer loop
      vertex -9.15284 23.4448 80
      vertex -9.49142 23.5851 3
      vertex -9.15284 23.4448 3
    endloop
  endfacet
  facet normal 0.476977 -0.878916 0
    outer loop
      vertex -15.5 23.1122 3
      vertex -15.1779 23.287 80
      vertex -15.5 23.1122 80
    endloop
  endfacet
  facet normal 0.476977 -0.878916 0
    outer loop
      vertex -15.1779 23.287 80
      vertex -15.5 23.1122 3
      vertex -15.1779 23.287 3
    endloop
  endfacet
  facet normal -0.793303 0.608827 0
    outer loop
      vertex -6.55998 12.6448 3
      vertex -6.33688 12.9355 80
      vertex -6.33688 12.9355 3
    endloop
  endfacet
  facet normal -0.793303 0.608827 0
    outer loop
      vertex -6.33688 12.9355 80
      vertex -6.55998 12.6448 3
      vertex -6.55998 12.6448 80
    endloop
  endfacet
  facet normal -0.522535 0.852618 0
    outer loop
      vertex -8.18753 11.1793 3
      vertex -8.5 10.9878 80
      vertex -8.18753 11.1793 80
    endloop
  endfacet
  facet normal -0.522535 0.852618 0
    outer loop
      vertex -8.5 10.9878 80
      vertex -8.18753 11.1793 3
      vertex -8.5 10.9878 3
    endloop
  endfacet
  facet normal -0.43058 0.902553 0
    outer loop
      vertex -8.82207 10.813 3
      vertex -9.15284 10.6552 80
      vertex -8.82207 10.813 80
    endloop
  endfacet
  facet normal -0.43058 0.902553 0
    outer loop
      vertex -9.15284 10.6552 80
      vertex -8.82207 10.813 3
      vertex -9.15284 10.6552 3
    endloop
  endfacet
  facet normal -0.477012 0.878897 0
    outer loop
      vertex -8.5 10.9878 3
      vertex -8.82207 10.813 80
      vertex -8.5 10.9878 80
    endloop
  endfacet
  facet normal -0.477012 0.878897 0
    outer loop
      vertex -8.82207 10.813 80
      vertex -8.5 10.9878 3
      vertex -8.82207 10.813 3
    endloop
  endfacet
  facet normal -0.878835 0.477125 0
    outer loop
      vertex -5.93782 13.55 3
      vertex -5.76295 13.8721 80
      vertex -5.76295 13.8721 3
    endloop
  endfacet
  facet normal -0.878835 0.477125 0
    outer loop
      vertex -5.76295 13.8721 80
      vertex -5.93782 13.55 3
      vertex -5.93782 13.55 80
    endloop
  endfacet
  facet normal 0.725286 -0.688448 0
    outer loop
      vertex -17.202 21.7339 80
      vertex -16.9497 21.9997 3
      vertex -16.9497 21.9997 80
    endloop
  endfacet
  facet normal 0.725286 -0.688448 0
    outer loop
      vertex -16.9497 21.9997 3
      vertex -17.202 21.7339 80
      vertex -17.202 21.7339 3
    endloop
  endfacet
  facet normal -0.130716 -0.99142 0
    outer loop
      vertex -11.2683 24.0117 3
      vertex -10.905 23.9638 80
      vertex -11.2683 24.0117 80
    endloop
  endfacet
  facet normal -0.130716 -0.99142 -0
    outer loop
      vertex -10.905 23.9638 80
      vertex -11.2683 24.0117 3
      vertex -10.905 23.9638 3
    endloop
  endfacet
  facet normal -0.923892 -0.382654 0
    outer loop
      vertex -5.46494 19.5586 3
      vertex -5.60518 19.8972 80
      vertex -5.60518 19.8972 3
    endloop
  endfacet
  facet normal -0.923892 -0.382654 0
    outer loop
      vertex -5.60518 19.8972 80
      vertex -5.46494 19.5586 3
      vertex -5.46494 19.5586 80
    endloop
  endfacet
  facet normal -0.958827 0.283992 0
    outer loop
      vertex -5.3426 14.8869 3
      vertex -5.23852 15.2383 80
      vertex -5.23852 15.2383 3
    endloop
  endfacet
  facet normal -0.958827 0.283992 0
    outer loop
      vertex -5.23852 15.2383 80
      vertex -5.3426 14.8869 3
      vertex -5.3426 14.8869 80
    endloop
  endfacet
  facet normal 0.608827 0.793303 -0
    outer loop
      vertex -16.1145 11.3869 3
      vertex -16.4052 11.61 80
      vertex -16.1145 11.3869 80
    endloop
  endfacet
  facet normal 0.608827 0.793303 0
    outer loop
      vertex -16.4052 11.61 80
      vertex -16.1145 11.3869 3
      vertex -16.4052 11.61 3
    endloop
  endfacet
  facet normal -0.972364 0.233471 0
    outer loop
      vertex -5.23852 15.2383 3
      vertex -5.15297 15.5946 80
      vertex -5.15297 15.5946 3
    endloop
  endfacet
  facet normal -0.972364 0.233471 0
    outer loop
      vertex -5.15297 15.5946 80
      vertex -5.23852 15.2383 3
      vertex -5.23852 15.2383 80
    endloop
  endfacet
  facet normal 0.0783242 0.996928 -0
    outer loop
      vertex -12.3664 10.0596 3
      vertex -12.7317 10.0883 80
      vertex -12.3664 10.0596 80
    endloop
  endfacet
  facet normal 0.0783242 0.996928 0
    outer loop
      vertex -12.7317 10.0883 80
      vertex -12.3664 10.0596 3
      vertex -12.7317 10.0883 3
    endloop
  endfacet
  facet normal -0.566444 0.8241 0
    outer loop
      vertex -7.8855 11.3869 3
      vertex -8.18753 11.1793 80
      vertex -7.8855 11.3869 80
    endloop
  endfacet
  facet normal -0.566444 0.8241 0
    outer loop
      vertex -8.18753 11.1793 80
      vertex -7.8855 11.3869 3
      vertex -8.18753 11.1793 3
    endloop
  endfacet
  facet normal 0.649397 0.760449 -0
    outer loop
      vertex -16.4052 11.61 3
      vertex -16.6839 11.848 80
      vertex -16.4052 11.61 80
    endloop
  endfacet
  facet normal 0.649397 0.760449 0
    outer loop
      vertex -16.6839 11.848 80
      vertex -16.4052 11.61 3
      vertex -16.6839 11.848 3
    endloop
  endfacet
  facet normal 0.130716 0.99142 -0
    outer loop
      vertex -12.7317 10.0883 3
      vertex -13.095 10.1362 80
      vertex -12.7317 10.0883 80
    endloop
  endfacet
  facet normal 0.130716 0.99142 0
    outer loop
      vertex -13.095 10.1362 80
      vertex -12.7317 10.0883 3
      vertex -13.095 10.1362 3
    endloop
  endfacet
  facet normal -0.333725 0.942671 0
    outer loop
      vertex -9.49142 10.5149 3
      vertex -9.83688 10.3926 80
      vertex -9.49142 10.5149 80
    endloop
  endfacet
  facet normal -0.333725 0.942671 0
    outer loop
      vertex -9.83688 10.3926 80
      vertex -9.49142 10.5149 3
      vertex -9.83688 10.3926 3
    endloop
  endfacet
  facet normal -0.958827 -0.283992 0
    outer loop
      vertex -5.23852 18.8617 3
      vertex -5.3426 19.2131 80
      vertex -5.3426 19.2131 3
    endloop
  endfacet
  facet normal -0.958827 -0.283992 0
    outer loop
      vertex -5.3426 19.2131 80
      vertex -5.23852 18.8617 3
      vertex -5.23852 18.8617 80
    endloop
  endfacet
  facet normal -0.902549 -0.430587 0
    outer loop
      vertex -5.60518 19.8972 3
      vertex -5.76295 20.2279 80
      vertex -5.76295 20.2279 3
    endloop
  endfacet
  facet normal -0.902549 -0.430587 0
    outer loop
      vertex -5.76295 20.2279 80
      vertex -5.60518 19.8972 3
      vertex -5.60518 19.8972 80
    endloop
  endfacet
  facet normal -0.793303 -0.608827 0
    outer loop
      vertex -6.33688 21.1645 3
      vertex -6.55998 21.4552 80
      vertex -6.55998 21.4552 3
    endloop
  endfacet
  facet normal -0.793303 -0.608827 0
    outer loop
      vertex -6.55998 21.4552 80
      vertex -6.33688 21.1645 3
      vertex -6.33688 21.1645 80
    endloop
  endfacet
  facet normal 0.688448 -0.725286 0
    outer loop
      vertex -16.9497 21.9997 3
      vertex -16.6839 22.252 80
      vertex -16.9497 21.9997 80
    endloop
  endfacet
  facet normal 0.688448 -0.725286 0
    outer loop
      vertex -16.6839 22.252 80
      vertex -16.9497 21.9997 3
      vertex -16.6839 22.252 3
    endloop
  endfacet
  facet normal 0.942683 -0.333691 0
    outer loop
      vertex -18.6574 19.2131 80
      vertex -18.5351 19.5586 3
      vertex -18.5351 19.5586 80
    endloop
  endfacet
  facet normal 0.942683 -0.333691 0
    outer loop
      vertex -18.5351 19.5586 3
      vertex -18.6574 19.2131 80
      vertex -18.6574 19.2131 3
    endloop
  endfacet
  facet normal 0.182246 -0.983253 0
    outer loop
      vertex -13.4554 23.897 3
      vertex -13.095 23.9638 80
      vertex -13.4554 23.897 80
    endloop
  endfacet
  facet normal 0.182246 -0.983253 0
    outer loop
      vertex -13.095 23.9638 80
      vertex -13.4554 23.897 3
      vertex -13.095 23.9638 3
    endloop
  endfacet
  facet normal 0.999657 0.0261919 0
    outer loop
      vertex -18.9904 16.6836 80
      vertex -19 17.05 3
      vertex -19 17.05 80
    endloop
  endfacet
  facet normal 0.999657 0.0261919 0
    outer loop
      vertex -19 17.05 3
      vertex -18.9904 16.6836 80
      vertex -18.9904 16.6836 3
    endloop
  endfacet
  facet normal 0.996928 0.0783242 0
    outer loop
      vertex -18.9617 16.3183 80
      vertex -18.9904 16.6836 3
      vertex -18.9904 16.6836 80
    endloop
  endfacet
  facet normal 0.996928 0.0783242 0
    outer loop
      vertex -18.9904 16.6836 3
      vertex -18.9617 16.3183 80
      vertex -18.9617 16.3183 3
    endloop
  endfacet
  facet normal 0.182246 0.983253 -0
    outer loop
      vertex -13.095 10.1362 3
      vertex -13.4554 10.203 80
      vertex -13.095 10.1362 80
    endloop
  endfacet
  facet normal 0.182246 0.983253 0
    outer loop
      vertex -13.4554 10.203 80
      vertex -13.095 10.1362 3
      vertex -13.4554 10.203 3
    endloop
  endfacet
  facet normal 0.793303 0.608827 0
    outer loop
      vertex -17.44 12.6448 80
      vertex -17.6631 12.9355 3
      vertex -17.6631 12.9355 80
    endloop
  endfacet
  facet normal 0.793303 0.608827 0
    outer loop
      vertex -17.6631 12.9355 3
      vertex -17.44 12.6448 80
      vertex -17.44 12.6448 3
    endloop
  endfacet
  facet normal 0.130716 -0.99142 0
    outer loop
      vertex -13.095 23.9638 3
      vertex -12.7317 24.0117 80
      vertex -13.095 23.9638 80
    endloop
  endfacet
  facet normal 0.130716 -0.99142 0
    outer loop
      vertex -12.7317 24.0117 80
      vertex -13.095 23.9638 3
      vertex -12.7317 24.0117 3
    endloop
  endfacet
  facet normal 0.0783242 -0.996928 0
    outer loop
      vertex -12.7317 24.0117 3
      vertex -12.3664 24.0404 80
      vertex -12.7317 24.0117 80
    endloop
  endfacet
  facet normal 0.0783242 -0.996928 0
    outer loop
      vertex -12.3664 24.0404 80
      vertex -12.7317 24.0117 3
      vertex -12.3664 24.0404 3
    endloop
  endfacet
  facet normal 0.760449 0.649397 0
    outer loop
      vertex -17.202 12.3661 80
      vertex -17.44 12.6448 3
      vertex -17.44 12.6448 80
    endloop
  endfacet
  facet normal 0.760449 0.649397 0
    outer loop
      vertex -17.44 12.6448 3
      vertex -17.202 12.3661 80
      vertex -17.202 12.3661 3
    endloop
  endfacet
  facet normal 0.824074 -0.566482 0
    outer loop
      vertex -17.8707 20.8625 80
      vertex -17.6631 21.1645 3
      vertex -17.6631 21.1645 80
    endloop
  endfacet
  facet normal 0.824074 -0.566482 0
    outer loop
      vertex -17.6631 21.1645 3
      vertex -17.8707 20.8625 80
      vertex -17.8707 20.8625 3
    endloop
  endfacet
  facet normal -0.608774 0.793344 0
    outer loop
      vertex -7.59476 11.61 3
      vertex -7.8855 11.3869 80
      vertex -7.59476 11.61 80
    endloop
  endfacet
  facet normal -0.608774 0.793344 0
    outer loop
      vertex -7.8855 11.3869 80
      vertex -7.59476 11.61 3
      vertex -7.8855 11.3869 3
    endloop
  endfacet
  facet normal 0.983253 0.182246 0
    outer loop
      vertex -18.847 15.5946 80
      vertex -18.9138 15.955 3
      vertex -18.9138 15.955 80
    endloop
  endfacet
  facet normal 0.983253 0.182246 0
    outer loop
      vertex -18.9138 15.955 3
      vertex -18.847 15.5946 80
      vertex -18.847 15.5946 3
    endloop
  endfacet
  facet normal -0.233342 0.972395 0
    outer loop
      vertex -10.1883 10.2885 3
      vertex -10.5446 10.203 80
      vertex -10.1883 10.2885 80
    endloop
  endfacet
  facet normal -0.233342 0.972395 0
    outer loop
      vertex -10.5446 10.203 80
      vertex -10.1883 10.2885 3
      vertex -10.5446 10.203 3
    endloop
  endfacet
  facet normal -0.182246 0.983253 0
    outer loop
      vertex -10.5446 10.203 3
      vertex -10.905 10.1362 80
      vertex -10.5446 10.203 80
    endloop
  endfacet
  facet normal -0.182246 0.983253 0
    outer loop
      vertex -10.905 10.1362 80
      vertex -10.5446 10.203 3
      vertex -10.905 10.1362 3
    endloop
  endfacet
  facet normal 0.972395 -0.233342 0
    outer loop
      vertex -18.847 18.5054 80
      vertex -18.7615 18.8617 3
      vertex -18.7615 18.8617 80
    endloop
  endfacet
  facet normal 0.972395 -0.233342 0
    outer loop
      vertex -18.7615 18.8617 3
      vertex -18.847 18.5054 80
      vertex -18.847 18.5054 3
    endloop
  endfacet
  facet normal 0.522498 -0.85264 0
    outer loop
      vertex -15.8125 22.9207 3
      vertex -15.5 23.1122 80
      vertex -15.8125 22.9207 80
    endloop
  endfacet
  facet normal 0.522498 -0.85264 0
    outer loop
      vertex -15.5 23.1122 80
      vertex -15.8125 22.9207 3
      vertex -15.5 23.1122 3
    endloop
  endfacet
  facet normal -0.284027 -0.958816 0
    outer loop
      vertex -10.1883 23.8115 3
      vertex -9.83688 23.7074 80
      vertex -10.1883 23.8115 80
    endloop
  endfacet
  facet normal -0.284027 -0.958816 -0
    outer loop
      vertex -9.83688 23.7074 80
      vertex -10.1883 23.8115 3
      vertex -9.83688 23.7074 3
    endloop
  endfacet
  facet normal -0.852653 0.522478 0
    outer loop
      vertex -6.12931 13.2375 3
      vertex -5.93782 13.55 80
      vertex -5.93782 13.55 3
    endloop
  endfacet
  facet normal -0.852653 0.522478 0
    outer loop
      vertex -5.93782 13.55 80
      vertex -6.12931 13.2375 3
      vertex -6.12931 13.2375 80
    endloop
  endfacet
  facet normal 0.0261919 -0.999657 0
    outer loop
      vertex -12.3664 24.0404 3
      vertex -12 24.05 80
      vertex -12.3664 24.0404 80
    endloop
  endfacet
  facet normal 0.0261919 -0.999657 0
    outer loop
      vertex -12 24.05 80
      vertex -12.3664 24.0404 3
      vertex -12 24.05 3
    endloop
  endfacet
  facet normal 0 0 1
    outer loop
      vertex -5.00959 17.4164 3
      vertex -5.00959 16.6836 3
      vertex -5 17.05 3
    endloop
  endfacet
  facet normal 0 0 1
    outer loop
      vertex -5.03835 17.7817 3
      vertex -5.00959 16.6836 3
      vertex -5.00959 17.4164 3
    endloop
  endfacet
  facet normal 0 0 1
    outer loop
      vertex -5.03835 17.7817 3
      vertex -5.03835 16.3183 3
      vertex -5.00959 16.6836 3
    endloop
  endfacet
  facet normal 0 0 1
    outer loop
      vertex -5.08618 18.145 3
      vertex -5.03835 16.3183 3
      vertex -5.03835 17.7817 3
    endloop
  endfacet
  facet normal 0 0 1
    outer loop
      vertex -5.08618 18.145 3
      vertex -5.08618 15.955 3
      vertex -5.03835 16.3183 3
    endloop
  endfacet
  facet normal 0 0 1
    outer loop
      vertex -5.15297 18.5054 3
      vertex -5.08618 15.955 3
      vertex -5.08618 18.145 3
    endloop
  endfacet
  facet normal 0 0 1
    outer loop
      vertex -5.15297 18.5054 3
      vertex -5.15297 15.5946 3
      vertex -5.08618 15.955 3
    endloop
  endfacet
  facet normal 0 0 1
    outer loop
      vertex -5.23852 18.8617 3
      vertex -5.15297 15.5946 3
      vertex -5.15297 18.5054 3
    endloop
  endfacet
  facet normal 0 0 1
    outer loop
      vertex -5.23852 18.8617 3
      vertex -5.23852 15.2383 3
      vertex -5.15297 15.5946 3
    endloop
  endfacet
  facet normal 0 0 1
    outer loop
      vertex -5.3426 19.2131 3
      vertex -5.23852 15.2383 3
      vertex -5.23852 18.8617 3
    endloop
  endfacet
  facet normal 0 0 1
    outer loop
      vertex -5.3426 19.2131 3
      vertex -5.3426 14.8869 3
      vertex -5.23852 15.2383 3
    endloop
  endfacet
  facet normal 0 0 1
    outer loop
      vertex -5.46494 19.5586 3
      vertex -5.3426 14.8869 3
      vertex -5.3426 19.2131 3
    endloop
  endfacet
  facet normal 0 0 1
    outer loop
      vertex -5.46494 19.5586 3
      vertex -5.46494 14.5414 3
      vertex -5.3426 14.8869 3
    endloop
  endfacet
  facet normal 0 0 1
    outer loop
      vertex -5.60518 19.8972 3
      vertex -5.46494 14.5414 3
      vertex -5.46494 19.5586 3
    endloop
  endfacet
  facet normal 0 0 1
    outer loop
      vertex -5.60518 19.8972 3
      vertex -5.60518 14.2028 3
      vertex -5.46494 14.5414 3
    endloop
  endfacet
  facet normal 0 0 1
    outer loop
      vertex -5.76295 20.2279 3
      vertex -5.60518 14.2028 3
      vertex -5.60518 19.8972 3
    endloop
  endfacet
  facet normal 0 0 1
    outer loop
      vertex -5.76295 20.2279 3
      vertex -5.76295 13.8721 3
      vertex -5.60518 14.2028 3
    endloop
  endfacet
  facet normal 0 0 1
    outer loop
      vertex -5.93782 20.55 3
      vertex -5.76295 13.8721 3
      vertex -5.76295 20.2279 3
    endloop
  endfacet
  facet normal 0 0 1
    outer loop
      vertex -5.93782 20.55 3
      vertex -5.93782 13.55 3
      vertex -5.76295 13.8721 3
    endloop
  endfacet
  facet normal 0 0 1
    outer loop
      vertex -6.12931 20.8625 3
      vertex -5.93782 13.55 3
      vertex -5.93782 20.55 3
    endloop
  endfacet
  facet normal 0 0 1
    outer loop
      vertex -6.12931 20.8625 3
      vertex -6.12931 13.2375 3
      vertex -5.93782 13.55 3
    endloop
  endfacet
  facet normal 0 0 1
    outer loop
      vertex -6.33688 21.1645 3
      vertex -6.12931 13.2375 3
      vertex -6.12931 20.8625 3
    endloop
  endfacet
  facet normal 0 0 1
    outer loop
      vertex -6.33688 21.1645 3
      vertex -6.33688 12.9355 3
      vertex -6.12931 13.2375 3
    endloop
  endfacet
  facet normal 0 0 1
    outer loop
      vertex -6.55998 21.4552 3
      vertex -6.33688 12.9355 3
      vertex -6.33688 21.1645 3
    endloop
  endfacet
  facet normal 0 0 1
    outer loop
      vertex -6.55998 21.4552 3
      vertex -6.55998 12.6448 3
      vertex -6.33688 12.9355 3
    endloop
  endfacet
  facet normal 0 0 1
    outer loop
      vertex -6.79799 21.7339 3
      vertex -6.55998 12.6448 3
      vertex -6.55998 21.4552 3
    endloop
  endfacet
  facet normal 0 0 1
    outer loop
      vertex -6.79799 21.7339 3
      vertex -6.79799 12.3661 3
      vertex -6.55998 12.6448 3
    endloop
  endfacet
  facet normal 0 0 1
    outer loop
      vertex -7.05025 21.9997 3
      vertex -6.79799 12.3661 3
      vertex -6.79799 21.7339 3
    endloop
  endfacet
  facet normal 0 0 1
    outer loop
      vertex -7.05025 21.9997 3
      vertex -7.05025 12.1003 3
      vertex -6.79799 12.3661 3
    endloop
  endfacet
  facet normal 0 0 1
    outer loop
      vertex -7.31608 22.252 3
      vertex -7.05025 12.1003 3
      vertex -7.05025 21.9997 3
    endloop
  endfacet
  facet normal 0 0 1
    outer loop
      vertex -7.31608 22.252 3
      vertex -7.31608 11.848 3
      vertex -7.05025 12.1003 3
    endloop
  endfacet
  facet normal 0 0 1
    outer loop
      vertex -7.59476 22.49 3
      vertex -7.31608 11.848 3
      vertex -7.31608 22.252 3
    endloop
  endfacet
  facet normal 0 0 1
    outer loop
      vertex -7.59476 22.49 3
      vertex -7.59476 11.61 3
      vertex -7.31608 11.848 3
    endloop
  endfacet
  facet normal 0 0 1
    outer loop
      vertex -7.8855 22.7131 3
      vertex -7.59476 11.61 3
      vertex -7.59476 22.49 3
    endloop
  endfacet
  facet normal 0 0 1
    outer loop
      vertex -7.8855 22.7131 3
      vertex -7.8855 11.3869 3
      vertex -7.59476 11.61 3
    endloop
  endfacet
  facet normal 0 0 1
    outer loop
      vertex -8.18753 22.9207 3
      vertex -7.8855 11.3869 3
      vertex -7.8855 22.7131 3
    endloop
  endfacet
  facet normal 0 0 1
    outer loop
      vertex -8.18753 22.9207 3
      vertex -8.18753 11.1793 3
      vertex -7.8855 11.3869 3
    endloop
  endfacet
  facet normal 0 0 1
    outer loop
      vertex -8.5 23.1122 3
      vertex -8.18753 11.1793 3
      vertex -8.18753 22.9207 3
    endloop
  endfacet
  facet normal 0 0 1
    outer loop
      vertex -8.5 23.1122 3
      vertex -8.5 10.9878 3
      vertex -8.18753 11.1793 3
    endloop
  endfacet
  facet normal 0 0 1
    outer loop
      vertex -8.82207 23.287 3
      vertex -8.5 10.9878 3
      vertex -8.5 23.1122 3
    endloop
  endfacet
  facet normal 0 0 1
    outer loop
      vertex -8.82207 23.287 3
      vertex -8.82207 10.813 3
      vertex -8.5 10.9878 3
    endloop
  endfacet
  facet normal 0 0 1
    outer loop
      vertex -9.15284 23.4448 3
      vertex -8.82207 10.813 3
      vertex -8.82207 23.287 3
    endloop
  endfacet
  facet normal 0 0 1
    outer loop
      vertex -9.15284 23.4448 3
      vertex -9.15284 10.6552 3
      vertex -8.82207 10.813 3
    endloop
  endfacet
  facet normal 0 0 1
    outer loop
      vertex -9.49142 23.5851 3
      vertex -9.15284 10.6552 3
      vertex -9.15284 23.4448 3
    endloop
  endfacet
  facet normal 0 0 1
    outer loop
      vertex -9.49142 23.5851 3
      vertex -9.49142 10.5149 3
      vertex -9.15284 10.6552 3
    endloop
  endfacet
  facet normal 0 0 1
    outer loop
      vertex -9.83688 23.7074 3
      vertex -9.49142 10.5149 3
      vertex -9.49142 23.5851 3
    endloop
  endfacet
  facet normal 0 0 1
    outer loop
      vertex -9.83688 23.7074 3
      vertex -9.83688 10.3926 3
      vertex -9.49142 10.5149 3
    endloop
  endfacet
  facet normal 0 0 1
    outer loop
      vertex -10.1883 23.8115 3
      vertex -9.83688 10.3926 3
      vertex -9.83688 23.7074 3
    endloop
  endfacet
  facet normal 0 0 1
    outer loop
      vertex -10.1883 23.8115 3
      vertex -10.1883 10.2885 3
      vertex -9.83688 10.3926 3
    endloop
  endfacet
  facet normal 0 0 1
    outer loop
      vertex -10.5446 23.897 3
      vertex -10.1883 10.2885 3
      vertex -10.1883 23.8115 3
    endloop
  endfacet
  facet normal 0 0 1
    outer loop
      vertex -10.5446 23.897 3
      vertex -10.5446 10.203 3
      vertex -10.1883 10.2885 3
    endloop
  endfacet
  facet normal 0 0 1
    outer loop
      vertex -10.905 23.9638 3
      vertex -10.5446 10.203 3
      vertex -10.5446 23.897 3
    endloop
  endfacet
  facet normal 0 0 1
    outer loop
      vertex -10.905 23.9638 3
      vertex -10.905 10.1362 3
      vertex -10.5446 10.203 3
    endloop
  endfacet
  facet normal 0 0 1
    outer loop
      vertex -11.2683 24.0117 3
      vertex -10.905 10.1362 3
      vertex -10.905 23.9638 3
    endloop
  endfacet
  facet normal 0 0 1
    outer loop
      vertex -11.2683 24.0117 3
      vertex -11.2683 10.0883 3
      vertex -10.905 10.1362 3
    endloop
  endfacet
  facet normal 0 0 1
    outer loop
      vertex -11.6336 24.0404 3
      vertex -11.2683 10.0883 3
      vertex -11.2683 24.0117 3
    endloop
  endfacet
  facet normal 0 0 1
    outer loop
      vertex -11.6336 24.0404 3
      vertex -11.6336 10.0596 3
      vertex -11.2683 10.0883 3
    endloop
  endfacet
  facet normal 0 0 1
    outer loop
      vertex -12 24.05 3
      vertex -11.6336 10.0596 3
      vertex -11.6336 24.0404 3
    endloop
  endfacet
  facet normal 0 0 1
    outer loop
      vertex -12 24.05 3
      vertex -12 10.05 3
      vertex -11.6336 10.0596 3
    endloop
  endfacet
  facet normal -0 0 1
    outer loop
      vertex -12.3664 24.0404 3
      vertex -12 10.05 3
      vertex -12 24.05 3
    endloop
  endfacet
  facet normal 0 0 1
    outer loop
      vertex -12.3664 24.0404 3
      vertex -12.3664 10.0596 3
      vertex -12 10.05 3
    endloop
  endfacet
  facet normal -0 0 1
    outer loop
      vertex -12.7317 24.0117 3
      vertex -12.3664 10.0596 3
      vertex -12.3664 24.0404 3
    endloop
  endfacet
  facet normal 0 0 1
    outer loop
      vertex -12.7317 24.0117 3
      vertex -12.7317 10.0883 3
      vertex -12.3664 10.0596 3
    endloop
  endfacet
  facet normal -0 0 1
    outer loop
      vertex -13.095 23.9638 3
      vertex -12.7317 10.0883 3
      vertex -12.7317 24.0117 3
    endloop
  endfacet
  facet normal 0 0 1
    outer loop
      vertex -13.095 23.9638 3
      vertex -13.095 10.1362 3
      vertex -12.7317 10.0883 3
    endloop
  endfacet
  facet normal -0 0 1
    outer loop
      vertex -13.4554 23.897 3
      vertex -13.095 10.1362 3
      vertex -13.095 23.9638 3
    endloop
  endfacet
  facet normal 0 0 1
    outer loop
      vertex -13.4554 23.897 3
      vertex -13.4554 10.203 3
      vertex -13.095 10.1362 3
    endloop
  endfacet
  facet normal -0 0 1
    outer loop
      vertex -13.8117 23.8115 3
      vertex -13.4554 10.203 3
      vertex -13.4554 23.897 3
    endloop
  endfacet
  facet normal 0 0 1
    outer loop
      vertex -13.8117 23.8115 3
      vertex -13.8117 10.2885 3
      vertex -13.4554 10.203 3
    endloop
  endfacet
  facet normal -0 0 1
    outer loop
      vertex -14.1631 23.7074 3
      vertex -13.8117 10.2885 3
      vertex -13.8117 23.8115 3
    endloop
  endfacet
  facet normal 0 0 1
    outer loop
      vertex -14.1631 23.7074 3
      vertex -14.1631 10.3926 3
      vertex -13.8117 10.2885 3
    endloop
  endfacet
  facet normal -0 0 1
    outer loop
      vertex -14.5086 23.5851 3
      vertex -14.1631 10.3926 3
      vertex -14.1631 23.7074 3
    endloop
  endfacet
  facet normal 0 0 1
    outer loop
      vertex -14.5086 23.5851 3
      vertex -14.5086 10.5149 3
      vertex -14.1631 10.3926 3
    endloop
  endfacet
  facet normal -0 0 1
    outer loop
      vertex -14.8472 23.4448 3
      vertex -14.5086 10.5149 3
      vertex -14.5086 23.5851 3
    endloop
  endfacet
  facet normal 0 0 1
    outer loop
      vertex -14.8472 23.4448 3
      vertex -14.8472 10.6552 3
      vertex -14.5086 10.5149 3
    endloop
  endfacet
  facet normal -0 0 1
    outer loop
      vertex -15.1779 23.287 3
      vertex -14.8472 10.6552 3
      vertex -14.8472 23.4448 3
    endloop
  endfacet
  facet normal 0 0 1
    outer loop
      vertex -15.1779 23.287 3
      vertex -15.1779 10.813 3
      vertex -14.8472 10.6552 3
    endloop
  endfacet
  facet normal -0 0 1
    outer loop
      vertex -15.5 23.1122 3
      vertex -15.1779 10.813 3
      vertex -15.1779 23.287 3
    endloop
  endfacet
  facet normal 0 0 1
    outer loop
      vertex -15.5 23.1122 3
      vertex -15.5 10.9878 3
      vertex -15.1779 10.813 3
    endloop
  endfacet
  facet normal -0 0 1
    outer loop
      vertex -15.8125 22.9207 3
      vertex -15.5 10.9878 3
      vertex -15.5 23.1122 3
    endloop
  endfacet
  facet normal 0 0 1
    outer loop
      vertex -15.8125 22.9207 3
      vertex -15.8125 11.1793 3
      vertex -15.5 10.9878 3
    endloop
  endfacet
  facet normal -0 0 1
    outer loop
      vertex -16.1145 22.7131 3
      vertex -15.8125 11.1793 3
      vertex -15.8125 22.9207 3
    endloop
  endfacet
  facet normal 0 0 1
    outer loop
      vertex -16.1145 22.7131 3
      vertex -16.1145 11.3869 3
      vertex -15.8125 11.1793 3
    endloop
  endfacet
  facet normal -0 0 1
    outer loop
      vertex -16.4052 22.49 3
      vertex -16.1145 11.3869 3
      vertex -16.1145 22.7131 3
    endloop
  endfacet
  facet normal 0 0 1
    outer loop
      vertex -16.4052 22.49 3
      vertex -16.4052 11.61 3
      vertex -16.1145 11.3869 3
    endloop
  endfacet
  facet normal -0 0 1
    outer loop
      vertex -16.6839 22.252 3
      vertex -16.4052 11.61 3
      vertex -16.4052 22.49 3
    endloop
  endfacet
  facet normal 0 0 1
    outer loop
      vertex -16.6839 22.252 3
      vertex -16.6839 11.848 3
      vertex -16.4052 11.61 3
    endloop
  endfacet
  facet normal -0 0 1
    outer loop
      vertex -16.9497 21.9997 3
      vertex -16.6839 11.848 3
      vertex -16.6839 22.252 3
    endloop
  endfacet
  facet normal 0 0 1
    outer loop
      vertex -16.9497 21.9997 3
      vertex -16.9497 12.1003 3
      vertex -16.6839 11.848 3
    endloop
  endfacet
  facet normal -0 0 1
    outer loop
      vertex -17.202 21.7339 3
      vertex -16.9497 12.1003 3
      vertex -16.9497 21.9997 3
    endloop
  endfacet
  facet normal 0 0 1
    outer loop
      vertex -17.202 21.7339 3
      vertex -17.202 12.3661 3
      vertex -16.9497 12.1003 3
    endloop
  endfacet
  facet normal -0 0 1
    outer loop
      vertex -17.44 21.4552 3
      vertex -17.202 12.3661 3
      vertex -17.202 21.7339 3
    endloop
  endfacet
  facet normal 0 0 1
    outer loop
      vertex -17.44 21.4552 3
      vertex -17.44 12.6448 3
      vertex -17.202 12.3661 3
    endloop
  endfacet
  facet normal -0 0 1
    outer loop
      vertex -17.6631 21.1645 3
      vertex -17.44 12.6448 3
      vertex -17.44 21.4552 3
    endloop
  endfacet
  facet normal 0 0 1
    outer loop
      vertex -17.6631 21.1645 3
      vertex -17.6631 12.9355 3
      vertex -17.44 12.6448 3
    endloop
  endfacet
  facet normal -0 0 1
    outer loop
      vertex -17.8707 20.8625 3
      vertex -17.6631 12.9355 3
      vertex -17.6631 21.1645 3
    endloop
  endfacet
  facet normal 0 0 1
    outer loop
      vertex -17.8707 20.8625 3
      vertex -17.8707 13.2375 3
      vertex -17.6631 12.9355 3
    endloop
  endfacet
  facet normal -0 0 1
    outer loop
      vertex -18.0622 20.55 3
      vertex -17.8707 13.2375 3
      vertex -17.8707 20.8625 3
    endloop
  endfacet
  facet normal 0 0 1
    outer loop
      vertex -18.0622 20.55 3
      vertex -18.0622 13.55 3
      vertex -17.8707 13.2375 3
    endloop
  endfacet
  facet normal -0 0 1
    outer loop
      vertex -18.237 20.2279 3
      vertex -18.0622 13.55 3
      vertex -18.0622 20.55 3
    endloop
  endfacet
  facet normal 0 0 1
    outer loop
      vertex -18.237 20.2279 3
      vertex -18.237 13.8721 3
      vertex -18.0622 13.55 3
    endloop
  endfacet
  facet normal -0 0 1
    outer loop
      vertex -18.3948 19.8972 3
      vertex -18.237 13.8721 3
      vertex -18.237 20.2279 3
    endloop
  endfacet
  facet normal 0 0 1
    outer loop
      vertex -18.3948 19.8972 3
      vertex -18.3948 14.2028 3
      vertex -18.237 13.8721 3
    endloop
  endfacet
  facet normal -0 0 1
    outer loop
      vertex -18.5351 19.5586 3
      vertex -18.3948 14.2028 3
      vertex -18.3948 19.8972 3
    endloop
  endfacet
  facet normal 0 0 1
    outer loop
      vertex -18.5351 19.5586 3
      vertex -18.5351 14.5414 3
      vertex -18.3948 14.2028 3
    endloop
  endfacet
  facet normal -0 0 1
    outer loop
      vertex -18.6574 19.2131 3
      vertex -18.5351 14.5414 3
      vertex -18.5351 19.5586 3
    endloop
  endfacet
  facet normal 0 0 1
    outer loop
      vertex -18.6574 19.2131 3
      vertex -18.6574 14.8869 3
      vertex -18.5351 14.5414 3
    endloop
  endfacet
  facet normal -0 0 1
    outer loop
      vertex -18.7615 18.8617 3
      vertex -18.6574 14.8869 3
      vertex -18.6574 19.2131 3
    endloop
  endfacet
  facet normal 0 0 1
    outer loop
      vertex -18.7615 18.8617 3
      vertex -18.7615 15.2383 3
      vertex -18.6574 14.8869 3
    endloop
  endfacet
  facet normal -0 0 1
    outer loop
      vertex -18.847 18.5054 3
      vertex -18.7615 15.2383 3
      vertex -18.7615 18.8617 3
    endloop
  endfacet
  facet normal 0 0 1
    outer loop
      vertex -18.847 18.5054 3
      vertex -18.847 15.5946 3
      vertex -18.7615 15.2383 3
    endloop
  endfacet
  facet normal -0 0 1
    outer loop
      vertex -18.9138 18.145 3
      vertex -18.847 15.5946 3
      vertex -18.847 18.5054 3
    endloop
  endfacet
  facet normal 0 0 1
    outer loop
      vertex -18.9138 18.145 3
      vertex -18.9138 15.955 3
      vertex -18.847 15.5946 3
    endloop
  endfacet
  facet normal -0 0 1
    outer loop
      vertex -18.9617 17.7817 3
      vertex -18.9138 15.955 3
      vertex -18.9138 18.145 3
    endloop
  endfacet
  facet normal 0 0 1
    outer loop
      vertex -18.9617 17.7817 3
      vertex -18.9617 16.3183 3
      vertex -18.9138 15.955 3
    endloop
  endfacet
  facet normal -0 0 1
    outer loop
      vertex -18.9904 17.4164 3
      vertex -18.9617 16.3183 3
      vertex -18.9617 17.7817 3
    endloop
  endfacet
  facet normal 0 0 1
    outer loop
      vertex -18.9904 17.4164 3
      vertex -18.9904 16.6836 3
      vertex -18.9617 16.3183 3
    endloop
  endfacet
  facet normal 0 -0 1
    outer loop
      vertex -18.9904 16.6836 3
      vertex -18.9904 17.4164 3
      vertex -19 17.05 3
    endloop
  endfacet
  facet normal 0.824074 0.566482 0
    outer loop
      vertex -17.6631 12.9355 80
      vertex -17.8707 13.2375 3
      vertex -17.8707 13.2375 80
    endloop
  endfacet
  facet normal 0.824074 0.566482 0
    outer loop
      vertex -17.8707 13.2375 3
      vertex -17.6631 12.9355 80
      vertex -17.6631 12.9355 3
    endloop
  endfacet
  facet normal 0.923834 0.382794 0
    outer loop
      vertex -18.3948 14.2028 80
      vertex -18.5351 14.5414 3
      vertex -18.5351 14.5414 80
    endloop
  endfacet
  facet normal 0.923834 0.382794 0
    outer loop
      vertex -18.5351 14.5414 3
      vertex -18.3948 14.2028 80
      vertex -18.3948 14.2028 3
    endloop
  endfacet
  facet normal 0.0261919 0.999657 -0
    outer loop
      vertex -12 10.05 3
      vertex -12.3664 10.0596 80
      vertex -12 10.05 80
    endloop
  endfacet
  facet normal 0.0261919 0.999657 0
    outer loop
      vertex -12.3664 10.0596 80
      vertex -12 10.05 3
      vertex -12.3664 10.0596 3
    endloop
  endfacet
  facet normal 0.902517 -0.430654 0
    outer loop
      vertex -18.3948 19.8972 80
      vertex -18.237 20.2279 3
      vertex -18.237 20.2279 80
    endloop
  endfacet
  facet normal 0.902517 -0.430654 0
    outer loop
      vertex -18.237 20.2279 3
      vertex -18.3948 19.8972 80
      vertex -18.3948 19.8972 3
    endloop
  endfacet
  facet normal 0.923834 -0.382794 0
    outer loop
      vertex -18.5351 19.5586 80
      vertex -18.3948 19.8972 3
      vertex -18.3948 19.8972 80
    endloop
  endfacet
  facet normal 0.923834 -0.382794 0
    outer loop
      vertex -18.3948 19.8972 3
      vertex -18.5351 19.5586 80
      vertex -18.5351 19.5586 3
    endloop
  endfacet
  facet normal -0.923892 0.382654 0
    outer loop
      vertex -5.60518 14.2028 3
      vertex -5.46494 14.5414 80
      vertex -5.46494 14.5414 3
    endloop
  endfacet
  facet normal -0.923892 0.382654 0
    outer loop
      vertex -5.46494 14.5414 80
      vertex -5.60518 14.2028 3
      vertex -5.60518 14.2028 80
    endloop
  endfacet
  facet normal 0.878916 0.476977 0
    outer loop
      vertex -18.0622 13.55 80
      vertex -18.237 13.8721 3
      vertex -18.237 13.8721 80
    endloop
  endfacet
  facet normal 0.878916 0.476977 0
    outer loop
      vertex -18.237 13.8721 3
      vertex -18.0622 13.55 80
      vertex -18.0622 13.55 3
    endloop
  endfacet
  facet normal 0.476977 0.878916 -0
    outer loop
      vertex -15.1779 10.813 3
      vertex -15.5 10.9878 80
      vertex -15.1779 10.813 80
    endloop
  endfacet
  facet normal 0.476977 0.878916 0
    outer loop
      vertex -15.5 10.9878 80
      vertex -15.1779 10.813 3
      vertex -15.5 10.9878 3
    endloop
  endfacet
  facet normal 0.972395 0.233342 0
    outer loop
      vertex -18.7615 15.2383 80
      vertex -18.847 15.5946 3
      vertex -18.847 15.5946 80
    endloop
  endfacet
  facet normal 0.972395 0.233342 0
    outer loop
      vertex -18.847 15.5946 3
      vertex -18.7615 15.2383 80
      vertex -18.7615 15.2383 3
    endloop
  endfacet
  facet normal 0.566482 0.824074 -0
    outer loop
      vertex -15.8125 11.1793 3
      vertex -16.1145 11.3869 80
      vertex -15.8125 11.1793 80
    endloop
  endfacet
  facet normal 0.566482 0.824074 0
    outer loop
      vertex -16.1145 11.3869 80
      vertex -15.8125 11.1793 3
      vertex -16.1145 11.3869 3
    endloop
  endfacet
  facet normal 0.902517 0.430654 0
    outer loop
      vertex -18.237 13.8721 80
      vertex -18.3948 14.2028 3
      vertex -18.3948 14.2028 80
    endloop
  endfacet
  facet normal 0.902517 0.430654 0
    outer loop
      vertex -18.3948 14.2028 3
      vertex -18.237 13.8721 80
      vertex -18.237 13.8721 3
    endloop
  endfacet
  facet normal -0.0783242 0.996928 0
    outer loop
      vertex 12.7317 10.0883 3
      vertex 12.3664 10.0596 80
      vertex 12.7317 10.0883 80
    endloop
  endfacet
  facet normal -0.0783242 0.996928 0
    outer loop
      vertex 12.3664 10.0596 80
      vertex 12.7317 10.0883 3
      vertex 12.3664 10.0596 3
    endloop
  endfacet
  facet normal 0.923892 -0.382654 0
    outer loop
      vertex 5.46494 19.5586 80
      vertex 5.60518 19.8972 3
      vertex 5.60518 19.8972 80
    endloop
  endfacet
  facet normal 0.923892 -0.382654 0
    outer loop
      vertex 5.60518 19.8972 3
      vertex 5.46494 19.5586 80
      vertex 5.46494 19.5586 3
    endloop
  endfacet
  facet normal -0.972395 -0.233342 0
    outer loop
      vertex 18.847 18.5054 3
      vertex 18.7615 18.8617 80
      vertex 18.7615 18.8617 3
    endloop
  endfacet
  facet normal -0.972395 -0.233342 0
    outer loop
      vertex 18.7615 18.8617 80
      vertex 18.847 18.5054 3
      vertex 18.847 18.5054 80
    endloop
  endfacet
  facet normal 0.852653 -0.522478 0
    outer loop
      vertex 5.93782 20.55 80
      vertex 6.12931 20.8625 3
      vertex 6.12931 20.8625 80
    endloop
  endfacet
  facet normal 0.852653 -0.522478 0
    outer loop
      vertex 6.12931 20.8625 3
      vertex 5.93782 20.55 80
      vertex 5.93782 20.55 3
    endloop
  endfacet
  facet normal -0.430654 -0.902517 0
    outer loop
      vertex 14.8472 23.4448 3
      vertex 15.1779 23.287 80
      vertex 14.8472 23.4448 80
    endloop
  endfacet
  facet normal -0.430654 -0.902517 -0
    outer loop
      vertex 15.1779 23.287 80
      vertex 14.8472 23.4448 3
      vertex 15.1779 23.287 3
    endloop
  endfacet
  facet normal -0.793303 -0.608827 0
    outer loop
      vertex 17.6631 21.1645 3
      vertex 17.44 21.4552 80
      vertex 17.44 21.4552 3
    endloop
  endfacet
  facet normal -0.793303 -0.608827 0
    outer loop
      vertex 17.44 21.4552 80
      vertex 17.6631 21.1645 3
      vertex 17.6631 21.1645 80
    endloop
  endfacet
  facet normal 0.983258 0.182219 0
    outer loop
      vertex 5.15297 15.5946 80
      vertex 5.08618 15.955 3
      vertex 5.08618 15.955 80
    endloop
  endfacet
  facet normal 0.983258 0.182219 0
    outer loop
      vertex 5.08618 15.955 3
      vertex 5.15297 15.5946 80
      vertex 5.15297 15.5946 3
    endloop
  endfacet
  facet normal 0.284027 -0.958816 0
    outer loop
      vertex 9.83688 23.7074 3
      vertex 10.1883 23.8115 80
      vertex 9.83688 23.7074 80
    endloop
  endfacet
  facet normal 0.284027 -0.958816 0
    outer loop
      vertex 10.1883 23.8115 80
      vertex 9.83688 23.7074 3
      vertex 10.1883 23.8115 3
    endloop
  endfacet
  facet normal -0.760449 0.649397 0
    outer loop
      vertex 17.202 12.3661 3
      vertex 17.44 12.6448 80
      vertex 17.44 12.6448 3
    endloop
  endfacet
  facet normal -0.760449 0.649397 0
    outer loop
      vertex 17.44 12.6448 80
      vertex 17.202 12.3661 3
      vertex 17.202 12.3661 80
    endloop
  endfacet
  facet normal 0.333725 0.942671 -0
    outer loop
      vertex 9.83688 10.3926 3
      vertex 9.49142 10.5149 80
      vertex 9.83688 10.3926 80
    endloop
  endfacet
  facet normal 0.333725 0.942671 0
    outer loop
      vertex 9.49142 10.5149 80
      vertex 9.83688 10.3926 3
      vertex 9.49142 10.5149 3
    endloop
  endfacet
  facet normal -0.996928 -0.0783242 0
    outer loop
      vertex 18.9904 17.4164 3
      vertex 18.9617 17.7817 80
      vertex 18.9617 17.7817 3
    endloop
  endfacet
  facet normal -0.996928 -0.0783242 0
    outer loop
      vertex 18.9617 17.7817 80
      vertex 18.9904 17.4164 3
      vertex 18.9904 17.4164 80
    endloop
  endfacet
  facet normal 0.793303 0.608827 0
    outer loop
      vertex 6.55998 12.6448 80
      vertex 6.33688 12.9355 3
      vertex 6.33688 12.9355 80
    endloop
  endfacet
  facet normal 0.793303 0.608827 0
    outer loop
      vertex 6.33688 12.9355 3
      vertex 6.55998 12.6448 80
      vertex 6.55998 12.6448 3
    endloop
  endfacet
  facet normal -0.649397 -0.760449 0
    outer loop
      vertex 16.4052 22.49 3
      vertex 16.6839 22.252 80
      vertex 16.4052 22.49 80
    endloop
  endfacet
  facet normal -0.649397 -0.760449 -0
    outer loop
      vertex 16.6839 22.252 80
      vertex 16.4052 22.49 3
      vertex 16.6839 22.252 3
    endloop
  endfacet
  facet normal -0.824074 -0.566482 0
    outer loop
      vertex 17.8707 20.8625 3
      vertex 17.6631 21.1645 80
      vertex 17.6631 21.1645 3
    endloop
  endfacet
  facet normal -0.824074 -0.566482 0
    outer loop
      vertex 17.6631 21.1645 80
      vertex 17.8707 20.8625 3
      vertex 17.8707 20.8625 80
    endloop
  endfacet
  facet normal 0.182246 -0.983253 0
    outer loop
      vertex 10.5446 23.897 3
      vertex 10.905 23.9638 80
      vertex 10.5446 23.897 80
    endloop
  endfacet
  facet normal 0.182246 -0.983253 0
    outer loop
      vertex 10.905 23.9638 80
      vertex 10.5446 23.897 3
      vertex 10.905 23.9638 3
    endloop
  endfacet
  facet normal -0.999657 -0.0261919 0
    outer loop
      vertex 19 17.05 3
      vertex 18.9904 17.4164 80
      vertex 18.9904 17.4164 3
    endloop
  endfacet
  facet normal -0.999657 -0.0261919 0
    outer loop
      vertex 18.9904 17.4164 80
      vertex 19 17.05 3
      vertex 19 17.05 80
    endloop
  endfacet
  facet normal -0.999657 0.0261919 0
    outer loop
      vertex 18.9904 16.6836 3
      vertex 19 17.05 80
      vertex 19 17.05 3
    endloop
  endfacet
  facet normal -0.999657 0.0261919 0
    outer loop
      vertex 19 17.05 80
      vertex 18.9904 16.6836 3
      vertex 18.9904 16.6836 80
    endloop
  endfacet
  facet normal -0.382794 0.923834 0
    outer loop
      vertex 14.8472 10.6552 3
      vertex 14.5086 10.5149 80
      vertex 14.8472 10.6552 80
    endloop
  endfacet
  facet normal -0.382794 0.923834 0
    outer loop
      vertex 14.5086 10.5149 80
      vertex 14.8472 10.6552 3
      vertex 14.5086 10.5149 3
    endloop
  endfacet
  facet normal -0.902517 0.430654 0
    outer loop
      vertex 18.237 13.8721 3
      vertex 18.3948 14.2028 80
      vertex 18.3948 14.2028 3
    endloop
  endfacet
  facet normal -0.902517 0.430654 0
    outer loop
      vertex 18.3948 14.2028 80
      vertex 18.237 13.8721 3
      vertex 18.237 13.8721 80
    endloop
  endfacet
  facet normal -0.878916 0.476977 0
    outer loop
      vertex 18.0622 13.55 3
      vertex 18.237 13.8721 80
      vertex 18.237 13.8721 3
    endloop
  endfacet
  facet normal -0.878916 0.476977 0
    outer loop
      vertex 18.237 13.8721 80
      vertex 18.0622 13.55 3
      vertex 18.0622 13.55 80
    endloop
  endfacet
  facet normal -0.983253 -0.182246 0
    outer loop
      vertex 18.9138 18.145 3
      vertex 18.847 18.5054 80
      vertex 18.847 18.5054 3
    endloop
  endfacet
  facet normal -0.983253 -0.182246 0
    outer loop
      vertex 18.847 18.5054 80
      vertex 18.9138 18.145 3
      vertex 18.9138 18.145 80
    endloop
  endfacet
  facet normal 0.0783242 0.996928 -0
    outer loop
      vertex 11.6336 10.0596 3
      vertex 11.2683 10.0883 80
      vertex 11.6336 10.0596 80
    endloop
  endfacet
  facet normal 0.0783242 0.996928 0
    outer loop
      vertex 11.2683 10.0883 80
      vertex 11.6336 10.0596 3
      vertex 11.2683 10.0883 3
    endloop
  endfacet
  facet normal -0.476977 0.878916 0
    outer loop
      vertex 15.5 10.9878 3
      vertex 15.1779 10.813 80
      vertex 15.5 10.9878 80
    endloop
  endfacet
  facet normal -0.476977 0.878916 0
    outer loop
      vertex 15.1779 10.813 80
      vertex 15.5 10.9878 3
      vertex 15.1779 10.813 3
    endloop
  endfacet
  facet normal 0.999658 0.0261646 0
    outer loop
      vertex 5.00959 16.6836 80
      vertex 5 17.05 3
      vertex 5 17.05 80
    endloop
  endfacet
  facet normal 0.999658 0.0261646 0
    outer loop
      vertex 5 17.05 3
      vertex 5.00959 16.6836 80
      vertex 5.00959 16.6836 3
    endloop
  endfacet
  facet normal -0.522498 0.85264 0
    outer loop
      vertex 15.8125 11.1793 3
      vertex 15.5 10.9878 80
      vertex 15.8125 11.1793 80
    endloop
  endfacet
  facet normal -0.522498 0.85264 0
    outer loop
      vertex 15.5 10.9878 80
      vertex 15.8125 11.1793 3
      vertex 15.5 10.9878 3
    endloop
  endfacet
  facet normal -0.522498 -0.85264 0
    outer loop
      vertex 15.5 23.1122 3
      vertex 15.8125 22.9207 80
      vertex 15.5 23.1122 80
    endloop
  endfacet
  facet normal -0.522498 -0.85264 -0
    outer loop
      vertex 15.8125 22.9207 80
      vertex 15.5 23.1122 3
      vertex 15.8125 22.9207 3
    endloop
  endfacet
  facet normal 0.972364 -0.233471 0
    outer loop
      vertex 5.15297 18.5054 80
      vertex 5.23852 18.8617 3
      vertex 5.23852 18.8617 80
    endloop
  endfacet
  facet normal 0.972364 -0.233471 0
    outer loop
      vertex 5.23852 18.8617 3
      vertex 5.15297 18.5054 80
      vertex 5.15297 18.5054 3
    endloop
  endfacet
  facet normal -0.942683 -0.333691 0
    outer loop
      vertex 18.6574 19.2131 3
      vertex 18.5351 19.5586 80
      vertex 18.5351 19.5586 3
    endloop
  endfacet
  facet normal -0.942683 -0.333691 0
    outer loop
      vertex 18.5351 19.5586 80
      vertex 18.6574 19.2131 3
      vertex 18.6574 19.2131 80
    endloop
  endfacet
  facet normal -0.983253 0.182246 0
    outer loop
      vertex 18.847 15.5946 3
      vertex 18.9138 15.955 80
      vertex 18.9138 15.955 3
    endloop
  endfacet
  facet normal -0.983253 0.182246 0
    outer loop
      vertex 18.9138 15.955 80
      vertex 18.847 15.5946 3
      vertex 18.847 15.5946 80
    endloop
  endfacet
  facet normal -0.972395 0.233342 0
    outer loop
      vertex 18.7615 15.2383 3
      vertex 18.847 15.5946 80
      vertex 18.847 15.5946 3
    endloop
  endfacet
  facet normal -0.972395 0.233342 0
    outer loop
      vertex 18.847 15.5946 80
      vertex 18.7615 15.2383 3
      vertex 18.7615 15.2383 80
    endloop
  endfacet
  facet normal 0.649424 -0.760426 0
    outer loop
      vertex 7.31608 22.252 3
      vertex 7.59476 22.49 80
      vertex 7.31608 22.252 80
    endloop
  endfacet
  facet normal 0.649424 -0.760426 0
    outer loop
      vertex 7.59476 22.49 80
      vertex 7.31608 22.252 3
      vertex 7.59476 22.49 3
    endloop
  endfacet
  facet normal 0.130716 0.99142 -0
    outer loop
      vertex 11.2683 10.0883 3
      vertex 10.905 10.1362 80
      vertex 11.2683 10.0883 80
    endloop
  endfacet
  facet normal 0.130716 0.99142 0
    outer loop
      vertex 10.905 10.1362 80
      vertex 11.2683 10.0883 3
      vertex 10.905 10.1362 3
    endloop
  endfacet
  facet normal -0.85264 -0.522498 0
    outer loop
      vertex 18.0622 20.55 3
      vertex 17.8707 20.8625 80
      vertex 17.8707 20.8625 3
    endloop
  endfacet
  facet normal -0.85264 -0.522498 0
    outer loop
      vertex 17.8707 20.8625 80
      vertex 18.0622 20.55 3
      vertex 18.0622 20.55 80
    endloop
  endfacet
  facet normal 0.958827 0.283992 0
    outer loop
      vertex 5.3426 14.8869 80
      vertex 5.23852 15.2383 3
      vertex 5.23852 15.2383 80
    endloop
  endfacet
  facet normal 0.958827 0.283992 0
    outer loop
      vertex 5.23852 15.2383 3
      vertex 5.3426 14.8869 80
      vertex 5.3426 14.8869 3
    endloop
  endfacet
  facet normal -0.99142 -0.130716 0
    outer loop
      vertex 18.9617 17.7817 3
      vertex 18.9138 18.145 80
      vertex 18.9138 18.145 3
    endloop
  endfacet
  facet normal -0.99142 -0.130716 0
    outer loop
      vertex 18.9138 18.145 80
      vertex 18.9617 17.7817 3
      vertex 18.9617 17.7817 80
    endloop
  endfacet
  facet normal 0.983258 -0.182219 0
    outer loop
      vertex 5.08618 18.145 80
      vertex 5.15297 18.5054 3
      vertex 5.15297 18.5054 80
    endloop
  endfacet
  facet normal 0.983258 -0.182219 0
    outer loop
      vertex 5.15297 18.5054 3
      vertex 5.08618 18.145 80
      vertex 5.08618 18.145 3
    endloop
  endfacet
  facet normal 0.824112 0.566427 0
    outer loop
      vertex 6.33688 12.9355 80
      vertex 6.12931 13.2375 3
      vertex 6.12931 13.2375 80
    endloop
  endfacet
  facet normal 0.824112 0.566427 0
    outer loop
      vertex 6.12931 13.2375 3
      vertex 6.33688 12.9355 80
      vertex 6.33688 12.9355 3
    endloop
  endfacet
  facet normal -0.476977 -0.878916 0
    outer loop
      vertex 15.1779 23.287 3
      vertex 15.5 23.1122 80
      vertex 15.1779 23.287 80
    endloop
  endfacet
  facet normal -0.476977 -0.878916 -0
    outer loop
      vertex 15.5 23.1122 80
      vertex 15.1779 23.287 3
      vertex 15.5 23.1122 3
    endloop
  endfacet
  facet normal -0.793303 0.608827 0
    outer loop
      vertex 17.44 12.6448 3
      vertex 17.6631 12.9355 80
      vertex 17.6631 12.9355 3
    endloop
  endfacet
  facet normal -0.793303 0.608827 0
    outer loop
      vertex 17.6631 12.9355 80
      vertex 17.44 12.6448 3
      vertex 17.44 12.6448 80
    endloop
  endfacet
  facet normal 0.566444 0.8241 -0
    outer loop
      vertex 8.18753 11.1793 3
      vertex 7.8855 11.3869 80
      vertex 8.18753 11.1793 80
    endloop
  endfacet
  facet normal 0.566444 0.8241 0
    outer loop
      vertex 7.8855 11.3869 80
      vertex 8.18753 11.1793 3
      vertex 7.8855 11.3869 3
    endloop
  endfacet
  facet normal -0.566482 0.824074 0
    outer loop
      vertex 16.1145 11.3869 3
      vertex 15.8125 11.1793 80
      vertex 16.1145 11.3869 80
    endloop
  endfacet
  facet normal -0.566482 0.824074 0
    outer loop
      vertex 15.8125 11.1793 80
      vertex 16.1145 11.3869 3
      vertex 15.8125 11.1793 3
    endloop
  endfacet
  facet normal -0.608827 -0.793303 0
    outer loop
      vertex 16.1145 22.7131 3
      vertex 16.4052 22.49 80
      vertex 16.1145 22.7131 80
    endloop
  endfacet
  facet normal -0.608827 -0.793303 -0
    outer loop
      vertex 16.4052 22.49 80
      vertex 16.1145 22.7131 3
      vertex 16.4052 22.49 3
    endloop
  endfacet
  facet normal -0.182246 -0.983253 0
    outer loop
      vertex 13.095 23.9638 3
      vertex 13.4554 23.897 80
      vertex 13.095 23.9638 80
    endloop
  endfacet
  facet normal -0.182246 -0.983253 -0
    outer loop
      vertex 13.4554 23.897 80
      vertex 13.095 23.9638 3
      vertex 13.4554 23.897 3
    endloop
  endfacet
  facet normal 0.991445 0.130528 0
    outer loop
      vertex 5.08618 15.955 80
      vertex 5.03835 16.3183 3
      vertex 5.03835 16.3183 80
    endloop
  endfacet
  facet normal 0.991445 0.130528 0
    outer loop
      vertex 5.03835 16.3183 3
      vertex 5.08618 15.955 80
      vertex 5.08618 15.955 3
    endloop
  endfacet
  facet normal 0.760436 -0.649413 0
    outer loop
      vertex 6.55998 21.4552 80
      vertex 6.79799 21.7339 3
      vertex 6.79799 21.7339 80
    endloop
  endfacet
  facet normal 0.760436 -0.649413 0
    outer loop
      vertex 6.79799 21.7339 3
      vertex 6.55998 21.4552 80
      vertex 6.55998 21.4552 3
    endloop
  endfacet
  facet normal -0.130716 0.99142 0
    outer loop
      vertex 13.095 10.1362 3
      vertex 12.7317 10.0883 80
      vertex 13.095 10.1362 80
    endloop
  endfacet
  facet normal -0.130716 0.99142 0
    outer loop
      vertex 12.7317 10.0883 80
      vertex 13.095 10.1362 3
      vertex 12.7317 10.0883 3
    endloop
  endfacet
  facet normal -0.333691 0.942683 0
    outer loop
      vertex 14.5086 10.5149 3
      vertex 14.1631 10.3926 80
      vertex 14.5086 10.5149 80
    endloop
  endfacet
  facet normal -0.333691 0.942683 0
    outer loop
      vertex 14.1631 10.3926 80
      vertex 14.5086 10.5149 3
      vertex 14.1631 10.3926 3
    endloop
  endfacet
  facet normal -0.566482 -0.824074 0
    outer loop
      vertex 15.8125 22.9207 3
      vertex 16.1145 22.7131 80
      vertex 15.8125 22.9207 80
    endloop
  endfacet
  facet normal -0.566482 -0.824074 -0
    outer loop
      vertex 16.1145 22.7131 80
      vertex 15.8125 22.9207 3
      vertex 16.1145 22.7131 3
    endloop
  endfacet
  facet normal 0.233342 -0.972395 0
    outer loop
      vertex 10.1883 23.8115 3
      vertex 10.5446 23.897 80
      vertex 10.1883 23.8115 80
    endloop
  endfacet
  facet normal 0.233342 -0.972395 0
    outer loop
      vertex 10.5446 23.897 80
      vertex 10.1883 23.8115 3
      vertex 10.5446 23.897 3
    endloop
  endfacet
  facet normal -0.0261919 0.999657 0
    outer loop
      vertex 12.3664 10.0596 3
      vertex 12 10.05 80
      vertex 12.3664 10.0596 80
    endloop
  endfacet
  facet normal -0.0261919 0.999657 0
    outer loop
      vertex 12 10.05 80
      vertex 12.3664 10.0596 3
      vertex 12 10.05 3
    endloop
  endfacet
  facet normal -0.233342 -0.972395 0
    outer loop
      vertex 13.4554 23.897 3
      vertex 13.8117 23.8115 80
      vertex 13.4554 23.897 80
    endloop
  endfacet
  facet normal -0.233342 -0.972395 -0
    outer loop
      vertex 13.8117 23.8115 80
      vertex 13.4554 23.897 3
      vertex 13.8117 23.8115 3
    endloop
  endfacet
  facet normal 0.72534 -0.688391 0
    outer loop
      vertex 6.79799 21.7339 80
      vertex 7.05025 21.9997 3
      vertex 7.05025 21.9997 80
    endloop
  endfacet
  facet normal 0.72534 -0.688391 0
    outer loop
      vertex 7.05025 21.9997 3
      vertex 6.79799 21.7339 80
      vertex 6.79799 21.7339 3
    endloop
  endfacet
  facet normal -0.0261919 -0.999657 0
    outer loop
      vertex 12 24.05 3
      vertex 12.3664 24.0404 80
      vertex 12 24.05 80
    endloop
  endfacet
  facet normal -0.0261919 -0.999657 -0
    outer loop
      vertex 12.3664 24.0404 80
      vertex 12 24.05 3
      vertex 12.3664 24.0404 3
    endloop
  endfacet
  facet normal 0.760436 0.649413 0
    outer loop
      vertex 6.79799 12.3661 80
      vertex 6.55998 12.6448 3
      vertex 6.55998 12.6448 80
    endloop
  endfacet
  facet normal 0.760436 0.649413 0
    outer loop
      vertex 6.55998 12.6448 3
      vertex 6.79799 12.3661 80
      vertex 6.79799 12.3661 3
    endloop
  endfacet
  facet normal 0.958827 -0.283992 0
    outer loop
      vertex 5.23852 18.8617 80
      vertex 5.3426 19.2131 3
      vertex 5.3426 19.2131 80
    endloop
  endfacet
  facet normal 0.958827 -0.283992 0
    outer loop
      vertex 5.3426 19.2131 3
      vertex 5.23852 18.8617 80
      vertex 5.23852 18.8617 3
    endloop
  endfacet
  facet normal -0.688448 -0.725286 0
    outer loop
      vertex 16.6839 22.252 3
      vertex 16.9497 21.9997 80
      vertex 16.6839 22.252 80
    endloop
  endfacet
  facet normal -0.688448 -0.725286 -0
    outer loop
      vertex 16.9497 21.9997 80
      vertex 16.6839 22.252 3
      vertex 16.9497 21.9997 3
    endloop
  endfacet
  facet normal 0.991445 -0.130528 0
    outer loop
      vertex 5.03835 17.7817 80
      vertex 5.08618 18.145 3
      vertex 5.08618 18.145 80
    endloop
  endfacet
  facet normal 0.991445 -0.130528 0
    outer loop
      vertex 5.08618 18.145 3
      vertex 5.03835 17.7817 80
      vertex 5.03835 17.7817 3
    endloop
  endfacet
  facet normal 0.608774 -0.793344 0
    outer loop
      vertex 7.59476 22.49 3
      vertex 7.8855 22.7131 80
      vertex 7.59476 22.49 80
    endloop
  endfacet
  facet normal 0.608774 -0.793344 0
    outer loop
      vertex 7.8855 22.7131 80
      vertex 7.59476 22.49 3
      vertex 7.8855 22.7131 3
    endloop
  endfacet
  facet normal -0.824074 0.566482 0
    outer loop
      vertex 17.6631 12.9355 3
      vertex 17.8707 13.2375 80
      vertex 17.8707 13.2375 3
    endloop
  endfacet
  facet normal -0.824074 0.566482 0
    outer loop
      vertex 17.8707 13.2375 80
      vertex 17.6631 12.9355 3
      vertex 17.6631 12.9355 80
    endloop
  endfacet
  facet normal -0.878916 -0.476977 0
    outer loop
      vertex 18.237 20.2279 3
      vertex 18.0622 20.55 80
      vertex 18.0622 20.55 3
    endloop
  endfacet
  facet normal -0.878916 -0.476977 0
    outer loop
      vertex 18.0622 20.55 80
      vertex 18.237 20.2279 3
      vertex 18.237 20.2279 80
    endloop
  endfacet
  facet normal -0.333691 -0.942683 0
    outer loop
      vertex 14.1631 23.7074 3
      vertex 14.5086 23.5851 80
      vertex 14.1631 23.7074 80
    endloop
  endfacet
  facet normal -0.333691 -0.942683 -0
    outer loop
      vertex 14.5086 23.5851 80
      vertex 14.1631 23.7074 3
      vertex 14.5086 23.5851 3
    endloop
  endfacet
  facet normal 0.999658 -0.0261646 0
    outer loop
      vertex 5 17.05 80
      vertex 5.00959 17.4164 3
      vertex 5.00959 17.4164 80
    endloop
  endfacet
  facet normal 0.999658 -0.0261646 0
    outer loop
      vertex 5.00959 17.4164 3
      vertex 5 17.05 80
      vertex 5 17.05 3
    endloop
  endfacet
  facet normal -0.923834 -0.382794 0
    outer loop
      vertex 18.5351 19.5586 3
      vertex 18.3948 19.8972 80
      vertex 18.3948 19.8972 3
    endloop
  endfacet
  facet normal -0.923834 -0.382794 0
    outer loop
      vertex 18.3948 19.8972 80
      vertex 18.5351 19.5586 3
      vertex 18.5351 19.5586 80
    endloop
  endfacet
  facet normal -0.608827 0.793303 0
    outer loop
      vertex 16.4052 11.61 3
      vertex 16.1145 11.3869 80
      vertex 16.4052 11.61 80
    endloop
  endfacet
  facet normal -0.608827 0.793303 0
    outer loop
      vertex 16.1145 11.3869 80
      vertex 16.4052 11.61 3
      vertex 16.1145 11.3869 3
    endloop
  endfacet
  facet normal 0.130716 -0.99142 0
    outer loop
      vertex 10.905 23.9638 3
      vertex 11.2683 24.0117 80
      vertex 10.905 23.9638 80
    endloop
  endfacet
  facet normal 0.130716 -0.99142 0
    outer loop
      vertex 11.2683 24.0117 80
      vertex 10.905 23.9638 3
      vertex 11.2683 24.0117 3
    endloop
  endfacet
  facet normal 0.0261919 0.999657 -0
    outer loop
      vertex 12 10.05 3
      vertex 11.6336 10.0596 80
      vertex 12 10.05 80
    endloop
  endfacet
  facet normal 0.0261919 0.999657 0
    outer loop
      vertex 11.6336 10.0596 80
      vertex 12 10.05 3
      vertex 11.6336 10.0596 3
    endloop
  endfacet
  facet normal -0.430654 0.902517 0
    outer loop
      vertex 15.1779 10.813 3
      vertex 14.8472 10.6552 80
      vertex 15.1779 10.813 80
    endloop
  endfacet
  facet normal -0.430654 0.902517 0
    outer loop
      vertex 14.8472 10.6552 80
      vertex 15.1779 10.813 3
      vertex 14.8472 10.6552 3
    endloop
  endfacet
  facet normal 0.902549 -0.430587 0
    outer loop
      vertex 5.60518 19.8972 80
      vertex 5.76295 20.2279 3
      vertex 5.76295 20.2279 80
    endloop
  endfacet
  facet normal 0.902549 -0.430587 0
    outer loop
      vertex 5.76295 20.2279 3
      vertex 5.60518 19.8972 80
      vertex 5.60518 19.8972 3
    endloop
  endfacet
  facet normal 0.0261919 -0.999657 0
    outer loop
      vertex 11.6336 24.0404 3
      vertex 12 24.05 80
      vertex 11.6336 24.0404 80
    endloop
  endfacet
  facet normal 0.0261919 -0.999657 0
    outer loop
      vertex 12 24.05 80
      vertex 11.6336 24.0404 3
      vertex 12 24.05 3
    endloop
  endfacet
  facet normal 0 0 1
    outer loop
      vertex 18.9904 17.4164 3
      vertex 18.9904 16.6836 3
      vertex 19 17.05 3
    endloop
  endfacet
  facet normal 0 0 1
    outer loop
      vertex 18.9617 17.7817 3
      vertex 18.9904 16.6836 3
      vertex 18.9904 17.4164 3
    endloop
  endfacet
  facet normal 0 0 1
    outer loop
      vertex 18.9617 17.7817 3
      vertex 18.9617 16.3183 3
      vertex 18.9904 16.6836 3
    endloop
  endfacet
  facet normal 0 0 1
    outer loop
      vertex 18.9138 18.145 3
      vertex 18.9617 16.3183 3
      vertex 18.9617 17.7817 3
    endloop
  endfacet
  facet normal 0 0 1
    outer loop
      vertex 18.9138 18.145 3
      vertex 18.9138 15.955 3
      vertex 18.9617 16.3183 3
    endloop
  endfacet
  facet normal 0 0 1
    outer loop
      vertex 18.847 18.5054 3
      vertex 18.9138 15.955 3
      vertex 18.9138 18.145 3
    endloop
  endfacet
  facet normal 0 0 1
    outer loop
      vertex 18.847 18.5054 3
      vertex 18.847 15.5946 3
      vertex 18.9138 15.955 3
    endloop
  endfacet
  facet normal 0 0 1
    outer loop
      vertex 18.7615 18.8617 3
      vertex 18.847 15.5946 3
      vertex 18.847 18.5054 3
    endloop
  endfacet
  facet normal 0 0 1
    outer loop
      vertex 18.7615 18.8617 3
      vertex 18.7615 15.2383 3
      vertex 18.847 15.5946 3
    endloop
  endfacet
  facet normal 0 0 1
    outer loop
      vertex 18.6574 19.2131 3
      vertex 18.7615 15.2383 3
      vertex 18.7615 18.8617 3
    endloop
  endfacet
  facet normal 0 0 1
    outer loop
      vertex 18.6574 19.2131 3
      vertex 18.6574 14.8869 3
      vertex 18.7615 15.2383 3
    endloop
  endfacet
  facet normal 0 0 1
    outer loop
      vertex 18.5351 19.5586 3
      vertex 18.6574 14.8869 3
      vertex 18.6574 19.2131 3
    endloop
  endfacet
  facet normal 0 0 1
    outer loop
      vertex 18.5351 19.5586 3
      vertex 18.5351 14.5414 3
      vertex 18.6574 14.8869 3
    endloop
  endfacet
  facet normal 0 0 1
    outer loop
      vertex 18.3948 19.8972 3
      vertex 18.5351 14.5414 3
      vertex 18.5351 19.5586 3
    endloop
  endfacet
  facet normal 0 0 1
    outer loop
      vertex 18.3948 19.8972 3
      vertex 18.3948 14.2028 3
      vertex 18.5351 14.5414 3
    endloop
  endfacet
  facet normal 0 0 1
    outer loop
      vertex 18.237 20.2279 3
      vertex 18.3948 14.2028 3
      vertex 18.3948 19.8972 3
    endloop
  endfacet
  facet normal 0 0 1
    outer loop
      vertex 18.237 20.2279 3
      vertex 18.237 13.8721 3
      vertex 18.3948 14.2028 3
    endloop
  endfacet
  facet normal 0 0 1
    outer loop
      vertex 18.0622 20.55 3
      vertex 18.237 13.8721 3
      vertex 18.237 20.2279 3
    endloop
  endfacet
  facet normal 0 0 1
    outer loop
      vertex 18.0622 20.55 3
      vertex 18.0622 13.55 3
      vertex 18.237 13.8721 3
    endloop
  endfacet
  facet normal 0 0 1
    outer loop
      vertex 17.8707 20.8625 3
      vertex 18.0622 13.55 3
      vertex 18.0622 20.55 3
    endloop
  endfacet
  facet normal 0 0 1
    outer loop
      vertex 17.8707 20.8625 3
      vertex 17.8707 13.2375 3
      vertex 18.0622 13.55 3
    endloop
  endfacet
  facet normal 0 0 1
    outer loop
      vertex 17.6631 21.1645 3
      vertex 17.8707 13.2375 3
      vertex 17.8707 20.8625 3
    endloop
  endfacet
  facet normal 0 0 1
    outer loop
      vertex 17.6631 21.1645 3
      vertex 17.6631 12.9355 3
      vertex 17.8707 13.2375 3
    endloop
  endfacet
  facet normal 0 0 1
    outer loop
      vertex 17.44 21.4552 3
      vertex 17.6631 12.9355 3
      vertex 17.6631 21.1645 3
    endloop
  endfacet
  facet normal 0 0 1
    outer loop
      vertex 17.44 21.4552 3
      vertex 17.44 12.6448 3
      vertex 17.6631 12.9355 3
    endloop
  endfacet
  facet normal 0 0 1
    outer loop
      vertex 17.202 21.7339 3
      vertex 17.44 12.6448 3
      vertex 17.44 21.4552 3
    endloop
  endfacet
  facet normal 0 0 1
    outer loop
      vertex 17.202 21.7339 3
      vertex 17.202 12.3661 3
      vertex 17.44 12.6448 3
    endloop
  endfacet
  facet normal 0 0 1
    outer loop
      vertex 16.9497 21.9997 3
      vertex 17.202 12.3661 3
      vertex 17.202 21.7339 3
    endloop
  endfacet
  facet normal 0 0 1
    outer loop
      vertex 16.9497 21.9997 3
      vertex 16.9497 12.1003 3
      vertex 17.202 12.3661 3
    endloop
  endfacet
  facet normal 0 0 1
    outer loop
      vertex 16.6839 22.252 3
      vertex 16.9497 12.1003 3
      vertex 16.9497 21.9997 3
    endloop
  endfacet
  facet normal 0 0 1
    outer loop
      vertex 16.6839 22.252 3
      vertex 16.6839 11.848 3
      vertex 16.9497 12.1003 3
    endloop
  endfacet
  facet normal 0 0 1
    outer loop
      vertex 16.4052 22.49 3
      vertex 16.6839 11.848 3
      vertex 16.6839 22.252 3
    endloop
  endfacet
  facet normal 0 0 1
    outer loop
      vertex 16.4052 22.49 3
      vertex 16.4052 11.61 3
      vertex 16.6839 11.848 3
    endloop
  endfacet
  facet normal 0 0 1
    outer loop
      vertex 16.1145 22.7131 3
      vertex 16.4052 11.61 3
      vertex 16.4052 22.49 3
    endloop
  endfacet
  facet normal 0 0 1
    outer loop
      vertex 16.1145 22.7131 3
      vertex 16.1145 11.3869 3
      vertex 16.4052 11.61 3
    endloop
  endfacet
  facet normal 0 0 1
    outer loop
      vertex 15.8125 22.9207 3
      vertex 16.1145 11.3869 3
      vertex 16.1145 22.7131 3
    endloop
  endfacet
  facet normal 0 0 1
    outer loop
      vertex 15.8125 22.9207 3
      vertex 15.8125 11.1793 3
      vertex 16.1145 11.3869 3
    endloop
  endfacet
  facet normal 0 0 1
    outer loop
      vertex 15.5 23.1122 3
      vertex 15.8125 11.1793 3
      vertex 15.8125 22.9207 3
    endloop
  endfacet
  facet normal 0 0 1
    outer loop
      vertex 15.5 23.1122 3
      vertex 15.5 10.9878 3
      vertex 15.8125 11.1793 3
    endloop
  endfacet
  facet normal 0 0 1
    outer loop
      vertex 15.1779 23.287 3
      vertex 15.5 10.9878 3
      vertex 15.5 23.1122 3
    endloop
  endfacet
  facet normal 0 0 1
    outer loop
      vertex 15.1779 23.287 3
      vertex 15.1779 10.813 3
      vertex 15.5 10.9878 3
    endloop
  endfacet
  facet normal 0 0 1
    outer loop
      vertex 14.8472 23.4448 3
      vertex 15.1779 10.813 3
      vertex 15.1779 23.287 3
    endloop
  endfacet
  facet normal 0 0 1
    outer loop
      vertex 14.8472 23.4448 3
      vertex 14.8472 10.6552 3
      vertex 15.1779 10.813 3
    endloop
  endfacet
  facet normal 0 0 1
    outer loop
      vertex 14.5086 23.5851 3
      vertex 14.8472 10.6552 3
      vertex 14.8472 23.4448 3
    endloop
  endfacet
  facet normal 0 0 1
    outer loop
      vertex 14.5086 23.5851 3
      vertex 14.5086 10.5149 3
      vertex 14.8472 10.6552 3
    endloop
  endfacet
  facet normal 0 0 1
    outer loop
      vertex 14.1631 23.7074 3
      vertex 14.5086 10.5149 3
      vertex 14.5086 23.5851 3
    endloop
  endfacet
  facet normal 0 0 1
    outer loop
      vertex 14.1631 23.7074 3
      vertex 14.1631 10.3926 3
      vertex 14.5086 10.5149 3
    endloop
  endfacet
  facet normal 0 0 1
    outer loop
      vertex 13.8117 23.8115 3
      vertex 14.1631 10.3926 3
      vertex 14.1631 23.7074 3
    endloop
  endfacet
  facet normal 0 0 1
    outer loop
      vertex 13.8117 23.8115 3
      vertex 13.8117 10.2885 3
      vertex 14.1631 10.3926 3
    endloop
  endfacet
  facet normal 0 0 1
    outer loop
      vertex 13.4554 23.897 3
      vertex 13.8117 10.2885 3
      vertex 13.8117 23.8115 3
    endloop
  endfacet
  facet normal 0 0 1
    outer loop
      vertex 13.4554 23.897 3
      vertex 13.4554 10.203 3
      vertex 13.8117 10.2885 3
    endloop
  endfacet
  facet normal 0 0 1
    outer loop
      vertex 13.095 23.9638 3
      vertex 13.4554 10.203 3
      vertex 13.4554 23.897 3
    endloop
  endfacet
  facet normal 0 0 1
    outer loop
      vertex 13.095 23.9638 3
      vertex 13.095 10.1362 3
      vertex 13.4554 10.203 3
    endloop
  endfacet
  facet normal 0 0 1
    outer loop
      vertex 12.7317 24.0117 3
      vertex 13.095 10.1362 3
      vertex 13.095 23.9638 3
    endloop
  endfacet
  facet normal 0 0 1
    outer loop
      vertex 12.7317 24.0117 3
      vertex 12.7317 10.0883 3
      vertex 13.095 10.1362 3
    endloop
  endfacet
  facet normal 0 0 1
    outer loop
      vertex 12.3664 24.0404 3
      vertex 12.7317 10.0883 3
      vertex 12.7317 24.0117 3
    endloop
  endfacet
  facet normal 0 0 1
    outer loop
      vertex 12.3664 24.0404 3
      vertex 12.3664 10.0596 3
      vertex 12.7317 10.0883 3
    endloop
  endfacet
  facet normal 0 0 1
    outer loop
      vertex 12 24.05 3
      vertex 12.3664 10.0596 3
      vertex 12.3664 24.0404 3
    endloop
  endfacet
  facet normal 0 0 1
    outer loop
      vertex 12 24.05 3
      vertex 12 10.05 3
      vertex 12.3664 10.0596 3
    endloop
  endfacet
  facet normal -0 0 1
    outer loop
      vertex 11.6336 24.0404 3
      vertex 12 10.05 3
      vertex 12 24.05 3
    endloop
  endfacet
  facet normal 0 0 1
    outer loop
      vertex 11.6336 24.0404 3
      vertex 11.6336 10.0596 3
      vertex 12 10.05 3
    endloop
  endfacet
  facet normal -0 0 1
    outer loop
      vertex 11.2683 24.0117 3
      vertex 11.6336 10.0596 3
      vertex 11.6336 24.0404 3
    endloop
  endfacet
  facet normal 0 0 1
    outer loop
      vertex 11.2683 24.0117 3
      vertex 11.2683 10.0883 3
      vertex 11.6336 10.0596 3
    endloop
  endfacet
  facet normal -0 0 1
    outer loop
      vertex 10.905 23.9638 3
      vertex 11.2683 10.0883 3
      vertex 11.2683 24.0117 3
    endloop
  endfacet
  facet normal 0 0 1
    outer loop
      vertex 10.905 23.9638 3
      vertex 10.905 10.1362 3
      vertex 11.2683 10.0883 3
    endloop
  endfacet
  facet normal -0 0 1
    outer loop
      vertex 10.5446 23.897 3
      vertex 10.905 10.1362 3
      vertex 10.905 23.9638 3
    endloop
  endfacet
  facet normal 0 0 1
    outer loop
      vertex 10.5446 23.897 3
      vertex 10.5446 10.203 3
      vertex 10.905 10.1362 3
    endloop
  endfacet
  facet normal -0 0 1
    outer loop
      vertex 10.1883 23.8115 3
      vertex 10.5446 10.203 3
      vertex 10.5446 23.897 3
    endloop
  endfacet
  facet normal 0 0 1
    outer loop
      vertex 10.1883 23.8115 3
      vertex 10.1883 10.2885 3
      vertex 10.5446 10.203 3
    endloop
  endfacet
  facet normal -0 0 1
    outer loop
      vertex 9.83688 23.7074 3
      vertex 10.1883 10.2885 3
      vertex 10.1883 23.8115 3
    endloop
  endfacet
  facet normal 0 0 1
    outer loop
      vertex 9.83688 23.7074 3
      vertex 9.83688 10.3926 3
      vertex 10.1883 10.2885 3
    endloop
  endfacet
  facet normal -0 0 1
    outer loop
      vertex 9.49142 23.5851 3
      vertex 9.83688 10.3926 3
      vertex 9.83688 23.7074 3
    endloop
  endfacet
  facet normal 0 0 1
    outer loop
      vertex 9.49142 23.5851 3
      vertex 9.49142 10.5149 3
      vertex 9.83688 10.3926 3
    endloop
  endfacet
  facet normal -0 0 1
    outer loop
      vertex 9.15284 23.4448 3
      vertex 9.49142 10.5149 3
      vertex 9.49142 23.5851 3
    endloop
  endfacet
  facet normal 0 0 1
    outer loop
      vertex 9.15284 23.4448 3
      vertex 9.15284 10.6552 3
      vertex 9.49142 10.5149 3
    endloop
  endfacet
  facet normal -0 0 1
    outer loop
      vertex 8.82207 23.287 3
      vertex 9.15284 10.6552 3
      vertex 9.15284 23.4448 3
    endloop
  endfacet
  facet normal 0 0 1
    outer loop
      vertex 8.82207 23.287 3
      vertex 8.82207 10.813 3
      vertex 9.15284 10.6552 3
    endloop
  endfacet
  facet normal -0 0 1
    outer loop
      vertex 8.5 23.1122 3
      vertex 8.82207 10.813 3
      vertex 8.82207 23.287 3
    endloop
  endfacet
  facet normal 0 0 1
    outer loop
      vertex 8.5 23.1122 3
      vertex 8.5 10.9878 3
      vertex 8.82207 10.813 3
    endloop
  endfacet
  facet normal -0 0 1
    outer loop
      vertex 8.18753 22.9207 3
      vertex 8.5 10.9878 3
      vertex 8.5 23.1122 3
    endloop
  endfacet
  facet normal 0 0 1
    outer loop
      vertex 8.18753 22.9207 3
      vertex 8.18753 11.1793 3
      vertex 8.5 10.9878 3
    endloop
  endfacet
  facet normal -0 0 1
    outer loop
      vertex 7.8855 22.7131 3
      vertex 8.18753 11.1793 3
      vertex 8.18753 22.9207 3
    endloop
  endfacet
  facet normal 0 0 1
    outer loop
      vertex 7.8855 22.7131 3
      vertex 7.8855 11.3869 3
      vertex 8.18753 11.1793 3
    endloop
  endfacet
  facet normal -0 0 1
    outer loop
      vertex 7.59476 22.49 3
      vertex 7.8855 11.3869 3
      vertex 7.8855 22.7131 3
    endloop
  endfacet
  facet normal 0 0 1
    outer loop
      vertex 7.59476 22.49 3
      vertex 7.59476 11.61 3
      vertex 7.8855 11.3869 3
    endloop
  endfacet
  facet normal -0 0 1
    outer loop
      vertex 7.31608 22.252 3
      vertex 7.59476 11.61 3
      vertex 7.59476 22.49 3
    endloop
  endfacet
  facet normal 0 0 1
    outer loop
      vertex 7.31608 22.252 3
      vertex 7.31608 11.848 3
      vertex 7.59476 11.61 3
    endloop
  endfacet
  facet normal -0 0 1
    outer loop
      vertex 7.05025 21.9997 3
      vertex 7.31608 11.848 3
      vertex 7.31608 22.252 3
    endloop
  endfacet
  facet normal 0 0 1
    outer loop
      vertex 7.05025 21.9997 3
      vertex 7.05025 12.1003 3
      vertex 7.31608 11.848 3
    endloop
  endfacet
  facet normal -0 0 1
    outer loop
      vertex 6.79799 21.7339 3
      vertex 7.05025 12.1003 3
      vertex 7.05025 21.9997 3
    endloop
  endfacet
  facet normal 0 0 1
    outer loop
      vertex 6.79799 21.7339 3
      vertex 6.79799 12.3661 3
      vertex 7.05025 12.1003 3
    endloop
  endfacet
  facet normal -0 0 1
    outer loop
      vertex 6.55998 21.4552 3
      vertex 6.79799 12.3661 3
      vertex 6.79799 21.7339 3
    endloop
  endfacet
  facet normal 0 0 1
    outer loop
      vertex 6.55998 21.4552 3
      vertex 6.55998 12.6448 3
      vertex 6.79799 12.3661 3
    endloop
  endfacet
  facet normal -0 0 1
    outer loop
      vertex 6.33688 21.1645 3
      vertex 6.55998 12.6448 3
      vertex 6.55998 21.4552 3
    endloop
  endfacet
  facet normal 0 0 1
    outer loop
      vertex 6.33688 21.1645 3
      vertex 6.33688 12.9355 3
      vertex 6.55998 12.6448 3
    endloop
  endfacet
  facet normal -0 0 1
    outer loop
      vertex 6.12931 20.8625 3
      vertex 6.33688 12.9355 3
      vertex 6.33688 21.1645 3
    endloop
  endfacet
  facet normal 0 0 1
    outer loop
      vertex 6.12931 20.8625 3
      vertex 6.12931 13.2375 3
      vertex 6.33688 12.9355 3
    endloop
  endfacet
  facet normal -0 0 1
    outer loop
      vertex 5.93782 20.55 3
      vertex 6.12931 13.2375 3
      vertex 6.12931 20.8625 3
    endloop
  endfacet
  facet normal 0 0 1
    outer loop
      vertex 5.93782 20.55 3
      vertex 5.93782 13.55 3
      vertex 6.12931 13.2375 3
    endloop
  endfacet
  facet normal -0 0 1
    outer loop
      vertex 5.76295 20.2279 3
      vertex 5.93782 13.55 3
      vertex 5.93782 20.55 3
    endloop
  endfacet
  facet normal 0 0 1
    outer loop
      vertex 5.76295 20.2279 3
      vertex 5.76295 13.8721 3
      vertex 5.93782 13.55 3
    endloop
  endfacet
  facet normal -0 0 1
    outer loop
      vertex 5.60518 19.8972 3
      vertex 5.76295 13.8721 3
      vertex 5.76295 20.2279 3
    endloop
  endfacet
  facet normal 0 0 1
    outer loop
      vertex 5.60518 19.8972 3
      vertex 5.60518 14.2028 3
      vertex 5.76295 13.8721 3
    endloop
  endfacet
  facet normal -0 0 1
    outer loop
      vertex 5.46494 19.5586 3
      vertex 5.60518 14.2028 3
      vertex 5.60518 19.8972 3
    endloop
  endfacet
  facet normal 0 0 1
    outer loop
      vertex 5.46494 19.5586 3
      vertex 5.46494 14.5414 3
      vertex 5.60518 14.2028 3
    endloop
  endfacet
  facet normal -0 0 1
    outer loop
      vertex 5.3426 19.2131 3
      vertex 5.46494 14.5414 3
      vertex 5.46494 19.5586 3
    endloop
  endfacet
  facet normal 0 0 1
    outer loop
      vertex 5.3426 19.2131 3
      vertex 5.3426 14.8869 3
      vertex 5.46494 14.5414 3
    endloop
  endfacet
  facet normal -0 0 1
    outer loop
      vertex 5.23852 18.8617 3
      vertex 5.3426 14.8869 3
      vertex 5.3426 19.2131 3
    endloop
  endfacet
  facet normal 0 0 1
    outer loop
      vertex 5.23852 18.8617 3
      vertex 5.23852 15.2383 3
      vertex 5.3426 14.8869 3
    endloop
  endfacet
  facet normal -0 0 1
    outer loop
      vertex 5.15297 18.5054 3
      vertex 5.23852 15.2383 3
      vertex 5.23852 18.8617 3
    endloop
  endfacet
  facet normal 0 0 1
    outer loop
      vertex 5.15297 18.5054 3
      vertex 5.15297 15.5946 3
      vertex 5.23852 15.2383 3
    endloop
  endfacet
  facet normal -0 0 1
    outer loop
      vertex 5.08618 18.145 3
      vertex 5.15297 15.5946 3
      vertex 5.15297 18.5054 3
    endloop
  endfacet
  facet normal 0 0 1
    outer loop
      vertex 5.08618 18.145 3
      vertex 5.08618 15.955 3
      vertex 5.15297 15.5946 3
    endloop
  endfacet
  facet normal -0 0 1
    outer loop
      vertex 5.03835 17.7817 3
      vertex 5.08618 15.955 3
      vertex 5.08618 18.145 3
    endloop
  endfacet
  facet normal 0 0 1
    outer loop
      vertex 5.03835 17.7817 3
      vertex 5.03835 16.3183 3
      vertex 5.08618 15.955 3
    endloop
  endfacet
  facet normal -0 0 1
    outer loop
      vertex 5.00959 17.4164 3
      vertex 5.03835 16.3183 3
      vertex 5.03835 17.7817 3
    endloop
  endfacet
  facet normal 0 0 1
    outer loop
      vertex 5.00959 17.4164 3
      vertex 5.00959 16.6836 3
      vertex 5.03835 16.3183 3
    endloop
  endfacet
  facet normal 0 -0 1
    outer loop
      vertex 5.00959 16.6836 3
      vertex 5.00959 17.4164 3
      vertex 5 17.05 3
    endloop
  endfacet
  facet normal 0.996915 -0.0784869 0
    outer loop
      vertex 5.00959 17.4164 80
      vertex 5.03835 17.7817 3
      vertex 5.03835 17.7817 80
    endloop
  endfacet
  facet normal 0.996915 -0.0784869 0
    outer loop
      vertex 5.03835 17.7817 3
      vertex 5.00959 17.4164 80
      vertex 5.00959 17.4164 3
    endloop
  endfacet
  facet normal -0.725286 -0.688448 0
    outer loop
      vertex 17.202 21.7339 3
      vertex 16.9497 21.9997 80
      vertex 16.9497 21.9997 3
    endloop
  endfacet
  facet normal -0.725286 -0.688448 0
    outer loop
      vertex 16.9497 21.9997 80
      vertex 17.202 21.7339 3
      vertex 17.202 21.7339 80
    endloop
  endfacet
  facet normal -0.958812 -0.284042 0
    outer loop
      vertex 18.7615 18.8617 3
      vertex 18.6574 19.2131 80
      vertex 18.6574 19.2131 3
    endloop
  endfacet
  facet normal -0.958812 -0.284042 0
    outer loop
      vertex 18.6574 19.2131 80
      vertex 18.7615 18.8617 3
      vertex 18.7615 18.8617 80
    endloop
  endfacet
  facet normal 0.878835 0.477125 0
    outer loop
      vertex 5.93782 13.55 80
      vertex 5.76295 13.8721 3
      vertex 5.76295 13.8721 80
    endloop
  endfacet
  facet normal 0.878835 0.477125 0
    outer loop
      vertex 5.76295 13.8721 3
      vertex 5.93782 13.55 80
      vertex 5.93782 13.55 3
    endloop
  endfacet
  facet normal 0.0783242 -0.996928 0
    outer loop
      vertex 11.2683 24.0117 3
      vertex 11.6336 24.0404 80
      vertex 11.2683 24.0117 80
    endloop
  endfacet
  facet normal 0.0783242 -0.996928 0
    outer loop
      vertex 11.6336 24.0404 80
      vertex 11.2683 24.0117 3
      vertex 11.6336 24.0404 3
    endloop
  endfacet
  facet normal 0.902549 0.430587 0
    outer loop
      vertex 5.76295 13.8721 80
      vertex 5.60518 14.2028 3
      vertex 5.60518 14.2028 80
    endloop
  endfacet
  facet normal 0.902549 0.430587 0
    outer loop
      vertex 5.60518 14.2028 3
      vertex 5.76295 13.8721 80
      vertex 5.76295 13.8721 3
    endloop
  endfacet
  facet normal -0.99142 0.130716 0
    outer loop
      vertex 18.9138 15.955 3
      vertex 18.9617 16.3183 80
      vertex 18.9617 16.3183 3
    endloop
  endfacet
  facet normal -0.99142 0.130716 0
    outer loop
      vertex 18.9617 16.3183 80
      vertex 18.9138 15.955 3
      vertex 18.9138 15.955 80
    endloop
  endfacet
  facet normal -0.382794 -0.923834 0
    outer loop
      vertex 14.5086 23.5851 3
      vertex 14.8472 23.4448 80
      vertex 14.5086 23.5851 80
    endloop
  endfacet
  facet normal -0.382794 -0.923834 -0
    outer loop
      vertex 14.8472 23.4448 80
      vertex 14.5086 23.5851 3
      vertex 14.8472 23.4448 3
    endloop
  endfacet
  facet normal 0.43058 -0.902553 0
    outer loop
      vertex 8.82207 23.287 3
      vertex 9.15284 23.4448 80
      vertex 8.82207 23.287 80
    endloop
  endfacet
  facet normal 0.43058 -0.902553 0
    outer loop
      vertex 9.15284 23.4448 80
      vertex 8.82207 23.287 3
      vertex 9.15284 23.4448 3
    endloop
  endfacet
  facet normal -0.958812 0.284042 0
    outer loop
      vertex 18.6574 14.8869 3
      vertex 18.7615 15.2383 80
      vertex 18.7615 15.2383 3
    endloop
  endfacet
  facet normal -0.958812 0.284042 0
    outer loop
      vertex 18.7615 15.2383 80
      vertex 18.6574 14.8869 3
      vertex 18.6574 14.8869 80
    endloop
  endfacet
  facet normal 0.382813 -0.923826 0
    outer loop
      vertex 9.15284 23.4448 3
      vertex 9.49142 23.5851 80
      vertex 9.15284 23.4448 80
    endloop
  endfacet
  facet normal 0.382813 -0.923826 0
    outer loop
      vertex 9.49142 23.5851 80
      vertex 9.15284 23.4448 3
      vertex 9.49142 23.5851 3
    endloop
  endfacet
  facet normal 0.182246 0.983253 -0
    outer loop
      vertex 10.905 10.1362 3
      vertex 10.5446 10.203 80
      vertex 10.905 10.1362 80
    endloop
  endfacet
  facet normal 0.182246 0.983253 0
    outer loop
      vertex 10.5446 10.203 80
      vertex 10.905 10.1362 3
      vertex 10.5446 10.203 3
    endloop
  endfacet
  facet normal -0.688448 0.725286 0
    outer loop
      vertex 16.9497 12.1003 3
      vertex 16.6839 11.848 80
      vertex 16.9497 12.1003 80
    endloop
  endfacet
  facet normal -0.688448 0.725286 0
    outer loop
      vertex 16.6839 11.848 80
      vertex 16.9497 12.1003 3
      vertex 16.6839 11.848 3
    endloop
  endfacet
  facet normal -0.0783242 -0.996928 0
    outer loop
      vertex 12.3664 24.0404 3
      vertex 12.7317 24.0117 80
      vertex 12.3664 24.0404 80
    endloop
  endfacet
  facet normal -0.0783242 -0.996928 -0
    outer loop
      vertex 12.7317 24.0117 80
      vertex 12.3664 24.0404 3
      vertex 12.7317 24.0117 3
    endloop
  endfacet
  facet normal 0.942648 0.333788 0
    outer loop
      vertex 5.46494 14.5414 80
      vertex 5.3426 14.8869 3
      vertex 5.3426 14.8869 80
    endloop
  endfacet
  facet normal 0.942648 0.333788 0
    outer loop
      vertex 5.3426 14.8869 3
      vertex 5.46494 14.5414 80
      vertex 5.46494 14.5414 3
    endloop
  endfacet
  facet normal 0.608774 0.793344 -0
    outer loop
      vertex 7.8855 11.3869 3
      vertex 7.59476 11.61 80
      vertex 7.8855 11.3869 80
    endloop
  endfacet
  facet normal 0.608774 0.793344 0
    outer loop
      vertex 7.59476 11.61 80
      vertex 7.8855 11.3869 3
      vertex 7.59476 11.61 3
    endloop
  endfacet
  facet normal -0.902517 -0.430654 0
    outer loop
      vertex 18.3948 19.8972 3
      vertex 18.237 20.2279 80
      vertex 18.237 20.2279 3
    endloop
  endfacet
  facet normal -0.902517 -0.430654 0
    outer loop
      vertex 18.237 20.2279 80
      vertex 18.3948 19.8972 3
      vertex 18.3948 19.8972 80
    endloop
  endfacet
  facet normal 0.996915 0.0784869 0
    outer loop
      vertex 5.03835 16.3183 80
      vertex 5.00959 16.6836 3
      vertex 5.00959 16.6836 80
    endloop
  endfacet
  facet normal 0.996915 0.0784869 0
    outer loop
      vertex 5.00959 16.6836 3
      vertex 5.03835 16.3183 80
      vertex 5.03835 16.3183 3
    endloop
  endfacet
  facet normal -0.942683 0.333691 0
    outer loop
      vertex 18.5351 14.5414 3
      vertex 18.6574 14.8869 80
      vertex 18.6574 14.8869 3
    endloop
  endfacet
  facet normal -0.942683 0.333691 0
    outer loop
      vertex 18.6574 14.8869 80
      vertex 18.5351 14.5414 3
      vertex 18.5351 14.5414 80
    endloop
  endfacet
  facet normal -0.130716 -0.99142 0
    outer loop
      vertex 12.7317 24.0117 3
      vertex 13.095 23.9638 80
      vertex 12.7317 24.0117 80
    endloop
  endfacet
  facet normal -0.130716 -0.99142 -0
    outer loop
      vertex 13.095 23.9638 80
      vertex 12.7317 24.0117 3
      vertex 13.095 23.9638 3
    endloop
  endfacet
  facet normal 0.972364 0.233471 0
    outer loop
      vertex 5.23852 15.2383 80
      vertex 5.15297 15.5946 3
      vertex 5.15297 15.5946 80
    endloop
  endfacet
  facet normal 0.972364 0.233471 0
    outer loop
      vertex 5.15297 15.5946 3
      vertex 5.23852 15.2383 80
      vertex 5.23852 15.2383 3
    endloop
  endfacet
  facet normal -0.233342 0.972395 0
    outer loop
      vertex 13.8117 10.2885 3
      vertex 13.4554 10.203 80
      vertex 13.8117 10.2885 80
    endloop
  endfacet
  facet normal -0.233342 0.972395 0
    outer loop
      vertex 13.4554 10.203 80
      vertex 13.8117 10.2885 3
      vertex 13.4554 10.203 3
    endloop
  endfacet
  facet normal 0.824112 -0.566427 0
    outer loop
      vertex 6.12931 20.8625 80
      vertex 6.33688 21.1645 3
      vertex 6.33688 21.1645 80
    endloop
  endfacet
  facet normal 0.824112 -0.566427 0
    outer loop
      vertex 6.33688 21.1645 3
      vertex 6.12931 20.8625 80
      vertex 6.12931 20.8625 3
    endloop
  endfacet
  facet normal 0.72534 0.688391 0
    outer loop
      vertex 7.05025 12.1003 80
      vertex 6.79799 12.3661 3
      vertex 6.79799 12.3661 80
    endloop
  endfacet
  facet normal 0.72534 0.688391 0
    outer loop
      vertex 6.79799 12.3661 3
      vertex 7.05025 12.1003 80
      vertex 7.05025 12.1003 3
    endloop
  endfacet
  facet normal -0.284042 0.958812 0
    outer loop
      vertex 14.1631 10.3926 3
      vertex 13.8117 10.2885 80
      vertex 14.1631 10.3926 80
    endloop
  endfacet
  facet normal -0.284042 0.958812 0
    outer loop
      vertex 13.8117 10.2885 80
      vertex 14.1631 10.3926 3
      vertex 13.8117 10.2885 3
    endloop
  endfacet
  facet normal 0.43058 0.902553 -0
    outer loop
      vertex 9.15284 10.6552 3
      vertex 8.82207 10.813 80
      vertex 9.15284 10.6552 80
    endloop
  endfacet
  facet normal 0.43058 0.902553 0
    outer loop
      vertex 8.82207 10.813 80
      vertex 9.15284 10.6552 3
      vertex 8.82207 10.813 3
    endloop
  endfacet
  facet normal -0.725286 0.688448 0
    outer loop
      vertex 16.9497 12.1003 3
      vertex 17.202 12.3661 80
      vertex 17.202 12.3661 3
    endloop
  endfacet
  facet normal -0.725286 0.688448 0
    outer loop
      vertex 17.202 12.3661 80
      vertex 16.9497 12.1003 3
      vertex 16.9497 12.1003 80
    endloop
  endfacet
  facet normal -0.182246 0.983253 0
    outer loop
      vertex 13.4554 10.203 3
      vertex 13.095 10.1362 80
      vertex 13.4554 10.203 80
    endloop
  endfacet
  facet normal -0.182246 0.983253 0
    outer loop
      vertex 13.095 10.1362 80
      vertex 13.4554 10.203 3
      vertex 13.095 10.1362 3
    endloop
  endfacet
  facet normal -0.760449 -0.649397 0
    outer loop
      vertex 17.44 21.4552 3
      vertex 17.202 21.7339 80
      vertex 17.202 21.7339 3
    endloop
  endfacet
  facet normal -0.760449 -0.649397 0
    outer loop
      vertex 17.202 21.7339 80
      vertex 17.44 21.4552 3
      vertex 17.44 21.4552 80
    endloop
  endfacet
  facet normal -0.85264 0.522498 0
    outer loop
      vertex 17.8707 13.2375 3
      vertex 18.0622 13.55 80
      vertex 18.0622 13.55 3
    endloop
  endfacet
  facet normal -0.85264 0.522498 0
    outer loop
      vertex 18.0622 13.55 80
      vertex 17.8707 13.2375 3
      vertex 17.8707 13.2375 80
    endloop
  endfacet
  facet normal 0.852653 0.522478 0
    outer loop
      vertex 6.12931 13.2375 80
      vertex 5.93782 13.55 3
      vertex 5.93782 13.55 80
    endloop
  endfacet
  facet normal 0.852653 0.522478 0
    outer loop
      vertex 5.93782 13.55 3
      vertex 6.12931 13.2375 80
      vertex 6.12931 13.2375 3
    endloop
  endfacet
  facet normal 0.382813 0.923826 -0
    outer loop
      vertex 9.49142 10.5149 3
      vertex 9.15284 10.6552 80
      vertex 9.49142 10.5149 80
    endloop
  endfacet
  facet normal 0.382813 0.923826 0
    outer loop
      vertex 9.15284 10.6552 80
      vertex 9.49142 10.5149 3
      vertex 9.15284 10.6552 3
    endloop
  endfacet
  facet normal 0.284027 0.958816 -0
    outer loop
      vertex 10.1883 10.2885 3
      vertex 9.83688 10.3926 80
      vertex 10.1883 10.2885 80
    endloop
  endfacet
  facet normal 0.284027 0.958816 0
    outer loop
      vertex 9.83688 10.3926 80
      vertex 10.1883 10.2885 3
      vertex 9.83688 10.3926 3
    endloop
  endfacet
  facet normal 0.688407 0.725324 -0
    outer loop
      vertex 7.31608 11.848 3
      vertex 7.05025 12.1003 80
      vertex 7.31608 11.848 80
    endloop
  endfacet
  facet normal 0.688407 0.725324 0
    outer loop
      vertex 7.05025 12.1003 80
      vertex 7.31608 11.848 3
      vertex 7.05025 12.1003 3
    endloop
  endfacet
  facet normal 0.688407 -0.725324 0
    outer loop
      vertex 7.05025 21.9997 3
      vertex 7.31608 22.252 80
      vertex 7.05025 21.9997 80
    endloop
  endfacet
  facet normal 0.688407 -0.725324 0
    outer loop
      vertex 7.31608 22.252 80
      vertex 7.05025 21.9997 3
      vertex 7.31608 22.252 3
    endloop
  endfacet
  facet normal 0.477012 -0.878897 0
    outer loop
      vertex 8.5 23.1122 3
      vertex 8.82207 23.287 80
      vertex 8.5 23.1122 80
    endloop
  endfacet
  facet normal 0.477012 -0.878897 0
    outer loop
      vertex 8.82207 23.287 80
      vertex 8.5 23.1122 3
      vertex 8.82207 23.287 3
    endloop
  endfacet
  facet normal 0.923892 0.382654 0
    outer loop
      vertex 5.60518 14.2028 80
      vertex 5.46494 14.5414 3
      vertex 5.46494 14.5414 80
    endloop
  endfacet
  facet normal 0.923892 0.382654 0
    outer loop
      vertex 5.46494 14.5414 3
      vertex 5.60518 14.2028 80
      vertex 5.60518 14.2028 3
    endloop
  endfacet
  facet normal 0.942648 -0.333788 0
    outer loop
      vertex 5.3426 19.2131 80
      vertex 5.46494 19.5586 3
      vertex 5.46494 19.5586 80
    endloop
  endfacet
  facet normal 0.942648 -0.333788 0
    outer loop
      vertex 5.46494 19.5586 3
      vertex 5.3426 19.2131 80
      vertex 5.3426 19.2131 3
    endloop
  endfacet
  facet normal 0.566444 -0.8241 0
    outer loop
      vertex 7.8855 22.7131 3
      vertex 8.18753 22.9207 80
      vertex 7.8855 22.7131 80
    endloop
  endfacet
  facet normal 0.566444 -0.8241 0
    outer loop
      vertex 8.18753 22.9207 80
      vertex 7.8855 22.7131 3
      vertex 8.18753 22.9207 3
    endloop
  endfacet
  facet normal 0.333725 -0.942671 0
    outer loop
      vertex 9.49142 23.5851 3
      vertex 9.83688 23.7074 80
      vertex 9.49142 23.5851 80
    endloop
  endfacet
  facet normal 0.333725 -0.942671 0
    outer loop
      vertex 9.83688 23.7074 80
      vertex 9.49142 23.5851 3
      vertex 9.83688 23.7074 3
    endloop
  endfacet
  facet normal 0.878835 -0.477125 0
    outer loop
      vertex 5.76295 20.2279 80
      vertex 5.93782 20.55 3
      vertex 5.93782 20.55 80
    endloop
  endfacet
  facet normal 0.878835 -0.477125 0
    outer loop
      vertex 5.93782 20.55 3
      vertex 5.76295 20.2279 80
      vertex 5.76295 20.2279 3
    endloop
  endfacet
  facet normal -0.649397 0.760449 0
    outer loop
      vertex 16.6839 11.848 3
      vertex 16.4052 11.61 80
      vertex 16.6839 11.848 80
    endloop
  endfacet
  facet normal -0.649397 0.760449 0
    outer loop
      vertex 16.4052 11.61 80
      vertex 16.6839 11.848 3
      vertex 16.4052 11.61 3
    endloop
  endfacet
  facet normal -0.996928 0.0783242 0
    outer loop
      vertex 18.9617 16.3183 3
      vertex 18.9904 16.6836 80
      vertex 18.9904 16.6836 3
    endloop
  endfacet
  facet normal -0.996928 0.0783242 0
    outer loop
      vertex 18.9904 16.6836 80
      vertex 18.9617 16.3183 3
      vertex 18.9617 16.3183 80
    endloop
  endfacet
  facet normal -0.923834 0.382794 0
    outer loop
      vertex 18.3948 14.2028 3
      vertex 18.5351 14.5414 80
      vertex 18.5351 14.5414 3
    endloop
  endfacet
  facet normal -0.923834 0.382794 0
    outer loop
      vertex 18.5351 14.5414 80
      vertex 18.3948 14.2028 3
      vertex 18.3948 14.2028 80
    endloop
  endfacet
  facet normal -0.284042 -0.958812 0
    outer loop
      vertex 13.8117 23.8115 3
      vertex 14.1631 23.7074 80
      vertex 13.8117 23.8115 80
    endloop
  endfacet
  facet normal -0.284042 -0.958812 -0
    outer loop
      vertex 14.1631 23.7074 80
      vertex 13.8117 23.8115 3
      vertex 14.1631 23.7074 3
    endloop
  endfacet
  facet normal 0.649424 0.760426 -0
    outer loop
      vertex 7.59476 11.61 3
      vertex 7.31608 11.848 80
      vertex 7.59476 11.61 80
    endloop
  endfacet
  facet normal 0.649424 0.760426 0
    outer loop
      vertex 7.31608 11.848 80
      vertex 7.59476 11.61 3
      vertex 7.31608 11.848 3
    endloop
  endfacet
  facet normal 0.233342 0.972395 -0
    outer loop
      vertex 10.5446 10.203 3
      vertex 10.1883 10.2885 80
      vertex 10.5446 10.203 80
    endloop
  endfacet
  facet normal 0.233342 0.972395 0
    outer loop
      vertex 10.1883 10.2885 80
      vertex 10.5446 10.203 3
      vertex 10.1883 10.2885 3
    endloop
  endfacet
  facet normal 0.522535 0.852618 -0
    outer loop
      vertex 8.5 10.9878 3
      vertex 8.18753 11.1793 80
      vertex 8.5 10.9878 80
    endloop
  endfacet
  facet normal 0.522535 0.852618 0
    outer loop
      vertex 8.18753 11.1793 80
      vertex 8.5 10.9878 3
      vertex 8.18753 11.1793 3
    endloop
  endfacet
  facet normal 0.477012 0.878897 -0
    outer loop
      vertex 8.82207 10.813 3
      vertex 8.5 10.9878 80
      vertex 8.82207 10.813 80
    endloop
  endfacet
  facet normal 0.477012 0.878897 0
    outer loop
      vertex 8.5 10.9878 80
      vertex 8.82207 10.813 3
      vertex 8.5 10.9878 3
    endloop
  endfacet
  facet normal 0.793303 -0.608827 0
    outer loop
      vertex 6.33688 21.1645 80
      vertex 6.55998 21.4552 3
      vertex 6.55998 21.4552 80
    endloop
  endfacet
  facet normal 0.793303 -0.608827 0
    outer loop
      vertex 6.55998 21.4552 3
      vertex 6.33688 21.1645 80
      vertex 6.33688 21.1645 3
    endloop
  endfacet
  facet normal 0.522535 -0.852618 0
    outer loop
      vertex 8.18753 22.9207 3
      vertex 8.5 23.1122 80
      vertex 8.18753 22.9207 80
    endloop
  endfacet
  facet normal 0.522535 -0.852618 0
    outer loop
      vertex 8.5 23.1122 80
      vertex 8.18753 22.9207 3
      vertex 8.5 23.1122 3
    endloop
  endfacet
  facet normal 0.522503 -0.852637 0
    outer loop
      vertex -8.70061 -3.72724 3
      vertex -7.9875 -3.29024 80
      vertex -8.70061 -3.72724 80
    endloop
  endfacet
  facet normal 0.522503 -0.852637 0
    outer loop
      vertex -7.9875 -3.29024 80
      vertex -8.70061 -3.72724 3
      vertex -7.9875 -3.29024 3
    endloop
  endfacet
  facet normal -0.996919 -0.0784429 0
    outer loop
      vertex 15.9531 -16.2889 3
      vertex 15.8875 -15.4552 80
      vertex 15.8875 -15.4552 3
    endloop
  endfacet
  facet normal -0.996919 -0.0784429 0
    outer loop
      vertex 15.8875 -15.4552 80
      vertex 15.9531 -16.2889 3
      vertex 15.9531 -16.2889 80
    endloop
  endfacet
  facet normal -0.824079 -0.566475 0
    outer loop
      vertex 13.3978 -8.42439 3
      vertex 12.924 -7.73513 80
      vertex 12.924 -7.73513 3
    endloop
  endfacet
  facet normal -0.824079 -0.566475 0
    outer loop
      vertex 12.924 -7.73513 80
      vertex 13.3978 -8.42439 3
      vertex 13.3978 -8.42439 80
    endloop
  endfacet
  facet normal 0.182231 -0.983256 0
    outer loop
      vertex -3.32139 -1.49909 3
      vertex -2.49904 -1.34668 80
      vertex -3.32139 -1.49909 80
    endloop
  endfacet
  facet normal 0.182231 -0.983256 0
    outer loop
      vertex -2.49904 -1.34668 80
      vertex -3.32139 -1.49909 3
      vertex -2.49904 -1.34668 3
    endloop
  endfacet
  facet normal 0.999657 0.0261841 0
    outer loop
      vertex -15.9531 -17.9611 80
      vertex -15.975 -17.125 3
      vertex -15.975 -17.125 80
    endloop
  endfacet
  facet normal 0.999657 0.0261841 0
    outer loop
      vertex -15.975 -17.125 3
      vertex -15.9531 -17.9611 80
      vertex -15.9531 -17.9611 3
    endloop
  endfacet
  facet normal -0.649451 0.760403 0
    outer loop
      vertex 10.6894 -28.9967 3
      vertex 10.0534 -29.5399 80
      vertex 10.6894 -28.9967 80
    endloop
  endfacet
  facet normal -0.649451 0.760403 0
    outer loop
      vertex 10.0534 -29.5399 80
      vertex 10.6894 -28.9967 3
      vertex 10.0534 -29.5399 3
    endloop
  endfacet
  facet normal 0.972379 -0.233409 0
    outer loop
      vertex -15.6259 -13.8036 80
      vertex -15.4307 -12.9904 3
      vertex -15.4307 -12.9904 80
    endloop
  endfacet
  facet normal 0.972379 -0.233409 0
    outer loop
      vertex -15.4307 -12.9904 3
      vertex -15.6259 -13.8036 80
      vertex -15.6259 -13.8036 3
    endloop
  endfacet
  facet normal -0.902571 -0.430541 0
    outer loop
      vertex 14.5939 -10.6274 3
      vertex 14.2338 -9.8725 80
      vertex 14.2338 -9.8725 3
    endloop
  endfacet
  facet normal -0.902571 -0.430541 0
    outer loop
      vertex 14.2338 -9.8725 80
      vertex 14.5939 -10.6274 3
      vertex 14.5939 -10.6274 80
    endloop
  endfacet
  facet normal -0.996919 0.0784429 0
    outer loop
      vertex 15.8875 -18.7948 3
      vertex 15.9531 -17.9611 80
      vertex 15.9531 -17.9611 3
    endloop
  endfacet
  facet normal -0.996919 0.0784429 0
    outer loop
      vertex 15.9531 -17.9611 80
      vertex 15.8875 -18.7948 3
      vertex 15.8875 -18.7948 80
    endloop
  endfacet
  facet normal 0.333807 -0.942641 0
    outer loop
      vertex -5.72493 -2.21105 3
      vertex -4.93655 -1.93187 80
      vertex -5.72493 -2.21105 80
    endloop
  endfacet
  facet normal 0.333807 -0.942641 0
    outer loop
      vertex -4.93655 -1.93187 80
      vertex -5.72493 -2.21105 3
      vertex -4.93655 -1.93187 3
    endloop
  endfacet
  facet normal -0.608758 -0.793356 0
    outer loop
      vertex 9.38987 -4.20095 3
      vertex 10.0534 -4.71009 80
      vertex 9.38987 -4.20095 80
    endloop
  endfacet
  facet normal -0.608758 -0.793356 -0
    outer loop
      vertex 10.0534 -4.71009 80
      vertex 9.38987 -4.20095 3
      vertex 10.0534 -4.71009 3
    endloop
  endfacet
  facet normal -0.566475 0.824079 0
    outer loop
      vertex 9.38987 -30.049 3
      vertex 8.70061 -30.5228 80
      vertex 9.38987 -30.049 80
    endloop
  endfacet
  facet normal -0.566475 0.824079 0
    outer loop
      vertex 8.70061 -30.5228 80
      vertex 9.38987 -30.049 3
      vertex 8.70061 -30.5228 3
    endloop
  endfacet
  facet normal -0.72534 0.688391 0
    outer loop
      vertex 11.296 -28.421 3
      vertex 11.8717 -27.8144 80
      vertex 11.8717 -27.8144 3
    endloop
  endfacet
  facet normal -0.72534 0.688391 0
    outer loop
      vertex 11.8717 -27.8144 80
      vertex 11.296 -28.421 3
      vertex 11.296 -28.421 80
    endloop
  endfacet
  facet normal -0.0261732 -0.999657 0
    outer loop
      vertex 0 -1.15 3
      vertex 0.836066 -1.17189 80
      vertex 0 -1.15 80
    endloop
  endfacet
  facet normal -0.0261732 -0.999657 -0
    outer loop
      vertex 0.836066 -1.17189 80
      vertex 0 -1.15 3
      vertex 0.836066 -1.17189 3
    endloop
  endfacet
  facet normal -0.522503 0.852637 0
    outer loop
      vertex 8.70061 -30.5228 3
      vertex 7.9875 -30.9598 80
      vertex 8.70061 -30.5228 80
    endloop
  endfacet
  facet normal -0.522503 0.852637 0
    outer loop
      vertex 7.9875 -30.9598 80
      vertex 8.70061 -30.5228 3
      vertex 7.9875 -30.9598 3
    endloop
  endfacet
  facet normal -0.999657 -0.0261841 0
    outer loop
      vertex 15.975 -17.125 3
      vertex 15.9531 -16.2889 80
      vertex 15.9531 -16.2889 3
    endloop
  endfacet
  facet normal -0.999657 -0.0261841 0
    outer loop
      vertex 15.9531 -16.2889 80
      vertex 15.975 -17.125 3
      vertex 15.975 -17.125 80
    endloop
  endfacet
  facet normal 0.972379 0.233409 0
    outer loop
      vertex -15.4307 -21.2596 80
      vertex -15.6259 -20.4464 3
      vertex -15.6259 -20.4464 80
    endloop
  endfacet
  facet normal 0.972379 0.233409 0
    outer loop
      vertex -15.6259 -20.4464 3
      vertex -15.4307 -21.2596 80
      vertex -15.4307 -21.2596 3
    endloop
  endfacet
  facet normal -0.688397 -0.725334 0
    outer loop
      vertex 10.6894 -5.25326 3
      vertex 11.296 -5.82897 80
      vertex 10.6894 -5.25326 80
    endloop
  endfacet
  facet normal -0.688397 -0.725334 -0
    outer loop
      vertex 11.296 -5.82897 80
      vertex 10.6894 -5.25326 3
      vertex 11.296 -5.82897 3
    endloop
  endfacet
  facet normal 0.996919 0.0784429 0
    outer loop
      vertex -15.8875 -18.7948 80
      vertex -15.9531 -17.9611 3
      vertex -15.9531 -17.9611 80
    endloop
  endfacet
  facet normal 0.996919 0.0784429 0
    outer loop
      vertex -15.9531 -17.9611 3
      vertex -15.8875 -18.7948 80
      vertex -15.8875 -18.7948 3
    endloop
  endfacet
  facet normal -0.725379 -0.688349 0
    outer loop
      vertex 11.8717 -6.43564 3
      vertex 11.296 -5.82897 80
      vertex 11.296 -5.82897 3
    endloop
  endfacet
  facet normal -0.725379 -0.688349 0
    outer loop
      vertex 11.296 -5.82897 80
      vertex 11.8717 -6.43564 3
      vertex 11.8717 -6.43564 80
    endloop
  endfacet
  facet normal 0.688397 -0.725334 0
    outer loop
      vertex -11.296 -5.82897 3
      vertex -10.6894 -5.25326 80
      vertex -11.296 -5.82897 80
    endloop
  endfacet
  facet normal 0.688397 -0.725334 0
    outer loop
      vertex -10.6894 -5.25326 80
      vertex -11.296 -5.82897 3
      vertex -10.6894 -5.25326 3
    endloop
  endfacet
  facet normal 0.725379 -0.688349 0
    outer loop
      vertex -11.8717 -6.43564 80
      vertex -11.296 -5.82897 3
      vertex -11.296 -5.82897 80
    endloop
  endfacet
  facet normal 0.725379 -0.688349 0
    outer loop
      vertex -11.296 -5.82897 3
      vertex -11.8717 -6.43564 80
      vertex -11.8717 -6.43564 3
    endloop
  endfacet
  facet normal -0.382685 -0.923879 0
    outer loop
      vertex 5.72493 -2.21105 3
      vertex 6.49762 -2.53111 80
      vertex 5.72493 -2.21105 80
    endloop
  endfacet
  facet normal -0.382685 -0.923879 -0
    outer loop
      vertex 6.49762 -2.53111 80
      vertex 5.72493 -2.21105 3
      vertex 6.49762 -2.53111 3
    endloop
  endfacet
  facet normal 0.382685 -0.923879 0
    outer loop
      vertex -6.49762 -2.53111 3
      vertex -5.72493 -2.21105 80
      vertex -6.49762 -2.53111 80
    endloop
  endfacet
  facet normal 0.382685 -0.923879 0
    outer loop
      vertex -5.72493 -2.21105 80
      vertex -6.49762 -2.53111 3
      vertex -5.72493 -2.21105 3
    endloop
  endfacet
  facet normal -0.942637 0.333821 0
    outer loop
      vertex 14.9139 -22.8499 3
      vertex 15.1931 -22.0615 80
      vertex 15.1931 -22.0615 3
    endloop
  endfacet
  facet normal -0.942637 0.333821 0
    outer loop
      vertex 15.1931 -22.0615 80
      vertex 14.9139 -22.8499 3
      vertex 14.9139 -22.8499 80
    endloop
  endfacet
  facet normal -0.942637 -0.333821 0
    outer loop
      vertex 15.1931 -12.1885 3
      vertex 14.9139 -11.4001 80
      vertex 14.9139 -11.4001 3
    endloop
  endfacet
  facet normal -0.942637 -0.333821 0
    outer loop
      vertex 14.9139 -11.4001 80
      vertex 15.1931 -12.1885 3
      vertex 15.1931 -12.1885 80
    endloop
  endfacet
  facet normal 0.958798 -0.284088 0
    outer loop
      vertex -15.4307 -12.9904 80
      vertex -15.1931 -12.1885 3
      vertex -15.1931 -12.1885 80
    endloop
  endfacet
  facet normal 0.958798 -0.284088 0
    outer loop
      vertex -15.1931 -12.1885 3
      vertex -15.4307 -12.9904 80
      vertex -15.4307 -12.9904 3
    endloop
  endfacet
  facet normal 0.078436 0.996919 -0
    outer loop
      vertex -0.836066 -33.0781 3
      vertex -1.66984 -33.0125 80
      vertex -0.836066 -33.0781 80
    endloop
  endfacet
  facet normal 0.078436 0.996919 0
    outer loop
      vertex -1.66984 -33.0125 80
      vertex -0.836066 -33.0781 3
      vertex -1.66984 -33.0125 3
    endloop
  endfacet
  facet normal -0.793375 -0.608734 0
    outer loop
      vertex 12.924 -7.73513 3
      vertex 12.4149 -7.07161 80
      vertex 12.4149 -7.07161 3
    endloop
  endfacet
  facet normal -0.793375 -0.608734 0
    outer loop
      vertex 12.4149 -7.07161 80
      vertex 12.924 -7.73513 3
      vertex 12.924 -7.73513 80
    endloop
  endfacet
  facet normal -0.078436 0.996919 0
    outer loop
      vertex 1.66984 -33.0125 3
      vertex 0.836066 -33.0781 80
      vertex 1.66984 -33.0125 80
    endloop
  endfacet
  facet normal -0.078436 0.996919 0
    outer loop
      vertex 0.836066 -33.0781 80
      vertex 1.66984 -33.0125 3
      vertex 0.836066 -33.0781 3
    endloop
  endfacet
  facet normal 0.382624 0.923904 -0
    outer loop
      vertex -5.72493 -32.0389 3
      vertex -6.49762 -31.7189 80
      vertex -5.72493 -32.0389 80
    endloop
  endfacet
  facet normal 0.382624 0.923904 0
    outer loop
      vertex -6.49762 -31.7189 80
      vertex -5.72493 -32.0389 3
      vertex -6.49762 -31.7189 3
    endloop
  endfacet
  facet normal -0.522503 -0.852637 0
    outer loop
      vertex 7.9875 -3.29024 3
      vertex 8.70061 -3.72724 80
      vertex 7.9875 -3.29024 80
    endloop
  endfacet
  facet normal -0.522503 -0.852637 -0
    outer loop
      vertex 8.70061 -3.72724 80
      vertex 7.9875 -3.29024 3
      vertex 8.70061 -3.72724 3
    endloop
  endfacet
  facet normal -0.284082 0.9588 0
    outer loop
      vertex 4.93655 -32.3181 3
      vertex 4.13463 -32.5557 80
      vertex 4.93655 -32.3181 80
    endloop
  endfacet
  facet normal -0.284082 0.9588 0
    outer loop
      vertex 4.13463 -32.5557 80
      vertex 4.93655 -32.3181 3
      vertex 4.13463 -32.5557 3
    endloop
  endfacet
  facet normal 0.284016 -0.95882 0
    outer loop
      vertex -4.93655 -1.93187 3
      vertex -4.13463 -1.69433 80
      vertex -4.93655 -1.93187 80
    endloop
  endfacet
  facet normal 0.284016 -0.95882 0
    outer loop
      vertex -4.13463 -1.69433 80
      vertex -4.93655 -1.93187 3
      vertex -4.13463 -1.69433 3
    endloop
  endfacet
  facet normal 0.999657 -0.0261841 0
    outer loop
      vertex -15.975 -17.125 80
      vertex -15.9531 -16.2889 3
      vertex -15.9531 -16.2889 80
    endloop
  endfacet
  facet normal 0.999657 -0.0261841 0
    outer loop
      vertex -15.9531 -16.2889 3
      vertex -15.975 -17.125 80
      vertex -15.975 -17.125 3
    endloop
  endfacet
  facet normal -0.972379 -0.233409 0
    outer loop
      vertex 15.6259 -13.8036 3
      vertex 15.4307 -12.9904 80
      vertex 15.4307 -12.9904 3
    endloop
  endfacet
  facet normal -0.972379 -0.233409 0
    outer loop
      vertex 15.4307 -12.9904 80
      vertex 15.6259 -13.8036 3
      vertex 15.6259 -13.8036 80
    endloop
  endfacet
  facet normal -0.649431 -0.760421 0
    outer loop
      vertex 10.0534 -4.71009 3
      vertex 10.6894 -5.25326 80
      vertex 10.0534 -4.71009 80
    endloop
  endfacet
  facet normal -0.649431 -0.760421 -0
    outer loop
      vertex 10.6894 -5.25326 80
      vertex 10.0534 -4.71009 3
      vertex 10.6894 -5.25326 3
    endloop
  endfacet
  facet normal 0.649431 -0.760421 0
    outer loop
      vertex -10.6894 -5.25326 3
      vertex -10.0534 -4.71009 80
      vertex -10.6894 -5.25326 80
    endloop
  endfacet
  facet normal 0.649431 -0.760421 0
    outer loop
      vertex -10.0534 -4.71009 80
      vertex -10.6894 -5.25326 3
      vertex -10.0534 -4.71009 3
    endloop
  endfacet
  facet normal 0.0261732 -0.999657 0
    outer loop
      vertex -0.836066 -1.17189 3
      vertex 0 -1.15 80
      vertex -0.836066 -1.17189 80
    endloop
  endfacet
  facet normal 0.0261732 -0.999657 0
    outer loop
      vertex 0 -1.15 80
      vertex -0.836066 -1.17189 3
      vertex 0 -1.15 3
    endloop
  endfacet
  facet normal 0.824079 -0.566475 0
    outer loop
      vertex -13.3978 -8.42439 80
      vertex -12.924 -7.73513 3
      vertex -12.924 -7.73513 80
    endloop
  endfacet
  facet normal 0.824079 -0.566475 0
    outer loop
      vertex -12.924 -7.73513 3
      vertex -13.3978 -8.42439 80
      vertex -13.3978 -8.42439 3
    endloop
  endfacet
  facet normal -0.958798 0.284088 0
    outer loop
      vertex 15.1931 -22.0615 3
      vertex 15.4307 -21.2596 80
      vertex 15.4307 -21.2596 3
    endloop
  endfacet
  facet normal -0.958798 0.284088 0
    outer loop
      vertex 15.4307 -21.2596 80
      vertex 15.1931 -22.0615 3
      vertex 15.1931 -22.0615 80
    endloop
  endfacet
  facet normal -0.98326 -0.182209 0
    outer loop
      vertex 15.7783 -14.626 3
      vertex 15.6259 -13.8036 80
      vertex 15.6259 -13.8036 3
    endloop
  endfacet
  facet normal -0.98326 -0.182209 0
    outer loop
      vertex 15.6259 -13.8036 80
      vertex 15.7783 -14.626 3
      vertex 15.7783 -14.626 80
    endloop
  endfacet
  facet normal -0.333828 0.942634 0
    outer loop
      vertex 5.72493 -32.0389 3
      vertex 4.93655 -32.3181 80
      vertex 5.72493 -32.0389 80
    endloop
  endfacet
  facet normal -0.333828 0.942634 0
    outer loop
      vertex 4.93655 -32.3181 80
      vertex 5.72493 -32.0389 3
      vertex 4.93655 -32.3181 3
    endloop
  endfacet
  facet normal 0.942637 -0.333821 0
    outer loop
      vertex -15.1931 -12.1885 80
      vertex -14.9139 -11.4001 3
      vertex -14.9139 -11.4001 80
    endloop
  endfacet
  facet normal 0.942637 -0.333821 0
    outer loop
      vertex -14.9139 -11.4001 3
      vertex -15.1931 -12.1885 80
      vertex -15.1931 -12.1885 3
    endloop
  endfacet
  facet normal -0.18222 0.983258 0
    outer loop
      vertex 3.32139 -32.7509 3
      vertex 2.49904 -32.9033 80
      vertex 3.32139 -32.7509 80
    endloop
  endfacet
  facet normal -0.18222 0.983258 0
    outer loop
      vertex 2.49904 -32.9033 80
      vertex 3.32139 -32.7509 3
      vertex 2.49904 -32.9033 3
    endloop
  endfacet
  facet normal -0.430551 0.902566 0
    outer loop
      vertex 7.2525 -31.3588 3
      vertex 6.49762 -31.7189 80
      vertex 7.2525 -31.3588 80
    endloop
  endfacet
  facet normal -0.430551 0.902566 0
    outer loop
      vertex 6.49762 -31.7189 80
      vertex 7.2525 -31.3588 3
      vertex 6.49762 -31.7189 3
    endloop
  endfacet
  facet normal 0.233443 -0.97237 0
    outer loop
      vertex -4.13463 -1.69433 3
      vertex -3.32139 -1.49909 80
      vertex -4.13463 -1.69433 80
    endloop
  endfacet
  facet normal 0.233443 -0.97237 0
    outer loop
      vertex -3.32139 -1.49909 80
      vertex -4.13463 -1.69433 3
      vertex -3.32139 -1.49909 3
    endloop
  endfacet
  facet normal 0.878853 0.477092 0
    outer loop
      vertex -13.8348 -25.1125 80
      vertex -14.2338 -24.3775 3
      vertex -14.2338 -24.3775 80
    endloop
  endfacet
  facet normal 0.878853 0.477092 0
    outer loop
      vertex -14.2338 -24.3775 3
      vertex -13.8348 -25.1125 80
      vertex -13.8348 -25.1125 3
    endloop
  endfacet
  facet normal 0.852637 -0.522503 0
    outer loop
      vertex -13.8348 -9.1375 80
      vertex -13.3978 -8.42439 3
      vertex -13.3978 -8.42439 80
    endloop
  endfacet
  facet normal 0.852637 -0.522503 0
    outer loop
      vertex -13.3978 -8.42439 3
      vertex -13.8348 -9.1375 80
      vertex -13.8348 -9.1375 3
    endloop
  endfacet
  facet normal -0.98326 0.182209 0
    outer loop
      vertex 15.6259 -20.4464 3
      vertex 15.7783 -19.624 80
      vertex 15.7783 -19.624 3
    endloop
  endfacet
  facet normal -0.98326 0.182209 0
    outer loop
      vertex 15.7783 -19.624 80
      vertex 15.6259 -20.4464 3
      vertex 15.6259 -20.4464 80
    endloop
  endfacet
  facet normal -0.477157 -0.878818 0
    outer loop
      vertex 7.2525 -2.89117 3
      vertex 7.9875 -3.29024 80
      vertex 7.2525 -2.89117 80
    endloop
  endfacet
  facet normal -0.477157 -0.878818 -0
    outer loop
      vertex 7.9875 -3.29024 80
      vertex 7.2525 -2.89117 3
      vertex 7.9875 -3.29024 3
    endloop
  endfacet
  facet normal 0.0261851 0.999657 -0
    outer loop
      vertex 0 -33.1 3
      vertex -0.836066 -33.0781 80
      vertex 0 -33.1 80
    endloop
  endfacet
  facet normal 0.0261851 0.999657 0
    outer loop
      vertex -0.836066 -33.0781 80
      vertex 0 -33.1 3
      vertex -0.836066 -33.0781 3
    endloop
  endfacet
  facet normal -0.99144 -0.130566 0
    outer loop
      vertex 15.8875 -15.4552 3
      vertex 15.7783 -14.626 80
      vertex 15.7783 -14.626 3
    endloop
  endfacet
  facet normal -0.99144 -0.130566 0
    outer loop
      vertex 15.7783 -14.626 80
      vertex 15.8875 -15.4552 3
      vertex 15.8875 -15.4552 80
    endloop
  endfacet
  facet normal 0.852634 0.522509 0
    outer loop
      vertex -13.3978 -25.8256 80
      vertex -13.8348 -25.1125 3
      vertex -13.8348 -25.1125 80
    endloop
  endfacet
  facet normal 0.852634 0.522509 0
    outer loop
      vertex -13.8348 -25.1125 3
      vertex -13.3978 -25.8256 80
      vertex -13.3978 -25.8256 3
    endloop
  endfacet
  facet normal -0.284016 -0.95882 0
    outer loop
      vertex 4.13463 -1.69433 3
      vertex 4.93655 -1.93187 80
      vertex 4.13463 -1.69433 80
    endloop
  endfacet
  facet normal -0.284016 -0.95882 -0
    outer loop
      vertex 4.93655 -1.93187 80
      vertex 4.13463 -1.69433 3
      vertex 4.93655 -1.93187 3
    endloop
  endfacet
  facet normal 0.233398 0.972381 -0
    outer loop
      vertex -3.32139 -32.7509 3
      vertex -4.13463 -32.5557 80
      vertex -3.32139 -32.7509 80
    endloop
  endfacet
  facet normal 0.233398 0.972381 0
    outer loop
      vertex -4.13463 -32.5557 80
      vertex -3.32139 -32.7509 3
      vertex -4.13463 -32.5557 3
    endloop
  endfacet
  facet normal 0.942637 0.333821 0
    outer loop
      vertex -14.9139 -22.8499 80
      vertex -15.1931 -22.0615 3
      vertex -15.1931 -22.0615 80
    endloop
  endfacet
  facet normal 0.942637 0.333821 0
    outer loop
      vertex -15.1931 -22.0615 3
      vertex -14.9139 -22.8499 80
      vertex -14.9139 -22.8499 3
    endloop
  endfacet
  facet normal -0.878853 -0.477092 0
    outer loop
      vertex 14.2338 -9.8725 3
      vertex 13.8348 -9.1375 80
      vertex 13.8348 -9.1375 3
    endloop
  endfacet
  facet normal -0.878853 -0.477092 0
    outer loop
      vertex 13.8348 -9.1375 80
      vertex 14.2338 -9.8725 3
      vertex 14.2338 -9.8725 80
    endloop
  endfacet
  facet normal 0.98326 0.182209 0
    outer loop
      vertex -15.6259 -20.4464 80
      vertex -15.7783 -19.624 3
      vertex -15.7783 -19.624 80
    endloop
  endfacet
  facet normal 0.98326 0.182209 0
    outer loop
      vertex -15.7783 -19.624 3
      vertex -15.6259 -20.4464 80
      vertex -15.6259 -20.4464 3
    endloop
  endfacet
  facet normal -0.430512 -0.902585 0
    outer loop
      vertex 6.49762 -2.53111 3
      vertex 7.2525 -2.89117 80
      vertex 6.49762 -2.53111 80
    endloop
  endfacet
  facet normal -0.430512 -0.902585 -0
    outer loop
      vertex 7.2525 -2.89117 80
      vertex 6.49762 -2.53111 3
      vertex 7.2525 -2.89117 3
    endloop
  endfacet
  facet normal -0.0261851 0.999657 0
    outer loop
      vertex 0.836066 -33.0781 3
      vertex 0 -33.1 80
      vertex 0.836066 -33.0781 80
    endloop
  endfacet
  facet normal -0.0261851 0.999657 0
    outer loop
      vertex 0 -33.1 80
      vertex 0.836066 -33.0781 3
      vertex 0 -33.1 3
    endloop
  endfacet
  facet normal -0.852637 -0.522503 0
    outer loop
      vertex 13.8348 -9.1375 3
      vertex 13.3978 -8.42439 80
      vertex 13.3978 -8.42439 3
    endloop
  endfacet
  facet normal -0.852637 -0.522503 0
    outer loop
      vertex 13.3978 -8.42439 80
      vertex 13.8348 -9.1375 3
      vertex 13.8348 -9.1375 80
    endloop
  endfacet
  facet normal -0.999657 0.0261841 0
    outer loop
      vertex 15.9531 -17.9611 3
      vertex 15.975 -17.125 80
      vertex 15.975 -17.125 3
    endloop
  endfacet
  facet normal -0.999657 0.0261841 0
    outer loop
      vertex 15.975 -17.125 80
      vertex 15.9531 -17.9611 3
      vertex 15.9531 -17.9611 80
    endloop
  endfacet
  facet normal -0.923906 -0.382619 0
    outer loop
      vertex 14.9139 -11.4001 3
      vertex 14.5939 -10.6274 80
      vertex 14.5939 -10.6274 3
    endloop
  endfacet
  facet normal -0.923906 -0.382619 0
    outer loop
      vertex 14.5939 -10.6274 80
      vertex 14.9139 -11.4001 3
      vertex 14.9139 -11.4001 80
    endloop
  endfacet
  facet normal -0.972379 0.233409 0
    outer loop
      vertex 15.4307 -21.2596 3
      vertex 15.6259 -20.4464 80
      vertex 15.6259 -20.4464 3
    endloop
  endfacet
  facet normal -0.972379 0.233409 0
    outer loop
      vertex 15.6259 -20.4464 80
      vertex 15.4307 -21.2596 3
      vertex 15.4307 -21.2596 80
    endloop
  endfacet
  facet normal 0.996919 -0.0784429 0
    outer loop
      vertex -15.9531 -16.2889 80
      vertex -15.8875 -15.4552 3
      vertex -15.8875 -15.4552 80
    endloop
  endfacet
  facet normal 0.996919 -0.0784429 0
    outer loop
      vertex -15.8875 -15.4552 3
      vertex -15.9531 -16.2889 80
      vertex -15.9531 -16.2889 3
    endloop
  endfacet
  facet normal 0.130566 0.99144 -0
    outer loop
      vertex -1.66984 -33.0125 3
      vertex -2.49904 -32.9033 80
      vertex -1.66984 -33.0125 80
    endloop
  endfacet
  facet normal 0.130566 0.99144 0
    outer loop
      vertex -2.49904 -32.9033 80
      vertex -1.66984 -33.0125 3
      vertex -2.49904 -32.9033 3
    endloop
  endfacet
  facet normal 0.0784598 -0.996917 0
    outer loop
      vertex -1.66984 -1.23751 3
      vertex -0.836066 -1.17189 80
      vertex -1.66984 -1.23751 80
    endloop
  endfacet
  facet normal 0.0784598 -0.996917 0
    outer loop
      vertex -0.836066 -1.17189 80
      vertex -1.66984 -1.23751 3
      vertex -0.836066 -1.17189 3
    endloop
  endfacet
  facet normal 0.477157 -0.878818 0
    outer loop
      vertex -7.9875 -3.29024 3
      vertex -7.2525 -2.89117 80
      vertex -7.9875 -3.29024 80
    endloop
  endfacet
  facet normal 0.477157 -0.878818 0
    outer loop
      vertex -7.2525 -2.89117 80
      vertex -7.9875 -3.29024 3
      vertex -7.2525 -2.89117 3
    endloop
  endfacet
  facet normal -0.688391 0.72534 0
    outer loop
      vertex 11.296 -28.421 3
      vertex 10.6894 -28.9967 80
      vertex 11.296 -28.421 80
    endloop
  endfacet
  facet normal -0.688391 0.72534 0
    outer loop
      vertex 10.6894 -28.9967 80
      vertex 11.296 -28.421 3
      vertex 10.6894 -28.9967 3
    endloop
  endfacet
  facet normal -0.958798 -0.284088 0
    outer loop
      vertex 15.4307 -12.9904 3
      vertex 15.1931 -12.1885 80
      vertex 15.1931 -12.1885 3
    endloop
  endfacet
  facet normal -0.958798 -0.284088 0
    outer loop
      vertex 15.1931 -12.1885 80
      vertex 15.4307 -12.9904 3
      vertex 15.4307 -12.9904 80
    endloop
  endfacet
  facet normal -0.852634 0.522509 0
    outer loop
      vertex 13.3978 -25.8256 3
      vertex 13.8348 -25.1125 80
      vertex 13.8348 -25.1125 3
    endloop
  endfacet
  facet normal -0.852634 0.522509 0
    outer loop
      vertex 13.8348 -25.1125 80
      vertex 13.3978 -25.8256 3
      vertex 13.3978 -25.8256 80
    endloop
  endfacet
  facet normal 0.923906 0.382619 0
    outer loop
      vertex -14.5939 -23.6226 80
      vertex -14.9139 -22.8499 3
      vertex -14.9139 -22.8499 80
    endloop
  endfacet
  facet normal 0.923906 0.382619 0
    outer loop
      vertex -14.9139 -22.8499 3
      vertex -14.5939 -23.6226 80
      vertex -14.5939 -23.6226 3
    endloop
  endfacet
  facet normal 0.608758 -0.793356 0
    outer loop
      vertex -10.0534 -4.71009 3
      vertex -9.38987 -4.20095 80
      vertex -10.0534 -4.71009 80
    endloop
  endfacet
  facet normal 0.608758 -0.793356 0
    outer loop
      vertex -9.38987 -4.20095 80
      vertex -10.0534 -4.71009 3
      vertex -9.38987 -4.20095 3
    endloop
  endfacet
  facet normal 0.923906 -0.382619 0
    outer loop
      vertex -14.9139 -11.4001 80
      vertex -14.5939 -10.6274 3
      vertex -14.5939 -10.6274 80
    endloop
  endfacet
  facet normal 0.923906 -0.382619 0
    outer loop
      vertex -14.5939 -10.6274 3
      vertex -14.9139 -11.4001 80
      vertex -14.9139 -11.4001 3
    endloop
  endfacet
  facet normal -0.0784598 -0.996917 0
    outer loop
      vertex 0.836066 -1.17189 3
      vertex 1.66984 -1.23751 80
      vertex 0.836066 -1.17189 80
    endloop
  endfacet
  facet normal -0.0784598 -0.996917 -0
    outer loop
      vertex 1.66984 -1.23751 80
      vertex 0.836066 -1.17189 3
      vertex 1.66984 -1.23751 3
    endloop
  endfacet
  facet normal -0.824094 0.566453 0
    outer loop
      vertex 12.924 -26.5149 3
      vertex 13.3978 -25.8256 80
      vertex 13.3978 -25.8256 3
    endloop
  endfacet
  facet normal -0.824094 0.566453 0
    outer loop
      vertex 13.3978 -25.8256 80
      vertex 12.924 -26.5149 3
      vertex 12.924 -26.5149 80
    endloop
  endfacet
  facet normal -0.923906 0.382619 0
    outer loop
      vertex 14.5939 -23.6226 3
      vertex 14.9139 -22.8499 80
      vertex 14.9139 -22.8499 3
    endloop
  endfacet
  facet normal -0.923906 0.382619 0
    outer loop
      vertex 14.9139 -22.8499 80
      vertex 14.5939 -23.6226 3
      vertex 14.5939 -23.6226 80
    endloop
  endfacet
  facet normal -0.566402 -0.824129 0
    outer loop
      vertex 8.70061 -3.72724 3
      vertex 9.38987 -4.20095 80
      vertex 8.70061 -3.72724 80
    endloop
  endfacet
  facet normal -0.566402 -0.824129 -0
    outer loop
      vertex 9.38987 -4.20095 80
      vertex 8.70061 -3.72724 3
      vertex 9.38987 -4.20095 3
    endloop
  endfacet
  facet normal 0.430551 0.902566 -0
    outer loop
      vertex -6.49762 -31.7189 3
      vertex -7.2525 -31.3588 80
      vertex -6.49762 -31.7189 80
    endloop
  endfacet
  facet normal 0.430551 0.902566 0
    outer loop
      vertex -7.2525 -31.3588 80
      vertex -6.49762 -31.7189 3
      vertex -7.2525 -31.3588 3
    endloop
  endfacet
  facet normal -0.878853 0.477092 0
    outer loop
      vertex 13.8348 -25.1125 3
      vertex 14.2338 -24.3775 80
      vertex 14.2338 -24.3775 3
    endloop
  endfacet
  facet normal -0.878853 0.477092 0
    outer loop
      vertex 14.2338 -24.3775 80
      vertex 13.8348 -25.1125 3
      vertex 13.8348 -25.1125 80
    endloop
  endfacet
  facet normal 0.688391 0.72534 -0
    outer loop
      vertex -10.6894 -28.9967 3
      vertex -11.296 -28.421 80
      vertex -10.6894 -28.9967 80
    endloop
  endfacet
  facet normal 0.688391 0.72534 0
    outer loop
      vertex -11.296 -28.421 80
      vertex -10.6894 -28.9967 3
      vertex -11.296 -28.421 3
    endloop
  endfacet
  facet normal 0.130531 -0.991444 0
    outer loop
      vertex -2.49904 -1.34668 3
      vertex -1.66984 -1.23751 80
      vertex -2.49904 -1.34668 80
    endloop
  endfacet
  facet normal 0.130531 -0.991444 0
    outer loop
      vertex -1.66984 -1.23751 80
      vertex -2.49904 -1.34668 3
      vertex -1.66984 -1.23751 3
    endloop
  endfacet
  facet normal 0.760403 0.649451 0
    outer loop
      vertex -11.8717 -27.8144 80
      vertex -12.4149 -27.1784 3
      vertex -12.4149 -27.1784 80
    endloop
  endfacet
  facet normal 0.760403 0.649451 0
    outer loop
      vertex -12.4149 -27.1784 3
      vertex -11.8717 -27.8144 80
      vertex -11.8717 -27.8144 3
    endloop
  endfacet
  facet normal 0.72534 0.688391 0
    outer loop
      vertex -11.296 -28.421 80
      vertex -11.8717 -27.8144 3
      vertex -11.8717 -27.8144 80
    endloop
  endfacet
  facet normal 0.72534 0.688391 0
    outer loop
      vertex -11.8717 -27.8144 3
      vertex -11.296 -28.421 80
      vertex -11.296 -28.421 3
    endloop
  endfacet
  facet normal 0.760388 -0.649469 0
    outer loop
      vertex -12.4149 -7.07161 80
      vertex -11.8717 -6.43564 3
      vertex -11.8717 -6.43564 80
    endloop
  endfacet
  facet normal 0.760388 -0.649469 0
    outer loop
      vertex -11.8717 -6.43564 3
      vertex -12.4149 -7.07161 80
      vertex -12.4149 -7.07161 3
    endloop
  endfacet
  facet normal 0.878853 -0.477092 0
    outer loop
      vertex -14.2338 -9.8725 80
      vertex -13.8348 -9.1375 3
      vertex -13.8348 -9.1375 80
    endloop
  endfacet
  facet normal 0.878853 -0.477092 0
    outer loop
      vertex -13.8348 -9.1375 3
      vertex -14.2338 -9.8725 80
      vertex -14.2338 -9.8725 3
    endloop
  endfacet
  facet normal 0 0 1
    outer loop
      vertex 15.9531 -16.2889 3
      vertex 15.9531 -17.9611 3
      vertex 15.975 -17.125 3
    endloop
  endfacet
  facet normal 0 0 1
    outer loop
      vertex 15.8875 -15.4552 3
      vertex 15.9531 -17.9611 3
      vertex 15.9531 -16.2889 3
    endloop
  endfacet
  facet normal 0 0 1
    outer loop
      vertex 15.8875 -15.4552 3
      vertex 15.8875 -18.7948 3
      vertex 15.9531 -17.9611 3
    endloop
  endfacet
  facet normal 0 0 1
    outer loop
      vertex 15.7783 -14.626 3
      vertex 15.8875 -18.7948 3
      vertex 15.8875 -15.4552 3
    endloop
  endfacet
  facet normal 0 0 1
    outer loop
      vertex 15.7783 -14.626 3
      vertex 15.7783 -19.624 3
      vertex 15.8875 -18.7948 3
    endloop
  endfacet
  facet normal 0 0 1
    outer loop
      vertex 15.6259 -13.8036 3
      vertex 15.7783 -19.624 3
      vertex 15.7783 -14.626 3
    endloop
  endfacet
  facet normal 0 0 1
    outer loop
      vertex 15.6259 -13.8036 3
      vertex 15.6259 -20.4464 3
      vertex 15.7783 -19.624 3
    endloop
  endfacet
  facet normal 0 0 1
    outer loop
      vertex 15.4307 -12.9904 3
      vertex 15.6259 -20.4464 3
      vertex 15.6259 -13.8036 3
    endloop
  endfacet
  facet normal 0 0 1
    outer loop
      vertex 15.4307 -12.9904 3
      vertex 15.4307 -21.2596 3
      vertex 15.6259 -20.4464 3
    endloop
  endfacet
  facet normal 0 0 1
    outer loop
      vertex 15.1931 -12.1885 3
      vertex 15.4307 -21.2596 3
      vertex 15.4307 -12.9904 3
    endloop
  endfacet
  facet normal 0 0 1
    outer loop
      vertex 15.1931 -12.1885 3
      vertex 15.1931 -22.0615 3
      vertex 15.4307 -21.2596 3
    endloop
  endfacet
  facet normal 0 0 1
    outer loop
      vertex 14.9139 -11.4001 3
      vertex 15.1931 -22.0615 3
      vertex 15.1931 -12.1885 3
    endloop
  endfacet
  facet normal 0 0 1
    outer loop
      vertex 14.9139 -11.4001 3
      vertex 14.9139 -22.8499 3
      vertex 15.1931 -22.0615 3
    endloop
  endfacet
  facet normal 0 0 1
    outer loop
      vertex 14.5939 -10.6274 3
      vertex 14.9139 -22.8499 3
      vertex 14.9139 -11.4001 3
    endloop
  endfacet
  facet normal 0 0 1
    outer loop
      vertex 14.5939 -10.6274 3
      vertex 14.5939 -23.6226 3
      vertex 14.9139 -22.8499 3
    endloop
  endfacet
  facet normal 0 0 1
    outer loop
      vertex 14.2338 -9.8725 3
      vertex 14.5939 -23.6226 3
      vertex 14.5939 -10.6274 3
    endloop
  endfacet
  facet normal 0 0 1
    outer loop
      vertex 14.2338 -9.8725 3
      vertex 14.2338 -24.3775 3
      vertex 14.5939 -23.6226 3
    endloop
  endfacet
  facet normal 0 0 1
    outer loop
      vertex 13.8348 -9.1375 3
      vertex 14.2338 -24.3775 3
      vertex 14.2338 -9.8725 3
    endloop
  endfacet
  facet normal 0 0 1
    outer loop
      vertex 13.8348 -9.1375 3
      vertex 13.8348 -25.1125 3
      vertex 14.2338 -24.3775 3
    endloop
  endfacet
  facet normal 0 0 1
    outer loop
      vertex 13.3978 -8.42439 3
      vertex 13.8348 -25.1125 3
      vertex 13.8348 -9.1375 3
    endloop
  endfacet
  facet normal 0 0 1
    outer loop
      vertex 13.3978 -8.42439 3
      vertex 13.3978 -25.8256 3
      vertex 13.8348 -25.1125 3
    endloop
  endfacet
  facet normal 0 0 1
    outer loop
      vertex 12.924 -7.73513 3
      vertex 13.3978 -25.8256 3
      vertex 13.3978 -8.42439 3
    endloop
  endfacet
  facet normal 0 0 1
    outer loop
      vertex 12.924 -7.73513 3
      vertex 12.924 -26.5149 3
      vertex 13.3978 -25.8256 3
    endloop
  endfacet
  facet normal 0 0 1
    outer loop
      vertex 12.4149 -7.07161 3
      vertex 12.924 -26.5149 3
      vertex 12.924 -7.73513 3
    endloop
  endfacet
  facet normal 0 0 1
    outer loop
      vertex 12.4149 -7.07161 3
      vertex 12.4149 -27.1784 3
      vertex 12.924 -26.5149 3
    endloop
  endfacet
  facet normal 0 0 1
    outer loop
      vertex 11.8717 -6.43564 3
      vertex 12.4149 -27.1784 3
      vertex 12.4149 -7.07161 3
    endloop
  endfacet
  facet normal 0 0 1
    outer loop
      vertex 11.8717 -6.43564 3
      vertex 11.8717 -27.8144 3
      vertex 12.4149 -27.1784 3
    endloop
  endfacet
  facet normal 0 0 1
    outer loop
      vertex 11.296 -5.82897 3
      vertex 11.8717 -27.8144 3
      vertex 11.8717 -6.43564 3
    endloop
  endfacet
  facet normal 0 0 1
    outer loop
      vertex 11.296 -5.82897 3
      vertex 11.296 -28.421 3
      vertex 11.8717 -27.8144 3
    endloop
  endfacet
  facet normal 0 0 1
    outer loop
      vertex 10.6894 -5.25326 3
      vertex 11.296 -28.421 3
      vertex 11.296 -5.82897 3
    endloop
  endfacet
  facet normal 0 0 1
    outer loop
      vertex 10.6894 -5.25326 3
      vertex 10.6894 -28.9967 3
      vertex 11.296 -28.421 3
    endloop
  endfacet
  facet normal 0 0 1
    outer loop
      vertex 10.0534 -4.71009 3
      vertex 10.6894 -28.9967 3
      vertex 10.6894 -5.25326 3
    endloop
  endfacet
  facet normal 0 0 1
    outer loop
      vertex 10.0534 -4.71009 3
      vertex 10.0534 -29.5399 3
      vertex 10.6894 -28.9967 3
    endloop
  endfacet
  facet normal 0 0 1
    outer loop
      vertex 9.38987 -4.20095 3
      vertex 10.0534 -29.5399 3
      vertex 10.0534 -4.71009 3
    endloop
  endfacet
  facet normal 0 0 1
    outer loop
      vertex 9.38987 -4.20095 3
      vertex 9.38987 -30.049 3
      vertex 10.0534 -29.5399 3
    endloop
  endfacet
  facet normal 0 0 1
    outer loop
      vertex 8.70061 -3.72724 3
      vertex 9.38987 -30.049 3
      vertex 9.38987 -4.20095 3
    endloop
  endfacet
  facet normal 0 0 1
    outer loop
      vertex 8.70061 -3.72724 3
      vertex 8.70061 -30.5228 3
      vertex 9.38987 -30.049 3
    endloop
  endfacet
  facet normal 0 0 1
    outer loop
      vertex 7.9875 -3.29024 3
      vertex 8.70061 -30.5228 3
      vertex 8.70061 -3.72724 3
    endloop
  endfacet
  facet normal 0 0 1
    outer loop
      vertex 7.9875 -3.29024 3
      vertex 7.9875 -30.9598 3
      vertex 8.70061 -30.5228 3
    endloop
  endfacet
  facet normal 0 0 1
    outer loop
      vertex 7.2525 -2.89117 3
      vertex 7.9875 -30.9598 3
      vertex 7.9875 -3.29024 3
    endloop
  endfacet
  facet normal 0 0 1
    outer loop
      vertex 7.2525 -2.89117 3
      vertex 7.2525 -31.3588 3
      vertex 7.9875 -30.9598 3
    endloop
  endfacet
  facet normal 0 0 1
    outer loop
      vertex 6.49762 -2.53111 3
      vertex 7.2525 -31.3588 3
      vertex 7.2525 -2.89117 3
    endloop
  endfacet
  facet normal 0 0 1
    outer loop
      vertex 6.49762 -2.53111 3
      vertex 6.49762 -31.7189 3
      vertex 7.2525 -31.3588 3
    endloop
  endfacet
  facet normal 0 0 1
    outer loop
      vertex 5.72493 -2.21105 3
      vertex 6.49762 -31.7189 3
      vertex 6.49762 -2.53111 3
    endloop
  endfacet
  facet normal 0 0 1
    outer loop
      vertex 5.72493 -2.21105 3
      vertex 5.72493 -32.0389 3
      vertex 6.49762 -31.7189 3
    endloop
  endfacet
  facet normal 0 0 1
    outer loop
      vertex 4.93655 -1.93187 3
      vertex 5.72493 -32.0389 3
      vertex 5.72493 -2.21105 3
    endloop
  endfacet
  facet normal 0 0 1
    outer loop
      vertex 4.93655 -1.93187 3
      vertex 4.93655 -32.3181 3
      vertex 5.72493 -32.0389 3
    endloop
  endfacet
  facet normal 0 0 1
    outer loop
      vertex 4.13463 -1.69433 3
      vertex 4.93655 -32.3181 3
      vertex 4.93655 -1.93187 3
    endloop
  endfacet
  facet normal 0 0 1
    outer loop
      vertex 4.13463 -1.69433 3
      vertex 4.13463 -32.5557 3
      vertex 4.93655 -32.3181 3
    endloop
  endfacet
  facet normal 0 0 1
    outer loop
      vertex 3.32139 -1.49909 3
      vertex 4.13463 -32.5557 3
      vertex 4.13463 -1.69433 3
    endloop
  endfacet
  facet normal 0 0 1
    outer loop
      vertex 3.32139 -1.49909 3
      vertex 3.32139 -32.7509 3
      vertex 4.13463 -32.5557 3
    endloop
  endfacet
  facet normal 0 0 1
    outer loop
      vertex 2.49904 -1.34668 3
      vertex 3.32139 -32.7509 3
      vertex 3.32139 -1.49909 3
    endloop
  endfacet
  facet normal 0 0 1
    outer loop
      vertex 2.49904 -1.34668 3
      vertex 2.49904 -32.9033 3
      vertex 3.32139 -32.7509 3
    endloop
  endfacet
  facet normal 0 0 1
    outer loop
      vertex 1.66984 -1.23751 3
      vertex 2.49904 -32.9033 3
      vertex 2.49904 -1.34668 3
    endloop
  endfacet
  facet normal 0 0 1
    outer loop
      vertex 1.66984 -1.23751 3
      vertex 1.66984 -33.0125 3
      vertex 2.49904 -32.9033 3
    endloop
  endfacet
  facet normal 0 0 1
    outer loop
      vertex 0.836066 -1.17189 3
      vertex 1.66984 -33.0125 3
      vertex 1.66984 -1.23751 3
    endloop
  endfacet
  facet normal 0 0 1
    outer loop
      vertex 0.836066 -1.17189 3
      vertex 0.836066 -33.0781 3
      vertex 1.66984 -33.0125 3
    endloop
  endfacet
  facet normal 0 0 1
    outer loop
      vertex 0 -1.15 3
      vertex 0.836066 -33.0781 3
      vertex 0.836066 -1.17189 3
    endloop
  endfacet
  facet normal 0 0 1
    outer loop
      vertex 0 -1.15 3
      vertex 0 -33.1 3
      vertex 0.836066 -33.0781 3
    endloop
  endfacet
  facet normal -0 0 1
    outer loop
      vertex -0.836066 -1.17189 3
      vertex 0 -33.1 3
      vertex 0 -1.15 3
    endloop
  endfacet
  facet normal 0 0 1
    outer loop
      vertex -0.836066 -1.17189 3
      vertex -0.836066 -33.0781 3
      vertex 0 -33.1 3
    endloop
  endfacet
  facet normal -0 0 1
    outer loop
      vertex -1.66984 -1.23751 3
      vertex -0.836066 -33.0781 3
      vertex -0.836066 -1.17189 3
    endloop
  endfacet
  facet normal 0 0 1
    outer loop
      vertex -1.66984 -1.23751 3
      vertex -1.66984 -33.0125 3
      vertex -0.836066 -33.0781 3
    endloop
  endfacet
  facet normal -0 0 1
    outer loop
      vertex -2.49904 -1.34668 3
      vertex -1.66984 -33.0125 3
      vertex -1.66984 -1.23751 3
    endloop
  endfacet
  facet normal 0 0 1
    outer loop
      vertex -2.49904 -1.34668 3
      vertex -2.49904 -32.9033 3
      vertex -1.66984 -33.0125 3
    endloop
  endfacet
  facet normal -0 0 1
    outer loop
      vertex -3.32139 -1.49909 3
      vertex -2.49904 -32.9033 3
      vertex -2.49904 -1.34668 3
    endloop
  endfacet
  facet normal 0 0 1
    outer loop
      vertex -3.32139 -1.49909 3
      vertex -3.32139 -32.7509 3
      vertex -2.49904 -32.9033 3
    endloop
  endfacet
  facet normal -0 0 1
    outer loop
      vertex -4.13463 -1.69433 3
      vertex -3.32139 -32.7509 3
      vertex -3.32139 -1.49909 3
    endloop
  endfacet
  facet normal 0 0 1
    outer loop
      vertex -4.13463 -1.69433 3
      vertex -4.13463 -32.5557 3
      vertex -3.32139 -32.7509 3
    endloop
  endfacet
  facet normal -0 0 1
    outer loop
      vertex -4.93655 -1.93187 3
      vertex -4.13463 -32.5557 3
      vertex -4.13463 -1.69433 3
    endloop
  endfacet
  facet normal 0 0 1
    outer loop
      vertex -4.93655 -1.93187 3
      vertex -4.93655 -32.3181 3
      vertex -4.13463 -32.5557 3
    endloop
  endfacet
  facet normal -0 0 1
    outer loop
      vertex -5.72493 -2.21105 3
      vertex -4.93655 -32.3181 3
      vertex -4.93655 -1.93187 3
    endloop
  endfacet
  facet normal 0 0 1
    outer loop
      vertex -5.72493 -2.21105 3
      vertex -5.72493 -32.0389 3
      vertex -4.93655 -32.3181 3
    endloop
  endfacet
  facet normal -0 0 1
    outer loop
      vertex -6.49762 -2.53111 3
      vertex -5.72493 -32.0389 3
      vertex -5.72493 -2.21105 3
    endloop
  endfacet
  facet normal 0 0 1
    outer loop
      vertex -6.49762 -2.53111 3
      vertex -6.49762 -31.7189 3
      vertex -5.72493 -32.0389 3
    endloop
  endfacet
  facet normal -0 0 1
    outer loop
      vertex -7.2525 -2.89117 3
      vertex -6.49762 -31.7189 3
      vertex -6.49762 -2.53111 3
    endloop
  endfacet
  facet normal 0 0 1
    outer loop
      vertex -7.2525 -2.89117 3
      vertex -7.2525 -31.3588 3
      vertex -6.49762 -31.7189 3
    endloop
  endfacet
  facet normal -0 0 1
    outer loop
      vertex -7.9875 -3.29024 3
      vertex -7.2525 -31.3588 3
      vertex -7.2525 -2.89117 3
    endloop
  endfacet
  facet normal 0 0 1
    outer loop
      vertex -7.9875 -3.29024 3
      vertex -7.9875 -30.9598 3
      vertex -7.2525 -31.3588 3
    endloop
  endfacet
  facet normal -0 0 1
    outer loop
      vertex -8.70061 -3.72724 3
      vertex -7.9875 -30.9598 3
      vertex -7.9875 -3.29024 3
    endloop
  endfacet
  facet normal 0 0 1
    outer loop
      vertex -8.70061 -3.72724 3
      vertex -8.70061 -30.5228 3
      vertex -7.9875 -30.9598 3
    endloop
  endfacet
  facet normal -0 0 1
    outer loop
      vertex -9.38987 -4.20095 3
      vertex -8.70061 -30.5228 3
      vertex -8.70061 -3.72724 3
    endloop
  endfacet
  facet normal 0 0 1
    outer loop
      vertex -9.38987 -4.20095 3
      vertex -9.38987 -30.049 3
      vertex -8.70061 -30.5228 3
    endloop
  endfacet
  facet normal -0 0 1
    outer loop
      vertex -10.0534 -4.71009 3
      vertex -9.38987 -30.049 3
      vertex -9.38987 -4.20095 3
    endloop
  endfacet
  facet normal 0 0 1
    outer loop
      vertex -10.0534 -4.71009 3
      vertex -10.0534 -29.5399 3
      vertex -9.38987 -30.049 3
    endloop
  endfacet
  facet normal -0 0 1
    outer loop
      vertex -10.6894 -5.25326 3
      vertex -10.0534 -29.5399 3
      vertex -10.0534 -4.71009 3
    endloop
  endfacet
  facet normal 0 0 1
    outer loop
      vertex -10.6894 -5.25326 3
      vertex -10.6894 -28.9967 3
      vertex -10.0534 -29.5399 3
    endloop
  endfacet
  facet normal -0 0 1
    outer loop
      vertex -11.296 -5.82897 3
      vertex -10.6894 -28.9967 3
      vertex -10.6894 -5.25326 3
    endloop
  endfacet
  facet normal 0 0 1
    outer loop
      vertex -11.296 -5.82897 3
      vertex -11.296 -28.421 3
      vertex -10.6894 -28.9967 3
    endloop
  endfacet
  facet normal -0 0 1
    outer loop
      vertex -11.8717 -6.43564 3
      vertex -11.296 -28.421 3
      vertex -11.296 -5.82897 3
    endloop
  endfacet
  facet normal 0 0 1
    outer loop
      vertex -11.8717 -6.43564 3
      vertex -11.8717 -27.8144 3
      vertex -11.296 -28.421 3
    endloop
  endfacet
  facet normal -0 0 1
    outer loop
      vertex -12.4149 -7.07161 3
      vertex -11.8717 -27.8144 3
      vertex -11.8717 -6.43564 3
    endloop
  endfacet
  facet normal 0 0 1
    outer loop
      vertex -12.4149 -7.07161 3
      vertex -12.4149 -27.1784 3
      vertex -11.8717 -27.8144 3
    endloop
  endfacet
  facet normal -0 0 1
    outer loop
      vertex -12.924 -7.73513 3
      vertex -12.4149 -27.1784 3
      vertex -12.4149 -7.07161 3
    endloop
  endfacet
  facet normal 0 0 1
    outer loop
      vertex -12.924 -7.73513 3
      vertex -12.924 -26.5149 3
      vertex -12.4149 -27.1784 3
    endloop
  endfacet
  facet normal -0 0 1
    outer loop
      vertex -13.3978 -8.42439 3
      vertex -12.924 -26.5149 3
      vertex -12.924 -7.73513 3
    endloop
  endfacet
  facet normal 0 0 1
    outer loop
      vertex -13.3978 -8.42439 3
      vertex -13.3978 -25.8256 3
      vertex -12.924 -26.5149 3
    endloop
  endfacet
  facet normal -0 0 1
    outer loop
      vertex -13.8348 -9.1375 3
      vertex -13.3978 -25.8256 3
      vertex -13.3978 -8.42439 3
    endloop
  endfacet
  facet normal 0 0 1
    outer loop
      vertex -13.8348 -9.1375 3
      vertex -13.8348 -25.1125 3
      vertex -13.3978 -25.8256 3
    endloop
  endfacet
  facet normal -0 0 1
    outer loop
      vertex -14.2338 -9.8725 3
      vertex -13.8348 -25.1125 3
      vertex -13.8348 -9.1375 3
    endloop
  endfacet
  facet normal 0 0 1
    outer loop
      vertex -14.2338 -9.8725 3
      vertex -14.2338 -24.3775 3
      vertex -13.8348 -25.1125 3
    endloop
  endfacet
  facet normal -0 0 1
    outer loop
      vertex -14.5939 -10.6274 3
      vertex -14.2338 -24.3775 3
      vertex -14.2338 -9.8725 3
    endloop
  endfacet
  facet normal 0 0 1
    outer loop
      vertex -14.5939 -10.6274 3
      vertex -14.5939 -23.6226 3
      vertex -14.2338 -24.3775 3
    endloop
  endfacet
  facet normal -0 0 1
    outer loop
      vertex -14.9139 -11.4001 3
      vertex -14.5939 -23.6226 3
      vertex -14.5939 -10.6274 3
    endloop
  endfacet
  facet normal 0 0 1
    outer loop
      vertex -14.9139 -11.4001 3
      vertex -14.9139 -22.8499 3
      vertex -14.5939 -23.6226 3
    endloop
  endfacet
  facet normal -0 0 1
    outer loop
      vertex -15.1931 -12.1885 3
      vertex -14.9139 -22.8499 3
      vertex -14.9139 -11.4001 3
    endloop
  endfacet
  facet normal 0 0 1
    outer loop
      vertex -15.1931 -12.1885 3
      vertex -15.1931 -22.0615 3
      vertex -14.9139 -22.8499 3
    endloop
  endfacet
  facet normal -0 0 1
    outer loop
      vertex -15.4307 -12.9904 3
      vertex -15.1931 -22.0615 3
      vertex -15.1931 -12.1885 3
    endloop
  endfacet
  facet normal 0 0 1
    outer loop
      vertex -15.4307 -12.9904 3
      vertex -15.4307 -21.2596 3
      vertex -15.1931 -22.0615 3
    endloop
  endfacet
  facet normal -0 0 1
    outer loop
      vertex -15.6259 -13.8036 3
      vertex -15.4307 -21.2596 3
      vertex -15.4307 -12.9904 3
    endloop
  endfacet
  facet normal 0 0 1
    outer loop
      vertex -15.6259 -13.8036 3
      vertex -15.6259 -20.4464 3
      vertex -15.4307 -21.2596 3
    endloop
  endfacet
  facet normal -0 0 1
    outer loop
      vertex -15.7783 -14.626 3
      vertex -15.6259 -20.4464 3
      vertex -15.6259 -13.8036 3
    endloop
  endfacet
  facet normal 0 0 1
    outer loop
      vertex -15.7783 -14.626 3
      vertex -15.7783 -19.624 3
      vertex -15.6259 -20.4464 3
    endloop
  endfacet
  facet normal -0 0 1
    outer loop
      vertex -15.8875 -15.4552 3
      vertex -15.7783 -19.624 3
      vertex -15.7783 -14.626 3
    endloop
  endfacet
  facet normal 0 0 1
    outer loop
      vertex -15.8875 -15.4552 3
      vertex -15.8875 -18.7948 3
      vertex -15.7783 -19.624 3
    endloop
  endfacet
  facet normal -0 0 1
    outer loop
      vertex -15.9531 -16.2889 3
      vertex -15.8875 -18.7948 3
      vertex -15.8875 -15.4552 3
    endloop
  endfacet
  facet normal 0 0 1
    outer loop
      vertex -15.9531 -16.2889 3
      vertex -15.9531 -17.9611 3
      vertex -15.8875 -18.7948 3
    endloop
  endfacet
  facet normal 0 -0 1
    outer loop
      vertex -15.9531 -17.9611 3
      vertex -15.9531 -16.2889 3
      vertex -15.975 -17.125 3
    endloop
  endfacet
  facet normal 0.958798 0.284088 0
    outer loop
      vertex -15.1931 -22.0615 80
      vertex -15.4307 -21.2596 3
      vertex -15.4307 -21.2596 80
    endloop
  endfacet
  facet normal 0.958798 0.284088 0
    outer loop
      vertex -15.4307 -21.2596 3
      vertex -15.1931 -22.0615 80
      vertex -15.1931 -22.0615 3
    endloop
  endfacet
  facet normal 0.99144 0.130566 0
    outer loop
      vertex -15.7783 -19.624 80
      vertex -15.8875 -18.7948 3
      vertex -15.8875 -18.7948 80
    endloop
  endfacet
  facet normal 0.99144 0.130566 0
    outer loop
      vertex -15.8875 -18.7948 3
      vertex -15.7783 -19.624 80
      vertex -15.7783 -19.624 3
    endloop
  endfacet
  facet normal -0.760388 -0.649469 0
    outer loop
      vertex 12.4149 -7.07161 3
      vertex 11.8717 -6.43564 80
      vertex 11.8717 -6.43564 3
    endloop
  endfacet
  facet normal -0.760388 -0.649469 0
    outer loop
      vertex 11.8717 -6.43564 80
      vertex 12.4149 -7.07161 3
      vertex 12.4149 -7.07161 80
    endloop
  endfacet
  facet normal -0.233443 -0.97237 0
    outer loop
      vertex 3.32139 -1.49909 3
      vertex 4.13463 -1.69433 80
      vertex 3.32139 -1.49909 80
    endloop
  endfacet
  facet normal -0.233443 -0.97237 -0
    outer loop
      vertex 4.13463 -1.69433 80
      vertex 3.32139 -1.49909 3
      vertex 4.13463 -1.69433 3
    endloop
  endfacet
  facet normal -0.99144 0.130566 0
    outer loop
      vertex 15.7783 -19.624 3
      vertex 15.8875 -18.7948 80
      vertex 15.8875 -18.7948 3
    endloop
  endfacet
  facet normal -0.99144 0.130566 0
    outer loop
      vertex 15.8875 -18.7948 80
      vertex 15.7783 -19.624 3
      vertex 15.7783 -19.624 80
    endloop
  endfacet
  facet normal 0.649451 0.760403 -0
    outer loop
      vertex -10.0534 -29.5399 3
      vertex -10.6894 -28.9967 80
      vertex -10.0534 -29.5399 80
    endloop
  endfacet
  facet normal 0.649451 0.760403 0
    outer loop
      vertex -10.6894 -28.9967 80
      vertex -10.0534 -29.5399 3
      vertex -10.6894 -28.9967 3
    endloop
  endfacet
  facet normal -0.760403 0.649451 0
    outer loop
      vertex 11.8717 -27.8144 3
      vertex 12.4149 -27.1784 80
      vertex 12.4149 -27.1784 3
    endloop
  endfacet
  facet normal -0.760403 0.649451 0
    outer loop
      vertex 12.4149 -27.1784 80
      vertex 11.8717 -27.8144 3
      vertex 11.8717 -27.8144 80
    endloop
  endfacet
  facet normal -0.130566 0.99144 0
    outer loop
      vertex 2.49904 -32.9033 3
      vertex 1.66984 -33.0125 80
      vertex 2.49904 -32.9033 80
    endloop
  endfacet
  facet normal -0.130566 0.99144 0
    outer loop
      vertex 1.66984 -33.0125 80
      vertex 2.49904 -32.9033 3
      vertex 1.66984 -33.0125 3
    endloop
  endfacet
  facet normal -0.233398 0.972381 0
    outer loop
      vertex 4.13463 -32.5557 3
      vertex 3.32139 -32.7509 80
      vertex 4.13463 -32.5557 80
    endloop
  endfacet
  facet normal -0.233398 0.972381 0
    outer loop
      vertex 3.32139 -32.7509 80
      vertex 4.13463 -32.5557 3
      vertex 3.32139 -32.7509 3
    endloop
  endfacet
  facet normal 0.430512 -0.902585 0
    outer loop
      vertex -7.2525 -2.89117 3
      vertex -6.49762 -2.53111 80
      vertex -7.2525 -2.89117 80
    endloop
  endfacet
  facet normal 0.430512 -0.902585 0
    outer loop
      vertex -6.49762 -2.53111 80
      vertex -7.2525 -2.89117 3
      vertex -6.49762 -2.53111 3
    endloop
  endfacet
  facet normal -0.608728 0.793379 0
    outer loop
      vertex 10.0534 -29.5399 3
      vertex 9.38987 -30.049 80
      vertex 10.0534 -29.5399 80
    endloop
  endfacet
  facet normal -0.608728 0.793379 0
    outer loop
      vertex 9.38987 -30.049 80
      vertex 10.0534 -29.5399 3
      vertex 9.38987 -30.049 3
    endloop
  endfacet
  facet normal -0.477092 0.878853 0
    outer loop
      vertex 7.9875 -30.9598 3
      vertex 7.2525 -31.3588 80
      vertex 7.9875 -30.9598 80
    endloop
  endfacet
  facet normal -0.477092 0.878853 0
    outer loop
      vertex 7.2525 -31.3588 80
      vertex 7.9875 -30.9598 3
      vertex 7.2525 -31.3588 3
    endloop
  endfacet
  facet normal -0.793366 0.608745 0
    outer loop
      vertex 12.4149 -27.1784 3
      vertex 12.924 -26.5149 80
      vertex 12.924 -26.5149 3
    endloop
  endfacet
  facet normal -0.793366 0.608745 0
    outer loop
      vertex 12.924 -26.5149 80
      vertex 12.4149 -27.1784 3
      vertex 12.4149 -27.1784 80
    endloop
  endfacet
  facet normal -0.182231 -0.983256 0
    outer loop
      vertex 2.49904 -1.34668 3
      vertex 3.32139 -1.49909 80
      vertex 2.49904 -1.34668 80
    endloop
  endfacet
  facet normal -0.182231 -0.983256 -0
    outer loop
      vertex 3.32139 -1.49909 80
      vertex 2.49904 -1.34668 3
      vertex 3.32139 -1.49909 3
    endloop
  endfacet
  facet normal -0.130531 -0.991444 0
    outer loop
      vertex 1.66984 -1.23751 3
      vertex 2.49904 -1.34668 80
      vertex 1.66984 -1.23751 80
    endloop
  endfacet
  facet normal -0.130531 -0.991444 -0
    outer loop
      vertex 2.49904 -1.34668 80
      vertex 1.66984 -1.23751 3
      vertex 2.49904 -1.34668 3
    endloop
  endfacet
  facet normal -0.333807 -0.942641 0
    outer loop
      vertex 4.93655 -1.93187 3
      vertex 5.72493 -2.21105 80
      vertex 4.93655 -1.93187 80
    endloop
  endfacet
  facet normal -0.333807 -0.942641 -0
    outer loop
      vertex 5.72493 -2.21105 80
      vertex 4.93655 -1.93187 3
      vertex 5.72493 -2.21105 3
    endloop
  endfacet
  facet normal 0.793375 -0.608734 0
    outer loop
      vertex -12.924 -7.73513 80
      vertex -12.4149 -7.07161 3
      vertex -12.4149 -7.07161 80
    endloop
  endfacet
  facet normal 0.793375 -0.608734 0
    outer loop
      vertex -12.4149 -7.07161 3
      vertex -12.924 -7.73513 80
      vertex -12.924 -7.73513 3
    endloop
  endfacet
  facet normal -0.382624 0.923904 0
    outer loop
      vertex 6.49762 -31.7189 3
      vertex 5.72493 -32.0389 80
      vertex 6.49762 -31.7189 80
    endloop
  endfacet
  facet normal -0.382624 0.923904 0
    outer loop
      vertex 5.72493 -32.0389 80
      vertex 6.49762 -31.7189 3
      vertex 5.72493 -32.0389 3
    endloop
  endfacet
  facet normal 0.18222 0.983258 -0
    outer loop
      vertex -2.49904 -32.9033 3
      vertex -3.32139 -32.7509 80
      vertex -2.49904 -32.9033 80
    endloop
  endfacet
  facet normal 0.18222 0.983258 0
    outer loop
      vertex -3.32139 -32.7509 80
      vertex -2.49904 -32.9033 3
      vertex -3.32139 -32.7509 3
    endloop
  endfacet
  facet normal 0.98326 -0.182209 0
    outer loop
      vertex -15.7783 -14.626 80
      vertex -15.6259 -13.8036 3
      vertex -15.6259 -13.8036 80
    endloop
  endfacet
  facet normal 0.98326 -0.182209 0
    outer loop
      vertex -15.6259 -13.8036 3
      vertex -15.7783 -14.626 80
      vertex -15.7783 -14.626 3
    endloop
  endfacet
  facet normal 0.99144 -0.130566 0
    outer loop
      vertex -15.8875 -15.4552 80
      vertex -15.7783 -14.626 3
      vertex -15.7783 -14.626 80
    endloop
  endfacet
  facet normal 0.99144 -0.130566 0
    outer loop
      vertex -15.7783 -14.626 3
      vertex -15.8875 -15.4552 80
      vertex -15.8875 -15.4552 3
    endloop
  endfacet
  facet normal 0.284082 0.9588 -0
    outer loop
      vertex -4.13463 -32.5557 3
      vertex -4.93655 -32.3181 80
      vertex -4.13463 -32.5557 80
    endloop
  endfacet
  facet normal 0.284082 0.9588 0
    outer loop
      vertex -4.93655 -32.3181 80
      vertex -4.13463 -32.5557 3
      vertex -4.93655 -32.3181 3
    endloop
  endfacet
  facet normal 0.566402 -0.824129 0
    outer loop
      vertex -9.38987 -4.20095 3
      vertex -8.70061 -3.72724 80
      vertex -9.38987 -4.20095 80
    endloop
  endfacet
  facet normal 0.566402 -0.824129 0
    outer loop
      vertex -8.70061 -3.72724 80
      vertex -9.38987 -4.20095 3
      vertex -8.70061 -3.72724 3
    endloop
  endfacet
  facet normal 0.793366 0.608745 0
    outer loop
      vertex -12.4149 -27.1784 80
      vertex -12.924 -26.5149 3
      vertex -12.924 -26.5149 80
    endloop
  endfacet
  facet normal 0.793366 0.608745 0
    outer loop
      vertex -12.924 -26.5149 3
      vertex -12.4149 -27.1784 80
      vertex -12.4149 -27.1784 3
    endloop
  endfacet
  facet normal 0.824094 0.566453 0
    outer loop
      vertex -12.924 -26.5149 80
      vertex -13.3978 -25.8256 3
      vertex -13.3978 -25.8256 80
    endloop
  endfacet
  facet normal 0.824094 0.566453 0
    outer loop
      vertex -13.3978 -25.8256 3
      vertex -12.924 -26.5149 80
      vertex -12.924 -26.5149 3
    endloop
  endfacet
  facet normal 0.333828 0.942634 -0
    outer loop
      vertex -4.93655 -32.3181 3
      vertex -5.72493 -32.0389 80
      vertex -4.93655 -32.3181 80
    endloop
  endfacet
  facet normal 0.333828 0.942634 0
    outer loop
      vertex -5.72493 -32.0389 80
      vertex -4.93655 -32.3181 3
      vertex -5.72493 -32.0389 3
    endloop
  endfacet
  facet normal -0.902571 0.430541 0
    outer loop
      vertex 14.2338 -24.3775 3
      vertex 14.5939 -23.6226 80
      vertex 14.5939 -23.6226 3
    endloop
  endfacet
  facet normal -0.902571 0.430541 0
    outer loop
      vertex 14.5939 -23.6226 80
      vertex 14.2338 -24.3775 3
      vertex 14.2338 -24.3775 80
    endloop
  endfacet
  facet normal 0.902571 -0.430541 0
    outer loop
      vertex -14.5939 -10.6274 80
      vertex -14.2338 -9.8725 3
      vertex -14.2338 -9.8725 80
    endloop
  endfacet
  facet normal 0.902571 -0.430541 0
    outer loop
      vertex -14.2338 -9.8725 3
      vertex -14.5939 -10.6274 80
      vertex -14.5939 -10.6274 3
    endloop
  endfacet
  facet normal 0.477092 0.878853 -0
    outer loop
      vertex -7.2525 -31.3588 3
      vertex -7.9875 -30.9598 80
      vertex -7.2525 -31.3588 80
    endloop
  endfacet
  facet normal 0.477092 0.878853 0
    outer loop
      vertex -7.9875 -30.9598 80
      vertex -7.2525 -31.3588 3
      vertex -7.9875 -30.9598 3
    endloop
  endfacet
  facet normal 0.902571 0.430541 0
    outer loop
      vertex -14.2338 -24.3775 80
      vertex -14.5939 -23.6226 3
      vertex -14.5939 -23.6226 80
    endloop
  endfacet
  facet normal 0.902571 0.430541 0
    outer loop
      vertex -14.5939 -23.6226 3
      vertex -14.2338 -24.3775 80
      vertex -14.2338 -24.3775 3
    endloop
  endfacet
  facet normal 0.608728 0.793379 -0
    outer loop
      vertex -9.38987 -30.049 3
      vertex -10.0534 -29.5399 80
      vertex -9.38987 -30.049 80
    endloop
  endfacet
  facet normal 0.608728 0.793379 0
    outer loop
      vertex -10.0534 -29.5399 80
      vertex -9.38987 -30.049 3
      vertex -10.0534 -29.5399 3
    endloop
  endfacet
  facet normal 0.566475 0.824079 -0
    outer loop
      vertex -8.70061 -30.5228 3
      vertex -9.38987 -30.049 80
      vertex -8.70061 -30.5228 80
    endloop
  endfacet
  facet normal 0.566475 0.824079 0
    outer loop
      vertex -9.38987 -30.049 80
      vertex -8.70061 -30.5228 3
      vertex -9.38987 -30.049 3
    endloop
  endfacet
  facet normal 0.522503 0.852637 -0
    outer loop
      vertex -7.9875 -30.9598 3
      vertex -8.70061 -30.5228 80
      vertex -7.9875 -30.9598 80
    endloop
  endfacet
  facet normal 0.522503 0.852637 0
    outer loop
      vertex -8.70061 -30.5228 80
      vertex -7.9875 -30.9598 3
      vertex -8.70061 -30.5228 3
    endloop
  endfacet
  facet normal -1 0 0
    outer loop
      vertex 28 0.45 3
      vertex 28 8.45 80
      vertex 28 8.45 3
    endloop
  endfacet
  facet normal -1 -0 0
    outer loop
      vertex 28 8.45 80
      vertex 28 0.45 3
      vertex 28 0.45 80
    endloop
  endfacet
  facet normal -0 0 1
    outer loop
      vertex -28 8.45 3
      vertex 28 0.45 3
      vertex 28 8.45 3
    endloop
  endfacet
  facet normal 0 0 1
    outer loop
      vertex 28 0.45 3
      vertex -28 8.45 3
      vertex -28 0.45 3
    endloop
  endfacet
  facet normal 1 -0 0
    outer loop
      vertex -28 0.45 80
      vertex -28 8.45 3
      vertex -28 8.45 80
    endloop
  endfacet
  facet normal 1 0 0
    outer loop
      vertex -28 8.45 3
      vertex -28 0.45 80
      vertex -28 0.45 3
    endloop
  endfacet
  facet normal 0 -1 0
    outer loop
      vertex -28 8.45 3
      vertex 28 8.45 80
      vertex -28 8.45 80
    endloop
  endfacet
  facet normal 0 -1 -0
    outer loop
      vertex 28 8.45 80
      vertex -28 8.45 3
      vertex 28 8.45 3
    endloop
  endfacet
  facet normal 0 1 -0
    outer loop
      vertex 28 0.45 3
      vertex -28 0.45 80
      vertex 28 0.45 80
    endloop
  endfacet
  facet normal 0 1 0
    outer loop
      vertex -28 0.45 80
      vertex 28 0.45 3
      vertex -28 0.45 3
    endloop
  endfacet
endsolid OpenSCAD_Model
