solid OpenSCAD_Model
  facet normal 0 0 -1
    outer loop
      vertex 150.783 -5.94865 0
      vertex 150.392 -5.98715 0
      vertex 150 -6 0
    endloop
  endfacet
  facet normal 0 0 -1
    outer loop
      vertex 152.296 -5.54327 0
      vertex 151.929 -5.68158 0
      vertex 151.553 -5.79555 0
    endloop
  endfacet
  facet normal 0 0 -1
    outer loop
      vertex 150.783 -5.94865 0
      vertex 151.553 -5.79555 0
      vertex 151.171 -5.8847 0
    endloop
  endfacet
  facet normal 0 0 -1
    outer loop
      vertex 152.654 -5.38123 0
      vertex 152.296 -5.54327 0
      vertex 151.553 -5.79555 0
    endloop
  endfacet
  facet normal 0 0 -1
    outer loop
      vertex 150.783 -5.94865 0
      vertex 152.654 -5.38123 0
      vertex 151.553 -5.79555 0
    endloop
  endfacet
  facet normal 0 0 -1
    outer loop
      vertex 153.653 -4.76012 0
      vertex 153.333 -4.98882 0
      vertex 152.654 -5.38123 0
    endloop
  endfacet
  facet normal 0 0 -1
    outer loop
      vertex 152.654 -5.38123 0
      vertex 153.333 -4.98882 0
      vertex 153 -5.19615 0
    endloop
  endfacet
  facet normal -0 0 -1
    outer loop
      vertex 153.956 -4.51103 0
      vertex 153.653 -4.76012 0
      vertex 154.243 -4.24263 0
    endloop
  endfacet
  facet normal 0 0 -1
    outer loop
      vertex 154.243 -4.24263 0
      vertex 153.653 -4.76012 0
      vertex 152.654 -5.38123 0
    endloop
  endfacet
  facet normal 0 0 -1
    outer loop
      vertex 155.381 -2.65372 0
      vertex 154.243 -4.24263 0
      vertex 152.654 -5.38123 0
    endloop
  endfacet
  facet normal 0 0 -1
    outer loop
      vertex 154.76 -3.65256 0
      vertex 154.511 -3.95607 0
      vertex 154.243 -4.24263 0
    endloop
  endfacet
  facet normal 0 0 -1
    outer loop
      vertex 155.381 -2.65372 0
      vertex 154.76 -3.65256 0
      vertex 154.243 -4.24263 0
    endloop
  endfacet
  facet normal -0 0 -1
    outer loop
      vertex 155.196 -3 0
      vertex 154.989 -3.33342 0
      vertex 155.381 -2.65372 0
    endloop
  endfacet
  facet normal 0 0 -1
    outer loop
      vertex 155.381 -2.65372 0
      vertex 154.989 -3.33342 0
      vertex 154.76 -3.65256 0
    endloop
  endfacet
  facet normal 0 0 -1
    outer loop
      vertex 150.783 -5.94865 0
      vertex 155.381 -2.65372 0
      vertex 152.654 -5.38123 0
    endloop
  endfacet
  facet normal 0 0 -1
    outer loop
      vertex 155.796 -1.5529 0
      vertex 155.543 -2.2961 0
      vertex 155.381 -2.65372 0
    endloop
  endfacet
  facet normal 0 0 -1
    outer loop
      vertex 155.796 -1.5529 0
      vertex 155.682 -1.92863 0
      vertex 155.543 -2.2961 0
    endloop
  endfacet
  facet normal -0 0 -1
    outer loop
      vertex 155.885 -1.17053 0
      vertex 155.796 -1.5529 0
      vertex 155.949 -0.783142 0
    endloop
  endfacet
  facet normal 0 0 -1
    outer loop
      vertex 155.949 -0.783142 0
      vertex 155.796 -1.5529 0
      vertex 155.381 -2.65372 0
    endloop
  endfacet
  facet normal 0 0 -1
    outer loop
      vertex 150.783 -5.94865 0
      vertex 155.949 -0.783142 0
      vertex 155.381 -2.65372 0
    endloop
  endfacet
  facet normal 0 0 -1
    outer loop
      vertex 155.949 0.783142 0
      vertex 156 0 0
      vertex 155.949 -0.783142 0
    endloop
  endfacet
  facet normal 0 0 -1
    outer loop
      vertex 155.949 -0.783142 0
      vertex 156 0 0
      vertex 155.987 -0.39241 0
    endloop
  endfacet
  facet normal 0 0 -1
    outer loop
      vertex 155.949 0.783142 0
      vertex 155.987 0.39241 0
      vertex 156 0 0
    endloop
  endfacet
  facet normal 0 0 -1
    outer loop
      vertex 150.783 5.94865 0
      vertex 155.949 0.783142 0
      vertex 155.949 -0.783142 0
    endloop
  endfacet
  facet normal 0 0 -1
    outer loop
      vertex 155.796 1.5529 0
      vertex 155.885 1.17053 0
      vertex 155.949 0.783142 0
    endloop
  endfacet
  facet normal -0 -0 -1
    outer loop
      vertex 155.543 2.2961 0
      vertex 155.796 1.5529 0
      vertex 155.381 2.65372 0
    endloop
  endfacet
  facet normal 0 0 -1
    outer loop
      vertex 155.543 2.2961 0
      vertex 155.682 1.92863 0
      vertex 155.796 1.5529 0
    endloop
  endfacet
  facet normal 0 0 -1
    outer loop
      vertex 155.381 2.65372 0
      vertex 155.796 1.5529 0
      vertex 155.949 0.783142 0
    endloop
  endfacet
  facet normal -0 -0 -1
    outer loop
      vertex 152.654 5.38123 0
      vertex 155.381 2.65372 0
      vertex 150.783 5.94865 0
    endloop
  endfacet
  facet normal 0 0 -1
    outer loop
      vertex 154.76 3.65256 0
      vertex 154.989 3.33342 0
      vertex 155.381 2.65372 0
    endloop
  endfacet
  facet normal 0 0 -1
    outer loop
      vertex 155.381 2.65372 0
      vertex 154.989 3.33342 0
      vertex 155.196 3 0
    endloop
  endfacet
  facet normal -0 -0 -1
    outer loop
      vertex 154.511 3.95607 0
      vertex 154.76 3.65256 0
      vertex 154.243 4.24263 0
    endloop
  endfacet
  facet normal 0 0 -1
    outer loop
      vertex 154.243 4.24263 0
      vertex 154.76 3.65256 0
      vertex 155.381 2.65372 0
    endloop
  endfacet
  facet normal 0 0 -1
    outer loop
      vertex 152.654 5.38123 0
      vertex 154.243 4.24263 0
      vertex 155.381 2.65372 0
    endloop
  endfacet
  facet normal 0 0 -1
    outer loop
      vertex 153.653 4.76012 0
      vertex 153.956 4.51103 0
      vertex 154.243 4.24263 0
    endloop
  endfacet
  facet normal 0 0 -1
    outer loop
      vertex 152.654 5.38123 0
      vertex 153.653 4.76012 0
      vertex 154.243 4.24263 0
    endloop
  endfacet
  facet normal -0 -0 -1
    outer loop
      vertex 153 5.19615 0
      vertex 153.333 4.98882 0
      vertex 152.654 5.38123 0
    endloop
  endfacet
  facet normal 0 0 -1
    outer loop
      vertex 152.654 5.38123 0
      vertex 153.333 4.98882 0
      vertex 153.653 4.76012 0
    endloop
  endfacet
  facet normal 0 0 -1
    outer loop
      vertex 150.783 5.94865 0
      vertex 155.381 2.65372 0
      vertex 155.949 0.783142 0
    endloop
  endfacet
  facet normal 0 0 -1
    outer loop
      vertex 151.553 5.79555 0
      vertex 152.296 5.54327 0
      vertex 152.654 5.38123 0
    endloop
  endfacet
  facet normal 0 0 -1
    outer loop
      vertex 151.553 5.79555 0
      vertex 151.929 5.68158 0
      vertex 152.296 5.54327 0
    endloop
  endfacet
  facet normal -0 -0 -1
    outer loop
      vertex 151.171 5.8847 0
      vertex 151.553 5.79555 0
      vertex 150.783 5.94865 0
    endloop
  endfacet
  facet normal 0 0 -1
    outer loop
      vertex 150.783 5.94865 0
      vertex 151.553 5.79555 0
      vertex 152.654 5.38123 0
    endloop
  endfacet
  facet normal 0 0 -1
    outer loop
      vertex 150.783 -5.94865 0
      vertex 150.783 5.94865 0
      vertex 155.949 -0.783142 0
    endloop
  endfacet
  facet normal 0 0 -1
    outer loop
      vertex 150.783 -5.94865 0
      vertex 150 6 0
      vertex 150.783 5.94865 0
    endloop
  endfacet
  facet normal 0 0 -1
    outer loop
      vertex 150.783 5.94865 0
      vertex 150 6 0
      vertex 150.392 5.98715 0
    endloop
  endfacet
  facet normal -0 0 -1
    outer loop
      vertex 150.783 -5.94865 0
      vertex 150 -6 0
      vertex 150 6 0
    endloop
  endfacet
  facet normal -0 -0 -1
    outer loop
      vertex 150 6 0
      vertex 150 -6 0
      vertex 97.1533 6 0
    endloop
  endfacet
  facet normal 0 0 -1
    outer loop
      vertex -5.38123 2.65372 0
      vertex -4.98882 3.33342 0
      vertex -4.76012 3.65256 0
    endloop
  endfacet
  facet normal 0 0 -1
    outer loop
      vertex 46.0208 226.929 0
      vertex 50.0725 228.493 0
      vertex 51.1113 216.035 0
    endloop
  endfacet
  facet normal -0 0 -1
    outer loop
      vertex 65.5367 219.649 0
      vertex 59.1567 218.5 0
      vertex 63.4761 231.469 0
    endloop
  endfacet
  facet normal 0 0 -1
    outer loop
      vertex 73.1481 220.608 0
      vertex 71.7168 232.522 0
      vertex 72.1076 232.561 0
    endloop
  endfacet
  facet normal 0 0 -1
    outer loop
      vertex 81.5813 221.316 0
      vertex 90.0569 233.737 0
      vertex 90.6365 221.753 0
    endloop
  endfacet
  facet normal 0 0 -1
    outer loop
      vertex 156.704 237.543 0
      vertex 157.071 237.682 0
      vertex 157.447 237.796 0
    endloop
  endfacet
  facet normal 0 0 -1
    outer loop
      vertex 163.243 236.243 0
      vertex 161.654 237.381 0
      vertex 162.653 236.76 0
    endloop
  endfacet
  facet normal 0 0 -1
    outer loop
      vertex 164.381 234.654 0
      vertex 161.654 237.381 0
      vertex 163.243 236.243 0
    endloop
  endfacet
  facet normal 0 0 -1
    outer loop
      vertex 164.796 233.553 0
      vertex 164.543 234.296 0
      vertex 164.682 233.929 0
    endloop
  endfacet
  facet normal 0 0 -1
    outer loop
      vertex 164.949 232.783 0
      vertex 164.381 234.654 0
      vertex 164.796 233.553 0
    endloop
  endfacet
  facet normal 0 0 -1
    outer loop
      vertex 164.796 233.553 0
      vertex 164.885 233.171 0
      vertex 164.949 232.783 0
    endloop
  endfacet
  facet normal -0 -0 -1
    outer loop
      vertex 164.543 234.296 0
      vertex 164.796 233.553 0
      vertex 164.381 234.654 0
    endloop
  endfacet
  facet normal -0 0 -1
    outer loop
      vertex 165 232 0
      vertex 164.949 231.217 0
      vertex 164.949 232.783 0
    endloop
  endfacet
  facet normal 0 0 -1
    outer loop
      vertex 165 232 0
      vertex 164.987 231.608 0
      vertex 164.949 231.217 0
    endloop
  endfacet
  facet normal 0 0 -1
    outer loop
      vertex 149.476 215.641 0
      vertex 151.577 227.857 0
      vertex 160.796 216.447 0
    endloop
  endfacet
  facet normal 0 0 -1
    outer loop
      vertex 149.619 215.346 0
      vertex 160.381 215.346 0
      vertex 155.783 212.051 0
    endloop
  endfacet
  facet normal 0 0 -1
    outer loop
      vertex 157.654 212.619 0
      vertex 159.243 213.757 0
      vertex 158.653 213.24 0
    endloop
  endfacet
  facet normal 0 0 -1
    outer loop
      vertex 155.783 212.051 0
      vertex 154.217 212.051 0
      vertex 149.619 215.346 0
    endloop
  endfacet
  facet normal 0 0 -1
    outer loop
      vertex 150.24 214.347 0
      vertex 150.011 214.667 0
      vertex 149.804 215 0
    endloop
  endfacet
  facet normal 0 0 -1
    outer loop
      vertex 149.619 215.346 0
      vertex 150.24 214.347 0
      vertex 149.804 215 0
    endloop
  endfacet
  facet normal 0 0 -1
    outer loop
      vertex 150.757 213.757 0
      vertex 150.489 214.044 0
      vertex 150.24 214.347 0
    endloop
  endfacet
  facet normal 0 0 -1
    outer loop
      vertex 149.619 215.346 0
      vertex 150.757 213.757 0
      vertex 150.24 214.347 0
    endloop
  endfacet
  facet normal 0 0 -1
    outer loop
      vertex 151.347 213.24 0
      vertex 151.044 213.489 0
      vertex 150.757 213.757 0
    endloop
  endfacet
  facet normal 0 0 -1
    outer loop
      vertex 152 212.804 0
      vertex 151.347 213.24 0
      vertex 152.346 212.619 0
    endloop
  endfacet
  facet normal 0 0 -1
    outer loop
      vertex 152 212.804 0
      vertex 151.667 213.011 0
      vertex 151.347 213.24 0
    endloop
  endfacet
  facet normal 0 0 -1
    outer loop
      vertex 152.346 212.619 0
      vertex 151.347 213.24 0
      vertex 150.757 213.757 0
    endloop
  endfacet
  facet normal 0 0 -1
    outer loop
      vertex 149.619 215.346 0
      vertex 152.346 212.619 0
      vertex 150.757 213.757 0
    endloop
  endfacet
  facet normal 0 0 -1
    outer loop
      vertex 153.071 212.318 0
      vertex 152.704 212.457 0
      vertex 153.447 212.204 0
    endloop
  endfacet
  facet normal 0 0 -1
    outer loop
      vertex 153.447 212.204 0
      vertex 152.704 212.457 0
      vertex 152.346 212.619 0
    endloop
  endfacet
  facet normal 0 0 -1
    outer loop
      vertex 153.829 212.115 0
      vertex 153.447 212.204 0
      vertex 154.217 212.051 0
    endloop
  endfacet
  facet normal 0 0 -1
    outer loop
      vertex 154.217 212.051 0
      vertex 153.447 212.204 0
      vertex 152.346 212.619 0
    endloop
  endfacet
  facet normal 0 0 -1
    outer loop
      vertex 149.619 215.346 0
      vertex 154.217 212.051 0
      vertex 152.346 212.619 0
    endloop
  endfacet
  facet normal 0 0 -1
    outer loop
      vertex 155 212 0
      vertex 154.608 212.013 0
      vertex 154.217 212.051 0
    endloop
  endfacet
  facet normal -0 0 -1
    outer loop
      vertex 155.783 212.051 0
      vertex 155 212 0
      vertex 154.217 212.051 0
    endloop
  endfacet
  facet normal 0 0 -1
    outer loop
      vertex 155.783 212.051 0
      vertex 155.392 212.013 0
      vertex 155 212 0
    endloop
  endfacet
  facet normal -0 0 -1
    outer loop
      vertex 156.171 212.115 0
      vertex 155.783 212.051 0
      vertex 156.553 212.204 0
    endloop
  endfacet
  facet normal 0 0 -1
    outer loop
      vertex 156.553 212.204 0
      vertex 157.654 212.619 0
      vertex 157.296 212.457 0
    endloop
  endfacet
  facet normal -0 0 -1
    outer loop
      vertex 156.929 212.318 0
      vertex 156.553 212.204 0
      vertex 157.296 212.457 0
    endloop
  endfacet
  facet normal -0 0 -1
    outer loop
      vertex 156.553 212.204 0
      vertex 155.783 212.051 0
      vertex 157.654 212.619 0
    endloop
  endfacet
  facet normal 0 0 -1
    outer loop
      vertex 157.654 212.619 0
      vertex 160.381 215.346 0
      vertex 159.243 213.757 0
    endloop
  endfacet
  facet normal -0 0 -1
    outer loop
      vertex 158 212.804 0
      vertex 157.654 212.619 0
      vertex 158.333 213.011 0
    endloop
  endfacet
  facet normal -0 0 -1
    outer loop
      vertex 158.333 213.011 0
      vertex 157.654 212.619 0
      vertex 158.653 213.24 0
    endloop
  endfacet
  facet normal 0 0 -1
    outer loop
      vertex 158.653 213.24 0
      vertex 159.243 213.757 0
      vertex 158.956 213.489 0
    endloop
  endfacet
  facet normal 0 0 -1
    outer loop
      vertex 155.783 212.051 0
      vertex 160.381 215.346 0
      vertex 157.654 212.619 0
    endloop
  endfacet
  facet normal 0 0 -1
    outer loop
      vertex 159.243 213.757 0
      vertex 159.76 214.347 0
      vertex 159.511 214.044 0
    endloop
  endfacet
  facet normal 0 0 -1
    outer loop
      vertex 160.381 215.346 0
      vertex 160.196 215 0
      vertex 159.76 214.347 0
    endloop
  endfacet
  facet normal 0 0 -1
    outer loop
      vertex 159.76 214.347 0
      vertex 160.196 215 0
      vertex 159.989 214.667 0
    endloop
  endfacet
  facet normal 0 0 -1
    outer loop
      vertex 159.243 213.757 0
      vertex 160.381 215.346 0
      vertex 159.76 214.347 0
    endloop
  endfacet
  facet normal -0 0 -1
    outer loop
      vertex 160.682 216.071 0
      vertex 160.543 215.704 0
      vertex 160.796 216.447 0
    endloop
  endfacet
  facet normal 0 0 -1
    outer loop
      vertex 160.796 216.447 0
      vertex 160.543 215.704 0
      vertex 160.381 215.346 0
    endloop
  endfacet
  facet normal 0 0 -1
    outer loop
      vertex 149.619 215.346 0
      vertex 160.796 216.447 0
      vertex 160.381 215.346 0
    endloop
  endfacet
  facet normal 0 0 -1
    outer loop
      vertex 149.619 215.346 0
      vertex 149.476 215.641 0
      vertex 160.796 216.447 0
    endloop
  endfacet
  facet normal 0 0 -1
    outer loop
      vertex 156.346 237.381 0
      vertex 154.757 236.243 0
      vertex 155.347 236.76 0
    endloop
  endfacet
  facet normal 0 0 -1
    outer loop
      vertex 160.553 237.796 0
      vertex 161.296 237.543 0
      vertex 161.654 237.381 0
    endloop
  endfacet
  facet normal -0 0 -1
    outer loop
      vertex 164.885 230.829 0
      vertex 164.796 230.447 0
      vertex 164.949 231.217 0
    endloop
  endfacet
  facet normal -0 -0 -1
    outer loop
      vertex 164.987 232.392 0
      vertex 165 232 0
      vertex 164.949 232.783 0
    endloop
  endfacet
  facet normal 0 0 -1
    outer loop
      vertex 163.76 235.653 0
      vertex 163.243 236.243 0
      vertex 163.511 235.956 0
    endloop
  endfacet
  facet normal 0 0 -1
    outer loop
      vertex 163.989 235.333 0
      vertex 164.196 235 0
      vertex 164.381 234.654 0
    endloop
  endfacet
  facet normal 0 0 -1
    outer loop
      vertex 163.76 235.653 0
      vertex 163.989 235.333 0
      vertex 164.381 234.654 0
    endloop
  endfacet
  facet normal -0 -0 -1
    outer loop
      vertex 163.76 235.653 0
      vertex 164.381 234.654 0
      vertex 163.243 236.243 0
    endloop
  endfacet
  facet normal 0 0 -1
    outer loop
      vertex 164.381 234.654 0
      vertex 159.783 237.949 0
      vertex 161.654 237.381 0
    endloop
  endfacet
  facet normal -0 -0 -1
    outer loop
      vertex 162.956 236.511 0
      vertex 163.243 236.243 0
      vertex 162.653 236.76 0
    endloop
  endfacet
  facet normal 0 0 -1
    outer loop
      vertex 162.653 236.76 0
      vertex 161.654 237.381 0
      vertex 162.333 236.989 0
    endloop
  endfacet
  facet normal 0 0 -1
    outer loop
      vertex 162.333 236.989 0
      vertex 161.654 237.381 0
      vertex 162 237.196 0
    endloop
  endfacet
  facet normal 0 0 -1
    outer loop
      vertex 164.949 232.783 0
      vertex 159.783 237.949 0
      vertex 164.381 234.654 0
    endloop
  endfacet
  facet normal 0 0 -1
    outer loop
      vertex 159.783 237.949 0
      vertex 160.171 237.885 0
      vertex 160.553 237.796 0
    endloop
  endfacet
  facet normal 0 0 -1
    outer loop
      vertex 161.296 237.543 0
      vertex 160.553 237.796 0
      vertex 160.929 237.682 0
    endloop
  endfacet
  facet normal 0 0 -1
    outer loop
      vertex 159.783 237.949 0
      vertex 160.553 237.796 0
      vertex 161.654 237.381 0
    endloop
  endfacet
  facet normal 0 0 -1
    outer loop
      vertex 164.949 231.217 0
      vertex 159.783 237.949 0
      vertex 164.949 232.783 0
    endloop
  endfacet
  facet normal 0 0 -1
    outer loop
      vertex 164.949 231.217 0
      vertex 158.217 237.949 0
      vertex 159.783 237.949 0
    endloop
  endfacet
  facet normal 0 0 -1
    outer loop
      vertex 159.783 237.949 0
      vertex 159 238 0
      vertex 159.392 237.987 0
    endloop
  endfacet
  facet normal 0 0 -1
    outer loop
      vertex 158.217 237.949 0
      vertex 158.608 237.987 0
      vertex 159 238 0
    endloop
  endfacet
  facet normal 0 0 -1
    outer loop
      vertex 159.783 237.949 0
      vertex 158.217 237.949 0
      vertex 159 238 0
    endloop
  endfacet
  facet normal 0 0 -1
    outer loop
      vertex 156.346 237.381 0
      vertex 157.447 237.796 0
      vertex 158.217 237.949 0
    endloop
  endfacet
  facet normal 0 0 -1
    outer loop
      vertex 158.217 237.949 0
      vertex 157.447 237.796 0
      vertex 157.829 237.885 0
    endloop
  endfacet
  facet normal 0 0 -1
    outer loop
      vertex 156.346 237.381 0
      vertex 156.704 237.543 0
      vertex 157.447 237.796 0
    endloop
  endfacet
  facet normal 0 0 -1
    outer loop
      vertex 156.346 237.381 0
      vertex 153.619 234.654 0
      vertex 154.757 236.243 0
    endloop
  endfacet
  facet normal 0 0 -1
    outer loop
      vertex 155.347 236.76 0
      vertex 154.757 236.243 0
      vertex 155.044 236.511 0
    endloop
  endfacet
  facet normal 0 -0 -1
    outer loop
      vertex 155.667 236.989 0
      vertex 156 237.196 0
      vertex 155.347 236.76 0
    endloop
  endfacet
  facet normal 0 0 -1
    outer loop
      vertex 155.347 236.76 0
      vertex 156 237.196 0
      vertex 156.346 237.381 0
    endloop
  endfacet
  facet normal 0 0 -1
    outer loop
      vertex 158.217 237.949 0
      vertex 153.619 234.654 0
      vertex 156.346 237.381 0
    endloop
  endfacet
  facet normal 0 0 -1
    outer loop
      vertex 154.757 236.243 0
      vertex 153.619 234.654 0
      vertex 154.24 235.653 0
    endloop
  endfacet
  facet normal -0 0 -1
    outer loop
      vertex 136.524 231.469 0
      vertex 134.463 219.649 0
      vertex 136.136 231.533 0
    endloop
  endfacet
  facet normal 0 0 -1
    outer loop
      vertex 118.419 221.316 0
      vertex 119.204 233.29 0
      vertex 127.892 232.561 0
    endloop
  endfacet
  facet normal 0 0 -1
    outer loop
      vertex 118.419 221.316 0
      vertex 109.943 233.737 0
      vertex 119.204 233.29 0
    endloop
  endfacet
  facet normal -0 0 -1
    outer loop
      vertex 109.943 233.737 0
      vertex 109.363 221.753 0
      vertex 109.551 233.75 0
    endloop
  endfacet
  facet normal 0 0 -1
    outer loop
      vertex 109.551 233.75 0
      vertex 109.363 221.753 0
      vertex 100 221.9 0
    endloop
  endfacet
  facet normal 0 0 -1
    outer loop
      vertex 100 233.9 0
      vertex 109.551 233.75 0
      vertex 100 221.9 0
    endloop
  endfacet
  facet normal 0 0 -1
    outer loop
      vertex 118.419 221.316 0
      vertex 127.892 232.561 0
      vertex 126.852 220.608 0
    endloop
  endfacet
  facet normal -0 0 -1
    outer loop
      vertex 136.136 231.533 0
      vertex 134.463 219.649 0
      vertex 128.283 232.522 0
    endloop
  endfacet
  facet normal 0 0 -1
    outer loop
      vertex 109.363 221.753 0
      vertex 109.943 233.737 0
      vertex 118.419 221.316 0
    endloop
  endfacet
  facet normal 0 -0 -1
    outer loop
      vertex 154.489 235.956 0
      vertex 154.757 236.243 0
      vertex 154.24 235.653 0
    endloop
  endfacet
  facet normal 0 -0 -1
    outer loop
      vertex 158.217 237.949 0
      vertex 164.949 231.217 0
      vertex 153.619 234.654 0
    endloop
  endfacet
  facet normal -0 -0 -1
    outer loop
      vertex 149.56 228.632 0
      vertex 149.927 228.493 0
      vertex 149.184 228.746 0
    endloop
  endfacet
  facet normal 0 0 -1
    outer loop
      vertex 143.685 230.159 0
      vertex 149.184 228.746 0
      vertex 145.81 217.223 0
    endloop
  endfacet
  facet normal 0 0 -1
    outer loop
      vertex 154.011 235.333 0
      vertex 153.619 234.654 0
      vertex 153.804 235 0
    endloop
  endfacet
  facet normal 0 -0 -1
    outer loop
      vertex 154.011 235.333 0
      vertex 154.24 235.653 0
      vertex 153.619 234.654 0
    endloop
  endfacet
  facet normal 0 -0 -1
    outer loop
      vertex 153.619 234.654 0
      vertex 164.949 231.217 0
      vertex 153.204 233.553 0
    endloop
  endfacet
  facet normal 0 0 -1
    outer loop
      vertex 153.457 234.296 0
      vertex 153.204 233.553 0
      vertex 153.318 233.929 0
    endloop
  endfacet
  facet normal 0 -0 -1
    outer loop
      vertex 153.457 234.296 0
      vertex 153.619 234.654 0
      vertex 153.204 233.553 0
    endloop
  endfacet
  facet normal 0 0 -1
    outer loop
      vertex 153.204 233.553 0
      vertex 164.949 231.217 0
      vertex 164.796 230.447 0
    endloop
  endfacet
  facet normal 0 -0 -1
    outer loop
      vertex 149.927 228.493 0
      vertex 151.577 227.857 0
      vertex 145.81 217.223 0
    endloop
  endfacet
  facet normal 0 0 -1
    outer loop
      vertex 151.577 227.857 0
      vertex 153.204 233.553 0
      vertex 164.796 230.447 0
    endloop
  endfacet
  facet normal 0 0 -1
    outer loop
      vertex 160.796 216.447 0
      vertex 151.577 227.857 0
      vertex 164.796 230.447 0
    endloop
  endfacet
  facet normal 0 0 -1
    outer loop
      vertex 149.476 215.641 0
      vertex 148.889 216.035 0
      vertex 151.577 227.857 0
    endloop
  endfacet
  facet normal 0 0 -1
    outer loop
      vertex 151.577 227.857 0
      vertex 148.889 216.035 0
      vertex 145.81 217.223 0
    endloop
  endfacet
  facet normal 0 0 -1
    outer loop
      vertex 145.81 217.223 0
      vertex 149.184 228.746 0
      vertex 149.927 228.493 0
    endloop
  endfacet
  facet normal 0 0 -1
    outer loop
      vertex 140.843 218.5 0
      vertex 143.685 230.159 0
      vertex 145.81 217.223 0
    endloop
  endfacet
  facet normal -0 0 -1
    outer loop
      vertex 143.685 230.159 0
      vertex 140.843 218.5 0
      vertex 143.303 230.248 0
    endloop
  endfacet
  facet normal 0 0 -1
    outer loop
      vertex 140.843 218.5 0
      vertex 134.463 219.649 0
      vertex 136.524 231.469 0
    endloop
  endfacet
  facet normal 0 0 -1
    outer loop
      vertex 140.843 218.5 0
      vertex 136.524 231.469 0
      vertex 143.303 230.248 0
    endloop
  endfacet
  facet normal 0 -0 -1
    outer loop
      vertex 128.283 232.522 0
      vertex 134.463 219.649 0
      vertex 126.852 220.608 0
    endloop
  endfacet
  facet normal 0 -0 -1
    outer loop
      vertex 127.892 232.561 0
      vertex 128.283 232.522 0
      vertex 126.852 220.608 0
    endloop
  endfacet
  facet normal 0 0 -1
    outer loop
      vertex 90.4493 233.75 0
      vertex 100 233.9 0
      vertex 100 221.9 0
    endloop
  endfacet
  facet normal 0 0 -1
    outer loop
      vertex 90.6365 221.753 0
      vertex 90.4493 233.75 0
      vertex 100 221.9 0
    endloop
  endfacet
  facet normal 0 0 -1
    outer loop
      vertex 90.6365 221.753 0
      vertex 90.0569 233.737 0
      vertex 90.4493 233.75 0
    endloop
  endfacet
  facet normal 0 0 -1
    outer loop
      vertex 81.5813 221.316 0
      vertex 80.7965 233.29 0
      vertex 90.0569 233.737 0
    endloop
  endfacet
  facet normal 0 0 -1
    outer loop
      vertex 81.5813 221.316 0
      vertex 72.1076 232.561 0
      vertex 80.7965 233.29 0
    endloop
  endfacet
  facet normal -0 0 -1
    outer loop
      vertex 81.5813 221.316 0
      vertex 73.1481 220.608 0
      vertex 72.1076 232.561 0
    endloop
  endfacet
  facet normal -0 0 -1
    outer loop
      vertex 73.1481 220.608 0
      vertex 65.5367 219.649 0
      vertex 71.7168 232.522 0
    endloop
  endfacet
  facet normal 0 0 -1
    outer loop
      vertex 71.7168 232.522 0
      vertex 65.5367 219.649 0
      vertex 63.8635 231.533 0
    endloop
  endfacet
  facet normal 0 -0 -1
    outer loop
      vertex 63.8635 231.533 0
      vertex 65.5367 219.649 0
      vertex 63.4761 231.469 0
    endloop
  endfacet
  facet normal 0 0 -1
    outer loop
      vertex 63.4761 231.469 0
      vertex 59.1567 218.5 0
      vertex 56.697 230.248 0
    endloop
  endfacet
  facet normal 0 -0 -1
    outer loop
      vertex 56.697 230.248 0
      vertex 59.1567 218.5 0
      vertex 56.3146 230.159 0
    endloop
  endfacet
  facet normal 0 -0 -1
    outer loop
      vertex 56.3146 230.159 0
      vertex 59.1567 218.5 0
      vertex 54.1899 217.223 0
    endloop
  endfacet
  facet normal 0 0 -1
    outer loop
      vertex 50.8157 228.746 0
      vertex 56.3146 230.159 0
      vertex 54.1899 217.223 0
    endloop
  endfacet
  facet normal 0 -0 -1
    outer loop
      vertex 50.44 228.632 0
      vertex 50.8157 228.746 0
      vertex 50.0725 228.493 0
    endloop
  endfacet
  facet normal 0 0 -1
    outer loop
      vertex 50.0725 228.493 0
      vertex 50.8157 228.746 0
      vertex 54.1899 217.223 0
    endloop
  endfacet
  facet normal 0 0 -1
    outer loop
      vertex 51.1113 216.035 0
      vertex 50.0725 228.493 0
      vertex 54.1899 217.223 0
    endloop
  endfacet
  facet normal 0 -0 -1
    outer loop
      vertex 45.6632 226.767 0
      vertex 46.0208 226.929 0
      vertex 45.3169 226.582 0
    endloop
  endfacet
  facet normal 0 -0 -1
    outer loop
      vertex 45.3169 226.582 0
      vertex 46.0208 226.929 0
      vertex 44.9835 226.375 0
    endloop
  endfacet
  facet normal 0 0 -1
    outer loop
      vertex 44.9835 226.375 0
      vertex 46.0208 226.929 0
      vertex 51.1113 216.035 0
    endloop
  endfacet
  facet normal 0 0 -1
    outer loop
      vertex 51.0692 216.007 0
      vertex 44.9835 226.375 0
      vertex 51.1113 216.035 0
    endloop
  endfacet
  facet normal 0 0 -1
    outer loop
      vertex 51.0692 216.007 0
      vertex 42.5022 224.708 0
      vertex 44.9835 226.375 0
    endloop
  endfacet
  facet normal 0 -0 -1
    outer loop
      vertex 41.8795 224.23 0
      vertex 42.183 224.479 0
      vertex 41.5929 223.962 0
    endloop
  endfacet
  facet normal 0 0 -1
    outer loop
      vertex 41.5929 223.962 0
      vertex 42.183 224.479 0
      vertex 42.5022 224.708 0
    endloop
  endfacet
  facet normal 0 -0 -1
    outer loop
      vertex 41.3245 223.675 0
      vertex 41.5929 223.962 0
      vertex 41.0754 223.372 0
    endloop
  endfacet
  facet normal 0 -0 -1
    outer loop
      vertex 41.0754 223.372 0
      vertex 41.5929 223.962 0
      vertex 40.6394 222.719 0
    endloop
  endfacet
  facet normal 0 -0 -1
    outer loop
      vertex 40.8467 223.053 0
      vertex 41.0754 223.372 0
      vertex 40.6394 222.719 0
    endloop
  endfacet
  facet normal 0 0 -1
    outer loop
      vertex 40.6394 222.719 0
      vertex 41.5929 223.962 0
      vertex 42.5022 224.708 0
    endloop
  endfacet
  facet normal 0 0 -1
    outer loop
      vertex 40.4543 222.373 0
      vertex 40.6394 222.719 0
      vertex 42.5022 224.708 0
    endloop
  endfacet
  facet normal 0 0 -1
    outer loop
      vertex 51.0692 216.007 0
      vertex 40.4543 222.373 0
      vertex 42.5022 224.708 0
    endloop
  endfacet
  facet normal 0 0 -1
    outer loop
      vertex 51.0692 216.007 0
      vertex 39.6188 220.654 0
      vertex 40.4543 222.373 0
    endloop
  endfacet
  facet normal 0 -0 -1
    outer loop
      vertex 39.3184 219.929 0
      vertex 39.4567 220.296 0
      vertex 39.2044 219.553 0
    endloop
  endfacet
  facet normal 0 0 -1
    outer loop
      vertex 39.2044 219.553 0
      vertex 39.4567 220.296 0
      vertex 39.6188 220.654 0
    endloop
  endfacet
  facet normal 0 -0 -1
    outer loop
      vertex 39.1153 219.171 0
      vertex 39.2044 219.553 0
      vertex 39.0513 218.783 0
    endloop
  endfacet
  facet normal 0 0 -1
    outer loop
      vertex 39.0513 218.783 0
      vertex 39.2044 219.553 0
      vertex 39.6188 220.654 0
    endloop
  endfacet
  facet normal 0 -0 -1
    outer loop
      vertex 39.0128 218.392 0
      vertex 39.0513 218.783 0
      vertex 39 218 0
    endloop
  endfacet
  facet normal 0 0 -1
    outer loop
      vertex 39 218 0
      vertex 39.0513 218.783 0
      vertex 39.6188 220.654 0
    endloop
  endfacet
  facet normal 0 0 -1
    outer loop
      vertex 39.0128 217.608 0
      vertex 39 218 0
      vertex 39.6188 220.654 0
    endloop
  endfacet
  facet normal 0 0 -1
    outer loop
      vertex 51.0692 216.007 0
      vertex 39.0128 217.608 0
      vertex 39.6188 220.654 0
    endloop
  endfacet
  facet normal -0 0 -1
    outer loop
      vertex 51.0692 216.007 0
      vertex 45.4309 31.0561 0
      vertex 39.0128 217.608 0
    endloop
  endfacet
  facet normal 0 -0 -1
    outer loop
      vertex 51.0692 216.007 0
      vertex 57.382 32.5142 0
      vertex 45.4309 31.0561 0
    endloop
  endfacet
  facet normal 0 0 -1
    outer loop
      vertex 45.4309 31.0561 0
      vertex 25.1533 6 0
      vertex 7.84668 6 0
    endloop
  endfacet
  facet normal 0 0 -1
    outer loop
      vertex -0.783142 5.94865 0
      vertex -0.39241 5.98715 0
      vertex 0 6 0
    endloop
  endfacet
  facet normal 0 -0 -1
    outer loop
      vertex -1.17053 5.8847 0
      vertex -0.783142 5.94865 0
      vertex -1.5529 5.79555 0
    endloop
  endfacet
  facet normal 0 0 -1
    outer loop
      vertex -1.5529 5.79555 0
      vertex -2.2961 5.54327 0
      vertex -1.92863 5.68158 0
    endloop
  endfacet
  facet normal 0 0 -1
    outer loop
      vertex -1.5529 5.79555 0
      vertex -2.65372 5.38123 0
      vertex -2.2961 5.54327 0
    endloop
  endfacet
  facet normal 0 -0 -1
    outer loop
      vertex -1.5529 5.79555 0
      vertex -0.783142 5.94865 0
      vertex -2.65372 5.38123 0
    endloop
  endfacet
  facet normal 0 0 -1
    outer loop
      vertex -2.65372 5.38123 0
      vertex -3.65256 4.76012 0
      vertex -3.33342 4.98882 0
    endloop
  endfacet
  facet normal 0 -0 -1
    outer loop
      vertex -3 5.19615 0
      vertex -2.65372 5.38123 0
      vertex -3.33342 4.98882 0
    endloop
  endfacet
  facet normal 0 0 -1
    outer loop
      vertex -4.24263 4.24263 0
      vertex -3.95607 4.51103 0
      vertex -3.65256 4.76012 0
    endloop
  endfacet
  facet normal 0 0 -1
    outer loop
      vertex -2.65372 5.38123 0
      vertex -4.24263 4.24263 0
      vertex -3.65256 4.76012 0
    endloop
  endfacet
  facet normal 0 0 -1
    outer loop
      vertex -2.65372 5.38123 0
      vertex -5.38123 2.65372 0
      vertex -4.24263 4.24263 0
    endloop
  endfacet
  facet normal 0 0 -1
    outer loop
      vertex -4.24263 4.24263 0
      vertex -4.76012 3.65256 0
      vertex -4.51103 3.95607 0
    endloop
  endfacet
  facet normal 0 0 -1
    outer loop
      vertex -4.24263 4.24263 0
      vertex -5.38123 2.65372 0
      vertex -4.76012 3.65256 0
    endloop
  endfacet
  facet normal 0 0 -1
    outer loop
      vertex -5.38123 2.65372 0
      vertex -5.19615 3 0
      vertex -4.98882 3.33342 0
    endloop
  endfacet
  facet normal 0 0 -1
    outer loop
      vertex -5.94865 0.783142 0
      vertex -5.38123 2.65372 0
      vertex -2.65372 5.38123 0
    endloop
  endfacet
  facet normal 0 0 -1
    outer loop
      vertex -5.79555 1.5529 0
      vertex -5.54327 2.2961 0
      vertex -5.38123 2.65372 0
    endloop
  endfacet
  facet normal 0 0 -1
    outer loop
      vertex -5.79555 1.5529 0
      vertex -5.68158 1.92863 0
      vertex -5.54327 2.2961 0
    endloop
  endfacet
  facet normal 0 -0 -1
    outer loop
      vertex -5.8847 1.17053 0
      vertex -5.79555 1.5529 0
      vertex -5.94865 0.783142 0
    endloop
  endfacet
  facet normal 0 0 -1
    outer loop
      vertex -5.94865 0.783142 0
      vertex -5.79555 1.5529 0
      vertex -5.38123 2.65372 0
    endloop
  endfacet
  facet normal 0 0 -1
    outer loop
      vertex -0.783142 5.94865 0
      vertex -5.94865 0.783142 0
      vertex -2.65372 5.38123 0
    endloop
  endfacet
  facet normal 0 0 -1
    outer loop
      vertex -5.98715 -0.39241 0
      vertex -6 0 0
      vertex -5.94865 -0.783142 0
    endloop
  endfacet
  facet normal 0 0 -1
    outer loop
      vertex -5.94865 0.783142 0
      vertex -6 0 0
      vertex -5.98715 0.39241 0
    endloop
  endfacet
  facet normal 0 0 -1
    outer loop
      vertex -5.94865 -0.783142 0
      vertex -6 0 0
      vertex -5.94865 0.783142 0
    endloop
  endfacet
  facet normal 0 0 -1
    outer loop
      vertex -0.783142 -5.94865 0
      vertex -5.94865 -0.783142 0
      vertex -5.94865 0.783142 0
    endloop
  endfacet
  facet normal 0 0 -1
    outer loop
      vertex -5.79555 -1.5529 0
      vertex -5.8847 -1.17053 0
      vertex -5.94865 -0.783142 0
    endloop
  endfacet
  facet normal 0 0 -1
    outer loop
      vertex -5.54327 -2.2961 0
      vertex -5.79555 -1.5529 0
      vertex -5.38123 -2.65372 0
    endloop
  endfacet
  facet normal 0 0 -1
    outer loop
      vertex -5.54327 -2.2961 0
      vertex -5.68158 -1.92863 0
      vertex -5.79555 -1.5529 0
    endloop
  endfacet
  facet normal 0 0 -1
    outer loop
      vertex -5.38123 -2.65372 0
      vertex -5.79555 -1.5529 0
      vertex -5.94865 -0.783142 0
    endloop
  endfacet
  facet normal 0 0 -1
    outer loop
      vertex -2.65372 -5.38123 0
      vertex -5.38123 -2.65372 0
      vertex -5.94865 -0.783142 0
    endloop
  endfacet
  facet normal 0 0 -1
    outer loop
      vertex -4.76012 -3.65256 0
      vertex -4.98882 -3.33342 0
      vertex -5.38123 -2.65372 0
    endloop
  endfacet
  facet normal 0 0 -1
    outer loop
      vertex -5.38123 -2.65372 0
      vertex -4.98882 -3.33342 0
      vertex -5.19615 -3 0
    endloop
  endfacet
  facet normal 0 0 -1
    outer loop
      vertex -4.51103 -3.95607 0
      vertex -4.76012 -3.65256 0
      vertex -4.24263 -4.24263 0
    endloop
  endfacet
  facet normal 0 0 -1
    outer loop
      vertex -4.24263 -4.24263 0
      vertex -4.76012 -3.65256 0
      vertex -5.38123 -2.65372 0
    endloop
  endfacet
  facet normal 0 0 -1
    outer loop
      vertex -2.65372 -5.38123 0
      vertex -4.24263 -4.24263 0
      vertex -5.38123 -2.65372 0
    endloop
  endfacet
  facet normal 0 0 -1
    outer loop
      vertex -3.65256 -4.76012 0
      vertex -3.95607 -4.51103 0
      vertex -4.24263 -4.24263 0
    endloop
  endfacet
  facet normal 0 0 -1
    outer loop
      vertex -2.65372 -5.38123 0
      vertex -3.65256 -4.76012 0
      vertex -4.24263 -4.24263 0
    endloop
  endfacet
  facet normal 0 0 -1
    outer loop
      vertex -3 -5.19615 0
      vertex -3.33342 -4.98882 0
      vertex -2.65372 -5.38123 0
    endloop
  endfacet
  facet normal 0 0 -1
    outer loop
      vertex -2.65372 -5.38123 0
      vertex -3.33342 -4.98882 0
      vertex -3.65256 -4.76012 0
    endloop
  endfacet
  facet normal 0 0 -1
    outer loop
      vertex -0.783142 -5.94865 0
      vertex -2.65372 -5.38123 0
      vertex -5.94865 -0.783142 0
    endloop
  endfacet
  facet normal 0 0 -1
    outer loop
      vertex -1.5529 -5.79555 0
      vertex -2.2961 -5.54327 0
      vertex -2.65372 -5.38123 0
    endloop
  endfacet
  facet normal 0 0 -1
    outer loop
      vertex -1.5529 -5.79555 0
      vertex -1.92863 -5.68158 0
      vertex -2.2961 -5.54327 0
    endloop
  endfacet
  facet normal 0 0 -1
    outer loop
      vertex -1.17053 -5.8847 0
      vertex -1.5529 -5.79555 0
      vertex -0.783142 -5.94865 0
    endloop
  endfacet
  facet normal 0 0 -1
    outer loop
      vertex -0.783142 -5.94865 0
      vertex -1.5529 -5.79555 0
      vertex -2.65372 -5.38123 0
    endloop
  endfacet
  facet normal 0 -0 -1
    outer loop
      vertex -0.783142 5.94865 0
      vertex -0.783142 -5.94865 0
      vertex -5.94865 0.783142 0
    endloop
  endfacet
  facet normal 0 0 -1
    outer loop
      vertex -0.783142 5.94865 0
      vertex 0 -6 0
      vertex -0.783142 -5.94865 0
    endloop
  endfacet
  facet normal 0 0 -1
    outer loop
      vertex -0.783142 -5.94865 0
      vertex 0 -6 0
      vertex -0.39241 -5.98715 0
    endloop
  endfacet
  facet normal 0 0 -1
    outer loop
      vertex -0.783142 5.94865 0
      vertex 0 6 0
      vertex 0 -6 0
    endloop
  endfacet
  facet normal 0 0 -1
    outer loop
      vertex 0 -6 0
      vertex 0 6 0
      vertex 7.84668 6 0
    endloop
  endfacet
  facet normal 0 0 -1
    outer loop
      vertex 150 -6 0
      vertex 0 -6 0
      vertex 79.8467 6 0
    endloop
  endfacet
  facet normal -0 -0 -1
    outer loop
      vertex 97.1533 6 0
      vertex 150 -6 0
      vertex 79.8467 6 0
    endloop
  endfacet
  facet normal 0 0 -1
    outer loop
      vertex 97.1533 6 0
      vertex 79.8467 6 0
      vertex 57.382 32.5142 0
    endloop
  endfacet
  facet normal -0 0 -1
    outer loop
      vertex 79.8467 6 0
      vertex 0 -6 0
      vertex 58.2942 6 0
    endloop
  endfacet
  facet normal 0 0 -1
    outer loop
      vertex 79.8467 6 0
      vertex 57.7883 20.7056 0
      vertex 57.382 32.5142 0
    endloop
  endfacet
  facet normal -0 0 -1
    outer loop
      vertex 58.2942 6 0
      vertex 0 -6 0
      vertex 46.2929 6 0
    endloop
  endfacet
  facet normal 0 -0 -1
    outer loop
      vertex 57.382 32.5142 0
      vertex 57.7883 20.7056 0
      vertex 45.4309 31.0561 0
    endloop
  endfacet
  facet normal -0 0 -1
    outer loop
      vertex 57.7883 20.7056 0
      vertex 45.8189 19.7771 0
      vertex 45.4309 31.0561 0
    endloop
  endfacet
  facet normal 0 0 -1
    outer loop
      vertex 58.2942 6 0
      vertex 45.8189 19.7771 0
      vertex 57.7883 20.7056 0
    endloop
  endfacet
  facet normal -0 0 -1
    outer loop
      vertex 46.2929 6 0
      vertex 0 -6 0
      vertex 25.1533 6 0
    endloop
  endfacet
  facet normal -0 0 -1
    outer loop
      vertex 25.1533 6 0
      vertex 0 -6 0
      vertex 7.84668 6 0
    endloop
  endfacet
  facet normal 0 0 -1
    outer loop
      vertex 46.2929 6 0
      vertex 45.8189 19.7771 0
      vertex 58.2942 6 0
    endloop
  endfacet
  facet normal -0 0 -1
    outer loop
      vertex 45.8189 19.7771 0
      vertex 25.1533 6 0
      vertex 45.4309 31.0561 0
    endloop
  endfacet
  facet normal 0 0 1
    outer loop
      vertex 150 -6 60
      vertex 150.392 -5.98715 60
      vertex 150.783 -5.94865 60
    endloop
  endfacet
  facet normal 0 0 1
    outer loop
      vertex 151.553 -5.79555 60
      vertex 151.929 -5.68158 60
      vertex 152.296 -5.54327 60
    endloop
  endfacet
  facet normal 0 -0 1
    outer loop
      vertex 151.171 -5.8847 60
      vertex 151.553 -5.79555 60
      vertex 150.783 -5.94865 60
    endloop
  endfacet
  facet normal 0 0 1
    outer loop
      vertex 151.553 -5.79555 60
      vertex 152.296 -5.54327 60
      vertex 152.654 -5.38123 60
    endloop
  endfacet
  facet normal 0 -0 1
    outer loop
      vertex 151.553 -5.79555 60
      vertex 152.654 -5.38123 60
      vertex 150.783 -5.94865 60
    endloop
  endfacet
  facet normal 0 0 1
    outer loop
      vertex 152.654 -5.38123 60
      vertex 153.333 -4.98882 60
      vertex 153.653 -4.76012 60
    endloop
  endfacet
  facet normal 0 -0 1
    outer loop
      vertex 153 -5.19615 60
      vertex 153.333 -4.98882 60
      vertex 152.654 -5.38123 60
    endloop
  endfacet
  facet normal 0 0 1
    outer loop
      vertex 154.243 -4.24263 60
      vertex 153.653 -4.76012 60
      vertex 153.956 -4.51103 60
    endloop
  endfacet
  facet normal 0 0 1
    outer loop
      vertex 152.654 -5.38123 60
      vertex 153.653 -4.76012 60
      vertex 154.243 -4.24263 60
    endloop
  endfacet
  facet normal 0 0 1
    outer loop
      vertex 152.654 -5.38123 60
      vertex 154.243 -4.24263 60
      vertex 155.381 -2.65372 60
    endloop
  endfacet
  facet normal 0 0 1
    outer loop
      vertex 154.243 -4.24263 60
      vertex 154.511 -3.95607 60
      vertex 154.76 -3.65256 60
    endloop
  endfacet
  facet normal 0 0 1
    outer loop
      vertex 154.243 -4.24263 60
      vertex 154.76 -3.65256 60
      vertex 155.381 -2.65372 60
    endloop
  endfacet
  facet normal 0 0 1
    outer loop
      vertex 155.381 -2.65372 60
      vertex 154.989 -3.33342 60
      vertex 155.196 -3 60
    endloop
  endfacet
  facet normal 0 0 1
    outer loop
      vertex 154.76 -3.65256 60
      vertex 154.989 -3.33342 60
      vertex 155.381 -2.65372 60
    endloop
  endfacet
  facet normal 0 -0 1
    outer loop
      vertex 152.654 -5.38123 60
      vertex 155.381 -2.65372 60
      vertex 150.783 -5.94865 60
    endloop
  endfacet
  facet normal 0 0 1
    outer loop
      vertex 155.381 -2.65372 60
      vertex 155.543 -2.2961 60
      vertex 155.796 -1.5529 60
    endloop
  endfacet
  facet normal 0 0 1
    outer loop
      vertex 155.543 -2.2961 60
      vertex 155.682 -1.92863 60
      vertex 155.796 -1.5529 60
    endloop
  endfacet
  facet normal 0 0 1
    outer loop
      vertex 155.949 -0.783142 60
      vertex 155.796 -1.5529 60
      vertex 155.885 -1.17053 60
    endloop
  endfacet
  facet normal 0 0 1
    outer loop
      vertex 155.381 -2.65372 60
      vertex 155.796 -1.5529 60
      vertex 155.949 -0.783142 60
    endloop
  endfacet
  facet normal 0 -0 1
    outer loop
      vertex 155.381 -2.65372 60
      vertex 155.949 -0.783142 60
      vertex 150.783 -5.94865 60
    endloop
  endfacet
  facet normal 0 0 1
    outer loop
      vertex 155.949 -0.783142 60
      vertex 156 0 60
      vertex 155.949 0.783142 60
    endloop
  endfacet
  facet normal 0 -0 1
    outer loop
      vertex 155.987 -0.39241 60
      vertex 156 0 60
      vertex 155.949 -0.783142 60
    endloop
  endfacet
  facet normal 0 0 1
    outer loop
      vertex 156 0 60
      vertex 155.987 0.39241 60
      vertex 155.949 0.783142 60
    endloop
  endfacet
  facet normal 0 -0 1
    outer loop
      vertex 155.949 -0.783142 60
      vertex 155.949 0.783142 60
      vertex 150.783 5.94865 60
    endloop
  endfacet
  facet normal 0 0 1
    outer loop
      vertex 155.949 0.783142 60
      vertex 155.885 1.17053 60
      vertex 155.796 1.5529 60
    endloop
  endfacet
  facet normal 0 0 1
    outer loop
      vertex 155.381 2.65372 60
      vertex 155.796 1.5529 60
      vertex 155.543 2.2961 60
    endloop
  endfacet
  facet normal 0 0 1
    outer loop
      vertex 155.796 1.5529 60
      vertex 155.682 1.92863 60
      vertex 155.543 2.2961 60
    endloop
  endfacet
  facet normal 0 0 1
    outer loop
      vertex 155.949 0.783142 60
      vertex 155.796 1.5529 60
      vertex 155.381 2.65372 60
    endloop
  endfacet
  facet normal 0 0 1
    outer loop
      vertex 150.783 5.94865 60
      vertex 155.381 2.65372 60
      vertex 152.654 5.38123 60
    endloop
  endfacet
  facet normal 0 0 1
    outer loop
      vertex 155.381 2.65372 60
      vertex 154.989 3.33342 60
      vertex 154.76 3.65256 60
    endloop
  endfacet
  facet normal 0 0 1
    outer loop
      vertex 155.196 3 60
      vertex 154.989 3.33342 60
      vertex 155.381 2.65372 60
    endloop
  endfacet
  facet normal 0 0 1
    outer loop
      vertex 154.243 4.24263 60
      vertex 154.76 3.65256 60
      vertex 154.511 3.95607 60
    endloop
  endfacet
  facet normal 0 0 1
    outer loop
      vertex 155.381 2.65372 60
      vertex 154.76 3.65256 60
      vertex 154.243 4.24263 60
    endloop
  endfacet
  facet normal 0 0 1
    outer loop
      vertex 155.381 2.65372 60
      vertex 154.243 4.24263 60
      vertex 152.654 5.38123 60
    endloop
  endfacet
  facet normal 0 0 1
    outer loop
      vertex 154.243 4.24263 60
      vertex 153.956 4.51103 60
      vertex 153.653 4.76012 60
    endloop
  endfacet
  facet normal 0 0 1
    outer loop
      vertex 154.243 4.24263 60
      vertex 153.653 4.76012 60
      vertex 152.654 5.38123 60
    endloop
  endfacet
  facet normal 0 0 1
    outer loop
      vertex 152.654 5.38123 60
      vertex 153.333 4.98882 60
      vertex 153 5.19615 60
    endloop
  endfacet
  facet normal 0 0 1
    outer loop
      vertex 153.653 4.76012 60
      vertex 153.333 4.98882 60
      vertex 152.654 5.38123 60
    endloop
  endfacet
  facet normal 0 0 1
    outer loop
      vertex 155.949 0.783142 60
      vertex 155.381 2.65372 60
      vertex 150.783 5.94865 60
    endloop
  endfacet
  facet normal 0 0 1
    outer loop
      vertex 152.654 5.38123 60
      vertex 152.296 5.54327 60
      vertex 151.553 5.79555 60
    endloop
  endfacet
  facet normal 0 0 1
    outer loop
      vertex 152.296 5.54327 60
      vertex 151.929 5.68158 60
      vertex 151.553 5.79555 60
    endloop
  endfacet
  facet normal 0 0 1
    outer loop
      vertex 150.783 5.94865 60
      vertex 151.553 5.79555 60
      vertex 151.171 5.8847 60
    endloop
  endfacet
  facet normal 0 0 1
    outer loop
      vertex 152.654 5.38123 60
      vertex 151.553 5.79555 60
      vertex 150.783 5.94865 60
    endloop
  endfacet
  facet normal 0 0 1
    outer loop
      vertex 155.949 -0.783142 60
      vertex 150.783 5.94865 60
      vertex 150.783 -5.94865 60
    endloop
  endfacet
  facet normal 0 0 1
    outer loop
      vertex 150.783 5.94865 60
      vertex 150 6 60
      vertex 150.783 -5.94865 60
    endloop
  endfacet
  facet normal 0 0 1
    outer loop
      vertex 150.392 5.98715 60
      vertex 150 6 60
      vertex 150.783 5.94865 60
    endloop
  endfacet
  facet normal 0 0 1
    outer loop
      vertex 150 6 60
      vertex 150 -6 60
      vertex 150.783 -5.94865 60
    endloop
  endfacet
  facet normal -0 0 1
    outer loop
      vertex 97.1533 6 60
      vertex 150 -6 60
      vertex 150 6 60
    endloop
  endfacet
  facet normal 0 0 1
    outer loop
      vertex -4.76012 3.65256 60
      vertex -4.98882 3.33342 60
      vertex -5.38123 2.65372 60
    endloop
  endfacet
  facet normal 0 0 1
    outer loop
      vertex 51.1113 216.035 60
      vertex 50.0725 228.493 60
      vertex 46.0208 226.929 60
    endloop
  endfacet
  facet normal 0 0 1
    outer loop
      vertex 63.4761 231.469 60
      vertex 59.1567 218.5 60
      vertex 65.5367 219.649 60
    endloop
  endfacet
  facet normal 0 0 1
    outer loop
      vertex 72.1076 232.561 60
      vertex 71.7168 232.522 60
      vertex 73.1481 220.608 60
    endloop
  endfacet
  facet normal 0 0 1
    outer loop
      vertex 90.6365 221.753 60
      vertex 90.0569 233.737 60
      vertex 81.5813 221.316 60
    endloop
  endfacet
  facet normal 0 0 1
    outer loop
      vertex 157.447 237.796 60
      vertex 157.071 237.682 60
      vertex 156.704 237.543 60
    endloop
  endfacet
  facet normal 0 0 1
    outer loop
      vertex 162.653 236.76 60
      vertex 161.654 237.381 60
      vertex 163.243 236.243 60
    endloop
  endfacet
  facet normal 0 0 1
    outer loop
      vertex 163.243 236.243 60
      vertex 161.654 237.381 60
      vertex 164.381 234.654 60
    endloop
  endfacet
  facet normal 0 0 1
    outer loop
      vertex 164.682 233.929 60
      vertex 164.543 234.296 60
      vertex 164.796 233.553 60
    endloop
  endfacet
  facet normal 0 0 1
    outer loop
      vertex 164.796 233.553 60
      vertex 164.381 234.654 60
      vertex 164.949 232.783 60
    endloop
  endfacet
  facet normal 0 0 1
    outer loop
      vertex 164.949 232.783 60
      vertex 164.885 233.171 60
      vertex 164.796 233.553 60
    endloop
  endfacet
  facet normal 0 0 1
    outer loop
      vertex 164.381 234.654 60
      vertex 164.796 233.553 60
      vertex 164.543 234.296 60
    endloop
  endfacet
  facet normal 0 0 1
    outer loop
      vertex 164.949 232.783 60
      vertex 164.949 231.217 60
      vertex 165 232 60
    endloop
  endfacet
  facet normal 0 0 1
    outer loop
      vertex 164.949 231.217 60
      vertex 164.987 231.608 60
      vertex 165 232 60
    endloop
  endfacet
  facet normal 0 0 1
    outer loop
      vertex 160.796 216.447 60
      vertex 151.577 227.857 60
      vertex 149.476 215.641 60
    endloop
  endfacet
  facet normal 0 -0 1
    outer loop
      vertex 155.783 212.051 60
      vertex 160.381 215.346 60
      vertex 149.619 215.346 60
    endloop
  endfacet
  facet normal 0 -0 1
    outer loop
      vertex 158.653 213.24 60
      vertex 159.243 213.757 60
      vertex 157.654 212.619 60
    endloop
  endfacet
  facet normal 0 0 1
    outer loop
      vertex 149.619 215.346 60
      vertex 154.217 212.051 60
      vertex 155.783 212.051 60
    endloop
  endfacet
  facet normal 0 0 1
    outer loop
      vertex 149.804 215 60
      vertex 150.011 214.667 60
      vertex 150.24 214.347 60
    endloop
  endfacet
  facet normal -0 -0 1
    outer loop
      vertex 149.804 215 60
      vertex 150.24 214.347 60
      vertex 149.619 215.346 60
    endloop
  endfacet
  facet normal 0 0 1
    outer loop
      vertex 150.24 214.347 60
      vertex 150.489 214.044 60
      vertex 150.757 213.757 60
    endloop
  endfacet
  facet normal -0 -0 1
    outer loop
      vertex 150.24 214.347 60
      vertex 150.757 213.757 60
      vertex 149.619 215.346 60
    endloop
  endfacet
  facet normal 0 0 1
    outer loop
      vertex 150.757 213.757 60
      vertex 151.044 213.489 60
      vertex 151.347 213.24 60
    endloop
  endfacet
  facet normal 0 0 1
    outer loop
      vertex 152.346 212.619 60
      vertex 151.347 213.24 60
      vertex 152 212.804 60
    endloop
  endfacet
  facet normal 0 0 1
    outer loop
      vertex 151.347 213.24 60
      vertex 151.667 213.011 60
      vertex 152 212.804 60
    endloop
  endfacet
  facet normal 0 0 1
    outer loop
      vertex 150.757 213.757 60
      vertex 151.347 213.24 60
      vertex 152.346 212.619 60
    endloop
  endfacet
  facet normal -0 -0 1
    outer loop
      vertex 150.757 213.757 60
      vertex 152.346 212.619 60
      vertex 149.619 215.346 60
    endloop
  endfacet
  facet normal 0 0 1
    outer loop
      vertex 153.447 212.204 60
      vertex 152.704 212.457 60
      vertex 153.071 212.318 60
    endloop
  endfacet
  facet normal 0 0 1
    outer loop
      vertex 152.346 212.619 60
      vertex 152.704 212.457 60
      vertex 153.447 212.204 60
    endloop
  endfacet
  facet normal 0 0 1
    outer loop
      vertex 154.217 212.051 60
      vertex 153.447 212.204 60
      vertex 153.829 212.115 60
    endloop
  endfacet
  facet normal 0 0 1
    outer loop
      vertex 152.346 212.619 60
      vertex 153.447 212.204 60
      vertex 154.217 212.051 60
    endloop
  endfacet
  facet normal -0 -0 1
    outer loop
      vertex 152.346 212.619 60
      vertex 154.217 212.051 60
      vertex 149.619 215.346 60
    endloop
  endfacet
  facet normal 0 0 1
    outer loop
      vertex 154.217 212.051 60
      vertex 154.608 212.013 60
      vertex 155 212 60
    endloop
  endfacet
  facet normal -0 0 1
    outer loop
      vertex 154.217 212.051 60
      vertex 155 212 60
      vertex 155.783 212.051 60
    endloop
  endfacet
  facet normal 0 0 1
    outer loop
      vertex 155 212 60
      vertex 155.392 212.013 60
      vertex 155.783 212.051 60
    endloop
  endfacet
  facet normal 0 0 1
    outer loop
      vertex 156.553 212.204 60
      vertex 155.783 212.051 60
      vertex 156.171 212.115 60
    endloop
  endfacet
  facet normal 0 -0 1
    outer loop
      vertex 157.296 212.457 60
      vertex 157.654 212.619 60
      vertex 156.553 212.204 60
    endloop
  endfacet
  facet normal 0 0 1
    outer loop
      vertex 157.296 212.457 60
      vertex 156.553 212.204 60
      vertex 156.929 212.318 60
    endloop
  endfacet
  facet normal 0 0 1
    outer loop
      vertex 157.654 212.619 60
      vertex 155.783 212.051 60
      vertex 156.553 212.204 60
    endloop
  endfacet
  facet normal 0 -0 1
    outer loop
      vertex 159.243 213.757 60
      vertex 160.381 215.346 60
      vertex 157.654 212.619 60
    endloop
  endfacet
  facet normal 0 0 1
    outer loop
      vertex 158.333 213.011 60
      vertex 157.654 212.619 60
      vertex 158 212.804 60
    endloop
  endfacet
  facet normal 0 0 1
    outer loop
      vertex 158.653 213.24 60
      vertex 157.654 212.619 60
      vertex 158.333 213.011 60
    endloop
  endfacet
  facet normal 0 -0 1
    outer loop
      vertex 158.956 213.489 60
      vertex 159.243 213.757 60
      vertex 158.653 213.24 60
    endloop
  endfacet
  facet normal 0 -0 1
    outer loop
      vertex 157.654 212.619 60
      vertex 160.381 215.346 60
      vertex 155.783 212.051 60
    endloop
  endfacet
  facet normal 0 -0 1
    outer loop
      vertex 159.511 214.044 60
      vertex 159.76 214.347 60
      vertex 159.243 213.757 60
    endloop
  endfacet
  facet normal 0 0 1
    outer loop
      vertex 159.76 214.347 60
      vertex 160.196 215 60
      vertex 160.381 215.346 60
    endloop
  endfacet
  facet normal 0 -0 1
    outer loop
      vertex 159.989 214.667 60
      vertex 160.196 215 60
      vertex 159.76 214.347 60
    endloop
  endfacet
  facet normal 0 -0 1
    outer loop
      vertex 159.76 214.347 60
      vertex 160.381 215.346 60
      vertex 159.243 213.757 60
    endloop
  endfacet
  facet normal 0 0 1
    outer loop
      vertex 160.796 216.447 60
      vertex 160.543 215.704 60
      vertex 160.682 216.071 60
    endloop
  endfacet
  facet normal 0 0 1
    outer loop
      vertex 160.381 215.346 60
      vertex 160.543 215.704 60
      vertex 160.796 216.447 60
    endloop
  endfacet
  facet normal 0 -0 1
    outer loop
      vertex 160.381 215.346 60
      vertex 160.796 216.447 60
      vertex 149.619 215.346 60
    endloop
  endfacet
  facet normal 0 0 1
    outer loop
      vertex 160.796 216.447 60
      vertex 149.476 215.641 60
      vertex 149.619 215.346 60
    endloop
  endfacet
  facet normal -0 0 1
    outer loop
      vertex 155.347 236.76 60
      vertex 154.757 236.243 60
      vertex 156.346 237.381 60
    endloop
  endfacet
  facet normal 0 0 1
    outer loop
      vertex 161.654 237.381 60
      vertex 161.296 237.543 60
      vertex 160.553 237.796 60
    endloop
  endfacet
  facet normal 0 0 1
    outer loop
      vertex 164.949 231.217 60
      vertex 164.796 230.447 60
      vertex 164.885 230.829 60
    endloop
  endfacet
  facet normal 0 0 1
    outer loop
      vertex 164.949 232.783 60
      vertex 165 232 60
      vertex 164.987 232.392 60
    endloop
  endfacet
  facet normal 0 0 1
    outer loop
      vertex 163.511 235.956 60
      vertex 163.243 236.243 60
      vertex 163.76 235.653 60
    endloop
  endfacet
  facet normal 0 0 1
    outer loop
      vertex 164.381 234.654 60
      vertex 164.196 235 60
      vertex 163.989 235.333 60
    endloop
  endfacet
  facet normal 0 0 1
    outer loop
      vertex 164.381 234.654 60
      vertex 163.989 235.333 60
      vertex 163.76 235.653 60
    endloop
  endfacet
  facet normal 0 0 1
    outer loop
      vertex 163.243 236.243 60
      vertex 164.381 234.654 60
      vertex 163.76 235.653 60
    endloop
  endfacet
  facet normal 0 0 1
    outer loop
      vertex 161.654 237.381 60
      vertex 159.783 237.949 60
      vertex 164.381 234.654 60
    endloop
  endfacet
  facet normal 0 0 1
    outer loop
      vertex 162.653 236.76 60
      vertex 163.243 236.243 60
      vertex 162.956 236.511 60
    endloop
  endfacet
  facet normal 0 0 1
    outer loop
      vertex 162.333 236.989 60
      vertex 161.654 237.381 60
      vertex 162.653 236.76 60
    endloop
  endfacet
  facet normal 0 0 1
    outer loop
      vertex 162 237.196 60
      vertex 161.654 237.381 60
      vertex 162.333 236.989 60
    endloop
  endfacet
  facet normal 0 0 1
    outer loop
      vertex 164.381 234.654 60
      vertex 159.783 237.949 60
      vertex 164.949 232.783 60
    endloop
  endfacet
  facet normal 0 0 1
    outer loop
      vertex 160.553 237.796 60
      vertex 160.171 237.885 60
      vertex 159.783 237.949 60
    endloop
  endfacet
  facet normal 0 0 1
    outer loop
      vertex 160.929 237.682 60
      vertex 160.553 237.796 60
      vertex 161.296 237.543 60
    endloop
  endfacet
  facet normal 0 0 1
    outer loop
      vertex 161.654 237.381 60
      vertex 160.553 237.796 60
      vertex 159.783 237.949 60
    endloop
  endfacet
  facet normal 0 0 1
    outer loop
      vertex 164.949 232.783 60
      vertex 159.783 237.949 60
      vertex 164.949 231.217 60
    endloop
  endfacet
  facet normal 0 0 1
    outer loop
      vertex 159.783 237.949 60
      vertex 158.217 237.949 60
      vertex 164.949 231.217 60
    endloop
  endfacet
  facet normal 0 0 1
    outer loop
      vertex 159.392 237.987 60
      vertex 159 238 60
      vertex 159.783 237.949 60
    endloop
  endfacet
  facet normal 0 0 1
    outer loop
      vertex 159 238 60
      vertex 158.608 237.987 60
      vertex 158.217 237.949 60
    endloop
  endfacet
  facet normal 0 0 1
    outer loop
      vertex 159 238 60
      vertex 158.217 237.949 60
      vertex 159.783 237.949 60
    endloop
  endfacet
  facet normal 0 0 1
    outer loop
      vertex 158.217 237.949 60
      vertex 157.447 237.796 60
      vertex 156.346 237.381 60
    endloop
  endfacet
  facet normal -0 0 1
    outer loop
      vertex 157.829 237.885 60
      vertex 157.447 237.796 60
      vertex 158.217 237.949 60
    endloop
  endfacet
  facet normal 0 0 1
    outer loop
      vertex 157.447 237.796 60
      vertex 156.704 237.543 60
      vertex 156.346 237.381 60
    endloop
  endfacet
  facet normal -0 0 1
    outer loop
      vertex 154.757 236.243 60
      vertex 153.619 234.654 60
      vertex 156.346 237.381 60
    endloop
  endfacet
  facet normal -0 0 1
    outer loop
      vertex 155.044 236.511 60
      vertex 154.757 236.243 60
      vertex 155.347 236.76 60
    endloop
  endfacet
  facet normal 0 0 1
    outer loop
      vertex 155.347 236.76 60
      vertex 156 237.196 60
      vertex 155.667 236.989 60
    endloop
  endfacet
  facet normal 0 0 1
    outer loop
      vertex 156.346 237.381 60
      vertex 156 237.196 60
      vertex 155.347 236.76 60
    endloop
  endfacet
  facet normal -0 0 1
    outer loop
      vertex 156.346 237.381 60
      vertex 153.619 234.654 60
      vertex 158.217 237.949 60
    endloop
  endfacet
  facet normal -0 0 1
    outer loop
      vertex 154.24 235.653 60
      vertex 153.619 234.654 60
      vertex 154.757 236.243 60
    endloop
  endfacet
  facet normal 0 0 1
    outer loop
      vertex 136.136 231.533 60
      vertex 134.463 219.649 60
      vertex 136.524 231.469 60
    endloop
  endfacet
  facet normal 0 0 1
    outer loop
      vertex 127.892 232.561 60
      vertex 119.204 233.29 60
      vertex 118.419 221.316 60
    endloop
  endfacet
  facet normal 0 0 1
    outer loop
      vertex 119.204 233.29 60
      vertex 109.943 233.737 60
      vertex 118.419 221.316 60
    endloop
  endfacet
  facet normal 0 0 1
    outer loop
      vertex 109.551 233.75 60
      vertex 109.363 221.753 60
      vertex 109.943 233.737 60
    endloop
  endfacet
  facet normal -0 0 1
    outer loop
      vertex 100 221.9 60
      vertex 109.363 221.753 60
      vertex 109.551 233.75 60
    endloop
  endfacet
  facet normal 0 0 1
    outer loop
      vertex 100 221.9 60
      vertex 109.551 233.75 60
      vertex 100 233.9 60
    endloop
  endfacet
  facet normal 0 -0 1
    outer loop
      vertex 126.852 220.608 60
      vertex 127.892 232.561 60
      vertex 118.419 221.316 60
    endloop
  endfacet
  facet normal 0 0 1
    outer loop
      vertex 128.283 232.522 60
      vertex 134.463 219.649 60
      vertex 136.136 231.533 60
    endloop
  endfacet
  facet normal 0 0 1
    outer loop
      vertex 118.419 221.316 60
      vertex 109.943 233.737 60
      vertex 109.363 221.753 60
    endloop
  endfacet
  facet normal 0 0 1
    outer loop
      vertex 154.24 235.653 60
      vertex 154.757 236.243 60
      vertex 154.489 235.956 60
    endloop
  endfacet
  facet normal -0 0 1
    outer loop
      vertex 153.619 234.654 60
      vertex 164.949 231.217 60
      vertex 158.217 237.949 60
    endloop
  endfacet
  facet normal 0 0 1
    outer loop
      vertex 149.184 228.746 60
      vertex 149.927 228.493 60
      vertex 149.56 228.632 60
    endloop
  endfacet
  facet normal 0 -0 1
    outer loop
      vertex 145.81 217.223 60
      vertex 149.184 228.746 60
      vertex 143.685 230.159 60
    endloop
  endfacet
  facet normal -0 0 1
    outer loop
      vertex 153.804 235 60
      vertex 153.619 234.654 60
      vertex 154.011 235.333 60
    endloop
  endfacet
  facet normal 0 0 1
    outer loop
      vertex 153.619 234.654 60
      vertex 154.24 235.653 60
      vertex 154.011 235.333 60
    endloop
  endfacet
  facet normal -0 0 1
    outer loop
      vertex 153.204 233.553 60
      vertex 164.949 231.217 60
      vertex 153.619 234.654 60
    endloop
  endfacet
  facet normal -0 0 1
    outer loop
      vertex 153.318 233.929 60
      vertex 153.204 233.553 60
      vertex 153.457 234.296 60
    endloop
  endfacet
  facet normal 0 0 1
    outer loop
      vertex 153.204 233.553 60
      vertex 153.619 234.654 60
      vertex 153.457 234.296 60
    endloop
  endfacet
  facet normal 0 -0 1
    outer loop
      vertex 164.796 230.447 60
      vertex 164.949 231.217 60
      vertex 153.204 233.553 60
    endloop
  endfacet
  facet normal 0 0 1
    outer loop
      vertex 145.81 217.223 60
      vertex 151.577 227.857 60
      vertex 149.927 228.493 60
    endloop
  endfacet
  facet normal 0 0 1
    outer loop
      vertex 164.796 230.447 60
      vertex 153.204 233.553 60
      vertex 151.577 227.857 60
    endloop
  endfacet
  facet normal 0 0 1
    outer loop
      vertex 164.796 230.447 60
      vertex 151.577 227.857 60
      vertex 160.796 216.447 60
    endloop
  endfacet
  facet normal 0 0 1
    outer loop
      vertex 151.577 227.857 60
      vertex 148.889 216.035 60
      vertex 149.476 215.641 60
    endloop
  endfacet
  facet normal -0 0 1
    outer loop
      vertex 145.81 217.223 60
      vertex 148.889 216.035 60
      vertex 151.577 227.857 60
    endloop
  endfacet
  facet normal 0 0 1
    outer loop
      vertex 149.927 228.493 60
      vertex 149.184 228.746 60
      vertex 145.81 217.223 60
    endloop
  endfacet
  facet normal 0 0 1
    outer loop
      vertex 145.81 217.223 60
      vertex 143.685 230.159 60
      vertex 140.843 218.5 60
    endloop
  endfacet
  facet normal 0 0 1
    outer loop
      vertex 143.303 230.248 60
      vertex 140.843 218.5 60
      vertex 143.685 230.159 60
    endloop
  endfacet
  facet normal 0 0 1
    outer loop
      vertex 136.524 231.469 60
      vertex 134.463 219.649 60
      vertex 140.843 218.5 60
    endloop
  endfacet
  facet normal 0 0 1
    outer loop
      vertex 143.303 230.248 60
      vertex 136.524 231.469 60
      vertex 140.843 218.5 60
    endloop
  endfacet
  facet normal -0 0 1
    outer loop
      vertex 126.852 220.608 60
      vertex 134.463 219.649 60
      vertex 128.283 232.522 60
    endloop
  endfacet
  facet normal 0 0 1
    outer loop
      vertex 126.852 220.608 60
      vertex 128.283 232.522 60
      vertex 127.892 232.561 60
    endloop
  endfacet
  facet normal 0 -0 1
    outer loop
      vertex 100 221.9 60
      vertex 100 233.9 60
      vertex 90.4493 233.75 60
    endloop
  endfacet
  facet normal 0 0 1
    outer loop
      vertex 100 221.9 60
      vertex 90.4493 233.75 60
      vertex 90.6365 221.753 60
    endloop
  endfacet
  facet normal 0 0 1
    outer loop
      vertex 90.4493 233.75 60
      vertex 90.0569 233.737 60
      vertex 90.6365 221.753 60
    endloop
  endfacet
  facet normal 0 0 1
    outer loop
      vertex 90.0569 233.737 60
      vertex 80.7965 233.29 60
      vertex 81.5813 221.316 60
    endloop
  endfacet
  facet normal 0 0 1
    outer loop
      vertex 80.7965 233.29 60
      vertex 72.1076 232.561 60
      vertex 81.5813 221.316 60
    endloop
  endfacet
  facet normal 0 0 1
    outer loop
      vertex 72.1076 232.561 60
      vertex 73.1481 220.608 60
      vertex 81.5813 221.316 60
    endloop
  endfacet
  facet normal 0 0 1
    outer loop
      vertex 71.7168 232.522 60
      vertex 65.5367 219.649 60
      vertex 73.1481 220.608 60
    endloop
  endfacet
  facet normal -0 0 1
    outer loop
      vertex 63.8635 231.533 60
      vertex 65.5367 219.649 60
      vertex 71.7168 232.522 60
    endloop
  endfacet
  facet normal -0 0 1
    outer loop
      vertex 63.4761 231.469 60
      vertex 65.5367 219.649 60
      vertex 63.8635 231.533 60
    endloop
  endfacet
  facet normal -0 0 1
    outer loop
      vertex 56.697 230.248 60
      vertex 59.1567 218.5 60
      vertex 63.4761 231.469 60
    endloop
  endfacet
  facet normal -0 0 1
    outer loop
      vertex 56.3146 230.159 60
      vertex 59.1567 218.5 60
      vertex 56.697 230.248 60
    endloop
  endfacet
  facet normal 0 0 1
    outer loop
      vertex 54.1899 217.223 60
      vertex 59.1567 218.5 60
      vertex 56.3146 230.159 60
    endloop
  endfacet
  facet normal 0 -0 1
    outer loop
      vertex 54.1899 217.223 60
      vertex 56.3146 230.159 60
      vertex 50.8157 228.746 60
    endloop
  endfacet
  facet normal 0 0 1
    outer loop
      vertex 50.0725 228.493 60
      vertex 50.8157 228.746 60
      vertex 50.44 228.632 60
    endloop
  endfacet
  facet normal 0 0 1
    outer loop
      vertex 54.1899 217.223 60
      vertex 50.8157 228.746 60
      vertex 50.0725 228.493 60
    endloop
  endfacet
  facet normal 0 0 1
    outer loop
      vertex 54.1899 217.223 60
      vertex 50.0725 228.493 60
      vertex 51.1113 216.035 60
    endloop
  endfacet
  facet normal 0 0 1
    outer loop
      vertex 45.3169 226.582 60
      vertex 46.0208 226.929 60
      vertex 45.6632 226.767 60
    endloop
  endfacet
  facet normal 0 0 1
    outer loop
      vertex 44.9835 226.375 60
      vertex 46.0208 226.929 60
      vertex 45.3169 226.582 60
    endloop
  endfacet
  facet normal 0 0 1
    outer loop
      vertex 51.1113 216.035 60
      vertex 46.0208 226.929 60
      vertex 44.9835 226.375 60
    endloop
  endfacet
  facet normal 0 0 1
    outer loop
      vertex 51.1113 216.035 60
      vertex 44.9835 226.375 60
      vertex 51.0692 216.007 60
    endloop
  endfacet
  facet normal 0 0 1
    outer loop
      vertex 44.9835 226.375 60
      vertex 42.5022 224.708 60
      vertex 51.0692 216.007 60
    endloop
  endfacet
  facet normal 0 0 1
    outer loop
      vertex 41.5929 223.962 60
      vertex 42.183 224.479 60
      vertex 41.8795 224.23 60
    endloop
  endfacet
  facet normal 0 0 1
    outer loop
      vertex 42.5022 224.708 60
      vertex 42.183 224.479 60
      vertex 41.5929 223.962 60
    endloop
  endfacet
  facet normal 0 0 1
    outer loop
      vertex 41.0754 223.372 60
      vertex 41.5929 223.962 60
      vertex 41.3245 223.675 60
    endloop
  endfacet
  facet normal 0 0 1
    outer loop
      vertex 40.6394 222.719 60
      vertex 41.5929 223.962 60
      vertex 41.0754 223.372 60
    endloop
  endfacet
  facet normal 0 0 1
    outer loop
      vertex 40.6394 222.719 60
      vertex 41.0754 223.372 60
      vertex 40.8467 223.053 60
    endloop
  endfacet
  facet normal 0 0 1
    outer loop
      vertex 42.5022 224.708 60
      vertex 41.5929 223.962 60
      vertex 40.6394 222.719 60
    endloop
  endfacet
  facet normal 0 0 1
    outer loop
      vertex 42.5022 224.708 60
      vertex 40.6394 222.719 60
      vertex 40.4543 222.373 60
    endloop
  endfacet
  facet normal 0 0 1
    outer loop
      vertex 42.5022 224.708 60
      vertex 40.4543 222.373 60
      vertex 51.0692 216.007 60
    endloop
  endfacet
  facet normal 0 0 1
    outer loop
      vertex 40.4543 222.373 60
      vertex 39.6188 220.654 60
      vertex 51.0692 216.007 60
    endloop
  endfacet
  facet normal 0 0 1
    outer loop
      vertex 39.2044 219.553 60
      vertex 39.4567 220.296 60
      vertex 39.3184 219.929 60
    endloop
  endfacet
  facet normal 0 0 1
    outer loop
      vertex 39.6188 220.654 60
      vertex 39.4567 220.296 60
      vertex 39.2044 219.553 60
    endloop
  endfacet
  facet normal 0 0 1
    outer loop
      vertex 39.0513 218.783 60
      vertex 39.2044 219.553 60
      vertex 39.1153 219.171 60
    endloop
  endfacet
  facet normal 0 0 1
    outer loop
      vertex 39.6188 220.654 60
      vertex 39.2044 219.553 60
      vertex 39.0513 218.783 60
    endloop
  endfacet
  facet normal 0 0 1
    outer loop
      vertex 39 218 60
      vertex 39.0513 218.783 60
      vertex 39.0128 218.392 60
    endloop
  endfacet
  facet normal 0 0 1
    outer loop
      vertex 39.6188 220.654 60
      vertex 39.0513 218.783 60
      vertex 39 218 60
    endloop
  endfacet
  facet normal 0 0 1
    outer loop
      vertex 39.6188 220.654 60
      vertex 39 218 60
      vertex 39.0128 217.608 60
    endloop
  endfacet
  facet normal 0 0 1
    outer loop
      vertex 39.6188 220.654 60
      vertex 39.0128 217.608 60
      vertex 51.0692 216.007 60
    endloop
  endfacet
  facet normal 0 0 1
    outer loop
      vertex 39.0128 217.608 60
      vertex 45.4309 31.0561 60
      vertex 51.0692 216.007 60
    endloop
  endfacet
  facet normal 0 0 1
    outer loop
      vertex 45.4309 31.0561 60
      vertex 57.382 32.5142 60
      vertex 51.0692 216.007 60
    endloop
  endfacet
  facet normal 0 0 1
    outer loop
      vertex 7.84668 6 60
      vertex 25.1533 6 60
      vertex 45.4309 31.0561 60
    endloop
  endfacet
  facet normal 0 0 1
    outer loop
      vertex 0 6 60
      vertex -0.39241 5.98715 60
      vertex -0.783142 5.94865 60
    endloop
  endfacet
  facet normal 0 0 1
    outer loop
      vertex -1.5529 5.79555 60
      vertex -0.783142 5.94865 60
      vertex -1.17053 5.8847 60
    endloop
  endfacet
  facet normal -0 0 1
    outer loop
      vertex -1.92863 5.68158 60
      vertex -2.2961 5.54327 60
      vertex -1.5529 5.79555 60
    endloop
  endfacet
  facet normal -0 0 1
    outer loop
      vertex -2.2961 5.54327 60
      vertex -2.65372 5.38123 60
      vertex -1.5529 5.79555 60
    endloop
  endfacet
  facet normal 0 0 1
    outer loop
      vertex -2.65372 5.38123 60
      vertex -0.783142 5.94865 60
      vertex -1.5529 5.79555 60
    endloop
  endfacet
  facet normal -0 0 1
    outer loop
      vertex -3.33342 4.98882 60
      vertex -3.65256 4.76012 60
      vertex -2.65372 5.38123 60
    endloop
  endfacet
  facet normal 0 0 1
    outer loop
      vertex -3.33342 4.98882 60
      vertex -2.65372 5.38123 60
      vertex -3 5.19615 60
    endloop
  endfacet
  facet normal 0 0 1
    outer loop
      vertex -3.65256 4.76012 60
      vertex -3.95607 4.51103 60
      vertex -4.24263 4.24263 60
    endloop
  endfacet
  facet normal -0 0 1
    outer loop
      vertex -3.65256 4.76012 60
      vertex -4.24263 4.24263 60
      vertex -2.65372 5.38123 60
    endloop
  endfacet
  facet normal -0 0 1
    outer loop
      vertex -4.24263 4.24263 60
      vertex -5.38123 2.65372 60
      vertex -2.65372 5.38123 60
    endloop
  endfacet
  facet normal -0 0 1
    outer loop
      vertex -4.51103 3.95607 60
      vertex -4.76012 3.65256 60
      vertex -4.24263 4.24263 60
    endloop
  endfacet
  facet normal -0 0 1
    outer loop
      vertex -4.76012 3.65256 60
      vertex -5.38123 2.65372 60
      vertex -4.24263 4.24263 60
    endloop
  endfacet
  facet normal 0 0 1
    outer loop
      vertex -4.98882 3.33342 60
      vertex -5.19615 3 60
      vertex -5.38123 2.65372 60
    endloop
  endfacet
  facet normal 0 0 1
    outer loop
      vertex -2.65372 5.38123 60
      vertex -5.38123 2.65372 60
      vertex -5.94865 0.783142 60
    endloop
  endfacet
  facet normal 0 0 1
    outer loop
      vertex -5.38123 2.65372 60
      vertex -5.54327 2.2961 60
      vertex -5.79555 1.5529 60
    endloop
  endfacet
  facet normal 0 0 1
    outer loop
      vertex -5.54327 2.2961 60
      vertex -5.68158 1.92863 60
      vertex -5.79555 1.5529 60
    endloop
  endfacet
  facet normal 0 0 1
    outer loop
      vertex -5.94865 0.783142 60
      vertex -5.79555 1.5529 60
      vertex -5.8847 1.17053 60
    endloop
  endfacet
  facet normal 0 0 1
    outer loop
      vertex -5.38123 2.65372 60
      vertex -5.79555 1.5529 60
      vertex -5.94865 0.783142 60
    endloop
  endfacet
  facet normal -0 0 1
    outer loop
      vertex -2.65372 5.38123 60
      vertex -5.94865 0.783142 60
      vertex -0.783142 5.94865 60
    endloop
  endfacet
  facet normal 0 0 1
    outer loop
      vertex -5.94865 -0.783142 60
      vertex -6 0 60
      vertex -5.98715 -0.39241 60
    endloop
  endfacet
  facet normal -0 0 1
    outer loop
      vertex -5.98715 0.39241 60
      vertex -6 0 60
      vertex -5.94865 0.783142 60
    endloop
  endfacet
  facet normal 0 0 1
    outer loop
      vertex -5.94865 0.783142 60
      vertex -6 0 60
      vertex -5.94865 -0.783142 60
    endloop
  endfacet
  facet normal 0 0 1
    outer loop
      vertex -5.94865 0.783142 60
      vertex -5.94865 -0.783142 60
      vertex -0.783142 -5.94865 60
    endloop
  endfacet
  facet normal 0 0 1
    outer loop
      vertex -5.94865 -0.783142 60
      vertex -5.8847 -1.17053 60
      vertex -5.79555 -1.5529 60
    endloop
  endfacet
  facet normal 0 0 1
    outer loop
      vertex -5.38123 -2.65372 60
      vertex -5.79555 -1.5529 60
      vertex -5.54327 -2.2961 60
    endloop
  endfacet
  facet normal 0 0 1
    outer loop
      vertex -5.79555 -1.5529 60
      vertex -5.68158 -1.92863 60
      vertex -5.54327 -2.2961 60
    endloop
  endfacet
  facet normal 0 0 1
    outer loop
      vertex -5.94865 -0.783142 60
      vertex -5.79555 -1.5529 60
      vertex -5.38123 -2.65372 60
    endloop
  endfacet
  facet normal 0 0 1
    outer loop
      vertex -5.94865 -0.783142 60
      vertex -5.38123 -2.65372 60
      vertex -2.65372 -5.38123 60
    endloop
  endfacet
  facet normal 0 0 1
    outer loop
      vertex -5.38123 -2.65372 60
      vertex -4.98882 -3.33342 60
      vertex -4.76012 -3.65256 60
    endloop
  endfacet
  facet normal -0 -0 1
    outer loop
      vertex -5.19615 -3 60
      vertex -4.98882 -3.33342 60
      vertex -5.38123 -2.65372 60
    endloop
  endfacet
  facet normal 0 0 1
    outer loop
      vertex -4.24263 -4.24263 60
      vertex -4.76012 -3.65256 60
      vertex -4.51103 -3.95607 60
    endloop
  endfacet
  facet normal 0 0 1
    outer loop
      vertex -5.38123 -2.65372 60
      vertex -4.76012 -3.65256 60
      vertex -4.24263 -4.24263 60
    endloop
  endfacet
  facet normal 0 0 1
    outer loop
      vertex -5.38123 -2.65372 60
      vertex -4.24263 -4.24263 60
      vertex -2.65372 -5.38123 60
    endloop
  endfacet
  facet normal 0 0 1
    outer loop
      vertex -4.24263 -4.24263 60
      vertex -3.95607 -4.51103 60
      vertex -3.65256 -4.76012 60
    endloop
  endfacet
  facet normal 0 0 1
    outer loop
      vertex -4.24263 -4.24263 60
      vertex -3.65256 -4.76012 60
      vertex -2.65372 -5.38123 60
    endloop
  endfacet
  facet normal 0 0 1
    outer loop
      vertex -2.65372 -5.38123 60
      vertex -3.33342 -4.98882 60
      vertex -3 -5.19615 60
    endloop
  endfacet
  facet normal 0 0 1
    outer loop
      vertex -3.65256 -4.76012 60
      vertex -3.33342 -4.98882 60
      vertex -2.65372 -5.38123 60
    endloop
  endfacet
  facet normal 0 0 1
    outer loop
      vertex -5.94865 -0.783142 60
      vertex -2.65372 -5.38123 60
      vertex -0.783142 -5.94865 60
    endloop
  endfacet
  facet normal 0 0 1
    outer loop
      vertex -2.65372 -5.38123 60
      vertex -2.2961 -5.54327 60
      vertex -1.5529 -5.79555 60
    endloop
  endfacet
  facet normal 0 0 1
    outer loop
      vertex -2.2961 -5.54327 60
      vertex -1.92863 -5.68158 60
      vertex -1.5529 -5.79555 60
    endloop
  endfacet
  facet normal 0 0 1
    outer loop
      vertex -0.783142 -5.94865 60
      vertex -1.5529 -5.79555 60
      vertex -1.17053 -5.8847 60
    endloop
  endfacet
  facet normal 0 0 1
    outer loop
      vertex -2.65372 -5.38123 60
      vertex -1.5529 -5.79555 60
      vertex -0.783142 -5.94865 60
    endloop
  endfacet
  facet normal -0 0 1
    outer loop
      vertex -5.94865 0.783142 60
      vertex -0.783142 -5.94865 60
      vertex -0.783142 5.94865 60
    endloop
  endfacet
  facet normal -0 0 1
    outer loop
      vertex -0.783142 -5.94865 60
      vertex 0 -6 60
      vertex -0.783142 5.94865 60
    endloop
  endfacet
  facet normal -0 -0 1
    outer loop
      vertex -0.39241 -5.98715 60
      vertex 0 -6 60
      vertex -0.783142 -5.94865 60
    endloop
  endfacet
  facet normal 0 -0 1
    outer loop
      vertex 0 -6 60
      vertex 0 6 60
      vertex -0.783142 5.94865 60
    endloop
  endfacet
  facet normal 0 0 1
    outer loop
      vertex 7.84668 6 60
      vertex 0 6 60
      vertex 0 -6 60
    endloop
  endfacet
  facet normal 0 0 1
    outer loop
      vertex 79.8467 6 60
      vertex 0 -6 60
      vertex 150 -6 60
    endloop
  endfacet
  facet normal -0 0 1
    outer loop
      vertex 79.8467 6 60
      vertex 150 -6 60
      vertex 97.1533 6 60
    endloop
  endfacet
  facet normal 0 0 1
    outer loop
      vertex 57.382 32.5142 60
      vertex 79.8467 6 60
      vertex 97.1533 6 60
    endloop
  endfacet
  facet normal -0 0 1
    outer loop
      vertex 58.2942 6 60
      vertex 0 -6 60
      vertex 79.8467 6 60
    endloop
  endfacet
  facet normal 0 0 1
    outer loop
      vertex 57.382 32.5142 60
      vertex 57.7883 20.7056 60
      vertex 79.8467 6 60
    endloop
  endfacet
  facet normal -0 0 1
    outer loop
      vertex 46.2929 6 60
      vertex 0 -6 60
      vertex 58.2942 6 60
    endloop
  endfacet
  facet normal -0 0 1
    outer loop
      vertex 45.4309 31.0561 60
      vertex 57.7883 20.7056 60
      vertex 57.382 32.5142 60
    endloop
  endfacet
  facet normal 0 0 1
    outer loop
      vertex 45.4309 31.0561 60
      vertex 45.8189 19.7771 60
      vertex 57.7883 20.7056 60
    endloop
  endfacet
  facet normal 0 0 1
    outer loop
      vertex 57.7883 20.7056 60
      vertex 45.8189 19.7771 60
      vertex 58.2942 6 60
    endloop
  endfacet
  facet normal -0 0 1
    outer loop
      vertex 25.1533 6 60
      vertex 0 -6 60
      vertex 46.2929 6 60
    endloop
  endfacet
  facet normal -0 0 1
    outer loop
      vertex 7.84668 6 60
      vertex 0 -6 60
      vertex 25.1533 6 60
    endloop
  endfacet
  facet normal 0 0 1
    outer loop
      vertex 58.2942 6 60
      vertex 45.8189 19.7771 60
      vertex 46.2929 6 60
    endloop
  endfacet
  facet normal 0 0 1
    outer loop
      vertex 45.4309 31.0561 60
      vertex 25.1533 6 60
      vertex 45.8189 19.7771 60
    endloop
  endfacet
  facet normal 0.0979916 -0.995187 0
    outer loop
      vertex 150.783 -5.94865 0
      vertex 150.392 -5.98715 60
      vertex 150.392 -5.98715 0
    endloop
  endfacet
  facet normal 0.0979916 -0.995187 0
    outer loop
      vertex 150.783 -5.94865 0
      vertex 150.783 -5.94865 60
      vertex 150.392 -5.98715 60
    endloop
  endfacet
  facet normal 0.162625 -0.986688 0
    outer loop
      vertex 151.171 -5.8847 0
      vertex 150.783 -5.94865 60
      vertex 150.783 -5.94865 0
    endloop
  endfacet
  facet normal 0.162625 -0.986688 0
    outer loop
      vertex 151.171 -5.8847 0
      vertex 151.171 -5.8847 60
      vertex 150.783 -5.94865 60
    endloop
  endfacet
  facet normal 0.22727 -0.973832 0
    outer loop
      vertex 151.553 -5.79555 0
      vertex 151.171 -5.8847 60
      vertex 151.171 -5.8847 0
    endloop
  endfacet
  facet normal 0.22727 -0.973832 0
    outer loop
      vertex 151.553 -5.79555 0
      vertex 151.553 -5.79555 60
      vertex 151.171 -5.8847 60
    endloop
  endfacet
  facet normal 0.290079 -0.957003 0
    outer loop
      vertex 151.929 -5.68158 0
      vertex 151.553 -5.79555 60
      vertex 151.553 -5.79555 0
    endloop
  endfacet
  facet normal 0.290079 -0.957003 0
    outer loop
      vertex 151.929 -5.68158 0
      vertex 151.929 -5.68158 60
      vertex 151.553 -5.79555 60
    endloop
  endfacet
  facet normal 0.352654 -0.935754 0
    outer loop
      vertex 152.296 -5.54327 0
      vertex 151.929 -5.68158 60
      vertex 151.929 -5.68158 0
    endloop
  endfacet
  facet normal 0.352654 -0.935754 0
    outer loop
      vertex 152.296 -5.54327 0
      vertex 152.296 -5.54327 60
      vertex 151.929 -5.68158 60
    endloop
  endfacet
  facet normal 0.412353 -0.911024 0
    outer loop
      vertex 152.654 -5.38123 0
      vertex 152.296 -5.54327 60
      vertex 152.296 -5.54327 0
    endloop
  endfacet
  facet normal 0.412353 -0.911024 0
    outer loop
      vertex 152.654 -5.38123 0
      vertex 152.654 -5.38123 60
      vertex 152.296 -5.54327 60
    endloop
  endfacet
  facet normal 0.471673 -0.881774 0
    outer loop
      vertex 153 -5.19615 0
      vertex 152.654 -5.38123 60
      vertex 152.654 -5.38123 0
    endloop
  endfacet
  facet normal 0.471673 -0.881774 0
    outer loop
      vertex 153 -5.19615 0
      vertex 153 -5.19615 60
      vertex 152.654 -5.38123 60
    endloop
  endfacet
  facet normal 0.528541 -0.848908 0
    outer loop
      vertex 153.333 -4.98882 0
      vertex 153 -5.19615 60
      vertex 153 -5.19615 0
    endloop
  endfacet
  facet normal 0.528541 -0.848908 0
    outer loop
      vertex 153.333 -4.98882 0
      vertex 153.333 -4.98882 60
      vertex 153 -5.19615 60
    endloop
  endfacet
  facet normal 0.581455 -0.813579 0
    outer loop
      vertex 153.653 -4.76012 0
      vertex 153.333 -4.98882 60
      vertex 153.333 -4.98882 0
    endloop
  endfacet
  facet normal 0.581455 -0.813579 0
    outer loop
      vertex 153.653 -4.76012 0
      vertex 153.653 -4.76012 60
      vertex 153.333 -4.98882 60
    endloop
  endfacet
  facet normal 0.635039 -0.77248 0
    outer loop
      vertex 153.956 -4.51103 0
      vertex 153.653 -4.76012 60
      vertex 153.653 -4.76012 0
    endloop
  endfacet
  facet normal 0.635039 -0.77248 0
    outer loop
      vertex 153.956 -4.51103 0
      vertex 153.956 -4.51103 60
      vertex 153.653 -4.76012 60
    endloop
  endfacet
  facet normal 0.683043 -0.730378 0
    outer loop
      vertex 154.243 -4.24263 0
      vertex 153.956 -4.51103 60
      vertex 153.956 -4.51103 0
    endloop
  endfacet
  facet normal 0.683043 -0.730378 0
    outer loop
      vertex 154.243 -4.24263 0
      vertex 154.243 -4.24263 60
      vertex 153.956 -4.51103 60
    endloop
  endfacet
  facet normal 0.730363 -0.683059 0
    outer loop
      vertex 154.511 -3.95607 0
      vertex 154.243 -4.24263 60
      vertex 154.243 -4.24263 0
    endloop
  endfacet
  facet normal 0.730363 -0.683059 0
    outer loop
      vertex 154.511 -3.95607 0
      vertex 154.511 -3.95607 60
      vertex 154.243 -4.24263 60
    endloop
  endfacet
  facet normal 0.773116 -0.634265 0
    outer loop
      vertex 154.76 -3.65256 0
      vertex 154.511 -3.95607 60
      vertex 154.511 -3.95607 0
    endloop
  endfacet
  facet normal 0.773116 -0.634265 0
    outer loop
      vertex 154.76 -3.65256 0
      vertex 154.76 -3.65256 60
      vertex 154.511 -3.95607 60
    endloop
  endfacet
  facet normal 0.812476 -0.582995 0
    outer loop
      vertex 154.989 -3.33342 0
      vertex 154.76 -3.65256 60
      vertex 154.76 -3.65256 0
    endloop
  endfacet
  facet normal 0.812476 -0.582995 0
    outer loop
      vertex 154.989 -3.33342 0
      vertex 154.989 -3.33342 60
      vertex 154.76 -3.65256 60
    endloop
  endfacet
  facet normal 0.849583 -0.527454 0
    outer loop
      vertex 155.196 -3 0
      vertex 154.989 -3.33342 60
      vertex 154.989 -3.33342 0
    endloop
  endfacet
  facet normal 0.849583 -0.527454 0
    outer loop
      vertex 155.196 -3 0
      vertex 155.196 -3 60
      vertex 154.989 -3.33342 60
    endloop
  endfacet
  facet normal 0.882017 -0.471217 0
    outer loop
      vertex 155.381 -2.65372 0
      vertex 155.196 -3 60
      vertex 155.196 -3 0
    endloop
  endfacet
  facet normal 0.882017 -0.471217 0
    outer loop
      vertex 155.381 -2.65372 0
      vertex 155.381 -2.65372 60
      vertex 155.196 -3 60
    endloop
  endfacet
  facet normal 0.910898 -0.412632 0
    outer loop
      vertex 155.543 -2.2961 0
      vertex 155.381 -2.65372 60
      vertex 155.381 -2.65372 0
    endloop
  endfacet
  facet normal 0.910898 -0.412632 0
    outer loop
      vertex 155.543 -2.2961 0
      vertex 155.543 -2.2961 60
      vertex 155.381 -2.65372 60
    endloop
  endfacet
  facet normal 0.935322 -0.353797 0
    outer loop
      vertex 155.682 -1.92863 0
      vertex 155.543 -2.2961 60
      vertex 155.543 -2.2961 0
    endloop
  endfacet
  facet normal 0.935322 -0.353797 0
    outer loop
      vertex 155.682 -1.92863 0
      vertex 155.682 -1.92863 60
      vertex 155.543 -2.2961 60
    endloop
  endfacet
  facet normal 0.956924 -0.29034 0
    outer loop
      vertex 155.796 -1.5529 0
      vertex 155.682 -1.92863 60
      vertex 155.682 -1.92863 0
    endloop
  endfacet
  facet normal 0.956924 -0.29034 0
    outer loop
      vertex 155.796 -1.5529 0
      vertex 155.796 -1.5529 60
      vertex 155.682 -1.92863 60
    endloop
  endfacet
  facet normal 0.973965 -0.226699 0
    outer loop
      vertex 155.885 -1.17053 0
      vertex 155.796 -1.5529 60
      vertex 155.796 -1.5529 0
    endloop
  endfacet
  facet normal 0.973965 -0.226699 0
    outer loop
      vertex 155.885 -1.17053 0
      vertex 155.885 -1.17053 60
      vertex 155.796 -1.5529 60
    endloop
  endfacet
  facet normal 0.986626 -0.163 0
    outer loop
      vertex 155.949 -0.783142 0
      vertex 155.885 -1.17053 60
      vertex 155.885 -1.17053 0
    endloop
  endfacet
  facet normal 0.986626 -0.163 0
    outer loop
      vertex 155.949 -0.783142 0
      vertex 155.949 -0.783142 60
      vertex 155.885 -1.17053 60
    endloop
  endfacet
  facet normal 0.995304 -0.0967967 0
    outer loop
      vertex 155.987 -0.39241 0
      vertex 155.949 -0.783142 60
      vertex 155.949 -0.783142 0
    endloop
  endfacet
  facet normal 0.995304 -0.0967967 0
    outer loop
      vertex 155.987 -0.39241 0
      vertex 155.987 -0.39241 60
      vertex 155.949 -0.783142 60
    endloop
  endfacet
  facet normal 0.999452 -0.0331105 0
    outer loop
      vertex 156 0 0
      vertex 155.987 -0.39241 60
      vertex 155.987 -0.39241 0
    endloop
  endfacet
  facet normal 0.999452 -0.0331105 0
    outer loop
      vertex 156 0 0
      vertex 156 0 60
      vertex 155.987 -0.39241 60
    endloop
  endfacet
  facet normal 0.999452 0.0331105 0
    outer loop
      vertex 155.987 0.39241 0
      vertex 156 0 60
      vertex 156 0 0
    endloop
  endfacet
  facet normal 0.999452 0.0331105 -0
    outer loop
      vertex 155.987 0.39241 0
      vertex 155.987 0.39241 60
      vertex 156 0 60
    endloop
  endfacet
  facet normal 0.995304 0.0967967 0
    outer loop
      vertex 155.949 0.783142 0
      vertex 155.987 0.39241 60
      vertex 155.987 0.39241 0
    endloop
  endfacet
  facet normal 0.995304 0.0967967 -0
    outer loop
      vertex 155.949 0.783142 0
      vertex 155.949 0.783142 60
      vertex 155.987 0.39241 60
    endloop
  endfacet
  facet normal 0.986626 0.163 0
    outer loop
      vertex 155.885 1.17053 0
      vertex 155.949 0.783142 60
      vertex 155.949 0.783142 0
    endloop
  endfacet
  facet normal 0.986626 0.163 -0
    outer loop
      vertex 155.885 1.17053 0
      vertex 155.885 1.17053 60
      vertex 155.949 0.783142 60
    endloop
  endfacet
  facet normal 0.973965 0.226699 0
    outer loop
      vertex 155.796 1.5529 0
      vertex 155.885 1.17053 60
      vertex 155.885 1.17053 0
    endloop
  endfacet
  facet normal 0.973965 0.226699 -0
    outer loop
      vertex 155.796 1.5529 0
      vertex 155.796 1.5529 60
      vertex 155.885 1.17053 60
    endloop
  endfacet
  facet normal 0.956924 0.29034 0
    outer loop
      vertex 155.682 1.92863 0
      vertex 155.796 1.5529 60
      vertex 155.796 1.5529 0
    endloop
  endfacet
  facet normal 0.956924 0.29034 -0
    outer loop
      vertex 155.682 1.92863 0
      vertex 155.682 1.92863 60
      vertex 155.796 1.5529 60
    endloop
  endfacet
  facet normal 0.935322 0.353797 0
    outer loop
      vertex 155.543 2.2961 0
      vertex 155.682 1.92863 60
      vertex 155.682 1.92863 0
    endloop
  endfacet
  facet normal 0.935322 0.353797 -0
    outer loop
      vertex 155.543 2.2961 0
      vertex 155.543 2.2961 60
      vertex 155.682 1.92863 60
    endloop
  endfacet
  facet normal 0.910898 0.412632 0
    outer loop
      vertex 155.381 2.65372 0
      vertex 155.543 2.2961 60
      vertex 155.543 2.2961 0
    endloop
  endfacet
  facet normal 0.910898 0.412632 -0
    outer loop
      vertex 155.381 2.65372 0
      vertex 155.381 2.65372 60
      vertex 155.543 2.2961 60
    endloop
  endfacet
  facet normal 0.882017 0.471217 0
    outer loop
      vertex 155.196 3 0
      vertex 155.381 2.65372 60
      vertex 155.381 2.65372 0
    endloop
  endfacet
  facet normal 0.882017 0.471217 -0
    outer loop
      vertex 155.196 3 0
      vertex 155.196 3 60
      vertex 155.381 2.65372 60
    endloop
  endfacet
  facet normal 0.849583 0.527454 0
    outer loop
      vertex 154.989 3.33342 0
      vertex 155.196 3 60
      vertex 155.196 3 0
    endloop
  endfacet
  facet normal 0.849583 0.527454 -0
    outer loop
      vertex 154.989 3.33342 0
      vertex 154.989 3.33342 60
      vertex 155.196 3 60
    endloop
  endfacet
  facet normal 0.812476 0.582995 0
    outer loop
      vertex 154.76 3.65256 0
      vertex 154.989 3.33342 60
      vertex 154.989 3.33342 0
    endloop
  endfacet
  facet normal 0.812476 0.582995 -0
    outer loop
      vertex 154.76 3.65256 0
      vertex 154.76 3.65256 60
      vertex 154.989 3.33342 60
    endloop
  endfacet
  facet normal 0.773116 0.634265 0
    outer loop
      vertex 154.511 3.95607 0
      vertex 154.76 3.65256 60
      vertex 154.76 3.65256 0
    endloop
  endfacet
  facet normal 0.773116 0.634265 -0
    outer loop
      vertex 154.511 3.95607 0
      vertex 154.511 3.95607 60
      vertex 154.76 3.65256 60
    endloop
  endfacet
  facet normal 0.730363 0.683059 0
    outer loop
      vertex 154.243 4.24263 0
      vertex 154.511 3.95607 60
      vertex 154.511 3.95607 0
    endloop
  endfacet
  facet normal 0.730363 0.683059 -0
    outer loop
      vertex 154.243 4.24263 0
      vertex 154.243 4.24263 60
      vertex 154.511 3.95607 60
    endloop
  endfacet
  facet normal 0.683043 0.730378 0
    outer loop
      vertex 153.956 4.51103 0
      vertex 154.243 4.24263 60
      vertex 154.243 4.24263 0
    endloop
  endfacet
  facet normal 0.683043 0.730378 -0
    outer loop
      vertex 153.956 4.51103 0
      vertex 153.956 4.51103 60
      vertex 154.243 4.24263 60
    endloop
  endfacet
  facet normal 0.635039 0.77248 0
    outer loop
      vertex 153.653 4.76012 0
      vertex 153.956 4.51103 60
      vertex 153.956 4.51103 0
    endloop
  endfacet
  facet normal 0.635039 0.77248 -0
    outer loop
      vertex 153.653 4.76012 0
      vertex 153.653 4.76012 60
      vertex 153.956 4.51103 60
    endloop
  endfacet
  facet normal 0.581455 0.813579 0
    outer loop
      vertex 153.333 4.98882 0
      vertex 153.653 4.76012 60
      vertex 153.653 4.76012 0
    endloop
  endfacet
  facet normal 0.581455 0.813579 -0
    outer loop
      vertex 153.333 4.98882 0
      vertex 153.333 4.98882 60
      vertex 153.653 4.76012 60
    endloop
  endfacet
  facet normal 0.528541 0.848908 0
    outer loop
      vertex 153 5.19615 0
      vertex 153.333 4.98882 60
      vertex 153.333 4.98882 0
    endloop
  endfacet
  facet normal 0.528541 0.848908 -0
    outer loop
      vertex 153 5.19615 0
      vertex 153 5.19615 60
      vertex 153.333 4.98882 60
    endloop
  endfacet
  facet normal 0.471673 0.881774 0
    outer loop
      vertex 152.654 5.38123 0
      vertex 153 5.19615 60
      vertex 153 5.19615 0
    endloop
  endfacet
  facet normal 0.471673 0.881774 -0
    outer loop
      vertex 152.654 5.38123 0
      vertex 152.654 5.38123 60
      vertex 153 5.19615 60
    endloop
  endfacet
  facet normal 0.412353 0.911024 0
    outer loop
      vertex 152.296 5.54327 0
      vertex 152.654 5.38123 60
      vertex 152.654 5.38123 0
    endloop
  endfacet
  facet normal 0.412353 0.911024 -0
    outer loop
      vertex 152.296 5.54327 0
      vertex 152.296 5.54327 60
      vertex 152.654 5.38123 60
    endloop
  endfacet
  facet normal 0.352654 0.935754 0
    outer loop
      vertex 151.929 5.68158 0
      vertex 152.296 5.54327 60
      vertex 152.296 5.54327 0
    endloop
  endfacet
  facet normal 0.352654 0.935754 -0
    outer loop
      vertex 151.929 5.68158 0
      vertex 151.929 5.68158 60
      vertex 152.296 5.54327 60
    endloop
  endfacet
  facet normal 0.290079 0.957003 0
    outer loop
      vertex 151.553 5.79555 0
      vertex 151.929 5.68158 60
      vertex 151.929 5.68158 0
    endloop
  endfacet
  facet normal 0.290079 0.957003 -0
    outer loop
      vertex 151.553 5.79555 0
      vertex 151.553 5.79555 60
      vertex 151.929 5.68158 60
    endloop
  endfacet
  facet normal 0.22727 0.973832 0
    outer loop
      vertex 151.171 5.8847 0
      vertex 151.553 5.79555 60
      vertex 151.553 5.79555 0
    endloop
  endfacet
  facet normal 0.22727 0.973832 -0
    outer loop
      vertex 151.171 5.8847 0
      vertex 151.171 5.8847 60
      vertex 151.553 5.79555 60
    endloop
  endfacet
  facet normal 0.162625 0.986688 0
    outer loop
      vertex 150.783 5.94865 0
      vertex 151.171 5.8847 60
      vertex 151.171 5.8847 0
    endloop
  endfacet
  facet normal 0.162625 0.986688 -0
    outer loop
      vertex 150.783 5.94865 0
      vertex 150.783 5.94865 60
      vertex 151.171 5.8847 60
    endloop
  endfacet
  facet normal 0.0979916 0.995187 0
    outer loop
      vertex 150.392 5.98715 0
      vertex 150.783 5.94865 60
      vertex 150.783 5.94865 0
    endloop
  endfacet
  facet normal 0.0979916 0.995187 -0
    outer loop
      vertex 150.392 5.98715 0
      vertex 150.392 5.98715 60
      vertex 150.783 5.94865 60
    endloop
  endfacet
  facet normal 0.032763 0.999463 0
    outer loop
      vertex 150 6 0
      vertex 150.392 5.98715 60
      vertex 150.392 5.98715 0
    endloop
  endfacet
  facet normal 0.032763 0.999463 -0
    outer loop
      vertex 150 6 0
      vertex 150 6 60
      vertex 150.392 5.98715 60
    endloop
  endfacet
  facet normal 0 1 0
    outer loop
      vertex 97.1533 6 0
      vertex 150 6 60
      vertex 150 6 0
    endloop
  endfacet
  facet normal 0 1 0
    outer loop
      vertex 97.1533 6 0
      vertex 97.1533 6 60
      vertex 150 6 60
    endloop
  endfacet
  facet normal 0.5547 0.83205 0
    outer loop
      vertex 57.382 32.5142 0
      vertex 97.1533 6 60
      vertex 97.1533 6 0
    endloop
  endfacet
  facet normal 0.5547 0.83205 -0
    outer loop
      vertex 57.382 32.5142 0
      vertex 57.382 32.5142 60
      vertex 97.1533 6 60
    endloop
  endfacet
  facet normal 0.999409 0.0343832 0
    outer loop
      vertex 51.0692 216.007 0
      vertex 57.382 32.5142 60
      vertex 57.382 32.5142 0
    endloop
  endfacet
  facet normal 0.999409 0.0343832 -0
    outer loop
      vertex 51.0692 216.007 0
      vertex 51.0692 216.007 60
      vertex 57.382 32.5142 60
    endloop
  endfacet
  facet normal 0.553787 -0.832658 0
    outer loop
      vertex 51.1113 216.035 0
      vertex 51.0692 216.007 60
      vertex 51.0692 216.007 0
    endloop
  endfacet
  facet normal 0.553787 -0.832658 0
    outer loop
      vertex 51.1113 216.035 0
      vertex 51.1113 216.035 60
      vertex 51.0692 216.007 60
    endloop
  endfacet
  facet normal 0.360015 -0.932947 0
    outer loop
      vertex 54.1899 217.223 0
      vertex 51.1113 216.035 60
      vertex 51.1113 216.035 0
    endloop
  endfacet
  facet normal 0.360015 -0.932947 0
    outer loop
      vertex 54.1899 217.223 0
      vertex 54.1899 217.223 60
      vertex 51.1113 216.035 60
    endloop
  endfacet
  facet normal 0.249009 -0.968501 0
    outer loop
      vertex 59.1567 218.5 0
      vertex 54.1899 217.223 60
      vertex 54.1899 217.223 0
    endloop
  endfacet
  facet normal 0.249009 -0.968501 0
    outer loop
      vertex 59.1567 218.5 0
      vertex 59.1567 218.5 60
      vertex 54.1899 217.223 60
    endloop
  endfacet
  facet normal 0.177243 -0.984167 0
    outer loop
      vertex 65.5367 219.649 0
      vertex 59.1567 218.5 60
      vertex 59.1567 218.5 0
    endloop
  endfacet
  facet normal 0.177243 -0.984167 0
    outer loop
      vertex 65.5367 219.649 0
      vertex 65.5367 219.649 60
      vertex 59.1567 218.5 60
    endloop
  endfacet
  facet normal 0.125007 -0.992156 0
    outer loop
      vertex 73.1481 220.608 0
      vertex 65.5367 219.649 60
      vertex 65.5367 219.649 0
    endloop
  endfacet
  facet normal 0.125007 -0.992156 0
    outer loop
      vertex 73.1481 220.608 0
      vertex 73.1481 220.608 60
      vertex 65.5367 219.649 60
    endloop
  endfacet
  facet normal 0.0836596 -0.996494 0
    outer loop
      vertex 81.5813 221.316 0
      vertex 73.1481 220.608 60
      vertex 73.1481 220.608 0
    endloop
  endfacet
  facet normal 0.0836596 -0.996494 0
    outer loop
      vertex 81.5813 221.316 0
      vertex 81.5813 221.316 60
      vertex 73.1481 220.608 60
    endloop
  endfacet
  facet normal 0.0482035 -0.998838 0
    outer loop
      vertex 90.6365 221.753 0
      vertex 81.5813 221.316 60
      vertex 81.5813 221.316 0
    endloop
  endfacet
  facet normal 0.0482035 -0.998838 0
    outer loop
      vertex 90.6365 221.753 0
      vertex 90.6365 221.753 60
      vertex 81.5813 221.316 60
    endloop
  endfacet
  facet normal 0.0156973 -0.999877 0
    outer loop
      vertex 100 221.9 0
      vertex 90.6365 221.753 60
      vertex 90.6365 221.753 0
    endloop
  endfacet
  facet normal 0.0156973 -0.999877 0
    outer loop
      vertex 100 221.9 0
      vertex 100 221.9 60
      vertex 90.6365 221.753 60
    endloop
  endfacet
  facet normal -0.0156982 -0.999877 0
    outer loop
      vertex 109.363 221.753 0
      vertex 100 221.9 60
      vertex 100 221.9 0
    endloop
  endfacet
  facet normal -0.0156982 -0.999877 0
    outer loop
      vertex 109.363 221.753 0
      vertex 109.363 221.753 60
      vertex 100 221.9 60
    endloop
  endfacet
  facet normal -0.0481992 -0.998838 0
    outer loop
      vertex 118.419 221.316 0
      vertex 109.363 221.753 60
      vertex 109.363 221.753 0
    endloop
  endfacet
  facet normal -0.0481992 -0.998838 0
    outer loop
      vertex 118.419 221.316 0
      vertex 118.419 221.316 60
      vertex 109.363 221.753 60
    endloop
  endfacet
  facet normal -0.0836616 -0.996494 0
    outer loop
      vertex 126.852 220.608 0
      vertex 118.419 221.316 60
      vertex 118.419 221.316 0
    endloop
  endfacet
  facet normal -0.0836616 -0.996494 0
    outer loop
      vertex 126.852 220.608 0
      vertex 126.852 220.608 60
      vertex 118.419 221.316 60
    endloop
  endfacet
  facet normal -0.125013 -0.992155 0
    outer loop
      vertex 134.463 219.649 0
      vertex 126.852 220.608 60
      vertex 126.852 220.608 0
    endloop
  endfacet
  facet normal -0.125013 -0.992155 0
    outer loop
      vertex 134.463 219.649 0
      vertex 134.463 219.649 60
      vertex 126.852 220.608 60
    endloop
  endfacet
  facet normal -0.177243 -0.984167 0
    outer loop
      vertex 140.843 218.5 0
      vertex 134.463 219.649 60
      vertex 134.463 219.649 0
    endloop
  endfacet
  facet normal -0.177243 -0.984167 0
    outer loop
      vertex 140.843 218.5 0
      vertex 140.843 218.5 60
      vertex 134.463 219.649 60
    endloop
  endfacet
  facet normal -0.248999 -0.968504 0
    outer loop
      vertex 145.81 217.223 0
      vertex 140.843 218.5 60
      vertex 140.843 218.5 0
    endloop
  endfacet
  facet normal -0.248999 -0.968504 0
    outer loop
      vertex 145.81 217.223 0
      vertex 145.81 217.223 60
      vertex 140.843 218.5 60
    endloop
  endfacet
  facet normal -0.359974 -0.932962 0
    outer loop
      vertex 148.889 216.035 0
      vertex 145.81 217.223 60
      vertex 145.81 217.223 0
    endloop
  endfacet
  facet normal -0.359974 -0.932962 0
    outer loop
      vertex 148.889 216.035 0
      vertex 148.889 216.035 60
      vertex 145.81 217.223 60
    endloop
  endfacet
  facet normal -0.557309 -0.830305 0
    outer loop
      vertex 149.476 215.641 0
      vertex 148.889 216.035 60
      vertex 148.889 216.035 0
    endloop
  endfacet
  facet normal -0.557309 -0.830305 0
    outer loop
      vertex 149.476 215.641 0
      vertex 149.476 215.641 60
      vertex 148.889 216.035 60
    endloop
  endfacet
  facet normal -0.89985 -0.436199 0
    outer loop
      vertex 149.619 215.346 0
      vertex 149.476 215.641 60
      vertex 149.476 215.641 0
    endloop
  endfacet
  facet normal -0.89985 -0.436199 0
    outer loop
      vertex 149.619 215.346 0
      vertex 149.619 215.346 60
      vertex 149.476 215.641 60
    endloop
  endfacet
  facet normal -0.881859 -0.471514 0
    outer loop
      vertex 149.804 215 0
      vertex 149.619 215.346 60
      vertex 149.619 215.346 0
    endloop
  endfacet
  facet normal -0.881859 -0.471514 0
    outer loop
      vertex 149.804 215 0
      vertex 149.804 215 60
      vertex 149.619 215.346 60
    endloop
  endfacet
  facet normal -0.849285 -0.527934 0
    outer loop
      vertex 150.011 214.667 0
      vertex 149.804 215 60
      vertex 149.804 215 0
    endloop
  endfacet
  facet normal -0.849285 -0.527934 0
    outer loop
      vertex 150.011 214.667 0
      vertex 150.011 214.667 60
      vertex 149.804 215 60
    endloop
  endfacet
  facet normal -0.813218 -0.581959 0
    outer loop
      vertex 150.24 214.347 0
      vertex 150.011 214.667 60
      vertex 150.011 214.667 0
    endloop
  endfacet
  facet normal -0.813218 -0.581959 0
    outer loop
      vertex 150.24 214.347 0
      vertex 150.24 214.347 60
      vertex 150.011 214.667 60
    endloop
  endfacet
  facet normal -0.772592 -0.634903 0
    outer loop
      vertex 150.489 214.044 0
      vertex 150.24 214.347 60
      vertex 150.24 214.347 0
    endloop
  endfacet
  facet normal -0.772592 -0.634903 0
    outer loop
      vertex 150.489 214.044 0
      vertex 150.489 214.044 60
      vertex 150.24 214.347 60
    endloop
  endfacet
  facet normal -0.730886 -0.6825 0
    outer loop
      vertex 150.757 213.757 0
      vertex 150.489 214.044 60
      vertex 150.489 214.044 0
    endloop
  endfacet
  facet normal -0.730886 -0.6825 0
    outer loop
      vertex 150.757 213.757 0
      vertex 150.757 213.757 60
      vertex 150.489 214.044 60
    endloop
  endfacet
  facet normal -0.6825 -0.730886 0
    outer loop
      vertex 151.044 213.489 0
      vertex 150.757 213.757 60
      vertex 150.757 213.757 0
    endloop
  endfacet
  facet normal -0.6825 -0.730886 0
    outer loop
      vertex 151.044 213.489 0
      vertex 151.044 213.489 60
      vertex 150.757 213.757 60
    endloop
  endfacet
  facet normal -0.634903 -0.772592 0
    outer loop
      vertex 151.347 213.24 0
      vertex 151.044 213.489 60
      vertex 151.044 213.489 0
    endloop
  endfacet
  facet normal -0.634903 -0.772592 0
    outer loop
      vertex 151.347 213.24 0
      vertex 151.347 213.24 60
      vertex 151.044 213.489 60
    endloop
  endfacet
  facet normal -0.581959 -0.813218 0
    outer loop
      vertex 151.667 213.011 0
      vertex 151.347 213.24 60
      vertex 151.347 213.24 0
    endloop
  endfacet
  facet normal -0.581959 -0.813218 0
    outer loop
      vertex 151.667 213.011 0
      vertex 151.667 213.011 60
      vertex 151.347 213.24 60
    endloop
  endfacet
  facet normal -0.527934 -0.849285 0
    outer loop
      vertex 152 212.804 0
      vertex 151.667 213.011 60
      vertex 151.667 213.011 0
    endloop
  endfacet
  facet normal -0.527934 -0.849285 0
    outer loop
      vertex 152 212.804 0
      vertex 152 212.804 60
      vertex 151.667 213.011 60
    endloop
  endfacet
  facet normal -0.471514 -0.881859 0
    outer loop
      vertex 152.346 212.619 0
      vertex 152 212.804 60
      vertex 152 212.804 0
    endloop
  endfacet
  facet normal -0.471514 -0.881859 0
    outer loop
      vertex 152.346 212.619 0
      vertex 152.346 212.619 60
      vertex 152 212.804 60
    endloop
  endfacet
  facet normal -0.412268 -0.911062 0
    outer loop
      vertex 152.704 212.457 0
      vertex 152.346 212.619 60
      vertex 152.346 212.619 0
    endloop
  endfacet
  facet normal -0.412268 -0.911062 0
    outer loop
      vertex 152.704 212.457 0
      vertex 152.704 212.457 60
      vertex 152.346 212.619 60
    endloop
  endfacet
  facet normal -0.354193 -0.935172 0
    outer loop
      vertex 153.071 212.318 0
      vertex 152.704 212.457 60
      vertex 152.704 212.457 0
    endloop
  endfacet
  facet normal -0.354193 -0.935172 0
    outer loop
      vertex 153.071 212.318 0
      vertex 153.071 212.318 60
      vertex 152.704 212.457 60
    endloop
  endfacet
  facet normal -0.290149 -0.956982 0
    outer loop
      vertex 153.447 212.204 0
      vertex 153.071 212.318 60
      vertex 153.071 212.318 0
    endloop
  endfacet
  facet normal -0.290149 -0.956982 0
    outer loop
      vertex 153.447 212.204 0
      vertex 153.447 212.204 60
      vertex 153.071 212.318 60
    endloop
  endfacet
  facet normal -0.226907 -0.973916 0
    outer loop
      vertex 153.829 212.115 0
      vertex 153.447 212.204 60
      vertex 153.447 212.204 0
    endloop
  endfacet
  facet normal -0.226907 -0.973916 0
    outer loop
      vertex 153.829 212.115 0
      vertex 153.829 212.115 60
      vertex 153.447 212.204 60
    endloop
  endfacet
  facet normal -0.162749 -0.986667 0
    outer loop
      vertex 154.217 212.051 0
      vertex 153.829 212.115 60
      vertex 153.829 212.115 0
    endloop
  endfacet
  facet normal -0.162749 -0.986667 0
    outer loop
      vertex 154.217 212.051 0
      vertex 154.217 212.051 60
      vertex 153.829 212.115 60
    endloop
  endfacet
  facet normal -0.096731 -0.995311 0
    outer loop
      vertex 154.608 212.013 0
      vertex 154.217 212.051 60
      vertex 154.217 212.051 0
    endloop
  endfacet
  facet normal -0.096731 -0.995311 0
    outer loop
      vertex 154.608 212.013 0
      vertex 154.608 212.013 60
      vertex 154.217 212.051 60
    endloop
  endfacet
  facet normal -0.033145 -0.999451 0
    outer loop
      vertex 155 212 0
      vertex 154.608 212.013 60
      vertex 154.608 212.013 0
    endloop
  endfacet
  facet normal -0.033145 -0.999451 0
    outer loop
      vertex 155 212 0
      vertex 155 212 60
      vertex 154.608 212.013 60
    endloop
  endfacet
  facet normal 0.033145 -0.999451 0
    outer loop
      vertex 155.392 212.013 0
      vertex 155 212 60
      vertex 155 212 0
    endloop
  endfacet
  facet normal 0.033145 -0.999451 0
    outer loop
      vertex 155.392 212.013 0
      vertex 155.392 212.013 60
      vertex 155 212 60
    endloop
  endfacet
  facet normal 0.096731 -0.995311 0
    outer loop
      vertex 155.783 212.051 0
      vertex 155.392 212.013 60
      vertex 155.392 212.013 0
    endloop
  endfacet
  facet normal 0.096731 -0.995311 0
    outer loop
      vertex 155.783 212.051 0
      vertex 155.783 212.051 60
      vertex 155.392 212.013 60
    endloop
  endfacet
  facet normal 0.162749 -0.986667 0
    outer loop
      vertex 156.171 212.115 0
      vertex 155.783 212.051 60
      vertex 155.783 212.051 0
    endloop
  endfacet
  facet normal 0.162749 -0.986667 0
    outer loop
      vertex 156.171 212.115 0
      vertex 156.171 212.115 60
      vertex 155.783 212.051 60
    endloop
  endfacet
  facet normal 0.226907 -0.973916 0
    outer loop
      vertex 156.553 212.204 0
      vertex 156.171 212.115 60
      vertex 156.171 212.115 0
    endloop
  endfacet
  facet normal 0.226907 -0.973916 0
    outer loop
      vertex 156.553 212.204 0
      vertex 156.553 212.204 60
      vertex 156.171 212.115 60
    endloop
  endfacet
  facet normal 0.290149 -0.956982 0
    outer loop
      vertex 156.929 212.318 0
      vertex 156.553 212.204 60
      vertex 156.553 212.204 0
    endloop
  endfacet
  facet normal 0.290149 -0.956982 0
    outer loop
      vertex 156.929 212.318 0
      vertex 156.929 212.318 60
      vertex 156.553 212.204 60
    endloop
  endfacet
  facet normal 0.354193 -0.935172 0
    outer loop
      vertex 157.296 212.457 0
      vertex 156.929 212.318 60
      vertex 156.929 212.318 0
    endloop
  endfacet
  facet normal 0.354193 -0.935172 0
    outer loop
      vertex 157.296 212.457 0
      vertex 157.296 212.457 60
      vertex 156.929 212.318 60
    endloop
  endfacet
  facet normal 0.412268 -0.911062 0
    outer loop
      vertex 157.654 212.619 0
      vertex 157.296 212.457 60
      vertex 157.296 212.457 0
    endloop
  endfacet
  facet normal 0.412268 -0.911062 0
    outer loop
      vertex 157.654 212.619 0
      vertex 157.654 212.619 60
      vertex 157.296 212.457 60
    endloop
  endfacet
  facet normal 0.471514 -0.881859 0
    outer loop
      vertex 158 212.804 0
      vertex 157.654 212.619 60
      vertex 157.654 212.619 0
    endloop
  endfacet
  facet normal 0.471514 -0.881859 0
    outer loop
      vertex 158 212.804 0
      vertex 158 212.804 60
      vertex 157.654 212.619 60
    endloop
  endfacet
  facet normal 0.527934 -0.849285 0
    outer loop
      vertex 158.333 213.011 0
      vertex 158 212.804 60
      vertex 158 212.804 0
    endloop
  endfacet
  facet normal 0.527934 -0.849285 0
    outer loop
      vertex 158.333 213.011 0
      vertex 158.333 213.011 60
      vertex 158 212.804 60
    endloop
  endfacet
  facet normal 0.581959 -0.813218 0
    outer loop
      vertex 158.653 213.24 0
      vertex 158.333 213.011 60
      vertex 158.333 213.011 0
    endloop
  endfacet
  facet normal 0.581959 -0.813218 0
    outer loop
      vertex 158.653 213.24 0
      vertex 158.653 213.24 60
      vertex 158.333 213.011 60
    endloop
  endfacet
  facet normal 0.634903 -0.772592 0
    outer loop
      vertex 158.956 213.489 0
      vertex 158.653 213.24 60
      vertex 158.653 213.24 0
    endloop
  endfacet
  facet normal 0.634903 -0.772592 0
    outer loop
      vertex 158.956 213.489 0
      vertex 158.956 213.489 60
      vertex 158.653 213.24 60
    endloop
  endfacet
  facet normal 0.6825 -0.730886 0
    outer loop
      vertex 159.243 213.757 0
      vertex 158.956 213.489 60
      vertex 158.956 213.489 0
    endloop
  endfacet
  facet normal 0.6825 -0.730886 0
    outer loop
      vertex 159.243 213.757 0
      vertex 159.243 213.757 60
      vertex 158.956 213.489 60
    endloop
  endfacet
  facet normal 0.730886 -0.6825 0
    outer loop
      vertex 159.511 214.044 0
      vertex 159.243 213.757 60
      vertex 159.243 213.757 0
    endloop
  endfacet
  facet normal 0.730886 -0.6825 0
    outer loop
      vertex 159.511 214.044 0
      vertex 159.511 214.044 60
      vertex 159.243 213.757 60
    endloop
  endfacet
  facet normal 0.772592 -0.634903 0
    outer loop
      vertex 159.76 214.347 0
      vertex 159.511 214.044 60
      vertex 159.511 214.044 0
    endloop
  endfacet
  facet normal 0.772592 -0.634903 0
    outer loop
      vertex 159.76 214.347 0
      vertex 159.76 214.347 60
      vertex 159.511 214.044 60
    endloop
  endfacet
  facet normal 0.813218 -0.581959 0
    outer loop
      vertex 159.989 214.667 0
      vertex 159.76 214.347 60
      vertex 159.76 214.347 0
    endloop
  endfacet
  facet normal 0.813218 -0.581959 0
    outer loop
      vertex 159.989 214.667 0
      vertex 159.989 214.667 60
      vertex 159.76 214.347 60
    endloop
  endfacet
  facet normal 0.849285 -0.527934 0
    outer loop
      vertex 160.196 215 0
      vertex 159.989 214.667 60
      vertex 159.989 214.667 0
    endloop
  endfacet
  facet normal 0.849285 -0.527934 0
    outer loop
      vertex 160.196 215 0
      vertex 160.196 215 60
      vertex 159.989 214.667 60
    endloop
  endfacet
  facet normal 0.881859 -0.471514 0
    outer loop
      vertex 160.381 215.346 0
      vertex 160.196 215 60
      vertex 160.196 215 0
    endloop
  endfacet
  facet normal 0.881859 -0.471514 0
    outer loop
      vertex 160.381 215.346 0
      vertex 160.381 215.346 60
      vertex 160.196 215 60
    endloop
  endfacet
  facet normal 0.911062 -0.412268 0
    outer loop
      vertex 160.543 215.704 0
      vertex 160.381 215.346 60
      vertex 160.381 215.346 0
    endloop
  endfacet
  facet normal 0.911062 -0.412268 0
    outer loop
      vertex 160.543 215.704 0
      vertex 160.543 215.704 60
      vertex 160.381 215.346 60
    endloop
  endfacet
  facet normal 0.935172 -0.354193 0
    outer loop
      vertex 160.682 216.071 0
      vertex 160.543 215.704 60
      vertex 160.543 215.704 0
    endloop
  endfacet
  facet normal 0.935172 -0.354193 0
    outer loop
      vertex 160.682 216.071 0
      vertex 160.682 216.071 60
      vertex 160.543 215.704 60
    endloop
  endfacet
  facet normal 0.956982 -0.290149 0
    outer loop
      vertex 160.796 216.447 0
      vertex 160.682 216.071 60
      vertex 160.682 216.071 0
    endloop
  endfacet
  facet normal 0.956982 -0.290149 0
    outer loop
      vertex 160.796 216.447 0
      vertex 160.796 216.447 60
      vertex 160.682 216.071 60
    endloop
  endfacet
  facet normal 0.961524 -0.274721 0
    outer loop
      vertex 164.796 230.447 0
      vertex 160.796 216.447 60
      vertex 160.796 216.447 0
    endloop
  endfacet
  facet normal 0.961524 -0.274721 0
    outer loop
      vertex 164.796 230.447 0
      vertex 164.796 230.447 60
      vertex 160.796 216.447 60
    endloop
  endfacet
  facet normal 0.973916 -0.226907 0
    outer loop
      vertex 164.885 230.829 0
      vertex 164.796 230.447 60
      vertex 164.796 230.447 0
    endloop
  endfacet
  facet normal 0.973916 -0.226907 0
    outer loop
      vertex 164.885 230.829 0
      vertex 164.885 230.829 60
      vertex 164.796 230.447 60
    endloop
  endfacet
  facet normal 0.986667 -0.162749 0
    outer loop
      vertex 164.949 231.217 0
      vertex 164.885 230.829 60
      vertex 164.885 230.829 0
    endloop
  endfacet
  facet normal 0.986667 -0.162749 0
    outer loop
      vertex 164.949 231.217 0
      vertex 164.949 231.217 60
      vertex 164.885 230.829 60
    endloop
  endfacet
  facet normal 0.995311 -0.096731 0
    outer loop
      vertex 164.987 231.608 0
      vertex 164.949 231.217 60
      vertex 164.949 231.217 0
    endloop
  endfacet
  facet normal 0.995311 -0.096731 0
    outer loop
      vertex 164.987 231.608 0
      vertex 164.987 231.608 60
      vertex 164.949 231.217 60
    endloop
  endfacet
  facet normal 0.999451 -0.033145 0
    outer loop
      vertex 165 232 0
      vertex 164.987 231.608 60
      vertex 164.987 231.608 0
    endloop
  endfacet
  facet normal 0.999451 -0.033145 0
    outer loop
      vertex 165 232 0
      vertex 165 232 60
      vertex 164.987 231.608 60
    endloop
  endfacet
  facet normal 0.999451 0.033145 0
    outer loop
      vertex 164.987 232.392 0
      vertex 165 232 60
      vertex 165 232 0
    endloop
  endfacet
  facet normal 0.999451 0.033145 -0
    outer loop
      vertex 164.987 232.392 0
      vertex 164.987 232.392 60
      vertex 165 232 60
    endloop
  endfacet
  facet normal 0.995311 0.096731 0
    outer loop
      vertex 164.949 232.783 0
      vertex 164.987 232.392 60
      vertex 164.987 232.392 0
    endloop
  endfacet
  facet normal 0.995311 0.096731 -0
    outer loop
      vertex 164.949 232.783 0
      vertex 164.949 232.783 60
      vertex 164.987 232.392 60
    endloop
  endfacet
  facet normal 0.986667 0.162749 0
    outer loop
      vertex 164.885 233.171 0
      vertex 164.949 232.783 60
      vertex 164.949 232.783 0
    endloop
  endfacet
  facet normal 0.986667 0.162749 -0
    outer loop
      vertex 164.885 233.171 0
      vertex 164.885 233.171 60
      vertex 164.949 232.783 60
    endloop
  endfacet
  facet normal 0.973916 0.226907 0
    outer loop
      vertex 164.796 233.553 0
      vertex 164.885 233.171 60
      vertex 164.885 233.171 0
    endloop
  endfacet
  facet normal 0.973916 0.226907 -0
    outer loop
      vertex 164.796 233.553 0
      vertex 164.796 233.553 60
      vertex 164.885 233.171 60
    endloop
  endfacet
  facet normal 0.956982 0.290149 0
    outer loop
      vertex 164.682 233.929 0
      vertex 164.796 233.553 60
      vertex 164.796 233.553 0
    endloop
  endfacet
  facet normal 0.956982 0.290149 -0
    outer loop
      vertex 164.682 233.929 0
      vertex 164.682 233.929 60
      vertex 164.796 233.553 60
    endloop
  endfacet
  facet normal 0.935172 0.354193 0
    outer loop
      vertex 164.543 234.296 0
      vertex 164.682 233.929 60
      vertex 164.682 233.929 0
    endloop
  endfacet
  facet normal 0.935172 0.354193 -0
    outer loop
      vertex 164.543 234.296 0
      vertex 164.543 234.296 60
      vertex 164.682 233.929 60
    endloop
  endfacet
  facet normal 0.911062 0.412268 0
    outer loop
      vertex 164.381 234.654 0
      vertex 164.543 234.296 60
      vertex 164.543 234.296 0
    endloop
  endfacet
  facet normal 0.911062 0.412268 -0
    outer loop
      vertex 164.381 234.654 0
      vertex 164.381 234.654 60
      vertex 164.543 234.296 60
    endloop
  endfacet
  facet normal 0.881859 0.471514 0
    outer loop
      vertex 164.196 235 0
      vertex 164.381 234.654 60
      vertex 164.381 234.654 0
    endloop
  endfacet
  facet normal 0.881859 0.471514 -0
    outer loop
      vertex 164.196 235 0
      vertex 164.196 235 60
      vertex 164.381 234.654 60
    endloop
  endfacet
  facet normal 0.849285 0.527934 0
    outer loop
      vertex 163.989 235.333 0
      vertex 164.196 235 60
      vertex 164.196 235 0
    endloop
  endfacet
  facet normal 0.849285 0.527934 -0
    outer loop
      vertex 163.989 235.333 0
      vertex 163.989 235.333 60
      vertex 164.196 235 60
    endloop
  endfacet
  facet normal 0.813218 0.581959 0
    outer loop
      vertex 163.76 235.653 0
      vertex 163.989 235.333 60
      vertex 163.989 235.333 0
    endloop
  endfacet
  facet normal 0.813218 0.581959 -0
    outer loop
      vertex 163.76 235.653 0
      vertex 163.76 235.653 60
      vertex 163.989 235.333 60
    endloop
  endfacet
  facet normal 0.772592 0.634903 0
    outer loop
      vertex 163.511 235.956 0
      vertex 163.76 235.653 60
      vertex 163.76 235.653 0
    endloop
  endfacet
  facet normal 0.772592 0.634903 -0
    outer loop
      vertex 163.511 235.956 0
      vertex 163.511 235.956 60
      vertex 163.76 235.653 60
    endloop
  endfacet
  facet normal 0.730886 0.6825 0
    outer loop
      vertex 163.243 236.243 0
      vertex 163.511 235.956 60
      vertex 163.511 235.956 0
    endloop
  endfacet
  facet normal 0.730886 0.6825 -0
    outer loop
      vertex 163.243 236.243 0
      vertex 163.243 236.243 60
      vertex 163.511 235.956 60
    endloop
  endfacet
  facet normal 0.6825 0.730886 0
    outer loop
      vertex 162.956 236.511 0
      vertex 163.243 236.243 60
      vertex 163.243 236.243 0
    endloop
  endfacet
  facet normal 0.6825 0.730886 -0
    outer loop
      vertex 162.956 236.511 0
      vertex 162.956 236.511 60
      vertex 163.243 236.243 60
    endloop
  endfacet
  facet normal 0.634903 0.772592 0
    outer loop
      vertex 162.653 236.76 0
      vertex 162.956 236.511 60
      vertex 162.956 236.511 0
    endloop
  endfacet
  facet normal 0.634903 0.772592 -0
    outer loop
      vertex 162.653 236.76 0
      vertex 162.653 236.76 60
      vertex 162.956 236.511 60
    endloop
  endfacet
  facet normal 0.581959 0.813218 0
    outer loop
      vertex 162.333 236.989 0
      vertex 162.653 236.76 60
      vertex 162.653 236.76 0
    endloop
  endfacet
  facet normal 0.581959 0.813218 -0
    outer loop
      vertex 162.333 236.989 0
      vertex 162.333 236.989 60
      vertex 162.653 236.76 60
    endloop
  endfacet
  facet normal 0.527934 0.849285 0
    outer loop
      vertex 162 237.196 0
      vertex 162.333 236.989 60
      vertex 162.333 236.989 0
    endloop
  endfacet
  facet normal 0.527934 0.849285 -0
    outer loop
      vertex 162 237.196 0
      vertex 162 237.196 60
      vertex 162.333 236.989 60
    endloop
  endfacet
  facet normal 0.471514 0.881859 0
    outer loop
      vertex 161.654 237.381 0
      vertex 162 237.196 60
      vertex 162 237.196 0
    endloop
  endfacet
  facet normal 0.471514 0.881859 -0
    outer loop
      vertex 161.654 237.381 0
      vertex 161.654 237.381 60
      vertex 162 237.196 60
    endloop
  endfacet
  facet normal 0.412268 0.911062 0
    outer loop
      vertex 161.296 237.543 0
      vertex 161.654 237.381 60
      vertex 161.654 237.381 0
    endloop
  endfacet
  facet normal 0.412268 0.911062 -0
    outer loop
      vertex 161.296 237.543 0
      vertex 161.296 237.543 60
      vertex 161.654 237.381 60
    endloop
  endfacet
  facet normal 0.354193 0.935172 0
    outer loop
      vertex 160.929 237.682 0
      vertex 161.296 237.543 60
      vertex 161.296 237.543 0
    endloop
  endfacet
  facet normal 0.354193 0.935172 -0
    outer loop
      vertex 160.929 237.682 0
      vertex 160.929 237.682 60
      vertex 161.296 237.543 60
    endloop
  endfacet
  facet normal 0.290149 0.956982 0
    outer loop
      vertex 160.553 237.796 0
      vertex 160.929 237.682 60
      vertex 160.929 237.682 0
    endloop
  endfacet
  facet normal 0.290149 0.956982 -0
    outer loop
      vertex 160.553 237.796 0
      vertex 160.553 237.796 60
      vertex 160.929 237.682 60
    endloop
  endfacet
  facet normal 0.226907 0.973916 0
    outer loop
      vertex 160.171 237.885 0
      vertex 160.553 237.796 60
      vertex 160.553 237.796 0
    endloop
  endfacet
  facet normal 0.226907 0.973916 -0
    outer loop
      vertex 160.171 237.885 0
      vertex 160.171 237.885 60
      vertex 160.553 237.796 60
    endloop
  endfacet
  facet normal 0.162749 0.986667 0
    outer loop
      vertex 159.783 237.949 0
      vertex 160.171 237.885 60
      vertex 160.171 237.885 0
    endloop
  endfacet
  facet normal 0.162749 0.986667 -0
    outer loop
      vertex 159.783 237.949 0
      vertex 159.783 237.949 60
      vertex 160.171 237.885 60
    endloop
  endfacet
  facet normal 0.096731 0.995311 0
    outer loop
      vertex 159.392 237.987 0
      vertex 159.783 237.949 60
      vertex 159.783 237.949 0
    endloop
  endfacet
  facet normal 0.096731 0.995311 -0
    outer loop
      vertex 159.392 237.987 0
      vertex 159.392 237.987 60
      vertex 159.783 237.949 60
    endloop
  endfacet
  facet normal 0.033145 0.999451 0
    outer loop
      vertex 159 238 0
      vertex 159.392 237.987 60
      vertex 159.392 237.987 0
    endloop
  endfacet
  facet normal 0.033145 0.999451 -0
    outer loop
      vertex 159 238 0
      vertex 159 238 60
      vertex 159.392 237.987 60
    endloop
  endfacet
  facet normal -0.033145 0.999451 0
    outer loop
      vertex 158.608 237.987 0
      vertex 159 238 60
      vertex 159 238 0
    endloop
  endfacet
  facet normal -0.033145 0.999451 0
    outer loop
      vertex 158.608 237.987 0
      vertex 158.608 237.987 60
      vertex 159 238 60
    endloop
  endfacet
  facet normal -0.096731 0.995311 0
    outer loop
      vertex 158.217 237.949 0
      vertex 158.608 237.987 60
      vertex 158.608 237.987 0
    endloop
  endfacet
  facet normal -0.096731 0.995311 0
    outer loop
      vertex 158.217 237.949 0
      vertex 158.217 237.949 60
      vertex 158.608 237.987 60
    endloop
  endfacet
  facet normal -0.162749 0.986667 0
    outer loop
      vertex 157.829 237.885 0
      vertex 158.217 237.949 60
      vertex 158.217 237.949 0
    endloop
  endfacet
  facet normal -0.162749 0.986667 0
    outer loop
      vertex 157.829 237.885 0
      vertex 157.829 237.885 60
      vertex 158.217 237.949 60
    endloop
  endfacet
  facet normal -0.226907 0.973916 0
    outer loop
      vertex 157.447 237.796 0
      vertex 157.829 237.885 60
      vertex 157.829 237.885 0
    endloop
  endfacet
  facet normal -0.226907 0.973916 0
    outer loop
      vertex 157.447 237.796 0
      vertex 157.447 237.796 60
      vertex 157.829 237.885 60
    endloop
  endfacet
  facet normal -0.290149 0.956982 0
    outer loop
      vertex 157.071 237.682 0
      vertex 157.447 237.796 60
      vertex 157.447 237.796 0
    endloop
  endfacet
  facet normal -0.290149 0.956982 0
    outer loop
      vertex 157.071 237.682 0
      vertex 157.071 237.682 60
      vertex 157.447 237.796 60
    endloop
  endfacet
  facet normal -0.354193 0.935172 0
    outer loop
      vertex 156.704 237.543 0
      vertex 157.071 237.682 60
      vertex 157.071 237.682 0
    endloop
  endfacet
  facet normal -0.354193 0.935172 0
    outer loop
      vertex 156.704 237.543 0
      vertex 156.704 237.543 60
      vertex 157.071 237.682 60
    endloop
  endfacet
  facet normal -0.412268 0.911062 0
    outer loop
      vertex 156.346 237.381 0
      vertex 156.704 237.543 60
      vertex 156.704 237.543 0
    endloop
  endfacet
  facet normal -0.412268 0.911062 0
    outer loop
      vertex 156.346 237.381 0
      vertex 156.346 237.381 60
      vertex 156.704 237.543 60
    endloop
  endfacet
  facet normal -0.471514 0.881859 0
    outer loop
      vertex 156 237.196 0
      vertex 156.346 237.381 60
      vertex 156.346 237.381 0
    endloop
  endfacet
  facet normal -0.471514 0.881859 0
    outer loop
      vertex 156 237.196 0
      vertex 156 237.196 60
      vertex 156.346 237.381 60
    endloop
  endfacet
  facet normal -0.527934 0.849285 0
    outer loop
      vertex 155.667 236.989 0
      vertex 156 237.196 60
      vertex 156 237.196 0
    endloop
  endfacet
  facet normal -0.527934 0.849285 0
    outer loop
      vertex 155.667 236.989 0
      vertex 155.667 236.989 60
      vertex 156 237.196 60
    endloop
  endfacet
  facet normal -0.581959 0.813218 0
    outer loop
      vertex 155.347 236.76 0
      vertex 155.667 236.989 60
      vertex 155.667 236.989 0
    endloop
  endfacet
  facet normal -0.581959 0.813218 0
    outer loop
      vertex 155.347 236.76 0
      vertex 155.347 236.76 60
      vertex 155.667 236.989 60
    endloop
  endfacet
  facet normal -0.634903 0.772592 0
    outer loop
      vertex 155.044 236.511 0
      vertex 155.347 236.76 60
      vertex 155.347 236.76 0
    endloop
  endfacet
  facet normal -0.634903 0.772592 0
    outer loop
      vertex 155.044 236.511 0
      vertex 155.044 236.511 60
      vertex 155.347 236.76 60
    endloop
  endfacet
  facet normal -0.6825 0.730886 0
    outer loop
      vertex 154.757 236.243 0
      vertex 155.044 236.511 60
      vertex 155.044 236.511 0
    endloop
  endfacet
  facet normal -0.6825 0.730886 0
    outer loop
      vertex 154.757 236.243 0
      vertex 154.757 236.243 60
      vertex 155.044 236.511 60
    endloop
  endfacet
  facet normal -0.730886 0.6825 0
    outer loop
      vertex 154.489 235.956 0
      vertex 154.757 236.243 60
      vertex 154.757 236.243 0
    endloop
  endfacet
  facet normal -0.730886 0.6825 0
    outer loop
      vertex 154.489 235.956 0
      vertex 154.489 235.956 60
      vertex 154.757 236.243 60
    endloop
  endfacet
  facet normal -0.772592 0.634903 0
    outer loop
      vertex 154.24 235.653 0
      vertex 154.489 235.956 60
      vertex 154.489 235.956 0
    endloop
  endfacet
  facet normal -0.772592 0.634903 0
    outer loop
      vertex 154.24 235.653 0
      vertex 154.24 235.653 60
      vertex 154.489 235.956 60
    endloop
  endfacet
  facet normal -0.813218 0.581959 0
    outer loop
      vertex 154.011 235.333 0
      vertex 154.24 235.653 60
      vertex 154.24 235.653 0
    endloop
  endfacet
  facet normal -0.813218 0.581959 0
    outer loop
      vertex 154.011 235.333 0
      vertex 154.011 235.333 60
      vertex 154.24 235.653 60
    endloop
  endfacet
  facet normal -0.849285 0.527934 0
    outer loop
      vertex 153.804 235 0
      vertex 154.011 235.333 60
      vertex 154.011 235.333 0
    endloop
  endfacet
  facet normal -0.849285 0.527934 0
    outer loop
      vertex 153.804 235 0
      vertex 153.804 235 60
      vertex 154.011 235.333 60
    endloop
  endfacet
  facet normal -0.881859 0.471514 0
    outer loop
      vertex 153.619 234.654 0
      vertex 153.804 235 60
      vertex 153.804 235 0
    endloop
  endfacet
  facet normal -0.881859 0.471514 0
    outer loop
      vertex 153.619 234.654 0
      vertex 153.619 234.654 60
      vertex 153.804 235 60
    endloop
  endfacet
  facet normal -0.911062 0.412268 0
    outer loop
      vertex 153.457 234.296 0
      vertex 153.619 234.654 60
      vertex 153.619 234.654 0
    endloop
  endfacet
  facet normal -0.911062 0.412268 0
    outer loop
      vertex 153.457 234.296 0
      vertex 153.457 234.296 60
      vertex 153.619 234.654 60
    endloop
  endfacet
  facet normal -0.935172 0.354193 0
    outer loop
      vertex 153.318 233.929 0
      vertex 153.457 234.296 60
      vertex 153.457 234.296 0
    endloop
  endfacet
  facet normal -0.935172 0.354193 0
    outer loop
      vertex 153.318 233.929 0
      vertex 153.318 233.929 60
      vertex 153.457 234.296 60
    endloop
  endfacet
  facet normal -0.956982 0.290149 0
    outer loop
      vertex 153.204 233.553 0
      vertex 153.318 233.929 60
      vertex 153.318 233.929 0
    endloop
  endfacet
  facet normal -0.956982 0.290149 0
    outer loop
      vertex 153.204 233.553 0
      vertex 153.204 233.553 60
      vertex 153.318 233.929 60
    endloop
  endfacet
  facet normal -0.961543 0.274654 0
    outer loop
      vertex 151.577 227.857 0
      vertex 153.204 233.553 60
      vertex 153.204 233.553 0
    endloop
  endfacet
  facet normal -0.961543 0.274654 0
    outer loop
      vertex 151.577 227.857 0
      vertex 151.577 227.857 60
      vertex 153.204 233.553 60
    endloop
  endfacet
  facet normal 0.359661 0.933083 0
    outer loop
      vertex 149.927 228.493 0
      vertex 151.577 227.857 60
      vertex 151.577 227.857 0
    endloop
  endfacet
  facet normal 0.359661 0.933083 -0
    outer loop
      vertex 149.927 228.493 0
      vertex 149.927 228.493 60
      vertex 151.577 227.857 60
    endloop
  endfacet
  facet normal 0.354193 0.935172 0
    outer loop
      vertex 149.56 228.632 0
      vertex 149.927 228.493 60
      vertex 149.927 228.493 0
    endloop
  endfacet
  facet normal 0.354193 0.935172 -0
    outer loop
      vertex 149.56 228.632 0
      vertex 149.56 228.632 60
      vertex 149.927 228.493 60
    endloop
  endfacet
  facet normal 0.290149 0.956982 0
    outer loop
      vertex 149.184 228.746 0
      vertex 149.56 228.632 60
      vertex 149.56 228.632 0
    endloop
  endfacet
  facet normal 0.290149 0.956982 -0
    outer loop
      vertex 149.184 228.746 0
      vertex 149.184 228.746 60
      vertex 149.56 228.632 60
    endloop
  endfacet
  facet normal 0.248871 0.968537 0
    outer loop
      vertex 143.685 230.159 0
      vertex 149.184 228.746 60
      vertex 149.184 228.746 0
    endloop
  endfacet
  facet normal 0.248871 0.968537 -0
    outer loop
      vertex 143.685 230.159 0
      vertex 143.685 230.159 60
      vertex 149.184 228.746 60
    endloop
  endfacet
  facet normal 0.226907 0.973916 0
    outer loop
      vertex 143.303 230.248 0
      vertex 143.685 230.159 60
      vertex 143.685 230.159 0
    endloop
  endfacet
  facet normal 0.226907 0.973916 -0
    outer loop
      vertex 143.303 230.248 0
      vertex 143.303 230.248 60
      vertex 143.685 230.159 60
    endloop
  endfacet
  facet normal 0.177263 0.984164 0
    outer loop
      vertex 136.524 231.469 0
      vertex 143.303 230.248 60
      vertex 143.303 230.248 0
    endloop
  endfacet
  facet normal 0.177263 0.984164 -0
    outer loop
      vertex 136.524 231.469 0
      vertex 136.524 231.469 60
      vertex 143.303 230.248 60
    endloop
  endfacet
  facet normal 0.162749 0.986667 0
    outer loop
      vertex 136.136 231.533 0
      vertex 136.524 231.469 60
      vertex 136.524 231.469 0
    endloop
  endfacet
  facet normal 0.162749 0.986667 -0
    outer loop
      vertex 136.136 231.533 0
      vertex 136.136 231.533 60
      vertex 136.524 231.469 60
    endloop
  endfacet
  facet normal 0.124952 0.992163 0
    outer loop
      vertex 128.283 232.522 0
      vertex 136.136 231.533 60
      vertex 136.136 231.533 0
    endloop
  endfacet
  facet normal 0.124952 0.992163 -0
    outer loop
      vertex 128.283 232.522 0
      vertex 128.283 232.522 60
      vertex 136.136 231.533 60
    endloop
  endfacet
  facet normal 0.0992517 0.995062 0
    outer loop
      vertex 127.892 232.561 0
      vertex 128.283 232.522 60
      vertex 128.283 232.522 0
    endloop
  endfacet
  facet normal 0.0992517 0.995062 -0
    outer loop
      vertex 127.892 232.561 0
      vertex 127.892 232.561 60
      vertex 128.283 232.522 60
    endloop
  endfacet
  facet normal 0.083615 0.996498 0
    outer loop
      vertex 119.204 233.29 0
      vertex 127.892 232.561 60
      vertex 127.892 232.561 0
    endloop
  endfacet
  facet normal 0.083615 0.996498 -0
    outer loop
      vertex 119.204 233.29 0
      vertex 119.204 233.29 60
      vertex 127.892 232.561 60
    endloop
  endfacet
  facet normal 0.0482108 0.998837 0
    outer loop
      vertex 109.943 233.737 0
      vertex 119.204 233.29 60
      vertex 119.204 233.29 0
    endloop
  endfacet
  facet normal 0.0482108 0.998837 -0
    outer loop
      vertex 109.943 233.737 0
      vertex 109.943 233.737 60
      vertex 119.204 233.29 60
    endloop
  endfacet
  facet normal 0.033145 0.999451 0
    outer loop
      vertex 109.551 233.75 0
      vertex 109.943 233.737 60
      vertex 109.943 233.737 0
    endloop
  endfacet
  facet normal 0.033145 0.999451 -0
    outer loop
      vertex 109.551 233.75 0
      vertex 109.551 233.75 60
      vertex 109.943 233.737 60
    endloop
  endfacet
  facet normal 0.0157032 0.999877 0
    outer loop
      vertex 100 233.9 0
      vertex 109.551 233.75 60
      vertex 109.551 233.75 0
    endloop
  endfacet
  facet normal 0.0157032 0.999877 -0
    outer loop
      vertex 100 233.9 0
      vertex 100 233.9 60
      vertex 109.551 233.75 60
    endloop
  endfacet
  facet normal -0.0157037 0.999877 0
    outer loop
      vertex 90.4493 233.75 0
      vertex 100 233.9 60
      vertex 100 233.9 0
    endloop
  endfacet
  facet normal -0.0157037 0.999877 0
    outer loop
      vertex 90.4493 233.75 0
      vertex 90.4493 233.75 60
      vertex 100 233.9 60
    endloop
  endfacet
  facet normal -0.0331113 0.999452 0
    outer loop
      vertex 90.0569 233.737 0
      vertex 90.4493 233.75 60
      vertex 90.4493 233.75 0
    endloop
  endfacet
  facet normal -0.0331113 0.999452 0
    outer loop
      vertex 90.0569 233.737 0
      vertex 90.0569 233.737 60
      vertex 90.4493 233.75 60
    endloop
  endfacet
  facet normal -0.0482139 0.998837 0
    outer loop
      vertex 80.7965 233.29 0
      vertex 90.0569 233.737 60
      vertex 90.0569 233.737 0
    endloop
  endfacet
  facet normal -0.0482139 0.998837 0
    outer loop
      vertex 80.7965 233.29 0
      vertex 80.7965 233.29 60
      vertex 90.0569 233.737 60
    endloop
  endfacet
  facet normal -0.0836064 0.996499 0
    outer loop
      vertex 72.1076 232.561 0
      vertex 80.7965 233.29 60
      vertex 80.7965 233.29 0
    endloop
  endfacet
  facet normal -0.0836064 0.996499 0
    outer loop
      vertex 72.1076 232.561 0
      vertex 72.1076 232.561 60
      vertex 80.7965 233.29 60
    endloop
  endfacet
  facet normal -0.099302 0.995057 0
    outer loop
      vertex 71.7168 232.522 0
      vertex 72.1076 232.561 60
      vertex 72.1076 232.561 0
    endloop
  endfacet
  facet normal -0.099302 0.995057 0
    outer loop
      vertex 71.7168 232.522 0
      vertex 71.7168 232.522 60
      vertex 72.1076 232.561 60
    endloop
  endfacet
  facet normal -0.124947 0.992163 0
    outer loop
      vertex 63.8635 231.533 0
      vertex 71.7168 232.522 60
      vertex 71.7168 232.522 0
    endloop
  endfacet
  facet normal -0.124947 0.992163 0
    outer loop
      vertex 63.8635 231.533 0
      vertex 63.8635 231.533 60
      vertex 71.7168 232.522 60
    endloop
  endfacet
  facet normal -0.162995 0.986627 0
    outer loop
      vertex 63.4761 231.469 0
      vertex 63.8635 231.533 60
      vertex 63.8635 231.533 0
    endloop
  endfacet
  facet normal -0.162995 0.986627 0
    outer loop
      vertex 63.4761 231.469 0
      vertex 63.4761 231.469 60
      vertex 63.8635 231.533 60
    endloop
  endfacet
  facet normal -0.17726 0.984164 0
    outer loop
      vertex 56.697 230.248 0
      vertex 63.4761 231.469 60
      vertex 63.4761 231.469 0
    endloop
  endfacet
  facet normal -0.17726 0.984164 0
    outer loop
      vertex 56.697 230.248 0
      vertex 56.697 230.248 60
      vertex 63.4761 231.469 60
    endloop
  endfacet
  facet normal -0.226682 0.973969 0
    outer loop
      vertex 56.3146 230.159 0
      vertex 56.697 230.248 60
      vertex 56.697 230.248 0
    endloop
  endfacet
  facet normal -0.226682 0.973969 0
    outer loop
      vertex 56.3146 230.159 0
      vertex 56.3146 230.159 60
      vertex 56.697 230.248 60
    endloop
  endfacet
  facet normal -0.248875 0.968536 0
    outer loop
      vertex 50.8157 228.746 0
      vertex 56.3146 230.159 60
      vertex 56.3146 230.159 0
    endloop
  endfacet
  facet normal -0.248875 0.968536 0
    outer loop
      vertex 50.8157 228.746 0
      vertex 50.8157 228.746 60
      vertex 56.3146 230.159 60
    endloop
  endfacet
  facet normal -0.290361 0.956917 0
    outer loop
      vertex 50.44 228.632 0
      vertex 50.8157 228.746 60
      vertex 50.8157 228.746 0
    endloop
  endfacet
  facet normal -0.290361 0.956917 0
    outer loop
      vertex 50.44 228.632 0
      vertex 50.44 228.632 60
      vertex 50.8157 228.746 60
    endloop
  endfacet
  facet normal -0.353772 0.935332 0
    outer loop
      vertex 50.0725 228.493 0
      vertex 50.44 228.632 60
      vertex 50.44 228.632 0
    endloop
  endfacet
  facet normal -0.353772 0.935332 0
    outer loop
      vertex 50.0725 228.493 0
      vertex 50.0725 228.493 60
      vertex 50.44 228.632 60
    endloop
  endfacet
  facet normal -0.360113 0.932909 0
    outer loop
      vertex 46.0208 226.929 0
      vertex 50.0725 228.493 60
      vertex 50.0725 228.493 0
    endloop
  endfacet
  facet normal -0.360113 0.932909 0
    outer loop
      vertex 46.0208 226.929 0
      vertex 46.0208 226.929 60
      vertex 50.0725 228.493 60
    endloop
  endfacet
  facet normal -0.412651 0.910889 0
    outer loop
      vertex 45.6632 226.767 0
      vertex 46.0208 226.929 60
      vertex 46.0208 226.929 0
    endloop
  endfacet
  facet normal -0.412651 0.910889 0
    outer loop
      vertex 45.6632 226.767 0
      vertex 45.6632 226.767 60
      vertex 46.0208 226.929 60
    endloop
  endfacet
  facet normal -0.471196 0.882028 0
    outer loop
      vertex 45.3169 226.582 0
      vertex 45.6632 226.767 60
      vertex 45.6632 226.767 0
    endloop
  endfacet
  facet normal -0.471196 0.882028 0
    outer loop
      vertex 45.3169 226.582 0
      vertex 45.3169 226.582 60
      vertex 45.6632 226.767 60
    endloop
  endfacet
  facet normal -0.527477 0.849569 0
    outer loop
      vertex 44.9835 226.375 0
      vertex 45.3169 226.582 60
      vertex 45.3169 226.582 0
    endloop
  endfacet
  facet normal -0.527477 0.849569 0
    outer loop
      vertex 44.9835 226.375 0
      vertex 44.9835 226.375 60
      vertex 45.3169 226.582 60
    endloop
  endfacet
  facet normal -0.557661 0.830069 0
    outer loop
      vertex 42.5022 224.708 0
      vertex 44.9835 226.375 60
      vertex 44.9835 226.375 0
    endloop
  endfacet
  facet normal -0.557661 0.830069 0
    outer loop
      vertex 42.5022 224.708 0
      vertex 42.5022 224.708 60
      vertex 44.9835 226.375 60
    endloop
  endfacet
  facet normal -0.582922 0.812528 0
    outer loop
      vertex 42.183 224.479 0
      vertex 42.5022 224.708 60
      vertex 42.5022 224.708 0
    endloop
  endfacet
  facet normal -0.582922 0.812528 0
    outer loop
      vertex 42.183 224.479 0
      vertex 42.183 224.479 60
      vertex 42.5022 224.708 60
    endloop
  endfacet
  facet normal -0.634278 0.773105 0
    outer loop
      vertex 41.8795 224.23 0
      vertex 42.183 224.479 60
      vertex 42.183 224.479 0
    endloop
  endfacet
  facet normal -0.634278 0.773105 0
    outer loop
      vertex 41.8795 224.23 0
      vertex 41.8795 224.23 60
      vertex 42.183 224.479 60
    endloop
  endfacet
  facet normal -0.683008 0.730411 0
    outer loop
      vertex 41.5929 223.962 0
      vertex 41.8795 224.23 60
      vertex 41.8795 224.23 0
    endloop
  endfacet
  facet normal -0.683008 0.730411 0
    outer loop
      vertex 41.5929 223.962 0
      vertex 41.5929 223.962 60
      vertex 41.8795 224.23 60
    endloop
  endfacet
  facet normal -0.730378 0.683043 0
    outer loop
      vertex 41.3245 223.675 0
      vertex 41.5929 223.962 60
      vertex 41.5929 223.962 0
    endloop
  endfacet
  facet normal -0.730378 0.683043 0
    outer loop
      vertex 41.3245 223.675 0
      vertex 41.3245 223.675 60
      vertex 41.5929 223.962 60
    endloop
  endfacet
  facet normal -0.772467 0.635055 0
    outer loop
      vertex 41.0754 223.372 0
      vertex 41.3245 223.675 60
      vertex 41.3245 223.675 0
    endloop
  endfacet
  facet normal -0.772467 0.635055 0
    outer loop
      vertex 41.0754 223.372 0
      vertex 41.0754 223.372 60
      vertex 41.3245 223.675 60
    endloop
  endfacet
  facet normal -0.812717 0.582659 0
    outer loop
      vertex 40.8467 223.053 0
      vertex 41.0754 223.372 60
      vertex 41.0754 223.372 0
    endloop
  endfacet
  facet normal -0.812717 0.582659 0
    outer loop
      vertex 40.8467 223.053 0
      vertex 40.8467 223.053 60
      vertex 41.0754 223.372 60
    endloop
  endfacet
  facet normal -0.849652 0.527344 0
    outer loop
      vertex 40.6394 222.719 0
      vertex 40.8467 223.053 60
      vertex 40.8467 223.053 0
    endloop
  endfacet
  facet normal -0.849652 0.527344 0
    outer loop
      vertex 40.6394 222.719 0
      vertex 40.6394 222.719 60
      vertex 40.8467 223.053 60
    endloop
  endfacet
  facet normal -0.881753 0.471712 0
    outer loop
      vertex 40.4543 222.373 0
      vertex 40.6394 222.719 60
      vertex 40.6394 222.719 0
    endloop
  endfacet
  facet normal -0.881753 0.471712 0
    outer loop
      vertex 40.4543 222.373 0
      vertex 40.4543 222.373 60
      vertex 40.6394 222.719 60
    endloop
  endfacet
  facet normal -0.899394 0.43714 0
    outer loop
      vertex 39.6188 220.654 0
      vertex 40.4543 222.373 60
      vertex 40.4543 222.373 0
    endloop
  endfacet
  facet normal -0.899394 0.43714 0
    outer loop
      vertex 39.6188 220.654 0
      vertex 39.6188 220.654 60
      vertex 40.4543 222.373 60
    endloop
  endfacet
  facet normal -0.910967 0.41248 0
    outer loop
      vertex 39.4567 220.296 0
      vertex 39.6188 220.654 60
      vertex 39.6188 220.654 0
    endloop
  endfacet
  facet normal -0.910967 0.41248 0
    outer loop
      vertex 39.4567 220.296 0
      vertex 39.4567 220.296 60
      vertex 39.6188 220.654 60
    endloop
  endfacet
  facet normal -0.935762 0.352632 0
    outer loop
      vertex 39.3184 219.929 0
      vertex 39.4567 220.296 60
      vertex 39.4567 220.296 0
    endloop
  endfacet
  facet normal -0.935762 0.352632 0
    outer loop
      vertex 39.3184 219.929 0
      vertex 39.3184 219.929 60
      vertex 39.4567 220.296 60
    endloop
  endfacet
  facet normal -0.956982 0.290149 0
    outer loop
      vertex 39.2044 219.553 0
      vertex 39.3184 219.929 60
      vertex 39.3184 219.929 0
    endloop
  endfacet
  facet normal -0.956982 0.290149 0
    outer loop
      vertex 39.2044 219.553 0
      vertex 39.2044 219.553 60
      vertex 39.3184 219.929 60
    endloop
  endfacet
  facet normal -0.97386 0.227149 0
    outer loop
      vertex 39.1153 219.171 0
      vertex 39.2044 219.553 60
      vertex 39.2044 219.553 0
    endloop
  endfacet
  facet normal -0.97386 0.227149 0
    outer loop
      vertex 39.1153 219.171 0
      vertex 39.1153 219.171 60
      vertex 39.2044 219.553 60
    endloop
  endfacet
  facet normal -0.986667 0.162749 0
    outer loop
      vertex 39.0513 218.783 0
      vertex 39.1153 219.171 60
      vertex 39.1153 219.171 0
    endloop
  endfacet
  facet normal -0.986667 0.162749 0
    outer loop
      vertex 39.0513 218.783 0
      vertex 39.0513 218.783 60
      vertex 39.1153 219.171 60
    endloop
  endfacet
  facet normal -0.995187 0.0979916 0
    outer loop
      vertex 39.0128 218.392 0
      vertex 39.0513 218.783 60
      vertex 39.0513 218.783 0
    endloop
  endfacet
  facet normal -0.995187 0.0979916 0
    outer loop
      vertex 39.0128 218.392 0
      vertex 39.0128 218.392 60
      vertex 39.0513 218.783 60
    endloop
  endfacet
  facet normal -0.999467 0.0326357 0
    outer loop
      vertex 39 218 0
      vertex 39.0128 218.392 60
      vertex 39.0128 218.392 0
    endloop
  endfacet
  facet normal -0.999467 0.0326357 0
    outer loop
      vertex 39 218 0
      vertex 39 218 60
      vertex 39.0128 218.392 60
    endloop
  endfacet
  facet normal -0.999467 -0.0326357 0
    outer loop
      vertex 39.0128 217.608 0
      vertex 39 218 60
      vertex 39 218 0
    endloop
  endfacet
  facet normal -0.999467 -0.0326357 0
    outer loop
      vertex 39.0128 217.608 0
      vertex 39.0128 217.608 60
      vertex 39 218 60
    endloop
  endfacet
  facet normal -0.999409 -0.0343835 0
    outer loop
      vertex 45.4309 31.0561 0
      vertex 39.0128 217.608 60
      vertex 39.0128 217.608 0
    endloop
  endfacet
  facet normal -0.999409 -0.0343835 0
    outer loop
      vertex 45.4309 31.0561 0
      vertex 45.4309 31.0561 60
      vertex 39.0128 217.608 60
    endloop
  endfacet
  facet normal -0.554699 0.832051 0
    outer loop
      vertex 7.84668 6 0
      vertex 45.4309 31.0561 60
      vertex 45.4309 31.0561 0
    endloop
  endfacet
  facet normal -0.554699 0.832051 0
    outer loop
      vertex 7.84668 6 0
      vertex 7.84668 6 60
      vertex 45.4309 31.0561 60
    endloop
  endfacet
  facet normal 0 1 0
    outer loop
      vertex 0 6 0
      vertex 7.84668 6 60
      vertex 7.84668 6 0
    endloop
  endfacet
  facet normal 0 1 0
    outer loop
      vertex 0 6 0
      vertex 0 6 60
      vertex 7.84668 6 60
    endloop
  endfacet
  facet normal -0.0327288 0.999464 0
    outer loop
      vertex -0.39241 5.98715 0
      vertex 0 6 60
      vertex 0 6 0
    endloop
  endfacet
  facet normal -0.0327288 0.999464 0
    outer loop
      vertex -0.39241 5.98715 0
      vertex -0.39241 5.98715 60
      vertex 0 6 60
    endloop
  endfacet
  facet normal -0.0980581 0.995181 0
    outer loop
      vertex -0.783142 5.94865 0
      vertex -0.39241 5.98715 60
      vertex -0.39241 5.98715 0
    endloop
  endfacet
  facet normal -0.0980581 0.995181 0
    outer loop
      vertex -0.783142 5.94865 0
      vertex -0.783142 5.94865 60
      vertex -0.39241 5.98715 60
    endloop
  endfacet
  facet normal -0.162876 0.986647 0
    outer loop
      vertex -1.17053 5.8847 0
      vertex -0.783142 5.94865 60
      vertex -0.783142 5.94865 0
    endloop
  endfacet
  facet normal -0.162876 0.986647 0
    outer loop
      vertex -1.17053 5.8847 0
      vertex -1.17053 5.8847 60
      vertex -0.783142 5.94865 60
    endloop
  endfacet
  facet normal -0.227061 0.97388 0
    outer loop
      vertex -1.5529 5.79555 0
      vertex -1.17053 5.8847 60
      vertex -1.17053 5.8847 0
    endloop
  endfacet
  facet normal -0.227061 0.97388 0
    outer loop
      vertex -1.5529 5.79555 0
      vertex -1.5529 5.79555 60
      vertex -1.17053 5.8847 60
    endloop
  endfacet
  facet normal -0.29027 0.956945 0
    outer loop
      vertex -1.92863 5.68158 0
      vertex -1.5529 5.79555 60
      vertex -1.5529 5.79555 0
    endloop
  endfacet
  facet normal -0.29027 0.956945 0
    outer loop
      vertex -1.92863 5.68158 0
      vertex -1.92863 5.68158 60
      vertex -1.5529 5.79555 60
    endloop
  endfacet
  facet normal -0.352259 0.935902 0
    outer loop
      vertex -2.2961 5.54327 0
      vertex -1.92863 5.68158 60
      vertex -1.92863 5.68158 0
    endloop
  endfacet
  facet normal -0.352259 0.935902 0
    outer loop
      vertex -2.2961 5.54327 0
      vertex -2.2961 5.54327 60
      vertex -1.92863 5.68158 60
    endloop
  endfacet
  facet normal -0.412717 0.91086 0
    outer loop
      vertex -2.65372 5.38123 0
      vertex -2.2961 5.54327 60
      vertex -2.2961 5.54327 0
    endloop
  endfacet
  facet normal -0.412717 0.91086 0
    outer loop
      vertex -2.65372 5.38123 0
      vertex -2.65372 5.38123 60
      vertex -2.2961 5.54327 60
    endloop
  endfacet
  facet normal -0.471376 0.881932 0
    outer loop
      vertex -3 5.19615 0
      vertex -2.65372 5.38123 60
      vertex -2.65372 5.38123 0
    endloop
  endfacet
  facet normal -0.471376 0.881932 0
    outer loop
      vertex -3 5.19615 0
      vertex -3 5.19615 60
      vertex -2.65372 5.38123 60
    endloop
  endfacet
  facet normal -0.528061 0.849207 0
    outer loop
      vertex -3.33342 4.98882 0
      vertex -3 5.19615 60
      vertex -3 5.19615 0
    endloop
  endfacet
  facet normal -0.528061 0.849207 0
    outer loop
      vertex -3.33342 4.98882 0
      vertex -3.33342 4.98882 60
      vertex -3 5.19615 60
    endloop
  endfacet
  facet normal -0.58249 0.812838 0
    outer loop
      vertex -3.65256 4.76012 0
      vertex -3.33342 4.98882 60
      vertex -3.33342 4.98882 0
    endloop
  endfacet
  facet normal -0.58249 0.812838 0
    outer loop
      vertex -3.65256 4.76012 0
      vertex -3.65256 4.76012 60
      vertex -3.33342 4.98882 60
    endloop
  endfacet
  facet normal -0.634402 0.773003 0
    outer loop
      vertex -3.95607 4.51103 0
      vertex -3.65256 4.76012 60
      vertex -3.65256 4.76012 0
    endloop
  endfacet
  facet normal -0.634402 0.773003 0
    outer loop
      vertex -3.95607 4.51103 0
      vertex -3.95607 4.51103 60
      vertex -3.65256 4.76012 60
    endloop
  endfacet
  facet normal -0.683602 0.729855 0
    outer loop
      vertex -4.24263 4.24263 0
      vertex -3.95607 4.51103 60
      vertex -3.95607 4.51103 0
    endloop
  endfacet
  facet normal -0.683602 0.729855 0
    outer loop
      vertex -4.24263 4.24263 0
      vertex -4.24263 4.24263 60
      vertex -3.95607 4.51103 60
    endloop
  endfacet
  facet normal -0.729855 0.683602 0
    outer loop
      vertex -4.51103 3.95607 0
      vertex -4.24263 4.24263 60
      vertex -4.24263 4.24263 0
    endloop
  endfacet
  facet normal -0.729855 0.683602 0
    outer loop
      vertex -4.51103 3.95607 0
      vertex -4.51103 3.95607 60
      vertex -4.24263 4.24263 60
    endloop
  endfacet
  facet normal -0.773003 0.634402 0
    outer loop
      vertex -4.76012 3.65256 0
      vertex -4.51103 3.95607 60
      vertex -4.51103 3.95607 0
    endloop
  endfacet
  facet normal -0.773003 0.634402 0
    outer loop
      vertex -4.76012 3.65256 0
      vertex -4.76012 3.65256 60
      vertex -4.51103 3.95607 60
    endloop
  endfacet
  facet normal -0.812838 0.58249 0
    outer loop
      vertex -4.98882 3.33342 0
      vertex -4.76012 3.65256 60
      vertex -4.76012 3.65256 0
    endloop
  endfacet
  facet normal -0.812838 0.58249 0
    outer loop
      vertex -4.98882 3.33342 0
      vertex -4.98882 3.33342 60
      vertex -4.76012 3.65256 60
    endloop
  endfacet
  facet normal -0.849207 0.528061 0
    outer loop
      vertex -5.19615 3 0
      vertex -4.98882 3.33342 60
      vertex -4.98882 3.33342 0
    endloop
  endfacet
  facet normal -0.849207 0.528061 0
    outer loop
      vertex -5.19615 3 0
      vertex -5.19615 3 60
      vertex -4.98882 3.33342 60
    endloop
  endfacet
  facet normal -0.881932 0.471376 0
    outer loop
      vertex -5.38123 2.65372 0
      vertex -5.19615 3 60
      vertex -5.19615 3 0
    endloop
  endfacet
  facet normal -0.881932 0.471376 0
    outer loop
      vertex -5.38123 2.65372 0
      vertex -5.38123 2.65372 60
      vertex -5.19615 3 60
    endloop
  endfacet
  facet normal -0.91086 0.412717 0
    outer loop
      vertex -5.54327 2.2961 0
      vertex -5.38123 2.65372 60
      vertex -5.38123 2.65372 0
    endloop
  endfacet
  facet normal -0.91086 0.412717 0
    outer loop
      vertex -5.54327 2.2961 0
      vertex -5.54327 2.2961 60
      vertex -5.38123 2.65372 60
    endloop
  endfacet
  facet normal -0.935902 0.352259 0
    outer loop
      vertex -5.68158 1.92863 0
      vertex -5.54327 2.2961 60
      vertex -5.54327 2.2961 0
    endloop
  endfacet
  facet normal -0.935902 0.352259 0
    outer loop
      vertex -5.68158 1.92863 0
      vertex -5.68158 1.92863 60
      vertex -5.54327 2.2961 60
    endloop
  endfacet
  facet normal -0.956945 0.29027 0
    outer loop
      vertex -5.79555 1.5529 0
      vertex -5.68158 1.92863 60
      vertex -5.68158 1.92863 0
    endloop
  endfacet
  facet normal -0.956945 0.29027 0
    outer loop
      vertex -5.79555 1.5529 0
      vertex -5.79555 1.5529 60
      vertex -5.68158 1.92863 60
    endloop
  endfacet
  facet normal -0.97388 0.227061 0
    outer loop
      vertex -5.8847 1.17053 0
      vertex -5.79555 1.5529 60
      vertex -5.79555 1.5529 0
    endloop
  endfacet
  facet normal -0.97388 0.227061 0
    outer loop
      vertex -5.8847 1.17053 0
      vertex -5.8847 1.17053 60
      vertex -5.79555 1.5529 60
    endloop
  endfacet
  facet normal -0.986647 0.162876 0
    outer loop
      vertex -5.94865 0.783142 0
      vertex -5.8847 1.17053 60
      vertex -5.8847 1.17053 0
    endloop
  endfacet
  facet normal -0.986647 0.162876 0
    outer loop
      vertex -5.94865 0.783142 0
      vertex -5.94865 0.783142 60
      vertex -5.8847 1.17053 60
    endloop
  endfacet
  facet normal -0.995181 0.0980581 0
    outer loop
      vertex -5.98715 0.39241 0
      vertex -5.94865 0.783142 60
      vertex -5.94865 0.783142 0
    endloop
  endfacet
  facet normal -0.995181 0.0980581 0
    outer loop
      vertex -5.98715 0.39241 0
      vertex -5.98715 0.39241 60
      vertex -5.94865 0.783142 60
    endloop
  endfacet
  facet normal -0.999464 0.0327288 0
    outer loop
      vertex -6 0 0
      vertex -5.98715 0.39241 60
      vertex -5.98715 0.39241 0
    endloop
  endfacet
  facet normal -0.999464 0.0327288 0
    outer loop
      vertex -6 0 0
      vertex -6 0 60
      vertex -5.98715 0.39241 60
    endloop
  endfacet
  facet normal -0.999464 -0.0327288 0
    outer loop
      vertex -5.98715 -0.39241 0
      vertex -6 0 60
      vertex -6 0 0
    endloop
  endfacet
  facet normal -0.999464 -0.0327288 0
    outer loop
      vertex -5.98715 -0.39241 0
      vertex -5.98715 -0.39241 60
      vertex -6 0 60
    endloop
  endfacet
  facet normal -0.995181 -0.0980581 0
    outer loop
      vertex -5.94865 -0.783142 0
      vertex -5.98715 -0.39241 60
      vertex -5.98715 -0.39241 0
    endloop
  endfacet
  facet normal -0.995181 -0.0980581 0
    outer loop
      vertex -5.94865 -0.783142 0
      vertex -5.94865 -0.783142 60
      vertex -5.98715 -0.39241 60
    endloop
  endfacet
  facet normal -0.986647 -0.162876 0
    outer loop
      vertex -5.8847 -1.17053 0
      vertex -5.94865 -0.783142 60
      vertex -5.94865 -0.783142 0
    endloop
  endfacet
  facet normal -0.986647 -0.162876 0
    outer loop
      vertex -5.8847 -1.17053 0
      vertex -5.8847 -1.17053 60
      vertex -5.94865 -0.783142 60
    endloop
  endfacet
  facet normal -0.97388 -0.227061 0
    outer loop
      vertex -5.79555 -1.5529 0
      vertex -5.8847 -1.17053 60
      vertex -5.8847 -1.17053 0
    endloop
  endfacet
  facet normal -0.97388 -0.227061 0
    outer loop
      vertex -5.79555 -1.5529 0
      vertex -5.79555 -1.5529 60
      vertex -5.8847 -1.17053 60
    endloop
  endfacet
  facet normal -0.956945 -0.29027 0
    outer loop
      vertex -5.68158 -1.92863 0
      vertex -5.79555 -1.5529 60
      vertex -5.79555 -1.5529 0
    endloop
  endfacet
  facet normal -0.956945 -0.29027 0
    outer loop
      vertex -5.68158 -1.92863 0
      vertex -5.68158 -1.92863 60
      vertex -5.79555 -1.5529 60
    endloop
  endfacet
  facet normal -0.935902 -0.352259 0
    outer loop
      vertex -5.54327 -2.2961 0
      vertex -5.68158 -1.92863 60
      vertex -5.68158 -1.92863 0
    endloop
  endfacet
  facet normal -0.935902 -0.352259 0
    outer loop
      vertex -5.54327 -2.2961 0
      vertex -5.54327 -2.2961 60
      vertex -5.68158 -1.92863 60
    endloop
  endfacet
  facet normal -0.91086 -0.412717 0
    outer loop
      vertex -5.38123 -2.65372 0
      vertex -5.54327 -2.2961 60
      vertex -5.54327 -2.2961 0
    endloop
  endfacet
  facet normal -0.91086 -0.412717 0
    outer loop
      vertex -5.38123 -2.65372 0
      vertex -5.38123 -2.65372 60
      vertex -5.54327 -2.2961 60
    endloop
  endfacet
  facet normal -0.881932 -0.471376 0
    outer loop
      vertex -5.19615 -3 0
      vertex -5.38123 -2.65372 60
      vertex -5.38123 -2.65372 0
    endloop
  endfacet
  facet normal -0.881932 -0.471376 0
    outer loop
      vertex -5.19615 -3 0
      vertex -5.19615 -3 60
      vertex -5.38123 -2.65372 60
    endloop
  endfacet
  facet normal -0.849207 -0.528061 0
    outer loop
      vertex -4.98882 -3.33342 0
      vertex -5.19615 -3 60
      vertex -5.19615 -3 0
    endloop
  endfacet
  facet normal -0.849207 -0.528061 0
    outer loop
      vertex -4.98882 -3.33342 0
      vertex -4.98882 -3.33342 60
      vertex -5.19615 -3 60
    endloop
  endfacet
  facet normal -0.812838 -0.58249 0
    outer loop
      vertex -4.76012 -3.65256 0
      vertex -4.98882 -3.33342 60
      vertex -4.98882 -3.33342 0
    endloop
  endfacet
  facet normal -0.812838 -0.58249 0
    outer loop
      vertex -4.76012 -3.65256 0
      vertex -4.76012 -3.65256 60
      vertex -4.98882 -3.33342 60
    endloop
  endfacet
  facet normal -0.773003 -0.634402 0
    outer loop
      vertex -4.51103 -3.95607 0
      vertex -4.76012 -3.65256 60
      vertex -4.76012 -3.65256 0
    endloop
  endfacet
  facet normal -0.773003 -0.634402 0
    outer loop
      vertex -4.51103 -3.95607 0
      vertex -4.51103 -3.95607 60
      vertex -4.76012 -3.65256 60
    endloop
  endfacet
  facet normal -0.729855 -0.683602 0
    outer loop
      vertex -4.24263 -4.24263 0
      vertex -4.51103 -3.95607 60
      vertex -4.51103 -3.95607 0
    endloop
  endfacet
  facet normal -0.729855 -0.683602 0
    outer loop
      vertex -4.24263 -4.24263 0
      vertex -4.24263 -4.24263 60
      vertex -4.51103 -3.95607 60
    endloop
  endfacet
  facet normal -0.683602 -0.729855 0
    outer loop
      vertex -3.95607 -4.51103 0
      vertex -4.24263 -4.24263 60
      vertex -4.24263 -4.24263 0
    endloop
  endfacet
  facet normal -0.683602 -0.729855 0
    outer loop
      vertex -3.95607 -4.51103 0
      vertex -3.95607 -4.51103 60
      vertex -4.24263 -4.24263 60
    endloop
  endfacet
  facet normal -0.634402 -0.773003 0
    outer loop
      vertex -3.65256 -4.76012 0
      vertex -3.95607 -4.51103 60
      vertex -3.95607 -4.51103 0
    endloop
  endfacet
  facet normal -0.634402 -0.773003 0
    outer loop
      vertex -3.65256 -4.76012 0
      vertex -3.65256 -4.76012 60
      vertex -3.95607 -4.51103 60
    endloop
  endfacet
  facet normal -0.58249 -0.812838 0
    outer loop
      vertex -3.33342 -4.98882 0
      vertex -3.65256 -4.76012 60
      vertex -3.65256 -4.76012 0
    endloop
  endfacet
  facet normal -0.58249 -0.812838 0
    outer loop
      vertex -3.33342 -4.98882 0
      vertex -3.33342 -4.98882 60
      vertex -3.65256 -4.76012 60
    endloop
  endfacet
  facet normal -0.528061 -0.849207 0
    outer loop
      vertex -3 -5.19615 0
      vertex -3.33342 -4.98882 60
      vertex -3.33342 -4.98882 0
    endloop
  endfacet
  facet normal -0.528061 -0.849207 0
    outer loop
      vertex -3 -5.19615 0
      vertex -3 -5.19615 60
      vertex -3.33342 -4.98882 60
    endloop
  endfacet
  facet normal -0.471376 -0.881932 0
    outer loop
      vertex -2.65372 -5.38123 0
      vertex -3 -5.19615 60
      vertex -3 -5.19615 0
    endloop
  endfacet
  facet normal -0.471376 -0.881932 0
    outer loop
      vertex -2.65372 -5.38123 0
      vertex -2.65372 -5.38123 60
      vertex -3 -5.19615 60
    endloop
  endfacet
  facet normal -0.412717 -0.91086 0
    outer loop
      vertex -2.2961 -5.54327 0
      vertex -2.65372 -5.38123 60
      vertex -2.65372 -5.38123 0
    endloop
  endfacet
  facet normal -0.412717 -0.91086 0
    outer loop
      vertex -2.2961 -5.54327 0
      vertex -2.2961 -5.54327 60
      vertex -2.65372 -5.38123 60
    endloop
  endfacet
  facet normal -0.352259 -0.935902 0
    outer loop
      vertex -1.92863 -5.68158 0
      vertex -2.2961 -5.54327 60
      vertex -2.2961 -5.54327 0
    endloop
  endfacet
  facet normal -0.352259 -0.935902 0
    outer loop
      vertex -1.92863 -5.68158 0
      vertex -1.92863 -5.68158 60
      vertex -2.2961 -5.54327 60
    endloop
  endfacet
  facet normal -0.29027 -0.956945 0
    outer loop
      vertex -1.5529 -5.79555 0
      vertex -1.92863 -5.68158 60
      vertex -1.92863 -5.68158 0
    endloop
  endfacet
  facet normal -0.29027 -0.956945 0
    outer loop
      vertex -1.5529 -5.79555 0
      vertex -1.5529 -5.79555 60
      vertex -1.92863 -5.68158 60
    endloop
  endfacet
  facet normal -0.227061 -0.97388 0
    outer loop
      vertex -1.17053 -5.8847 0
      vertex -1.5529 -5.79555 60
      vertex -1.5529 -5.79555 0
    endloop
  endfacet
  facet normal -0.227061 -0.97388 0
    outer loop
      vertex -1.17053 -5.8847 0
      vertex -1.17053 -5.8847 60
      vertex -1.5529 -5.79555 60
    endloop
  endfacet
  facet normal -0.162876 -0.986647 0
    outer loop
      vertex -0.783142 -5.94865 0
      vertex -1.17053 -5.8847 60
      vertex -1.17053 -5.8847 0
    endloop
  endfacet
  facet normal -0.162876 -0.986647 0
    outer loop
      vertex -0.783142 -5.94865 0
      vertex -0.783142 -5.94865 60
      vertex -1.17053 -5.8847 60
    endloop
  endfacet
  facet normal -0.0980581 -0.995181 0
    outer loop
      vertex -0.39241 -5.98715 0
      vertex -0.783142 -5.94865 60
      vertex -0.783142 -5.94865 0
    endloop
  endfacet
  facet normal -0.0980581 -0.995181 0
    outer loop
      vertex -0.39241 -5.98715 0
      vertex -0.39241 -5.98715 60
      vertex -0.783142 -5.94865 60
    endloop
  endfacet
  facet normal -0.0327288 -0.999464 0
    outer loop
      vertex 0 -6 0
      vertex -0.39241 -5.98715 60
      vertex -0.39241 -5.98715 0
    endloop
  endfacet
  facet normal -0.0327288 -0.999464 0
    outer loop
      vertex 0 -6 0
      vertex 0 -6 60
      vertex -0.39241 -5.98715 60
    endloop
  endfacet
  facet normal 0 -1 0
    outer loop
      vertex 150 -6 0
      vertex 0 -6 60
      vertex 0 -6 0
    endloop
  endfacet
  facet normal 0 -1 0
    outer loop
      vertex 150 -6 0
      vertex 150 -6 60
      vertex 0 -6 60
    endloop
  endfacet
  facet normal 0.032763 -0.999463 0
    outer loop
      vertex 150.392 -5.98715 0
      vertex 150 -6 60
      vertex 150 -6 0
    endloop
  endfacet
  facet normal 0.032763 -0.999463 0
    outer loop
      vertex 150.392 -5.98715 0
      vertex 150.392 -5.98715 60
      vertex 150 -6 60
    endloop
  endfacet
  facet normal 0.999409 0.0343815 -0
    outer loop
      vertex 57.7883 20.7056 0
      vertex 57.7883 20.7056 60
      vertex 58.2942 6 0
    endloop
  endfacet
  facet normal 0.999409 0.0343815 0
    outer loop
      vertex 58.2942 6 60
      vertex 58.2942 6 0
      vertex 57.7883 20.7056 60
    endloop
  endfacet
  facet normal -0.5547 -0.83205 0
    outer loop
      vertex 79.8467 6 0
      vertex 79.8467 6 60
      vertex 57.7883 20.7056 0
    endloop
  endfacet
  facet normal -0.5547 -0.83205 -0
    outer loop
      vertex 57.7883 20.7056 60
      vertex 57.7883 20.7056 0
      vertex 79.8467 6 60
    endloop
  endfacet
  facet normal 0 1 0
    outer loop
      vertex 58.2942 6 0
      vertex 58.2942 6 60
      vertex 79.8467 6 0
    endloop
  endfacet
  facet normal 0 1 0
    outer loop
      vertex 79.8467 6 60
      vertex 79.8467 6 0
      vertex 58.2942 6 60
    endloop
  endfacet
  facet normal 0.554701 -0.83205 0
    outer loop
      vertex 45.8189 19.7771 0
      vertex 45.8189 19.7771 60
      vertex 25.1533 6 0
    endloop
  endfacet
  facet normal 0.554701 -0.83205 0
    outer loop
      vertex 25.1533 6 60
      vertex 25.1533 6 0
      vertex 45.8189 19.7771 60
    endloop
  endfacet
  facet normal -0.999409 -0.0343846 0
    outer loop
      vertex 46.2929 6 0
      vertex 46.2929 6 60
      vertex 45.8189 19.7771 0
    endloop
  endfacet
  facet normal -0.999409 -0.0343846 -0
    outer loop
      vertex 45.8189 19.7771 60
      vertex 45.8189 19.7771 0
      vertex 46.2929 6 60
    endloop
  endfacet
  facet normal 0 1 0
    outer loop
      vertex 25.1533 6 0
      vertex 25.1533 6 60
      vertex 46.2929 6 0
    endloop
  endfacet
  facet normal 0 1 0
    outer loop
      vertex 46.2929 6 60
      vertex 46.2929 6 0
      vertex 25.1533 6 60
    endloop
  endfacet
endsolid OpenSCAD_Model
