solid OpenSCAD_Model
  facet normal 0 1 -0
    outer loop
      vertex 50.1319 40 0
      vertex 16.2709 40 8
      vertex 50.1319 40 8
    endloop
  endfacet
  facet normal 0 1 0
    outer loop
      vertex 16.2709 40 8
      vertex 7.56604 40 7.56604
      vertex 7.56363 40 7.5683
    endloop
  endfacet
  facet normal 0 1 0
    outer loop
      vertex 16.2709 40 8
      vertex 8.04468 40 7.05499
      vertex 7.56604 40 7.56604
    endloop
  endfacet
  facet normal 0 1 0
    outer loop
      vertex 16.2709 40 8
      vertex 8.48888 40 6.51373
      vertex 8.04468 40 7.05499
    endloop
  endfacet
  facet normal 0 1 0
    outer loop
      vertex 16.2709 40 8
      vertex 8.89671 40 5.9446
      vertex 8.48888 40 6.51373
    endloop
  endfacet
  facet normal 0 1 0
    outer loop
      vertex 16.2709 40 8
      vertex 9.26646 40 5.34999
      vertex 8.89671 40 5.9446
    endloop
  endfacet
  facet normal 0 1 0
    outer loop
      vertex 16.2709 40 8
      vertex 9.59653 40 4.73248
      vertex 9.26646 40 5.34999
    endloop
  endfacet
  facet normal 0 1 0
    outer loop
      vertex 16.2709 40 8
      vertex 9.8855 40 4.09471
      vertex 9.59653 40 4.73248
    endloop
  endfacet
  facet normal 0 1 0
    outer loop
      vertex 16.2709 40 8
      vertex 10.1321 40 3.43939
      vertex 9.8855 40 4.09471
    endloop
  endfacet
  facet normal 0 1 0
    outer loop
      vertex 16.2709 40 8
      vertex 10.3354 40 2.76936
      vertex 10.1321 40 3.43939
    endloop
  endfacet
  facet normal 0 1 0
    outer loop
      vertex 16.2709 40 8
      vertex 10.4944 40 2.08746
      vertex 10.3354 40 2.76936
    endloop
  endfacet
  facet normal 0 1 0
    outer loop
      vertex 16.2709 40 8
      vertex 10.6085 40 1.39662
      vertex 10.4944 40 2.08746
    endloop
  endfacet
  facet normal 0 1 0
    outer loop
      vertex 10.7 40 0
      vertex 16.2709 40 8
      vertex 50.1319 40 0
    endloop
  endfacet
  facet normal 0 1 0
    outer loop
      vertex 16.2709 40 8
      vertex 10.6771 40 0.699799
      vertex 10.6085 40 1.39662
    endloop
  endfacet
  facet normal 0 1 0
    outer loop
      vertex 16.2709 40 8
      vertex 10.7 40 0
      vertex 10.6771 40 0.699799
    endloop
  endfacet
  facet normal 0 1 0
    outer loop
      vertex 0 40 15.1319
      vertex 0 40 18.1319
      vertex 1.18588 40 18.0931
    endloop
  endfacet
  facet normal 0 1 0
    outer loop
      vertex 0 40 15.1319
      vertex 1.18588 40 18.0931
      vertex 2.36668 40 17.9768
    endloop
  endfacet
  facet normal 0 1 0
    outer loop
      vertex 0 40 18.1319
      vertex 0 40 15.1319
      vertex -1.18588 40 18.0931
    endloop
  endfacet
  facet normal 0 1 0
    outer loop
      vertex 0 40 15.1319
      vertex 2.36668 40 17.9768
      vertex 3.53735 40 17.7835
    endloop
  endfacet
  facet normal 0 1 0
    outer loop
      vertex -1.18588 40 18.0931
      vertex 0 40 15.1319
      vertex -2.36668 40 17.9768
    endloop
  endfacet
  facet normal 0 1 0
    outer loop
      vertex 0 40 15.1319
      vertex 3.53735 40 17.7835
      vertex 4.69289 40 17.5141
    endloop
  endfacet
  facet normal 0 1 0
    outer loop
      vertex -2.36668 40 17.9768
      vertex 0 40 15.1319
      vertex -3.53735 40 17.7835
    endloop
  endfacet
  facet normal 0 1 0
    outer loop
      vertex 0 40 15.1319
      vertex 4.69289 40 17.5141
      vertex 5.82831 40 17.1697
    endloop
  endfacet
  facet normal 0 1 0
    outer loop
      vertex -3.53735 40 17.7835
      vertex 0 40 15.1319
      vertex -4.69289 40 17.5141
    endloop
  endfacet
  facet normal 0 1 0
    outer loop
      vertex 7.56363 40 7.5683
      vertex 5.82831 40 17.1697
      vertex 6.93878 40 16.7517
    endloop
  endfacet
  facet normal 0 1 0
    outer loop
      vertex -4.69289 40 17.5141
      vertex 0 40 15.1319
      vertex -5.82831 40 17.1697
    endloop
  endfacet
  facet normal 0 1 -0
    outer loop
      vertex 7.56363 40 7.5683
      vertex 6.93878 40 16.7517
      vertex 8.01955 40 16.262
    endloop
  endfacet
  facet normal 0 1 0
    outer loop
      vertex -7.56363 40 7.5683
      vertex -5.82831 40 17.1697
      vertex 0 40 15.1319
    endloop
  endfacet
  facet normal 0 1 0
    outer loop
      vertex 7.56363 40 7.5683
      vertex 8.01955 40 16.262
      vertex 9.06596 40 15.7027
    endloop
  endfacet
  facet normal 0 1 0
    outer loop
      vertex -5.82831 40 17.1697
      vertex -7.56363 40 7.5683
      vertex -6.93878 40 16.7517
    endloop
  endfacet
  facet normal 0 1 0
    outer loop
      vertex -6.93878 40 16.7517
      vertex -7.56363 40 7.5683
      vertex -8.01955 40 16.262
    endloop
  endfacet
  facet normal 0 1 0
    outer loop
      vertex 7.56363 40 7.5683
      vertex 9.06596 40 15.7027
      vertex 10.0736 40 15.0762
    endloop
  endfacet
  facet normal 0 1 0
    outer loop
      vertex 7.56363 40 7.5683
      vertex 10.0736 40 15.0762
      vertex 11.038 40 14.385
    endloop
  endfacet
  facet normal 0 1 0
    outer loop
      vertex 7.56363 40 7.5683
      vertex 11.038 40 14.385
      vertex 11.9552 40 13.6323
    endloop
  endfacet
  facet normal 0 1 0
    outer loop
      vertex 7.56363 40 7.5683
      vertex 11.9552 40 13.6323
      vertex 12.8212 40 12.8212
    endloop
  endfacet
  facet normal 0 1 0
    outer loop
      vertex 7.56363 40 7.5683
      vertex 12.8212 40 12.8212
      vertex 13.6323 40 11.9552
    endloop
  endfacet
  facet normal 0 1 0
    outer loop
      vertex 7.56363 40 7.5683
      vertex 13.6323 40 11.9552
      vertex 14.385 40 11.038
    endloop
  endfacet
  facet normal 0 1 0
    outer loop
      vertex 7.56363 40 7.5683
      vertex 14.385 40 11.038
      vertex 15.0762 40 10.0736
    endloop
  endfacet
  facet normal 0 1 0
    outer loop
      vertex 7.56363 40 7.5683
      vertex 15.0762 40 10.0736
      vertex 15.7027 40 9.06596
    endloop
  endfacet
  facet normal 0 1 0
    outer loop
      vertex 7.56363 40 7.5683
      vertex 15.7027 40 9.06596
      vertex 16.262 40 8.01955
    endloop
  endfacet
  facet normal 0 1 0
    outer loop
      vertex 7.56363 40 7.5683
      vertex 16.262 40 8.01955
      vertex 16.2709 40 8
    endloop
  endfacet
  facet normal 0 1 0
    outer loop
      vertex 5.82831 40 17.1697
      vertex 7.56363 40 7.5683
      vertex 0 40 15.1319
    endloop
  endfacet
  facet normal 0 1 0
    outer loop
      vertex -8.01955 40 16.262
      vertex -7.56363 40 7.5683
      vertex -9.06596 40 15.7027
    endloop
  endfacet
  facet normal 0 1 0
    outer loop
      vertex -9.06596 40 15.7027
      vertex -7.56363 40 7.5683
      vertex -10.0736 40 15.0762
    endloop
  endfacet
  facet normal 0 1 0
    outer loop
      vertex -10.0736 40 15.0762
      vertex -7.56363 40 7.5683
      vertex -11.038 40 14.385
    endloop
  endfacet
  facet normal 0 1 0
    outer loop
      vertex -11.038 40 14.385
      vertex -7.56363 40 7.5683
      vertex -11.9552 40 13.6323
    endloop
  endfacet
  facet normal 0 1 0
    outer loop
      vertex -11.9552 40 13.6323
      vertex -7.56363 40 7.5683
      vertex -12.8212 40 12.8212
    endloop
  endfacet
  facet normal 0 1 -0
    outer loop
      vertex -7.56604 40 7.56604
      vertex -12.8212 40 12.8212
      vertex -7.56363 40 7.5683
    endloop
  endfacet
  facet normal 0 1 0
    outer loop
      vertex -12.8212 40 12.8212
      vertex -7.56604 40 7.56604
      vertex -13.6323 40 11.9552
    endloop
  endfacet
  facet normal 0 1 -0
    outer loop
      vertex -8.04468 40 7.05499
      vertex -13.6323 40 11.9552
      vertex -7.56604 40 7.56604
    endloop
  endfacet
  facet normal 0 1 0
    outer loop
      vertex -13.6323 40 11.9552
      vertex -8.04468 40 7.05499
      vertex -14.385 40 11.038
    endloop
  endfacet
  facet normal 0 1 -0
    outer loop
      vertex -8.48888 40 6.51373
      vertex -14.385 40 11.038
      vertex -8.04468 40 7.05499
    endloop
  endfacet
  facet normal 0 1 0
    outer loop
      vertex -14.385 40 11.038
      vertex -8.48888 40 6.51373
      vertex -15.0762 40 10.0736
    endloop
  endfacet
  facet normal 0 1 -0
    outer loop
      vertex -8.89671 40 5.9446
      vertex -15.0762 40 10.0736
      vertex -8.48888 40 6.51373
    endloop
  endfacet
  facet normal 0 1 0
    outer loop
      vertex -15.0762 40 10.0736
      vertex -8.89671 40 5.9446
      vertex -15.7027 40 9.06596
    endloop
  endfacet
  facet normal 0 1 -0
    outer loop
      vertex -9.26646 40 5.34999
      vertex -15.7027 40 9.06596
      vertex -8.89671 40 5.9446
    endloop
  endfacet
  facet normal 0 1 0
    outer loop
      vertex -15.7027 40 9.06596
      vertex -9.26646 40 5.34999
      vertex -16.262 40 8.01955
    endloop
  endfacet
  facet normal 0 1 -0
    outer loop
      vertex -9.59653 40 4.73248
      vertex -16.262 40 8.01955
      vertex -9.26646 40 5.34999
    endloop
  endfacet
  facet normal 0 1 0
    outer loop
      vertex -16.262 40 8.01955
      vertex -9.59653 40 4.73248
      vertex -16.2709 40 8
    endloop
  endfacet
  facet normal 0 1 -0
    outer loop
      vertex -9.8855 40 4.09471
      vertex -16.2709 40 8
      vertex -9.59653 40 4.73248
    endloop
  endfacet
  facet normal 0 1 -0
    outer loop
      vertex -10.1321 40 3.43939
      vertex -16.2709 40 8
      vertex -9.8855 40 4.09471
    endloop
  endfacet
  facet normal 0 1 -0
    outer loop
      vertex -10.3354 40 2.76936
      vertex -16.2709 40 8
      vertex -10.1321 40 3.43939
    endloop
  endfacet
  facet normal 0 1 -0
    outer loop
      vertex -10.4944 40 2.08746
      vertex -16.2709 40 8
      vertex -10.3354 40 2.76936
    endloop
  endfacet
  facet normal 0 1 -0
    outer loop
      vertex -10.6085 40 1.39662
      vertex -16.2709 40 8
      vertex -10.4944 40 2.08746
    endloop
  endfacet
  facet normal 0 1 -0
    outer loop
      vertex -10.6771 40 0.699799
      vertex -16.2709 40 8
      vertex -10.6085 40 1.39662
    endloop
  endfacet
  facet normal 0 1 -0
    outer loop
      vertex -10.7 40 0
      vertex -16.2709 40 8
      vertex -10.6771 40 0.699799
    endloop
  endfacet
  facet normal 0 1 0
    outer loop
      vertex -16.2709 40 8
      vertex -10.7 40 0
      vertex -34.1319 40 0
    endloop
  endfacet
  facet normal 0 1 0
    outer loop
      vertex -16.2709 40 8
      vertex -34.1319 40 0
      vertex -34.1319 40 8
    endloop
  endfacet
  facet normal 0 -1 0
    outer loop
      vertex -34.1319 0 0
      vertex -16.2709 0 8
      vertex -34.1319 0 8
    endloop
  endfacet
  facet normal 0 -1 0
    outer loop
      vertex -16.2709 0 8
      vertex -7.56604 0 7.56604
      vertex -7.56363 0 7.5683
    endloop
  endfacet
  facet normal 0 -1 0
    outer loop
      vertex -16.2709 0 8
      vertex -8.04468 0 7.05499
      vertex -7.56604 0 7.56604
    endloop
  endfacet
  facet normal 0 -1 0
    outer loop
      vertex -16.2709 0 8
      vertex -8.48888 0 6.51373
      vertex -8.04468 0 7.05499
    endloop
  endfacet
  facet normal 0 -1 0
    outer loop
      vertex -16.2709 0 8
      vertex -8.89671 0 5.9446
      vertex -8.48888 0 6.51373
    endloop
  endfacet
  facet normal 0 -1 0
    outer loop
      vertex -16.2709 0 8
      vertex -9.26646 0 5.34999
      vertex -8.89671 0 5.9446
    endloop
  endfacet
  facet normal 0 -1 0
    outer loop
      vertex -16.2709 0 8
      vertex -9.59653 0 4.73248
      vertex -9.26646 0 5.34999
    endloop
  endfacet
  facet normal 0 -1 0
    outer loop
      vertex -16.2709 0 8
      vertex -9.8855 0 4.09471
      vertex -9.59653 0 4.73248
    endloop
  endfacet
  facet normal 0 -1 0
    outer loop
      vertex -16.2709 0 8
      vertex -10.1321 0 3.43939
      vertex -9.8855 0 4.09471
    endloop
  endfacet
  facet normal 0 -1 0
    outer loop
      vertex -16.2709 0 8
      vertex -10.3354 0 2.76936
      vertex -10.1321 0 3.43939
    endloop
  endfacet
  facet normal 0 -1 0
    outer loop
      vertex -16.2709 0 8
      vertex -10.4944 0 2.08746
      vertex -10.3354 0 2.76936
    endloop
  endfacet
  facet normal 0 -1 0
    outer loop
      vertex -10.7 0 0
      vertex -16.2709 0 8
      vertex -34.1319 0 0
    endloop
  endfacet
  facet normal 0 -1 0
    outer loop
      vertex -16.2709 0 8
      vertex -10.6085 0 1.39662
      vertex -10.4944 0 2.08746
    endloop
  endfacet
  facet normal 0 -1 0
    outer loop
      vertex -16.2709 0 8
      vertex -10.6771 0 0.699799
      vertex -10.6085 0 1.39662
    endloop
  endfacet
  facet normal 0 -1 0
    outer loop
      vertex -16.2709 0 8
      vertex -10.7 0 0
      vertex -10.6771 0 0.699799
    endloop
  endfacet
  facet normal 0 -1 0
    outer loop
      vertex 0 0 15.1319
      vertex 0 0 18.1319
      vertex -1.18588 0 18.0931
    endloop
  endfacet
  facet normal 0 -1 0
    outer loop
      vertex 0 0 15.1319
      vertex -1.18588 0 18.0931
      vertex -2.36668 0 17.9768
    endloop
  endfacet
  facet normal 0 -1 0
    outer loop
      vertex 0 0 18.1319
      vertex 0 0 15.1319
      vertex 1.18588 0 18.0931
    endloop
  endfacet
  facet normal 0 -1 0
    outer loop
      vertex 0 0 15.1319
      vertex -2.36668 0 17.9768
      vertex -3.53735 0 17.7835
    endloop
  endfacet
  facet normal 0 -1 -0
    outer loop
      vertex 1.18588 0 18.0931
      vertex 0 0 15.1319
      vertex 2.36668 0 17.9768
    endloop
  endfacet
  facet normal 0 -1 0
    outer loop
      vertex 0 0 15.1319
      vertex -3.53735 0 17.7835
      vertex -4.69289 0 17.5141
    endloop
  endfacet
  facet normal 0 -1 -0
    outer loop
      vertex 2.36668 0 17.9768
      vertex 0 0 15.1319
      vertex 3.53735 0 17.7835
    endloop
  endfacet
  facet normal 0 -1 0
    outer loop
      vertex 0 0 15.1319
      vertex -4.69289 0 17.5141
      vertex -5.82831 0 17.1697
    endloop
  endfacet
  facet normal 0 -1 -0
    outer loop
      vertex 3.53735 0 17.7835
      vertex 0 0 15.1319
      vertex 4.69289 0 17.5141
    endloop
  endfacet
  facet normal 0 -1 0
    outer loop
      vertex -7.56363 0 7.5683
      vertex -5.82831 0 17.1697
      vertex -6.93878 0 16.7517
    endloop
  endfacet
  facet normal 0 -1 -0
    outer loop
      vertex 4.69289 0 17.5141
      vertex 0 0 15.1319
      vertex 5.82831 0 17.1697
    endloop
  endfacet
  facet normal 0 -1 0
    outer loop
      vertex -7.56363 0 7.5683
      vertex -6.93878 0 16.7517
      vertex -8.01955 0 16.262
    endloop
  endfacet
  facet normal 0 -1 0
    outer loop
      vertex 7.56363 0 7.5683
      vertex 5.82831 0 17.1697
      vertex 0 0 15.1319
    endloop
  endfacet
  facet normal 0 -1 0
    outer loop
      vertex -7.56363 0 7.5683
      vertex -8.01955 0 16.262
      vertex -9.06596 0 15.7027
    endloop
  endfacet
  facet normal 0 -1 0
    outer loop
      vertex 5.82831 0 17.1697
      vertex 7.56363 0 7.5683
      vertex 6.93878 0 16.7517
    endloop
  endfacet
  facet normal 0 -1 0
    outer loop
      vertex 6.93878 0 16.7517
      vertex 7.56363 0 7.5683
      vertex 8.01955 0 16.262
    endloop
  endfacet
  facet normal 0 -1 0
    outer loop
      vertex -7.56363 0 7.5683
      vertex -9.06596 0 15.7027
      vertex -10.0736 0 15.0762
    endloop
  endfacet
  facet normal 0 -1 0
    outer loop
      vertex -7.56363 0 7.5683
      vertex -10.0736 0 15.0762
      vertex -11.038 0 14.385
    endloop
  endfacet
  facet normal 0 -1 0
    outer loop
      vertex -7.56363 0 7.5683
      vertex -11.038 0 14.385
      vertex -11.9552 0 13.6323
    endloop
  endfacet
  facet normal 0 -1 0
    outer loop
      vertex -7.56363 0 7.5683
      vertex -11.9552 0 13.6323
      vertex -12.8212 0 12.8212
    endloop
  endfacet
  facet normal 0 -1 0
    outer loop
      vertex -7.56363 0 7.5683
      vertex -12.8212 0 12.8212
      vertex -13.6323 0 11.9552
    endloop
  endfacet
  facet normal 0 -1 0
    outer loop
      vertex -7.56363 0 7.5683
      vertex -13.6323 0 11.9552
      vertex -14.385 0 11.038
    endloop
  endfacet
  facet normal 0 -1 0
    outer loop
      vertex -7.56363 0 7.5683
      vertex -14.385 0 11.038
      vertex -15.0762 0 10.0736
    endloop
  endfacet
  facet normal 0 -1 0
    outer loop
      vertex -7.56363 0 7.5683
      vertex -15.0762 0 10.0736
      vertex -15.7027 0 9.06596
    endloop
  endfacet
  facet normal 0 -1 0
    outer loop
      vertex -7.56363 0 7.5683
      vertex -15.7027 0 9.06596
      vertex -16.262 0 8.01955
    endloop
  endfacet
  facet normal 0 -1 0
    outer loop
      vertex -7.56363 0 7.5683
      vertex -16.262 0 8.01955
      vertex -16.2709 0 8
    endloop
  endfacet
  facet normal 0 -1 -0
    outer loop
      vertex -5.82831 0 17.1697
      vertex -7.56363 0 7.5683
      vertex 0 0 15.1319
    endloop
  endfacet
  facet normal 0 -1 -0
    outer loop
      vertex 8.01955 0 16.262
      vertex 7.56363 0 7.5683
      vertex 9.06596 0 15.7027
    endloop
  endfacet
  facet normal 0 -1 -0
    outer loop
      vertex 9.06596 0 15.7027
      vertex 7.56363 0 7.5683
      vertex 10.0736 0 15.0762
    endloop
  endfacet
  facet normal 0 -1 -0
    outer loop
      vertex 10.0736 0 15.0762
      vertex 7.56363 0 7.5683
      vertex 11.038 0 14.385
    endloop
  endfacet
  facet normal 0 -1 -0
    outer loop
      vertex 11.038 0 14.385
      vertex 7.56363 0 7.5683
      vertex 11.9552 0 13.6323
    endloop
  endfacet
  facet normal 0 -1 -0
    outer loop
      vertex 11.9552 0 13.6323
      vertex 7.56363 0 7.5683
      vertex 12.8212 0 12.8212
    endloop
  endfacet
  facet normal 0 -1 0
    outer loop
      vertex 7.56604 0 7.56604
      vertex 12.8212 0 12.8212
      vertex 7.56363 0 7.5683
    endloop
  endfacet
  facet normal 0 -1 -0
    outer loop
      vertex 12.8212 0 12.8212
      vertex 7.56604 0 7.56604
      vertex 13.6323 0 11.9552
    endloop
  endfacet
  facet normal 0 -1 0
    outer loop
      vertex 8.04468 0 7.05499
      vertex 13.6323 0 11.9552
      vertex 7.56604 0 7.56604
    endloop
  endfacet
  facet normal 0 -1 -0
    outer loop
      vertex 13.6323 0 11.9552
      vertex 8.04468 0 7.05499
      vertex 14.385 0 11.038
    endloop
  endfacet
  facet normal 0 -1 0
    outer loop
      vertex 8.48888 0 6.51373
      vertex 14.385 0 11.038
      vertex 8.04468 0 7.05499
    endloop
  endfacet
  facet normal 0 -1 -0
    outer loop
      vertex 14.385 0 11.038
      vertex 8.48888 0 6.51373
      vertex 15.0762 0 10.0736
    endloop
  endfacet
  facet normal 0 -1 0
    outer loop
      vertex 8.89671 0 5.9446
      vertex 15.0762 0 10.0736
      vertex 8.48888 0 6.51373
    endloop
  endfacet
  facet normal 0 -1 -0
    outer loop
      vertex 15.0762 0 10.0736
      vertex 8.89671 0 5.9446
      vertex 15.7027 0 9.06596
    endloop
  endfacet
  facet normal 0 -1 0
    outer loop
      vertex 9.26646 0 5.34999
      vertex 15.7027 0 9.06596
      vertex 8.89671 0 5.9446
    endloop
  endfacet
  facet normal 0 -1 -0
    outer loop
      vertex 15.7027 0 9.06596
      vertex 9.26646 0 5.34999
      vertex 16.262 0 8.01955
    endloop
  endfacet
  facet normal 0 -1 0
    outer loop
      vertex 9.59653 0 4.73248
      vertex 16.262 0 8.01955
      vertex 9.26646 0 5.34999
    endloop
  endfacet
  facet normal 0 -1 -0
    outer loop
      vertex 16.262 0 8.01955
      vertex 9.59653 0 4.73248
      vertex 16.2709 0 8
    endloop
  endfacet
  facet normal 0 -1 0
    outer loop
      vertex 9.8855 0 4.09471
      vertex 16.2709 0 8
      vertex 9.59653 0 4.73248
    endloop
  endfacet
  facet normal 0 -1 0
    outer loop
      vertex 10.1321 0 3.43939
      vertex 16.2709 0 8
      vertex 9.8855 0 4.09471
    endloop
  endfacet
  facet normal 0 -1 0
    outer loop
      vertex 10.3354 0 2.76936
      vertex 16.2709 0 8
      vertex 10.1321 0 3.43939
    endloop
  endfacet
  facet normal 0 -1 0
    outer loop
      vertex 10.4944 0 2.08746
      vertex 16.2709 0 8
      vertex 10.3354 0 2.76936
    endloop
  endfacet
  facet normal 0 -1 0
    outer loop
      vertex 10.6085 0 1.39662
      vertex 16.2709 0 8
      vertex 10.4944 0 2.08746
    endloop
  endfacet
  facet normal 0 -1 0
    outer loop
      vertex 10.6771 0 0.699799
      vertex 16.2709 0 8
      vertex 10.6085 0 1.39662
    endloop
  endfacet
  facet normal 0 -1 0
    outer loop
      vertex 10.7 0 0
      vertex 16.2709 0 8
      vertex 10.6771 0 0.699799
    endloop
  endfacet
  facet normal 0 -1 -0
    outer loop
      vertex 16.2709 0 8
      vertex 10.7 0 0
      vertex 50.1319 0 0
    endloop
  endfacet
  facet normal 0 -1 0
    outer loop
      vertex 16.2709 0 8
      vertex 50.1319 0 0
      vertex 50.1319 0 8
    endloop
  endfacet
  facet normal 0.995189 0 -0.0979735
    outer loop
      vertex -10.6085 0 1.39662
      vertex -10.6771 40 0.699799
      vertex -10.6085 40 1.39662
    endloop
  endfacet
  facet normal 0.995189 0 -0.0979735
    outer loop
      vertex -10.6771 40 0.699799
      vertex -10.6085 0 1.39662
      vertex -10.6771 0 0.699799
    endloop
  endfacet
  facet normal 0.986634 0 -0.162954
    outer loop
      vertex -10.4944 0 2.08746
      vertex -10.6085 40 1.39662
      vertex -10.4944 40 2.08746
    endloop
  endfacet
  facet normal 0.986634 0 -0.162954
    outer loop
      vertex -10.6085 40 1.39662
      vertex -10.4944 0 2.08746
      vertex -10.6085 0 1.39662
    endloop
  endfacet
  facet normal 0.973876 0 -0.227081
    outer loop
      vertex -10.3354 0 2.76936
      vertex -10.4944 40 2.08746
      vertex -10.3354 40 2.76936
    endloop
  endfacet
  facet normal 0.973876 0 -0.227081
    outer loop
      vertex -10.4944 40 2.08746
      vertex -10.3354 0 2.76936
      vertex -10.4944 0 2.08746
    endloop
  endfacet
  facet normal 0.956921 0 -0.290348
    outer loop
      vertex -10.1321 0 3.43939
      vertex -10.3354 40 2.76936
      vertex -10.1321 40 3.43939
    endloop
  endfacet
  facet normal 0.956921 0 -0.290348
    outer loop
      vertex -10.3354 40 2.76936
      vertex -10.1321 0 3.43939
      vertex -10.3354 0 2.76936
    endloop
  endfacet
  facet normal 0.935927 0 -0.352194
    outer loop
      vertex -9.8855 0 4.09471
      vertex -10.1321 40 3.43939
      vertex -9.8855 40 4.09471
    endloop
  endfacet
  facet normal 0.935927 0 -0.352194
    outer loop
      vertex -10.1321 40 3.43939
      vertex -9.8855 0 4.09471
      vertex -10.1321 0 3.43939
    endloop
  endfacet
  facet normal 0.910864 0 -0.412707
    outer loop
      vertex -9.59653 0 4.73248
      vertex -9.8855 40 4.09471
      vertex -9.59653 40 4.73248
    endloop
  endfacet
  facet normal 0.910864 0 -0.412707
    outer loop
      vertex -9.8855 40 4.09471
      vertex -9.59653 0 4.73248
      vertex -9.8855 0 4.09471
    endloop
  endfacet
  facet normal 0.881919 0 -0.471401
    outer loop
      vertex -9.26646 0 5.34999
      vertex -9.59653 40 4.73248
      vertex -9.26646 40 5.34999
    endloop
  endfacet
  facet normal 0.881919 0 -0.471401
    outer loop
      vertex -9.59653 40 4.73248
      vertex -9.26646 0 5.34999
      vertex -9.59653 0 4.73248
    endloop
  endfacet
  facet normal 0.849204 0 -0.528066
    outer loop
      vertex -8.89671 0 5.9446
      vertex -9.26646 40 5.34999
      vertex -8.89671 40 5.9446
    endloop
  endfacet
  facet normal 0.849204 0 -0.528066
    outer loop
      vertex -9.26646 40 5.34999
      vertex -8.89671 0 5.9446
      vertex -9.26646 0 5.34999
    endloop
  endfacet
  facet normal 0.812849 0 -0.582475
    outer loop
      vertex -8.48888 0 6.51373
      vertex -8.89671 40 5.9446
      vertex -8.48888 40 6.51373
    endloop
  endfacet
  facet normal 0.812849 0 -0.582475
    outer loop
      vertex -8.89671 40 5.9446
      vertex -8.48888 0 6.51373
      vertex -8.89671 0 5.9446
    endloop
  endfacet
  facet normal 0.773011 0 -0.634393
    outer loop
      vertex -8.04468 0 7.05499
      vertex -8.48888 40 6.51373
      vertex -8.04468 40 7.05499
    endloop
  endfacet
  facet normal 0.773011 0 -0.634393
    outer loop
      vertex -8.48888 40 6.51373
      vertex -8.04468 0 7.05499
      vertex -8.48888 0 6.51373
    endloop
  endfacet
  facet normal 0.729872 0 -0.683584
    outer loop
      vertex -7.56604 0 7.56604
      vertex -8.04468 40 7.05499
      vertex -7.56604 40 7.56604
    endloop
  endfacet
  facet normal 0.729872 0 -0.683584
    outer loop
      vertex -8.04468 40 7.05499
      vertex -7.56604 0 7.56604
      vertex -8.04468 0 7.05499
    endloop
  endfacet
  facet normal 0.684042 0 -0.729443
    outer loop
      vertex -7.56604 0 7.56604
      vertex -7.56363 40 7.5683
      vertex -7.56363 0 7.5683
    endloop
  endfacet
  facet normal 0.684042 0 -0.729443
    outer loop
      vertex -7.56363 40 7.5683
      vertex -7.56604 0 7.56604
      vertex -7.56604 40 7.56604
    endloop
  endfacet
  facet normal 0.707105 0 -0.707108
    outer loop
      vertex 0 0 15.1319
      vertex -7.56363 40 7.5683
      vertex 0 40 15.1319
    endloop
  endfacet
  facet normal 0.707105 0 -0.707108
    outer loop
      vertex -7.56363 40 7.5683
      vertex 0 0 15.1319
      vertex -7.56363 0 7.5683
    endloop
  endfacet
  facet normal -0.707105 0 -0.707108
    outer loop
      vertex 7.56363 0 7.5683
      vertex 0 40 15.1319
      vertex 7.56363 40 7.5683
    endloop
  endfacet
  facet normal -0.707105 -0 -0.707108
    outer loop
      vertex 0 40 15.1319
      vertex 7.56363 0 7.5683
      vertex 0 0 15.1319
    endloop
  endfacet
  facet normal -0.684042 0 -0.729443
    outer loop
      vertex 7.56363 0 7.5683
      vertex 7.56604 40 7.56604
      vertex 7.56604 0 7.56604
    endloop
  endfacet
  facet normal -0.684042 0 -0.729443
    outer loop
      vertex 7.56604 40 7.56604
      vertex 7.56363 0 7.5683
      vertex 7.56363 40 7.5683
    endloop
  endfacet
  facet normal -0.729872 0 -0.683584
    outer loop
      vertex 8.04468 0 7.05499
      vertex 7.56604 40 7.56604
      vertex 8.04468 40 7.05499
    endloop
  endfacet
  facet normal -0.729872 -0 -0.683584
    outer loop
      vertex 7.56604 40 7.56604
      vertex 8.04468 0 7.05499
      vertex 7.56604 0 7.56604
    endloop
  endfacet
  facet normal -0.773011 0 -0.634393
    outer loop
      vertex 8.48888 0 6.51373
      vertex 8.04468 40 7.05499
      vertex 8.48888 40 6.51373
    endloop
  endfacet
  facet normal -0.773011 -0 -0.634393
    outer loop
      vertex 8.04468 40 7.05499
      vertex 8.48888 0 6.51373
      vertex 8.04468 0 7.05499
    endloop
  endfacet
  facet normal -0.812849 0 -0.582475
    outer loop
      vertex 8.89671 0 5.9446
      vertex 8.48888 40 6.51373
      vertex 8.89671 40 5.9446
    endloop
  endfacet
  facet normal -0.812849 -0 -0.582475
    outer loop
      vertex 8.48888 40 6.51373
      vertex 8.89671 0 5.9446
      vertex 8.48888 0 6.51373
    endloop
  endfacet
  facet normal -0.849204 0 -0.528066
    outer loop
      vertex 9.26646 0 5.34999
      vertex 8.89671 40 5.9446
      vertex 9.26646 40 5.34999
    endloop
  endfacet
  facet normal -0.849204 -0 -0.528066
    outer loop
      vertex 8.89671 40 5.9446
      vertex 9.26646 0 5.34999
      vertex 8.89671 0 5.9446
    endloop
  endfacet
  facet normal -0.881919 0 -0.471401
    outer loop
      vertex 9.59653 0 4.73248
      vertex 9.26646 40 5.34999
      vertex 9.59653 40 4.73248
    endloop
  endfacet
  facet normal -0.881919 -0 -0.471401
    outer loop
      vertex 9.26646 40 5.34999
      vertex 9.59653 0 4.73248
      vertex 9.26646 0 5.34999
    endloop
  endfacet
  facet normal -0.910864 0 -0.412707
    outer loop
      vertex 9.8855 0 4.09471
      vertex 9.59653 40 4.73248
      vertex 9.8855 40 4.09471
    endloop
  endfacet
  facet normal -0.910864 -0 -0.412707
    outer loop
      vertex 9.59653 40 4.73248
      vertex 9.8855 0 4.09471
      vertex 9.59653 0 4.73248
    endloop
  endfacet
  facet normal -0.935927 0 -0.352194
    outer loop
      vertex 10.1321 0 3.43939
      vertex 9.8855 40 4.09471
      vertex 10.1321 40 3.43939
    endloop
  endfacet
  facet normal -0.935927 -0 -0.352194
    outer loop
      vertex 9.8855 40 4.09471
      vertex 10.1321 0 3.43939
      vertex 9.8855 0 4.09471
    endloop
  endfacet
  facet normal -0.956921 0 -0.290348
    outer loop
      vertex 10.3354 0 2.76936
      vertex 10.1321 40 3.43939
      vertex 10.3354 40 2.76936
    endloop
  endfacet
  facet normal -0.956921 -0 -0.290348
    outer loop
      vertex 10.1321 40 3.43939
      vertex 10.3354 0 2.76936
      vertex 10.1321 0 3.43939
    endloop
  endfacet
  facet normal -0.973876 0 -0.227081
    outer loop
      vertex 10.4944 0 2.08746
      vertex 10.3354 40 2.76936
      vertex 10.4944 40 2.08746
    endloop
  endfacet
  facet normal -0.973876 -0 -0.227081
    outer loop
      vertex 10.3354 40 2.76936
      vertex 10.4944 0 2.08746
      vertex 10.3354 0 2.76936
    endloop
  endfacet
  facet normal -0.986634 0 -0.162954
    outer loop
      vertex 10.6085 0 1.39662
      vertex 10.4944 40 2.08746
      vertex 10.6085 40 1.39662
    endloop
  endfacet
  facet normal -0.986634 -0 -0.162954
    outer loop
      vertex 10.4944 40 2.08746
      vertex 10.6085 0 1.39662
      vertex 10.4944 0 2.08746
    endloop
  endfacet
  facet normal -0.995189 0 -0.0979735
    outer loop
      vertex 10.6771 0 0.699799
      vertex 10.6085 40 1.39662
      vertex 10.6771 40 0.699799
    endloop
  endfacet
  facet normal -0.995189 -0 -0.0979735
    outer loop
      vertex 10.6085 40 1.39662
      vertex 10.6771 0 0.699799
      vertex 10.6085 0 1.39662
    endloop
  endfacet
  facet normal -0.999465 0 -0.0327062
    outer loop
      vertex 10.7 0 0
      vertex 10.6771 40 0.699799
      vertex 10.7 40 0
    endloop
  endfacet
  facet normal -0.999465 -0 -0.0327062
    outer loop
      vertex 10.6771 40 0.699799
      vertex 10.7 0 0
      vertex 10.6771 0 0.699799
    endloop
  endfacet
  facet normal 0 0 -1
    outer loop
      vertex 50.1319 0 0
      vertex 46.6319 20 0
      vertex 50.1319 40 0
    endloop
  endfacet
  facet normal 0 0 -1
    outer loop
      vertex 50.1319 0 0
      vertex 46.618 19.5749 0
      vertex 46.6319 20 0
    endloop
  endfacet
  facet normal 0 0 -1
    outer loop
      vertex 50.1319 0 0
      vertex 46.5763 19.1516 0
      vertex 46.618 19.5749 0
    endloop
  endfacet
  facet normal 0 0 -1
    outer loop
      vertex 50.1319 0 0
      vertex 46.507 18.7319 0
      vertex 46.5763 19.1516 0
    endloop
  endfacet
  facet normal 0 0 -1
    outer loop
      vertex 50.1319 0 0
      vertex 46.4105 18.3177 0
      vertex 46.507 18.7319 0
    endloop
  endfacet
  facet normal 0 0 -1
    outer loop
      vertex 50.1319 0 0
      vertex 46.287 17.9106 0
      vertex 46.4105 18.3177 0
    endloop
  endfacet
  facet normal 0 0 -1
    outer loop
      vertex 50.1319 0 0
      vertex 46.1372 17.5126 0
      vertex 46.287 17.9106 0
    endloop
  endfacet
  facet normal 0 0 -1
    outer loop
      vertex 50.1319 0 0
      vertex 45.9616 17.1251 0
      vertex 46.1372 17.5126 0
    endloop
  endfacet
  facet normal 0 0 -1
    outer loop
      vertex 50.1319 0 0
      vertex 45.7611 16.75 0
      vertex 45.9616 17.1251 0
    endloop
  endfacet
  facet normal 0 0 -1
    outer loop
      vertex 50.1319 0 0
      vertex 45.5365 16.3888 0
      vertex 45.7611 16.75 0
    endloop
  endfacet
  facet normal 0 0 -1
    outer loop
      vertex 50.1319 0 0
      vertex 45.2887 16.043 0
      vertex 45.5365 16.3888 0
    endloop
  endfacet
  facet normal 0 0 -1
    outer loop
      vertex 50.1319 0 0
      vertex 45.0189 15.7143 0
      vertex 45.2887 16.043 0
    endloop
  endfacet
  facet normal 0 0 -1
    outer loop
      vertex 50.1319 0 0
      vertex 44.7281 15.4038 0
      vertex 45.0189 15.7143 0
    endloop
  endfacet
  facet normal 0 0 -1
    outer loop
      vertex 50.1319 0 0
      vertex 44.4177 15.113 0
      vertex 44.7281 15.4038 0
    endloop
  endfacet
  facet normal 0 0 -1
    outer loop
      vertex 50.1319 0 0
      vertex 44.0889 14.8432 0
      vertex 44.4177 15.113 0
    endloop
  endfacet
  facet normal 0 0 -1
    outer loop
      vertex 50.1319 0 0
      vertex 43.7431 14.5954 0
      vertex 44.0889 14.8432 0
    endloop
  endfacet
  facet normal 0 0 -1
    outer loop
      vertex 50.1319 0 0
      vertex 43.3819 14.3708 0
      vertex 43.7431 14.5954 0
    endloop
  endfacet
  facet normal 0 0 -1
    outer loop
      vertex 50.1319 0 0
      vertex 43.0068 14.1703 0
      vertex 43.3819 14.3708 0
    endloop
  endfacet
  facet normal 0 0 -1
    outer loop
      vertex 50.1319 0 0
      vertex 42.6194 13.9948 0
      vertex 43.0068 14.1703 0
    endloop
  endfacet
  facet normal 0 0 -1
    outer loop
      vertex 50.1319 0 0
      vertex 42.2213 13.845 0
      vertex 42.6194 13.9948 0
    endloop
  endfacet
  facet normal 0 0 -1
    outer loop
      vertex 50.1319 0 0
      vertex 41.8143 13.7215 0
      vertex 42.2213 13.845 0
    endloop
  endfacet
  facet normal 0 0 -1
    outer loop
      vertex 50.1319 0 0
      vertex 41.4 13.6249 0
      vertex 41.8143 13.7215 0
    endloop
  endfacet
  facet normal 0 0 -1
    outer loop
      vertex 50.1319 0 0
      vertex 40.9804 13.5556 0
      vertex 41.4 13.6249 0
    endloop
  endfacet
  facet normal 0 0 -1
    outer loop
      vertex 50.1319 0 0
      vertex 40.5571 13.5139 0
      vertex 40.9804 13.5556 0
    endloop
  endfacet
  facet normal 0 0 -1
    outer loop
      vertex 50.1319 0 0
      vertex 40.1319 13.5 0
      vertex 40.5571 13.5139 0
    endloop
  endfacet
  facet normal 0 0 -1
    outer loop
      vertex 50.1319 0 0
      vertex 39.7068 13.5139 0
      vertex 40.1319 13.5 0
    endloop
  endfacet
  facet normal 0 0 -1
    outer loop
      vertex 50.1319 0 0
      vertex 39.2835 13.5556 0
      vertex 39.7068 13.5139 0
    endloop
  endfacet
  facet normal 0 0 -1
    outer loop
      vertex 50.1319 0 0
      vertex 38.8639 13.6249 0
      vertex 39.2835 13.5556 0
    endloop
  endfacet
  facet normal 0 0 -1
    outer loop
      vertex 50.1319 0 0
      vertex 38.4496 13.7215 0
      vertex 38.8639 13.6249 0
    endloop
  endfacet
  facet normal 0 0 -1
    outer loop
      vertex 50.1319 0 0
      vertex 38.0426 13.845 0
      vertex 38.4496 13.7215 0
    endloop
  endfacet
  facet normal 0 0 -1
    outer loop
      vertex 50.1319 0 0
      vertex 37.6445 13.9948 0
      vertex 38.0426 13.845 0
    endloop
  endfacet
  facet normal 0 0 -1
    outer loop
      vertex 10.7 0 0
      vertex 37.6445 13.9948 0
      vertex 50.1319 0 0
    endloop
  endfacet
  facet normal -0 0 -1
    outer loop
      vertex 37.6445 13.9948 0
      vertex 10.7 0 0
      vertex 37.2571 14.1703 0
    endloop
  endfacet
  facet normal -0 0 -1
    outer loop
      vertex 37.2571 14.1703 0
      vertex 10.7 0 0
      vertex 36.8819 14.3708 0
    endloop
  endfacet
  facet normal -0 0 -1
    outer loop
      vertex 36.8819 14.3708 0
      vertex 10.7 0 0
      vertex 36.5207 14.5954 0
    endloop
  endfacet
  facet normal 0 -0 -1
    outer loop
      vertex 26.3118 17.2559 0
      vertex 36.5207 14.5954 0
      vertex 10.7 0 0
    endloop
  endfacet
  facet normal 0 -0 -1
    outer loop
      vertex 26.4909 17.2735 0
      vertex 36.5207 14.5954 0
      vertex 26.3118 17.2559 0
    endloop
  endfacet
  facet normal 0 0 -1
    outer loop
      vertex 28.8761 19.8201 0
      vertex 33.6319 20 0
      vertex 33.6459 19.5749 0
    endloop
  endfacet
  facet normal 0 0 -1
    outer loop
      vertex 28.8291 19.4635 0
      vertex 33.6459 19.5749 0
      vertex 33.6875 19.1516 0
    endloop
  endfacet
  facet normal 0 0 -1
    outer loop
      vertex 28.7882 19.2882 0
      vertex 33.6875 19.1516 0
      vertex 33.7568 18.7319 0
    endloop
  endfacet
  facet normal 0 0 -1
    outer loop
      vertex 28.6726 18.9476 0
      vertex 33.7568 18.7319 0
      vertex 33.8534 18.3177 0
    endloop
  endfacet
  facet normal 0 0 -1
    outer loop
      vertex 28.5135 18.625 0
      vertex 33.8534 18.3177 0
      vertex 33.9769 17.9106 0
    endloop
  endfacet
  facet normal 0 0 -1
    outer loop
      vertex 28.4185 18.4722 0
      vertex 33.9769 17.9106 0
      vertex 34.1267 17.5126 0
    endloop
  endfacet
  facet normal 0 0 -1
    outer loop
      vertex 28.1995 18.1868 0
      vertex 34.1267 17.5126 0
      vertex 34.3023 17.1251 0
    endloop
  endfacet
  facet normal 0 0 -1
    outer loop
      vertex 28.0765 18.0555 0
      vertex 34.3023 17.1251 0
      vertex 34.5028 16.75 0
    endloop
  endfacet
  facet normal 0 0 -1
    outer loop
      vertex 27.806 17.8183 0
      vertex 34.5028 16.75 0
      vertex 34.7274 16.3888 0
    endloop
  endfacet
  facet normal 0 0 -1
    outer loop
      vertex 27.6598 17.7135 0
      vertex 34.7274 16.3888 0
      vertex 34.9751 16.043 0
    endloop
  endfacet
  facet normal 0 0 -1
    outer loop
      vertex 27.3482 17.5336 0
      vertex 34.9751 16.043 0
      vertex 35.245 15.7143 0
    endloop
  endfacet
  facet normal 0 0 -1
    outer loop
      vertex 27.1843 17.4593 0
      vertex 35.245 15.7143 0
      vertex 35.5357 15.4038 0
    endloop
  endfacet
  facet normal 0 0 -1
    outer loop
      vertex 36.5207 14.5954 0
      vertex 26.4909 17.2735 0
      vertex 36.175 14.8432 0
    endloop
  endfacet
  facet normal -0 0 -1
    outer loop
      vertex 33.6319 20 0
      vertex 28.8761 19.8201 0
      vertex 28.8819 20 0
    endloop
  endfacet
  facet normal 0 0 -1
    outer loop
      vertex 33.6459 19.5749 0
      vertex 28.8584 19.6411 0
      vertex 28.8761 19.8201 0
    endloop
  endfacet
  facet normal -0 0 -1
    outer loop
      vertex 33.6459 19.5749 0
      vertex 28.8291 19.4635 0
      vertex 28.8584 19.6411 0
    endloop
  endfacet
  facet normal 0 0 -1
    outer loop
      vertex 33.6875 19.1516 0
      vertex 28.7882 19.2882 0
      vertex 28.8291 19.4635 0
    endloop
  endfacet
  facet normal 0 0 -1
    outer loop
      vertex 33.7568 18.7319 0
      vertex 28.736 19.116 0
      vertex 28.7882 19.2882 0
    endloop
  endfacet
  facet normal 0 0 -1
    outer loop
      vertex 33.7568 18.7319 0
      vertex 28.6726 18.9476 0
      vertex 28.736 19.116 0
    endloop
  endfacet
  facet normal 0 0 -1
    outer loop
      vertex 33.8534 18.3177 0
      vertex 28.5983 18.7837 0
      vertex 28.6726 18.9476 0
    endloop
  endfacet
  facet normal 0 0 -1
    outer loop
      vertex 33.8534 18.3177 0
      vertex 28.5135 18.625 0
      vertex 28.5983 18.7837 0
    endloop
  endfacet
  facet normal 0 0 -1
    outer loop
      vertex 33.9769 17.9106 0
      vertex 28.4185 18.4722 0
      vertex 28.5135 18.625 0
    endloop
  endfacet
  facet normal 0 0 -1
    outer loop
      vertex 34.1267 17.5126 0
      vertex 28.3137 18.3259 0
      vertex 28.4185 18.4722 0
    endloop
  endfacet
  facet normal 0 0 -1
    outer loop
      vertex 34.1267 17.5126 0
      vertex 28.1995 18.1868 0
      vertex 28.3137 18.3259 0
    endloop
  endfacet
  facet normal 0 0 -1
    outer loop
      vertex 34.3023 17.1251 0
      vertex 28.0765 18.0555 0
      vertex 28.1995 18.1868 0
    endloop
  endfacet
  facet normal 0 0 -1
    outer loop
      vertex 34.5028 16.75 0
      vertex 27.9451 17.9324 0
      vertex 28.0765 18.0555 0
    endloop
  endfacet
  facet normal 0 0 -1
    outer loop
      vertex 34.5028 16.75 0
      vertex 27.806 17.8183 0
      vertex 27.9451 17.9324 0
    endloop
  endfacet
  facet normal 0 0 -1
    outer loop
      vertex 34.7274 16.3888 0
      vertex 27.6598 17.7135 0
      vertex 27.806 17.8183 0
    endloop
  endfacet
  facet normal 0 0 -1
    outer loop
      vertex 34.9751 16.043 0
      vertex 27.5069 17.6184 0
      vertex 27.6598 17.7135 0
    endloop
  endfacet
  facet normal 0 0 -1
    outer loop
      vertex 34.9751 16.043 0
      vertex 27.3482 17.5336 0
      vertex 27.5069 17.6184 0
    endloop
  endfacet
  facet normal 0 0 -1
    outer loop
      vertex 35.245 15.7143 0
      vertex 27.1843 17.4593 0
      vertex 27.3482 17.5336 0
    endloop
  endfacet
  facet normal 0 0 -1
    outer loop
      vertex 35.5357 15.4038 0
      vertex 27.0159 17.3959 0
      vertex 27.1843 17.4593 0
    endloop
  endfacet
  facet normal 0 0 -1
    outer loop
      vertex 35.5357 15.4038 0
      vertex 26.8437 17.3437 0
      vertex 27.0159 17.3959 0
    endloop
  endfacet
  facet normal 0 0 -1
    outer loop
      vertex 35.8462 15.113 0
      vertex 26.8437 17.3437 0
      vertex 35.5357 15.4038 0
    endloop
  endfacet
  facet normal 0 -0 -1
    outer loop
      vertex 26.6684 17.3028 0
      vertex 36.175 14.8432 0
      vertex 26.4909 17.2735 0
    endloop
  endfacet
  facet normal 0 -0 -1
    outer loop
      vertex 26.8437 17.3437 0
      vertex 35.8462 15.113 0
      vertex 26.6684 17.3028 0
    endloop
  endfacet
  facet normal 0 0 -1
    outer loop
      vertex 36.175 14.8432 0
      vertex 26.6684 17.3028 0
      vertex 35.8462 15.113 0
    endloop
  endfacet
  facet normal 0 0 -1
    outer loop
      vertex 26.3118 17.2559 0
      vertex 10.7 0 0
      vertex 26.1319 17.25 0
    endloop
  endfacet
  facet normal -0 0 -1
    outer loop
      vertex 26.1319 17.25 0
      vertex 10.7 0 0
      vertex 25.9521 17.2559 0
    endloop
  endfacet
  facet normal -0 0 -1
    outer loop
      vertex 25.9521 17.2559 0
      vertex 10.7 0 0
      vertex 25.773 17.2735 0
    endloop
  endfacet
  facet normal -0 0 -1
    outer loop
      vertex 25.773 17.2735 0
      vertex 10.7 0 0
      vertex 25.5954 17.3028 0
    endloop
  endfacet
  facet normal -0 0 -1
    outer loop
      vertex 25.5954 17.3028 0
      vertex 10.7 0 0
      vertex 25.4202 17.3437 0
    endloop
  endfacet
  facet normal -0 0 -1
    outer loop
      vertex 25.4202 17.3437 0
      vertex 10.7 0 0
      vertex 25.248 17.3959 0
    endloop
  endfacet
  facet normal -0 0 -1
    outer loop
      vertex 25.248 17.3959 0
      vertex 10.7 0 0
      vertex 25.0796 17.4593 0
    endloop
  endfacet
  facet normal -0 0 -1
    outer loop
      vertex 25.0796 17.4593 0
      vertex 10.7 0 0
      vertex 24.9156 17.5336 0
    endloop
  endfacet
  facet normal -0 0 -1
    outer loop
      vertex 24.9156 17.5336 0
      vertex 10.7 0 0
      vertex 24.7569 17.6184 0
    endloop
  endfacet
  facet normal -0 0 -1
    outer loop
      vertex 23.3878 19.8201 0
      vertex 10.7 0 0
      vertex 23.3819 20 0
    endloop
  endfacet
  facet normal -0 0 -1
    outer loop
      vertex 23.4055 19.6411 0
      vertex 10.7 0 0
      vertex 23.3878 19.8201 0
    endloop
  endfacet
  facet normal -0 0 -1
    outer loop
      vertex 23.4348 19.4635 0
      vertex 10.7 0 0
      vertex 23.4055 19.6411 0
    endloop
  endfacet
  facet normal -0 0 -1
    outer loop
      vertex 23.4756 19.2882 0
      vertex 10.7 0 0
      vertex 23.4348 19.4635 0
    endloop
  endfacet
  facet normal -0 0 -1
    outer loop
      vertex 23.5279 19.116 0
      vertex 10.7 0 0
      vertex 23.4756 19.2882 0
    endloop
  endfacet
  facet normal -0 0 -1
    outer loop
      vertex 23.5913 18.9476 0
      vertex 10.7 0 0
      vertex 23.5279 19.116 0
    endloop
  endfacet
  facet normal -0 0 -1
    outer loop
      vertex 23.6655 18.7837 0
      vertex 10.7 0 0
      vertex 23.5913 18.9476 0
    endloop
  endfacet
  facet normal -0 0 -1
    outer loop
      vertex 23.7504 18.625 0
      vertex 10.7 0 0
      vertex 23.6655 18.7837 0
    endloop
  endfacet
  facet normal -0 0 -1
    outer loop
      vertex 23.8454 18.4722 0
      vertex 10.7 0 0
      vertex 23.7504 18.625 0
    endloop
  endfacet
  facet normal -0 0 -1
    outer loop
      vertex 23.9502 18.3259 0
      vertex 10.7 0 0
      vertex 23.8454 18.4722 0
    endloop
  endfacet
  facet normal -0 0 -1
    outer loop
      vertex 24.0644 18.1868 0
      vertex 10.7 0 0
      vertex 23.9502 18.3259 0
    endloop
  endfacet
  facet normal -0 0 -1
    outer loop
      vertex 24.1874 18.0555 0
      vertex 10.7 0 0
      vertex 24.0644 18.1868 0
    endloop
  endfacet
  facet normal -0 0 -1
    outer loop
      vertex 24.3187 17.9324 0
      vertex 10.7 0 0
      vertex 24.1874 18.0555 0
    endloop
  endfacet
  facet normal -0 0 -1
    outer loop
      vertex 24.4578 17.8183 0
      vertex 10.7 0 0
      vertex 24.3187 17.9324 0
    endloop
  endfacet
  facet normal -0 0 -1
    outer loop
      vertex 24.6041 17.7135 0
      vertex 10.7 0 0
      vertex 24.4578 17.8183 0
    endloop
  endfacet
  facet normal -0 0 -1
    outer loop
      vertex 24.7569 17.6184 0
      vertex 10.7 0 0
      vertex 24.6041 17.7135 0
    endloop
  endfacet
  facet normal 0 0 -1
    outer loop
      vertex 46.618 20.4251 0
      vertex 50.1319 40 0
      vertex 46.6319 20 0
    endloop
  endfacet
  facet normal 0 0 -1
    outer loop
      vertex 46.5763 20.8484 0
      vertex 50.1319 40 0
      vertex 46.618 20.4251 0
    endloop
  endfacet
  facet normal 0 0 -1
    outer loop
      vertex 46.507 21.2681 0
      vertex 50.1319 40 0
      vertex 46.5763 20.8484 0
    endloop
  endfacet
  facet normal 0 0 -1
    outer loop
      vertex 46.4105 21.6823 0
      vertex 50.1319 40 0
      vertex 46.507 21.2681 0
    endloop
  endfacet
  facet normal 0 0 -1
    outer loop
      vertex 46.287 22.0894 0
      vertex 50.1319 40 0
      vertex 46.4105 21.6823 0
    endloop
  endfacet
  facet normal 0 0 -1
    outer loop
      vertex 46.1372 22.4874 0
      vertex 50.1319 40 0
      vertex 46.287 22.0894 0
    endloop
  endfacet
  facet normal 0 0 -1
    outer loop
      vertex 45.9616 22.8749 0
      vertex 50.1319 40 0
      vertex 46.1372 22.4874 0
    endloop
  endfacet
  facet normal 0 0 -1
    outer loop
      vertex 45.7611 23.25 0
      vertex 50.1319 40 0
      vertex 45.9616 22.8749 0
    endloop
  endfacet
  facet normal 0 0 -1
    outer loop
      vertex 45.5365 23.6112 0
      vertex 50.1319 40 0
      vertex 45.7611 23.25 0
    endloop
  endfacet
  facet normal 0 0 -1
    outer loop
      vertex 45.2887 23.9569 0
      vertex 50.1319 40 0
      vertex 45.5365 23.6112 0
    endloop
  endfacet
  facet normal 0 0 -1
    outer loop
      vertex 45.0189 24.2857 0
      vertex 50.1319 40 0
      vertex 45.2887 23.9569 0
    endloop
  endfacet
  facet normal 0 0 -1
    outer loop
      vertex 44.7281 24.5962 0
      vertex 50.1319 40 0
      vertex 45.0189 24.2857 0
    endloop
  endfacet
  facet normal 0 0 -1
    outer loop
      vertex 44.4177 24.887 0
      vertex 50.1319 40 0
      vertex 44.7281 24.5962 0
    endloop
  endfacet
  facet normal 0 0 -1
    outer loop
      vertex 44.0889 25.1568 0
      vertex 50.1319 40 0
      vertex 44.4177 24.887 0
    endloop
  endfacet
  facet normal 0 0 -1
    outer loop
      vertex 43.7431 25.4046 0
      vertex 50.1319 40 0
      vertex 44.0889 25.1568 0
    endloop
  endfacet
  facet normal 0 0 -1
    outer loop
      vertex 43.3819 25.6292 0
      vertex 50.1319 40 0
      vertex 43.7431 25.4046 0
    endloop
  endfacet
  facet normal 0 0 -1
    outer loop
      vertex 43.0068 25.8297 0
      vertex 50.1319 40 0
      vertex 43.3819 25.6292 0
    endloop
  endfacet
  facet normal 0 0 -1
    outer loop
      vertex 42.6194 26.0052 0
      vertex 50.1319 40 0
      vertex 43.0068 25.8297 0
    endloop
  endfacet
  facet normal 0 0 -1
    outer loop
      vertex 42.2213 26.155 0
      vertex 50.1319 40 0
      vertex 42.6194 26.0052 0
    endloop
  endfacet
  facet normal 0 0 -1
    outer loop
      vertex 41.8143 26.2785 0
      vertex 50.1319 40 0
      vertex 42.2213 26.155 0
    endloop
  endfacet
  facet normal 0 0 -1
    outer loop
      vertex 41.4 26.3751 0
      vertex 50.1319 40 0
      vertex 41.8143 26.2785 0
    endloop
  endfacet
  facet normal 0 0 -1
    outer loop
      vertex 40.9804 26.4444 0
      vertex 50.1319 40 0
      vertex 41.4 26.3751 0
    endloop
  endfacet
  facet normal 0 0 -1
    outer loop
      vertex 40.5571 26.4861 0
      vertex 50.1319 40 0
      vertex 40.9804 26.4444 0
    endloop
  endfacet
  facet normal 0 0 -1
    outer loop
      vertex 40.1319 26.5 0
      vertex 50.1319 40 0
      vertex 40.5571 26.4861 0
    endloop
  endfacet
  facet normal 0 0 -1
    outer loop
      vertex 39.7068 26.4861 0
      vertex 50.1319 40 0
      vertex 40.1319 26.5 0
    endloop
  endfacet
  facet normal 0 0 -1
    outer loop
      vertex 39.2835 26.4444 0
      vertex 50.1319 40 0
      vertex 39.7068 26.4861 0
    endloop
  endfacet
  facet normal 0 0 -1
    outer loop
      vertex 38.8639 26.3751 0
      vertex 50.1319 40 0
      vertex 39.2835 26.4444 0
    endloop
  endfacet
  facet normal 0 0 -1
    outer loop
      vertex 38.4496 26.2785 0
      vertex 50.1319 40 0
      vertex 38.8639 26.3751 0
    endloop
  endfacet
  facet normal 0 0 -1
    outer loop
      vertex 38.0426 26.155 0
      vertex 50.1319 40 0
      vertex 38.4496 26.2785 0
    endloop
  endfacet
  facet normal 0 0 -1
    outer loop
      vertex 37.6445 26.0052 0
      vertex 50.1319 40 0
      vertex 38.0426 26.155 0
    endloop
  endfacet
  facet normal 0 0 -1
    outer loop
      vertex 10.7 40 0
      vertex 37.6445 26.0052 0
      vertex 37.2571 25.8297 0
    endloop
  endfacet
  facet normal 0 0 -1
    outer loop
      vertex 10.7 40 0
      vertex 37.2571 25.8297 0
      vertex 36.8819 25.6292 0
    endloop
  endfacet
  facet normal 0 0 -1
    outer loop
      vertex 10.7 40 0
      vertex 36.8819 25.6292 0
      vertex 36.5207 25.4046 0
    endloop
  endfacet
  facet normal 0 0 -1
    outer loop
      vertex 26.4909 22.7265 0
      vertex 36.5207 25.4046 0
      vertex 36.175 25.1568 0
    endloop
  endfacet
  facet normal 0 0 -1
    outer loop
      vertex 26.6684 22.6972 0
      vertex 36.175 25.1568 0
      vertex 35.8462 24.887 0
    endloop
  endfacet
  facet normal 0 0 -1
    outer loop
      vertex 26.8437 22.6563 0
      vertex 35.8462 24.887 0
      vertex 35.5357 24.5962 0
    endloop
  endfacet
  facet normal 0 0 -1
    outer loop
      vertex 28.8761 20.1799 0
      vertex 33.6319 20 0
      vertex 28.8819 20 0
    endloop
  endfacet
  facet normal 0 0 -1
    outer loop
      vertex 33.6319 20 0
      vertex 28.8761 20.1799 0
      vertex 33.6459 20.4251 0
    endloop
  endfacet
  facet normal 0 0 -1
    outer loop
      vertex 28.8584 20.3589 0
      vertex 33.6459 20.4251 0
      vertex 28.8761 20.1799 0
    endloop
  endfacet
  facet normal 0 0 -1
    outer loop
      vertex 28.8291 20.5365 0
      vertex 33.6459 20.4251 0
      vertex 28.8584 20.3589 0
    endloop
  endfacet
  facet normal 0 0 -1
    outer loop
      vertex 33.6459 20.4251 0
      vertex 28.8291 20.5365 0
      vertex 33.6875 20.8484 0
    endloop
  endfacet
  facet normal 0 0 -1
    outer loop
      vertex 28.7882 20.7118 0
      vertex 33.6875 20.8484 0
      vertex 28.8291 20.5365 0
    endloop
  endfacet
  facet normal -0 0 -1
    outer loop
      vertex 33.6875 20.8484 0
      vertex 28.7882 20.7118 0
      vertex 33.7568 21.2681 0
    endloop
  endfacet
  facet normal 0 0 -1
    outer loop
      vertex 28.736 20.884 0
      vertex 33.7568 21.2681 0
      vertex 28.7882 20.7118 0
    endloop
  endfacet
  facet normal 0 0 -1
    outer loop
      vertex 28.6726 21.0524 0
      vertex 33.7568 21.2681 0
      vertex 28.736 20.884 0
    endloop
  endfacet
  facet normal -0 0 -1
    outer loop
      vertex 33.7568 21.2681 0
      vertex 28.6726 21.0524 0
      vertex 33.8534 21.6823 0
    endloop
  endfacet
  facet normal 0 0 -1
    outer loop
      vertex 28.5983 21.2163 0
      vertex 33.8534 21.6823 0
      vertex 28.6726 21.0524 0
    endloop
  endfacet
  facet normal 0 0 -1
    outer loop
      vertex 28.5135 21.375 0
      vertex 33.8534 21.6823 0
      vertex 28.5983 21.2163 0
    endloop
  endfacet
  facet normal -0 0 -1
    outer loop
      vertex 33.8534 21.6823 0
      vertex 28.5135 21.375 0
      vertex 33.9769 22.0894 0
    endloop
  endfacet
  facet normal 0 0 -1
    outer loop
      vertex 28.4185 21.5278 0
      vertex 33.9769 22.0894 0
      vertex 28.5135 21.375 0
    endloop
  endfacet
  facet normal -0 0 -1
    outer loop
      vertex 33.9769 22.0894 0
      vertex 28.4185 21.5278 0
      vertex 34.1267 22.4874 0
    endloop
  endfacet
  facet normal 0 0 -1
    outer loop
      vertex 28.3137 21.6741 0
      vertex 34.1267 22.4874 0
      vertex 28.4185 21.5278 0
    endloop
  endfacet
  facet normal 0 0 -1
    outer loop
      vertex 28.1995 21.8132 0
      vertex 34.1267 22.4874 0
      vertex 28.3137 21.6741 0
    endloop
  endfacet
  facet normal -0 0 -1
    outer loop
      vertex 34.1267 22.4874 0
      vertex 28.1995 21.8132 0
      vertex 34.3023 22.8749 0
    endloop
  endfacet
  facet normal 0 0 -1
    outer loop
      vertex 28.0765 21.9445 0
      vertex 34.3023 22.8749 0
      vertex 28.1995 21.8132 0
    endloop
  endfacet
  facet normal -0 0 -1
    outer loop
      vertex 34.3023 22.8749 0
      vertex 28.0765 21.9445 0
      vertex 34.5028 23.25 0
    endloop
  endfacet
  facet normal 0 0 -1
    outer loop
      vertex 27.9451 22.0676 0
      vertex 34.5028 23.25 0
      vertex 28.0765 21.9445 0
    endloop
  endfacet
  facet normal 0 0 -1
    outer loop
      vertex 27.806 22.1817 0
      vertex 34.5028 23.25 0
      vertex 27.9451 22.0676 0
    endloop
  endfacet
  facet normal -0 0 -1
    outer loop
      vertex 34.5028 23.25 0
      vertex 27.806 22.1817 0
      vertex 34.7274 23.6112 0
    endloop
  endfacet
  facet normal 0 0 -1
    outer loop
      vertex 27.6598 22.2865 0
      vertex 34.7274 23.6112 0
      vertex 27.806 22.1817 0
    endloop
  endfacet
  facet normal -0 0 -1
    outer loop
      vertex 34.7274 23.6112 0
      vertex 27.6598 22.2865 0
      vertex 34.9751 23.9569 0
    endloop
  endfacet
  facet normal 0 0 -1
    outer loop
      vertex 27.5069 22.3816 0
      vertex 34.9751 23.9569 0
      vertex 27.6598 22.2865 0
    endloop
  endfacet
  facet normal 0 0 -1
    outer loop
      vertex 27.3482 22.4664 0
      vertex 34.9751 23.9569 0
      vertex 27.5069 22.3816 0
    endloop
  endfacet
  facet normal -0 0 -1
    outer loop
      vertex 34.9751 23.9569 0
      vertex 27.3482 22.4664 0
      vertex 35.245 24.2857 0
    endloop
  endfacet
  facet normal 0 0 -1
    outer loop
      vertex 27.1843 22.5407 0
      vertex 35.245 24.2857 0
      vertex 27.3482 22.4664 0
    endloop
  endfacet
  facet normal -0 0 -1
    outer loop
      vertex 35.245 24.2857 0
      vertex 27.1843 22.5407 0
      vertex 35.5357 24.5962 0
    endloop
  endfacet
  facet normal 0 0 -1
    outer loop
      vertex 27.0159 22.6041 0
      vertex 35.5357 24.5962 0
      vertex 27.1843 22.5407 0
    endloop
  endfacet
  facet normal 0 0 -1
    outer loop
      vertex 26.8437 22.6563 0
      vertex 35.5357 24.5962 0
      vertex 27.0159 22.6041 0
    endloop
  endfacet
  facet normal 0 0 -1
    outer loop
      vertex 35.8462 24.887 0
      vertex 26.8437 22.6563 0
      vertex 26.6684 22.6972 0
    endloop
  endfacet
  facet normal 0 0 -1
    outer loop
      vertex 36.175 25.1568 0
      vertex 26.6684 22.6972 0
      vertex 26.4909 22.7265 0
    endloop
  endfacet
  facet normal 0 0 -1
    outer loop
      vertex 36.5207 25.4046 0
      vertex 26.4909 22.7265 0
      vertex 26.3118 22.7441 0
    endloop
  endfacet
  facet normal -0 0 -1
    outer loop
      vertex 36.5207 25.4046 0
      vertex 26.3118 22.7441 0
      vertex 10.7 40 0
    endloop
  endfacet
  facet normal 0 0 -1
    outer loop
      vertex 10.7 40 0
      vertex 26.3118 22.7441 0
      vertex 26.1319 22.75 0
    endloop
  endfacet
  facet normal 0 0 -1
    outer loop
      vertex 10.7 40 0
      vertex 26.1319 22.75 0
      vertex 25.9521 22.7441 0
    endloop
  endfacet
  facet normal 0 0 -1
    outer loop
      vertex 10.7 40 0
      vertex 25.9521 22.7441 0
      vertex 25.773 22.7265 0
    endloop
  endfacet
  facet normal 0 0 -1
    outer loop
      vertex 10.7 40 0
      vertex 25.773 22.7265 0
      vertex 25.5954 22.6972 0
    endloop
  endfacet
  facet normal 0 0 -1
    outer loop
      vertex 10.7 40 0
      vertex 25.5954 22.6972 0
      vertex 25.4202 22.6563 0
    endloop
  endfacet
  facet normal 0 0 -1
    outer loop
      vertex 10.7 40 0
      vertex 25.4202 22.6563 0
      vertex 25.248 22.6041 0
    endloop
  endfacet
  facet normal 0 0 -1
    outer loop
      vertex 10.7 40 0
      vertex 25.248 22.6041 0
      vertex 25.0796 22.5407 0
    endloop
  endfacet
  facet normal 0 0 -1
    outer loop
      vertex 10.7 40 0
      vertex 25.0796 22.5407 0
      vertex 24.9156 22.4664 0
    endloop
  endfacet
  facet normal 0 0 -1
    outer loop
      vertex 10.7 40 0
      vertex 24.9156 22.4664 0
      vertex 24.7569 22.3816 0
    endloop
  endfacet
  facet normal 0 0 -1
    outer loop
      vertex 10.7 40 0
      vertex 24.7569 22.3816 0
      vertex 24.6041 22.2865 0
    endloop
  endfacet
  facet normal 0 0 -1
    outer loop
      vertex 10.7 40 0
      vertex 23.3819 20 0
      vertex 10.7 0 0
    endloop
  endfacet
  facet normal 0 0 -1
    outer loop
      vertex 23.3819 20 0
      vertex 10.7 40 0
      vertex 23.3878 20.1799 0
    endloop
  endfacet
  facet normal 0 0 -1
    outer loop
      vertex 23.3878 20.1799 0
      vertex 10.7 40 0
      vertex 23.4055 20.3589 0
    endloop
  endfacet
  facet normal 0 0 -1
    outer loop
      vertex 23.4055 20.3589 0
      vertex 10.7 40 0
      vertex 23.4348 20.5365 0
    endloop
  endfacet
  facet normal 0 0 -1
    outer loop
      vertex 23.4348 20.5365 0
      vertex 10.7 40 0
      vertex 23.4756 20.7118 0
    endloop
  endfacet
  facet normal 0 0 -1
    outer loop
      vertex 23.4756 20.7118 0
      vertex 10.7 40 0
      vertex 23.5279 20.884 0
    endloop
  endfacet
  facet normal 0 0 -1
    outer loop
      vertex 23.5279 20.884 0
      vertex 10.7 40 0
      vertex 23.5913 21.0524 0
    endloop
  endfacet
  facet normal 0 0 -1
    outer loop
      vertex 23.5913 21.0524 0
      vertex 10.7 40 0
      vertex 23.6655 21.2163 0
    endloop
  endfacet
  facet normal 0 0 -1
    outer loop
      vertex 37.6445 26.0052 0
      vertex 10.7 40 0
      vertex 50.1319 40 0
    endloop
  endfacet
  facet normal 0 0 -1
    outer loop
      vertex 24.4578 22.1817 0
      vertex 10.7 40 0
      vertex 24.6041 22.2865 0
    endloop
  endfacet
  facet normal 0 0 -1
    outer loop
      vertex 24.3187 22.0676 0
      vertex 10.7 40 0
      vertex 24.4578 22.1817 0
    endloop
  endfacet
  facet normal 0 0 -1
    outer loop
      vertex 24.1874 21.9445 0
      vertex 10.7 40 0
      vertex 24.3187 22.0676 0
    endloop
  endfacet
  facet normal 0 0 -1
    outer loop
      vertex 24.0644 21.8132 0
      vertex 10.7 40 0
      vertex 24.1874 21.9445 0
    endloop
  endfacet
  facet normal 0 0 -1
    outer loop
      vertex 23.9502 21.6741 0
      vertex 10.7 40 0
      vertex 24.0644 21.8132 0
    endloop
  endfacet
  facet normal 0 0 -1
    outer loop
      vertex 23.8454 21.5278 0
      vertex 10.7 40 0
      vertex 23.9502 21.6741 0
    endloop
  endfacet
  facet normal 0 0 -1
    outer loop
      vertex 23.7504 21.375 0
      vertex 10.7 40 0
      vertex 23.8454 21.5278 0
    endloop
  endfacet
  facet normal 0 0 -1
    outer loop
      vertex 23.6655 21.2163 0
      vertex 10.7 40 0
      vertex 23.7504 21.375 0
    endloop
  endfacet
  facet normal 1 -0 0
    outer loop
      vertex 50.1319 0 8
      vertex 50.1319 40 0
      vertex 50.1319 40 8
    endloop
  endfacet
  facet normal 1 0 0
    outer loop
      vertex 50.1319 40 0
      vertex 50.1319 0 8
      vertex 50.1319 0 0
    endloop
  endfacet
  facet normal 0 0 1
    outer loop
      vertex 50.1319 40 8
      vertex 46.6319 20 8
      vertex 50.1319 0 8
    endloop
  endfacet
  facet normal 0 0 1
    outer loop
      vertex 50.1319 40 8
      vertex 46.618 20.4251 8
      vertex 46.6319 20 8
    endloop
  endfacet
  facet normal 0 0 1
    outer loop
      vertex 50.1319 40 8
      vertex 46.5763 20.8484 8
      vertex 46.618 20.4251 8
    endloop
  endfacet
  facet normal 0 0 1
    outer loop
      vertex 50.1319 40 8
      vertex 46.507 21.2681 8
      vertex 46.5763 20.8484 8
    endloop
  endfacet
  facet normal 0 0 1
    outer loop
      vertex 50.1319 40 8
      vertex 46.4105 21.6823 8
      vertex 46.507 21.2681 8
    endloop
  endfacet
  facet normal 0 0 1
    outer loop
      vertex 50.1319 40 8
      vertex 46.287 22.0894 8
      vertex 46.4105 21.6823 8
    endloop
  endfacet
  facet normal 0 0 1
    outer loop
      vertex 50.1319 40 8
      vertex 46.1372 22.4874 8
      vertex 46.287 22.0894 8
    endloop
  endfacet
  facet normal 0 0 1
    outer loop
      vertex 50.1319 40 8
      vertex 45.9616 22.8749 8
      vertex 46.1372 22.4874 8
    endloop
  endfacet
  facet normal 0 0 1
    outer loop
      vertex 50.1319 40 8
      vertex 45.7611 23.25 8
      vertex 45.9616 22.8749 8
    endloop
  endfacet
  facet normal 0 0 1
    outer loop
      vertex 50.1319 40 8
      vertex 45.5365 23.6112 8
      vertex 45.7611 23.25 8
    endloop
  endfacet
  facet normal 0 0 1
    outer loop
      vertex 50.1319 40 8
      vertex 45.2887 23.9569 8
      vertex 45.5365 23.6112 8
    endloop
  endfacet
  facet normal 0 0 1
    outer loop
      vertex 50.1319 40 8
      vertex 45.0189 24.2857 8
      vertex 45.2887 23.9569 8
    endloop
  endfacet
  facet normal 0 0 1
    outer loop
      vertex 50.1319 40 8
      vertex 44.7281 24.5962 8
      vertex 45.0189 24.2857 8
    endloop
  endfacet
  facet normal 0 0 1
    outer loop
      vertex 50.1319 40 8
      vertex 44.4177 24.887 8
      vertex 44.7281 24.5962 8
    endloop
  endfacet
  facet normal 0 0 1
    outer loop
      vertex 50.1319 40 8
      vertex 44.0889 25.1568 8
      vertex 44.4177 24.887 8
    endloop
  endfacet
  facet normal 0 0 1
    outer loop
      vertex 50.1319 40 8
      vertex 43.7431 25.4046 8
      vertex 44.0889 25.1568 8
    endloop
  endfacet
  facet normal 0 0 1
    outer loop
      vertex 50.1319 40 8
      vertex 43.3819 25.6292 8
      vertex 43.7431 25.4046 8
    endloop
  endfacet
  facet normal 0 0 1
    outer loop
      vertex 50.1319 40 8
      vertex 43.0068 25.8297 8
      vertex 43.3819 25.6292 8
    endloop
  endfacet
  facet normal 0 0 1
    outer loop
      vertex 50.1319 40 8
      vertex 42.6194 26.0052 8
      vertex 43.0068 25.8297 8
    endloop
  endfacet
  facet normal 0 0 1
    outer loop
      vertex 50.1319 40 8
      vertex 42.2213 26.155 8
      vertex 42.6194 26.0052 8
    endloop
  endfacet
  facet normal 0 0 1
    outer loop
      vertex 50.1319 40 8
      vertex 41.8143 26.2785 8
      vertex 42.2213 26.155 8
    endloop
  endfacet
  facet normal 0 0 1
    outer loop
      vertex 50.1319 40 8
      vertex 41.4 26.3751 8
      vertex 41.8143 26.2785 8
    endloop
  endfacet
  facet normal 0 0 1
    outer loop
      vertex 50.1319 40 8
      vertex 40.9804 26.4444 8
      vertex 41.4 26.3751 8
    endloop
  endfacet
  facet normal 0 0 1
    outer loop
      vertex 50.1319 40 8
      vertex 40.5571 26.4861 8
      vertex 40.9804 26.4444 8
    endloop
  endfacet
  facet normal 0 0 1
    outer loop
      vertex 50.1319 40 8
      vertex 40.1319 26.5 8
      vertex 40.5571 26.4861 8
    endloop
  endfacet
  facet normal 0 0 1
    outer loop
      vertex 50.1319 40 8
      vertex 39.7068 26.4861 8
      vertex 40.1319 26.5 8
    endloop
  endfacet
  facet normal 0 0 1
    outer loop
      vertex 50.1319 40 8
      vertex 39.2835 26.4444 8
      vertex 39.7068 26.4861 8
    endloop
  endfacet
  facet normal 0 0 1
    outer loop
      vertex 50.1319 40 8
      vertex 38.8639 26.3751 8
      vertex 39.2835 26.4444 8
    endloop
  endfacet
  facet normal 0 0 1
    outer loop
      vertex 50.1319 40 8
      vertex 38.4496 26.2785 8
      vertex 38.8639 26.3751 8
    endloop
  endfacet
  facet normal 0 0 1
    outer loop
      vertex 50.1319 40 8
      vertex 38.0426 26.155 8
      vertex 38.4496 26.2785 8
    endloop
  endfacet
  facet normal -0 0 1
    outer loop
      vertex 16.2709 40 8
      vertex 38.0426 26.155 8
      vertex 50.1319 40 8
    endloop
  endfacet
  facet normal 0 0 1
    outer loop
      vertex 38.0426 26.155 8
      vertex 16.2709 40 8
      vertex 37.6445 26.0052 8
    endloop
  endfacet
  facet normal 0 0 1
    outer loop
      vertex 37.6445 26.0052 8
      vertex 16.2709 40 8
      vertex 37.2571 25.8297 8
    endloop
  endfacet
  facet normal 0 -0 1
    outer loop
      vertex 27.3613 24.5881 8
      vertex 37.2571 25.8297 8
      vertex 16.2709 40 8
    endloop
  endfacet
  facet normal 0 0 1
    outer loop
      vertex 37.2571 25.8297 8
      vertex 27.3613 24.5881 8
      vertex 36.8819 25.6292 8
    endloop
  endfacet
  facet normal 0 -0 1
    outer loop
      vertex 27.6588 24.4979 8
      vertex 36.8819 25.6292 8
      vertex 27.3613 24.5881 8
    endloop
  endfacet
  facet normal 0 0 1
    outer loop
      vertex 36.8819 25.6292 8
      vertex 27.6588 24.4979 8
      vertex 36.5207 25.4046 8
    endloop
  endfacet
  facet normal -0 0 1
    outer loop
      vertex 30.8718 20.3107 8
      vertex 33.6319 20 8
      vertex 33.6459 20.4251 8
    endloop
  endfacet
  facet normal -0 0 1
    outer loop
      vertex 30.8413 20.62 8
      vertex 33.6459 20.4251 8
      vertex 33.6875 20.8484 8
    endloop
  endfacet
  facet normal -0 0 1
    outer loop
      vertex 30.7907 20.9267 8
      vertex 33.6875 20.8484 8
      vertex 33.7568 21.2681 8
    endloop
  endfacet
  facet normal 0 0 1
    outer loop
      vertex 30.7201 21.2294 8
      vertex 33.7568 21.2681 8
      vertex 33.8534 21.6823 8
    endloop
  endfacet
  facet normal -0 0 1
    outer loop
      vertex 30.5204 21.8177 8
      vertex 33.8534 21.6823 8
      vertex 33.9769 22.0894 8
    endloop
  endfacet
  facet normal -0 0 1
    outer loop
      vertex 30.3921 22.1009 8
      vertex 33.9769 22.0894 8
      vertex 34.1267 22.4874 8
    endloop
  endfacet
  facet normal 0 0 1
    outer loop
      vertex 30.2456 22.375 8
      vertex 34.1267 22.4874 8
      vertex 34.3023 22.8749 8
    endloop
  endfacet
  facet normal 0 0 1
    outer loop
      vertex 30.0814 22.639 8
      vertex 34.3023 22.8749 8
      vertex 34.5028 23.25 8
    endloop
  endfacet
  facet normal 0 0 1
    outer loop
      vertex 29.7032 23.1319 8
      vertex 34.5028 23.25 8
      vertex 34.7274 23.6112 8
    endloop
  endfacet
  facet normal 0 0 1
    outer loop
      vertex 29.4907 23.3588 8
      vertex 34.7274 23.6112 8
      vertex 34.9751 23.9569 8
    endloop
  endfacet
  facet normal 0 0 1
    outer loop
      vertex 29.2638 23.5712 8
      vertex 34.9751 23.9569 8
      vertex 35.245 24.2857 8
    endloop
  endfacet
  facet normal 0 0 1
    outer loop
      vertex 29.0236 23.7684 8
      vertex 35.245 24.2857 8
      vertex 35.5357 24.5962 8
    endloop
  endfacet
  facet normal 0 -0 1
    outer loop
      vertex 27.9497 24.3884 8
      vertex 36.5207 25.4046 8
      vertex 27.6588 24.4979 8
    endloop
  endfacet
  facet normal 0 0 1
    outer loop
      vertex 33.6319 20 8
      vertex 30.8718 20.3107 8
      vertex 30.8819 20 8
    endloop
  endfacet
  facet normal 0 0 1
    outer loop
      vertex 33.6459 20.4251 8
      vertex 30.8413 20.62 8
      vertex 30.8718 20.3107 8
    endloop
  endfacet
  facet normal 0 0 1
    outer loop
      vertex 33.6875 20.8484 8
      vertex 30.7907 20.9267 8
      vertex 30.8413 20.62 8
    endloop
  endfacet
  facet normal 0 0 1
    outer loop
      vertex 33.7568 21.2681 8
      vertex 30.7201 21.2294 8
      vertex 30.7907 20.9267 8
    endloop
  endfacet
  facet normal 0 0 1
    outer loop
      vertex 33.8534 21.6823 8
      vertex 30.6299 21.5268 8
      vertex 30.7201 21.2294 8
    endloop
  endfacet
  facet normal 0 0 1
    outer loop
      vertex 33.8534 21.6823 8
      vertex 30.5204 21.8177 8
      vertex 30.6299 21.5268 8
    endloop
  endfacet
  facet normal 0 0 1
    outer loop
      vertex 33.9769 22.0894 8
      vertex 30.3921 22.1009 8
      vertex 30.5204 21.8177 8
    endloop
  endfacet
  facet normal 0 0 1
    outer loop
      vertex 34.1267 22.4874 8
      vertex 30.2456 22.375 8
      vertex 30.3921 22.1009 8
    endloop
  endfacet
  facet normal 0 0 1
    outer loop
      vertex 34.3023 22.8749 8
      vertex 30.0814 22.639 8
      vertex 30.2456 22.375 8
    endloop
  endfacet
  facet normal 0 0 1
    outer loop
      vertex 34.5028 23.25 8
      vertex 29.9004 22.8916 8
      vertex 30.0814 22.639 8
    endloop
  endfacet
  facet normal 0 0 1
    outer loop
      vertex 34.5028 23.25 8
      vertex 29.7032 23.1319 8
      vertex 29.9004 22.8916 8
    endloop
  endfacet
  facet normal 0 0 1
    outer loop
      vertex 34.7274 23.6112 8
      vertex 29.4907 23.3588 8
      vertex 29.7032 23.1319 8
    endloop
  endfacet
  facet normal 0 0 1
    outer loop
      vertex 34.9751 23.9569 8
      vertex 29.2638 23.5712 8
      vertex 29.4907 23.3588 8
    endloop
  endfacet
  facet normal 0 0 1
    outer loop
      vertex 35.245 24.2857 8
      vertex 29.0236 23.7684 8
      vertex 29.2638 23.5712 8
    endloop
  endfacet
  facet normal 0 0 1
    outer loop
      vertex 35.5357 24.5962 8
      vertex 28.7709 23.9495 8
      vertex 29.0236 23.7684 8
    endloop
  endfacet
  facet normal 0 0 1
    outer loop
      vertex 35.5357 24.5962 8
      vertex 28.5069 24.1136 8
      vertex 28.7709 23.9495 8
    endloop
  endfacet
  facet normal 0 0 1
    outer loop
      vertex 35.8462 24.887 8
      vertex 28.5069 24.1136 8
      vertex 35.5357 24.5962 8
    endloop
  endfacet
  facet normal 0 -0 1
    outer loop
      vertex 28.5069 24.1136 8
      vertex 35.8462 24.887 8
      vertex 28.2328 24.2601 8
    endloop
  endfacet
  facet normal 0 0 1
    outer loop
      vertex 36.175 25.1568 8
      vertex 28.2328 24.2601 8
      vertex 35.8462 24.887 8
    endloop
  endfacet
  facet normal 0 0 1
    outer loop
      vertex 36.5207 25.4046 8
      vertex 27.9497 24.3884 8
      vertex 36.175 25.1568 8
    endloop
  endfacet
  facet normal 0 -0 1
    outer loop
      vertex 28.2328 24.2601 8
      vertex 36.175 25.1568 8
      vertex 27.9497 24.3884 8
    endloop
  endfacet
  facet normal 0 0 1
    outer loop
      vertex 27.3613 24.5881 8
      vertex 16.2709 40 8
      vertex 27.0586 24.6587 8
    endloop
  endfacet
  facet normal 0 0 1
    outer loop
      vertex 27.0586 24.6587 8
      vertex 16.2709 40 8
      vertex 26.7519 24.7094 8
    endloop
  endfacet
  facet normal 0 0 1
    outer loop
      vertex 26.7519 24.7094 8
      vertex 16.2709 40 8
      vertex 26.4426 24.7398 8
    endloop
  endfacet
  facet normal 0 0 1
    outer loop
      vertex 26.4426 24.7398 8
      vertex 16.2709 40 8
      vertex 26.1319 24.75 8
    endloop
  endfacet
  facet normal 0 0 1
    outer loop
      vertex 26.1319 24.75 8
      vertex 16.2709 40 8
      vertex 25.8213 24.7398 8
    endloop
  endfacet
  facet normal 0 0 1
    outer loop
      vertex 25.8213 24.7398 8
      vertex 16.2709 40 8
      vertex 25.5119 24.7094 8
    endloop
  endfacet
  facet normal 0 0 1
    outer loop
      vertex 25.5119 24.7094 8
      vertex 16.2709 40 8
      vertex 25.2053 24.6587 8
    endloop
  endfacet
  facet normal 0 0 1
    outer loop
      vertex 25.2053 24.6587 8
      vertex 16.2709 40 8
      vertex 24.9025 24.5881 8
    endloop
  endfacet
  facet normal 0 0 1
    outer loop
      vertex 24.9025 24.5881 8
      vertex 16.2709 40 8
      vertex 24.6051 24.4979 8
    endloop
  endfacet
  facet normal 0 0 1
    outer loop
      vertex 24.6051 24.4979 8
      vertex 16.2709 40 8
      vertex 24.3142 24.3884 8
    endloop
  endfacet
  facet normal 0 0 1
    outer loop
      vertex 24.3142 24.3884 8
      vertex 16.2709 40 8
      vertex 24.0311 24.2601 8
    endloop
  endfacet
  facet normal 0 0 1
    outer loop
      vertex 21.3921 20.3107 8
      vertex 16.2709 40 8
      vertex 21.3819 20 8
    endloop
  endfacet
  facet normal 0 0 1
    outer loop
      vertex 21.4226 20.62 8
      vertex 16.2709 40 8
      vertex 21.3921 20.3107 8
    endloop
  endfacet
  facet normal 0 0 1
    outer loop
      vertex 21.4732 20.9267 8
      vertex 16.2709 40 8
      vertex 21.4226 20.62 8
    endloop
  endfacet
  facet normal 0 0 1
    outer loop
      vertex 21.5438 21.2294 8
      vertex 16.2709 40 8
      vertex 21.4732 20.9267 8
    endloop
  endfacet
  facet normal 0 0 1
    outer loop
      vertex 21.634 21.5268 8
      vertex 16.2709 40 8
      vertex 21.5438 21.2294 8
    endloop
  endfacet
  facet normal 0 0 1
    outer loop
      vertex 21.7435 21.8177 8
      vertex 16.2709 40 8
      vertex 21.634 21.5268 8
    endloop
  endfacet
  facet normal 0 0 1
    outer loop
      vertex 21.8718 22.1009 8
      vertex 16.2709 40 8
      vertex 21.7435 21.8177 8
    endloop
  endfacet
  facet normal 0 0 1
    outer loop
      vertex 22.0183 22.375 8
      vertex 16.2709 40 8
      vertex 21.8718 22.1009 8
    endloop
  endfacet
  facet normal 0 0 1
    outer loop
      vertex 22.1825 22.639 8
      vertex 16.2709 40 8
      vertex 22.0183 22.375 8
    endloop
  endfacet
  facet normal 0 0 1
    outer loop
      vertex 22.3635 22.8916 8
      vertex 16.2709 40 8
      vertex 22.1825 22.639 8
    endloop
  endfacet
  facet normal 0 0 1
    outer loop
      vertex 22.5607 23.1319 8
      vertex 16.2709 40 8
      vertex 22.3635 22.8916 8
    endloop
  endfacet
  facet normal 0 0 1
    outer loop
      vertex 22.7732 23.3588 8
      vertex 16.2709 40 8
      vertex 22.5607 23.1319 8
    endloop
  endfacet
  facet normal 0 0 1
    outer loop
      vertex 23 23.5712 8
      vertex 16.2709 40 8
      vertex 22.7732 23.3588 8
    endloop
  endfacet
  facet normal 0 0 1
    outer loop
      vertex 23.2403 23.7684 8
      vertex 16.2709 40 8
      vertex 23 23.5712 8
    endloop
  endfacet
  facet normal 0 0 1
    outer loop
      vertex 23.493 23.9495 8
      vertex 16.2709 40 8
      vertex 23.2403 23.7684 8
    endloop
  endfacet
  facet normal 0 0 1
    outer loop
      vertex 23.7569 24.1136 8
      vertex 16.2709 40 8
      vertex 23.493 23.9495 8
    endloop
  endfacet
  facet normal 0 0 1
    outer loop
      vertex 24.0311 24.2601 8
      vertex 16.2709 40 8
      vertex 23.7569 24.1136 8
    endloop
  endfacet
  facet normal -0 0 1
    outer loop
      vertex 46.618 19.5749 8
      vertex 50.1319 0 8
      vertex 46.6319 20 8
    endloop
  endfacet
  facet normal -0 0 1
    outer loop
      vertex 46.5763 19.1516 8
      vertex 50.1319 0 8
      vertex 46.618 19.5749 8
    endloop
  endfacet
  facet normal -0 0 1
    outer loop
      vertex 46.507 18.7319 8
      vertex 50.1319 0 8
      vertex 46.5763 19.1516 8
    endloop
  endfacet
  facet normal -0 0 1
    outer loop
      vertex 46.4105 18.3177 8
      vertex 50.1319 0 8
      vertex 46.507 18.7319 8
    endloop
  endfacet
  facet normal -0 0 1
    outer loop
      vertex 46.287 17.9106 8
      vertex 50.1319 0 8
      vertex 46.4105 18.3177 8
    endloop
  endfacet
  facet normal -0 0 1
    outer loop
      vertex 46.1372 17.5126 8
      vertex 50.1319 0 8
      vertex 46.287 17.9106 8
    endloop
  endfacet
  facet normal -0 0 1
    outer loop
      vertex 45.9616 17.1251 8
      vertex 50.1319 0 8
      vertex 46.1372 17.5126 8
    endloop
  endfacet
  facet normal -0 0 1
    outer loop
      vertex 45.7611 16.75 8
      vertex 50.1319 0 8
      vertex 45.9616 17.1251 8
    endloop
  endfacet
  facet normal -0 0 1
    outer loop
      vertex 45.5365 16.3888 8
      vertex 50.1319 0 8
      vertex 45.7611 16.75 8
    endloop
  endfacet
  facet normal -0 0 1
    outer loop
      vertex 45.2887 16.043 8
      vertex 50.1319 0 8
      vertex 45.5365 16.3888 8
    endloop
  endfacet
  facet normal -0 0 1
    outer loop
      vertex 45.0189 15.7143 8
      vertex 50.1319 0 8
      vertex 45.2887 16.043 8
    endloop
  endfacet
  facet normal -0 0 1
    outer loop
      vertex 44.7281 15.4038 8
      vertex 50.1319 0 8
      vertex 45.0189 15.7143 8
    endloop
  endfacet
  facet normal -0 0 1
    outer loop
      vertex 44.4177 15.113 8
      vertex 50.1319 0 8
      vertex 44.7281 15.4038 8
    endloop
  endfacet
  facet normal -0 0 1
    outer loop
      vertex 44.0889 14.8432 8
      vertex 50.1319 0 8
      vertex 44.4177 15.113 8
    endloop
  endfacet
  facet normal -0 0 1
    outer loop
      vertex 43.7431 14.5954 8
      vertex 50.1319 0 8
      vertex 44.0889 14.8432 8
    endloop
  endfacet
  facet normal -0 0 1
    outer loop
      vertex 43.3819 14.3708 8
      vertex 50.1319 0 8
      vertex 43.7431 14.5954 8
    endloop
  endfacet
  facet normal -0 0 1
    outer loop
      vertex 43.0068 14.1703 8
      vertex 50.1319 0 8
      vertex 43.3819 14.3708 8
    endloop
  endfacet
  facet normal -0 0 1
    outer loop
      vertex 42.6194 13.9948 8
      vertex 50.1319 0 8
      vertex 43.0068 14.1703 8
    endloop
  endfacet
  facet normal -0 0 1
    outer loop
      vertex 42.2213 13.845 8
      vertex 50.1319 0 8
      vertex 42.6194 13.9948 8
    endloop
  endfacet
  facet normal -0 0 1
    outer loop
      vertex 41.8143 13.7215 8
      vertex 50.1319 0 8
      vertex 42.2213 13.845 8
    endloop
  endfacet
  facet normal -0 0 1
    outer loop
      vertex 41.4 13.6249 8
      vertex 50.1319 0 8
      vertex 41.8143 13.7215 8
    endloop
  endfacet
  facet normal -0 0 1
    outer loop
      vertex 40.9804 13.5556 8
      vertex 50.1319 0 8
      vertex 41.4 13.6249 8
    endloop
  endfacet
  facet normal -0 0 1
    outer loop
      vertex 40.5571 13.5139 8
      vertex 50.1319 0 8
      vertex 40.9804 13.5556 8
    endloop
  endfacet
  facet normal -0 0 1
    outer loop
      vertex 40.1319 13.5 8
      vertex 50.1319 0 8
      vertex 40.5571 13.5139 8
    endloop
  endfacet
  facet normal 0 0 1
    outer loop
      vertex 39.7068 13.5139 8
      vertex 50.1319 0 8
      vertex 40.1319 13.5 8
    endloop
  endfacet
  facet normal 0 0 1
    outer loop
      vertex 39.2835 13.5556 8
      vertex 50.1319 0 8
      vertex 39.7068 13.5139 8
    endloop
  endfacet
  facet normal 0 0 1
    outer loop
      vertex 38.8639 13.6249 8
      vertex 50.1319 0 8
      vertex 39.2835 13.5556 8
    endloop
  endfacet
  facet normal 0 0 1
    outer loop
      vertex 38.4496 13.7215 8
      vertex 50.1319 0 8
      vertex 38.8639 13.6249 8
    endloop
  endfacet
  facet normal 0 0 1
    outer loop
      vertex 38.0426 13.845 8
      vertex 50.1319 0 8
      vertex 38.4496 13.7215 8
    endloop
  endfacet
  facet normal 0 0 1
    outer loop
      vertex 16.2709 0 8
      vertex 38.0426 13.845 8
      vertex 37.6445 13.9948 8
    endloop
  endfacet
  facet normal 0 0 1
    outer loop
      vertex 16.2709 0 8
      vertex 37.6445 13.9948 8
      vertex 37.2571 14.1703 8
    endloop
  endfacet
  facet normal 0 0 1
    outer loop
      vertex 27.3613 15.4119 8
      vertex 37.2571 14.1703 8
      vertex 36.8819 14.3708 8
    endloop
  endfacet
  facet normal 0 0 1
    outer loop
      vertex 27.6588 15.5021 8
      vertex 36.8819 14.3708 8
      vertex 36.5207 14.5954 8
    endloop
  endfacet
  facet normal 0 0 1
    outer loop
      vertex 27.9497 15.6116 8
      vertex 36.5207 14.5954 8
      vertex 36.175 14.8432 8
    endloop
  endfacet
  facet normal 0 0 1
    outer loop
      vertex 28.2328 15.7399 8
      vertex 36.175 14.8432 8
      vertex 35.8462 15.113 8
    endloop
  endfacet
  facet normal 0 0 1
    outer loop
      vertex 28.5069 15.8864 8
      vertex 35.8462 15.113 8
      vertex 35.5357 15.4038 8
    endloop
  endfacet
  facet normal 0 0 1
    outer loop
      vertex 30.8718 19.6893 8
      vertex 33.6319 20 8
      vertex 30.8819 20 8
    endloop
  endfacet
  facet normal 0 0 1
    outer loop
      vertex 33.6319 20 8
      vertex 30.8718 19.6893 8
      vertex 33.6459 19.5749 8
    endloop
  endfacet
  facet normal 0 0 1
    outer loop
      vertex 30.8413 19.38 8
      vertex 33.6459 19.5749 8
      vertex 30.8718 19.6893 8
    endloop
  endfacet
  facet normal 0 0 1
    outer loop
      vertex 33.6459 19.5749 8
      vertex 30.8413 19.38 8
      vertex 33.6875 19.1516 8
    endloop
  endfacet
  facet normal 0 0 1
    outer loop
      vertex 30.7907 19.0733 8
      vertex 33.6875 19.1516 8
      vertex 30.8413 19.38 8
    endloop
  endfacet
  facet normal 0 0 1
    outer loop
      vertex 33.6875 19.1516 8
      vertex 30.7907 19.0733 8
      vertex 33.7568 18.7319 8
    endloop
  endfacet
  facet normal -0 0 1
    outer loop
      vertex 30.7201 18.7706 8
      vertex 33.7568 18.7319 8
      vertex 30.7907 19.0733 8
    endloop
  endfacet
  facet normal 0 0 1
    outer loop
      vertex 33.7568 18.7319 8
      vertex 30.7201 18.7706 8
      vertex 33.8534 18.3177 8
    endloop
  endfacet
  facet normal -0 0 1
    outer loop
      vertex 30.6299 18.4732 8
      vertex 33.8534 18.3177 8
      vertex 30.7201 18.7706 8
    endloop
  endfacet
  facet normal 0 0 1
    outer loop
      vertex 30.5204 18.1823 8
      vertex 33.8534 18.3177 8
      vertex 30.6299 18.4732 8
    endloop
  endfacet
  facet normal 0 0 1
    outer loop
      vertex 33.8534 18.3177 8
      vertex 30.5204 18.1823 8
      vertex 33.9769 17.9106 8
    endloop
  endfacet
  facet normal 0 0 1
    outer loop
      vertex 30.3921 17.8991 8
      vertex 33.9769 17.9106 8
      vertex 30.5204 18.1823 8
    endloop
  endfacet
  facet normal 0 0 1
    outer loop
      vertex 33.9769 17.9106 8
      vertex 30.3921 17.8991 8
      vertex 34.1267 17.5126 8
    endloop
  endfacet
  facet normal -0 0 1
    outer loop
      vertex 30.2456 17.625 8
      vertex 34.1267 17.5126 8
      vertex 30.3921 17.8991 8
    endloop
  endfacet
  facet normal 0 0 1
    outer loop
      vertex 34.1267 17.5126 8
      vertex 30.2456 17.625 8
      vertex 34.3023 17.1251 8
    endloop
  endfacet
  facet normal -0 0 1
    outer loop
      vertex 30.0814 17.361 8
      vertex 34.3023 17.1251 8
      vertex 30.2456 17.625 8
    endloop
  endfacet
  facet normal 0 0 1
    outer loop
      vertex 34.3023 17.1251 8
      vertex 30.0814 17.361 8
      vertex 34.5028 16.75 8
    endloop
  endfacet
  facet normal -0 0 1
    outer loop
      vertex 29.9004 17.1084 8
      vertex 34.5028 16.75 8
      vertex 30.0814 17.361 8
    endloop
  endfacet
  facet normal -0 0 1
    outer loop
      vertex 29.7032 16.8681 8
      vertex 34.5028 16.75 8
      vertex 29.9004 17.1084 8
    endloop
  endfacet
  facet normal 0 0 1
    outer loop
      vertex 34.5028 16.75 8
      vertex 29.7032 16.8681 8
      vertex 34.7274 16.3888 8
    endloop
  endfacet
  facet normal -0 0 1
    outer loop
      vertex 29.4907 16.6412 8
      vertex 34.7274 16.3888 8
      vertex 29.7032 16.8681 8
    endloop
  endfacet
  facet normal 0 0 1
    outer loop
      vertex 34.7274 16.3888 8
      vertex 29.4907 16.6412 8
      vertex 34.9751 16.043 8
    endloop
  endfacet
  facet normal -0 0 1
    outer loop
      vertex 29.2638 16.4288 8
      vertex 34.9751 16.043 8
      vertex 29.4907 16.6412 8
    endloop
  endfacet
  facet normal 0 0 1
    outer loop
      vertex 34.9751 16.043 8
      vertex 29.2638 16.4288 8
      vertex 35.245 15.7143 8
    endloop
  endfacet
  facet normal -0 0 1
    outer loop
      vertex 29.0236 16.2316 8
      vertex 35.245 15.7143 8
      vertex 29.2638 16.4288 8
    endloop
  endfacet
  facet normal 0 0 1
    outer loop
      vertex 35.245 15.7143 8
      vertex 29.0236 16.2316 8
      vertex 35.5357 15.4038 8
    endloop
  endfacet
  facet normal -0 0 1
    outer loop
      vertex 28.7709 16.0505 8
      vertex 35.5357 15.4038 8
      vertex 29.0236 16.2316 8
    endloop
  endfacet
  facet normal -0 0 1
    outer loop
      vertex 28.5069 15.8864 8
      vertex 35.5357 15.4038 8
      vertex 28.7709 16.0505 8
    endloop
  endfacet
  facet normal 0 0 1
    outer loop
      vertex 35.8462 15.113 8
      vertex 28.5069 15.8864 8
      vertex 28.2328 15.7399 8
    endloop
  endfacet
  facet normal 0 0 1
    outer loop
      vertex 36.175 14.8432 8
      vertex 28.2328 15.7399 8
      vertex 27.9497 15.6116 8
    endloop
  endfacet
  facet normal 0 0 1
    outer loop
      vertex 36.5207 14.5954 8
      vertex 27.9497 15.6116 8
      vertex 27.6588 15.5021 8
    endloop
  endfacet
  facet normal 0 0 1
    outer loop
      vertex 36.8819 14.3708 8
      vertex 27.6588 15.5021 8
      vertex 27.3613 15.4119 8
    endloop
  endfacet
  facet normal 0 0 1
    outer loop
      vertex 37.2571 14.1703 8
      vertex 27.3613 15.4119 8
      vertex 16.2709 0 8
    endloop
  endfacet
  facet normal 0 0 1
    outer loop
      vertex 16.2709 0 8
      vertex 27.3613 15.4119 8
      vertex 27.0586 15.3413 8
    endloop
  endfacet
  facet normal 0 0 1
    outer loop
      vertex 16.2709 0 8
      vertex 27.0586 15.3413 8
      vertex 26.7519 15.2906 8
    endloop
  endfacet
  facet normal 0 0 1
    outer loop
      vertex 16.2709 0 8
      vertex 26.7519 15.2906 8
      vertex 26.4426 15.2602 8
    endloop
  endfacet
  facet normal 0 0 1
    outer loop
      vertex 16.2709 0 8
      vertex 26.4426 15.2602 8
      vertex 26.1319 15.25 8
    endloop
  endfacet
  facet normal 0 0 1
    outer loop
      vertex 16.2709 0 8
      vertex 26.1319 15.25 8
      vertex 25.8213 15.2602 8
    endloop
  endfacet
  facet normal 0 0 1
    outer loop
      vertex 16.2709 0 8
      vertex 25.8213 15.2602 8
      vertex 25.5119 15.2906 8
    endloop
  endfacet
  facet normal 0 0 1
    outer loop
      vertex 16.2709 0 8
      vertex 25.5119 15.2906 8
      vertex 25.2053 15.3413 8
    endloop
  endfacet
  facet normal 0 0 1
    outer loop
      vertex 16.2709 0 8
      vertex 25.2053 15.3413 8
      vertex 24.9025 15.4119 8
    endloop
  endfacet
  facet normal 0 0 1
    outer loop
      vertex 16.2709 0 8
      vertex 24.9025 15.4119 8
      vertex 24.6051 15.5021 8
    endloop
  endfacet
  facet normal 0 0 1
    outer loop
      vertex 16.2709 0 8
      vertex 24.6051 15.5021 8
      vertex 24.3142 15.6116 8
    endloop
  endfacet
  facet normal 0 0 1
    outer loop
      vertex 16.2709 0 8
      vertex 24.3142 15.6116 8
      vertex 24.0311 15.7399 8
    endloop
  endfacet
  facet normal 0 0 1
    outer loop
      vertex 16.2709 0 8
      vertex 24.0311 15.7399 8
      vertex 23.7569 15.8864 8
    endloop
  endfacet
  facet normal 0 0 1
    outer loop
      vertex 16.2709 0 8
      vertex 21.3819 20 8
      vertex 16.2709 40 8
    endloop
  endfacet
  facet normal 0 0 1
    outer loop
      vertex 21.3819 20 8
      vertex 16.2709 0 8
      vertex 21.3921 19.6893 8
    endloop
  endfacet
  facet normal 0 0 1
    outer loop
      vertex 21.3921 19.6893 8
      vertex 16.2709 0 8
      vertex 21.4226 19.38 8
    endloop
  endfacet
  facet normal 0 0 1
    outer loop
      vertex 21.4226 19.38 8
      vertex 16.2709 0 8
      vertex 21.4732 19.0733 8
    endloop
  endfacet
  facet normal 0 0 1
    outer loop
      vertex 38.0426 13.845 8
      vertex 16.2709 0 8
      vertex 50.1319 0 8
    endloop
  endfacet
  facet normal 0 0 1
    outer loop
      vertex 23.493 16.0505 8
      vertex 16.2709 0 8
      vertex 23.7569 15.8864 8
    endloop
  endfacet
  facet normal 0 0 1
    outer loop
      vertex 23.2403 16.2316 8
      vertex 16.2709 0 8
      vertex 23.493 16.0505 8
    endloop
  endfacet
  facet normal 0 0 1
    outer loop
      vertex 23 16.4288 8
      vertex 16.2709 0 8
      vertex 23.2403 16.2316 8
    endloop
  endfacet
  facet normal 0 0 1
    outer loop
      vertex 22.7732 16.6412 8
      vertex 16.2709 0 8
      vertex 23 16.4288 8
    endloop
  endfacet
  facet normal 0 0 1
    outer loop
      vertex 22.5607 16.8681 8
      vertex 16.2709 0 8
      vertex 22.7732 16.6412 8
    endloop
  endfacet
  facet normal 0 0 1
    outer loop
      vertex 22.3635 17.1084 8
      vertex 16.2709 0 8
      vertex 22.5607 16.8681 8
    endloop
  endfacet
  facet normal 0 0 1
    outer loop
      vertex 22.1825 17.361 8
      vertex 16.2709 0 8
      vertex 22.3635 17.1084 8
    endloop
  endfacet
  facet normal 0 0 1
    outer loop
      vertex 22.0183 17.625 8
      vertex 16.2709 0 8
      vertex 22.1825 17.361 8
    endloop
  endfacet
  facet normal 0 0 1
    outer loop
      vertex 21.8718 17.8991 8
      vertex 16.2709 0 8
      vertex 22.0183 17.625 8
    endloop
  endfacet
  facet normal 0 0 1
    outer loop
      vertex 21.7435 18.1823 8
      vertex 16.2709 0 8
      vertex 21.8718 17.8991 8
    endloop
  endfacet
  facet normal 0 0 1
    outer loop
      vertex 21.634 18.4732 8
      vertex 16.2709 0 8
      vertex 21.7435 18.1823 8
    endloop
  endfacet
  facet normal 0 0 1
    outer loop
      vertex 21.5438 18.7706 8
      vertex 16.2709 0 8
      vertex 21.634 18.4732 8
    endloop
  endfacet
  facet normal 0 0 1
    outer loop
      vertex 21.4732 19.0733 8
      vertex 16.2709 0 8
      vertex 21.5438 18.7706 8
    endloop
  endfacet
  facet normal 0.910127 -0 0.414329
    outer loop
      vertex 16.262 0 8.01955
      vertex 16.2709 40 8
      vertex 16.262 40 8.01955
    endloop
  endfacet
  facet normal 0.910127 0 0.414329
    outer loop
      vertex 16.2709 40 8
      vertex 16.262 0 8.01955
      vertex 16.2709 0 8
    endloop
  endfacet
  facet normal 0.881928 -0 0.471385
    outer loop
      vertex 15.7027 0 9.06596
      vertex 16.262 40 8.01955
      vertex 15.7027 40 9.06596
    endloop
  endfacet
  facet normal 0.881928 0 0.471385
    outer loop
      vertex 16.262 40 8.01955
      vertex 15.7027 0 9.06596
      vertex 16.262 0 8.01955
    endloop
  endfacet
  facet normal 0.849237 -0 0.528013
    outer loop
      vertex 15.0762 0 10.0736
      vertex 15.7027 40 9.06596
      vertex 15.0762 40 10.0736
    endloop
  endfacet
  facet normal 0.849237 0 0.528013
    outer loop
      vertex 15.7027 40 9.06596
      vertex 15.0762 0 10.0736
      vertex 15.7027 0 9.06596
    endloop
  endfacet
  facet normal 0.812799 -0 0.582545
    outer loop
      vertex 14.385 0 11.038
      vertex 15.0762 40 10.0736
      vertex 14.385 40 11.038
    endloop
  endfacet
  facet normal 0.812799 0 0.582545
    outer loop
      vertex 15.0762 40 10.0736
      vertex 14.385 0 11.038
      vertex 15.0762 0 10.0736
    endloop
  endfacet
  facet normal 0.773021 -0 0.63438
    outer loop
      vertex 13.6323 0 11.9552
      vertex 14.385 40 11.038
      vertex 13.6323 40 11.9552
    endloop
  endfacet
  facet normal 0.773021 0 0.63438
    outer loop
      vertex 14.385 40 11.038
      vertex 13.6323 0 11.9552
      vertex 14.385 0 11.038
    endloop
  endfacet
  facet normal 0.729863 -0 0.683593
    outer loop
      vertex 12.8212 0 12.8212
      vertex 13.6323 40 11.9552
      vertex 12.8212 40 12.8212
    endloop
  endfacet
  facet normal 0.729863 0 0.683593
    outer loop
      vertex 13.6323 40 11.9552
      vertex 12.8212 0 12.8212
      vertex 13.6323 0 11.9552
    endloop
  endfacet
  facet normal 0.683593 0 0.729863
    outer loop
      vertex 11.9552 40 13.6323
      vertex 12.8212 0 12.8212
      vertex 12.8212 40 12.8212
    endloop
  endfacet
  facet normal 0.683593 0 0.729863
    outer loop
      vertex 12.8212 0 12.8212
      vertex 11.9552 40 13.6323
      vertex 11.9552 0 13.6323
    endloop
  endfacet
  facet normal 0.63438 0 0.773021
    outer loop
      vertex 11.038 40 14.385
      vertex 11.9552 0 13.6323
      vertex 11.9552 40 13.6323
    endloop
  endfacet
  facet normal 0.63438 0 0.773021
    outer loop
      vertex 11.9552 0 13.6323
      vertex 11.038 40 14.385
      vertex 11.038 0 14.385
    endloop
  endfacet
  facet normal 0.582545 0 0.812799
    outer loop
      vertex 10.0736 40 15.0762
      vertex 11.038 0 14.385
      vertex 11.038 40 14.385
    endloop
  endfacet
  facet normal 0.582545 0 0.812799
    outer loop
      vertex 11.038 0 14.385
      vertex 10.0736 40 15.0762
      vertex 10.0736 0 15.0762
    endloop
  endfacet
  facet normal 0.528013 0 0.849237
    outer loop
      vertex 9.06596 40 15.7027
      vertex 10.0736 0 15.0762
      vertex 10.0736 40 15.0762
    endloop
  endfacet
  facet normal 0.528013 0 0.849237
    outer loop
      vertex 10.0736 0 15.0762
      vertex 9.06596 40 15.7027
      vertex 9.06596 0 15.7027
    endloop
  endfacet
  facet normal 0.471385 0 0.881928
    outer loop
      vertex 8.01955 40 16.262
      vertex 9.06596 0 15.7027
      vertex 9.06596 40 15.7027
    endloop
  endfacet
  facet normal 0.471385 0 0.881928
    outer loop
      vertex 9.06596 0 15.7027
      vertex 8.01955 40 16.262
      vertex 8.01955 0 16.262
    endloop
  endfacet
  facet normal 0.412714 0 0.910861
    outer loop
      vertex 6.93878 40 16.7517
      vertex 8.01955 0 16.262
      vertex 8.01955 40 16.262
    endloop
  endfacet
  facet normal 0.412714 0 0.910861
    outer loop
      vertex 8.01955 0 16.262
      vertex 6.93878 40 16.7517
      vertex 6.93878 0 16.7517
    endloop
  endfacet
  facet normal 0.352286 0 0.935892
    outer loop
      vertex 5.82831 40 17.1697
      vertex 6.93878 0 16.7517
      vertex 6.93878 40 16.7517
    endloop
  endfacet
  facet normal 0.352286 0 0.935892
    outer loop
      vertex 6.93878 0 16.7517
      vertex 5.82831 40 17.1697
      vertex 5.82831 0 17.1697
    endloop
  endfacet
  facet normal 0.290265 0 0.956946
    outer loop
      vertex 4.69289 40 17.5141
      vertex 5.82831 0 17.1697
      vertex 5.82831 40 17.1697
    endloop
  endfacet
  facet normal 0.290265 0 0.956946
    outer loop
      vertex 5.82831 0 17.1697
      vertex 4.69289 40 17.5141
      vertex 4.69289 0 17.5141
    endloop
  endfacet
  facet normal 0.227049 0 0.973883
    outer loop
      vertex 3.53735 40 17.7835
      vertex 4.69289 0 17.5141
      vertex 4.69289 40 17.5141
    endloop
  endfacet
  facet normal 0.227049 0 0.973883
    outer loop
      vertex 4.69289 0 17.5141
      vertex 3.53735 40 17.7835
      vertex 3.53735 0 17.7835
    endloop
  endfacet
  facet normal 0.162913 0 0.98664
    outer loop
      vertex 2.36668 40 17.9768
      vertex 3.53735 0 17.7835
      vertex 3.53735 40 17.7835
    endloop
  endfacet
  facet normal 0.162913 0 0.98664
    outer loop
      vertex 3.53735 0 17.7835
      vertex 2.36668 40 17.9768
      vertex 2.36668 0 17.9768
    endloop
  endfacet
  facet normal 0.0980183 0 0.995185
    outer loop
      vertex 1.18588 40 18.0931
      vertex 2.36668 0 17.9768
      vertex 2.36668 40 17.9768
    endloop
  endfacet
  facet normal 0.0980183 0 0.995185
    outer loop
      vertex 2.36668 0 17.9768
      vertex 1.18588 40 18.0931
      vertex 1.18588 0 18.0931
    endloop
  endfacet
  facet normal 0.0327008 0 0.999465
    outer loop
      vertex 0 40 18.1319
      vertex 1.18588 0 18.0931
      vertex 1.18588 40 18.0931
    endloop
  endfacet
  facet normal 0.0327008 0 0.999465
    outer loop
      vertex 1.18588 0 18.0931
      vertex 0 40 18.1319
      vertex 0 0 18.1319
    endloop
  endfacet
  facet normal -0.0327008 0 0.999465
    outer loop
      vertex -1.18588 40 18.0931
      vertex 0 0 18.1319
      vertex 0 40 18.1319
    endloop
  endfacet
  facet normal -0.0327008 0 0.999465
    outer loop
      vertex 0 0 18.1319
      vertex -1.18588 40 18.0931
      vertex -1.18588 0 18.0931
    endloop
  endfacet
  facet normal -0.0980183 0 0.995185
    outer loop
      vertex -2.36668 40 17.9768
      vertex -1.18588 0 18.0931
      vertex -1.18588 40 18.0931
    endloop
  endfacet
  facet normal -0.0980183 0 0.995185
    outer loop
      vertex -1.18588 0 18.0931
      vertex -2.36668 40 17.9768
      vertex -2.36668 0 17.9768
    endloop
  endfacet
  facet normal -0.162913 0 0.98664
    outer loop
      vertex -3.53735 40 17.7835
      vertex -2.36668 0 17.9768
      vertex -2.36668 40 17.9768
    endloop
  endfacet
  facet normal -0.162913 0 0.98664
    outer loop
      vertex -2.36668 0 17.9768
      vertex -3.53735 40 17.7835
      vertex -3.53735 0 17.7835
    endloop
  endfacet
  facet normal -0.227049 0 0.973883
    outer loop
      vertex -4.69289 40 17.5141
      vertex -3.53735 0 17.7835
      vertex -3.53735 40 17.7835
    endloop
  endfacet
  facet normal -0.227049 0 0.973883
    outer loop
      vertex -3.53735 0 17.7835
      vertex -4.69289 40 17.5141
      vertex -4.69289 0 17.5141
    endloop
  endfacet
  facet normal -0.290265 0 0.956946
    outer loop
      vertex -5.82831 40 17.1697
      vertex -4.69289 0 17.5141
      vertex -4.69289 40 17.5141
    endloop
  endfacet
  facet normal -0.290265 0 0.956946
    outer loop
      vertex -4.69289 0 17.5141
      vertex -5.82831 40 17.1697
      vertex -5.82831 0 17.1697
    endloop
  endfacet
  facet normal -0.352286 0 0.935892
    outer loop
      vertex -6.93878 40 16.7517
      vertex -5.82831 0 17.1697
      vertex -5.82831 40 17.1697
    endloop
  endfacet
  facet normal -0.352286 0 0.935892
    outer loop
      vertex -5.82831 0 17.1697
      vertex -6.93878 40 16.7517
      vertex -6.93878 0 16.7517
    endloop
  endfacet
  facet normal -0.412714 0 0.910861
    outer loop
      vertex -8.01955 40 16.262
      vertex -6.93878 0 16.7517
      vertex -6.93878 40 16.7517
    endloop
  endfacet
  facet normal -0.412714 0 0.910861
    outer loop
      vertex -6.93878 0 16.7517
      vertex -8.01955 40 16.262
      vertex -8.01955 0 16.262
    endloop
  endfacet
  facet normal -0.471385 0 0.881928
    outer loop
      vertex -9.06596 40 15.7027
      vertex -8.01955 0 16.262
      vertex -8.01955 40 16.262
    endloop
  endfacet
  facet normal -0.471385 0 0.881928
    outer loop
      vertex -8.01955 0 16.262
      vertex -9.06596 40 15.7027
      vertex -9.06596 0 15.7027
    endloop
  endfacet
  facet normal -0.528013 0 0.849237
    outer loop
      vertex -10.0736 40 15.0762
      vertex -9.06596 0 15.7027
      vertex -9.06596 40 15.7027
    endloop
  endfacet
  facet normal -0.528013 0 0.849237
    outer loop
      vertex -9.06596 0 15.7027
      vertex -10.0736 40 15.0762
      vertex -10.0736 0 15.0762
    endloop
  endfacet
  facet normal -0.582545 0 0.812799
    outer loop
      vertex -11.038 40 14.385
      vertex -10.0736 0 15.0762
      vertex -10.0736 40 15.0762
    endloop
  endfacet
  facet normal -0.582545 0 0.812799
    outer loop
      vertex -10.0736 0 15.0762
      vertex -11.038 40 14.385
      vertex -11.038 0 14.385
    endloop
  endfacet
  facet normal -0.63438 0 0.773021
    outer loop
      vertex -11.9552 40 13.6323
      vertex -11.038 0 14.385
      vertex -11.038 40 14.385
    endloop
  endfacet
  facet normal -0.63438 0 0.773021
    outer loop
      vertex -11.038 0 14.385
      vertex -11.9552 40 13.6323
      vertex -11.9552 0 13.6323
    endloop
  endfacet
  facet normal -0.683593 0 0.729863
    outer loop
      vertex -12.8212 40 12.8212
      vertex -11.9552 0 13.6323
      vertex -11.9552 40 13.6323
    endloop
  endfacet
  facet normal -0.683593 0 0.729863
    outer loop
      vertex -11.9552 0 13.6323
      vertex -12.8212 40 12.8212
      vertex -12.8212 0 12.8212
    endloop
  endfacet
  facet normal -0.729863 0 0.683593
    outer loop
      vertex -13.6323 0 11.9552
      vertex -12.8212 40 12.8212
      vertex -13.6323 40 11.9552
    endloop
  endfacet
  facet normal -0.729863 0 0.683593
    outer loop
      vertex -12.8212 40 12.8212
      vertex -13.6323 0 11.9552
      vertex -12.8212 0 12.8212
    endloop
  endfacet
  facet normal -0.773021 0 0.63438
    outer loop
      vertex -14.385 0 11.038
      vertex -13.6323 40 11.9552
      vertex -14.385 40 11.038
    endloop
  endfacet
  facet normal -0.773021 0 0.63438
    outer loop
      vertex -13.6323 40 11.9552
      vertex -14.385 0 11.038
      vertex -13.6323 0 11.9552
    endloop
  endfacet
  facet normal -0.812799 0 0.582545
    outer loop
      vertex -15.0762 0 10.0736
      vertex -14.385 40 11.038
      vertex -15.0762 40 10.0736
    endloop
  endfacet
  facet normal -0.812799 0 0.582545
    outer loop
      vertex -14.385 40 11.038
      vertex -15.0762 0 10.0736
      vertex -14.385 0 11.038
    endloop
  endfacet
  facet normal -0.849237 0 0.528013
    outer loop
      vertex -15.7027 0 9.06596
      vertex -15.0762 40 10.0736
      vertex -15.7027 40 9.06596
    endloop
  endfacet
  facet normal -0.849237 0 0.528013
    outer loop
      vertex -15.0762 40 10.0736
      vertex -15.7027 0 9.06596
      vertex -15.0762 0 10.0736
    endloop
  endfacet
  facet normal -0.881928 0 0.471385
    outer loop
      vertex -16.262 0 8.01955
      vertex -15.7027 40 9.06596
      vertex -16.262 40 8.01955
    endloop
  endfacet
  facet normal -0.881928 0 0.471385
    outer loop
      vertex -15.7027 40 9.06596
      vertex -16.262 0 8.01955
      vertex -15.7027 0 9.06596
    endloop
  endfacet
  facet normal -0.910127 0 0.414329
    outer loop
      vertex -16.2709 0 8
      vertex -16.262 40 8.01955
      vertex -16.2709 40 8
    endloop
  endfacet
  facet normal -0.910127 0 0.414329
    outer loop
      vertex -16.262 40 8.01955
      vertex -16.2709 0 8
      vertex -16.262 0 8.01955
    endloop
  endfacet
  facet normal 0 0 1
    outer loop
      vertex -16.2709 40 8
      vertex -21.3977 20 8
      vertex -16.2709 0 8
    endloop
  endfacet
  facet normal 0 0 1
    outer loop
      vertex -16.2709 40 8
      vertex -23.7648 24.1 8
      vertex -21.3977 20 8
    endloop
  endfacet
  facet normal -0 0 1
    outer loop
      vertex -34.1319 40 8
      vertex -23.7648 24.1 8
      vertex -16.2709 40 8
    endloop
  endfacet
  facet normal 0 0 1
    outer loop
      vertex -28.4991 24.1 8
      vertex -34.1319 40 8
      vertex -30.8662 20 8
    endloop
  endfacet
  facet normal 0 0 1
    outer loop
      vertex -23.7648 24.1 8
      vertex -34.1319 40 8
      vertex -28.4991 24.1 8
    endloop
  endfacet
  facet normal -0 0 1
    outer loop
      vertex -23.7648 15.9 8
      vertex -16.2709 0 8
      vertex -21.3977 20 8
    endloop
  endfacet
  facet normal 0 0 1
    outer loop
      vertex -34.1319 0 8
      vertex -23.7648 15.9 8
      vertex -28.4991 15.9 8
    endloop
  endfacet
  facet normal 0 0 1
    outer loop
      vertex -23.7648 15.9 8
      vertex -34.1319 0 8
      vertex -16.2709 0 8
    endloop
  endfacet
  facet normal 0 0 1
    outer loop
      vertex -30.8662 20 8
      vertex -34.1319 0 8
      vertex -28.4991 15.9 8
    endloop
  endfacet
  facet normal 0 0 1
    outer loop
      vertex -34.1319 0 8
      vertex -30.8662 20 8
      vertex -34.1319 40 8
    endloop
  endfacet
  facet normal -1 0 0
    outer loop
      vertex -34.1319 0 0
      vertex -34.1319 40 8
      vertex -34.1319 40 0
    endloop
  endfacet
  facet normal -1 -0 0
    outer loop
      vertex -34.1319 40 8
      vertex -34.1319 0 0
      vertex -34.1319 0 8
    endloop
  endfacet
  facet normal 0 0 -1
    outer loop
      vertex -10.7 0 0
      vertex -23.3819 20 0
      vertex -10.7 40 0
    endloop
  endfacet
  facet normal 0 0 -1
    outer loop
      vertex -10.7 0 0
      vertex -23.3878 19.8201 0
      vertex -23.3819 20 0
    endloop
  endfacet
  facet normal 0 0 -1
    outer loop
      vertex -10.7 0 0
      vertex -23.4055 19.6411 0
      vertex -23.3878 19.8201 0
    endloop
  endfacet
  facet normal 0 0 -1
    outer loop
      vertex -10.7 0 0
      vertex -23.4348 19.4635 0
      vertex -23.4055 19.6411 0
    endloop
  endfacet
  facet normal 0 0 -1
    outer loop
      vertex -10.7 0 0
      vertex -23.4756 19.2882 0
      vertex -23.4348 19.4635 0
    endloop
  endfacet
  facet normal 0 0 -1
    outer loop
      vertex -10.7 0 0
      vertex -23.5279 19.116 0
      vertex -23.4756 19.2882 0
    endloop
  endfacet
  facet normal 0 0 -1
    outer loop
      vertex -10.7 0 0
      vertex -23.5913 18.9476 0
      vertex -23.5279 19.116 0
    endloop
  endfacet
  facet normal 0 0 -1
    outer loop
      vertex -10.7 0 0
      vertex -23.6655 18.7837 0
      vertex -23.5913 18.9476 0
    endloop
  endfacet
  facet normal 0 0 -1
    outer loop
      vertex -10.7 0 0
      vertex -23.7504 18.625 0
      vertex -23.6655 18.7837 0
    endloop
  endfacet
  facet normal 0 0 -1
    outer loop
      vertex -10.7 0 0
      vertex -23.8454 18.4722 0
      vertex -23.7504 18.625 0
    endloop
  endfacet
  facet normal 0 0 -1
    outer loop
      vertex -10.7 0 0
      vertex -23.9502 18.3259 0
      vertex -23.8454 18.4722 0
    endloop
  endfacet
  facet normal 0 0 -1
    outer loop
      vertex -10.7 0 0
      vertex -24.0644 18.1868 0
      vertex -23.9502 18.3259 0
    endloop
  endfacet
  facet normal 0 0 -1
    outer loop
      vertex -10.7 0 0
      vertex -24.1874 18.0555 0
      vertex -24.0644 18.1868 0
    endloop
  endfacet
  facet normal 0 0 -1
    outer loop
      vertex -10.7 0 0
      vertex -24.3187 17.9324 0
      vertex -24.1874 18.0555 0
    endloop
  endfacet
  facet normal 0 0 -1
    outer loop
      vertex -10.7 0 0
      vertex -24.4578 17.8183 0
      vertex -24.3187 17.9324 0
    endloop
  endfacet
  facet normal 0 0 -1
    outer loop
      vertex -10.7 0 0
      vertex -24.6041 17.7135 0
      vertex -24.4578 17.8183 0
    endloop
  endfacet
  facet normal 0 0 -1
    outer loop
      vertex -10.7 0 0
      vertex -24.7569 17.6184 0
      vertex -24.6041 17.7135 0
    endloop
  endfacet
  facet normal 0 0 -1
    outer loop
      vertex -10.7 0 0
      vertex -24.9156 17.5336 0
      vertex -24.7569 17.6184 0
    endloop
  endfacet
  facet normal 0 0 -1
    outer loop
      vertex -10.7 0 0
      vertex -25.0796 17.4593 0
      vertex -24.9156 17.5336 0
    endloop
  endfacet
  facet normal 0 0 -1
    outer loop
      vertex -10.7 0 0
      vertex -25.248 17.3959 0
      vertex -25.0796 17.4593 0
    endloop
  endfacet
  facet normal 0 0 -1
    outer loop
      vertex -10.7 0 0
      vertex -25.4202 17.3437 0
      vertex -25.248 17.3959 0
    endloop
  endfacet
  facet normal 0 0 -1
    outer loop
      vertex -34.1319 0 0
      vertex -25.4202 17.3437 0
      vertex -10.7 0 0
    endloop
  endfacet
  facet normal 0 0 -1
    outer loop
      vertex -25.4202 17.3437 0
      vertex -34.1319 0 0
      vertex -25.5954 17.3028 0
    endloop
  endfacet
  facet normal 0 0 -1
    outer loop
      vertex -25.5954 17.3028 0
      vertex -34.1319 0 0
      vertex -25.773 17.2735 0
    endloop
  endfacet
  facet normal 0 0 -1
    outer loop
      vertex -25.773 17.2735 0
      vertex -34.1319 0 0
      vertex -25.9521 17.2559 0
    endloop
  endfacet
  facet normal 0 0 -1
    outer loop
      vertex -25.9521 17.2559 0
      vertex -34.1319 0 0
      vertex -26.1319 17.25 0
    endloop
  endfacet
  facet normal -0 0 -1
    outer loop
      vertex -26.1319 17.25 0
      vertex -34.1319 0 0
      vertex -26.3118 17.2559 0
    endloop
  endfacet
  facet normal -0 0 -1
    outer loop
      vertex -26.3118 17.2559 0
      vertex -34.1319 0 0
      vertex -26.4909 17.2735 0
    endloop
  endfacet
  facet normal -0 0 -1
    outer loop
      vertex -26.4909 17.2735 0
      vertex -34.1319 0 0
      vertex -26.6684 17.3028 0
    endloop
  endfacet
  facet normal -0 0 -1
    outer loop
      vertex -26.6684 17.3028 0
      vertex -34.1319 0 0
      vertex -26.8437 17.3437 0
    endloop
  endfacet
  facet normal -0 0 -1
    outer loop
      vertex -26.8437 17.3437 0
      vertex -34.1319 0 0
      vertex -27.0159 17.3959 0
    endloop
  endfacet
  facet normal -0 0 -1
    outer loop
      vertex -27.0159 17.3959 0
      vertex -34.1319 0 0
      vertex -27.1843 17.4593 0
    endloop
  endfacet
  facet normal -0 0 -1
    outer loop
      vertex -27.1843 17.4593 0
      vertex -34.1319 0 0
      vertex -27.3482 17.5336 0
    endloop
  endfacet
  facet normal -0 0 -1
    outer loop
      vertex -27.3482 17.5336 0
      vertex -34.1319 0 0
      vertex -27.5069 17.6184 0
    endloop
  endfacet
  facet normal -0 0 -1
    outer loop
      vertex -27.5069 17.6184 0
      vertex -34.1319 0 0
      vertex -27.6598 17.7135 0
    endloop
  endfacet
  facet normal -0 0 -1
    outer loop
      vertex -27.6598 17.7135 0
      vertex -34.1319 0 0
      vertex -27.806 17.8183 0
    endloop
  endfacet
  facet normal -0 0 -1
    outer loop
      vertex -27.806 17.8183 0
      vertex -34.1319 0 0
      vertex -27.9451 17.9324 0
    endloop
  endfacet
  facet normal -0 0 -1
    outer loop
      vertex -28.8761 19.8201 0
      vertex -34.1319 0 0
      vertex -28.8819 20 0
    endloop
  endfacet
  facet normal -0 0 -1
    outer loop
      vertex -28.8584 19.6411 0
      vertex -34.1319 0 0
      vertex -28.8761 19.8201 0
    endloop
  endfacet
  facet normal -0 0 -1
    outer loop
      vertex -28.8291 19.4635 0
      vertex -34.1319 0 0
      vertex -28.8584 19.6411 0
    endloop
  endfacet
  facet normal -0 0 -1
    outer loop
      vertex -28.7882 19.2882 0
      vertex -34.1319 0 0
      vertex -28.8291 19.4635 0
    endloop
  endfacet
  facet normal -0 0 -1
    outer loop
      vertex -28.736 19.116 0
      vertex -34.1319 0 0
      vertex -28.7882 19.2882 0
    endloop
  endfacet
  facet normal -0 0 -1
    outer loop
      vertex -28.6726 18.9476 0
      vertex -34.1319 0 0
      vertex -28.736 19.116 0
    endloop
  endfacet
  facet normal -0 0 -1
    outer loop
      vertex -28.5983 18.7837 0
      vertex -34.1319 0 0
      vertex -28.6726 18.9476 0
    endloop
  endfacet
  facet normal -0 0 -1
    outer loop
      vertex -28.5135 18.625 0
      vertex -34.1319 0 0
      vertex -28.5983 18.7837 0
    endloop
  endfacet
  facet normal -0 0 -1
    outer loop
      vertex -28.4185 18.4722 0
      vertex -34.1319 0 0
      vertex -28.5135 18.625 0
    endloop
  endfacet
  facet normal -0 0 -1
    outer loop
      vertex -28.3137 18.3259 0
      vertex -34.1319 0 0
      vertex -28.4185 18.4722 0
    endloop
  endfacet
  facet normal -0 0 -1
    outer loop
      vertex -28.1995 18.1868 0
      vertex -34.1319 0 0
      vertex -28.3137 18.3259 0
    endloop
  endfacet
  facet normal -0 0 -1
    outer loop
      vertex -28.0765 18.0555 0
      vertex -34.1319 0 0
      vertex -28.1995 18.1868 0
    endloop
  endfacet
  facet normal -0 0 -1
    outer loop
      vertex -27.9451 17.9324 0
      vertex -34.1319 0 0
      vertex -28.0765 18.0555 0
    endloop
  endfacet
  facet normal 0 0 -1
    outer loop
      vertex -23.3878 20.1799 0
      vertex -10.7 40 0
      vertex -23.3819 20 0
    endloop
  endfacet
  facet normal 0 0 -1
    outer loop
      vertex -23.4055 20.3589 0
      vertex -10.7 40 0
      vertex -23.3878 20.1799 0
    endloop
  endfacet
  facet normal 0 0 -1
    outer loop
      vertex -23.4348 20.5365 0
      vertex -10.7 40 0
      vertex -23.4055 20.3589 0
    endloop
  endfacet
  facet normal 0 0 -1
    outer loop
      vertex -23.4756 20.7118 0
      vertex -10.7 40 0
      vertex -23.4348 20.5365 0
    endloop
  endfacet
  facet normal 0 0 -1
    outer loop
      vertex -23.5279 20.884 0
      vertex -10.7 40 0
      vertex -23.4756 20.7118 0
    endloop
  endfacet
  facet normal 0 0 -1
    outer loop
      vertex -23.5913 21.0524 0
      vertex -10.7 40 0
      vertex -23.5279 20.884 0
    endloop
  endfacet
  facet normal 0 0 -1
    outer loop
      vertex -23.6655 21.2163 0
      vertex -10.7 40 0
      vertex -23.5913 21.0524 0
    endloop
  endfacet
  facet normal 0 0 -1
    outer loop
      vertex -23.7504 21.375 0
      vertex -10.7 40 0
      vertex -23.6655 21.2163 0
    endloop
  endfacet
  facet normal 0 0 -1
    outer loop
      vertex -23.8454 21.5278 0
      vertex -10.7 40 0
      vertex -23.7504 21.375 0
    endloop
  endfacet
  facet normal 0 0 -1
    outer loop
      vertex -23.9502 21.6741 0
      vertex -10.7 40 0
      vertex -23.8454 21.5278 0
    endloop
  endfacet
  facet normal 0 0 -1
    outer loop
      vertex -24.0644 21.8132 0
      vertex -10.7 40 0
      vertex -23.9502 21.6741 0
    endloop
  endfacet
  facet normal 0 0 -1
    outer loop
      vertex -24.1874 21.9445 0
      vertex -10.7 40 0
      vertex -24.0644 21.8132 0
    endloop
  endfacet
  facet normal 0 0 -1
    outer loop
      vertex -24.3187 22.0676 0
      vertex -10.7 40 0
      vertex -24.1874 21.9445 0
    endloop
  endfacet
  facet normal 0 0 -1
    outer loop
      vertex -24.4578 22.1817 0
      vertex -10.7 40 0
      vertex -24.3187 22.0676 0
    endloop
  endfacet
  facet normal 0 0 -1
    outer loop
      vertex -24.6041 22.2865 0
      vertex -10.7 40 0
      vertex -24.4578 22.1817 0
    endloop
  endfacet
  facet normal 0 0 -1
    outer loop
      vertex -24.7569 22.3816 0
      vertex -10.7 40 0
      vertex -24.6041 22.2865 0
    endloop
  endfacet
  facet normal 0 0 -1
    outer loop
      vertex -24.9156 22.4664 0
      vertex -10.7 40 0
      vertex -24.7569 22.3816 0
    endloop
  endfacet
  facet normal 0 0 -1
    outer loop
      vertex -25.0796 22.5407 0
      vertex -10.7 40 0
      vertex -24.9156 22.4664 0
    endloop
  endfacet
  facet normal 0 0 -1
    outer loop
      vertex -25.248 22.6041 0
      vertex -10.7 40 0
      vertex -25.0796 22.5407 0
    endloop
  endfacet
  facet normal 0 0 -1
    outer loop
      vertex -25.4202 22.6563 0
      vertex -10.7 40 0
      vertex -25.248 22.6041 0
    endloop
  endfacet
  facet normal 0 0 -1
    outer loop
      vertex -34.1319 40 0
      vertex -25.4202 22.6563 0
      vertex -25.5954 22.6972 0
    endloop
  endfacet
  facet normal 0 0 -1
    outer loop
      vertex -34.1319 40 0
      vertex -25.5954 22.6972 0
      vertex -25.773 22.7265 0
    endloop
  endfacet
  facet normal 0 0 -1
    outer loop
      vertex -34.1319 40 0
      vertex -25.773 22.7265 0
      vertex -25.9521 22.7441 0
    endloop
  endfacet
  facet normal 0 0 -1
    outer loop
      vertex -34.1319 40 0
      vertex -25.9521 22.7441 0
      vertex -26.1319 22.75 0
    endloop
  endfacet
  facet normal 0 0 -1
    outer loop
      vertex -34.1319 40 0
      vertex -26.1319 22.75 0
      vertex -26.3118 22.7441 0
    endloop
  endfacet
  facet normal 0 0 -1
    outer loop
      vertex -34.1319 40 0
      vertex -26.3118 22.7441 0
      vertex -26.4909 22.7265 0
    endloop
  endfacet
  facet normal 0 0 -1
    outer loop
      vertex -34.1319 40 0
      vertex -26.4909 22.7265 0
      vertex -26.6684 22.6972 0
    endloop
  endfacet
  facet normal 0 0 -1
    outer loop
      vertex -34.1319 40 0
      vertex -26.6684 22.6972 0
      vertex -26.8437 22.6563 0
    endloop
  endfacet
  facet normal 0 0 -1
    outer loop
      vertex -34.1319 40 0
      vertex -26.8437 22.6563 0
      vertex -27.0159 22.6041 0
    endloop
  endfacet
  facet normal 0 0 -1
    outer loop
      vertex -34.1319 40 0
      vertex -27.0159 22.6041 0
      vertex -27.1843 22.5407 0
    endloop
  endfacet
  facet normal 0 0 -1
    outer loop
      vertex -34.1319 40 0
      vertex -27.1843 22.5407 0
      vertex -27.3482 22.4664 0
    endloop
  endfacet
  facet normal 0 0 -1
    outer loop
      vertex -34.1319 40 0
      vertex -27.3482 22.4664 0
      vertex -27.5069 22.3816 0
    endloop
  endfacet
  facet normal 0 0 -1
    outer loop
      vertex -34.1319 40 0
      vertex -27.5069 22.3816 0
      vertex -27.6598 22.2865 0
    endloop
  endfacet
  facet normal 0 0 -1
    outer loop
      vertex -34.1319 40 0
      vertex -27.6598 22.2865 0
      vertex -27.806 22.1817 0
    endloop
  endfacet
  facet normal 0 0 -1
    outer loop
      vertex -34.1319 40 0
      vertex -27.806 22.1817 0
      vertex -27.9451 22.0676 0
    endloop
  endfacet
  facet normal 0 0 -1
    outer loop
      vertex -34.1319 40 0
      vertex -27.9451 22.0676 0
      vertex -28.0765 21.9445 0
    endloop
  endfacet
  facet normal 0 0 -1
    outer loop
      vertex -34.1319 40 0
      vertex -28.8819 20 0
      vertex -34.1319 0 0
    endloop
  endfacet
  facet normal 0 0 -1
    outer loop
      vertex -28.8819 20 0
      vertex -34.1319 40 0
      vertex -28.8761 20.1799 0
    endloop
  endfacet
  facet normal 0 0 -1
    outer loop
      vertex -28.8761 20.1799 0
      vertex -34.1319 40 0
      vertex -28.8584 20.3589 0
    endloop
  endfacet
  facet normal 0 0 -1
    outer loop
      vertex -28.8584 20.3589 0
      vertex -34.1319 40 0
      vertex -28.8291 20.5365 0
    endloop
  endfacet
  facet normal 0 0 -1
    outer loop
      vertex -25.4202 22.6563 0
      vertex -34.1319 40 0
      vertex -10.7 40 0
    endloop
  endfacet
  facet normal 0 0 -1
    outer loop
      vertex -28.1995 21.8132 0
      vertex -34.1319 40 0
      vertex -28.0765 21.9445 0
    endloop
  endfacet
  facet normal 0 0 -1
    outer loop
      vertex -28.3137 21.6741 0
      vertex -34.1319 40 0
      vertex -28.1995 21.8132 0
    endloop
  endfacet
  facet normal 0 0 -1
    outer loop
      vertex -28.4185 21.5278 0
      vertex -34.1319 40 0
      vertex -28.3137 21.6741 0
    endloop
  endfacet
  facet normal 0 0 -1
    outer loop
      vertex -28.5135 21.375 0
      vertex -34.1319 40 0
      vertex -28.4185 21.5278 0
    endloop
  endfacet
  facet normal 0 0 -1
    outer loop
      vertex -28.5983 21.2163 0
      vertex -34.1319 40 0
      vertex -28.5135 21.375 0
    endloop
  endfacet
  facet normal 0 0 -1
    outer loop
      vertex -28.6726 21.0524 0
      vertex -34.1319 40 0
      vertex -28.5983 21.2163 0
    endloop
  endfacet
  facet normal 0 0 -1
    outer loop
      vertex -28.736 20.884 0
      vertex -34.1319 40 0
      vertex -28.6726 21.0524 0
    endloop
  endfacet
  facet normal 0 0 -1
    outer loop
      vertex -28.7882 20.7118 0
      vertex -34.1319 40 0
      vertex -28.736 20.884 0
    endloop
  endfacet
  facet normal 0 0 -1
    outer loop
      vertex -28.8291 20.5365 0
      vertex -34.1319 40 0
      vertex -28.7882 20.7118 0
    endloop
  endfacet
  facet normal 0.999465 0 -0.0327062
    outer loop
      vertex -10.6771 0 0.699799
      vertex -10.7 40 0
      vertex -10.6771 40 0.699799
    endloop
  endfacet
  facet normal 0.999465 0 -0.0327062
    outer loop
      vertex -10.7 40 0
      vertex -10.6771 0 0.699799
      vertex -10.7 0 0
    endloop
  endfacet
  facet normal -0.999463 -0.0327784 0
    outer loop
      vertex -23.3819 20 0
      vertex -23.3878 20.1799 3.8
      vertex -23.3878 20.1799 0
    endloop
  endfacet
  facet normal -0.999463 -0.0327784 0
    outer loop
      vertex -23.3878 20.1799 3.8
      vertex -23.3819 20 0
      vertex -23.3819 20 3.8
    endloop
  endfacet
  facet normal -0.352341 -0.935872 0
    outer loop
      vertex -25.248 22.6041 0
      vertex -25.0796 22.5407 3.8
      vertex -25.248 22.6041 3.8
    endloop
  endfacet
  facet normal -0.352341 -0.935872 -0
    outer loop
      vertex -25.0796 22.5407 3.8
      vertex -25.248 22.6041 0
      vertex -25.0796 22.5407 0
    endloop
  endfacet
  facet normal 0.973845 -0.227212 0
    outer loop
      vertex -28.8291 20.5365 3.8
      vertex -28.7882 20.7118 0
      vertex -28.7882 20.7118 3.8
    endloop
  endfacet
  facet normal 0.973845 -0.227212 0
    outer loop
      vertex -28.7882 20.7118 0
      vertex -28.8291 20.5365 3.8
      vertex -28.8291 20.5365 0
    endloop
  endfacet
  facet normal 0.528151 -0.849151 0
    outer loop
      vertex -27.6598 22.2865 0
      vertex -27.5069 22.3816 3.8
      vertex -27.6598 22.2865 3.8
    endloop
  endfacet
  facet normal 0.528151 -0.849151 0
    outer loop
      vertex -27.5069 22.3816 3.8
      vertex -27.6598 22.2865 0
      vertex -27.5069 22.3816 0
    endloop
  endfacet
  facet normal 0.634206 0.773164 -0
    outer loop
      vertex -27.806 17.8183 0
      vertex -27.9451 17.9324 3.8
      vertex -27.806 17.8183 3.8
    endloop
  endfacet
  facet normal 0.634206 0.773164 0
    outer loop
      vertex -27.9451 17.9324 3.8
      vertex -27.806 17.8183 0
      vertex -27.9451 17.9324 0
    endloop
  endfacet
  facet normal -0.995147 -0.0984028 0
    outer loop
      vertex -23.3878 20.1799 0
      vertex -23.4055 20.3589 3.8
      vertex -23.4055 20.3589 0
    endloop
  endfacet
  facet normal -0.995147 -0.0984028 0
    outer loop
      vertex -23.4055 20.3589 3.8
      vertex -23.3878 20.1799 0
      vertex -23.3878 20.1799 3.8
    endloop
  endfacet
  facet normal 0.935872 -0.352341 0
    outer loop
      vertex -28.736 20.884 3.8
      vertex -28.6726 21.0524 0
      vertex -28.6726 21.0524 3.8
    endloop
  endfacet
  facet normal 0.935872 -0.352341 0
    outer loop
      vertex -28.6726 21.0524 0
      vertex -28.736 20.884 3.8
      vertex -28.736 20.884 0
    endloop
  endfacet
  facet normal 0.935872 0.352341 0
    outer loop
      vertex -28.6726 18.9476 3.8
      vertex -28.736 19.116 0
      vertex -28.736 19.116 3.8
    endloop
  endfacet
  facet normal 0.935872 0.352341 0
    outer loop
      vertex -28.736 19.116 0
      vertex -28.6726 18.9476 3.8
      vertex -28.6726 18.9476 0
    endloop
  endfacet
  facet normal 0.956996 -0.2901 0
    outer loop
      vertex -28.7882 20.7118 3.8
      vertex -28.736 20.884 0
      vertex -28.736 20.884 3.8
    endloop
  endfacet
  facet normal 0.956996 -0.2901 0
    outer loop
      vertex -28.736 20.884 0
      vertex -28.7882 20.7118 3.8
      vertex -28.7882 20.7118 0
    endloop
  endfacet
  facet normal -0.881752 0.471713 0
    outer loop
      vertex -23.7504 18.625 0
      vertex -23.6655 18.7837 3.8
      vertex -23.6655 18.7837 0
    endloop
  endfacet
  facet normal -0.881752 0.471713 0
    outer loop
      vertex -23.6655 18.7837 3.8
      vertex -23.7504 18.625 0
      vertex -23.7504 18.625 3.8
    endloop
  endfacet
  facet normal 0.582605 -0.812756 0
    outer loop
      vertex -27.806 22.1817 0
      vertex -27.6598 22.2865 3.8
      vertex -27.806 22.1817 3.8
    endloop
  endfacet
  facet normal 0.582605 -0.812756 0
    outer loop
      vertex -27.6598 22.2865 3.8
      vertex -27.806 22.1817 0
      vertex -27.6598 22.2865 0
    endloop
  endfacet
  facet normal 0.2901 0.956996 -0
    outer loop
      vertex -26.8437 17.3437 0
      vertex -27.0159 17.3959 3.8
      vertex -26.8437 17.3437 3.8
    endloop
  endfacet
  facet normal 0.2901 0.956996 0
    outer loop
      vertex -27.0159 17.3959 3.8
      vertex -26.8437 17.3437 0
      vertex -27.0159 17.3959 0
    endloop
  endfacet
  facet normal 0.227212 0.973845 -0
    outer loop
      vertex -26.6684 17.3028 0
      vertex -26.8437 17.3437 3.8
      vertex -26.6684 17.3028 3.8
    endloop
  endfacet
  facet normal 0.227212 0.973845 0
    outer loop
      vertex -26.8437 17.3437 3.8
      vertex -26.6684 17.3028 0
      vertex -26.8437 17.3437 0
    endloop
  endfacet
  facet normal -0.812944 -0.582341 0
    outer loop
      vertex -23.8454 21.5278 0
      vertex -23.9502 21.6741 3.8
      vertex -23.9502 21.6741 0
    endloop
  endfacet
  facet normal -0.812944 -0.582341 0
    outer loop
      vertex -23.9502 21.6741 3.8
      vertex -23.8454 21.5278 0
      vertex -23.8454 21.5278 3.8
    endloop
  endfacet
  facet normal 0.729797 0.683664 0
    outer loop
      vertex -28.0765 18.0555 3.8
      vertex -28.1995 18.1868 0
      vertex -28.1995 18.1868 3.8
    endloop
  endfacet
  facet normal 0.729797 0.683664 0
    outer loop
      vertex -28.1995 18.1868 0
      vertex -28.0765 18.0555 3.8
      vertex -28.0765 18.0555 0
    endloop
  endfacet
  facet normal 0.910785 0.412882 0
    outer loop
      vertex -28.5983 18.7837 3.8
      vertex -28.6726 18.9476 0
      vertex -28.6726 18.9476 3.8
    endloop
  endfacet
  facet normal 0.910785 0.412882 0
    outer loop
      vertex -28.6726 18.9476 0
      vertex -28.5983 18.7837 3.8
      vertex -28.5983 18.7837 0
    endloop
  endfacet
  facet normal -0.729797 0.683664 0
    outer loop
      vertex -24.1874 18.0555 0
      vertex -24.0644 18.1868 3.8
      vertex -24.0644 18.1868 0
    endloop
  endfacet
  facet normal -0.729797 0.683664 0
    outer loop
      vertex -24.0644 18.1868 3.8
      vertex -24.1874 18.0555 0
      vertex -24.1874 18.0555 3.8
    endloop
  endfacet
  facet normal -0.582341 0.812944 0
    outer loop
      vertex -24.4578 17.8183 0
      vertex -24.6041 17.7135 3.8
      vertex -24.4578 17.8183 3.8
    endloop
  endfacet
  facet normal -0.582341 0.812944 0
    outer loop
      vertex -24.6041 17.7135 3.8
      vertex -24.4578 17.8183 0
      vertex -24.6041 17.7135 0
    endloop
  endfacet
  facet normal 0.772892 0.634538 0
    outer loop
      vertex -28.1995 18.1868 3.8
      vertex -28.3137 18.3259 0
      vertex -28.3137 18.3259 3.8
    endloop
  endfacet
  facet normal 0.772892 0.634538 0
    outer loop
      vertex -28.3137 18.3259 0
      vertex -28.1995 18.1868 3.8
      vertex -28.1995 18.1868 0
    endloop
  endfacet
  facet normal -0.956842 0.290609 0
    outer loop
      vertex -23.5279 19.116 0
      vertex -23.4756 19.2882 3.8
      vertex -23.4756 19.2882 0
    endloop
  endfacet
  facet normal -0.956842 0.290609 0
    outer loop
      vertex -23.4756 19.2882 3.8
      vertex -23.5279 19.116 0
      vertex -23.5279 19.116 3.8
    endloop
  endfacet
  facet normal -0.47128 0.881983 0
    outer loop
      vertex -24.7569 17.6184 0
      vertex -24.9156 17.5336 3.8
      vertex -24.7569 17.6184 3.8
    endloop
  endfacet
  facet normal -0.47128 0.881983 0
    outer loop
      vertex -24.9156 17.5336 3.8
      vertex -24.7569 17.6184 0
      vertex -24.9156 17.5336 0
    endloop
  endfacet
  facet normal 0.999481 -0.0322234 0
    outer loop
      vertex -28.8819 20 3.8
      vertex -28.8761 20.1799 0
      vertex -28.8761 20.1799 3.8
    endloop
  endfacet
  facet normal 0.999481 -0.0322234 0
    outer loop
      vertex -28.8761 20.1799 0
      vertex -28.8819 20 3.8
      vertex -28.8819 20 0
    endloop
  endfacet
  facet normal -0.881752 -0.471713 0
    outer loop
      vertex -23.6655 21.2163 0
      vertex -23.7504 21.375 3.8
      vertex -23.7504 21.375 0
    endloop
  endfacet
  facet normal -0.881752 -0.471713 0
    outer loop
      vertex -23.7504 21.375 3.8
      vertex -23.6655 21.2163 0
      vertex -23.6655 21.2163 3.8
    endloop
  endfacet
  facet normal -0.956842 -0.290609 0
    outer loop
      vertex -23.4756 20.7118 0
      vertex -23.5279 20.884 3.8
      vertex -23.5279 20.884 0
    endloop
  endfacet
  facet normal -0.956842 -0.290609 0
    outer loop
      vertex -23.5279 20.884 3.8
      vertex -23.4756 20.7118 0
      vertex -23.4756 20.7118 3.8
    endloop
  endfacet
  facet normal 0.995147 -0.0984028 0
    outer loop
      vertex -28.8761 20.1799 3.8
      vertex -28.8584 20.3589 0
      vertex -28.8584 20.3589 3.8
    endloop
  endfacet
  facet normal 0.995147 -0.0984028 0
    outer loop
      vertex -28.8584 20.3589 0
      vertex -28.8761 20.1799 3.8
      vertex -28.8761 20.1799 0
    endloop
  endfacet
  facet normal 0.634206 -0.773164 0
    outer loop
      vertex -27.9451 22.0676 0
      vertex -27.806 22.1817 3.8
      vertex -27.9451 22.0676 3.8
    endloop
  endfacet
  facet normal 0.634206 -0.773164 0
    outer loop
      vertex -27.806 22.1817 3.8
      vertex -27.9451 22.0676 0
      vertex -27.806 22.1817 0
    endloop
  endfacet
  facet normal 0.881983 0.47128 0
    outer loop
      vertex -28.5135 18.625 3.8
      vertex -28.5983 18.7837 0
      vertex -28.5983 18.7837 3.8
    endloop
  endfacet
  facet normal 0.881983 0.47128 0
    outer loop
      vertex -28.5983 18.7837 0
      vertex -28.5135 18.625 3.8
      vertex -28.5135 18.625 0
    endloop
  endfacet
  facet normal 0.0327784 0.999463 -0
    outer loop
      vertex -26.1319 17.25 0
      vertex -26.3118 17.2559 3.8
      vertex -26.1319 17.25 3.8
    endloop
  endfacet
  facet normal 0.0327784 0.999463 0
    outer loop
      vertex -26.3118 17.2559 3.8
      vertex -26.1319 17.25 0
      vertex -26.3118 17.2559 0
    endloop
  endfacet
  facet normal 0.999481 0.0322234 0
    outer loop
      vertex -28.8761 19.8201 3.8
      vertex -28.8819 20 0
      vertex -28.8819 20 3.8
    endloop
  endfacet
  facet normal 0.999481 0.0322234 0
    outer loop
      vertex -28.8819 20 0
      vertex -28.8761 19.8201 3.8
      vertex -28.8761 19.8201 0
    endloop
  endfacet
  facet normal -0.0327966 0.999462 0
    outer loop
      vertex -25.9521 17.2559 0
      vertex -26.1319 17.25 3.8
      vertex -25.9521 17.2559 3.8
    endloop
  endfacet
  facet normal -0.0327966 0.999462 0
    outer loop
      vertex -26.1319 17.25 3.8
      vertex -25.9521 17.2559 0
      vertex -26.1319 17.25 0
    endloop
  endfacet
  facet normal -0.2901 0.956996 0
    outer loop
      vertex -25.248 17.3959 0
      vertex -25.4202 17.3437 3.8
      vertex -25.248 17.3959 3.8
    endloop
  endfacet
  facet normal -0.2901 0.956996 0
    outer loop
      vertex -25.4202 17.3437 3.8
      vertex -25.248 17.3959 0
      vertex -25.4202 17.3437 0
    endloop
  endfacet
  facet normal -0.352341 0.935872 0
    outer loop
      vertex -25.0796 17.4593 0
      vertex -25.248 17.3959 3.8
      vertex -25.0796 17.4593 3.8
    endloop
  endfacet
  facet normal -0.352341 0.935872 0
    outer loop
      vertex -25.248 17.3959 3.8
      vertex -25.0796 17.4593 0
      vertex -25.248 17.3959 0
    endloop
  endfacet
  facet normal 0.412882 -0.910785 0
    outer loop
      vertex -27.3482 22.4664 0
      vertex -27.1843 22.5407 3.8
      vertex -27.3482 22.4664 3.8
    endloop
  endfacet
  facet normal 0.412882 -0.910785 0
    outer loop
      vertex -27.1843 22.5407 3.8
      vertex -27.3482 22.4664 0
      vertex -27.1843 22.5407 0
    endloop
  endfacet
  facet normal -0.910994 -0.412421 0
    outer loop
      vertex -23.5913 21.0524 0
      vertex -23.6655 21.2163 3.8
      vertex -23.6655 21.2163 0
    endloop
  endfacet
  facet normal -0.910994 -0.412421 0
    outer loop
      vertex -23.6655 21.2163 3.8
      vertex -23.5913 21.0524 0
      vertex -23.5913 21.0524 3.8
    endloop
  endfacet
  facet normal 0.528151 0.849151 -0
    outer loop
      vertex -27.5069 17.6184 0
      vertex -27.6598 17.7135 3.8
      vertex -27.5069 17.6184 3.8
    endloop
  endfacet
  facet normal 0.528151 0.849151 0
    outer loop
      vertex -27.6598 17.7135 3.8
      vertex -27.5069 17.6184 0
      vertex -27.6598 17.7135 0
    endloop
  endfacet
  facet normal -0.935872 -0.352341 0
    outer loop
      vertex -23.5279 20.884 0
      vertex -23.5913 21.0524 3.8
      vertex -23.5913 21.0524 0
    endloop
  endfacet
  facet normal -0.935872 -0.352341 0
    outer loop
      vertex -23.5913 21.0524 3.8
      vertex -23.5279 20.884 0
      vertex -23.5279 20.884 3.8
    endloop
  endfacet
  facet normal -0.2901 -0.956996 0
    outer loop
      vertex -25.4202 22.6563 0
      vertex -25.248 22.6041 3.8
      vertex -25.4202 22.6563 3.8
    endloop
  endfacet
  facet normal -0.2901 -0.956996 -0
    outer loop
      vertex -25.248 22.6041 3.8
      vertex -25.4202 22.6563 0
      vertex -25.248 22.6041 0
    endloop
  endfacet
  facet normal -0.910994 0.412421 0
    outer loop
      vertex -23.6655 18.7837 0
      vertex -23.5913 18.9476 3.8
      vertex -23.5913 18.9476 0
    endloop
  endfacet
  facet normal -0.910994 0.412421 0
    outer loop
      vertex -23.5913 18.9476 3.8
      vertex -23.6655 18.7837 0
      vertex -23.6655 18.7837 3.8
    endloop
  endfacet
  facet normal -0.772892 0.634538 0
    outer loop
      vertex -24.0644 18.1868 0
      vertex -23.9502 18.3259 3.8
      vertex -23.9502 18.3259 0
    endloop
  endfacet
  facet normal -0.772892 0.634538 0
    outer loop
      vertex -23.9502 18.3259 3.8
      vertex -24.0644 18.1868 0
      vertex -24.0644 18.1868 3.8
    endloop
  endfacet
  facet normal -0.849245 0.527999 0
    outer loop
      vertex -23.8454 18.4722 0
      vertex -23.7504 18.625 3.8
      vertex -23.7504 18.625 0
    endloop
  endfacet
  facet normal -0.849245 0.527999 0
    outer loop
      vertex -23.7504 18.625 3.8
      vertex -23.8454 18.4722 0
      vertex -23.8454 18.4722 3.8
    endloop
  endfacet
  facet normal -0.227335 -0.973817 0
    outer loop
      vertex -25.5954 22.6972 0
      vertex -25.4202 22.6563 3.8
      vertex -25.5954 22.6972 3.8
    endloop
  endfacet
  facet normal -0.227335 -0.973817 -0
    outer loop
      vertex -25.4202 22.6563 3.8
      vertex -25.5954 22.6972 0
      vertex -25.4202 22.6563 0
    endloop
  endfacet
  facet normal -0.582341 -0.812944 0
    outer loop
      vertex -24.6041 22.2865 0
      vertex -24.4578 22.1817 3.8
      vertex -24.6041 22.2865 3.8
    endloop
  endfacet
  facet normal -0.582341 -0.812944 -0
    outer loop
      vertex -24.4578 22.1817 3.8
      vertex -24.6041 22.2865 0
      vertex -24.4578 22.1817 0
    endloop
  endfacet
  facet normal -0.999463 0.0327784 0
    outer loop
      vertex -23.3878 19.8201 0
      vertex -23.3819 20 3.8
      vertex -23.3819 20 0
    endloop
  endfacet
  facet normal -0.999463 0.0327784 0
    outer loop
      vertex -23.3819 20 3.8
      vertex -23.3878 19.8201 0
      vertex -23.3878 19.8201 3.8
    endloop
  endfacet
  facet normal -0.986663 -0.162777 0
    outer loop
      vertex -23.4055 20.3589 0
      vertex -23.4348 20.5365 3.8
      vertex -23.4348 20.5365 0
    endloop
  endfacet
  facet normal -0.986663 -0.162777 0
    outer loop
      vertex -23.4348 20.5365 3.8
      vertex -23.4055 20.3589 0
      vertex -23.4055 20.3589 3.8
    endloop
  endfacet
  facet normal -0.162777 0.986663 0
    outer loop
      vertex -25.5954 17.3028 0
      vertex -25.773 17.2735 3.8
      vertex -25.5954 17.3028 3.8
    endloop
  endfacet
  facet normal -0.162777 0.986663 0
    outer loop
      vertex -25.773 17.2735 3.8
      vertex -25.5954 17.3028 0
      vertex -25.773 17.2735 0
    endloop
  endfacet
  facet normal 0.0327784 -0.999463 0
    outer loop
      vertex -26.3118 22.7441 0
      vertex -26.1319 22.75 3.8
      vertex -26.3118 22.7441 3.8
    endloop
  endfacet
  facet normal 0.0327784 -0.999463 0
    outer loop
      vertex -26.1319 22.75 3.8
      vertex -26.3118 22.7441 0
      vertex -26.1319 22.75 0
    endloop
  endfacet
  facet normal -0.5284 -0.848996 0
    outer loop
      vertex -24.7569 22.3816 0
      vertex -24.6041 22.2865 3.8
      vertex -24.7569 22.3816 3.8
    endloop
  endfacet
  facet normal -0.5284 -0.848996 -0
    outer loop
      vertex -24.6041 22.2865 3.8
      vertex -24.7569 22.3816 0
      vertex -24.6041 22.2865 0
    endloop
  endfacet
  facet normal 0.47128 0.881983 -0
    outer loop
      vertex -27.3482 17.5336 0
      vertex -27.5069 17.6184 3.8
      vertex -27.3482 17.5336 3.8
    endloop
  endfacet
  facet normal 0.47128 0.881983 0
    outer loop
      vertex -27.5069 17.6184 3.8
      vertex -27.3482 17.5336 0
      vertex -27.5069 17.6184 0
    endloop
  endfacet
  facet normal -0.634206 0.773164 0
    outer loop
      vertex -24.3187 17.9324 0
      vertex -24.4578 17.8183 3.8
      vertex -24.3187 17.9324 3.8
    endloop
  endfacet
  facet normal -0.634206 0.773164 0
    outer loop
      vertex -24.4578 17.8183 3.8
      vertex -24.3187 17.9324 0
      vertex -24.4578 17.8183 0
    endloop
  endfacet
  facet normal 0.729797 -0.683664 0
    outer loop
      vertex -28.1995 21.8132 3.8
      vertex -28.0765 21.9445 0
      vertex -28.0765 21.9445 3.8
    endloop
  endfacet
  facet normal 0.729797 -0.683664 0
    outer loop
      vertex -28.0765 21.9445 0
      vertex -28.1995 21.8132 3.8
      vertex -28.1995 21.8132 0
    endloop
  endfacet
  facet normal 0.973845 0.227212 0
    outer loop
      vertex -28.7882 19.2882 3.8
      vertex -28.8291 19.4635 0
      vertex -28.8291 19.4635 3.8
    endloop
  endfacet
  facet normal 0.973845 0.227212 0
    outer loop
      vertex -28.8291 19.4635 0
      vertex -28.7882 19.2882 3.8
      vertex -28.7882 19.2882 0
    endloop
  endfacet
  facet normal 0.812944 0.582341 0
    outer loop
      vertex -28.3137 18.3259 3.8
      vertex -28.4185 18.4722 0
      vertex -28.4185 18.4722 3.8
    endloop
  endfacet
  facet normal 0.812944 0.582341 0
    outer loop
      vertex -28.4185 18.4722 0
      vertex -28.3137 18.3259 3.8
      vertex -28.3137 18.3259 0
    endloop
  endfacet
  facet normal -0.973968 -0.226685 0
    outer loop
      vertex -23.4348 20.5365 0
      vertex -23.4756 20.7118 3.8
      vertex -23.4756 20.7118 0
    endloop
  endfacet
  facet normal -0.973968 -0.226685 0
    outer loop
      vertex -23.4756 20.7118 3.8
      vertex -23.4348 20.5365 0
      vertex -23.4348 20.5365 3.8
    endloop
  endfacet
  facet normal 0.162866 0.986648 -0
    outer loop
      vertex -26.4909 17.2735 0
      vertex -26.6684 17.3028 3.8
      vertex -26.4909 17.2735 3.8
    endloop
  endfacet
  facet normal 0.162866 0.986648 0
    outer loop
      vertex -26.6684 17.3028 3.8
      vertex -26.4909 17.2735 0
      vertex -26.6684 17.3028 0
    endloop
  endfacet
  facet normal 0.849245 -0.527999 0
    outer loop
      vertex -28.5135 21.375 3.8
      vertex -28.4185 21.5278 0
      vertex -28.4185 21.5278 3.8
    endloop
  endfacet
  facet normal 0.849245 -0.527999 0
    outer loop
      vertex -28.4185 21.5278 0
      vertex -28.5135 21.375 3.8
      vertex -28.5135 21.375 0
    endloop
  endfacet
  facet normal -0.0327966 -0.999462 0
    outer loop
      vertex -26.1319 22.75 0
      vertex -25.9521 22.7441 3.8
      vertex -26.1319 22.75 3.8
    endloop
  endfacet
  facet normal -0.0327966 -0.999462 -0
    outer loop
      vertex -25.9521 22.7441 3.8
      vertex -26.1319 22.75 0
      vertex -25.9521 22.7441 0
    endloop
  endfacet
  facet normal 0.986663 0.162777 0
    outer loop
      vertex -28.8291 19.4635 3.8
      vertex -28.8584 19.6411 0
      vertex -28.8584 19.6411 3.8
    endloop
  endfacet
  facet normal 0.986663 0.162777 0
    outer loop
      vertex -28.8584 19.6411 0
      vertex -28.8291 19.4635 3.8
      vertex -28.8291 19.4635 0
    endloop
  endfacet
  facet normal 0.097798 -0.995206 0
    outer loop
      vertex -26.4909 22.7265 0
      vertex -26.3118 22.7441 3.8
      vertex -26.4909 22.7265 3.8
    endloop
  endfacet
  facet normal 0.097798 -0.995206 0
    outer loop
      vertex -26.3118 22.7441 3.8
      vertex -26.4909 22.7265 0
      vertex -26.3118 22.7441 0
    endloop
  endfacet
  facet normal 0.995147 0.0984028 0
    outer loop
      vertex -28.8584 19.6411 3.8
      vertex -28.8761 19.8201 0
      vertex -28.8761 19.8201 3.8
    endloop
  endfacet
  facet normal 0.995147 0.0984028 0
    outer loop
      vertex -28.8761 19.8201 0
      vertex -28.8584 19.6411 3.8
      vertex -28.8584 19.6411 0
    endloop
  endfacet
  facet normal 0.162866 -0.986648 0
    outer loop
      vertex -26.6684 22.6972 0
      vertex -26.4909 22.7265 3.8
      vertex -26.6684 22.6972 3.8
    endloop
  endfacet
  facet normal 0.162866 -0.986648 0
    outer loop
      vertex -26.4909 22.7265 3.8
      vertex -26.6684 22.6972 0
      vertex -26.4909 22.7265 0
    endloop
  endfacet
  facet normal 0.881983 -0.47128 0
    outer loop
      vertex -28.5983 21.2163 3.8
      vertex -28.5135 21.375 0
      vertex -28.5135 21.375 3.8
    endloop
  endfacet
  facet normal 0.881983 -0.47128 0
    outer loop
      vertex -28.5135 21.375 0
      vertex -28.5983 21.2163 3.8
      vertex -28.5983 21.2163 0
    endloop
  endfacet
  facet normal -0.995147 0.0984028 0
    outer loop
      vertex -23.4055 19.6411 0
      vertex -23.3878 19.8201 3.8
      vertex -23.3878 19.8201 0
    endloop
  endfacet
  facet normal -0.995147 0.0984028 0
    outer loop
      vertex -23.3878 19.8201 3.8
      vertex -23.4055 19.6411 0
      vertex -23.4055 19.6411 3.8
    endloop
  endfacet
  facet normal -0.849245 -0.527999 0
    outer loop
      vertex -23.7504 21.375 0
      vertex -23.8454 21.5278 3.8
      vertex -23.8454 21.5278 0
    endloop
  endfacet
  facet normal -0.849245 -0.527999 0
    outer loop
      vertex -23.8454 21.5278 3.8
      vertex -23.7504 21.375 0
      vertex -23.7504 21.375 3.8
    endloop
  endfacet
  facet normal 0.2901 -0.956996 0
    outer loop
      vertex -27.0159 22.6041 0
      vertex -26.8437 22.6563 3.8
      vertex -27.0159 22.6041 3.8
    endloop
  endfacet
  facet normal 0.2901 -0.956996 0
    outer loop
      vertex -26.8437 22.6563 3.8
      vertex -27.0159 22.6041 0
      vertex -26.8437 22.6563 0
    endloop
  endfacet
  facet normal -0.812944 0.582341 0
    outer loop
      vertex -23.9502 18.3259 0
      vertex -23.8454 18.4722 3.8
      vertex -23.8454 18.4722 0
    endloop
  endfacet
  facet normal -0.812944 0.582341 0
    outer loop
      vertex -23.8454 18.4722 3.8
      vertex -23.9502 18.3259 0
      vertex -23.9502 18.3259 3.8
    endloop
  endfacet
  facet normal -0.412673 0.910879 0
    outer loop
      vertex -24.9156 17.5336 0
      vertex -25.0796 17.4593 3.8
      vertex -24.9156 17.5336 3.8
    endloop
  endfacet
  facet normal -0.412673 0.910879 0
    outer loop
      vertex -25.0796 17.4593 3.8
      vertex -24.9156 17.5336 0
      vertex -25.0796 17.4593 0
    endloop
  endfacet
  facet normal -0.227335 0.973817 0
    outer loop
      vertex -25.4202 17.3437 0
      vertex -25.5954 17.3028 3.8
      vertex -25.4202 17.3437 3.8
    endloop
  endfacet
  facet normal -0.227335 0.973817 0
    outer loop
      vertex -25.5954 17.3028 3.8
      vertex -25.4202 17.3437 0
      vertex -25.5954 17.3028 0
    endloop
  endfacet
  facet normal -0.097798 0.995206 0
    outer loop
      vertex -25.773 17.2735 0
      vertex -25.9521 17.2559 3.8
      vertex -25.773 17.2735 3.8
    endloop
  endfacet
  facet normal -0.097798 0.995206 0
    outer loop
      vertex -25.9521 17.2559 3.8
      vertex -25.773 17.2735 0
      vertex -25.9521 17.2559 0
    endloop
  endfacet
  facet normal 0.097798 0.995206 -0
    outer loop
      vertex -26.3118 17.2559 0
      vertex -26.4909 17.2735 3.8
      vertex -26.3118 17.2559 3.8
    endloop
  endfacet
  facet normal 0.097798 0.995206 0
    outer loop
      vertex -26.4909 17.2735 3.8
      vertex -26.3118 17.2559 0
      vertex -26.4909 17.2735 0
    endloop
  endfacet
  facet normal -0.973968 0.226685 0
    outer loop
      vertex -23.4756 19.2882 0
      vertex -23.4348 19.4635 3.8
      vertex -23.4348 19.4635 0
    endloop
  endfacet
  facet normal -0.973968 0.226685 0
    outer loop
      vertex -23.4348 19.4635 3.8
      vertex -23.4756 19.2882 0
      vertex -23.4756 19.2882 3.8
    endloop
  endfacet
  facet normal -0.935872 0.352341 0
    outer loop
      vertex -23.5913 18.9476 0
      vertex -23.5279 19.116 3.8
      vertex -23.5279 19.116 0
    endloop
  endfacet
  facet normal -0.935872 0.352341 0
    outer loop
      vertex -23.5279 19.116 3.8
      vertex -23.5913 18.9476 0
      vertex -23.5913 18.9476 3.8
    endloop
  endfacet
  facet normal 0.683682 0.72978 -0
    outer loop
      vertex -27.9451 17.9324 0
      vertex -28.0765 18.0555 3.8
      vertex -27.9451 17.9324 3.8
    endloop
  endfacet
  facet normal 0.683682 0.72978 0
    outer loop
      vertex -28.0765 18.0555 3.8
      vertex -27.9451 17.9324 0
      vertex -28.0765 18.0555 0
    endloop
  endfacet
  facet normal -0.772892 -0.634538 0
    outer loop
      vertex -23.9502 21.6741 0
      vertex -24.0644 21.8132 3.8
      vertex -24.0644 21.8132 0
    endloop
  endfacet
  facet normal -0.772892 -0.634538 0
    outer loop
      vertex -24.0644 21.8132 3.8
      vertex -23.9502 21.6741 0
      vertex -23.9502 21.6741 3.8
    endloop
  endfacet
  facet normal -0.097798 -0.995206 0
    outer loop
      vertex -25.9521 22.7441 0
      vertex -25.773 22.7265 3.8
      vertex -25.9521 22.7441 3.8
    endloop
  endfacet
  facet normal -0.097798 -0.995206 -0
    outer loop
      vertex -25.773 22.7265 3.8
      vertex -25.9521 22.7441 0
      vertex -25.773 22.7265 0
    endloop
  endfacet
  facet normal 0.412882 0.910785 -0
    outer loop
      vertex -27.1843 17.4593 0
      vertex -27.3482 17.5336 3.8
      vertex -27.1843 17.4593 3.8
    endloop
  endfacet
  facet normal 0.412882 0.910785 0
    outer loop
      vertex -27.3482 17.5336 3.8
      vertex -27.1843 17.4593 0
      vertex -27.3482 17.5336 0
    endloop
  endfacet
  facet normal -0.729797 -0.683664 0
    outer loop
      vertex -24.0644 21.8132 0
      vertex -24.1874 21.9445 3.8
      vertex -24.1874 21.9445 0
    endloop
  endfacet
  facet normal -0.729797 -0.683664 0
    outer loop
      vertex -24.1874 21.9445 3.8
      vertex -24.0644 21.8132 0
      vertex -24.0644 21.8132 3.8
    endloop
  endfacet
  facet normal -0.634206 -0.773164 0
    outer loop
      vertex -24.4578 22.1817 0
      vertex -24.3187 22.0676 3.8
      vertex -24.4578 22.1817 3.8
    endloop
  endfacet
  facet normal -0.634206 -0.773164 -0
    outer loop
      vertex -24.3187 22.0676 3.8
      vertex -24.4578 22.1817 0
      vertex -24.3187 22.0676 0
    endloop
  endfacet
  facet normal -0.986663 0.162777 0
    outer loop
      vertex -23.4348 19.4635 0
      vertex -23.4055 19.6411 3.8
      vertex -23.4055 19.6411 0
    endloop
  endfacet
  facet normal -0.986663 0.162777 0
    outer loop
      vertex -23.4055 19.6411 3.8
      vertex -23.4348 19.4635 0
      vertex -23.4348 19.4635 3.8
    endloop
  endfacet
  facet normal 0.683682 -0.72978 0
    outer loop
      vertex -28.0765 21.9445 0
      vertex -27.9451 22.0676 3.8
      vertex -28.0765 21.9445 3.8
    endloop
  endfacet
  facet normal 0.683682 -0.72978 0
    outer loop
      vertex -27.9451 22.0676 3.8
      vertex -28.0765 21.9445 0
      vertex -27.9451 22.0676 0
    endloop
  endfacet
  facet normal -0.47128 -0.881983 0
    outer loop
      vertex -24.9156 22.4664 0
      vertex -24.7569 22.3816 3.8
      vertex -24.9156 22.4664 3.8
    endloop
  endfacet
  facet normal -0.47128 -0.881983 -0
    outer loop
      vertex -24.7569 22.3816 3.8
      vertex -24.9156 22.4664 0
      vertex -24.7569 22.3816 0
    endloop
  endfacet
  facet normal 0.227212 -0.973845 0
    outer loop
      vertex -26.8437 22.6563 0
      vertex -26.6684 22.6972 3.8
      vertex -26.8437 22.6563 3.8
    endloop
  endfacet
  facet normal 0.227212 -0.973845 0
    outer loop
      vertex -26.6684 22.6972 3.8
      vertex -26.8437 22.6563 0
      vertex -26.6684 22.6972 0
    endloop
  endfacet
  facet normal -0.68396 -0.72952 0
    outer loop
      vertex -24.3187 22.0676 0
      vertex -24.1874 21.9445 3.8
      vertex -24.3187 22.0676 3.8
    endloop
  endfacet
  facet normal -0.68396 -0.72952 -0
    outer loop
      vertex -24.1874 21.9445 3.8
      vertex -24.3187 22.0676 0
      vertex -24.1874 21.9445 0
    endloop
  endfacet
  facet normal 0.352341 -0.935872 0
    outer loop
      vertex -27.1843 22.5407 0
      vertex -27.0159 22.6041 3.8
      vertex -27.1843 22.5407 3.8
    endloop
  endfacet
  facet normal 0.352341 -0.935872 0
    outer loop
      vertex -27.0159 22.6041 3.8
      vertex -27.1843 22.5407 0
      vertex -27.0159 22.6041 0
    endloop
  endfacet
  facet normal -0.162777 -0.986663 0
    outer loop
      vertex -25.773 22.7265 0
      vertex -25.5954 22.6972 3.8
      vertex -25.773 22.7265 3.8
    endloop
  endfacet
  facet normal -0.162777 -0.986663 -0
    outer loop
      vertex -25.5954 22.6972 3.8
      vertex -25.773 22.7265 0
      vertex -25.5954 22.6972 0
    endloop
  endfacet
  facet normal 0.986663 -0.162777 0
    outer loop
      vertex -28.8584 20.3589 3.8
      vertex -28.8291 20.5365 0
      vertex -28.8291 20.5365 3.8
    endloop
  endfacet
  facet normal 0.986663 -0.162777 0
    outer loop
      vertex -28.8291 20.5365 0
      vertex -28.8584 20.3589 3.8
      vertex -28.8584 20.3589 0
    endloop
  endfacet
  facet normal 0.910785 -0.412882 0
    outer loop
      vertex -28.6726 21.0524 3.8
      vertex -28.5983 21.2163 0
      vertex -28.5983 21.2163 3.8
    endloop
  endfacet
  facet normal 0.910785 -0.412882 0
    outer loop
      vertex -28.5983 21.2163 0
      vertex -28.6726 21.0524 3.8
      vertex -28.6726 21.0524 0
    endloop
  endfacet
  facet normal -0.412673 -0.910879 0
    outer loop
      vertex -25.0796 22.5407 0
      vertex -24.9156 22.4664 3.8
      vertex -25.0796 22.5407 3.8
    endloop
  endfacet
  facet normal -0.412673 -0.910879 -0
    outer loop
      vertex -24.9156 22.4664 3.8
      vertex -25.0796 22.5407 0
      vertex -24.9156 22.4664 0
    endloop
  endfacet
  facet normal 0.772892 -0.634538 0
    outer loop
      vertex -28.3137 21.6741 3.8
      vertex -28.1995 21.8132 0
      vertex -28.1995 21.8132 3.8
    endloop
  endfacet
  facet normal 0.772892 -0.634538 0
    outer loop
      vertex -28.1995 21.8132 0
      vertex -28.3137 21.6741 3.8
      vertex -28.3137 21.6741 0
    endloop
  endfacet
  facet normal -0.5284 0.848996 0
    outer loop
      vertex -24.6041 17.7135 0
      vertex -24.7569 17.6184 3.8
      vertex -24.6041 17.7135 3.8
    endloop
  endfacet
  facet normal -0.5284 0.848996 0
    outer loop
      vertex -24.7569 17.6184 3.8
      vertex -24.6041 17.7135 0
      vertex -24.7569 17.6184 0
    endloop
  endfacet
  facet normal 0.582605 0.812756 -0
    outer loop
      vertex -27.6598 17.7135 0
      vertex -27.806 17.8183 3.8
      vertex -27.6598 17.7135 3.8
    endloop
  endfacet
  facet normal 0.582605 0.812756 0
    outer loop
      vertex -27.806 17.8183 3.8
      vertex -27.6598 17.7135 0
      vertex -27.806 17.8183 0
    endloop
  endfacet
  facet normal 0.812944 -0.582341 0
    outer loop
      vertex -28.4185 21.5278 3.8
      vertex -28.3137 21.6741 0
      vertex -28.3137 21.6741 3.8
    endloop
  endfacet
  facet normal 0.812944 -0.582341 0
    outer loop
      vertex -28.3137 21.6741 0
      vertex -28.4185 21.5278 3.8
      vertex -28.4185 21.5278 0
    endloop
  endfacet
  facet normal 0.47128 -0.881983 0
    outer loop
      vertex -27.5069 22.3816 0
      vertex -27.3482 22.4664 3.8
      vertex -27.5069 22.3816 3.8
    endloop
  endfacet
  facet normal 0.47128 -0.881983 0
    outer loop
      vertex -27.3482 22.4664 3.8
      vertex -27.5069 22.3816 0
      vertex -27.3482 22.4664 0
    endloop
  endfacet
  facet normal 0.849245 0.527999 0
    outer loop
      vertex -28.4185 18.4722 3.8
      vertex -28.5135 18.625 0
      vertex -28.5135 18.625 3.8
    endloop
  endfacet
  facet normal 0.849245 0.527999 0
    outer loop
      vertex -28.5135 18.625 0
      vertex -28.4185 18.4722 3.8
      vertex -28.4185 18.4722 0
    endloop
  endfacet
  facet normal 0.352341 0.935872 -0
    outer loop
      vertex -27.0159 17.3959 0
      vertex -27.1843 17.4593 3.8
      vertex -27.0159 17.3959 3.8
    endloop
  endfacet
  facet normal 0.352341 0.935872 0
    outer loop
      vertex -27.1843 17.4593 3.8
      vertex -27.0159 17.3959 0
      vertex -27.1843 17.4593 0
    endloop
  endfacet
  facet normal 0.956996 0.2901 0
    outer loop
      vertex -28.736 19.116 3.8
      vertex -28.7882 19.2882 0
      vertex -28.7882 19.2882 3.8
    endloop
  endfacet
  facet normal 0.956996 0.2901 0
    outer loop
      vertex -28.7882 19.2882 0
      vertex -28.736 19.116 3.8
      vertex -28.736 19.116 0
    endloop
  endfacet
  facet normal -0.68396 0.72952 0
    outer loop
      vertex -24.1874 18.0555 0
      vertex -24.3187 17.9324 3.8
      vertex -24.1874 18.0555 3.8
    endloop
  endfacet
  facet normal -0.68396 0.72952 0
    outer loop
      vertex -24.3187 17.9324 3.8
      vertex -24.1874 18.0555 0
      vertex -24.3187 17.9324 0
    endloop
  endfacet
  facet normal 0 -1 0
    outer loop
      vertex -28.4991 24.1 3.8
      vertex -23.7648 24.1 8
      vertex -28.4991 24.1 8
    endloop
  endfacet
  facet normal 0 -1 -0
    outer loop
      vertex -23.7648 24.1 8
      vertex -28.4991 24.1 3.8
      vertex -23.7648 24.1 3.8
    endloop
  endfacet
  facet normal -0.866029 -0.499994 0
    outer loop
      vertex -21.3977 20 3.8
      vertex -23.7648 24.1 8
      vertex -23.7648 24.1 3.8
    endloop
  endfacet
  facet normal -0.866029 -0.499994 0
    outer loop
      vertex -23.7648 24.1 8
      vertex -21.3977 20 3.8
      vertex -21.3977 20 8
    endloop
  endfacet
  facet normal 0.866029 -0.499994 0
    outer loop
      vertex -30.8662 20 8
      vertex -28.4991 24.1 3.8
      vertex -28.4991 24.1 8
    endloop
  endfacet
  facet normal 0.866029 -0.499994 0
    outer loop
      vertex -28.4991 24.1 3.8
      vertex -30.8662 20 8
      vertex -30.8662 20 3.8
    endloop
  endfacet
  facet normal 0 0 1
    outer loop
      vertex -21.3977 20 3.8
      vertex -23.3878 20.1799 3.8
      vertex -23.3819 20 3.8
    endloop
  endfacet
  facet normal 0 0 1
    outer loop
      vertex -21.3977 20 3.8
      vertex -23.4055 20.3589 3.8
      vertex -23.3878 20.1799 3.8
    endloop
  endfacet
  facet normal 0 0 1
    outer loop
      vertex -21.3977 20 3.8
      vertex -23.4348 20.5365 3.8
      vertex -23.4055 20.3589 3.8
    endloop
  endfacet
  facet normal 0 0 1
    outer loop
      vertex -21.3977 20 3.8
      vertex -23.4756 20.7118 3.8
      vertex -23.4348 20.5365 3.8
    endloop
  endfacet
  facet normal 0 0 1
    outer loop
      vertex -21.3977 20 3.8
      vertex -23.5279 20.884 3.8
      vertex -23.4756 20.7118 3.8
    endloop
  endfacet
  facet normal 0 0 1
    outer loop
      vertex -21.3977 20 3.8
      vertex -23.5913 21.0524 3.8
      vertex -23.5279 20.884 3.8
    endloop
  endfacet
  facet normal 0 0 1
    outer loop
      vertex -21.3977 20 3.8
      vertex -23.6655 21.2163 3.8
      vertex -23.5913 21.0524 3.8
    endloop
  endfacet
  facet normal 0 0 1
    outer loop
      vertex -21.3977 20 3.8
      vertex -23.7504 21.375 3.8
      vertex -23.6655 21.2163 3.8
    endloop
  endfacet
  facet normal 0 0 1
    outer loop
      vertex -23.7648 24.1 3.8
      vertex -23.7504 21.375 3.8
      vertex -21.3977 20 3.8
    endloop
  endfacet
  facet normal 0 0 1
    outer loop
      vertex -23.7648 24.1 3.8
      vertex -23.8454 21.5278 3.8
      vertex -23.7504 21.375 3.8
    endloop
  endfacet
  facet normal 0 0 1
    outer loop
      vertex -23.7648 24.1 3.8
      vertex -23.9502 21.6741 3.8
      vertex -23.8454 21.5278 3.8
    endloop
  endfacet
  facet normal 0 0 1
    outer loop
      vertex -23.7648 24.1 3.8
      vertex -24.0644 21.8132 3.8
      vertex -23.9502 21.6741 3.8
    endloop
  endfacet
  facet normal 0 0 1
    outer loop
      vertex -23.7648 24.1 3.8
      vertex -24.1874 21.9445 3.8
      vertex -24.0644 21.8132 3.8
    endloop
  endfacet
  facet normal 0 0 1
    outer loop
      vertex -23.7648 24.1 3.8
      vertex -24.3187 22.0676 3.8
      vertex -24.1874 21.9445 3.8
    endloop
  endfacet
  facet normal 0 0 1
    outer loop
      vertex -23.7648 24.1 3.8
      vertex -24.4578 22.1817 3.8
      vertex -24.3187 22.0676 3.8
    endloop
  endfacet
  facet normal 0 0 1
    outer loop
      vertex -23.7648 24.1 3.8
      vertex -24.6041 22.2865 3.8
      vertex -24.4578 22.1817 3.8
    endloop
  endfacet
  facet normal 0 0 1
    outer loop
      vertex -23.7648 24.1 3.8
      vertex -24.7569 22.3816 3.8
      vertex -24.6041 22.2865 3.8
    endloop
  endfacet
  facet normal 0 0 1
    outer loop
      vertex -23.7648 24.1 3.8
      vertex -24.9156 22.4664 3.8
      vertex -24.7569 22.3816 3.8
    endloop
  endfacet
  facet normal 0 0 1
    outer loop
      vertex -23.7648 24.1 3.8
      vertex -25.0796 22.5407 3.8
      vertex -24.9156 22.4664 3.8
    endloop
  endfacet
  facet normal 0 0 1
    outer loop
      vertex -23.7648 24.1 3.8
      vertex -25.248 22.6041 3.8
      vertex -25.0796 22.5407 3.8
    endloop
  endfacet
  facet normal 0 0 1
    outer loop
      vertex -23.7648 24.1 3.8
      vertex -25.4202 22.6563 3.8
      vertex -25.248 22.6041 3.8
    endloop
  endfacet
  facet normal 0 0 1
    outer loop
      vertex -23.7648 24.1 3.8
      vertex -25.5954 22.6972 3.8
      vertex -25.4202 22.6563 3.8
    endloop
  endfacet
  facet normal 0 0 1
    outer loop
      vertex -23.7648 24.1 3.8
      vertex -25.773 22.7265 3.8
      vertex -25.5954 22.6972 3.8
    endloop
  endfacet
  facet normal 0 0 1
    outer loop
      vertex -23.7648 24.1 3.8
      vertex -25.9521 22.7441 3.8
      vertex -25.773 22.7265 3.8
    endloop
  endfacet
  facet normal 0 0 1
    outer loop
      vertex -23.7648 24.1 3.8
      vertex -26.1319 22.75 3.8
      vertex -25.9521 22.7441 3.8
    endloop
  endfacet
  facet normal -0 0 1
    outer loop
      vertex -28.4991 24.1 3.8
      vertex -26.1319 22.75 3.8
      vertex -23.7648 24.1 3.8
    endloop
  endfacet
  facet normal 0 0 1
    outer loop
      vertex -26.1319 22.75 3.8
      vertex -28.4991 24.1 3.8
      vertex -26.3118 22.7441 3.8
    endloop
  endfacet
  facet normal 0 0 1
    outer loop
      vertex -26.3118 22.7441 3.8
      vertex -28.4991 24.1 3.8
      vertex -26.4909 22.7265 3.8
    endloop
  endfacet
  facet normal 0 0 1
    outer loop
      vertex -26.4909 22.7265 3.8
      vertex -28.4991 24.1 3.8
      vertex -26.6684 22.6972 3.8
    endloop
  endfacet
  facet normal 0 0 1
    outer loop
      vertex -26.6684 22.6972 3.8
      vertex -28.4991 24.1 3.8
      vertex -26.8437 22.6563 3.8
    endloop
  endfacet
  facet normal 0 0 1
    outer loop
      vertex -26.8437 22.6563 3.8
      vertex -28.4991 24.1 3.8
      vertex -27.0159 22.6041 3.8
    endloop
  endfacet
  facet normal 0 0 1
    outer loop
      vertex -27.0159 22.6041 3.8
      vertex -28.4991 24.1 3.8
      vertex -27.1843 22.5407 3.8
    endloop
  endfacet
  facet normal 0 0 1
    outer loop
      vertex -27.1843 22.5407 3.8
      vertex -28.4991 24.1 3.8
      vertex -27.3482 22.4664 3.8
    endloop
  endfacet
  facet normal 0 0 1
    outer loop
      vertex -28.4991 24.1 3.8
      vertex -27.5069 22.3816 3.8
      vertex -27.3482 22.4664 3.8
    endloop
  endfacet
  facet normal 0 0 1
    outer loop
      vertex -28.4991 24.1 3.8
      vertex -27.6598 22.2865 3.8
      vertex -27.5069 22.3816 3.8
    endloop
  endfacet
  facet normal 0 0 1
    outer loop
      vertex -28.4991 24.1 3.8
      vertex -27.806 22.1817 3.8
      vertex -27.6598 22.2865 3.8
    endloop
  endfacet
  facet normal 0 0 1
    outer loop
      vertex -28.4991 24.1 3.8
      vertex -27.9451 22.0676 3.8
      vertex -27.806 22.1817 3.8
    endloop
  endfacet
  facet normal 0 0 1
    outer loop
      vertex -28.4991 24.1 3.8
      vertex -28.0765 21.9445 3.8
      vertex -27.9451 22.0676 3.8
    endloop
  endfacet
  facet normal 0 0 1
    outer loop
      vertex -28.4991 24.1 3.8
      vertex -28.1995 21.8132 3.8
      vertex -28.0765 21.9445 3.8
    endloop
  endfacet
  facet normal 0 0 1
    outer loop
      vertex -28.4991 24.1 3.8
      vertex -28.3137 21.6741 3.8
      vertex -28.1995 21.8132 3.8
    endloop
  endfacet
  facet normal 0 0 1
    outer loop
      vertex -28.4991 24.1 3.8
      vertex -28.4185 21.5278 3.8
      vertex -28.3137 21.6741 3.8
    endloop
  endfacet
  facet normal 0 0 1
    outer loop
      vertex -28.4991 24.1 3.8
      vertex -28.5135 21.375 3.8
      vertex -28.4185 21.5278 3.8
    endloop
  endfacet
  facet normal 0 0 1
    outer loop
      vertex -30.8662 20 3.8
      vertex -28.5135 21.375 3.8
      vertex -28.4991 24.1 3.8
    endloop
  endfacet
  facet normal 0 0 1
    outer loop
      vertex -28.5135 21.375 3.8
      vertex -30.8662 20 3.8
      vertex -28.5983 21.2163 3.8
    endloop
  endfacet
  facet normal 0 0 1
    outer loop
      vertex -28.5983 21.2163 3.8
      vertex -30.8662 20 3.8
      vertex -28.6726 21.0524 3.8
    endloop
  endfacet
  facet normal 0 0 1
    outer loop
      vertex -28.6726 21.0524 3.8
      vertex -30.8662 20 3.8
      vertex -28.736 20.884 3.8
    endloop
  endfacet
  facet normal 0 0 1
    outer loop
      vertex -28.736 20.884 3.8
      vertex -30.8662 20 3.8
      vertex -28.7882 20.7118 3.8
    endloop
  endfacet
  facet normal 0 0 1
    outer loop
      vertex -28.7882 20.7118 3.8
      vertex -30.8662 20 3.8
      vertex -28.8291 20.5365 3.8
    endloop
  endfacet
  facet normal 0 0 1
    outer loop
      vertex -28.8291 20.5365 3.8
      vertex -30.8662 20 3.8
      vertex -28.8584 20.3589 3.8
    endloop
  endfacet
  facet normal 0 0 1
    outer loop
      vertex -28.8761 20.1799 3.8
      vertex -30.8662 20 3.8
      vertex -28.8819 20 3.8
    endloop
  endfacet
  facet normal 0 0 1
    outer loop
      vertex -28.8584 20.3589 3.8
      vertex -30.8662 20 3.8
      vertex -28.8761 20.1799 3.8
    endloop
  endfacet
  facet normal 0 0 1
    outer loop
      vertex -23.3878 19.8201 3.8
      vertex -21.3977 20 3.8
      vertex -23.3819 20 3.8
    endloop
  endfacet
  facet normal 0 0 1
    outer loop
      vertex -23.4055 19.6411 3.8
      vertex -21.3977 20 3.8
      vertex -23.3878 19.8201 3.8
    endloop
  endfacet
  facet normal 0 0 1
    outer loop
      vertex -23.4348 19.4635 3.8
      vertex -21.3977 20 3.8
      vertex -23.4055 19.6411 3.8
    endloop
  endfacet
  facet normal 0 0 1
    outer loop
      vertex -23.4756 19.2882 3.8
      vertex -21.3977 20 3.8
      vertex -23.4348 19.4635 3.8
    endloop
  endfacet
  facet normal 0 0 1
    outer loop
      vertex -23.5279 19.116 3.8
      vertex -21.3977 20 3.8
      vertex -23.4756 19.2882 3.8
    endloop
  endfacet
  facet normal 0 0 1
    outer loop
      vertex -23.5913 18.9476 3.8
      vertex -21.3977 20 3.8
      vertex -23.5279 19.116 3.8
    endloop
  endfacet
  facet normal 0 0 1
    outer loop
      vertex -23.6655 18.7837 3.8
      vertex -21.3977 20 3.8
      vertex -23.5913 18.9476 3.8
    endloop
  endfacet
  facet normal 0 0 1
    outer loop
      vertex -23.7504 18.625 3.8
      vertex -21.3977 20 3.8
      vertex -23.6655 18.7837 3.8
    endloop
  endfacet
  facet normal -0 0 1
    outer loop
      vertex -23.7504 18.625 3.8
      vertex -23.7648 15.9 3.8
      vertex -21.3977 20 3.8
    endloop
  endfacet
  facet normal -0 0 1
    outer loop
      vertex -23.8454 18.4722 3.8
      vertex -23.7648 15.9 3.8
      vertex -23.7504 18.625 3.8
    endloop
  endfacet
  facet normal -0 0 1
    outer loop
      vertex -23.9502 18.3259 3.8
      vertex -23.7648 15.9 3.8
      vertex -23.8454 18.4722 3.8
    endloop
  endfacet
  facet normal -0 0 1
    outer loop
      vertex -24.0644 18.1868 3.8
      vertex -23.7648 15.9 3.8
      vertex -23.9502 18.3259 3.8
    endloop
  endfacet
  facet normal -0 0 1
    outer loop
      vertex -24.1874 18.0555 3.8
      vertex -23.7648 15.9 3.8
      vertex -24.0644 18.1868 3.8
    endloop
  endfacet
  facet normal -0 0 1
    outer loop
      vertex -24.3187 17.9324 3.8
      vertex -23.7648 15.9 3.8
      vertex -24.1874 18.0555 3.8
    endloop
  endfacet
  facet normal -0 0 1
    outer loop
      vertex -24.4578 17.8183 3.8
      vertex -23.7648 15.9 3.8
      vertex -24.3187 17.9324 3.8
    endloop
  endfacet
  facet normal -0 0 1
    outer loop
      vertex -24.6041 17.7135 3.8
      vertex -23.7648 15.9 3.8
      vertex -24.4578 17.8183 3.8
    endloop
  endfacet
  facet normal -0 0 1
    outer loop
      vertex -24.7569 17.6184 3.8
      vertex -23.7648 15.9 3.8
      vertex -24.6041 17.7135 3.8
    endloop
  endfacet
  facet normal -0 0 1
    outer loop
      vertex -24.9156 17.5336 3.8
      vertex -23.7648 15.9 3.8
      vertex -24.7569 17.6184 3.8
    endloop
  endfacet
  facet normal -0 0 1
    outer loop
      vertex -25.0796 17.4593 3.8
      vertex -23.7648 15.9 3.8
      vertex -24.9156 17.5336 3.8
    endloop
  endfacet
  facet normal -0 0 1
    outer loop
      vertex -25.248 17.3959 3.8
      vertex -23.7648 15.9 3.8
      vertex -25.0796 17.4593 3.8
    endloop
  endfacet
  facet normal -0 0 1
    outer loop
      vertex -25.4202 17.3437 3.8
      vertex -23.7648 15.9 3.8
      vertex -25.248 17.3959 3.8
    endloop
  endfacet
  facet normal -0 0 1
    outer loop
      vertex -25.5954 17.3028 3.8
      vertex -23.7648 15.9 3.8
      vertex -25.4202 17.3437 3.8
    endloop
  endfacet
  facet normal -0 0 1
    outer loop
      vertex -25.773 17.2735 3.8
      vertex -23.7648 15.9 3.8
      vertex -25.5954 17.3028 3.8
    endloop
  endfacet
  facet normal -0 0 1
    outer loop
      vertex -25.9521 17.2559 3.8
      vertex -23.7648 15.9 3.8
      vertex -25.773 17.2735 3.8
    endloop
  endfacet
  facet normal -0 0 1
    outer loop
      vertex -26.1319 17.25 3.8
      vertex -23.7648 15.9 3.8
      vertex -25.9521 17.2559 3.8
    endloop
  endfacet
  facet normal 0 0 1
    outer loop
      vertex -28.4991 15.9 3.8
      vertex -26.1319 17.25 3.8
      vertex -26.3118 17.2559 3.8
    endloop
  endfacet
  facet normal 0 0 1
    outer loop
      vertex -28.4991 15.9 3.8
      vertex -26.3118 17.2559 3.8
      vertex -26.4909 17.2735 3.8
    endloop
  endfacet
  facet normal 0 0 1
    outer loop
      vertex -28.4991 15.9 3.8
      vertex -26.4909 17.2735 3.8
      vertex -26.6684 17.3028 3.8
    endloop
  endfacet
  facet normal 0 0 1
    outer loop
      vertex -28.4991 15.9 3.8
      vertex -26.6684 17.3028 3.8
      vertex -26.8437 17.3437 3.8
    endloop
  endfacet
  facet normal 0 0 1
    outer loop
      vertex -28.4991 15.9 3.8
      vertex -26.8437 17.3437 3.8
      vertex -27.0159 17.3959 3.8
    endloop
  endfacet
  facet normal 0 0 1
    outer loop
      vertex -28.4991 15.9 3.8
      vertex -27.0159 17.3959 3.8
      vertex -27.1843 17.4593 3.8
    endloop
  endfacet
  facet normal 0 0 1
    outer loop
      vertex -28.4991 15.9 3.8
      vertex -27.1843 17.4593 3.8
      vertex -27.3482 17.5336 3.8
    endloop
  endfacet
  facet normal 0 0 1
    outer loop
      vertex -26.1319 17.25 3.8
      vertex -28.4991 15.9 3.8
      vertex -23.7648 15.9 3.8
    endloop
  endfacet
  facet normal 0 0 1
    outer loop
      vertex -27.5069 17.6184 3.8
      vertex -28.4991 15.9 3.8
      vertex -27.3482 17.5336 3.8
    endloop
  endfacet
  facet normal 0 0 1
    outer loop
      vertex -27.6598 17.7135 3.8
      vertex -28.4991 15.9 3.8
      vertex -27.5069 17.6184 3.8
    endloop
  endfacet
  facet normal 0 0 1
    outer loop
      vertex -27.806 17.8183 3.8
      vertex -28.4991 15.9 3.8
      vertex -27.6598 17.7135 3.8
    endloop
  endfacet
  facet normal 0 0 1
    outer loop
      vertex -27.9451 17.9324 3.8
      vertex -28.4991 15.9 3.8
      vertex -27.806 17.8183 3.8
    endloop
  endfacet
  facet normal 0 0 1
    outer loop
      vertex -28.0765 18.0555 3.8
      vertex -28.4991 15.9 3.8
      vertex -27.9451 17.9324 3.8
    endloop
  endfacet
  facet normal 0 0 1
    outer loop
      vertex -28.1995 18.1868 3.8
      vertex -28.4991 15.9 3.8
      vertex -28.0765 18.0555 3.8
    endloop
  endfacet
  facet normal 0 0 1
    outer loop
      vertex -28.3137 18.3259 3.8
      vertex -28.4991 15.9 3.8
      vertex -28.1995 18.1868 3.8
    endloop
  endfacet
  facet normal 0 0 1
    outer loop
      vertex -28.4185 18.4722 3.8
      vertex -28.4991 15.9 3.8
      vertex -28.3137 18.3259 3.8
    endloop
  endfacet
  facet normal 0 0 1
    outer loop
      vertex -28.5135 18.625 3.8
      vertex -28.4991 15.9 3.8
      vertex -28.4185 18.4722 3.8
    endloop
  endfacet
  facet normal 0 0 1
    outer loop
      vertex -30.8662 20 3.8
      vertex -28.5135 18.625 3.8
      vertex -28.5983 18.7837 3.8
    endloop
  endfacet
  facet normal 0 0 1
    outer loop
      vertex -30.8662 20 3.8
      vertex -28.5983 18.7837 3.8
      vertex -28.6726 18.9476 3.8
    endloop
  endfacet
  facet normal 0 0 1
    outer loop
      vertex -30.8662 20 3.8
      vertex -28.6726 18.9476 3.8
      vertex -28.736 19.116 3.8
    endloop
  endfacet
  facet normal 0 0 1
    outer loop
      vertex -30.8662 20 3.8
      vertex -28.736 19.116 3.8
      vertex -28.7882 19.2882 3.8
    endloop
  endfacet
  facet normal 0 0 1
    outer loop
      vertex -30.8662 20 3.8
      vertex -28.7882 19.2882 3.8
      vertex -28.8291 19.4635 3.8
    endloop
  endfacet
  facet normal 0 0 1
    outer loop
      vertex -30.8662 20 3.8
      vertex -28.8291 19.4635 3.8
      vertex -28.8584 19.6411 3.8
    endloop
  endfacet
  facet normal 0 0 1
    outer loop
      vertex -30.8662 20 3.8
      vertex -28.8584 19.6411 3.8
      vertex -28.8761 19.8201 3.8
    endloop
  endfacet
  facet normal 0 0 1
    outer loop
      vertex -28.5135 18.625 3.8
      vertex -30.8662 20 3.8
      vertex -28.4991 15.9 3.8
    endloop
  endfacet
  facet normal -0 0 1
    outer loop
      vertex -30.8662 20 3.8
      vertex -28.8761 19.8201 3.8
      vertex -28.8819 20 3.8
    endloop
  endfacet
  facet normal 0.866029 0.499994 0
    outer loop
      vertex -28.4991 15.9 8
      vertex -30.8662 20 3.8
      vertex -30.8662 20 8
    endloop
  endfacet
  facet normal 0.866029 0.499994 0
    outer loop
      vertex -30.8662 20 3.8
      vertex -28.4991 15.9 8
      vertex -28.4991 15.9 3.8
    endloop
  endfacet
  facet normal -0.866029 0.499994 0
    outer loop
      vertex -23.7648 15.9 3.8
      vertex -21.3977 20 8
      vertex -21.3977 20 3.8
    endloop
  endfacet
  facet normal -0.866029 0.499994 0
    outer loop
      vertex -21.3977 20 8
      vertex -23.7648 15.9 3.8
      vertex -23.7648 15.9 8
    endloop
  endfacet
  facet normal 0 1 -0
    outer loop
      vertex -23.7648 15.9 3.8
      vertex -28.4991 15.9 8
      vertex -23.7648 15.9 8
    endloop
  endfacet
  facet normal 0 1 0
    outer loop
      vertex -28.4991 15.9 8
      vertex -23.7648 15.9 3.8
      vertex -28.4991 15.9 3.8
    endloop
  endfacet
  facet normal -0.995147 -0.0984028 0
    outer loop
      vertex 28.8761 20.1799 0
      vertex 28.8584 20.3589 4.5
      vertex 28.8584 20.3589 0
    endloop
  endfacet
  facet normal -0.995147 -0.0984028 0
    outer loop
      vertex 28.8584 20.3589 4.5
      vertex 28.8761 20.1799 0
      vertex 28.8761 20.1799 4.5
    endloop
  endfacet
  facet normal -0.999481 -0.0322234 0
    outer loop
      vertex 28.8819 20 0
      vertex 28.8761 20.1799 4.5
      vertex 28.8761 20.1799 0
    endloop
  endfacet
  facet normal -0.999481 -0.0322234 0
    outer loop
      vertex 28.8761 20.1799 4.5
      vertex 28.8819 20 0
      vertex 28.8819 20 4.5
    endloop
  endfacet
  facet normal -0.849245 0.527999 0
    outer loop
      vertex 28.4185 18.4722 0
      vertex 28.5135 18.625 4.5
      vertex 28.5135 18.625 0
    endloop
  endfacet
  facet normal -0.849245 0.527999 0
    outer loop
      vertex 28.5135 18.625 4.5
      vertex 28.4185 18.4722 0
      vertex 28.4185 18.4722 4.5
    endloop
  endfacet
  facet normal 0.986663 0.162777 0
    outer loop
      vertex 23.4348 19.4635 4.5
      vertex 23.4055 19.6411 0
      vertex 23.4055 19.6411 4.5
    endloop
  endfacet
  facet normal 0.986663 0.162777 0
    outer loop
      vertex 23.4055 19.6411 0
      vertex 23.4348 19.4635 4.5
      vertex 23.4348 19.4635 0
    endloop
  endfacet
  facet normal -0.582605 -0.812756 0
    outer loop
      vertex 27.6598 22.2865 0
      vertex 27.806 22.1817 4.5
      vertex 27.6598 22.2865 4.5
    endloop
  endfacet
  facet normal -0.582605 -0.812756 -0
    outer loop
      vertex 27.806 22.1817 4.5
      vertex 27.6598 22.2865 0
      vertex 27.806 22.1817 0
    endloop
  endfacet
  facet normal -0.528151 0.849151 0
    outer loop
      vertex 27.6598 17.7135 0
      vertex 27.5069 17.6184 4.5
      vertex 27.6598 17.7135 4.5
    endloop
  endfacet
  facet normal -0.528151 0.849151 0
    outer loop
      vertex 27.5069 17.6184 4.5
      vertex 27.6598 17.7135 0
      vertex 27.5069 17.6184 0
    endloop
  endfacet
  facet normal 0.812944 -0.582341 0
    outer loop
      vertex 23.8454 21.5278 4.5
      vertex 23.9502 21.6741 0
      vertex 23.9502 21.6741 4.5
    endloop
  endfacet
  facet normal 0.812944 -0.582341 0
    outer loop
      vertex 23.9502 21.6741 0
      vertex 23.8454 21.5278 4.5
      vertex 23.8454 21.5278 0
    endloop
  endfacet
  facet normal 0.986663 -0.162777 0
    outer loop
      vertex 23.4055 20.3589 4.5
      vertex 23.4348 20.5365 0
      vertex 23.4348 20.5365 4.5
    endloop
  endfacet
  facet normal 0.986663 -0.162777 0
    outer loop
      vertex 23.4348 20.5365 0
      vertex 23.4055 20.3589 4.5
      vertex 23.4055 20.3589 0
    endloop
  endfacet
  facet normal 0.935872 -0.352341 0
    outer loop
      vertex 23.5279 20.884 4.5
      vertex 23.5913 21.0524 0
      vertex 23.5913 21.0524 4.5
    endloop
  endfacet
  facet normal 0.935872 -0.352341 0
    outer loop
      vertex 23.5913 21.0524 0
      vertex 23.5279 20.884 4.5
      vertex 23.5279 20.884 0
    endloop
  endfacet
  facet normal -0.2901 0.956996 0
    outer loop
      vertex 27.0159 17.3959 0
      vertex 26.8437 17.3437 4.5
      vertex 27.0159 17.3959 4.5
    endloop
  endfacet
  facet normal -0.2901 0.956996 0
    outer loop
      vertex 26.8437 17.3437 4.5
      vertex 27.0159 17.3959 0
      vertex 26.8437 17.3437 0
    endloop
  endfacet
  facet normal 0.812944 0.582341 0
    outer loop
      vertex 23.9502 18.3259 4.5
      vertex 23.8454 18.4722 0
      vertex 23.8454 18.4722 4.5
    endloop
  endfacet
  facet normal 0.812944 0.582341 0
    outer loop
      vertex 23.8454 18.4722 0
      vertex 23.9502 18.3259 4.5
      vertex 23.9502 18.3259 0
    endloop
  endfacet
  facet normal 0.772892 -0.634538 0
    outer loop
      vertex 23.9502 21.6741 4.5
      vertex 24.0644 21.8132 0
      vertex 24.0644 21.8132 4.5
    endloop
  endfacet
  facet normal 0.772892 -0.634538 0
    outer loop
      vertex 24.0644 21.8132 0
      vertex 23.9502 21.6741 4.5
      vertex 23.9502 21.6741 0
    endloop
  endfacet
  facet normal -0.162866 -0.986648 0
    outer loop
      vertex 26.4909 22.7265 0
      vertex 26.6684 22.6972 4.5
      vertex 26.4909 22.7265 4.5
    endloop
  endfacet
  facet normal -0.162866 -0.986648 -0
    outer loop
      vertex 26.6684 22.6972 4.5
      vertex 26.4909 22.7265 0
      vertex 26.6684 22.6972 0
    endloop
  endfacet
  facet normal -0.999481 0.0322234 0
    outer loop
      vertex 28.8761 19.8201 0
      vertex 28.8819 20 4.5
      vertex 28.8819 20 0
    endloop
  endfacet
  facet normal -0.999481 0.0322234 0
    outer loop
      vertex 28.8819 20 4.5
      vertex 28.8761 19.8201 0
      vertex 28.8761 19.8201 4.5
    endloop
  endfacet
  facet normal -0.352341 -0.935872 0
    outer loop
      vertex 27.0159 22.6041 0
      vertex 27.1843 22.5407 4.5
      vertex 27.0159 22.6041 4.5
    endloop
  endfacet
  facet normal -0.352341 -0.935872 -0
    outer loop
      vertex 27.1843 22.5407 4.5
      vertex 27.0159 22.6041 0
      vertex 27.1843 22.5407 0
    endloop
  endfacet
  facet normal -0.772892 0.634538 0
    outer loop
      vertex 28.1995 18.1868 0
      vertex 28.3137 18.3259 4.5
      vertex 28.3137 18.3259 0
    endloop
  endfacet
  facet normal -0.772892 0.634538 0
    outer loop
      vertex 28.3137 18.3259 4.5
      vertex 28.1995 18.1868 0
      vertex 28.1995 18.1868 4.5
    endloop
  endfacet
  facet normal 0.47128 0.881983 -0
    outer loop
      vertex 24.9156 17.5336 0
      vertex 24.7569 17.6184 4.5
      vertex 24.9156 17.5336 4.5
    endloop
  endfacet
  facet normal 0.47128 0.881983 0
    outer loop
      vertex 24.7569 17.6184 4.5
      vertex 24.9156 17.5336 0
      vertex 24.7569 17.6184 0
    endloop
  endfacet
  facet normal -0.910785 -0.412882 0
    outer loop
      vertex 28.6726 21.0524 0
      vertex 28.5983 21.2163 4.5
      vertex 28.5983 21.2163 0
    endloop
  endfacet
  facet normal -0.910785 -0.412882 0
    outer loop
      vertex 28.5983 21.2163 4.5
      vertex 28.6726 21.0524 0
      vertex 28.6726 21.0524 4.5
    endloop
  endfacet
  facet normal -0.412882 -0.910785 0
    outer loop
      vertex 27.1843 22.5407 0
      vertex 27.3482 22.4664 4.5
      vertex 27.1843 22.5407 4.5
    endloop
  endfacet
  facet normal -0.412882 -0.910785 -0
    outer loop
      vertex 27.3482 22.4664 4.5
      vertex 27.1843 22.5407 0
      vertex 27.3482 22.4664 0
    endloop
  endfacet
  facet normal 0.881752 0.471713 0
    outer loop
      vertex 23.7504 18.625 4.5
      vertex 23.6655 18.7837 0
      vertex 23.6655 18.7837 4.5
    endloop
  endfacet
  facet normal 0.881752 0.471713 0
    outer loop
      vertex 23.6655 18.7837 0
      vertex 23.7504 18.625 4.5
      vertex 23.7504 18.625 0
    endloop
  endfacet
  facet normal -0.227212 0.973845 0
    outer loop
      vertex 26.8437 17.3437 0
      vertex 26.6684 17.3028 4.5
      vertex 26.8437 17.3437 4.5
    endloop
  endfacet
  facet normal -0.227212 0.973845 0
    outer loop
      vertex 26.6684 17.3028 4.5
      vertex 26.8437 17.3437 0
      vertex 26.6684 17.3028 0
    endloop
  endfacet
  facet normal 0.956842 0.290609 0
    outer loop
      vertex 23.5279 19.116 4.5
      vertex 23.4756 19.2882 0
      vertex 23.4756 19.2882 4.5
    endloop
  endfacet
  facet normal 0.956842 0.290609 0
    outer loop
      vertex 23.4756 19.2882 0
      vertex 23.5279 19.116 4.5
      vertex 23.5279 19.116 0
    endloop
  endfacet
  facet normal 0.227335 -0.973817 0
    outer loop
      vertex 25.4202 22.6563 0
      vertex 25.5954 22.6972 4.5
      vertex 25.4202 22.6563 4.5
    endloop
  endfacet
  facet normal 0.227335 -0.973817 0
    outer loop
      vertex 25.5954 22.6972 4.5
      vertex 25.4202 22.6563 0
      vertex 25.5954 22.6972 0
    endloop
  endfacet
  facet normal -0.973845 0.227212 0
    outer loop
      vertex 28.7882 19.2882 0
      vertex 28.8291 19.4635 4.5
      vertex 28.8291 19.4635 0
    endloop
  endfacet
  facet normal -0.973845 0.227212 0
    outer loop
      vertex 28.8291 19.4635 4.5
      vertex 28.7882 19.2882 0
      vertex 28.7882 19.2882 4.5
    endloop
  endfacet
  facet normal -0.528151 -0.849151 0
    outer loop
      vertex 27.5069 22.3816 0
      vertex 27.6598 22.2865 4.5
      vertex 27.5069 22.3816 4.5
    endloop
  endfacet
  facet normal -0.528151 -0.849151 -0
    outer loop
      vertex 27.6598 22.2865 4.5
      vertex 27.5069 22.3816 0
      vertex 27.6598 22.2865 0
    endloop
  endfacet
  facet normal -0.634206 -0.773164 0
    outer loop
      vertex 27.806 22.1817 0
      vertex 27.9451 22.0676 4.5
      vertex 27.806 22.1817 4.5
    endloop
  endfacet
  facet normal -0.634206 -0.773164 -0
    outer loop
      vertex 27.9451 22.0676 4.5
      vertex 27.806 22.1817 0
      vertex 27.9451 22.0676 0
    endloop
  endfacet
  facet normal -0.973845 -0.227212 0
    outer loop
      vertex 28.8291 20.5365 0
      vertex 28.7882 20.7118 4.5
      vertex 28.7882 20.7118 0
    endloop
  endfacet
  facet normal -0.973845 -0.227212 0
    outer loop
      vertex 28.7882 20.7118 4.5
      vertex 28.8291 20.5365 0
      vertex 28.8291 20.5365 4.5
    endloop
  endfacet
  facet normal 0.68396 -0.72952 0
    outer loop
      vertex 24.1874 21.9445 0
      vertex 24.3187 22.0676 4.5
      vertex 24.1874 21.9445 4.5
    endloop
  endfacet
  facet normal 0.68396 -0.72952 0
    outer loop
      vertex 24.3187 22.0676 4.5
      vertex 24.1874 21.9445 0
      vertex 24.3187 22.0676 0
    endloop
  endfacet
  facet normal 0.582341 0.812944 -0
    outer loop
      vertex 24.6041 17.7135 0
      vertex 24.4578 17.8183 4.5
      vertex 24.6041 17.7135 4.5
    endloop
  endfacet
  facet normal 0.582341 0.812944 0
    outer loop
      vertex 24.4578 17.8183 4.5
      vertex 24.6041 17.7135 0
      vertex 24.4578 17.8183 0
    endloop
  endfacet
  facet normal 0.772892 0.634538 0
    outer loop
      vertex 24.0644 18.1868 4.5
      vertex 23.9502 18.3259 0
      vertex 23.9502 18.3259 4.5
    endloop
  endfacet
  facet normal 0.772892 0.634538 0
    outer loop
      vertex 23.9502 18.3259 0
      vertex 24.0644 18.1868 4.5
      vertex 24.0644 18.1868 0
    endloop
  endfacet
  facet normal 0.910994 0.412421 0
    outer loop
      vertex 23.6655 18.7837 4.5
      vertex 23.5913 18.9476 0
      vertex 23.5913 18.9476 4.5
    endloop
  endfacet
  facet normal 0.910994 0.412421 0
    outer loop
      vertex 23.5913 18.9476 0
      vertex 23.6655 18.7837 4.5
      vertex 23.6655 18.7837 0
    endloop
  endfacet
  facet normal -0.162866 0.986648 0
    outer loop
      vertex 26.6684 17.3028 0
      vertex 26.4909 17.2735 4.5
      vertex 26.6684 17.3028 4.5
    endloop
  endfacet
  facet normal -0.162866 0.986648 0
    outer loop
      vertex 26.4909 17.2735 4.5
      vertex 26.6684 17.3028 0
      vertex 26.4909 17.2735 0
    endloop
  endfacet
  facet normal 0.162777 0.986663 -0
    outer loop
      vertex 25.773 17.2735 0
      vertex 25.5954 17.3028 4.5
      vertex 25.773 17.2735 4.5
    endloop
  endfacet
  facet normal 0.162777 0.986663 0
    outer loop
      vertex 25.5954 17.3028 4.5
      vertex 25.773 17.2735 0
      vertex 25.5954 17.3028 0
    endloop
  endfacet
  facet normal -0.227212 -0.973845 0
    outer loop
      vertex 26.6684 22.6972 0
      vertex 26.8437 22.6563 4.5
      vertex 26.6684 22.6972 4.5
    endloop
  endfacet
  facet normal -0.227212 -0.973845 -0
    outer loop
      vertex 26.8437 22.6563 4.5
      vertex 26.6684 22.6972 0
      vertex 26.8437 22.6563 0
    endloop
  endfacet
  facet normal -0.956996 0.2901 0
    outer loop
      vertex 28.736 19.116 0
      vertex 28.7882 19.2882 4.5
      vertex 28.7882 19.2882 0
    endloop
  endfacet
  facet normal -0.956996 0.2901 0
    outer loop
      vertex 28.7882 19.2882 4.5
      vertex 28.736 19.116 0
      vertex 28.736 19.116 4.5
    endloop
  endfacet
  facet normal -0.910785 0.412882 0
    outer loop
      vertex 28.5983 18.7837 0
      vertex 28.6726 18.9476 4.5
      vertex 28.6726 18.9476 0
    endloop
  endfacet
  facet normal -0.910785 0.412882 0
    outer loop
      vertex 28.6726 18.9476 4.5
      vertex 28.5983 18.7837 0
      vertex 28.5983 18.7837 4.5
    endloop
  endfacet
  facet normal -0.097798 -0.995206 0
    outer loop
      vertex 26.3118 22.7441 0
      vertex 26.4909 22.7265 4.5
      vertex 26.3118 22.7441 4.5
    endloop
  endfacet
  facet normal -0.097798 -0.995206 -0
    outer loop
      vertex 26.4909 22.7265 4.5
      vertex 26.3118 22.7441 0
      vertex 26.4909 22.7265 0
    endloop
  endfacet
  facet normal 0.162777 -0.986663 0
    outer loop
      vertex 25.5954 22.6972 0
      vertex 25.773 22.7265 4.5
      vertex 25.5954 22.6972 4.5
    endloop
  endfacet
  facet normal 0.162777 -0.986663 0
    outer loop
      vertex 25.773 22.7265 4.5
      vertex 25.5954 22.6972 0
      vertex 25.773 22.7265 0
    endloop
  endfacet
  facet normal 0.634206 -0.773164 0
    outer loop
      vertex 24.3187 22.0676 0
      vertex 24.4578 22.1817 4.5
      vertex 24.3187 22.0676 4.5
    endloop
  endfacet
  facet normal 0.634206 -0.773164 0
    outer loop
      vertex 24.4578 22.1817 4.5
      vertex 24.3187 22.0676 0
      vertex 24.4578 22.1817 0
    endloop
  endfacet
  facet normal -0.097798 0.995206 0
    outer loop
      vertex 26.4909 17.2735 0
      vertex 26.3118 17.2559 4.5
      vertex 26.4909 17.2735 4.5
    endloop
  endfacet
  facet normal -0.097798 0.995206 0
    outer loop
      vertex 26.3118 17.2559 4.5
      vertex 26.4909 17.2735 0
      vertex 26.3118 17.2559 0
    endloop
  endfacet
  facet normal -0.582605 0.812756 0
    outer loop
      vertex 27.806 17.8183 0
      vertex 27.6598 17.7135 4.5
      vertex 27.806 17.8183 4.5
    endloop
  endfacet
  facet normal -0.582605 0.812756 0
    outer loop
      vertex 27.6598 17.7135 4.5
      vertex 27.806 17.8183 0
      vertex 27.6598 17.7135 0
    endloop
  endfacet
  facet normal -0.995147 0.0984028 0
    outer loop
      vertex 28.8584 19.6411 0
      vertex 28.8761 19.8201 4.5
      vertex 28.8761 19.8201 0
    endloop
  endfacet
  facet normal -0.995147 0.0984028 0
    outer loop
      vertex 28.8761 19.8201 4.5
      vertex 28.8584 19.6411 0
      vertex 28.8584 19.6411 4.5
    endloop
  endfacet
  facet normal 0.352341 -0.935872 0
    outer loop
      vertex 25.0796 22.5407 0
      vertex 25.248 22.6041 4.5
      vertex 25.0796 22.5407 4.5
    endloop
  endfacet
  facet normal 0.352341 -0.935872 0
    outer loop
      vertex 25.248 22.6041 4.5
      vertex 25.0796 22.5407 0
      vertex 25.248 22.6041 0
    endloop
  endfacet
  facet normal -0.849245 -0.527999 0
    outer loop
      vertex 28.5135 21.375 0
      vertex 28.4185 21.5278 4.5
      vertex 28.4185 21.5278 0
    endloop
  endfacet
  facet normal -0.849245 -0.527999 0
    outer loop
      vertex 28.4185 21.5278 4.5
      vertex 28.5135 21.375 0
      vertex 28.5135 21.375 4.5
    endloop
  endfacet
  facet normal -0.881983 -0.47128 0
    outer loop
      vertex 28.5983 21.2163 0
      vertex 28.5135 21.375 4.5
      vertex 28.5135 21.375 0
    endloop
  endfacet
  facet normal -0.881983 -0.47128 0
    outer loop
      vertex 28.5135 21.375 4.5
      vertex 28.5983 21.2163 0
      vertex 28.5983 21.2163 4.5
    endloop
  endfacet
  facet normal -0.772892 -0.634538 0
    outer loop
      vertex 28.3137 21.6741 0
      vertex 28.1995 21.8132 4.5
      vertex 28.1995 21.8132 0
    endloop
  endfacet
  facet normal -0.772892 -0.634538 0
    outer loop
      vertex 28.1995 21.8132 4.5
      vertex 28.3137 21.6741 0
      vertex 28.3137 21.6741 4.5
    endloop
  endfacet
  facet normal -0.956996 -0.2901 0
    outer loop
      vertex 28.7882 20.7118 0
      vertex 28.736 20.884 4.5
      vertex 28.736 20.884 0
    endloop
  endfacet
  facet normal -0.956996 -0.2901 0
    outer loop
      vertex 28.736 20.884 4.5
      vertex 28.7882 20.7118 0
      vertex 28.7882 20.7118 4.5
    endloop
  endfacet
  facet normal -0.935872 0.352341 0
    outer loop
      vertex 28.6726 18.9476 0
      vertex 28.736 19.116 4.5
      vertex 28.736 19.116 0
    endloop
  endfacet
  facet normal -0.935872 0.352341 0
    outer loop
      vertex 28.736 19.116 4.5
      vertex 28.6726 18.9476 0
      vertex 28.6726 18.9476 4.5
    endloop
  endfacet
  facet normal 0.729797 0.683664 0
    outer loop
      vertex 24.1874 18.0555 4.5
      vertex 24.0644 18.1868 0
      vertex 24.0644 18.1868 4.5
    endloop
  endfacet
  facet normal 0.729797 0.683664 0
    outer loop
      vertex 24.0644 18.1868 0
      vertex 24.1874 18.0555 4.5
      vertex 24.1874 18.0555 0
    endloop
  endfacet
  facet normal 0.0327966 0.999462 -0
    outer loop
      vertex 26.1319 17.25 0
      vertex 25.9521 17.2559 4.5
      vertex 26.1319 17.25 4.5
    endloop
  endfacet
  facet normal 0.0327966 0.999462 0
    outer loop
      vertex 25.9521 17.2559 4.5
      vertex 26.1319 17.25 0
      vertex 25.9521 17.2559 0
    endloop
  endfacet
  facet normal -0.729797 0.683664 0
    outer loop
      vertex 28.0765 18.0555 0
      vertex 28.1995 18.1868 4.5
      vertex 28.1995 18.1868 0
    endloop
  endfacet
  facet normal -0.729797 0.683664 0
    outer loop
      vertex 28.1995 18.1868 4.5
      vertex 28.0765 18.0555 0
      vertex 28.0765 18.0555 4.5
    endloop
  endfacet
  facet normal -0.683682 0.72978 0
    outer loop
      vertex 28.0765 18.0555 0
      vertex 27.9451 17.9324 4.5
      vertex 28.0765 18.0555 4.5
    endloop
  endfacet
  facet normal -0.683682 0.72978 0
    outer loop
      vertex 27.9451 17.9324 4.5
      vertex 28.0765 18.0555 0
      vertex 27.9451 17.9324 0
    endloop
  endfacet
  facet normal 0.2901 0.956996 -0
    outer loop
      vertex 25.4202 17.3437 0
      vertex 25.248 17.3959 4.5
      vertex 25.4202 17.3437 4.5
    endloop
  endfacet
  facet normal 0.2901 0.956996 0
    outer loop
      vertex 25.248 17.3959 4.5
      vertex 25.4202 17.3437 0
      vertex 25.248 17.3959 0
    endloop
  endfacet
  facet normal 0.227335 0.973817 -0
    outer loop
      vertex 25.5954 17.3028 0
      vertex 25.4202 17.3437 4.5
      vertex 25.5954 17.3028 4.5
    endloop
  endfacet
  facet normal 0.227335 0.973817 0
    outer loop
      vertex 25.4202 17.3437 4.5
      vertex 25.5954 17.3028 0
      vertex 25.4202 17.3437 0
    endloop
  endfacet
  facet normal 0.412673 -0.910879 0
    outer loop
      vertex 24.9156 22.4664 0
      vertex 25.0796 22.5407 4.5
      vertex 24.9156 22.4664 4.5
    endloop
  endfacet
  facet normal 0.412673 -0.910879 0
    outer loop
      vertex 25.0796 22.5407 4.5
      vertex 24.9156 22.4664 0
      vertex 25.0796 22.5407 0
    endloop
  endfacet
  facet normal -0.47128 0.881983 0
    outer loop
      vertex 27.5069 17.6184 0
      vertex 27.3482 17.5336 4.5
      vertex 27.5069 17.6184 4.5
    endloop
  endfacet
  facet normal -0.47128 0.881983 0
    outer loop
      vertex 27.3482 17.5336 4.5
      vertex 27.5069 17.6184 0
      vertex 27.3482 17.5336 0
    endloop
  endfacet
  facet normal 0.995147 0.0984028 0
    outer loop
      vertex 23.4055 19.6411 4.5
      vertex 23.3878 19.8201 0
      vertex 23.3878 19.8201 4.5
    endloop
  endfacet
  facet normal 0.995147 0.0984028 0
    outer loop
      vertex 23.3878 19.8201 0
      vertex 23.4055 19.6411 4.5
      vertex 23.4055 19.6411 0
    endloop
  endfacet
  facet normal 0.729797 -0.683664 0
    outer loop
      vertex 24.0644 21.8132 4.5
      vertex 24.1874 21.9445 0
      vertex 24.1874 21.9445 4.5
    endloop
  endfacet
  facet normal 0.729797 -0.683664 0
    outer loop
      vertex 24.1874 21.9445 0
      vertex 24.0644 21.8132 4.5
      vertex 24.0644 21.8132 0
    endloop
  endfacet
  facet normal 0.097798 -0.995206 0
    outer loop
      vertex 25.773 22.7265 0
      vertex 25.9521 22.7441 4.5
      vertex 25.773 22.7265 4.5
    endloop
  endfacet
  facet normal 0.097798 -0.995206 0
    outer loop
      vertex 25.9521 22.7441 4.5
      vertex 25.773 22.7265 0
      vertex 25.9521 22.7441 0
    endloop
  endfacet
  facet normal 0.973968 -0.226685 0
    outer loop
      vertex 23.4348 20.5365 4.5
      vertex 23.4756 20.7118 0
      vertex 23.4756 20.7118 4.5
    endloop
  endfacet
  facet normal 0.973968 -0.226685 0
    outer loop
      vertex 23.4756 20.7118 0
      vertex 23.4348 20.5365 4.5
      vertex 23.4348 20.5365 0
    endloop
  endfacet
  facet normal 0.995147 -0.0984028 0
    outer loop
      vertex 23.3878 20.1799 4.5
      vertex 23.4055 20.3589 0
      vertex 23.4055 20.3589 4.5
    endloop
  endfacet
  facet normal 0.995147 -0.0984028 0
    outer loop
      vertex 23.4055 20.3589 0
      vertex 23.3878 20.1799 4.5
      vertex 23.3878 20.1799 0
    endloop
  endfacet
  facet normal 0.582341 -0.812944 0
    outer loop
      vertex 24.4578 22.1817 0
      vertex 24.6041 22.2865 4.5
      vertex 24.4578 22.1817 4.5
    endloop
  endfacet
  facet normal 0.582341 -0.812944 0
    outer loop
      vertex 24.6041 22.2865 4.5
      vertex 24.4578 22.1817 0
      vertex 24.6041 22.2865 0
    endloop
  endfacet
  facet normal -0.412882 0.910785 0
    outer loop
      vertex 27.3482 17.5336 0
      vertex 27.1843 17.4593 4.5
      vertex 27.3482 17.5336 4.5
    endloop
  endfacet
  facet normal -0.412882 0.910785 0
    outer loop
      vertex 27.1843 17.4593 4.5
      vertex 27.3482 17.5336 0
      vertex 27.1843 17.4593 0
    endloop
  endfacet
  facet normal 0.5284 0.848996 -0
    outer loop
      vertex 24.7569 17.6184 0
      vertex 24.6041 17.7135 4.5
      vertex 24.7569 17.6184 4.5
    endloop
  endfacet
  facet normal 0.5284 0.848996 0
    outer loop
      vertex 24.6041 17.7135 4.5
      vertex 24.7569 17.6184 0
      vertex 24.6041 17.7135 0
    endloop
  endfacet
  facet normal -0.352341 0.935872 0
    outer loop
      vertex 27.1843 17.4593 0
      vertex 27.0159 17.3959 4.5
      vertex 27.1843 17.4593 4.5
    endloop
  endfacet
  facet normal -0.352341 0.935872 0
    outer loop
      vertex 27.0159 17.3959 4.5
      vertex 27.1843 17.4593 0
      vertex 27.0159 17.3959 0
    endloop
  endfacet
  facet normal -0.812944 0.582341 0
    outer loop
      vertex 28.3137 18.3259 0
      vertex 28.4185 18.4722 4.5
      vertex 28.4185 18.4722 0
    endloop
  endfacet
  facet normal -0.812944 0.582341 0
    outer loop
      vertex 28.4185 18.4722 4.5
      vertex 28.3137 18.3259 0
      vertex 28.3137 18.3259 4.5
    endloop
  endfacet
  facet normal 0.881752 -0.471713 0
    outer loop
      vertex 23.6655 21.2163 4.5
      vertex 23.7504 21.375 0
      vertex 23.7504 21.375 4.5
    endloop
  endfacet
  facet normal 0.881752 -0.471713 0
    outer loop
      vertex 23.7504 21.375 0
      vertex 23.6655 21.2163 4.5
      vertex 23.6655 21.2163 0
    endloop
  endfacet
  facet normal -0.881983 0.47128 0
    outer loop
      vertex 28.5135 18.625 0
      vertex 28.5983 18.7837 4.5
      vertex 28.5983 18.7837 0
    endloop
  endfacet
  facet normal -0.881983 0.47128 0
    outer loop
      vertex 28.5983 18.7837 4.5
      vertex 28.5135 18.625 0
      vertex 28.5135 18.625 4.5
    endloop
  endfacet
  facet normal 0.956842 -0.290609 0
    outer loop
      vertex 23.4756 20.7118 4.5
      vertex 23.5279 20.884 0
      vertex 23.5279 20.884 4.5
    endloop
  endfacet
  facet normal 0.956842 -0.290609 0
    outer loop
      vertex 23.5279 20.884 0
      vertex 23.4756 20.7118 4.5
      vertex 23.4756 20.7118 0
    endloop
  endfacet
  facet normal -0.729797 -0.683664 0
    outer loop
      vertex 28.1995 21.8132 0
      vertex 28.0765 21.9445 4.5
      vertex 28.0765 21.9445 0
    endloop
  endfacet
  facet normal -0.729797 -0.683664 0
    outer loop
      vertex 28.0765 21.9445 4.5
      vertex 28.1995 21.8132 0
      vertex 28.1995 21.8132 4.5
    endloop
  endfacet
  facet normal -0.812944 -0.582341 0
    outer loop
      vertex 28.4185 21.5278 0
      vertex 28.3137 21.6741 4.5
      vertex 28.3137 21.6741 0
    endloop
  endfacet
  facet normal -0.812944 -0.582341 0
    outer loop
      vertex 28.3137 21.6741 4.5
      vertex 28.4185 21.5278 0
      vertex 28.4185 21.5278 4.5
    endloop
  endfacet
  facet normal 0.2901 -0.956996 0
    outer loop
      vertex 25.248 22.6041 0
      vertex 25.4202 22.6563 4.5
      vertex 25.248 22.6041 4.5
    endloop
  endfacet
  facet normal 0.2901 -0.956996 0
    outer loop
      vertex 25.4202 22.6563 4.5
      vertex 25.248 22.6041 0
      vertex 25.4202 22.6563 0
    endloop
  endfacet
  facet normal -0.935872 -0.352341 0
    outer loop
      vertex 28.736 20.884 0
      vertex 28.6726 21.0524 4.5
      vertex 28.6726 21.0524 0
    endloop
  endfacet
  facet normal -0.935872 -0.352341 0
    outer loop
      vertex 28.6726 21.0524 4.5
      vertex 28.736 20.884 0
      vertex 28.736 20.884 4.5
    endloop
  endfacet
  facet normal -0.683682 -0.72978 0
    outer loop
      vertex 27.9451 22.0676 0
      vertex 28.0765 21.9445 4.5
      vertex 27.9451 22.0676 4.5
    endloop
  endfacet
  facet normal -0.683682 -0.72978 -0
    outer loop
      vertex 28.0765 21.9445 4.5
      vertex 27.9451 22.0676 0
      vertex 28.0765 21.9445 0
    endloop
  endfacet
  facet normal -0.986663 -0.162777 0
    outer loop
      vertex 28.8584 20.3589 0
      vertex 28.8291 20.5365 4.5
      vertex 28.8291 20.5365 0
    endloop
  endfacet
  facet normal -0.986663 -0.162777 0
    outer loop
      vertex 28.8291 20.5365 4.5
      vertex 28.8584 20.3589 0
      vertex 28.8584 20.3589 4.5
    endloop
  endfacet
  facet normal 0.68396 0.72952 -0
    outer loop
      vertex 24.3187 17.9324 0
      vertex 24.1874 18.0555 4.5
      vertex 24.3187 17.9324 4.5
    endloop
  endfacet
  facet normal 0.68396 0.72952 0
    outer loop
      vertex 24.1874 18.0555 4.5
      vertex 24.3187 17.9324 0
      vertex 24.1874 18.0555 0
    endloop
  endfacet
  facet normal 0.412673 0.910879 -0
    outer loop
      vertex 25.0796 17.4593 0
      vertex 24.9156 17.5336 4.5
      vertex 25.0796 17.4593 4.5
    endloop
  endfacet
  facet normal 0.412673 0.910879 0
    outer loop
      vertex 24.9156 17.5336 4.5
      vertex 25.0796 17.4593 0
      vertex 24.9156 17.5336 0
    endloop
  endfacet
  facet normal 0.0327966 -0.999462 0
    outer loop
      vertex 25.9521 22.7441 0
      vertex 26.1319 22.75 4.5
      vertex 25.9521 22.7441 4.5
    endloop
  endfacet
  facet normal 0.0327966 -0.999462 0
    outer loop
      vertex 26.1319 22.75 4.5
      vertex 25.9521 22.7441 0
      vertex 26.1319 22.75 0
    endloop
  endfacet
  facet normal 0.973968 0.226685 0
    outer loop
      vertex 23.4756 19.2882 4.5
      vertex 23.4348 19.4635 0
      vertex 23.4348 19.4635 4.5
    endloop
  endfacet
  facet normal 0.973968 0.226685 0
    outer loop
      vertex 23.4348 19.4635 0
      vertex 23.4756 19.2882 4.5
      vertex 23.4756 19.2882 0
    endloop
  endfacet
  facet normal 0.999463 0.0327784 0
    outer loop
      vertex 23.3878 19.8201 4.5
      vertex 23.3819 20 0
      vertex 23.3819 20 4.5
    endloop
  endfacet
  facet normal 0.999463 0.0327784 0
    outer loop
      vertex 23.3819 20 0
      vertex 23.3878 19.8201 4.5
      vertex 23.3878 19.8201 0
    endloop
  endfacet
  facet normal 0.634206 0.773164 -0
    outer loop
      vertex 24.4578 17.8183 0
      vertex 24.3187 17.9324 4.5
      vertex 24.4578 17.8183 4.5
    endloop
  endfacet
  facet normal 0.634206 0.773164 0
    outer loop
      vertex 24.3187 17.9324 4.5
      vertex 24.4578 17.8183 0
      vertex 24.3187 17.9324 0
    endloop
  endfacet
  facet normal -0.47128 -0.881983 0
    outer loop
      vertex 27.3482 22.4664 0
      vertex 27.5069 22.3816 4.5
      vertex 27.3482 22.4664 4.5
    endloop
  endfacet
  facet normal -0.47128 -0.881983 -0
    outer loop
      vertex 27.5069 22.3816 4.5
      vertex 27.3482 22.4664 0
      vertex 27.5069 22.3816 0
    endloop
  endfacet
  facet normal 0.5284 -0.848996 0
    outer loop
      vertex 24.6041 22.2865 0
      vertex 24.7569 22.3816 4.5
      vertex 24.6041 22.2865 4.5
    endloop
  endfacet
  facet normal 0.5284 -0.848996 0
    outer loop
      vertex 24.7569 22.3816 4.5
      vertex 24.6041 22.2865 0
      vertex 24.7569 22.3816 0
    endloop
  endfacet
  facet normal 0.47128 -0.881983 0
    outer loop
      vertex 24.7569 22.3816 0
      vertex 24.9156 22.4664 4.5
      vertex 24.7569 22.3816 4.5
    endloop
  endfacet
  facet normal 0.47128 -0.881983 0
    outer loop
      vertex 24.9156 22.4664 4.5
      vertex 24.7569 22.3816 0
      vertex 24.9156 22.4664 0
    endloop
  endfacet
  facet normal 0.097798 0.995206 -0
    outer loop
      vertex 25.9521 17.2559 0
      vertex 25.773 17.2735 4.5
      vertex 25.9521 17.2559 4.5
    endloop
  endfacet
  facet normal 0.097798 0.995206 0
    outer loop
      vertex 25.773 17.2735 4.5
      vertex 25.9521 17.2559 0
      vertex 25.773 17.2735 0
    endloop
  endfacet
  facet normal -0.634206 0.773164 0
    outer loop
      vertex 27.9451 17.9324 0
      vertex 27.806 17.8183 4.5
      vertex 27.9451 17.9324 4.5
    endloop
  endfacet
  facet normal -0.634206 0.773164 0
    outer loop
      vertex 27.806 17.8183 4.5
      vertex 27.9451 17.9324 0
      vertex 27.806 17.8183 0
    endloop
  endfacet
  facet normal 0.352341 0.935872 -0
    outer loop
      vertex 25.248 17.3959 0
      vertex 25.0796 17.4593 4.5
      vertex 25.248 17.3959 4.5
    endloop
  endfacet
  facet normal 0.352341 0.935872 0
    outer loop
      vertex 25.0796 17.4593 4.5
      vertex 25.248 17.3959 0
      vertex 25.0796 17.4593 0
    endloop
  endfacet
  facet normal -0.0327784 -0.999463 0
    outer loop
      vertex 26.1319 22.75 0
      vertex 26.3118 22.7441 4.5
      vertex 26.1319 22.75 4.5
    endloop
  endfacet
  facet normal -0.0327784 -0.999463 -0
    outer loop
      vertex 26.3118 22.7441 4.5
      vertex 26.1319 22.75 0
      vertex 26.3118 22.7441 0
    endloop
  endfacet
  facet normal -0.2901 -0.956996 0
    outer loop
      vertex 26.8437 22.6563 0
      vertex 27.0159 22.6041 4.5
      vertex 26.8437 22.6563 4.5
    endloop
  endfacet
  facet normal -0.2901 -0.956996 -0
    outer loop
      vertex 27.0159 22.6041 4.5
      vertex 26.8437 22.6563 0
      vertex 27.0159 22.6041 0
    endloop
  endfacet
  facet normal 0.849245 -0.527999 0
    outer loop
      vertex 23.7504 21.375 4.5
      vertex 23.8454 21.5278 0
      vertex 23.8454 21.5278 4.5
    endloop
  endfacet
  facet normal 0.849245 -0.527999 0
    outer loop
      vertex 23.8454 21.5278 0
      vertex 23.7504 21.375 4.5
      vertex 23.7504 21.375 0
    endloop
  endfacet
  facet normal -0.986663 0.162777 0
    outer loop
      vertex 28.8291 19.4635 0
      vertex 28.8584 19.6411 4.5
      vertex 28.8584 19.6411 0
    endloop
  endfacet
  facet normal -0.986663 0.162777 0
    outer loop
      vertex 28.8584 19.6411 4.5
      vertex 28.8291 19.4635 0
      vertex 28.8291 19.4635 4.5
    endloop
  endfacet
  facet normal 0.849245 0.527999 0
    outer loop
      vertex 23.8454 18.4722 4.5
      vertex 23.7504 18.625 0
      vertex 23.7504 18.625 4.5
    endloop
  endfacet
  facet normal 0.849245 0.527999 0
    outer loop
      vertex 23.7504 18.625 0
      vertex 23.8454 18.4722 4.5
      vertex 23.8454 18.4722 0
    endloop
  endfacet
  facet normal 0.935872 0.352341 0
    outer loop
      vertex 23.5913 18.9476 4.5
      vertex 23.5279 19.116 0
      vertex 23.5279 19.116 4.5
    endloop
  endfacet
  facet normal 0.935872 0.352341 0
    outer loop
      vertex 23.5279 19.116 0
      vertex 23.5913 18.9476 4.5
      vertex 23.5913 18.9476 0
    endloop
  endfacet
  facet normal -0.0327784 0.999463 0
    outer loop
      vertex 26.3118 17.2559 0
      vertex 26.1319 17.25 4.5
      vertex 26.3118 17.2559 4.5
    endloop
  endfacet
  facet normal -0.0327784 0.999463 0
    outer loop
      vertex 26.1319 17.25 4.5
      vertex 26.3118 17.2559 0
      vertex 26.1319 17.25 0
    endloop
  endfacet
  facet normal 0.999463 -0.0327784 0
    outer loop
      vertex 23.3819 20 4.5
      vertex 23.3878 20.1799 0
      vertex 23.3878 20.1799 4.5
    endloop
  endfacet
  facet normal 0.999463 -0.0327784 0
    outer loop
      vertex 23.3878 20.1799 0
      vertex 23.3819 20 4.5
      vertex 23.3819 20 0
    endloop
  endfacet
  facet normal 0.910994 -0.412421 0
    outer loop
      vertex 23.5913 21.0524 4.5
      vertex 23.6655 21.2163 0
      vertex 23.6655 21.2163 4.5
    endloop
  endfacet
  facet normal 0.910994 -0.412421 0
    outer loop
      vertex 23.6655 21.2163 0
      vertex 23.5913 21.0524 4.5
      vertex 23.5913 21.0524 0
    endloop
  endfacet
  facet normal -0.527915 -0.849297 0
    outer loop
      vertex 28.5069 24.1136 4.5
      vertex 28.7709 23.9495 8
      vertex 28.5069 24.1136 8
    endloop
  endfacet
  facet normal -0.527915 -0.849297 -0
    outer loop
      vertex 28.7709 23.9495 8
      vertex 28.5069 24.1136 4.5
      vertex 28.7709 23.9495 4.5
    endloop
  endfacet
  facet normal -0.999472 0.0324901 0
    outer loop
      vertex 30.8718 19.6893 4.5
      vertex 30.8819 20 8
      vertex 30.8819 20 4.5
    endloop
  endfacet
  facet normal -0.999472 0.0324901 0
    outer loop
      vertex 30.8819 20 8
      vertex 30.8718 19.6893 4.5
      vertex 30.8718 19.6893 8
    endloop
  endfacet
  facet normal -0.995173 -0.0981338 0
    outer loop
      vertex 30.8718 20.3107 4.5
      vertex 30.8413 20.62 8
      vertex 30.8413 20.62 4.5
    endloop
  endfacet
  facet normal -0.995173 -0.0981338 0
    outer loop
      vertex 30.8413 20.62 8
      vertex 30.8718 20.3107 4.5
      vertex 30.8718 20.3107 8
    endloop
  endfacet
  facet normal -0.999472 -0.0324901 0
    outer loop
      vertex 30.8819 20 4.5
      vertex 30.8718 20.3107 8
      vertex 30.8718 20.3107 4.5
    endloop
  endfacet
  facet normal -0.999472 -0.0324901 0
    outer loop
      vertex 30.8718 20.3107 8
      vertex 30.8819 20 4.5
      vertex 30.8819 20 8
    endloop
  endfacet
  facet normal 0.471239 0.882005 -0
    outer loop
      vertex 24.0311 15.7399 4.5
      vertex 23.7569 15.8864 8
      vertex 24.0311 15.7399 8
    endloop
  endfacet
  facet normal 0.471239 0.882005 0
    outer loop
      vertex 23.7569 15.8864 8
      vertex 24.0311 15.7399 4.5
      vertex 23.7569 15.8864 4.5
    endloop
  endfacet
  facet normal 0.956954 0.29024 0
    outer loop
      vertex 21.634 18.4732 8
      vertex 21.5438 18.7706 4.5
      vertex 21.5438 18.7706 8
    endloop
  endfacet
  facet normal 0.956954 0.29024 0
    outer loop
      vertex 21.5438 18.7706 4.5
      vertex 21.634 18.4732 8
      vertex 21.634 18.4732 4.5
    endloop
  endfacet
  facet normal 0.227067 -0.973879 0
    outer loop
      vertex 24.9025 24.5881 4.5
      vertex 25.2053 24.6587 8
      vertex 24.9025 24.5881 8
    endloop
  endfacet
  facet normal 0.227067 -0.973879 0
    outer loop
      vertex 25.2053 24.6587 8
      vertex 24.9025 24.5881 4.5
      vertex 25.2053 24.6587 4.5
    endloop
  endfacet
  facet normal 0.729888 0.683567 0
    outer loop
      vertex 22.7732 16.6412 8
      vertex 22.5607 16.8681 4.5
      vertex 22.5607 16.8681 8
    endloop
  endfacet
  facet normal 0.729888 0.683567 0
    outer loop
      vertex 22.5607 16.8681 4.5
      vertex 22.7732 16.6412 8
      vertex 22.7732 16.6412 4.5
    endloop
  endfacet
  facet normal -0.910883 -0.412664 0
    outer loop
      vertex 30.5204 21.8177 4.5
      vertex 30.3921 22.1009 8
      vertex 30.3921 22.1009 4.5
    endloop
  endfacet
  facet normal -0.910883 -0.412664 0
    outer loop
      vertex 30.3921 22.1009 8
      vertex 30.5204 21.8177 4.5
      vertex 30.5204 21.8177 8
    endloop
  endfacet
  facet normal -0.935892 -0.352287 0
    outer loop
      vertex 30.6299 21.5268 4.5
      vertex 30.5204 21.8177 8
      vertex 30.5204 21.8177 4.5
    endloop
  endfacet
  facet normal -0.935892 -0.352287 0
    outer loop
      vertex 30.5204 21.8177 8
      vertex 30.6299 21.5268 4.5
      vertex 30.6299 21.5268 8
    endloop
  endfacet
  facet normal 0.881934 0.471373 0
    outer loop
      vertex 22.0183 17.625 8
      vertex 21.8718 17.8991 4.5
      vertex 21.8718 17.8991 8
    endloop
  endfacet
  facet normal 0.881934 0.471373 0
    outer loop
      vertex 21.8718 17.8991 4.5
      vertex 22.0183 17.625 8
      vertex 22.0183 17.625 4.5
    endloop
  endfacet
  facet normal 0.683556 0.729898 -0
    outer loop
      vertex 23 16.4288 4.5
      vertex 22.7732 16.6412 8
      vertex 23 16.4288 8
    endloop
  endfacet
  facet normal 0.683556 0.729898 0
    outer loop
      vertex 22.7732 16.6412 8
      vertex 23 16.4288 4.5
      vertex 22.7732 16.6412 4.5
    endloop
  endfacet
  facet normal 0.729888 -0.683567 0
    outer loop
      vertex 22.5607 23.1319 8
      vertex 22.7732 23.3588 4.5
      vertex 22.7732 23.3588 8
    endloop
  endfacet
  facet normal 0.729888 -0.683567 0
    outer loop
      vertex 22.7732 23.3588 4.5
      vertex 22.5607 23.1319 8
      vertex 22.5607 23.1319 4.5
    endloop
  endfacet
  facet normal 0.973863 0.227138 0
    outer loop
      vertex 21.5438 18.7706 8
      vertex 21.4732 19.0733 4.5
      vertex 21.4732 19.0733 8
    endloop
  endfacet
  facet normal 0.973863 0.227138 0
    outer loop
      vertex 21.4732 19.0733 4.5
      vertex 21.5438 18.7706 8
      vertex 21.5438 18.7706 4.5
    endloop
  endfacet
  facet normal 0.986662 -0.162782 0
    outer loop
      vertex 21.4226 20.62 8
      vertex 21.4732 20.9267 4.5
      vertex 21.4732 20.9267 8
    endloop
  endfacet
  facet normal 0.986662 -0.162782 0
    outer loop
      vertex 21.4732 20.9267 4.5
      vertex 21.4226 20.62 8
      vertex 21.4226 20.62 4.5
    endloop
  endfacet
  facet normal -0.995173 0.0981338 0
    outer loop
      vertex 30.8413 19.38 4.5
      vertex 30.8718 19.6893 8
      vertex 30.8718 19.6893 4.5
    endloop
  endfacet
  facet normal -0.995173 0.0981338 0
    outer loop
      vertex 30.8718 19.6893 8
      vertex 30.8413 19.38 4.5
      vertex 30.8413 19.38 8
    endloop
  endfacet
  facet normal -0.683395 -0.730049 0
    outer loop
      vertex 29.2638 23.5712 4.5
      vertex 29.4907 23.3588 8
      vertex 29.2638 23.5712 8
    endloop
  endfacet
  facet normal -0.683395 -0.730049 -0
    outer loop
      vertex 29.4907 23.3588 8
      vertex 29.2638 23.5712 4.5
      vertex 29.4907 23.3588 4.5
    endloop
  endfacet
  facet normal -0.29015 0.956981 0
    outer loop
      vertex 27.6588 15.5021 4.5
      vertex 27.3613 15.4119 8
      vertex 27.6588 15.5021 8
    endloop
  endfacet
  facet normal -0.29015 0.956981 0
    outer loop
      vertex 27.3613 15.4119 8
      vertex 27.6588 15.5021 4.5
      vertex 27.3613 15.4119 4.5
    endloop
  endfacet
  facet normal 0.352287 0.935892 -0
    outer loop
      vertex 24.6051 15.5021 4.5
      vertex 24.3142 15.6116 8
      vertex 24.6051 15.5021 8
    endloop
  endfacet
  facet normal 0.352287 0.935892 0
    outer loop
      vertex 24.3142 15.6116 8
      vertex 24.6051 15.5021 4.5
      vertex 24.3142 15.6116 4.5
    endloop
  endfacet
  facet normal 0.412785 0.910829 -0
    outer loop
      vertex 24.3142 15.6116 4.5
      vertex 24.0311 15.7399 8
      vertex 24.3142 15.6116 8
    endloop
  endfacet
  facet normal 0.412785 0.910829 0
    outer loop
      vertex 24.0311 15.7399 8
      vertex 24.3142 15.6116 4.5
      vertex 24.0311 15.7399 4.5
    endloop
  endfacet
  facet normal -0.812863 -0.582455 0
    outer loop
      vertex 30.0814 22.639 4.5
      vertex 29.9004 22.8916 8
      vertex 29.9004 22.8916 4.5
    endloop
  endfacet
  facet normal -0.812863 -0.582455 0
    outer loop
      vertex 29.9004 22.8916 8
      vertex 30.0814 22.639 4.5
      vertex 30.0814 22.639 8
    endloop
  endfacet
  facet normal 0.986662 0.162782 0
    outer loop
      vertex 21.4732 19.0733 8
      vertex 21.4226 19.38 4.5
      vertex 21.4226 19.38 8
    endloop
  endfacet
  facet normal 0.986662 0.162782 0
    outer loop
      vertex 21.4226 19.38 4.5
      vertex 21.4732 19.0733 8
      vertex 21.4732 19.0733 4.5
    endloop
  endfacet
  facet normal -0.352287 -0.935892 0
    outer loop
      vertex 27.6588 24.4979 4.5
      vertex 27.9497 24.3884 8
      vertex 27.6588 24.4979 8
    endloop
  endfacet
  facet normal -0.352287 -0.935892 -0
    outer loop
      vertex 27.9497 24.3884 8
      vertex 27.6588 24.4979 4.5
      vertex 27.9497 24.3884 4.5
    endloop
  endfacet
  facet normal 0.352287 -0.935892 0
    outer loop
      vertex 24.3142 24.3884 4.5
      vertex 24.6051 24.4979 8
      vertex 24.3142 24.3884 8
    endloop
  endfacet
  facet normal 0.352287 -0.935892 0
    outer loop
      vertex 24.6051 24.4979 8
      vertex 24.3142 24.3884 4.5
      vertex 24.6051 24.4979 4.5
    endloop
  endfacet
  facet normal 0.032822 0.999461 -0
    outer loop
      vertex 26.1319 15.25 4.5
      vertex 25.8213 15.2602 8
      vertex 26.1319 15.25 8
    endloop
  endfacet
  facet normal 0.032822 0.999461 0
    outer loop
      vertex 25.8213 15.2602 8
      vertex 26.1319 15.25 4.5
      vertex 25.8213 15.2602 4.5
    endloop
  endfacet
  facet normal -0.471373 0.881934 0
    outer loop
      vertex 28.5069 15.8864 4.5
      vertex 28.2328 15.7399 8
      vertex 28.5069 15.8864 8
    endloop
  endfacet
  facet normal -0.471373 0.881934 0
    outer loop
      vertex 28.2328 15.7399 8
      vertex 28.5069 15.8864 4.5
      vertex 28.2328 15.7399 4.5
    endloop
  endfacet
  facet normal 0.881934 -0.471373 0
    outer loop
      vertex 21.8718 22.1009 8
      vertex 22.0183 22.375 4.5
      vertex 22.0183 22.375 8
    endloop
  endfacet
  facet normal 0.881934 -0.471373 0
    outer loop
      vertex 22.0183 22.375 4.5
      vertex 21.8718 22.1009 8
      vertex 21.8718 22.1009 4.5
    endloop
  endfacet
  facet normal 0.999462 0.0328114 0
    outer loop
      vertex 21.3921 19.6893 8
      vertex 21.3819 20 4.5
      vertex 21.3819 20 8
    endloop
  endfacet
  facet normal 0.999462 0.0328114 0
    outer loop
      vertex 21.3819 20 4.5
      vertex 21.3921 19.6893 8
      vertex 21.3921 19.6893 4.5
    endloop
  endfacet
  facet normal -0.352287 0.935892 0
    outer loop
      vertex 27.9497 15.6116 4.5
      vertex 27.6588 15.5021 8
      vertex 27.9497 15.6116 8
    endloop
  endfacet
  facet normal -0.352287 0.935892 0
    outer loop
      vertex 27.6588 15.5021 8
      vertex 27.9497 15.6116 4.5
      vertex 27.6588 15.5021 4.5
    endloop
  endfacet
  facet normal 0.910883 0.412664 0
    outer loop
      vertex 21.8718 17.8991 8
      vertex 21.7435 18.1823 4.5
      vertex 21.7435 18.1823 8
    endloop
  endfacet
  facet normal 0.910883 0.412664 0
    outer loop
      vertex 21.7435 18.1823 4.5
      vertex 21.8718 17.8991 8
      vertex 21.8718 17.8991 4.5
    endloop
  endfacet
  facet normal 0.812863 0.582455 0
    outer loop
      vertex 22.3635 17.1084 8
      vertex 22.1825 17.361 4.5
      vertex 22.1825 17.361 8
    endloop
  endfacet
  facet normal 0.812863 0.582455 0
    outer loop
      vertex 22.1825 17.361 4.5
      vertex 22.3635 17.1084 8
      vertex 22.3635 17.1084 4.5
    endloop
  endfacet
  facet normal -0.163095 0.98661 0
    outer loop
      vertex 27.0586 15.3413 4.5
      vertex 26.7519 15.2906 8
      vertex 27.0586 15.3413 8
    endloop
  endfacet
  facet normal -0.163095 0.98661 0
    outer loop
      vertex 26.7519 15.2906 8
      vertex 27.0586 15.3413 4.5
      vertex 26.7519 15.2906 4.5
    endloop
  endfacet
  facet normal 0.227067 0.973879 -0
    outer loop
      vertex 25.2053 15.3413 4.5
      vertex 24.9025 15.4119 8
      vertex 25.2053 15.3413 8
    endloop
  endfacet
  facet normal 0.227067 0.973879 0
    outer loop
      vertex 24.9025 15.4119 8
      vertex 25.2053 15.3413 4.5
      vertex 24.9025 15.4119 4.5
    endloop
  endfacet
  facet normal 0.999462 -0.0328114 0
    outer loop
      vertex 21.3819 20 8
      vertex 21.3921 20.3107 4.5
      vertex 21.3921 20.3107 8
    endloop
  endfacet
  facet normal 0.999462 -0.0328114 0
    outer loop
      vertex 21.3921 20.3107 4.5
      vertex 21.3819 20 8
      vertex 21.3819 20 4.5
    endloop
  endfacet
  facet normal -0.986662 -0.162782 0
    outer loop
      vertex 30.8413 20.62 4.5
      vertex 30.7907 20.9267 8
      vertex 30.7907 20.9267 4.5
    endloop
  endfacet
  facet normal -0.986662 -0.162782 0
    outer loop
      vertex 30.7907 20.9267 8
      vertex 30.8413 20.62 4.5
      vertex 30.8413 20.62 8
    endloop
  endfacet
  facet normal 0.812863 -0.582455 0
    outer loop
      vertex 22.1825 22.639 8
      vertex 22.3635 22.8916 4.5
      vertex 22.3635 22.8916 8
    endloop
  endfacet
  facet normal 0.812863 -0.582455 0
    outer loop
      vertex 22.3635 22.8916 4.5
      vertex 22.1825 22.639 8
      vertex 22.1825 22.639 4.5
    endloop
  endfacet
  facet normal -0.881934 0.471373 0
    outer loop
      vertex 30.2456 17.625 4.5
      vertex 30.3921 17.8991 8
      vertex 30.3921 17.8991 4.5
    endloop
  endfacet
  facet normal -0.881934 0.471373 0
    outer loop
      vertex 30.3921 17.8991 8
      vertex 30.2456 17.625 4.5
      vertex 30.2456 17.625 8
    endloop
  endfacet
  facet normal 0.849153 0.528147 0
    outer loop
      vertex 22.1825 17.361 8
      vertex 22.0183 17.625 4.5
      vertex 22.0183 17.625 8
    endloop
  endfacet
  facet normal 0.849153 0.528147 0
    outer loop
      vertex 22.0183 17.625 4.5
      vertex 22.1825 17.361 8
      vertex 22.1825 17.361 4.5
    endloop
  endfacet
  facet normal -0.986662 0.162782 0
    outer loop
      vertex 30.7907 19.0733 4.5
      vertex 30.8413 19.38 8
      vertex 30.8413 19.38 4.5
    endloop
  endfacet
  facet normal -0.986662 0.162782 0
    outer loop
      vertex 30.8413 19.38 8
      vertex 30.7907 19.0733 4.5
      vertex 30.7907 19.0733 8
    endloop
  endfacet
  facet normal 0.29024 0.956954 -0
    outer loop
      vertex 24.9025 15.4119 4.5
      vertex 24.6051 15.5021 8
      vertex 24.9025 15.4119 8
    endloop
  endfacet
  facet normal 0.29024 0.956954 0
    outer loop
      vertex 24.6051 15.5021 8
      vertex 24.9025 15.4119 4.5
      vertex 24.6051 15.5021 4.5
    endloop
  endfacet
  facet normal -0.634534 -0.772895 0
    outer loop
      vertex 29.0236 23.7684 4.5
      vertex 29.2638 23.5712 8
      vertex 29.0236 23.7684 8
    endloop
  endfacet
  facet normal -0.634534 -0.772895 -0
    outer loop
      vertex 29.2638 23.5712 8
      vertex 29.0236 23.7684 4.5
      vertex 29.2638 23.5712 4.5
    endloop
  endfacet
  facet normal -0.956954 -0.29024 0
    outer loop
      vertex 30.7201 21.2294 4.5
      vertex 30.6299 21.5268 8
      vertex 30.6299 21.5268 4.5
    endloop
  endfacet
  facet normal -0.956954 -0.29024 0
    outer loop
      vertex 30.6299 21.5268 8
      vertex 30.7201 21.2294 4.5
      vertex 30.7201 21.2294 8
    endloop
  endfacet
  facet normal 0.52806 0.849207 -0
    outer loop
      vertex 23.7569 15.8864 4.5
      vertex 23.493 16.0505 8
      vertex 23.7569 15.8864 8
    endloop
  endfacet
  facet normal 0.52806 0.849207 0
    outer loop
      vertex 23.493 16.0505 8
      vertex 23.7569 15.8864 4.5
      vertex 23.493 16.0505 4.5
    endloop
  endfacet
  facet normal -0.0978151 0.995205 0
    outer loop
      vertex 26.7519 15.2906 4.5
      vertex 26.4426 15.2602 8
      vertex 26.7519 15.2906 8
    endloop
  endfacet
  facet normal -0.0978151 0.995205 0
    outer loop
      vertex 26.4426 15.2602 8
      vertex 26.7519 15.2906 4.5
      vertex 26.4426 15.2602 4.5
    endloop
  endfacet
  facet normal -0.849153 0.528147 0
    outer loop
      vertex 30.0814 17.361 4.5
      vertex 30.2456 17.625 8
      vertex 30.2456 17.625 4.5
    endloop
  endfacet
  facet normal -0.849153 0.528147 0
    outer loop
      vertex 30.2456 17.625 8
      vertex 30.0814 17.361 4.5
      vertex 30.0814 17.361 8
    endloop
  endfacet
  facet normal -0.227138 -0.973863 0
    outer loop
      vertex 27.0586 24.6587 4.5
      vertex 27.3613 24.5881 8
      vertex 27.0586 24.6587 8
    endloop
  endfacet
  facet normal -0.227138 -0.973863 -0
    outer loop
      vertex 27.3613 24.5881 8
      vertex 27.0586 24.6587 4.5
      vertex 27.3613 24.5881 4.5
    endloop
  endfacet
  facet normal -0.582515 -0.81282 0
    outer loop
      vertex 28.7709 23.9495 4.5
      vertex 29.0236 23.7684 8
      vertex 28.7709 23.9495 8
    endloop
  endfacet
  facet normal -0.582515 -0.81282 -0
    outer loop
      vertex 29.0236 23.7684 8
      vertex 28.7709 23.9495 4.5
      vertex 29.0236 23.7684 4.5
    endloop
  endfacet
  facet normal 0.849153 -0.528147 0
    outer loop
      vertex 22.0183 22.375 8
      vertex 22.1825 22.639 4.5
      vertex 22.1825 22.639 8
    endloop
  endfacet
  facet normal 0.849153 -0.528147 0
    outer loop
      vertex 22.1825 22.639 4.5
      vertex 22.0183 22.375 8
      vertex 22.0183 22.375 4.5
    endloop
  endfacet
  facet normal 0.412785 -0.910829 0
    outer loop
      vertex 24.0311 24.2601 4.5
      vertex 24.3142 24.3884 8
      vertex 24.0311 24.2601 8
    endloop
  endfacet
  facet normal 0.412785 -0.910829 0
    outer loop
      vertex 24.3142 24.3884 8
      vertex 24.0311 24.2601 4.5
      vertex 24.3142 24.3884 4.5
    endloop
  endfacet
  facet normal -0.956954 0.29024 0
    outer loop
      vertex 30.6299 18.4732 4.5
      vertex 30.7201 18.7706 8
      vertex 30.7201 18.7706 4.5
    endloop
  endfacet
  facet normal -0.956954 0.29024 0
    outer loop
      vertex 30.7201 18.7706 8
      vertex 30.6299 18.4732 4.5
      vertex 30.6299 18.4732 8
    endloop
  endfacet
  facet normal -0.773025 -0.634376 0
    outer loop
      vertex 29.9004 22.8916 4.5
      vertex 29.7032 23.1319 8
      vertex 29.7032 23.1319 4.5
    endloop
  endfacet
  facet normal -0.773025 -0.634376 0
    outer loop
      vertex 29.7032 23.1319 8
      vertex 29.9004 22.8916 4.5
      vertex 29.9004 22.8916 8
    endloop
  endfacet
  facet normal -0.471373 -0.881934 0
    outer loop
      vertex 28.2328 24.2601 4.5
      vertex 28.5069 24.1136 8
      vertex 28.2328 24.2601 8
    endloop
  endfacet
  facet normal -0.471373 -0.881934 -0
    outer loop
      vertex 28.5069 24.1136 8
      vertex 28.2328 24.2601 4.5
      vertex 28.5069 24.1136 4.5
    endloop
  endfacet
  facet normal 0.995173 -0.0981338 0
    outer loop
      vertex 21.3921 20.3107 8
      vertex 21.4226 20.62 4.5
      vertex 21.4226 20.62 8
    endloop
  endfacet
  facet normal 0.995173 -0.0981338 0
    outer loop
      vertex 21.4226 20.62 4.5
      vertex 21.3921 20.3107 8
      vertex 21.3921 20.3107 4.5
    endloop
  endfacet
  facet normal -0.849153 -0.528147 0
    outer loop
      vertex 30.2456 22.375 4.5
      vertex 30.0814 22.639 8
      vertex 30.0814 22.639 4.5
    endloop
  endfacet
  facet normal -0.849153 -0.528147 0
    outer loop
      vertex 30.0814 22.639 8
      vertex 30.2456 22.375 4.5
      vertex 30.2456 22.375 8
    endloop
  endfacet
  facet normal 0.973863 -0.227138 0
    outer loop
      vertex 21.4732 20.9267 8
      vertex 21.5438 21.2294 4.5
      vertex 21.5438 21.2294 8
    endloop
  endfacet
  facet normal 0.973863 -0.227138 0
    outer loop
      vertex 21.5438 21.2294 4.5
      vertex 21.4732 20.9267 8
      vertex 21.4732 20.9267 4.5
    endloop
  endfacet
  facet normal 0.032822 -0.999461 0
    outer loop
      vertex 25.8213 24.7398 4.5
      vertex 26.1319 24.75 8
      vertex 25.8213 24.7398 8
    endloop
  endfacet
  facet normal 0.032822 -0.999461 0
    outer loop
      vertex 26.1319 24.75 8
      vertex 25.8213 24.7398 4.5
      vertex 26.1319 24.75 4.5
    endloop
  endfacet
  facet normal -0.881934 -0.471373 0
    outer loop
      vertex 30.3921 22.1009 4.5
      vertex 30.2456 22.375 8
      vertex 30.2456 22.375 4.5
    endloop
  endfacet
  facet normal -0.881934 -0.471373 0
    outer loop
      vertex 30.2456 22.375 8
      vertex 30.3921 22.1009 4.5
      vertex 30.3921 22.1009 8
    endloop
  endfacet
  facet normal -0.0328114 0.999462 0
    outer loop
      vertex 26.4426 15.2602 4.5
      vertex 26.1319 15.25 8
      vertex 26.4426 15.2602 8
    endloop
  endfacet
  facet normal -0.0328114 0.999462 0
    outer loop
      vertex 26.1319 15.25 8
      vertex 26.4426 15.2602 4.5
      vertex 26.1319 15.25 4.5
    endloop
  endfacet
  facet normal 0.910883 -0.412664 0
    outer loop
      vertex 21.7435 21.8177 8
      vertex 21.8718 22.1009 4.5
      vertex 21.8718 22.1009 8
    endloop
  endfacet
  facet normal 0.910883 -0.412664 0
    outer loop
      vertex 21.8718 22.1009 4.5
      vertex 21.7435 21.8177 8
      vertex 21.7435 21.8177 4.5
    endloop
  endfacet
  facet normal 0.935892 0.352287 0
    outer loop
      vertex 21.7435 18.1823 8
      vertex 21.634 18.4732 4.5
      vertex 21.634 18.4732 8
    endloop
  endfacet
  facet normal 0.935892 0.352287 0
    outer loop
      vertex 21.634 18.4732 4.5
      vertex 21.7435 18.1823 8
      vertex 21.7435 18.1823 4.5
    endloop
  endfacet
  facet normal 0 0 1
    outer loop
      vertex 28.8819 20 4.5
      vertex 30.8819 20 4.5
      vertex 30.8718 20.3107 4.5
    endloop
  endfacet
  facet normal 0 0 1
    outer loop
      vertex 28.8761 20.1799 4.5
      vertex 30.8718 20.3107 4.5
      vertex 30.8413 20.62 4.5
    endloop
  endfacet
  facet normal 0 0 1
    outer loop
      vertex 30.8819 20 4.5
      vertex 28.8819 20 4.5
      vertex 30.8718 19.6893 4.5
    endloop
  endfacet
  facet normal 0 0 1
    outer loop
      vertex 28.8584 20.3589 4.5
      vertex 30.8413 20.62 4.5
      vertex 30.7907 20.9267 4.5
    endloop
  endfacet
  facet normal -0 0 1
    outer loop
      vertex 28.8761 19.8201 4.5
      vertex 30.8718 19.6893 4.5
      vertex 28.8819 20 4.5
    endloop
  endfacet
  facet normal 0 0 1
    outer loop
      vertex 28.8291 20.5365 4.5
      vertex 30.7907 20.9267 4.5
      vertex 30.7201 21.2294 4.5
    endloop
  endfacet
  facet normal 0 0 1
    outer loop
      vertex 30.8718 19.6893 4.5
      vertex 28.8761 19.8201 4.5
      vertex 30.8413 19.38 4.5
    endloop
  endfacet
  facet normal 0 0 1
    outer loop
      vertex 28.7882 20.7118 4.5
      vertex 30.7201 21.2294 4.5
      vertex 30.6299 21.5268 4.5
    endloop
  endfacet
  facet normal -0 0 1
    outer loop
      vertex 28.8584 19.6411 4.5
      vertex 30.8413 19.38 4.5
      vertex 28.8761 19.8201 4.5
    endloop
  endfacet
  facet normal 0 0 1
    outer loop
      vertex 28.736 20.884 4.5
      vertex 30.6299 21.5268 4.5
      vertex 30.5204 21.8177 4.5
    endloop
  endfacet
  facet normal 0 0 1
    outer loop
      vertex 30.8413 19.38 4.5
      vertex 28.8584 19.6411 4.5
      vertex 30.7907 19.0733 4.5
    endloop
  endfacet
  facet normal 0 0 1
    outer loop
      vertex 28.6726 21.0524 4.5
      vertex 30.5204 21.8177 4.5
      vertex 30.3921 22.1009 4.5
    endloop
  endfacet
  facet normal -0 0 1
    outer loop
      vertex 28.8291 19.4635 4.5
      vertex 30.7907 19.0733 4.5
      vertex 28.8584 19.6411 4.5
    endloop
  endfacet
  facet normal 0 0 1
    outer loop
      vertex 28.5983 21.2163 4.5
      vertex 30.3921 22.1009 4.5
      vertex 30.2456 22.375 4.5
    endloop
  endfacet
  facet normal 0 0 1
    outer loop
      vertex 30.7907 19.0733 4.5
      vertex 28.8291 19.4635 4.5
      vertex 30.7201 18.7706 4.5
    endloop
  endfacet
  facet normal 0 0 1
    outer loop
      vertex 28.5135 21.375 4.5
      vertex 30.2456 22.375 4.5
      vertex 30.0814 22.639 4.5
    endloop
  endfacet
  facet normal -0 0 1
    outer loop
      vertex 28.7882 19.2882 4.5
      vertex 30.7201 18.7706 4.5
      vertex 28.8291 19.4635 4.5
    endloop
  endfacet
  facet normal 0 0 1
    outer loop
      vertex 28.4185 21.5278 4.5
      vertex 30.0814 22.639 4.5
      vertex 29.9004 22.8916 4.5
    endloop
  endfacet
  facet normal 0 0 1
    outer loop
      vertex 30.7201 18.7706 4.5
      vertex 28.7882 19.2882 4.5
      vertex 30.6299 18.4732 4.5
    endloop
  endfacet
  facet normal 0 0 1
    outer loop
      vertex 28.3137 21.6741 4.5
      vertex 29.9004 22.8916 4.5
      vertex 29.7032 23.1319 4.5
    endloop
  endfacet
  facet normal -0 0 1
    outer loop
      vertex 28.736 19.116 4.5
      vertex 30.6299 18.4732 4.5
      vertex 28.7882 19.2882 4.5
    endloop
  endfacet
  facet normal 0 0 1
    outer loop
      vertex 28.1995 21.8132 4.5
      vertex 29.7032 23.1319 4.5
      vertex 29.4907 23.3588 4.5
    endloop
  endfacet
  facet normal 0 0 1
    outer loop
      vertex 30.6299 18.4732 4.5
      vertex 28.736 19.116 4.5
      vertex 30.5204 18.1823 4.5
    endloop
  endfacet
  facet normal 0 0 1
    outer loop
      vertex 28.0765 21.9445 4.5
      vertex 29.4907 23.3588 4.5
      vertex 29.2638 23.5712 4.5
    endloop
  endfacet
  facet normal -0 0 1
    outer loop
      vertex 28.6726 18.9476 4.5
      vertex 30.5204 18.1823 4.5
      vertex 28.736 19.116 4.5
    endloop
  endfacet
  facet normal 0 0 1
    outer loop
      vertex 27.9451 22.0676 4.5
      vertex 29.2638 23.5712 4.5
      vertex 29.0236 23.7684 4.5
    endloop
  endfacet
  facet normal 0 0 1
    outer loop
      vertex 30.5204 18.1823 4.5
      vertex 28.6726 18.9476 4.5
      vertex 30.3921 17.8991 4.5
    endloop
  endfacet
  facet normal -0 0 1
    outer loop
      vertex 28.5983 18.7837 4.5
      vertex 30.3921 17.8991 4.5
      vertex 28.6726 18.9476 4.5
    endloop
  endfacet
  facet normal 0 0 1
    outer loop
      vertex 30.8718 20.3107 4.5
      vertex 28.8761 20.1799 4.5
      vertex 28.8819 20 4.5
    endloop
  endfacet
  facet normal 0 0 1
    outer loop
      vertex 30.8413 20.62 4.5
      vertex 28.8584 20.3589 4.5
      vertex 28.8761 20.1799 4.5
    endloop
  endfacet
  facet normal 0 0 1
    outer loop
      vertex 30.7907 20.9267 4.5
      vertex 28.8291 20.5365 4.5
      vertex 28.8584 20.3589 4.5
    endloop
  endfacet
  facet normal 0 0 1
    outer loop
      vertex 30.7201 21.2294 4.5
      vertex 28.7882 20.7118 4.5
      vertex 28.8291 20.5365 4.5
    endloop
  endfacet
  facet normal 0 0 1
    outer loop
      vertex 27.806 22.1817 4.5
      vertex 29.0236 23.7684 4.5
      vertex 28.7709 23.9495 4.5
    endloop
  endfacet
  facet normal 0 0 1
    outer loop
      vertex 30.6299 21.5268 4.5
      vertex 28.736 20.884 4.5
      vertex 28.7882 20.7118 4.5
    endloop
  endfacet
  facet normal 0 0 1
    outer loop
      vertex 30.5204 21.8177 4.5
      vertex 28.6726 21.0524 4.5
      vertex 28.736 20.884 4.5
    endloop
  endfacet
  facet normal 0 0 1
    outer loop
      vertex 30.3921 22.1009 4.5
      vertex 28.5983 21.2163 4.5
      vertex 28.6726 21.0524 4.5
    endloop
  endfacet
  facet normal 0 0 1
    outer loop
      vertex 30.2456 22.375 4.5
      vertex 28.5135 21.375 4.5
      vertex 28.5983 21.2163 4.5
    endloop
  endfacet
  facet normal 0 0 1
    outer loop
      vertex 27.6598 22.2865 4.5
      vertex 28.7709 23.9495 4.5
      vertex 28.5069 24.1136 4.5
    endloop
  endfacet
  facet normal 0 0 1
    outer loop
      vertex 30.0814 22.639 4.5
      vertex 28.4185 21.5278 4.5
      vertex 28.5135 21.375 4.5
    endloop
  endfacet
  facet normal 0 0 1
    outer loop
      vertex 29.9004 22.8916 4.5
      vertex 28.3137 21.6741 4.5
      vertex 28.4185 21.5278 4.5
    endloop
  endfacet
  facet normal 0 0 1
    outer loop
      vertex 27.5069 22.3816 4.5
      vertex 28.5069 24.1136 4.5
      vertex 28.2328 24.2601 4.5
    endloop
  endfacet
  facet normal 0 0 1
    outer loop
      vertex 29.7032 23.1319 4.5
      vertex 28.1995 21.8132 4.5
      vertex 28.3137 21.6741 4.5
    endloop
  endfacet
  facet normal 0 0 1
    outer loop
      vertex 29.4907 23.3588 4.5
      vertex 28.0765 21.9445 4.5
      vertex 28.1995 21.8132 4.5
    endloop
  endfacet
  facet normal 0 0 1
    outer loop
      vertex 27.3482 22.4664 4.5
      vertex 28.2328 24.2601 4.5
      vertex 27.9497 24.3884 4.5
    endloop
  endfacet
  facet normal 0 0 1
    outer loop
      vertex 29.2638 23.5712 4.5
      vertex 27.9451 22.0676 4.5
      vertex 28.0765 21.9445 4.5
    endloop
  endfacet
  facet normal 0 0 1
    outer loop
      vertex 29.0236 23.7684 4.5
      vertex 27.806 22.1817 4.5
      vertex 27.9451 22.0676 4.5
    endloop
  endfacet
  facet normal 0 0 1
    outer loop
      vertex 28.7709 23.9495 4.5
      vertex 27.6598 22.2865 4.5
      vertex 27.806 22.1817 4.5
    endloop
  endfacet
  facet normal 0 0 1
    outer loop
      vertex 27.1843 22.5407 4.5
      vertex 27.9497 24.3884 4.5
      vertex 27.6588 24.4979 4.5
    endloop
  endfacet
  facet normal 0 0 1
    outer loop
      vertex 28.5069 24.1136 4.5
      vertex 27.5069 22.3816 4.5
      vertex 27.6598 22.2865 4.5
    endloop
  endfacet
  facet normal 0 0 1
    outer loop
      vertex 27.0159 22.6041 4.5
      vertex 27.6588 24.4979 4.5
      vertex 27.3613 24.5881 4.5
    endloop
  endfacet
  facet normal 0 0 1
    outer loop
      vertex 28.2328 24.2601 4.5
      vertex 27.3482 22.4664 4.5
      vertex 27.5069 22.3816 4.5
    endloop
  endfacet
  facet normal 0 0 1
    outer loop
      vertex 27.9497 24.3884 4.5
      vertex 27.1843 22.5407 4.5
      vertex 27.3482 22.4664 4.5
    endloop
  endfacet
  facet normal 0 0 1
    outer loop
      vertex 26.8437 22.6563 4.5
      vertex 27.3613 24.5881 4.5
      vertex 27.0586 24.6587 4.5
    endloop
  endfacet
  facet normal 0 0 1
    outer loop
      vertex 27.6588 24.4979 4.5
      vertex 27.0159 22.6041 4.5
      vertex 27.1843 22.5407 4.5
    endloop
  endfacet
  facet normal 0 0 1
    outer loop
      vertex 27.3613 24.5881 4.5
      vertex 26.8437 22.6563 4.5
      vertex 27.0159 22.6041 4.5
    endloop
  endfacet
  facet normal 0 0 1
    outer loop
      vertex 26.6684 22.6972 4.5
      vertex 27.0586 24.6587 4.5
      vertex 26.7519 24.7094 4.5
    endloop
  endfacet
  facet normal 0 0 1
    outer loop
      vertex 27.0586 24.6587 4.5
      vertex 26.6684 22.6972 4.5
      vertex 26.8437 22.6563 4.5
    endloop
  endfacet
  facet normal 0 0 1
    outer loop
      vertex 26.7519 24.7094 4.5
      vertex 26.4909 22.7265 4.5
      vertex 26.6684 22.6972 4.5
    endloop
  endfacet
  facet normal 0 0 1
    outer loop
      vertex 26.4426 24.7398 4.5
      vertex 26.4909 22.7265 4.5
      vertex 26.7519 24.7094 4.5
    endloop
  endfacet
  facet normal 0 0 1
    outer loop
      vertex 26.4426 24.7398 4.5
      vertex 26.3118 22.7441 4.5
      vertex 26.4909 22.7265 4.5
    endloop
  endfacet
  facet normal 0 0 1
    outer loop
      vertex 26.1319 24.75 4.5
      vertex 26.3118 22.7441 4.5
      vertex 26.4426 24.7398 4.5
    endloop
  endfacet
  facet normal 0 0 1
    outer loop
      vertex 26.1319 24.75 4.5
      vertex 26.1319 22.75 4.5
      vertex 26.3118 22.7441 4.5
    endloop
  endfacet
  facet normal 0 0 1
    outer loop
      vertex 26.1319 24.75 4.5
      vertex 25.9521 22.7441 4.5
      vertex 26.1319 22.75 4.5
    endloop
  endfacet
  facet normal -0 0 1
    outer loop
      vertex 25.8213 24.7398 4.5
      vertex 25.9521 22.7441 4.5
      vertex 26.1319 24.75 4.5
    endloop
  endfacet
  facet normal 0 0 1
    outer loop
      vertex 25.8213 24.7398 4.5
      vertex 25.773 22.7265 4.5
      vertex 25.9521 22.7441 4.5
    endloop
  endfacet
  facet normal -0 0 1
    outer loop
      vertex 25.5119 24.7094 4.5
      vertex 25.773 22.7265 4.5
      vertex 25.8213 24.7398 4.5
    endloop
  endfacet
  facet normal 0 0 1
    outer loop
      vertex 25.773 22.7265 4.5
      vertex 25.5119 24.7094 4.5
      vertex 25.5954 22.6972 4.5
    endloop
  endfacet
  facet normal -0 0 1
    outer loop
      vertex 25.2053 24.6587 4.5
      vertex 25.5954 22.6972 4.5
      vertex 25.5119 24.7094 4.5
    endloop
  endfacet
  facet normal 0 0 1
    outer loop
      vertex 25.5954 22.6972 4.5
      vertex 25.2053 24.6587 4.5
      vertex 25.4202 22.6563 4.5
    endloop
  endfacet
  facet normal -0 0 1
    outer loop
      vertex 24.9025 24.5881 4.5
      vertex 25.4202 22.6563 4.5
      vertex 25.2053 24.6587 4.5
    endloop
  endfacet
  facet normal 0 0 1
    outer loop
      vertex 25.4202 22.6563 4.5
      vertex 24.9025 24.5881 4.5
      vertex 25.248 22.6041 4.5
    endloop
  endfacet
  facet normal -0 0 1
    outer loop
      vertex 24.6051 24.4979 4.5
      vertex 25.248 22.6041 4.5
      vertex 24.9025 24.5881 4.5
    endloop
  endfacet
  facet normal 0 0 1
    outer loop
      vertex 25.248 22.6041 4.5
      vertex 24.6051 24.4979 4.5
      vertex 25.0796 22.5407 4.5
    endloop
  endfacet
  facet normal -0 0 1
    outer loop
      vertex 24.3142 24.3884 4.5
      vertex 25.0796 22.5407 4.5
      vertex 24.6051 24.4979 4.5
    endloop
  endfacet
  facet normal 0 0 1
    outer loop
      vertex 25.0796 22.5407 4.5
      vertex 24.3142 24.3884 4.5
      vertex 24.9156 22.4664 4.5
    endloop
  endfacet
  facet normal -0 0 1
    outer loop
      vertex 24.0311 24.2601 4.5
      vertex 24.9156 22.4664 4.5
      vertex 24.3142 24.3884 4.5
    endloop
  endfacet
  facet normal 0 0 1
    outer loop
      vertex 24.9156 22.4664 4.5
      vertex 24.0311 24.2601 4.5
      vertex 24.7569 22.3816 4.5
    endloop
  endfacet
  facet normal -0 0 1
    outer loop
      vertex 23.7569 24.1136 4.5
      vertex 24.7569 22.3816 4.5
      vertex 24.0311 24.2601 4.5
    endloop
  endfacet
  facet normal 0 0 1
    outer loop
      vertex 24.7569 22.3816 4.5
      vertex 23.7569 24.1136 4.5
      vertex 24.6041 22.2865 4.5
    endloop
  endfacet
  facet normal -0 0 1
    outer loop
      vertex 23.493 23.9495 4.5
      vertex 24.6041 22.2865 4.5
      vertex 23.7569 24.1136 4.5
    endloop
  endfacet
  facet normal 0 0 1
    outer loop
      vertex 24.6041 22.2865 4.5
      vertex 23.493 23.9495 4.5
      vertex 24.4578 22.1817 4.5
    endloop
  endfacet
  facet normal -0 0 1
    outer loop
      vertex 23.2403 23.7684 4.5
      vertex 24.4578 22.1817 4.5
      vertex 23.493 23.9495 4.5
    endloop
  endfacet
  facet normal 0 0 1
    outer loop
      vertex 24.4578 22.1817 4.5
      vertex 23.2403 23.7684 4.5
      vertex 24.3187 22.0676 4.5
    endloop
  endfacet
  facet normal -0 0 1
    outer loop
      vertex 23 23.5712 4.5
      vertex 24.3187 22.0676 4.5
      vertex 23.2403 23.7684 4.5
    endloop
  endfacet
  facet normal 0 0 1
    outer loop
      vertex 24.3187 22.0676 4.5
      vertex 23 23.5712 4.5
      vertex 24.1874 21.9445 4.5
    endloop
  endfacet
  facet normal -0 0 1
    outer loop
      vertex 22.7732 23.3588 4.5
      vertex 24.1874 21.9445 4.5
      vertex 23 23.5712 4.5
    endloop
  endfacet
  facet normal 0 0 1
    outer loop
      vertex 24.1874 21.9445 4.5
      vertex 22.7732 23.3588 4.5
      vertex 24.0644 21.8132 4.5
    endloop
  endfacet
  facet normal -0 0 1
    outer loop
      vertex 22.5607 23.1319 4.5
      vertex 24.0644 21.8132 4.5
      vertex 22.7732 23.3588 4.5
    endloop
  endfacet
  facet normal 0 0 1
    outer loop
      vertex 24.0644 21.8132 4.5
      vertex 22.5607 23.1319 4.5
      vertex 23.9502 21.6741 4.5
    endloop
  endfacet
  facet normal -0 0 1
    outer loop
      vertex 22.3635 22.8916 4.5
      vertex 23.9502 21.6741 4.5
      vertex 22.5607 23.1319 4.5
    endloop
  endfacet
  facet normal 0 0 1
    outer loop
      vertex 23.9502 21.6741 4.5
      vertex 22.3635 22.8916 4.5
      vertex 23.8454 21.5278 4.5
    endloop
  endfacet
  facet normal -0 0 1
    outer loop
      vertex 22.1825 22.639 4.5
      vertex 23.8454 21.5278 4.5
      vertex 22.3635 22.8916 4.5
    endloop
  endfacet
  facet normal 0 0 1
    outer loop
      vertex 23.8454 21.5278 4.5
      vertex 22.1825 22.639 4.5
      vertex 23.7504 21.375 4.5
    endloop
  endfacet
  facet normal -0 0 1
    outer loop
      vertex 22.0183 22.375 4.5
      vertex 23.7504 21.375 4.5
      vertex 22.1825 22.639 4.5
    endloop
  endfacet
  facet normal 0 0 1
    outer loop
      vertex 23.7504 21.375 4.5
      vertex 22.0183 22.375 4.5
      vertex 23.6655 21.2163 4.5
    endloop
  endfacet
  facet normal -0 0 1
    outer loop
      vertex 21.8718 22.1009 4.5
      vertex 23.6655 21.2163 4.5
      vertex 22.0183 22.375 4.5
    endloop
  endfacet
  facet normal 0 0 1
    outer loop
      vertex 30.3921 17.8991 4.5
      vertex 28.5983 18.7837 4.5
      vertex 30.2456 17.625 4.5
    endloop
  endfacet
  facet normal -0 0 1
    outer loop
      vertex 28.5135 18.625 4.5
      vertex 30.2456 17.625 4.5
      vertex 28.5983 18.7837 4.5
    endloop
  endfacet
  facet normal 0 0 1
    outer loop
      vertex 30.2456 17.625 4.5
      vertex 28.5135 18.625 4.5
      vertex 30.0814 17.361 4.5
    endloop
  endfacet
  facet normal -0 0 1
    outer loop
      vertex 28.4185 18.4722 4.5
      vertex 30.0814 17.361 4.5
      vertex 28.5135 18.625 4.5
    endloop
  endfacet
  facet normal 0 0 1
    outer loop
      vertex 30.0814 17.361 4.5
      vertex 28.4185 18.4722 4.5
      vertex 29.9004 17.1084 4.5
    endloop
  endfacet
  facet normal -0 0 1
    outer loop
      vertex 28.3137 18.3259 4.5
      vertex 29.9004 17.1084 4.5
      vertex 28.4185 18.4722 4.5
    endloop
  endfacet
  facet normal 0 0 1
    outer loop
      vertex 29.9004 17.1084 4.5
      vertex 28.3137 18.3259 4.5
      vertex 29.7032 16.8681 4.5
    endloop
  endfacet
  facet normal -0 0 1
    outer loop
      vertex 28.1995 18.1868 4.5
      vertex 29.7032 16.8681 4.5
      vertex 28.3137 18.3259 4.5
    endloop
  endfacet
  facet normal 0 0 1
    outer loop
      vertex 29.7032 16.8681 4.5
      vertex 28.1995 18.1868 4.5
      vertex 29.4907 16.6412 4.5
    endloop
  endfacet
  facet normal -0 0 1
    outer loop
      vertex 28.0765 18.0555 4.5
      vertex 29.4907 16.6412 4.5
      vertex 28.1995 18.1868 4.5
    endloop
  endfacet
  facet normal 0 0 1
    outer loop
      vertex 29.4907 16.6412 4.5
      vertex 28.0765 18.0555 4.5
      vertex 29.2638 16.4288 4.5
    endloop
  endfacet
  facet normal -0 0 1
    outer loop
      vertex 27.9451 17.9324 4.5
      vertex 29.2638 16.4288 4.5
      vertex 28.0765 18.0555 4.5
    endloop
  endfacet
  facet normal 0 0 1
    outer loop
      vertex 29.2638 16.4288 4.5
      vertex 27.9451 17.9324 4.5
      vertex 29.0236 16.2316 4.5
    endloop
  endfacet
  facet normal -0 0 1
    outer loop
      vertex 27.806 17.8183 4.5
      vertex 29.0236 16.2316 4.5
      vertex 27.9451 17.9324 4.5
    endloop
  endfacet
  facet normal 0 0 1
    outer loop
      vertex 29.0236 16.2316 4.5
      vertex 27.806 17.8183 4.5
      vertex 28.7709 16.0505 4.5
    endloop
  endfacet
  facet normal -0 0 1
    outer loop
      vertex 27.6598 17.7135 4.5
      vertex 28.7709 16.0505 4.5
      vertex 27.806 17.8183 4.5
    endloop
  endfacet
  facet normal 0 0 1
    outer loop
      vertex 28.7709 16.0505 4.5
      vertex 27.6598 17.7135 4.5
      vertex 28.5069 15.8864 4.5
    endloop
  endfacet
  facet normal -0 0 1
    outer loop
      vertex 27.5069 17.6184 4.5
      vertex 28.5069 15.8864 4.5
      vertex 27.6598 17.7135 4.5
    endloop
  endfacet
  facet normal 0 0 1
    outer loop
      vertex 28.5069 15.8864 4.5
      vertex 27.5069 17.6184 4.5
      vertex 28.2328 15.7399 4.5
    endloop
  endfacet
  facet normal -0 0 1
    outer loop
      vertex 27.3482 17.5336 4.5
      vertex 28.2328 15.7399 4.5
      vertex 27.5069 17.6184 4.5
    endloop
  endfacet
  facet normal 0 0 1
    outer loop
      vertex 28.2328 15.7399 4.5
      vertex 27.3482 17.5336 4.5
      vertex 27.9497 15.6116 4.5
    endloop
  endfacet
  facet normal -0 0 1
    outer loop
      vertex 27.1843 17.4593 4.5
      vertex 27.9497 15.6116 4.5
      vertex 27.3482 17.5336 4.5
    endloop
  endfacet
  facet normal 0 0 1
    outer loop
      vertex 27.9497 15.6116 4.5
      vertex 27.1843 17.4593 4.5
      vertex 27.6588 15.5021 4.5
    endloop
  endfacet
  facet normal -0 0 1
    outer loop
      vertex 27.0159 17.3959 4.5
      vertex 27.6588 15.5021 4.5
      vertex 27.1843 17.4593 4.5
    endloop
  endfacet
  facet normal 0 0 1
    outer loop
      vertex 27.6588 15.5021 4.5
      vertex 27.0159 17.3959 4.5
      vertex 27.3613 15.4119 4.5
    endloop
  endfacet
  facet normal -0 0 1
    outer loop
      vertex 26.8437 17.3437 4.5
      vertex 27.3613 15.4119 4.5
      vertex 27.0159 17.3959 4.5
    endloop
  endfacet
  facet normal 0 0 1
    outer loop
      vertex 27.3613 15.4119 4.5
      vertex 26.8437 17.3437 4.5
      vertex 27.0586 15.3413 4.5
    endloop
  endfacet
  facet normal -0 0 1
    outer loop
      vertex 26.6684 17.3028 4.5
      vertex 27.0586 15.3413 4.5
      vertex 26.8437 17.3437 4.5
    endloop
  endfacet
  facet normal 0 0 1
    outer loop
      vertex 27.0586 15.3413 4.5
      vertex 26.6684 17.3028 4.5
      vertex 26.7519 15.2906 4.5
    endloop
  endfacet
  facet normal -0 0 1
    outer loop
      vertex 26.4909 17.2735 4.5
      vertex 26.7519 15.2906 4.5
      vertex 26.6684 17.3028 4.5
    endloop
  endfacet
  facet normal 0 0 1
    outer loop
      vertex 26.4909 17.2735 4.5
      vertex 26.4426 15.2602 4.5
      vertex 26.7519 15.2906 4.5
    endloop
  endfacet
  facet normal -0 0 1
    outer loop
      vertex 26.3118 17.2559 4.5
      vertex 26.4426 15.2602 4.5
      vertex 26.4909 17.2735 4.5
    endloop
  endfacet
  facet normal -0 0 1
    outer loop
      vertex 26.1319 17.25 4.5
      vertex 26.4426 15.2602 4.5
      vertex 26.3118 17.2559 4.5
    endloop
  endfacet
  facet normal 0 0 1
    outer loop
      vertex 26.1319 17.25 4.5
      vertex 26.1319 15.25 4.5
      vertex 26.4426 15.2602 4.5
    endloop
  endfacet
  facet normal 0 0 1
    outer loop
      vertex 25.9521 17.2559 4.5
      vertex 26.1319 15.25 4.5
      vertex 26.1319 17.25 4.5
    endloop
  endfacet
  facet normal 0 0 1
    outer loop
      vertex 25.9521 17.2559 4.5
      vertex 25.8213 15.2602 4.5
      vertex 26.1319 15.25 4.5
    endloop
  endfacet
  facet normal 0 0 1
    outer loop
      vertex 25.773 17.2735 4.5
      vertex 25.8213 15.2602 4.5
      vertex 25.9521 17.2559 4.5
    endloop
  endfacet
  facet normal 0 0 1
    outer loop
      vertex 25.5119 15.2906 4.5
      vertex 25.773 17.2735 4.5
      vertex 25.5954 17.3028 4.5
    endloop
  endfacet
  facet normal 0 0 1
    outer loop
      vertex 25.773 17.2735 4.5
      vertex 25.5119 15.2906 4.5
      vertex 25.8213 15.2602 4.5
    endloop
  endfacet
  facet normal 0 0 1
    outer loop
      vertex 25.2053 15.3413 4.5
      vertex 25.5954 17.3028 4.5
      vertex 25.4202 17.3437 4.5
    endloop
  endfacet
  facet normal 0 0 1
    outer loop
      vertex 24.9025 15.4119 4.5
      vertex 25.4202 17.3437 4.5
      vertex 25.248 17.3959 4.5
    endloop
  endfacet
  facet normal 0 0 1
    outer loop
      vertex 25.5954 17.3028 4.5
      vertex 25.2053 15.3413 4.5
      vertex 25.5119 15.2906 4.5
    endloop
  endfacet
  facet normal 0 0 1
    outer loop
      vertex 24.6051 15.5021 4.5
      vertex 25.248 17.3959 4.5
      vertex 25.0796 17.4593 4.5
    endloop
  endfacet
  facet normal 0 0 1
    outer loop
      vertex 24.3142 15.6116 4.5
      vertex 25.0796 17.4593 4.5
      vertex 24.9156 17.5336 4.5
    endloop
  endfacet
  facet normal 0 0 1
    outer loop
      vertex 25.4202 17.3437 4.5
      vertex 24.9025 15.4119 4.5
      vertex 25.2053 15.3413 4.5
    endloop
  endfacet
  facet normal 0 0 1
    outer loop
      vertex 24.0311 15.7399 4.5
      vertex 24.9156 17.5336 4.5
      vertex 24.7569 17.6184 4.5
    endloop
  endfacet
  facet normal 0 0 1
    outer loop
      vertex 25.248 17.3959 4.5
      vertex 24.6051 15.5021 4.5
      vertex 24.9025 15.4119 4.5
    endloop
  endfacet
  facet normal 0 0 1
    outer loop
      vertex 23.7569 15.8864 4.5
      vertex 24.7569 17.6184 4.5
      vertex 24.6041 17.7135 4.5
    endloop
  endfacet
  facet normal 0 0 1
    outer loop
      vertex 23.493 16.0505 4.5
      vertex 24.6041 17.7135 4.5
      vertex 24.4578 17.8183 4.5
    endloop
  endfacet
  facet normal 0 0 1
    outer loop
      vertex 23.2403 16.2316 4.5
      vertex 24.4578 17.8183 4.5
      vertex 24.3187 17.9324 4.5
    endloop
  endfacet
  facet normal 0 0 1
    outer loop
      vertex 25.0796 17.4593 4.5
      vertex 24.3142 15.6116 4.5
      vertex 24.6051 15.5021 4.5
    endloop
  endfacet
  facet normal 0 0 1
    outer loop
      vertex 23 16.4288 4.5
      vertex 24.3187 17.9324 4.5
      vertex 24.1874 18.0555 4.5
    endloop
  endfacet
  facet normal 0 0 1
    outer loop
      vertex 22.7732 16.6412 4.5
      vertex 24.1874 18.0555 4.5
      vertex 24.0644 18.1868 4.5
    endloop
  endfacet
  facet normal 0 0 1
    outer loop
      vertex 24.9156 17.5336 4.5
      vertex 24.0311 15.7399 4.5
      vertex 24.3142 15.6116 4.5
    endloop
  endfacet
  facet normal 0 0 1
    outer loop
      vertex 22.5607 16.8681 4.5
      vertex 24.0644 18.1868 4.5
      vertex 23.9502 18.3259 4.5
    endloop
  endfacet
  facet normal 0 0 1
    outer loop
      vertex 22.3635 17.1084 4.5
      vertex 23.9502 18.3259 4.5
      vertex 23.8454 18.4722 4.5
    endloop
  endfacet
  facet normal 0 0 1
    outer loop
      vertex 24.7569 17.6184 4.5
      vertex 23.7569 15.8864 4.5
      vertex 24.0311 15.7399 4.5
    endloop
  endfacet
  facet normal 0 0 1
    outer loop
      vertex 22.1825 17.361 4.5
      vertex 23.8454 18.4722 4.5
      vertex 23.7504 18.625 4.5
    endloop
  endfacet
  facet normal 0 0 1
    outer loop
      vertex 22.0183 17.625 4.5
      vertex 23.7504 18.625 4.5
      vertex 23.6655 18.7837 4.5
    endloop
  endfacet
  facet normal 0 0 1
    outer loop
      vertex 21.8718 17.8991 4.5
      vertex 23.6655 18.7837 4.5
      vertex 23.5913 18.9476 4.5
    endloop
  endfacet
  facet normal 0 0 1
    outer loop
      vertex 21.7435 18.1823 4.5
      vertex 23.5913 18.9476 4.5
      vertex 23.5279 19.116 4.5
    endloop
  endfacet
  facet normal 0 0 1
    outer loop
      vertex 24.6041 17.7135 4.5
      vertex 23.493 16.0505 4.5
      vertex 23.7569 15.8864 4.5
    endloop
  endfacet
  facet normal 0 0 1
    outer loop
      vertex 21.634 18.4732 4.5
      vertex 23.5279 19.116 4.5
      vertex 23.4756 19.2882 4.5
    endloop
  endfacet
  facet normal 0 0 1
    outer loop
      vertex 21.5438 18.7706 4.5
      vertex 23.4756 19.2882 4.5
      vertex 23.4348 19.4635 4.5
    endloop
  endfacet
  facet normal 0 0 1
    outer loop
      vertex 21.4732 19.0733 4.5
      vertex 23.4348 19.4635 4.5
      vertex 23.4055 19.6411 4.5
    endloop
  endfacet
  facet normal 0 0 1
    outer loop
      vertex 21.4226 19.38 4.5
      vertex 23.4055 19.6411 4.5
      vertex 23.3878 19.8201 4.5
    endloop
  endfacet
  facet normal 0 0 1
    outer loop
      vertex 21.3921 19.6893 4.5
      vertex 23.3878 19.8201 4.5
      vertex 23.3819 20 4.5
    endloop
  endfacet
  facet normal 0 0 1
    outer loop
      vertex 23.6655 21.2163 4.5
      vertex 21.8718 22.1009 4.5
      vertex 23.5913 21.0524 4.5
    endloop
  endfacet
  facet normal 0 0 1
    outer loop
      vertex 24.4578 17.8183 4.5
      vertex 23.2403 16.2316 4.5
      vertex 23.493 16.0505 4.5
    endloop
  endfacet
  facet normal -0 0 1
    outer loop
      vertex 21.7435 21.8177 4.5
      vertex 23.5913 21.0524 4.5
      vertex 21.8718 22.1009 4.5
    endloop
  endfacet
  facet normal 0 0 1
    outer loop
      vertex 24.3187 17.9324 4.5
      vertex 23 16.4288 4.5
      vertex 23.2403 16.2316 4.5
    endloop
  endfacet
  facet normal 0 0 1
    outer loop
      vertex 23.5913 21.0524 4.5
      vertex 21.7435 21.8177 4.5
      vertex 23.5279 20.884 4.5
    endloop
  endfacet
  facet normal 0 0 1
    outer loop
      vertex 24.1874 18.0555 4.5
      vertex 22.7732 16.6412 4.5
      vertex 23 16.4288 4.5
    endloop
  endfacet
  facet normal -0 0 1
    outer loop
      vertex 21.634 21.5268 4.5
      vertex 23.5279 20.884 4.5
      vertex 21.7435 21.8177 4.5
    endloop
  endfacet
  facet normal 0 0 1
    outer loop
      vertex 24.0644 18.1868 4.5
      vertex 22.5607 16.8681 4.5
      vertex 22.7732 16.6412 4.5
    endloop
  endfacet
  facet normal 0 0 1
    outer loop
      vertex 23.5279 20.884 4.5
      vertex 21.634 21.5268 4.5
      vertex 23.4756 20.7118 4.5
    endloop
  endfacet
  facet normal 0 0 1
    outer loop
      vertex 23.9502 18.3259 4.5
      vertex 22.3635 17.1084 4.5
      vertex 22.5607 16.8681 4.5
    endloop
  endfacet
  facet normal -0 0 1
    outer loop
      vertex 21.5438 21.2294 4.5
      vertex 23.4756 20.7118 4.5
      vertex 21.634 21.5268 4.5
    endloop
  endfacet
  facet normal 0 0 1
    outer loop
      vertex 23.8454 18.4722 4.5
      vertex 22.1825 17.361 4.5
      vertex 22.3635 17.1084 4.5
    endloop
  endfacet
  facet normal 0 0 1
    outer loop
      vertex 23.4756 20.7118 4.5
      vertex 21.5438 21.2294 4.5
      vertex 23.4348 20.5365 4.5
    endloop
  endfacet
  facet normal 0 0 1
    outer loop
      vertex 23.7504 18.625 4.5
      vertex 22.0183 17.625 4.5
      vertex 22.1825 17.361 4.5
    endloop
  endfacet
  facet normal -0 0 1
    outer loop
      vertex 21.4732 20.9267 4.5
      vertex 23.4348 20.5365 4.5
      vertex 21.5438 21.2294 4.5
    endloop
  endfacet
  facet normal 0 0 1
    outer loop
      vertex 23.6655 18.7837 4.5
      vertex 21.8718 17.8991 4.5
      vertex 22.0183 17.625 4.5
    endloop
  endfacet
  facet normal 0 0 1
    outer loop
      vertex 23.4348 20.5365 4.5
      vertex 21.4732 20.9267 4.5
      vertex 23.4055 20.3589 4.5
    endloop
  endfacet
  facet normal 0 0 1
    outer loop
      vertex 23.5913 18.9476 4.5
      vertex 21.7435 18.1823 4.5
      vertex 21.8718 17.8991 4.5
    endloop
  endfacet
  facet normal -0 0 1
    outer loop
      vertex 21.4226 20.62 4.5
      vertex 23.4055 20.3589 4.5
      vertex 21.4732 20.9267 4.5
    endloop
  endfacet
  facet normal 0 0 1
    outer loop
      vertex 23.5279 19.116 4.5
      vertex 21.634 18.4732 4.5
      vertex 21.7435 18.1823 4.5
    endloop
  endfacet
  facet normal 0 0 1
    outer loop
      vertex 23.4055 20.3589 4.5
      vertex 21.4226 20.62 4.5
      vertex 23.3878 20.1799 4.5
    endloop
  endfacet
  facet normal 0 0 1
    outer loop
      vertex 23.4756 19.2882 4.5
      vertex 21.5438 18.7706 4.5
      vertex 21.634 18.4732 4.5
    endloop
  endfacet
  facet normal -0 0 1
    outer loop
      vertex 21.3921 20.3107 4.5
      vertex 23.3878 20.1799 4.5
      vertex 21.4226 20.62 4.5
    endloop
  endfacet
  facet normal 0 0 1
    outer loop
      vertex 23.4348 19.4635 4.5
      vertex 21.4732 19.0733 4.5
      vertex 21.5438 18.7706 4.5
    endloop
  endfacet
  facet normal 0 0 1
    outer loop
      vertex 23.3878 20.1799 4.5
      vertex 21.3921 20.3107 4.5
      vertex 23.3819 20 4.5
    endloop
  endfacet
  facet normal 0 0 1
    outer loop
      vertex 23.4055 19.6411 4.5
      vertex 21.4226 19.38 4.5
      vertex 21.4732 19.0733 4.5
    endloop
  endfacet
  facet normal 0 0 1
    outer loop
      vertex 21.3819 20 4.5
      vertex 23.3819 20 4.5
      vertex 21.3921 20.3107 4.5
    endloop
  endfacet
  facet normal 0 0 1
    outer loop
      vertex 23.3878 19.8201 4.5
      vertex 21.3921 19.6893 4.5
      vertex 21.4226 19.38 4.5
    endloop
  endfacet
  facet normal 0 0 1
    outer loop
      vertex 23.3819 20 4.5
      vertex 21.3819 20 4.5
      vertex 21.3921 19.6893 4.5
    endloop
  endfacet
  facet normal -0.773025 0.634376 0
    outer loop
      vertex 29.7032 16.8681 4.5
      vertex 29.9004 17.1084 8
      vertex 29.9004 17.1084 4.5
    endloop
  endfacet
  facet normal -0.773025 0.634376 0
    outer loop
      vertex 29.9004 17.1084 8
      vertex 29.7032 16.8681 4.5
      vertex 29.7032 16.8681 8
    endloop
  endfacet
  facet normal 0.0977838 -0.995208 0
    outer loop
      vertex 25.5119 24.7094 4.5
      vertex 25.8213 24.7398 8
      vertex 25.5119 24.7094 8
    endloop
  endfacet
  facet normal 0.0977838 -0.995208 0
    outer loop
      vertex 25.8213 24.7398 8
      vertex 25.5119 24.7094 4.5
      vertex 25.8213 24.7398 4.5
    endloop
  endfacet
  facet normal -0.729888 -0.683567 0
    outer loop
      vertex 29.7032 23.1319 4.5
      vertex 29.4907 23.3588 8
      vertex 29.4907 23.3588 4.5
    endloop
  endfacet
  facet normal -0.729888 -0.683567 0
    outer loop
      vertex 29.4907 23.3588 8
      vertex 29.7032 23.1319 4.5
      vertex 29.7032 23.1319 8
    endloop
  endfacet
  facet normal 0.773025 0.634376 0
    outer loop
      vertex 22.5607 16.8681 8
      vertex 22.3635 17.1084 4.5
      vertex 22.3635 17.1084 8
    endloop
  endfacet
  facet normal 0.773025 0.634376 0
    outer loop
      vertex 22.3635 17.1084 4.5
      vertex 22.5607 16.8681 8
      vertex 22.5607 16.8681 4.5
    endloop
  endfacet
  facet normal -0.812863 0.582455 0
    outer loop
      vertex 29.9004 17.1084 4.5
      vertex 30.0814 17.361 8
      vertex 30.0814 17.361 4.5
    endloop
  endfacet
  facet normal -0.812863 0.582455 0
    outer loop
      vertex 30.0814 17.361 8
      vertex 29.9004 17.1084 4.5
      vertex 29.9004 17.1084 8
    endloop
  endfacet
  facet normal -0.910883 0.412664 0
    outer loop
      vertex 30.3921 17.8991 4.5
      vertex 30.5204 18.1823 8
      vertex 30.5204 18.1823 4.5
    endloop
  endfacet
  facet normal -0.910883 0.412664 0
    outer loop
      vertex 30.5204 18.1823 8
      vertex 30.3921 17.8991 4.5
      vertex 30.3921 17.8991 8
    endloop
  endfacet
  facet normal -0.582515 0.81282 0
    outer loop
      vertex 29.0236 16.2316 4.5
      vertex 28.7709 16.0505 8
      vertex 29.0236 16.2316 8
    endloop
  endfacet
  facet normal -0.582515 0.81282 0
    outer loop
      vertex 28.7709 16.0505 8
      vertex 29.0236 16.2316 4.5
      vertex 28.7709 16.0505 4.5
    endloop
  endfacet
  facet normal -0.412785 0.910829 0
    outer loop
      vertex 28.2328 15.7399 4.5
      vertex 27.9497 15.6116 8
      vertex 28.2328 15.7399 8
    endloop
  endfacet
  facet normal -0.412785 0.910829 0
    outer loop
      vertex 27.9497 15.6116 8
      vertex 28.2328 15.7399 4.5
      vertex 27.9497 15.6116 4.5
    endloop
  endfacet
  facet normal -0.634534 0.772895 0
    outer loop
      vertex 29.2638 16.4288 4.5
      vertex 29.0236 16.2316 8
      vertex 29.2638 16.4288 8
    endloop
  endfacet
  facet normal -0.634534 0.772895 0
    outer loop
      vertex 29.0236 16.2316 8
      vertex 29.2638 16.4288 4.5
      vertex 29.0236 16.2316 4.5
    endloop
  endfacet
  facet normal 0.995173 0.0981338 0
    outer loop
      vertex 21.4226 19.38 8
      vertex 21.3921 19.6893 4.5
      vertex 21.3921 19.6893 8
    endloop
  endfacet
  facet normal 0.995173 0.0981338 0
    outer loop
      vertex 21.3921 19.6893 4.5
      vertex 21.4226 19.38 8
      vertex 21.4226 19.38 4.5
    endloop
  endfacet
  facet normal -0.527915 0.849297 0
    outer loop
      vertex 28.7709 16.0505 4.5
      vertex 28.5069 15.8864 8
      vertex 28.7709 16.0505 8
    endloop
  endfacet
  facet normal -0.527915 0.849297 0
    outer loop
      vertex 28.5069 15.8864 8
      vertex 28.7709 16.0505 4.5
      vertex 28.5069 15.8864 4.5
    endloop
  endfacet
  facet normal -0.0328114 -0.999462 0
    outer loop
      vertex 26.1319 24.75 4.5
      vertex 26.4426 24.7398 8
      vertex 26.1319 24.75 8
    endloop
  endfacet
  facet normal -0.0328114 -0.999462 -0
    outer loop
      vertex 26.4426 24.7398 8
      vertex 26.1319 24.75 4.5
      vertex 26.4426 24.7398 4.5
    endloop
  endfacet
  facet normal 0.956954 -0.29024 0
    outer loop
      vertex 21.5438 21.2294 8
      vertex 21.634 21.5268 4.5
      vertex 21.634 21.5268 8
    endloop
  endfacet
  facet normal 0.956954 -0.29024 0
    outer loop
      vertex 21.634 21.5268 4.5
      vertex 21.5438 21.2294 8
      vertex 21.5438 21.2294 4.5
    endloop
  endfacet
  facet normal -0.935892 0.352287 0
    outer loop
      vertex 30.5204 18.1823 4.5
      vertex 30.6299 18.4732 8
      vertex 30.6299 18.4732 4.5
    endloop
  endfacet
  facet normal -0.935892 0.352287 0
    outer loop
      vertex 30.6299 18.4732 8
      vertex 30.5204 18.1823 4.5
      vertex 30.5204 18.1823 8
    endloop
  endfacet
  facet normal -0.973863 0.227138 0
    outer loop
      vertex 30.7201 18.7706 4.5
      vertex 30.7907 19.0733 8
      vertex 30.7907 19.0733 4.5
    endloop
  endfacet
  facet normal -0.973863 0.227138 0
    outer loop
      vertex 30.7907 19.0733 8
      vertex 30.7201 18.7706 4.5
      vertex 30.7201 18.7706 8
    endloop
  endfacet
  facet normal -0.163095 -0.98661 0
    outer loop
      vertex 26.7519 24.7094 4.5
      vertex 27.0586 24.6587 8
      vertex 26.7519 24.7094 8
    endloop
  endfacet
  facet normal -0.163095 -0.98661 -0
    outer loop
      vertex 27.0586 24.6587 8
      vertex 26.7519 24.7094 4.5
      vertex 27.0586 24.6587 4.5
    endloop
  endfacet
  facet normal 0.634376 0.773025 -0
    outer loop
      vertex 23.2403 16.2316 4.5
      vertex 23 16.4288 8
      vertex 23.2403 16.2316 8
    endloop
  endfacet
  facet normal 0.634376 0.773025 0
    outer loop
      vertex 23 16.4288 8
      vertex 23.2403 16.2316 4.5
      vertex 23 16.4288 4.5
    endloop
  endfacet
  facet normal -0.729888 0.683567 0
    outer loop
      vertex 29.4907 16.6412 4.5
      vertex 29.7032 16.8681 8
      vertex 29.7032 16.8681 4.5
    endloop
  endfacet
  facet normal -0.729888 0.683567 0
    outer loop
      vertex 29.7032 16.8681 8
      vertex 29.4907 16.6412 4.5
      vertex 29.4907 16.6412 8
    endloop
  endfacet
  facet normal -0.973863 -0.227138 0
    outer loop
      vertex 30.7907 20.9267 4.5
      vertex 30.7201 21.2294 8
      vertex 30.7201 21.2294 4.5
    endloop
  endfacet
  facet normal -0.973863 -0.227138 0
    outer loop
      vertex 30.7201 21.2294 8
      vertex 30.7907 20.9267 4.5
      vertex 30.7907 20.9267 8
    endloop
  endfacet
  facet normal 0.582515 0.81282 -0
    outer loop
      vertex 23.493 16.0505 4.5
      vertex 23.2403 16.2316 8
      vertex 23.493 16.0505 8
    endloop
  endfacet
  facet normal 0.582515 0.81282 0
    outer loop
      vertex 23.2403 16.2316 8
      vertex 23.493 16.0505 4.5
      vertex 23.2403 16.2316 4.5
    endloop
  endfacet
  facet normal 0.471239 -0.882005 0
    outer loop
      vertex 23.7569 24.1136 4.5
      vertex 24.0311 24.2601 8
      vertex 23.7569 24.1136 8
    endloop
  endfacet
  facet normal 0.471239 -0.882005 0
    outer loop
      vertex 24.0311 24.2601 8
      vertex 23.7569 24.1136 4.5
      vertex 24.0311 24.2601 4.5
    endloop
  endfacet
  facet normal -0.412785 -0.910829 0
    outer loop
      vertex 27.9497 24.3884 4.5
      vertex 28.2328 24.2601 8
      vertex 27.9497 24.3884 8
    endloop
  endfacet
  facet normal -0.412785 -0.910829 -0
    outer loop
      vertex 28.2328 24.2601 8
      vertex 27.9497 24.3884 4.5
      vertex 28.2328 24.2601 4.5
    endloop
  endfacet
  facet normal 0.163146 -0.986602 0
    outer loop
      vertex 25.2053 24.6587 4.5
      vertex 25.5119 24.7094 8
      vertex 25.2053 24.6587 8
    endloop
  endfacet
  facet normal 0.163146 -0.986602 0
    outer loop
      vertex 25.5119 24.7094 8
      vertex 25.2053 24.6587 4.5
      vertex 25.5119 24.7094 4.5
    endloop
  endfacet
  facet normal 0.163146 0.986602 -0
    outer loop
      vertex 25.5119 15.2906 4.5
      vertex 25.2053 15.3413 8
      vertex 25.5119 15.2906 8
    endloop
  endfacet
  facet normal 0.163146 0.986602 0
    outer loop
      vertex 25.2053 15.3413 8
      vertex 25.5119 15.2906 4.5
      vertex 25.2053 15.3413 4.5
    endloop
  endfacet
  facet normal 0.582515 -0.81282 0
    outer loop
      vertex 23.2403 23.7684 4.5
      vertex 23.493 23.9495 8
      vertex 23.2403 23.7684 8
    endloop
  endfacet
  facet normal 0.582515 -0.81282 0
    outer loop
      vertex 23.493 23.9495 8
      vertex 23.2403 23.7684 4.5
      vertex 23.493 23.9495 4.5
    endloop
  endfacet
  facet normal -0.683395 0.730049 0
    outer loop
      vertex 29.4907 16.6412 4.5
      vertex 29.2638 16.4288 8
      vertex 29.4907 16.6412 8
    endloop
  endfacet
  facet normal -0.683395 0.730049 0
    outer loop
      vertex 29.2638 16.4288 8
      vertex 29.4907 16.6412 4.5
      vertex 29.2638 16.4288 4.5
    endloop
  endfacet
  facet normal -0.0978151 -0.995205 0
    outer loop
      vertex 26.4426 24.7398 4.5
      vertex 26.7519 24.7094 8
      vertex 26.4426 24.7398 8
    endloop
  endfacet
  facet normal -0.0978151 -0.995205 -0
    outer loop
      vertex 26.7519 24.7094 8
      vertex 26.4426 24.7398 4.5
      vertex 26.7519 24.7094 4.5
    endloop
  endfacet
  facet normal 0.0977838 0.995208 -0
    outer loop
      vertex 25.8213 15.2602 4.5
      vertex 25.5119 15.2906 8
      vertex 25.8213 15.2602 8
    endloop
  endfacet
  facet normal 0.0977838 0.995208 0
    outer loop
      vertex 25.5119 15.2906 8
      vertex 25.8213 15.2602 4.5
      vertex 25.5119 15.2906 4.5
    endloop
  endfacet
  facet normal -0.227138 0.973863 0
    outer loop
      vertex 27.3613 15.4119 4.5
      vertex 27.0586 15.3413 8
      vertex 27.3613 15.4119 8
    endloop
  endfacet
  facet normal -0.227138 0.973863 0
    outer loop
      vertex 27.0586 15.3413 8
      vertex 27.3613 15.4119 4.5
      vertex 27.0586 15.3413 4.5
    endloop
  endfacet
  facet normal -0.29015 -0.956981 0
    outer loop
      vertex 27.3613 24.5881 4.5
      vertex 27.6588 24.4979 8
      vertex 27.3613 24.5881 8
    endloop
  endfacet
  facet normal -0.29015 -0.956981 -0
    outer loop
      vertex 27.6588 24.4979 8
      vertex 27.3613 24.5881 4.5
      vertex 27.6588 24.4979 4.5
    endloop
  endfacet
  facet normal 0.773025 -0.634376 0
    outer loop
      vertex 22.3635 22.8916 8
      vertex 22.5607 23.1319 4.5
      vertex 22.5607 23.1319 8
    endloop
  endfacet
  facet normal 0.773025 -0.634376 0
    outer loop
      vertex 22.5607 23.1319 4.5
      vertex 22.3635 22.8916 8
      vertex 22.3635 22.8916 4.5
    endloop
  endfacet
  facet normal 0.935892 -0.352287 0
    outer loop
      vertex 21.634 21.5268 8
      vertex 21.7435 21.8177 4.5
      vertex 21.7435 21.8177 8
    endloop
  endfacet
  facet normal 0.935892 -0.352287 0
    outer loop
      vertex 21.7435 21.8177 4.5
      vertex 21.634 21.5268 8
      vertex 21.634 21.5268 4.5
    endloop
  endfacet
  facet normal 0.29024 -0.956954 0
    outer loop
      vertex 24.6051 24.4979 4.5
      vertex 24.9025 24.5881 8
      vertex 24.6051 24.4979 8
    endloop
  endfacet
  facet normal 0.29024 -0.956954 0
    outer loop
      vertex 24.9025 24.5881 8
      vertex 24.6051 24.4979 4.5
      vertex 24.9025 24.5881 4.5
    endloop
  endfacet
  facet normal 0.683556 -0.729898 0
    outer loop
      vertex 22.7732 23.3588 4.5
      vertex 23 23.5712 8
      vertex 22.7732 23.3588 8
    endloop
  endfacet
  facet normal 0.683556 -0.729898 0
    outer loop
      vertex 23 23.5712 8
      vertex 22.7732 23.3588 4.5
      vertex 23 23.5712 4.5
    endloop
  endfacet
  facet normal 0.634376 -0.773025 0
    outer loop
      vertex 23 23.5712 4.5
      vertex 23.2403 23.7684 8
      vertex 23 23.5712 8
    endloop
  endfacet
  facet normal 0.634376 -0.773025 0
    outer loop
      vertex 23.2403 23.7684 8
      vertex 23 23.5712 4.5
      vertex 23.2403 23.7684 4.5
    endloop
  endfacet
  facet normal 0.52806 -0.849207 0
    outer loop
      vertex 23.493 23.9495 4.5
      vertex 23.7569 24.1136 8
      vertex 23.493 23.9495 8
    endloop
  endfacet
  facet normal 0.52806 -0.849207 0
    outer loop
      vertex 23.7569 24.1136 8
      vertex 23.493 23.9495 4.5
      vertex 23.7569 24.1136 4.5
    endloop
  endfacet
  facet normal -0.995183 -0.0980371 0
    outer loop
      vertex 46.618 20.4251 0
      vertex 46.5763 20.8484 8
      vertex 46.5763 20.8484 0
    endloop
  endfacet
  facet normal -0.995183 -0.0980371 0
    outer loop
      vertex 46.5763 20.8484 8
      vertex 46.618 20.4251 0
      vertex 46.618 20.4251 8
    endloop
  endfacet
  facet normal -0.999466 -0.0326807 0
    outer loop
      vertex 46.6319 20 0
      vertex 46.618 20.4251 8
      vertex 46.618 20.4251 0
    endloop
  endfacet
  facet normal -0.999466 -0.0326807 0
    outer loop
      vertex 46.618 20.4251 8
      vertex 46.6319 20 0
      vertex 46.6319 20 8
    endloop
  endfacet
  facet normal -0.935903 -0.352257 0
    outer loop
      vertex 46.287 22.0894 0
      vertex 46.1372 22.4874 8
      vertex 46.1372 22.4874 0
    endloop
  endfacet
  facet normal -0.935903 -0.352257 0
    outer loop
      vertex 46.1372 22.4874 8
      vertex 46.287 22.0894 0
      vertex 46.287 22.0894 8
    endloop
  endfacet
  facet normal -0.290366 0.956916 0
    outer loop
      vertex 42.2213 13.845 0
      vertex 41.8143 13.7215 8
      vertex 42.2213 13.845 8
    endloop
  endfacet
  facet normal -0.290366 0.956916 0
    outer loop
      vertex 41.8143 13.7215 8
      vertex 42.2213 13.845 0
      vertex 41.8143 13.7215 0
    endloop
  endfacet
  facet normal 0.35218 -0.935932 0
    outer loop
      vertex 37.6445 26.0052 0
      vertex 38.0426 26.155 8
      vertex 37.6445 26.0052 8
    endloop
  endfacet
  facet normal 0.35218 -0.935932 0
    outer loop
      vertex 38.0426 26.155 8
      vertex 37.6445 26.0052 0
      vertex 38.0426 26.155 0
    endloop
  endfacet
  facet normal -0.528053 0.849211 0
    outer loop
      vertex 43.7431 14.5954 0
      vertex 43.3819 14.3708 8
      vertex 43.7431 14.5954 8
    endloop
  endfacet
  facet normal -0.528053 0.849211 0
    outer loop
      vertex 43.3819 14.3708 8
      vertex 43.7431 14.5954 0
      vertex 43.3819 14.3708 0
    endloop
  endfacet
  facet normal -0.032673 -0.999466 0
    outer loop
      vertex 40.1319 26.5 0
      vertex 40.5571 26.4861 8
      vertex 40.1319 26.5 8
    endloop
  endfacet
  facet normal -0.032673 -0.999466 -0
    outer loop
      vertex 40.5571 26.4861 8
      vertex 40.1319 26.5 0
      vertex 40.5571 26.4861 0
    endloop
  endfacet
  facet normal -0.683691 0.729772 0
    outer loop
      vertex 44.7281 15.4038 0
      vertex 44.4177 15.113 8
      vertex 44.7281 15.4038 8
    endloop
  endfacet
  facet normal -0.683691 0.729772 0
    outer loop
      vertex 44.4177 15.113 8
      vertex 44.7281 15.4038 0
      vertex 44.4177 15.113 0
    endloop
  endfacet
  facet normal 0.412651 -0.910889 0
    outer loop
      vertex 37.2571 25.8297 0
      vertex 37.6445 26.0052 8
      vertex 37.2571 25.8297 8
    endloop
  endfacet
  facet normal 0.412651 -0.910889 0
    outer loop
      vertex 37.6445 26.0052 8
      vertex 37.2571 25.8297 0
      vertex 37.6445 26.0052 0
    endloop
  endfacet
  facet normal -0.999466 0.0326807 0
    outer loop
      vertex 46.618 19.5749 0
      vertex 46.6319 20 8
      vertex 46.6319 20 0
    endloop
  endfacet
  facet normal -0.999466 0.0326807 0
    outer loop
      vertex 46.6319 20 8
      vertex 46.618 19.5749 0
      vertex 46.618 19.5749 8
    endloop
  endfacet
  facet normal -0.412651 0.910889 0
    outer loop
      vertex 43.0068 14.1703 0
      vertex 42.6194 13.9948 8
      vertex 43.0068 14.1703 8
    endloop
  endfacet
  facet normal -0.412651 0.910889 0
    outer loop
      vertex 42.6194 13.9948 8
      vertex 43.0068 14.1703 0
      vertex 42.6194 13.9948 0
    endloop
  endfacet
  facet normal -0.812763 -0.582594 0
    outer loop
      vertex 45.5365 23.6112 0
      vertex 45.2887 23.9569 8
      vertex 45.2887 23.9569 0
    endloop
  endfacet
  facet normal -0.812763 -0.582594 0
    outer loop
      vertex 45.2887 23.9569 8
      vertex 45.5365 23.6112 0
      vertex 45.5365 23.6112 8
    endloop
  endfacet
  facet normal -0.881917 -0.471406 0
    outer loop
      vertex 45.9616 22.8749 0
      vertex 45.7611 23.25 8
      vertex 45.7611 23.25 0
    endloop
  endfacet
  facet normal -0.881917 -0.471406 0
    outer loop
      vertex 45.7611 23.25 8
      vertex 45.9616 22.8749 0
      vertex 45.9616 22.8749 8
    endloop
  endfacet
  facet normal 0.0326807 -0.999466 0
    outer loop
      vertex 39.7068 26.4861 0
      vertex 40.1319 26.5 8
      vertex 39.7068 26.4861 8
    endloop
  endfacet
  facet normal 0.0326807 -0.999466 0
    outer loop
      vertex 40.1319 26.5 8
      vertex 39.7068 26.4861 0
      vertex 40.1319 26.5 0
    endloop
  endfacet
  facet normal 0.973865 -0.227126 0
    outer loop
      vertex 33.7568 21.2681 8
      vertex 33.8534 21.6823 0
      vertex 33.8534 21.6823 8
    endloop
  endfacet
  facet normal 0.973865 -0.227126 0
    outer loop
      vertex 33.8534 21.6823 0
      vertex 33.7568 21.2681 8
      vertex 33.7568 21.2681 0
    endloop
  endfacet
  facet normal 0.528053 -0.849211 0
    outer loop
      vertex 36.5207 25.4046 0
      vertex 36.8819 25.6292 8
      vertex 36.5207 25.4046 8
    endloop
  endfacet
  facet normal 0.528053 -0.849211 0
    outer loop
      vertex 36.8819 25.6292 8
      vertex 36.5207 25.4046 0
      vertex 36.8819 25.6292 0
    endloop
  endfacet
  facet normal 0.986641 -0.162912 0
    outer loop
      vertex 33.6875 20.8484 8
      vertex 33.7568 21.2681 0
      vertex 33.7568 21.2681 8
    endloop
  endfacet
  facet normal 0.986641 -0.162912 0
    outer loop
      vertex 33.7568 21.2681 0
      vertex 33.6875 20.8484 8
      vertex 33.6875 20.8484 0
    endloop
  endfacet
  facet normal 0.634338 -0.773056 0
    outer loop
      vertex 35.8462 24.887 0
      vertex 36.175 25.1568 8
      vertex 35.8462 24.887 8
    endloop
  endfacet
  facet normal 0.634338 -0.773056 0
    outer loop
      vertex 36.175 25.1568 8
      vertex 35.8462 24.887 0
      vertex 36.175 25.1568 0
    endloop
  endfacet
  facet normal -0.35218 -0.935932 0
    outer loop
      vertex 42.2213 26.155 0
      vertex 42.6194 26.0052 8
      vertex 42.2213 26.155 8
    endloop
  endfacet
  facet normal -0.35218 -0.935932 -0
    outer loop
      vertex 42.6194 26.0052 8
      vertex 42.2213 26.155 0
      vertex 42.6194 26.0052 0
    endloop
  endfacet
  facet normal -0.582483 -0.812843 0
    outer loop
      vertex 43.7431 25.4046 0
      vertex 44.0889 25.1568 8
      vertex 43.7431 25.4046 8
    endloop
  endfacet
  facet normal -0.582483 -0.812843 -0
    outer loop
      vertex 44.0889 25.1568 8
      vertex 43.7431 25.4046 0
      vertex 44.0889 25.1568 0
    endloop
  endfacet
  facet normal 0.910841 0.412758 0
    outer loop
      vertex 34.3023 17.1251 8
      vertex 34.1267 17.5126 0
      vertex 34.1267 17.5126 8
    endloop
  endfacet
  facet normal 0.910841 0.412758 0
    outer loop
      vertex 34.1267 17.5126 0
      vertex 34.3023 17.1251 8
      vertex 34.3023 17.1251 0
    endloop
  endfacet
  facet normal -0.471406 0.881917 0
    outer loop
      vertex 43.3819 14.3708 0
      vertex 43.0068 14.1703 8
      vertex 43.3819 14.3708 8
    endloop
  endfacet
  facet normal -0.471406 0.881917 0
    outer loop
      vertex 43.0068 14.1703 8
      vertex 43.3819 14.3708 0
      vertex 43.0068 14.1703 0
    endloop
  endfacet
  facet normal -0.973917 -0.226903 0
    outer loop
      vertex 46.507 21.2681 0
      vertex 46.4105 21.6823 8
      vertex 46.4105 21.6823 0
    endloop
  endfacet
  facet normal -0.973917 -0.226903 0
    outer loop
      vertex 46.4105 21.6823 8
      vertex 46.507 21.2681 0
      vertex 46.507 21.2681 8
    endloop
  endfacet
  facet normal -0.772961 0.634454 0
    outer loop
      vertex 45.0189 15.7143 0
      vertex 45.2887 16.043 8
      vertex 45.2887 16.043 0
    endloop
  endfacet
  facet normal -0.772961 0.634454 0
    outer loop
      vertex 45.2887 16.043 8
      vertex 45.0189 15.7143 0
      vertex 45.0189 15.7143 8
    endloop
  endfacet
  facet normal -0.412651 -0.910889 0
    outer loop
      vertex 42.6194 26.0052 0
      vertex 43.0068 25.8297 8
      vertex 42.6194 26.0052 8
    endloop
  endfacet
  facet normal -0.412651 -0.910889 -0
    outer loop
      vertex 43.0068 25.8297 8
      vertex 42.6194 26.0052 0
      vertex 43.0068 25.8297 0
    endloop
  endfacet
  facet normal 0.683574 0.729882 -0
    outer loop
      vertex 35.8462 15.113 0
      vertex 35.5357 15.4038 8
      vertex 35.8462 15.113 8
    endloop
  endfacet
  facet normal 0.683574 0.729882 0
    outer loop
      vertex 35.5357 15.4038 8
      vertex 35.8462 15.113 0
      vertex 35.5357 15.4038 0
    endloop
  endfacet
  facet normal 0.956935 -0.290301 0
    outer loop
      vertex 33.8534 21.6823 8
      vertex 33.9769 22.0894 0
      vertex 33.9769 22.0894 8
    endloop
  endfacet
  facet normal 0.956935 -0.290301 0
    outer loop
      vertex 33.9769 22.0894 0
      vertex 33.8534 21.6823 8
      vertex 33.8534 21.6823 0
    endloop
  endfacet
  facet normal -0.634338 0.773056 0
    outer loop
      vertex 44.4177 15.113 0
      vertex 44.0889 14.8432 8
      vertex 44.4177 15.113 8
    endloop
  endfacet
  facet normal -0.634338 0.773056 0
    outer loop
      vertex 44.0889 14.8432 8
      vertex 44.4177 15.113 0
      vertex 44.0889 14.8432 0
    endloop
  endfacet
  facet normal -0.683691 -0.729772 0
    outer loop
      vertex 44.4177 24.887 0
      vertex 44.7281 24.5962 8
      vertex 44.4177 24.887 8
    endloop
  endfacet
  facet normal -0.683691 -0.729772 -0
    outer loop
      vertex 44.7281 24.5962 8
      vertex 44.4177 24.887 0
      vertex 44.7281 24.5962 0
    endloop
  endfacet
  facet normal 0.227074 0.973878 -0
    outer loop
      vertex 38.8639 13.6249 0
      vertex 38.4496 13.7215 8
      vertex 38.8639 13.6249 8
    endloop
  endfacet
  facet normal 0.227074 0.973878 0
    outer loop
      vertex 38.4496 13.7215 8
      vertex 38.8639 13.6249 0
      vertex 38.4496 13.7215 0
    endloop
  endfacet
  facet normal -0.910841 -0.412758 0
    outer loop
      vertex 46.1372 22.4874 0
      vertex 45.9616 22.8749 8
      vertex 45.9616 22.8749 0
    endloop
  endfacet
  facet normal -0.910841 -0.412758 0
    outer loop
      vertex 45.9616 22.8749 8
      vertex 46.1372 22.4874 0
      vertex 46.1372 22.4874 8
    endloop
  endfacet
  facet normal 0.16295 -0.986634 0
    outer loop
      vertex 38.8639 26.3751 0
      vertex 39.2835 26.4444 8
      vertex 38.8639 26.3751 8
    endloop
  endfacet
  facet normal 0.16295 -0.986634 0
    outer loop
      vertex 39.2835 26.4444 8
      vertex 38.8639 26.3751 0
      vertex 39.2835 26.4444 0
    endloop
  endfacet
  facet normal -0.956935 0.290301 0
    outer loop
      vertex 46.287 17.9106 0
      vertex 46.4105 18.3177 8
      vertex 46.4105 18.3177 0
    endloop
  endfacet
  facet normal -0.956935 0.290301 0
    outer loop
      vertex 46.4105 18.3177 8
      vertex 46.287 17.9106 0
      vertex 46.287 17.9106 8
    endloop
  endfacet
  facet normal -0.582483 0.812843 0
    outer loop
      vertex 44.0889 14.8432 0
      vertex 43.7431 14.5954 8
      vertex 44.0889 14.8432 8
    endloop
  endfacet
  facet normal -0.582483 0.812843 0
    outer loop
      vertex 43.7431 14.5954 8
      vertex 44.0889 14.8432 0
      vertex 43.7431 14.5954 0
    endloop
  endfacet
  facet normal -0.471406 -0.881917 0
    outer loop
      vertex 43.0068 25.8297 0
      vertex 43.3819 25.6292 8
      vertex 43.0068 25.8297 8
    endloop
  endfacet
  facet normal -0.471406 -0.881917 -0
    outer loop
      vertex 43.3819 25.6292 8
      vertex 43.0068 25.8297 0
      vertex 43.3819 25.6292 0
    endloop
  endfacet
  facet normal 0.683574 -0.729882 0
    outer loop
      vertex 35.5357 24.5962 0
      vertex 35.8462 24.887 8
      vertex 35.5357 24.5962 8
    endloop
  endfacet
  facet normal 0.683574 -0.729882 0
    outer loop
      vertex 35.8462 24.887 8
      vertex 35.5357 24.5962 0
      vertex 35.8462 24.887 0
    endloop
  endfacet
  facet normal 0.935903 0.352257 0
    outer loop
      vertex 34.1267 17.5126 8
      vertex 33.9769 17.9106 0
      vertex 33.9769 17.9106 8
    endloop
  endfacet
  facet normal 0.935903 0.352257 0
    outer loop
      vertex 33.9769 17.9106 0
      vertex 34.1267 17.5126 8
      vertex 34.1267 17.5126 0
    endloop
  endfacet
  facet normal -0.0980371 0.995183 0
    outer loop
      vertex 40.9804 13.5556 0
      vertex 40.5571 13.5139 8
      vertex 40.9804 13.5556 8
    endloop
  endfacet
  facet normal -0.0980371 0.995183 0
    outer loop
      vertex 40.5571 13.5139 8
      vertex 40.9804 13.5556 0
      vertex 40.5571 13.5139 0
    endloop
  endfacet
  facet normal -0.849211 0.528053 0
    outer loop
      vertex 45.5365 16.3888 0
      vertex 45.7611 16.75 8
      vertex 45.7611 16.75 0
    endloop
  endfacet
  facet normal -0.849211 0.528053 0
    outer loop
      vertex 45.7611 16.75 8
      vertex 45.5365 16.3888 0
      vertex 45.5365 16.3888 8
    endloop
  endfacet
  facet normal -0.16295 -0.986634 0
    outer loop
      vertex 40.9804 26.4444 0
      vertex 41.4 26.3751 8
      vertex 40.9804 26.4444 8
    endloop
  endfacet
  facet normal -0.16295 -0.986634 -0
    outer loop
      vertex 41.4 26.3751 8
      vertex 40.9804 26.4444 0
      vertex 41.4 26.3751 0
    endloop
  endfacet
  facet normal -0.032673 0.999466 0
    outer loop
      vertex 40.5571 13.5139 0
      vertex 40.1319 13.5 8
      vertex 40.5571 13.5139 8
    endloop
  endfacet
  facet normal -0.032673 0.999466 0
    outer loop
      vertex 40.1319 13.5 8
      vertex 40.5571 13.5139 0
      vertex 40.1319 13.5 0
    endloop
  endfacet
  facet normal -0.634338 -0.773056 0
    outer loop
      vertex 44.0889 25.1568 0
      vertex 44.4177 24.887 8
      vertex 44.0889 25.1568 8
    endloop
  endfacet
  facet normal -0.634338 -0.773056 -0
    outer loop
      vertex 44.4177 24.887 8
      vertex 44.0889 25.1568 0
      vertex 44.4177 24.887 0
    endloop
  endfacet
  facet normal -0.995183 0.0980371 0
    outer loop
      vertex 46.5763 19.1516 0
      vertex 46.618 19.5749 8
      vertex 46.618 19.5749 0
    endloop
  endfacet
  facet normal -0.995183 0.0980371 0
    outer loop
      vertex 46.618 19.5749 8
      vertex 46.5763 19.1516 0
      vertex 46.5763 19.1516 8
    endloop
  endfacet
  facet normal -0.956935 -0.290301 0
    outer loop
      vertex 46.4105 21.6823 0
      vertex 46.287 22.0894 8
      vertex 46.287 22.0894 0
    endloop
  endfacet
  facet normal -0.956935 -0.290301 0
    outer loop
      vertex 46.287 22.0894 8
      vertex 46.4105 21.6823 0
      vertex 46.4105 21.6823 8
    endloop
  endfacet
  facet normal 0.910841 -0.412758 0
    outer loop
      vertex 34.1267 22.4874 8
      vertex 34.3023 22.8749 0
      vertex 34.3023 22.8749 8
    endloop
  endfacet
  facet normal 0.910841 -0.412758 0
    outer loop
      vertex 34.3023 22.8749 0
      vertex 34.1267 22.4874 8
      vertex 34.1267 22.4874 0
    endloop
  endfacet
  facet normal -0.812843 0.582483 0
    outer loop
      vertex 45.2887 16.043 0
      vertex 45.5365 16.3888 8
      vertex 45.5365 16.3888 0
    endloop
  endfacet
  facet normal -0.812843 0.582483 0
    outer loop
      vertex 45.5365 16.3888 8
      vertex 45.2887 16.043 0
      vertex 45.2887 16.043 8
    endloop
  endfacet
  facet normal -0.729882 0.683574 0
    outer loop
      vertex 44.7281 15.4038 0
      vertex 45.0189 15.7143 8
      vertex 45.0189 15.7143 0
    endloop
  endfacet
  facet normal -0.729882 0.683574 0
    outer loop
      vertex 45.0189 15.7143 8
      vertex 44.7281 15.4038 0
      vertex 44.7281 15.4038 8
    endloop
  endfacet
  facet normal -0.729882 -0.683574 0
    outer loop
      vertex 45.0189 24.2857 0
      vertex 44.7281 24.5962 8
      vertex 44.7281 24.5962 0
    endloop
  endfacet
  facet normal -0.729882 -0.683574 0
    outer loop
      vertex 44.7281 24.5962 8
      vertex 45.0189 24.2857 0
      vertex 45.0189 24.2857 8
    endloop
  endfacet
  facet normal 0.881917 -0.471406 0
    outer loop
      vertex 34.3023 22.8749 8
      vertex 34.5028 23.25 0
      vertex 34.5028 23.25 8
    endloop
  endfacet
  facet normal 0.881917 -0.471406 0
    outer loop
      vertex 34.5028 23.25 0
      vertex 34.3023 22.8749 8
      vertex 34.3023 22.8749 0
    endloop
  endfacet
  facet normal 0.772846 0.634594 0
    outer loop
      vertex 35.245 15.7143 8
      vertex 34.9751 16.043 0
      vertex 34.9751 16.043 8
    endloop
  endfacet
  facet normal 0.772846 0.634594 0
    outer loop
      vertex 34.9751 16.043 0
      vertex 35.245 15.7143 8
      vertex 35.245 15.7143 0
    endloop
  endfacet
  facet normal 0.0980371 -0.995183 0
    outer loop
      vertex 39.2835 26.4444 0
      vertex 39.7068 26.4861 8
      vertex 39.2835 26.4444 8
    endloop
  endfacet
  facet normal 0.0980371 -0.995183 0
    outer loop
      vertex 39.7068 26.4861 8
      vertex 39.2835 26.4444 0
      vertex 39.7068 26.4861 0
    endloop
  endfacet
  facet normal 0.995206 0.0978043 0
    outer loop
      vertex 33.6875 19.1516 8
      vertex 33.6459 19.5749 0
      vertex 33.6459 19.5749 8
    endloop
  endfacet
  facet normal 0.995206 0.0978043 0
    outer loop
      vertex 33.6459 19.5749 0
      vertex 33.6875 19.1516 8
      vertex 33.6875 19.1516 0
    endloop
  endfacet
  facet normal 0.77294 -0.634479 0
    outer loop
      vertex 34.9751 23.9569 8
      vertex 35.245 24.2857 0
      vertex 35.245 24.2857 8
    endloop
  endfacet
  facet normal 0.77294 -0.634479 0
    outer loop
      vertex 35.245 24.2857 0
      vertex 34.9751 23.9569 8
      vertex 34.9751 23.9569 0
    endloop
  endfacet
  facet normal 0.973865 0.227126 0
    outer loop
      vertex 33.8534 18.3177 8
      vertex 33.7568 18.7319 0
      vertex 33.7568 18.7319 8
    endloop
  endfacet
  facet normal 0.973865 0.227126 0
    outer loop
      vertex 33.7568 18.7319 0
      vertex 33.8534 18.3177 8
      vertex 33.8534 18.3177 0
    endloop
  endfacet
  facet normal 0.582594 -0.812763 0
    outer loop
      vertex 36.175 25.1568 0
      vertex 36.5207 25.4046 8
      vertex 36.175 25.1568 8
    endloop
  endfacet
  facet normal 0.582594 -0.812763 0
    outer loop
      vertex 36.5207 25.4046 8
      vertex 36.175 25.1568 0
      vertex 36.5207 25.4046 0
    endloop
  endfacet
  facet normal -0.35218 0.935932 0
    outer loop
      vertex 42.6194 13.9948 0
      vertex 42.2213 13.845 8
      vertex 42.6194 13.9948 8
    endloop
  endfacet
  facet normal -0.35218 0.935932 0
    outer loop
      vertex 42.2213 13.845 8
      vertex 42.6194 13.9948 0
      vertex 42.2213 13.845 0
    endloop
  endfacet
  facet normal -0.528053 -0.849211 0
    outer loop
      vertex 43.3819 25.6292 0
      vertex 43.7431 25.4046 8
      vertex 43.3819 25.6292 8
    endloop
  endfacet
  facet normal -0.528053 -0.849211 -0
    outer loop
      vertex 43.7431 25.4046 8
      vertex 43.3819 25.6292 0
      vertex 43.7431 25.4046 0
    endloop
  endfacet
  facet normal -0.849211 -0.528053 0
    outer loop
      vertex 45.7611 23.25 0
      vertex 45.5365 23.6112 8
      vertex 45.5365 23.6112 0
    endloop
  endfacet
  facet normal -0.849211 -0.528053 0
    outer loop
      vertex 45.5365 23.6112 8
      vertex 45.7611 23.25 0
      vertex 45.7611 23.25 8
    endloop
  endfacet
  facet normal -0.973917 0.226903 0
    outer loop
      vertex 46.4105 18.3177 0
      vertex 46.507 18.7319 8
      vertex 46.507 18.7319 0
    endloop
  endfacet
  facet normal -0.973917 0.226903 0
    outer loop
      vertex 46.507 18.7319 8
      vertex 46.4105 18.3177 0
      vertex 46.4105 18.3177 8
    endloop
  endfacet
  facet normal -0.881917 0.471406 0
    outer loop
      vertex 45.7611 16.75 0
      vertex 45.9616 17.1251 8
      vertex 45.9616 17.1251 0
    endloop
  endfacet
  facet normal -0.881917 0.471406 0
    outer loop
      vertex 45.9616 17.1251 8
      vertex 45.7611 16.75 0
      vertex 45.7611 16.75 8
    endloop
  endfacet
  facet normal -0.227074 0.973878 0
    outer loop
      vertex 41.8143 13.7215 0
      vertex 41.4 13.6249 8
      vertex 41.8143 13.7215 8
    endloop
  endfacet
  facet normal -0.227074 0.973878 0
    outer loop
      vertex 41.4 13.6249 8
      vertex 41.8143 13.7215 0
      vertex 41.4 13.6249 0
    endloop
  endfacet
  facet normal 0.471308 -0.881969 0
    outer loop
      vertex 36.8819 25.6292 0
      vertex 37.2571 25.8297 8
      vertex 36.8819 25.6292 8
    endloop
  endfacet
  facet normal 0.471308 -0.881969 0
    outer loop
      vertex 37.2571 25.8297 8
      vertex 36.8819 25.6292 0
      vertex 37.2571 25.8297 0
    endloop
  endfacet
  facet normal 0.729999 -0.683448 0
    outer loop
      vertex 35.245 24.2857 8
      vertex 35.5357 24.5962 0
      vertex 35.5357 24.5962 8
    endloop
  endfacet
  facet normal 0.729999 -0.683448 0
    outer loop
      vertex 35.5357 24.5962 0
      vertex 35.245 24.2857 8
      vertex 35.245 24.2857 0
    endloop
  endfacet
  facet normal -0.773056 -0.634338 0
    outer loop
      vertex 45.2887 23.9569 0
      vertex 45.0189 24.2857 8
      vertex 45.0189 24.2857 0
    endloop
  endfacet
  facet normal -0.773056 -0.634338 0
    outer loop
      vertex 45.0189 24.2857 8
      vertex 45.2887 23.9569 0
      vertex 45.2887 23.9569 8
    endloop
  endfacet
  facet normal 0.956935 0.290301 0
    outer loop
      vertex 33.9769 17.9106 8
      vertex 33.8534 18.3177 0
      vertex 33.8534 18.3177 8
    endloop
  endfacet
  facet normal 0.956935 0.290301 0
    outer loop
      vertex 33.8534 18.3177 0
      vertex 33.9769 17.9106 8
      vertex 33.9769 17.9106 0
    endloop
  endfacet
  facet normal 0.935903 -0.352257 0
    outer loop
      vertex 33.9769 22.0894 8
      vertex 34.1267 22.4874 0
      vertex 34.1267 22.4874 8
    endloop
  endfacet
  facet normal 0.935903 -0.352257 0
    outer loop
      vertex 34.1267 22.4874 0
      vertex 33.9769 22.0894 8
      vertex 33.9769 22.0894 0
    endloop
  endfacet
  facet normal -0.986641 -0.162912 0
    outer loop
      vertex 46.5763 20.8484 0
      vertex 46.507 21.2681 8
      vertex 46.507 21.2681 0
    endloop
  endfacet
  facet normal -0.986641 -0.162912 0
    outer loop
      vertex 46.507 21.2681 8
      vertex 46.5763 20.8484 0
      vertex 46.5763 20.8484 8
    endloop
  endfacet
  facet normal 0.986641 0.162912 0
    outer loop
      vertex 33.7568 18.7319 8
      vertex 33.6875 19.1516 0
      vertex 33.6875 19.1516 8
    endloop
  endfacet
  facet normal 0.986641 0.162912 0
    outer loop
      vertex 33.6875 19.1516 0
      vertex 33.7568 18.7319 8
      vertex 33.7568 18.7319 0
    endloop
  endfacet
  facet normal 0.227074 -0.973878 0
    outer loop
      vertex 38.4496 26.2785 0
      vertex 38.8639 26.3751 8
      vertex 38.4496 26.2785 8
    endloop
  endfacet
  facet normal 0.227074 -0.973878 0
    outer loop
      vertex 38.8639 26.3751 8
      vertex 38.4496 26.2785 0
      vertex 38.8639 26.3751 0
    endloop
  endfacet
  facet normal 0.849211 0.528053 0
    outer loop
      vertex 34.7274 16.3888 8
      vertex 34.5028 16.75 0
      vertex 34.5028 16.75 8
    endloop
  endfacet
  facet normal 0.849211 0.528053 0
    outer loop
      vertex 34.5028 16.75 0
      vertex 34.7274 16.3888 8
      vertex 34.7274 16.3888 0
    endloop
  endfacet
  facet normal 0.881917 0.471406 0
    outer loop
      vertex 34.5028 16.75 8
      vertex 34.3023 17.1251 0
      vertex 34.3023 17.1251 8
    endloop
  endfacet
  facet normal 0.881917 0.471406 0
    outer loop
      vertex 34.3023 17.1251 0
      vertex 34.5028 16.75 8
      vertex 34.5028 16.75 0
    endloop
  endfacet
  facet normal -0.16295 0.986634 0
    outer loop
      vertex 41.4 13.6249 0
      vertex 40.9804 13.5556 8
      vertex 41.4 13.6249 8
    endloop
  endfacet
  facet normal -0.16295 0.986634 0
    outer loop
      vertex 40.9804 13.5556 8
      vertex 41.4 13.6249 0
      vertex 40.9804 13.5556 0
    endloop
  endfacet
  facet normal 0.999458 0.0329156 0
    outer loop
      vertex 33.6459 19.5749 8
      vertex 33.6319 20 0
      vertex 33.6319 20 8
    endloop
  endfacet
  facet normal 0.999458 0.0329156 0
    outer loop
      vertex 33.6319 20 0
      vertex 33.6459 19.5749 8
      vertex 33.6459 19.5749 0
    endloop
  endfacet
  facet normal 0.412651 0.910889 -0
    outer loop
      vertex 37.6445 13.9948 0
      vertex 37.2571 14.1703 8
      vertex 37.6445 13.9948 8
    endloop
  endfacet
  facet normal 0.412651 0.910889 0
    outer loop
      vertex 37.2571 14.1703 8
      vertex 37.6445 13.9948 0
      vertex 37.2571 14.1703 0
    endloop
  endfacet
  facet normal 0.290366 0.956916 -0
    outer loop
      vertex 38.4496 13.7215 0
      vertex 38.0426 13.845 8
      vertex 38.4496 13.7215 8
    endloop
  endfacet
  facet normal 0.290366 0.956916 0
    outer loop
      vertex 38.0426 13.845 8
      vertex 38.4496 13.7215 0
      vertex 38.0426 13.845 0
    endloop
  endfacet
  facet normal 0.729999 0.683448 0
    outer loop
      vertex 35.5357 15.4038 8
      vertex 35.245 15.7143 0
      vertex 35.245 15.7143 8
    endloop
  endfacet
  facet normal 0.729999 0.683448 0
    outer loop
      vertex 35.245 15.7143 0
      vertex 35.5357 15.4038 8
      vertex 35.5357 15.4038 0
    endloop
  endfacet
  facet normal 0.634338 0.773056 -0
    outer loop
      vertex 36.175 14.8432 0
      vertex 35.8462 15.113 8
      vertex 36.175 14.8432 8
    endloop
  endfacet
  facet normal 0.634338 0.773056 0
    outer loop
      vertex 35.8462 15.113 8
      vertex 36.175 14.8432 0
      vertex 35.8462 15.113 0
    endloop
  endfacet
  facet normal 0.290366 -0.956916 0
    outer loop
      vertex 38.0426 26.155 0
      vertex 38.4496 26.2785 8
      vertex 38.0426 26.155 8
    endloop
  endfacet
  facet normal 0.290366 -0.956916 0
    outer loop
      vertex 38.4496 26.2785 8
      vertex 38.0426 26.155 0
      vertex 38.4496 26.2785 0
    endloop
  endfacet
  facet normal -0.290366 -0.956916 0
    outer loop
      vertex 41.8143 26.2785 0
      vertex 42.2213 26.155 8
      vertex 41.8143 26.2785 8
    endloop
  endfacet
  facet normal -0.290366 -0.956916 -0
    outer loop
      vertex 42.2213 26.155 8
      vertex 41.8143 26.2785 0
      vertex 42.2213 26.155 0
    endloop
  endfacet
  facet normal 0.528053 0.849211 -0
    outer loop
      vertex 36.8819 14.3708 0
      vertex 36.5207 14.5954 8
      vertex 36.8819 14.3708 8
    endloop
  endfacet
  facet normal 0.528053 0.849211 0
    outer loop
      vertex 36.5207 14.5954 8
      vertex 36.8819 14.3708 0
      vertex 36.5207 14.5954 0
    endloop
  endfacet
  facet normal -0.0980371 -0.995183 0
    outer loop
      vertex 40.5571 26.4861 0
      vertex 40.9804 26.4444 8
      vertex 40.5571 26.4861 8
    endloop
  endfacet
  facet normal -0.0980371 -0.995183 -0
    outer loop
      vertex 40.9804 26.4444 8
      vertex 40.5571 26.4861 0
      vertex 40.9804 26.4444 0
    endloop
  endfacet
  facet normal 0.849211 -0.528053 0
    outer loop
      vertex 34.5028 23.25 8
      vertex 34.7274 23.6112 0
      vertex 34.7274 23.6112 8
    endloop
  endfacet
  facet normal 0.849211 -0.528053 0
    outer loop
      vertex 34.7274 23.6112 0
      vertex 34.5028 23.25 8
      vertex 34.5028 23.25 0
    endloop
  endfacet
  facet normal -0.986641 0.162912 0
    outer loop
      vertex 46.507 18.7319 0
      vertex 46.5763 19.1516 8
      vertex 46.5763 19.1516 0
    endloop
  endfacet
  facet normal -0.986641 0.162912 0
    outer loop
      vertex 46.5763 19.1516 8
      vertex 46.507 18.7319 0
      vertex 46.507 18.7319 8
    endloop
  endfacet
  facet normal 0.16295 0.986634 -0
    outer loop
      vertex 39.2835 13.5556 0
      vertex 38.8639 13.6249 8
      vertex 39.2835 13.5556 8
    endloop
  endfacet
  facet normal 0.16295 0.986634 0
    outer loop
      vertex 38.8639 13.6249 8
      vertex 39.2835 13.5556 0
      vertex 38.8639 13.6249 0
    endloop
  endfacet
  facet normal 0.812875 -0.582439 0
    outer loop
      vertex 34.7274 23.6112 8
      vertex 34.9751 23.9569 0
      vertex 34.9751 23.9569 8
    endloop
  endfacet
  facet normal 0.812875 -0.582439 0
    outer loop
      vertex 34.9751 23.9569 0
      vertex 34.7274 23.6112 8
      vertex 34.7274 23.6112 0
    endloop
  endfacet
  facet normal -0.227074 -0.973878 0
    outer loop
      vertex 41.4 26.3751 0
      vertex 41.8143 26.2785 8
      vertex 41.4 26.3751 8
    endloop
  endfacet
  facet normal -0.227074 -0.973878 -0
    outer loop
      vertex 41.8143 26.2785 8
      vertex 41.4 26.3751 0
      vertex 41.8143 26.2785 0
    endloop
  endfacet
  facet normal 0.0326807 0.999466 -0
    outer loop
      vertex 40.1319 13.5 0
      vertex 39.7068 13.5139 8
      vertex 40.1319 13.5 8
    endloop
  endfacet
  facet normal 0.0326807 0.999466 0
    outer loop
      vertex 39.7068 13.5139 8
      vertex 40.1319 13.5 0
      vertex 39.7068 13.5139 0
    endloop
  endfacet
  facet normal 0.0980371 0.995183 -0
    outer loop
      vertex 39.7068 13.5139 0
      vertex 39.2835 13.5556 8
      vertex 39.7068 13.5139 8
    endloop
  endfacet
  facet normal 0.0980371 0.995183 0
    outer loop
      vertex 39.2835 13.5556 8
      vertex 39.7068 13.5139 0
      vertex 39.2835 13.5556 0
    endloop
  endfacet
  facet normal 0.812954 0.582327 0
    outer loop
      vertex 34.9751 16.043 8
      vertex 34.7274 16.3888 0
      vertex 34.7274 16.3888 8
    endloop
  endfacet
  facet normal 0.812954 0.582327 0
    outer loop
      vertex 34.7274 16.3888 0
      vertex 34.9751 16.043 8
      vertex 34.9751 16.043 0
    endloop
  endfacet
  facet normal 0.995206 -0.0978043 0
    outer loop
      vertex 33.6459 20.4251 8
      vertex 33.6875 20.8484 0
      vertex 33.6875 20.8484 8
    endloop
  endfacet
  facet normal 0.995206 -0.0978043 0
    outer loop
      vertex 33.6875 20.8484 0
      vertex 33.6459 20.4251 8
      vertex 33.6459 20.4251 0
    endloop
  endfacet
  facet normal 0.999458 -0.0329156 0
    outer loop
      vertex 33.6319 20 8
      vertex 33.6459 20.4251 0
      vertex 33.6459 20.4251 8
    endloop
  endfacet
  facet normal 0.999458 -0.0329156 0
    outer loop
      vertex 33.6459 20.4251 0
      vertex 33.6319 20 8
      vertex 33.6319 20 0
    endloop
  endfacet
  facet normal 0.471308 0.881969 -0
    outer loop
      vertex 37.2571 14.1703 0
      vertex 36.8819 14.3708 8
      vertex 37.2571 14.1703 8
    endloop
  endfacet
  facet normal 0.471308 0.881969 0
    outer loop
      vertex 36.8819 14.3708 8
      vertex 37.2571 14.1703 0
      vertex 36.8819 14.3708 0
    endloop
  endfacet
  facet normal -0.910841 0.412758 0
    outer loop
      vertex 45.9616 17.1251 0
      vertex 46.1372 17.5126 8
      vertex 46.1372 17.5126 0
    endloop
  endfacet
  facet normal -0.910841 0.412758 0
    outer loop
      vertex 46.1372 17.5126 8
      vertex 45.9616 17.1251 0
      vertex 45.9616 17.1251 8
    endloop
  endfacet
  facet normal -0.935903 0.352257 0
    outer loop
      vertex 46.1372 17.5126 0
      vertex 46.287 17.9106 8
      vertex 46.287 17.9106 0
    endloop
  endfacet
  facet normal -0.935903 0.352257 0
    outer loop
      vertex 46.287 17.9106 8
      vertex 46.1372 17.5126 0
      vertex 46.1372 17.5126 8
    endloop
  endfacet
  facet normal 0.582594 0.812763 -0
    outer loop
      vertex 36.5207 14.5954 0
      vertex 36.175 14.8432 8
      vertex 36.5207 14.5954 8
    endloop
  endfacet
  facet normal 0.582594 0.812763 0
    outer loop
      vertex 36.175 14.8432 8
      vertex 36.5207 14.5954 0
      vertex 36.175 14.8432 0
    endloop
  endfacet
  facet normal 0.35218 0.935932 -0
    outer loop
      vertex 38.0426 13.845 0
      vertex 37.6445 13.9948 8
      vertex 38.0426 13.845 8
    endloop
  endfacet
  facet normal 0.35218 0.935932 0
    outer loop
      vertex 37.6445 13.9948 8
      vertex 38.0426 13.845 0
      vertex 37.6445 13.9948 0
    endloop
  endfacet
  facet normal 0 1 -0
    outer loop
      vertex 50.1319 88 0
      vertex 16.2709 88 8
      vertex 50.1319 88 8
    endloop
  endfacet
  facet normal 0 1 0
    outer loop
      vertex 16.2709 88 8
      vertex 7.56604 88 7.56604
      vertex 7.56363 88 7.5683
    endloop
  endfacet
  facet normal 0 1 0
    outer loop
      vertex 16.2709 88 8
      vertex 8.04468 88 7.05499
      vertex 7.56604 88 7.56604
    endloop
  endfacet
  facet normal 0 1 0
    outer loop
      vertex 16.2709 88 8
      vertex 8.48888 88 6.51373
      vertex 8.04468 88 7.05499
    endloop
  endfacet
  facet normal 0 1 0
    outer loop
      vertex 16.2709 88 8
      vertex 8.89671 88 5.9446
      vertex 8.48888 88 6.51373
    endloop
  endfacet
  facet normal 0 1 0
    outer loop
      vertex 16.2709 88 8
      vertex 9.26646 88 5.34999
      vertex 8.89671 88 5.9446
    endloop
  endfacet
  facet normal 0 1 0
    outer loop
      vertex 16.2709 88 8
      vertex 9.59653 88 4.73248
      vertex 9.26646 88 5.34999
    endloop
  endfacet
  facet normal 0 1 0
    outer loop
      vertex 16.2709 88 8
      vertex 9.8855 88 4.09471
      vertex 9.59653 88 4.73248
    endloop
  endfacet
  facet normal 0 1 0
    outer loop
      vertex 16.2709 88 8
      vertex 10.1321 88 3.43939
      vertex 9.8855 88 4.09471
    endloop
  endfacet
  facet normal 0 1 0
    outer loop
      vertex 16.2709 88 8
      vertex 10.3354 88 2.76936
      vertex 10.1321 88 3.43939
    endloop
  endfacet
  facet normal 0 1 0
    outer loop
      vertex 16.2709 88 8
      vertex 10.4944 88 2.08746
      vertex 10.3354 88 2.76936
    endloop
  endfacet
  facet normal 0 1 0
    outer loop
      vertex 16.2709 88 8
      vertex 10.6085 88 1.39662
      vertex 10.4944 88 2.08746
    endloop
  endfacet
  facet normal 0 1 0
    outer loop
      vertex 10.7 88 0
      vertex 16.2709 88 8
      vertex 50.1319 88 0
    endloop
  endfacet
  facet normal 0 1 0
    outer loop
      vertex 16.2709 88 8
      vertex 10.6771 88 0.699799
      vertex 10.6085 88 1.39662
    endloop
  endfacet
  facet normal 0 1 0
    outer loop
      vertex 16.2709 88 8
      vertex 10.7 88 0
      vertex 10.6771 88 0.699799
    endloop
  endfacet
  facet normal 0 1 0
    outer loop
      vertex 0 88 15.1319
      vertex 0 88 18.1319
      vertex 1.18588 88 18.0931
    endloop
  endfacet
  facet normal 0 1 0
    outer loop
      vertex 0 88 15.1319
      vertex 1.18588 88 18.0931
      vertex 2.36668 88 17.9768
    endloop
  endfacet
  facet normal 0 1 0
    outer loop
      vertex 0 88 18.1319
      vertex 0 88 15.1319
      vertex -1.18588 88 18.0931
    endloop
  endfacet
  facet normal 0 1 0
    outer loop
      vertex 0 88 15.1319
      vertex 2.36668 88 17.9768
      vertex 3.53735 88 17.7835
    endloop
  endfacet
  facet normal 0 1 0
    outer loop
      vertex -1.18588 88 18.0931
      vertex 0 88 15.1319
      vertex -2.36668 88 17.9768
    endloop
  endfacet
  facet normal 0 1 0
    outer loop
      vertex 0 88 15.1319
      vertex 3.53735 88 17.7835
      vertex 4.69289 88 17.5141
    endloop
  endfacet
  facet normal 0 1 0
    outer loop
      vertex -2.36668 88 17.9768
      vertex 0 88 15.1319
      vertex -3.53735 88 17.7835
    endloop
  endfacet
  facet normal 0 1 0
    outer loop
      vertex 0 88 15.1319
      vertex 4.69289 88 17.5141
      vertex 5.82831 88 17.1697
    endloop
  endfacet
  facet normal 0 1 0
    outer loop
      vertex -3.53735 88 17.7835
      vertex 0 88 15.1319
      vertex -4.69289 88 17.5141
    endloop
  endfacet
  facet normal 0 1 0
    outer loop
      vertex 7.56363 88 7.5683
      vertex 5.82831 88 17.1697
      vertex 6.93878 88 16.7517
    endloop
  endfacet
  facet normal 0 1 0
    outer loop
      vertex -4.69289 88 17.5141
      vertex 0 88 15.1319
      vertex -5.82831 88 17.1697
    endloop
  endfacet
  facet normal 0 1 -0
    outer loop
      vertex 7.56363 88 7.5683
      vertex 6.93878 88 16.7517
      vertex 8.01955 88 16.262
    endloop
  endfacet
  facet normal 0 1 0
    outer loop
      vertex -7.56363 88 7.5683
      vertex -5.82831 88 17.1697
      vertex 0 88 15.1319
    endloop
  endfacet
  facet normal 0 1 0
    outer loop
      vertex 7.56363 88 7.5683
      vertex 8.01955 88 16.262
      vertex 9.06596 88 15.7027
    endloop
  endfacet
  facet normal 0 1 0
    outer loop
      vertex -5.82831 88 17.1697
      vertex -7.56363 88 7.5683
      vertex -6.93878 88 16.7517
    endloop
  endfacet
  facet normal 0 1 0
    outer loop
      vertex -6.93878 88 16.7517
      vertex -7.56363 88 7.5683
      vertex -8.01955 88 16.262
    endloop
  endfacet
  facet normal 0 1 0
    outer loop
      vertex 7.56363 88 7.5683
      vertex 9.06596 88 15.7027
      vertex 10.0736 88 15.0762
    endloop
  endfacet
  facet normal 0 1 0
    outer loop
      vertex 7.56363 88 7.5683
      vertex 10.0736 88 15.0762
      vertex 11.038 88 14.385
    endloop
  endfacet
  facet normal 0 1 0
    outer loop
      vertex 7.56363 88 7.5683
      vertex 11.038 88 14.385
      vertex 11.9552 88 13.6323
    endloop
  endfacet
  facet normal 0 1 0
    outer loop
      vertex 7.56363 88 7.5683
      vertex 11.9552 88 13.6323
      vertex 12.8212 88 12.8212
    endloop
  endfacet
  facet normal 0 1 0
    outer loop
      vertex 7.56363 88 7.5683
      vertex 12.8212 88 12.8212
      vertex 13.6323 88 11.9552
    endloop
  endfacet
  facet normal 0 1 0
    outer loop
      vertex 7.56363 88 7.5683
      vertex 13.6323 88 11.9552
      vertex 14.385 88 11.038
    endloop
  endfacet
  facet normal 0 1 0
    outer loop
      vertex 7.56363 88 7.5683
      vertex 14.385 88 11.038
      vertex 15.0762 88 10.0736
    endloop
  endfacet
  facet normal 0 1 0
    outer loop
      vertex 7.56363 88 7.5683
      vertex 15.0762 88 10.0736
      vertex 15.7027 88 9.06596
    endloop
  endfacet
  facet normal 0 1 0
    outer loop
      vertex 7.56363 88 7.5683
      vertex 15.7027 88 9.06596
      vertex 16.262 88 8.01955
    endloop
  endfacet
  facet normal 0 1 0
    outer loop
      vertex 7.56363 88 7.5683
      vertex 16.262 88 8.01955
      vertex 16.2709 88 8
    endloop
  endfacet
  facet normal 0 1 0
    outer loop
      vertex 5.82831 88 17.1697
      vertex 7.56363 88 7.5683
      vertex 0 88 15.1319
    endloop
  endfacet
  facet normal 0 1 0
    outer loop
      vertex -8.01955 88 16.262
      vertex -7.56363 88 7.5683
      vertex -9.06596 88 15.7027
    endloop
  endfacet
  facet normal 0 1 0
    outer loop
      vertex -9.06596 88 15.7027
      vertex -7.56363 88 7.5683
      vertex -10.0736 88 15.0762
    endloop
  endfacet
  facet normal 0 1 0
    outer loop
      vertex -10.0736 88 15.0762
      vertex -7.56363 88 7.5683
      vertex -11.038 88 14.385
    endloop
  endfacet
  facet normal 0 1 0
    outer loop
      vertex -11.038 88 14.385
      vertex -7.56363 88 7.5683
      vertex -11.9552 88 13.6323
    endloop
  endfacet
  facet normal 0 1 0
    outer loop
      vertex -11.9552 88 13.6323
      vertex -7.56363 88 7.5683
      vertex -12.8212 88 12.8212
    endloop
  endfacet
  facet normal 0 1 -0
    outer loop
      vertex -7.56604 88 7.56604
      vertex -12.8212 88 12.8212
      vertex -7.56363 88 7.5683
    endloop
  endfacet
  facet normal 0 1 0
    outer loop
      vertex -12.8212 88 12.8212
      vertex -7.56604 88 7.56604
      vertex -13.6323 88 11.9552
    endloop
  endfacet
  facet normal 0 1 -0
    outer loop
      vertex -8.04468 88 7.05499
      vertex -13.6323 88 11.9552
      vertex -7.56604 88 7.56604
    endloop
  endfacet
  facet normal 0 1 0
    outer loop
      vertex -13.6323 88 11.9552
      vertex -8.04468 88 7.05499
      vertex -14.385 88 11.038
    endloop
  endfacet
  facet normal 0 1 -0
    outer loop
      vertex -8.48888 88 6.51373
      vertex -14.385 88 11.038
      vertex -8.04468 88 7.05499
    endloop
  endfacet
  facet normal 0 1 0
    outer loop
      vertex -14.385 88 11.038
      vertex -8.48888 88 6.51373
      vertex -15.0762 88 10.0736
    endloop
  endfacet
  facet normal 0 1 -0
    outer loop
      vertex -8.89671 88 5.9446
      vertex -15.0762 88 10.0736
      vertex -8.48888 88 6.51373
    endloop
  endfacet
  facet normal 0 1 0
    outer loop
      vertex -15.0762 88 10.0736
      vertex -8.89671 88 5.9446
      vertex -15.7027 88 9.06596
    endloop
  endfacet
  facet normal 0 1 -0
    outer loop
      vertex -9.26646 88 5.34999
      vertex -15.7027 88 9.06596
      vertex -8.89671 88 5.9446
    endloop
  endfacet
  facet normal 0 1 0
    outer loop
      vertex -15.7027 88 9.06596
      vertex -9.26646 88 5.34999
      vertex -16.262 88 8.01955
    endloop
  endfacet
  facet normal 0 1 -0
    outer loop
      vertex -9.59653 88 4.73248
      vertex -16.262 88 8.01955
      vertex -9.26646 88 5.34999
    endloop
  endfacet
  facet normal 0 1 0
    outer loop
      vertex -16.262 88 8.01955
      vertex -9.59653 88 4.73248
      vertex -16.2709 88 8
    endloop
  endfacet
  facet normal 0 1 -0
    outer loop
      vertex -9.8855 88 4.09471
      vertex -16.2709 88 8
      vertex -9.59653 88 4.73248
    endloop
  endfacet
  facet normal 0 1 -0
    outer loop
      vertex -10.1321 88 3.43939
      vertex -16.2709 88 8
      vertex -9.8855 88 4.09471
    endloop
  endfacet
  facet normal 0 1 -0
    outer loop
      vertex -10.3354 88 2.76936
      vertex -16.2709 88 8
      vertex -10.1321 88 3.43939
    endloop
  endfacet
  facet normal 0 1 -0
    outer loop
      vertex -10.4944 88 2.08746
      vertex -16.2709 88 8
      vertex -10.3354 88 2.76936
    endloop
  endfacet
  facet normal 0 1 -0
    outer loop
      vertex -10.6085 88 1.39662
      vertex -16.2709 88 8
      vertex -10.4944 88 2.08746
    endloop
  endfacet
  facet normal 0 1 -0
    outer loop
      vertex -10.6771 88 0.699799
      vertex -16.2709 88 8
      vertex -10.6085 88 1.39662
    endloop
  endfacet
  facet normal 0 1 -0
    outer loop
      vertex -10.7 88 0
      vertex -16.2709 88 8
      vertex -10.6771 88 0.699799
    endloop
  endfacet
  facet normal 0 1 0
    outer loop
      vertex -16.2709 88 8
      vertex -10.7 88 0
      vertex -34.1319 88 0
    endloop
  endfacet
  facet normal 0 1 0
    outer loop
      vertex -16.2709 88 8
      vertex -34.1319 88 0
      vertex -34.1319 88 8
    endloop
  endfacet
  facet normal 0 -1 0
    outer loop
      vertex -34.1319 48 0
      vertex -16.2709 48 8
      vertex -34.1319 48 8
    endloop
  endfacet
  facet normal 0 -1 0
    outer loop
      vertex -16.2709 48 8
      vertex -7.56604 48 7.56604
      vertex -7.56363 48 7.5683
    endloop
  endfacet
  facet normal 0 -1 0
    outer loop
      vertex -16.2709 48 8
      vertex -8.04468 48 7.05499
      vertex -7.56604 48 7.56604
    endloop
  endfacet
  facet normal 0 -1 0
    outer loop
      vertex -16.2709 48 8
      vertex -8.48888 48 6.51373
      vertex -8.04468 48 7.05499
    endloop
  endfacet
  facet normal 0 -1 0
    outer loop
      vertex -16.2709 48 8
      vertex -8.89671 48 5.9446
      vertex -8.48888 48 6.51373
    endloop
  endfacet
  facet normal 0 -1 0
    outer loop
      vertex -16.2709 48 8
      vertex -9.26646 48 5.34999
      vertex -8.89671 48 5.9446
    endloop
  endfacet
  facet normal 0 -1 0
    outer loop
      vertex -16.2709 48 8
      vertex -9.59653 48 4.73248
      vertex -9.26646 48 5.34999
    endloop
  endfacet
  facet normal 0 -1 0
    outer loop
      vertex -16.2709 48 8
      vertex -9.8855 48 4.09471
      vertex -9.59653 48 4.73248
    endloop
  endfacet
  facet normal 0 -1 0
    outer loop
      vertex -16.2709 48 8
      vertex -10.1321 48 3.43939
      vertex -9.8855 48 4.09471
    endloop
  endfacet
  facet normal 0 -1 0
    outer loop
      vertex -16.2709 48 8
      vertex -10.3354 48 2.76936
      vertex -10.1321 48 3.43939
    endloop
  endfacet
  facet normal 0 -1 0
    outer loop
      vertex -16.2709 48 8
      vertex -10.4944 48 2.08746
      vertex -10.3354 48 2.76936
    endloop
  endfacet
  facet normal 0 -1 0
    outer loop
      vertex -10.7 48 0
      vertex -16.2709 48 8
      vertex -34.1319 48 0
    endloop
  endfacet
  facet normal 0 -1 0
    outer loop
      vertex -16.2709 48 8
      vertex -10.6085 48 1.39662
      vertex -10.4944 48 2.08746
    endloop
  endfacet
  facet normal 0 -1 0
    outer loop
      vertex -16.2709 48 8
      vertex -10.6771 48 0.699799
      vertex -10.6085 48 1.39662
    endloop
  endfacet
  facet normal 0 -1 0
    outer loop
      vertex -16.2709 48 8
      vertex -10.7 48 0
      vertex -10.6771 48 0.699799
    endloop
  endfacet
  facet normal 0 -1 0
    outer loop
      vertex 0 48 15.1319
      vertex 0 48 18.1319
      vertex -1.18588 48 18.0931
    endloop
  endfacet
  facet normal 0 -1 0
    outer loop
      vertex 0 48 15.1319
      vertex -1.18588 48 18.0931
      vertex -2.36668 48 17.9768
    endloop
  endfacet
  facet normal 0 -1 0
    outer loop
      vertex 0 48 18.1319
      vertex 0 48 15.1319
      vertex 1.18588 48 18.0931
    endloop
  endfacet
  facet normal 0 -1 0
    outer loop
      vertex 0 48 15.1319
      vertex -2.36668 48 17.9768
      vertex -3.53735 48 17.7835
    endloop
  endfacet
  facet normal 0 -1 -0
    outer loop
      vertex 1.18588 48 18.0931
      vertex 0 48 15.1319
      vertex 2.36668 48 17.9768
    endloop
  endfacet
  facet normal 0 -1 0
    outer loop
      vertex 0 48 15.1319
      vertex -3.53735 48 17.7835
      vertex -4.69289 48 17.5141
    endloop
  endfacet
  facet normal 0 -1 -0
    outer loop
      vertex 2.36668 48 17.9768
      vertex 0 48 15.1319
      vertex 3.53735 48 17.7835
    endloop
  endfacet
  facet normal 0 -1 0
    outer loop
      vertex 0 48 15.1319
      vertex -4.69289 48 17.5141
      vertex -5.82831 48 17.1697
    endloop
  endfacet
  facet normal 0 -1 -0
    outer loop
      vertex 3.53735 48 17.7835
      vertex 0 48 15.1319
      vertex 4.69289 48 17.5141
    endloop
  endfacet
  facet normal 0 -1 0
    outer loop
      vertex -7.56363 48 7.5683
      vertex -5.82831 48 17.1697
      vertex -6.93878 48 16.7517
    endloop
  endfacet
  facet normal 0 -1 -0
    outer loop
      vertex 4.69289 48 17.5141
      vertex 0 48 15.1319
      vertex 5.82831 48 17.1697
    endloop
  endfacet
  facet normal 0 -1 0
    outer loop
      vertex -7.56363 48 7.5683
      vertex -6.93878 48 16.7517
      vertex -8.01955 48 16.262
    endloop
  endfacet
  facet normal 0 -1 0
    outer loop
      vertex 7.56363 48 7.5683
      vertex 5.82831 48 17.1697
      vertex 0 48 15.1319
    endloop
  endfacet
  facet normal 0 -1 0
    outer loop
      vertex -7.56363 48 7.5683
      vertex -8.01955 48 16.262
      vertex -9.06596 48 15.7027
    endloop
  endfacet
  facet normal 0 -1 0
    outer loop
      vertex 5.82831 48 17.1697
      vertex 7.56363 48 7.5683
      vertex 6.93878 48 16.7517
    endloop
  endfacet
  facet normal 0 -1 0
    outer loop
      vertex 6.93878 48 16.7517
      vertex 7.56363 48 7.5683
      vertex 8.01955 48 16.262
    endloop
  endfacet
  facet normal 0 -1 0
    outer loop
      vertex -7.56363 48 7.5683
      vertex -9.06596 48 15.7027
      vertex -10.0736 48 15.0762
    endloop
  endfacet
  facet normal 0 -1 0
    outer loop
      vertex -7.56363 48 7.5683
      vertex -10.0736 48 15.0762
      vertex -11.038 48 14.385
    endloop
  endfacet
  facet normal 0 -1 0
    outer loop
      vertex -7.56363 48 7.5683
      vertex -11.038 48 14.385
      vertex -11.9552 48 13.6323
    endloop
  endfacet
  facet normal 0 -1 0
    outer loop
      vertex -7.56363 48 7.5683
      vertex -11.9552 48 13.6323
      vertex -12.8212 48 12.8212
    endloop
  endfacet
  facet normal 0 -1 0
    outer loop
      vertex -7.56363 48 7.5683
      vertex -12.8212 48 12.8212
      vertex -13.6323 48 11.9552
    endloop
  endfacet
  facet normal 0 -1 0
    outer loop
      vertex -7.56363 48 7.5683
      vertex -13.6323 48 11.9552
      vertex -14.385 48 11.038
    endloop
  endfacet
  facet normal 0 -1 0
    outer loop
      vertex -7.56363 48 7.5683
      vertex -14.385 48 11.038
      vertex -15.0762 48 10.0736
    endloop
  endfacet
  facet normal 0 -1 0
    outer loop
      vertex -7.56363 48 7.5683
      vertex -15.0762 48 10.0736
      vertex -15.7027 48 9.06596
    endloop
  endfacet
  facet normal 0 -1 0
    outer loop
      vertex -7.56363 48 7.5683
      vertex -15.7027 48 9.06596
      vertex -16.262 48 8.01955
    endloop
  endfacet
  facet normal 0 -1 0
    outer loop
      vertex -7.56363 48 7.5683
      vertex -16.262 48 8.01955
      vertex -16.2709 48 8
    endloop
  endfacet
  facet normal 0 -1 -0
    outer loop
      vertex -5.82831 48 17.1697
      vertex -7.56363 48 7.5683
      vertex 0 48 15.1319
    endloop
  endfacet
  facet normal 0 -1 -0
    outer loop
      vertex 8.01955 48 16.262
      vertex 7.56363 48 7.5683
      vertex 9.06596 48 15.7027
    endloop
  endfacet
  facet normal 0 -1 -0
    outer loop
      vertex 9.06596 48 15.7027
      vertex 7.56363 48 7.5683
      vertex 10.0736 48 15.0762
    endloop
  endfacet
  facet normal 0 -1 -0
    outer loop
      vertex 10.0736 48 15.0762
      vertex 7.56363 48 7.5683
      vertex 11.038 48 14.385
    endloop
  endfacet
  facet normal 0 -1 -0
    outer loop
      vertex 11.038 48 14.385
      vertex 7.56363 48 7.5683
      vertex 11.9552 48 13.6323
    endloop
  endfacet
  facet normal 0 -1 -0
    outer loop
      vertex 11.9552 48 13.6323
      vertex 7.56363 48 7.5683
      vertex 12.8212 48 12.8212
    endloop
  endfacet
  facet normal 0 -1 0
    outer loop
      vertex 7.56604 48 7.56604
      vertex 12.8212 48 12.8212
      vertex 7.56363 48 7.5683
    endloop
  endfacet
  facet normal 0 -1 -0
    outer loop
      vertex 12.8212 48 12.8212
      vertex 7.56604 48 7.56604
      vertex 13.6323 48 11.9552
    endloop
  endfacet
  facet normal 0 -1 0
    outer loop
      vertex 8.04468 48 7.05499
      vertex 13.6323 48 11.9552
      vertex 7.56604 48 7.56604
    endloop
  endfacet
  facet normal 0 -1 -0
    outer loop
      vertex 13.6323 48 11.9552
      vertex 8.04468 48 7.05499
      vertex 14.385 48 11.038
    endloop
  endfacet
  facet normal 0 -1 0
    outer loop
      vertex 8.48888 48 6.51373
      vertex 14.385 48 11.038
      vertex 8.04468 48 7.05499
    endloop
  endfacet
  facet normal 0 -1 -0
    outer loop
      vertex 14.385 48 11.038
      vertex 8.48888 48 6.51373
      vertex 15.0762 48 10.0736
    endloop
  endfacet
  facet normal 0 -1 0
    outer loop
      vertex 8.89671 48 5.9446
      vertex 15.0762 48 10.0736
      vertex 8.48888 48 6.51373
    endloop
  endfacet
  facet normal 0 -1 -0
    outer loop
      vertex 15.0762 48 10.0736
      vertex 8.89671 48 5.9446
      vertex 15.7027 48 9.06596
    endloop
  endfacet
  facet normal 0 -1 0
    outer loop
      vertex 9.26646 48 5.34999
      vertex 15.7027 48 9.06596
      vertex 8.89671 48 5.9446
    endloop
  endfacet
  facet normal 0 -1 -0
    outer loop
      vertex 15.7027 48 9.06596
      vertex 9.26646 48 5.34999
      vertex 16.262 48 8.01955
    endloop
  endfacet
  facet normal 0 -1 0
    outer loop
      vertex 9.59653 48 4.73248
      vertex 16.262 48 8.01955
      vertex 9.26646 48 5.34999
    endloop
  endfacet
  facet normal 0 -1 -0
    outer loop
      vertex 16.262 48 8.01955
      vertex 9.59653 48 4.73248
      vertex 16.2709 48 8
    endloop
  endfacet
  facet normal 0 -1 0
    outer loop
      vertex 9.8855 48 4.09471
      vertex 16.2709 48 8
      vertex 9.59653 48 4.73248
    endloop
  endfacet
  facet normal 0 -1 0
    outer loop
      vertex 10.1321 48 3.43939
      vertex 16.2709 48 8
      vertex 9.8855 48 4.09471
    endloop
  endfacet
  facet normal 0 -1 0
    outer loop
      vertex 10.3354 48 2.76936
      vertex 16.2709 48 8
      vertex 10.1321 48 3.43939
    endloop
  endfacet
  facet normal 0 -1 0
    outer loop
      vertex 10.4944 48 2.08746
      vertex 16.2709 48 8
      vertex 10.3354 48 2.76936
    endloop
  endfacet
  facet normal 0 -1 0
    outer loop
      vertex 10.6085 48 1.39662
      vertex 16.2709 48 8
      vertex 10.4944 48 2.08746
    endloop
  endfacet
  facet normal 0 -1 0
    outer loop
      vertex 10.6771 48 0.699799
      vertex 16.2709 48 8
      vertex 10.6085 48 1.39662
    endloop
  endfacet
  facet normal 0 -1 0
    outer loop
      vertex 10.7 48 0
      vertex 16.2709 48 8
      vertex 10.6771 48 0.699799
    endloop
  endfacet
  facet normal 0 -1 -0
    outer loop
      vertex 16.2709 48 8
      vertex 10.7 48 0
      vertex 50.1319 48 0
    endloop
  endfacet
  facet normal 0 -1 0
    outer loop
      vertex 16.2709 48 8
      vertex 50.1319 48 0
      vertex 50.1319 48 8
    endloop
  endfacet
  facet normal 0.995189 0 -0.0979735
    outer loop
      vertex -10.6085 48 1.39662
      vertex -10.6771 88 0.699799
      vertex -10.6085 88 1.39662
    endloop
  endfacet
  facet normal 0.995189 0 -0.0979735
    outer loop
      vertex -10.6771 88 0.699799
      vertex -10.6085 48 1.39662
      vertex -10.6771 48 0.699799
    endloop
  endfacet
  facet normal 0.986634 0 -0.162954
    outer loop
      vertex -10.4944 48 2.08746
      vertex -10.6085 88 1.39662
      vertex -10.4944 88 2.08746
    endloop
  endfacet
  facet normal 0.986634 0 -0.162954
    outer loop
      vertex -10.6085 88 1.39662
      vertex -10.4944 48 2.08746
      vertex -10.6085 48 1.39662
    endloop
  endfacet
  facet normal 0.973876 0 -0.227081
    outer loop
      vertex -10.3354 48 2.76936
      vertex -10.4944 88 2.08746
      vertex -10.3354 88 2.76936
    endloop
  endfacet
  facet normal 0.973876 0 -0.227081
    outer loop
      vertex -10.4944 88 2.08746
      vertex -10.3354 48 2.76936
      vertex -10.4944 48 2.08746
    endloop
  endfacet
  facet normal 0.956921 0 -0.290348
    outer loop
      vertex -10.1321 48 3.43939
      vertex -10.3354 88 2.76936
      vertex -10.1321 88 3.43939
    endloop
  endfacet
  facet normal 0.956921 0 -0.290348
    outer loop
      vertex -10.3354 88 2.76936
      vertex -10.1321 48 3.43939
      vertex -10.3354 48 2.76936
    endloop
  endfacet
  facet normal 0.935927 0 -0.352194
    outer loop
      vertex -9.8855 48 4.09471
      vertex -10.1321 88 3.43939
      vertex -9.8855 88 4.09471
    endloop
  endfacet
  facet normal 0.935927 0 -0.352194
    outer loop
      vertex -10.1321 88 3.43939
      vertex -9.8855 48 4.09471
      vertex -10.1321 48 3.43939
    endloop
  endfacet
  facet normal 0.910864 0 -0.412707
    outer loop
      vertex -9.59653 48 4.73248
      vertex -9.8855 88 4.09471
      vertex -9.59653 88 4.73248
    endloop
  endfacet
  facet normal 0.910864 0 -0.412707
    outer loop
      vertex -9.8855 88 4.09471
      vertex -9.59653 48 4.73248
      vertex -9.8855 48 4.09471
    endloop
  endfacet
  facet normal 0.881919 0 -0.471401
    outer loop
      vertex -9.26646 48 5.34999
      vertex -9.59653 88 4.73248
      vertex -9.26646 88 5.34999
    endloop
  endfacet
  facet normal 0.881919 0 -0.471401
    outer loop
      vertex -9.59653 88 4.73248
      vertex -9.26646 48 5.34999
      vertex -9.59653 48 4.73248
    endloop
  endfacet
  facet normal 0.849204 0 -0.528066
    outer loop
      vertex -8.89671 48 5.9446
      vertex -9.26646 88 5.34999
      vertex -8.89671 88 5.9446
    endloop
  endfacet
  facet normal 0.849204 0 -0.528066
    outer loop
      vertex -9.26646 88 5.34999
      vertex -8.89671 48 5.9446
      vertex -9.26646 48 5.34999
    endloop
  endfacet
  facet normal 0.812849 0 -0.582475
    outer loop
      vertex -8.48888 48 6.51373
      vertex -8.89671 88 5.9446
      vertex -8.48888 88 6.51373
    endloop
  endfacet
  facet normal 0.812849 0 -0.582475
    outer loop
      vertex -8.89671 88 5.9446
      vertex -8.48888 48 6.51373
      vertex -8.89671 48 5.9446
    endloop
  endfacet
  facet normal 0.773011 0 -0.634393
    outer loop
      vertex -8.04468 48 7.05499
      vertex -8.48888 88 6.51373
      vertex -8.04468 88 7.05499
    endloop
  endfacet
  facet normal 0.773011 0 -0.634393
    outer loop
      vertex -8.48888 88 6.51373
      vertex -8.04468 48 7.05499
      vertex -8.48888 48 6.51373
    endloop
  endfacet
  facet normal 0.729872 0 -0.683584
    outer loop
      vertex -7.56604 48 7.56604
      vertex -8.04468 88 7.05499
      vertex -7.56604 88 7.56604
    endloop
  endfacet
  facet normal 0.729872 0 -0.683584
    outer loop
      vertex -8.04468 88 7.05499
      vertex -7.56604 48 7.56604
      vertex -8.04468 48 7.05499
    endloop
  endfacet
  facet normal 0.684042 0 -0.729443
    outer loop
      vertex -7.56604 48 7.56604
      vertex -7.56363 88 7.5683
      vertex -7.56363 48 7.5683
    endloop
  endfacet
  facet normal 0.684042 0 -0.729443
    outer loop
      vertex -7.56363 88 7.5683
      vertex -7.56604 48 7.56604
      vertex -7.56604 88 7.56604
    endloop
  endfacet
  facet normal 0.707105 0 -0.707108
    outer loop
      vertex 0 48 15.1319
      vertex -7.56363 88 7.5683
      vertex 0 88 15.1319
    endloop
  endfacet
  facet normal 0.707105 0 -0.707108
    outer loop
      vertex -7.56363 88 7.5683
      vertex 0 48 15.1319
      vertex -7.56363 48 7.5683
    endloop
  endfacet
  facet normal -0.707105 0 -0.707108
    outer loop
      vertex 7.56363 48 7.5683
      vertex 0 88 15.1319
      vertex 7.56363 88 7.5683
    endloop
  endfacet
  facet normal -0.707105 -0 -0.707108
    outer loop
      vertex 0 88 15.1319
      vertex 7.56363 48 7.5683
      vertex 0 48 15.1319
    endloop
  endfacet
  facet normal -0.684042 0 -0.729443
    outer loop
      vertex 7.56363 48 7.5683
      vertex 7.56604 88 7.56604
      vertex 7.56604 48 7.56604
    endloop
  endfacet
  facet normal -0.684042 0 -0.729443
    outer loop
      vertex 7.56604 88 7.56604
      vertex 7.56363 48 7.5683
      vertex 7.56363 88 7.5683
    endloop
  endfacet
  facet normal -0.729872 0 -0.683584
    outer loop
      vertex 8.04468 48 7.05499
      vertex 7.56604 88 7.56604
      vertex 8.04468 88 7.05499
    endloop
  endfacet
  facet normal -0.729872 -0 -0.683584
    outer loop
      vertex 7.56604 88 7.56604
      vertex 8.04468 48 7.05499
      vertex 7.56604 48 7.56604
    endloop
  endfacet
  facet normal -0.773011 0 -0.634393
    outer loop
      vertex 8.48888 48 6.51373
      vertex 8.04468 88 7.05499
      vertex 8.48888 88 6.51373
    endloop
  endfacet
  facet normal -0.773011 -0 -0.634393
    outer loop
      vertex 8.04468 88 7.05499
      vertex 8.48888 48 6.51373
      vertex 8.04468 48 7.05499
    endloop
  endfacet
  facet normal -0.812849 0 -0.582475
    outer loop
      vertex 8.89671 48 5.9446
      vertex 8.48888 88 6.51373
      vertex 8.89671 88 5.9446
    endloop
  endfacet
  facet normal -0.812849 -0 -0.582475
    outer loop
      vertex 8.48888 88 6.51373
      vertex 8.89671 48 5.9446
      vertex 8.48888 48 6.51373
    endloop
  endfacet
  facet normal -0.849204 0 -0.528066
    outer loop
      vertex 9.26646 48 5.34999
      vertex 8.89671 88 5.9446
      vertex 9.26646 88 5.34999
    endloop
  endfacet
  facet normal -0.849204 -0 -0.528066
    outer loop
      vertex 8.89671 88 5.9446
      vertex 9.26646 48 5.34999
      vertex 8.89671 48 5.9446
    endloop
  endfacet
  facet normal -0.881919 0 -0.471401
    outer loop
      vertex 9.59653 48 4.73248
      vertex 9.26646 88 5.34999
      vertex 9.59653 88 4.73248
    endloop
  endfacet
  facet normal -0.881919 -0 -0.471401
    outer loop
      vertex 9.26646 88 5.34999
      vertex 9.59653 48 4.73248
      vertex 9.26646 48 5.34999
    endloop
  endfacet
  facet normal -0.910864 0 -0.412707
    outer loop
      vertex 9.8855 48 4.09471
      vertex 9.59653 88 4.73248
      vertex 9.8855 88 4.09471
    endloop
  endfacet
  facet normal -0.910864 -0 -0.412707
    outer loop
      vertex 9.59653 88 4.73248
      vertex 9.8855 48 4.09471
      vertex 9.59653 48 4.73248
    endloop
  endfacet
  facet normal -0.935927 0 -0.352194
    outer loop
      vertex 10.1321 48 3.43939
      vertex 9.8855 88 4.09471
      vertex 10.1321 88 3.43939
    endloop
  endfacet
  facet normal -0.935927 -0 -0.352194
    outer loop
      vertex 9.8855 88 4.09471
      vertex 10.1321 48 3.43939
      vertex 9.8855 48 4.09471
    endloop
  endfacet
  facet normal -0.956921 0 -0.290348
    outer loop
      vertex 10.3354 48 2.76936
      vertex 10.1321 88 3.43939
      vertex 10.3354 88 2.76936
    endloop
  endfacet
  facet normal -0.956921 -0 -0.290348
    outer loop
      vertex 10.1321 88 3.43939
      vertex 10.3354 48 2.76936
      vertex 10.1321 48 3.43939
    endloop
  endfacet
  facet normal -0.973876 0 -0.227081
    outer loop
      vertex 10.4944 48 2.08746
      vertex 10.3354 88 2.76936
      vertex 10.4944 88 2.08746
    endloop
  endfacet
  facet normal -0.973876 -0 -0.227081
    outer loop
      vertex 10.3354 88 2.76936
      vertex 10.4944 48 2.08746
      vertex 10.3354 48 2.76936
    endloop
  endfacet
  facet normal -0.986634 0 -0.162954
    outer loop
      vertex 10.6085 48 1.39662
      vertex 10.4944 88 2.08746
      vertex 10.6085 88 1.39662
    endloop
  endfacet
  facet normal -0.986634 -0 -0.162954
    outer loop
      vertex 10.4944 88 2.08746
      vertex 10.6085 48 1.39662
      vertex 10.4944 48 2.08746
    endloop
  endfacet
  facet normal -0.995189 0 -0.0979735
    outer loop
      vertex 10.6771 48 0.699799
      vertex 10.6085 88 1.39662
      vertex 10.6771 88 0.699799
    endloop
  endfacet
  facet normal -0.995189 -0 -0.0979735
    outer loop
      vertex 10.6085 88 1.39662
      vertex 10.6771 48 0.699799
      vertex 10.6085 48 1.39662
    endloop
  endfacet
  facet normal -0.999465 0 -0.0327062
    outer loop
      vertex 10.7 48 0
      vertex 10.6771 88 0.699799
      vertex 10.7 88 0
    endloop
  endfacet
  facet normal -0.999465 -0 -0.0327062
    outer loop
      vertex 10.6771 88 0.699799
      vertex 10.7 48 0
      vertex 10.6771 48 0.699799
    endloop
  endfacet
  facet normal 0 0 -1
    outer loop
      vertex 50.1319 48 0
      vertex 46.6319 68 0
      vertex 50.1319 88 0
    endloop
  endfacet
  facet normal 0 0 -1
    outer loop
      vertex 50.1319 48 0
      vertex 46.618 67.5749 0
      vertex 46.6319 68 0
    endloop
  endfacet
  facet normal 0 0 -1
    outer loop
      vertex 50.1319 48 0
      vertex 46.5763 67.1516 0
      vertex 46.618 67.5749 0
    endloop
  endfacet
  facet normal 0 0 -1
    outer loop
      vertex 50.1319 48 0
      vertex 46.507 66.7319 0
      vertex 46.5763 67.1516 0
    endloop
  endfacet
  facet normal 0 0 -1
    outer loop
      vertex 50.1319 48 0
      vertex 46.4105 66.3177 0
      vertex 46.507 66.7319 0
    endloop
  endfacet
  facet normal 0 0 -1
    outer loop
      vertex 50.1319 48 0
      vertex 46.287 65.9106 0
      vertex 46.4105 66.3177 0
    endloop
  endfacet
  facet normal 0 0 -1
    outer loop
      vertex 50.1319 48 0
      vertex 46.1372 65.5126 0
      vertex 46.287 65.9106 0
    endloop
  endfacet
  facet normal 0 0 -1
    outer loop
      vertex 50.1319 48 0
      vertex 45.9616 65.1251 0
      vertex 46.1372 65.5126 0
    endloop
  endfacet
  facet normal 0 0 -1
    outer loop
      vertex 50.1319 48 0
      vertex 45.7611 64.75 0
      vertex 45.9616 65.1251 0
    endloop
  endfacet
  facet normal 0 0 -1
    outer loop
      vertex 50.1319 48 0
      vertex 45.5365 64.3888 0
      vertex 45.7611 64.75 0
    endloop
  endfacet
  facet normal 0 0 -1
    outer loop
      vertex 50.1319 48 0
      vertex 45.2887 64.0431 0
      vertex 45.5365 64.3888 0
    endloop
  endfacet
  facet normal 0 0 -1
    outer loop
      vertex 50.1319 48 0
      vertex 45.0189 63.7143 0
      vertex 45.2887 64.0431 0
    endloop
  endfacet
  facet normal 0 0 -1
    outer loop
      vertex 50.1319 48 0
      vertex 44.7281 63.4038 0
      vertex 45.0189 63.7143 0
    endloop
  endfacet
  facet normal 0 0 -1
    outer loop
      vertex 50.1319 48 0
      vertex 44.4177 63.113 0
      vertex 44.7281 63.4038 0
    endloop
  endfacet
  facet normal 0 0 -1
    outer loop
      vertex 50.1319 48 0
      vertex 44.0889 62.8432 0
      vertex 44.4177 63.113 0
    endloop
  endfacet
  facet normal 0 0 -1
    outer loop
      vertex 50.1319 48 0
      vertex 43.7431 62.5954 0
      vertex 44.0889 62.8432 0
    endloop
  endfacet
  facet normal 0 0 -1
    outer loop
      vertex 50.1319 48 0
      vertex 43.3819 62.3708 0
      vertex 43.7431 62.5954 0
    endloop
  endfacet
  facet normal 0 0 -1
    outer loop
      vertex 50.1319 48 0
      vertex 43.0068 62.1703 0
      vertex 43.3819 62.3708 0
    endloop
  endfacet
  facet normal 0 0 -1
    outer loop
      vertex 50.1319 48 0
      vertex 42.6194 61.9948 0
      vertex 43.0068 62.1703 0
    endloop
  endfacet
  facet normal 0 0 -1
    outer loop
      vertex 50.1319 48 0
      vertex 42.2213 61.845 0
      vertex 42.6194 61.9948 0
    endloop
  endfacet
  facet normal 0 0 -1
    outer loop
      vertex 50.1319 48 0
      vertex 41.8143 61.7215 0
      vertex 42.2213 61.845 0
    endloop
  endfacet
  facet normal 0 0 -1
    outer loop
      vertex 50.1319 48 0
      vertex 41.4 61.6249 0
      vertex 41.8143 61.7215 0
    endloop
  endfacet
  facet normal 0 0 -1
    outer loop
      vertex 50.1319 48 0
      vertex 40.9804 61.5556 0
      vertex 41.4 61.6249 0
    endloop
  endfacet
  facet normal 0 0 -1
    outer loop
      vertex 50.1319 48 0
      vertex 40.5571 61.5139 0
      vertex 40.9804 61.5556 0
    endloop
  endfacet
  facet normal 0 0 -1
    outer loop
      vertex 50.1319 48 0
      vertex 40.1319 61.5 0
      vertex 40.5571 61.5139 0
    endloop
  endfacet
  facet normal 0 0 -1
    outer loop
      vertex 50.1319 48 0
      vertex 39.7068 61.5139 0
      vertex 40.1319 61.5 0
    endloop
  endfacet
  facet normal 0 0 -1
    outer loop
      vertex 50.1319 48 0
      vertex 39.2835 61.5556 0
      vertex 39.7068 61.5139 0
    endloop
  endfacet
  facet normal 0 0 -1
    outer loop
      vertex 50.1319 48 0
      vertex 38.8639 61.6249 0
      vertex 39.2835 61.5556 0
    endloop
  endfacet
  facet normal 0 0 -1
    outer loop
      vertex 50.1319 48 0
      vertex 38.4496 61.7215 0
      vertex 38.8639 61.6249 0
    endloop
  endfacet
  facet normal 0 0 -1
    outer loop
      vertex 50.1319 48 0
      vertex 38.0426 61.845 0
      vertex 38.4496 61.7215 0
    endloop
  endfacet
  facet normal 0 0 -1
    outer loop
      vertex 50.1319 48 0
      vertex 37.6445 61.9948 0
      vertex 38.0426 61.845 0
    endloop
  endfacet
  facet normal 0 0 -1
    outer loop
      vertex 10.7 48 0
      vertex 37.6445 61.9948 0
      vertex 50.1319 48 0
    endloop
  endfacet
  facet normal -0 0 -1
    outer loop
      vertex 37.6445 61.9948 0
      vertex 10.7 48 0
      vertex 37.2571 62.1703 0
    endloop
  endfacet
  facet normal -0 0 -1
    outer loop
      vertex 37.2571 62.1703 0
      vertex 10.7 48 0
      vertex 36.8819 62.3708 0
    endloop
  endfacet
  facet normal -0 0 -1
    outer loop
      vertex 36.8819 62.3708 0
      vertex 10.7 48 0
      vertex 36.5207 62.5954 0
    endloop
  endfacet
  facet normal 0 -0 -1
    outer loop
      vertex 26.3118 65.2559 0
      vertex 36.5207 62.5954 0
      vertex 10.7 48 0
    endloop
  endfacet
  facet normal 0 -0 -1
    outer loop
      vertex 26.4909 65.2735 0
      vertex 36.5207 62.5954 0
      vertex 26.3118 65.2559 0
    endloop
  endfacet
  facet normal 0 0 -1
    outer loop
      vertex 28.8761 67.8201 0
      vertex 33.6319 68 0
      vertex 33.6459 67.5749 0
    endloop
  endfacet
  facet normal 0 0 -1
    outer loop
      vertex 28.8291 67.4635 0
      vertex 33.6459 67.5749 0
      vertex 33.6875 67.1516 0
    endloop
  endfacet
  facet normal 0 0 -1
    outer loop
      vertex 28.7882 67.2882 0
      vertex 33.6875 67.1516 0
      vertex 33.7568 66.7319 0
    endloop
  endfacet
  facet normal 0 0 -1
    outer loop
      vertex 28.6726 66.9476 0
      vertex 33.7568 66.7319 0
      vertex 33.8534 66.3177 0
    endloop
  endfacet
  facet normal 0 0 -1
    outer loop
      vertex 28.5135 66.625 0
      vertex 33.8534 66.3177 0
      vertex 33.9769 65.9106 0
    endloop
  endfacet
  facet normal 0 0 -1
    outer loop
      vertex 28.4185 66.4722 0
      vertex 33.9769 65.9106 0
      vertex 34.1267 65.5126 0
    endloop
  endfacet
  facet normal 0 0 -1
    outer loop
      vertex 28.1995 66.1868 0
      vertex 34.1267 65.5126 0
      vertex 34.3023 65.1251 0
    endloop
  endfacet
  facet normal 0 0 -1
    outer loop
      vertex 28.0765 66.0555 0
      vertex 34.3023 65.1251 0
      vertex 34.5028 64.75 0
    endloop
  endfacet
  facet normal 0 0 -1
    outer loop
      vertex 27.806 65.8183 0
      vertex 34.5028 64.75 0
      vertex 34.7274 64.3888 0
    endloop
  endfacet
  facet normal 0 0 -1
    outer loop
      vertex 27.6598 65.7135 0
      vertex 34.7274 64.3888 0
      vertex 34.9751 64.0431 0
    endloop
  endfacet
  facet normal 0 0 -1
    outer loop
      vertex 27.3482 65.5336 0
      vertex 34.9751 64.0431 0
      vertex 35.245 63.7143 0
    endloop
  endfacet
  facet normal 0 0 -1
    outer loop
      vertex 27.1843 65.4593 0
      vertex 35.245 63.7143 0
      vertex 35.5357 63.4038 0
    endloop
  endfacet
  facet normal 0 0 -1
    outer loop
      vertex 36.5207 62.5954 0
      vertex 26.4909 65.2735 0
      vertex 36.175 62.8432 0
    endloop
  endfacet
  facet normal -0 0 -1
    outer loop
      vertex 33.6319 68 0
      vertex 28.8761 67.8201 0
      vertex 28.8819 68 0
    endloop
  endfacet
  facet normal 0 0 -1
    outer loop
      vertex 33.6459 67.5749 0
      vertex 28.8584 67.6411 0
      vertex 28.8761 67.8201 0
    endloop
  endfacet
  facet normal -0 0 -1
    outer loop
      vertex 33.6459 67.5749 0
      vertex 28.8291 67.4635 0
      vertex 28.8584 67.6411 0
    endloop
  endfacet
  facet normal 0 0 -1
    outer loop
      vertex 33.6875 67.1516 0
      vertex 28.7882 67.2882 0
      vertex 28.8291 67.4635 0
    endloop
  endfacet
  facet normal 0 0 -1
    outer loop
      vertex 33.7568 66.7319 0
      vertex 28.736 67.116 0
      vertex 28.7882 67.2882 0
    endloop
  endfacet
  facet normal 0 0 -1
    outer loop
      vertex 33.7568 66.7319 0
      vertex 28.6726 66.9476 0
      vertex 28.736 67.116 0
    endloop
  endfacet
  facet normal 0 0 -1
    outer loop
      vertex 33.8534 66.3177 0
      vertex 28.5983 66.7837 0
      vertex 28.6726 66.9476 0
    endloop
  endfacet
  facet normal 0 0 -1
    outer loop
      vertex 33.8534 66.3177 0
      vertex 28.5135 66.625 0
      vertex 28.5983 66.7837 0
    endloop
  endfacet
  facet normal 0 0 -1
    outer loop
      vertex 33.9769 65.9106 0
      vertex 28.4185 66.4722 0
      vertex 28.5135 66.625 0
    endloop
  endfacet
  facet normal 0 0 -1
    outer loop
      vertex 34.1267 65.5126 0
      vertex 28.3137 66.3259 0
      vertex 28.4185 66.4722 0
    endloop
  endfacet
  facet normal 0 0 -1
    outer loop
      vertex 34.1267 65.5126 0
      vertex 28.1995 66.1868 0
      vertex 28.3137 66.3259 0
    endloop
  endfacet
  facet normal 0 0 -1
    outer loop
      vertex 34.3023 65.1251 0
      vertex 28.0765 66.0555 0
      vertex 28.1995 66.1868 0
    endloop
  endfacet
  facet normal 0 0 -1
    outer loop
      vertex 34.5028 64.75 0
      vertex 27.9451 65.9324 0
      vertex 28.0765 66.0555 0
    endloop
  endfacet
  facet normal 0 0 -1
    outer loop
      vertex 34.5028 64.75 0
      vertex 27.806 65.8183 0
      vertex 27.9451 65.9324 0
    endloop
  endfacet
  facet normal 0 0 -1
    outer loop
      vertex 34.7274 64.3888 0
      vertex 27.6598 65.7135 0
      vertex 27.806 65.8183 0
    endloop
  endfacet
  facet normal 0 0 -1
    outer loop
      vertex 34.9751 64.0431 0
      vertex 27.5069 65.6184 0
      vertex 27.6598 65.7135 0
    endloop
  endfacet
  facet normal 0 0 -1
    outer loop
      vertex 34.9751 64.0431 0
      vertex 27.3482 65.5336 0
      vertex 27.5069 65.6184 0
    endloop
  endfacet
  facet normal 0 0 -1
    outer loop
      vertex 35.245 63.7143 0
      vertex 27.1843 65.4593 0
      vertex 27.3482 65.5336 0
    endloop
  endfacet
  facet normal 0 0 -1
    outer loop
      vertex 35.5357 63.4038 0
      vertex 27.0159 65.3959 0
      vertex 27.1843 65.4593 0
    endloop
  endfacet
  facet normal 0 0 -1
    outer loop
      vertex 35.5357 63.4038 0
      vertex 26.8437 65.3437 0
      vertex 27.0159 65.3959 0
    endloop
  endfacet
  facet normal 0 0 -1
    outer loop
      vertex 35.8462 63.113 0
      vertex 26.8437 65.3437 0
      vertex 35.5357 63.4038 0
    endloop
  endfacet
  facet normal 0 -0 -1
    outer loop
      vertex 26.6684 65.3028 0
      vertex 36.175 62.8432 0
      vertex 26.4909 65.2735 0
    endloop
  endfacet
  facet normal 0 -0 -1
    outer loop
      vertex 26.8437 65.3437 0
      vertex 35.8462 63.113 0
      vertex 26.6684 65.3028 0
    endloop
  endfacet
  facet normal 0 0 -1
    outer loop
      vertex 36.175 62.8432 0
      vertex 26.6684 65.3028 0
      vertex 35.8462 63.113 0
    endloop
  endfacet
  facet normal 0 0 -1
    outer loop
      vertex 26.3118 65.2559 0
      vertex 10.7 48 0
      vertex 26.1319 65.25 0
    endloop
  endfacet
  facet normal -0 0 -1
    outer loop
      vertex 26.1319 65.25 0
      vertex 10.7 48 0
      vertex 25.9521 65.2559 0
    endloop
  endfacet
  facet normal -0 0 -1
    outer loop
      vertex 25.9521 65.2559 0
      vertex 10.7 48 0
      vertex 25.773 65.2735 0
    endloop
  endfacet
  facet normal -0 0 -1
    outer loop
      vertex 25.773 65.2735 0
      vertex 10.7 48 0
      vertex 25.5954 65.3028 0
    endloop
  endfacet
  facet normal -0 0 -1
    outer loop
      vertex 25.5954 65.3028 0
      vertex 10.7 48 0
      vertex 25.4202 65.3437 0
    endloop
  endfacet
  facet normal -0 0 -1
    outer loop
      vertex 25.4202 65.3437 0
      vertex 10.7 48 0
      vertex 25.248 65.3959 0
    endloop
  endfacet
  facet normal -0 0 -1
    outer loop
      vertex 25.248 65.3959 0
      vertex 10.7 48 0
      vertex 25.0796 65.4593 0
    endloop
  endfacet
  facet normal -0 0 -1
    outer loop
      vertex 25.0796 65.4593 0
      vertex 10.7 48 0
      vertex 24.9156 65.5336 0
    endloop
  endfacet
  facet normal -0 0 -1
    outer loop
      vertex 24.9156 65.5336 0
      vertex 10.7 48 0
      vertex 24.7569 65.6184 0
    endloop
  endfacet
  facet normal -0 0 -1
    outer loop
      vertex 23.3878 67.8201 0
      vertex 10.7 48 0
      vertex 23.3819 68 0
    endloop
  endfacet
  facet normal -0 0 -1
    outer loop
      vertex 23.4055 67.6411 0
      vertex 10.7 48 0
      vertex 23.3878 67.8201 0
    endloop
  endfacet
  facet normal -0 0 -1
    outer loop
      vertex 23.4348 67.4635 0
      vertex 10.7 48 0
      vertex 23.4055 67.6411 0
    endloop
  endfacet
  facet normal -0 0 -1
    outer loop
      vertex 23.4756 67.2882 0
      vertex 10.7 48 0
      vertex 23.4348 67.4635 0
    endloop
  endfacet
  facet normal -0 0 -1
    outer loop
      vertex 23.5279 67.116 0
      vertex 10.7 48 0
      vertex 23.4756 67.2882 0
    endloop
  endfacet
  facet normal -0 0 -1
    outer loop
      vertex 23.5913 66.9476 0
      vertex 10.7 48 0
      vertex 23.5279 67.116 0
    endloop
  endfacet
  facet normal -0 0 -1
    outer loop
      vertex 23.6655 66.7837 0
      vertex 10.7 48 0
      vertex 23.5913 66.9476 0
    endloop
  endfacet
  facet normal -0 0 -1
    outer loop
      vertex 23.7504 66.625 0
      vertex 10.7 48 0
      vertex 23.6655 66.7837 0
    endloop
  endfacet
  facet normal -0 0 -1
    outer loop
      vertex 23.8454 66.4722 0
      vertex 10.7 48 0
      vertex 23.7504 66.625 0
    endloop
  endfacet
  facet normal -0 0 -1
    outer loop
      vertex 23.9502 66.3259 0
      vertex 10.7 48 0
      vertex 23.8454 66.4722 0
    endloop
  endfacet
  facet normal -0 0 -1
    outer loop
      vertex 24.0644 66.1868 0
      vertex 10.7 48 0
      vertex 23.9502 66.3259 0
    endloop
  endfacet
  facet normal -0 0 -1
    outer loop
      vertex 24.1874 66.0555 0
      vertex 10.7 48 0
      vertex 24.0644 66.1868 0
    endloop
  endfacet
  facet normal -0 0 -1
    outer loop
      vertex 24.3187 65.9324 0
      vertex 10.7 48 0
      vertex 24.1874 66.0555 0
    endloop
  endfacet
  facet normal -0 0 -1
    outer loop
      vertex 24.4578 65.8183 0
      vertex 10.7 48 0
      vertex 24.3187 65.9324 0
    endloop
  endfacet
  facet normal -0 0 -1
    outer loop
      vertex 24.6041 65.7135 0
      vertex 10.7 48 0
      vertex 24.4578 65.8183 0
    endloop
  endfacet
  facet normal -0 0 -1
    outer loop
      vertex 24.7569 65.6184 0
      vertex 10.7 48 0
      vertex 24.6041 65.7135 0
    endloop
  endfacet
  facet normal 0 0 -1
    outer loop
      vertex 46.618 68.4251 0
      vertex 50.1319 88 0
      vertex 46.6319 68 0
    endloop
  endfacet
  facet normal 0 0 -1
    outer loop
      vertex 46.5763 68.8484 0
      vertex 50.1319 88 0
      vertex 46.618 68.4251 0
    endloop
  endfacet
  facet normal 0 0 -1
    outer loop
      vertex 46.507 69.2681 0
      vertex 50.1319 88 0
      vertex 46.5763 68.8484 0
    endloop
  endfacet
  facet normal 0 0 -1
    outer loop
      vertex 46.4105 69.6823 0
      vertex 50.1319 88 0
      vertex 46.507 69.2681 0
    endloop
  endfacet
  facet normal 0 0 -1
    outer loop
      vertex 46.287 70.0894 0
      vertex 50.1319 88 0
      vertex 46.4105 69.6823 0
    endloop
  endfacet
  facet normal 0 0 -1
    outer loop
      vertex 46.1372 70.4874 0
      vertex 50.1319 88 0
      vertex 46.287 70.0894 0
    endloop
  endfacet
  facet normal 0 0 -1
    outer loop
      vertex 45.9616 70.8749 0
      vertex 50.1319 88 0
      vertex 46.1372 70.4874 0
    endloop
  endfacet
  facet normal 0 0 -1
    outer loop
      vertex 45.7611 71.25 0
      vertex 50.1319 88 0
      vertex 45.9616 70.8749 0
    endloop
  endfacet
  facet normal 0 0 -1
    outer loop
      vertex 45.5365 71.6112 0
      vertex 50.1319 88 0
      vertex 45.7611 71.25 0
    endloop
  endfacet
  facet normal 0 0 -1
    outer loop
      vertex 45.2887 71.9569 0
      vertex 50.1319 88 0
      vertex 45.5365 71.6112 0
    endloop
  endfacet
  facet normal 0 0 -1
    outer loop
      vertex 45.0189 72.2858 0
      vertex 50.1319 88 0
      vertex 45.2887 71.9569 0
    endloop
  endfacet
  facet normal 0 0 -1
    outer loop
      vertex 44.7281 72.5962 0
      vertex 50.1319 88 0
      vertex 45.0189 72.2858 0
    endloop
  endfacet
  facet normal 0 0 -1
    outer loop
      vertex 44.4177 72.887 0
      vertex 50.1319 88 0
      vertex 44.7281 72.5962 0
    endloop
  endfacet
  facet normal 0 0 -1
    outer loop
      vertex 44.0889 73.1568 0
      vertex 50.1319 88 0
      vertex 44.4177 72.887 0
    endloop
  endfacet
  facet normal 0 0 -1
    outer loop
      vertex 43.7431 73.4046 0
      vertex 50.1319 88 0
      vertex 44.0889 73.1568 0
    endloop
  endfacet
  facet normal 0 0 -1
    outer loop
      vertex 43.3819 73.6292 0
      vertex 50.1319 88 0
      vertex 43.7431 73.4046 0
    endloop
  endfacet
  facet normal 0 0 -1
    outer loop
      vertex 43.0068 73.8297 0
      vertex 50.1319 88 0
      vertex 43.3819 73.6292 0
    endloop
  endfacet
  facet normal 0 0 -1
    outer loop
      vertex 42.6194 74.0052 0
      vertex 50.1319 88 0
      vertex 43.0068 73.8297 0
    endloop
  endfacet
  facet normal 0 0 -1
    outer loop
      vertex 42.2213 74.155 0
      vertex 50.1319 88 0
      vertex 42.6194 74.0052 0
    endloop
  endfacet
  facet normal 0 0 -1
    outer loop
      vertex 41.8143 74.2785 0
      vertex 50.1319 88 0
      vertex 42.2213 74.155 0
    endloop
  endfacet
  facet normal 0 0 -1
    outer loop
      vertex 41.4 74.3751 0
      vertex 50.1319 88 0
      vertex 41.8143 74.2785 0
    endloop
  endfacet
  facet normal 0 0 -1
    outer loop
      vertex 40.9804 74.4444 0
      vertex 50.1319 88 0
      vertex 41.4 74.3751 0
    endloop
  endfacet
  facet normal 0 0 -1
    outer loop
      vertex 40.5571 74.4861 0
      vertex 50.1319 88 0
      vertex 40.9804 74.4444 0
    endloop
  endfacet
  facet normal 0 0 -1
    outer loop
      vertex 40.1319 74.5 0
      vertex 50.1319 88 0
      vertex 40.5571 74.4861 0
    endloop
  endfacet
  facet normal 0 0 -1
    outer loop
      vertex 39.7068 74.4861 0
      vertex 50.1319 88 0
      vertex 40.1319 74.5 0
    endloop
  endfacet
  facet normal 0 0 -1
    outer loop
      vertex 39.2835 74.4444 0
      vertex 50.1319 88 0
      vertex 39.7068 74.4861 0
    endloop
  endfacet
  facet normal 0 0 -1
    outer loop
      vertex 38.8639 74.3751 0
      vertex 50.1319 88 0
      vertex 39.2835 74.4444 0
    endloop
  endfacet
  facet normal 0 0 -1
    outer loop
      vertex 38.4496 74.2785 0
      vertex 50.1319 88 0
      vertex 38.8639 74.3751 0
    endloop
  endfacet
  facet normal 0 0 -1
    outer loop
      vertex 38.0426 74.155 0
      vertex 50.1319 88 0
      vertex 38.4496 74.2785 0
    endloop
  endfacet
  facet normal 0 0 -1
    outer loop
      vertex 37.6445 74.0052 0
      vertex 50.1319 88 0
      vertex 38.0426 74.155 0
    endloop
  endfacet
  facet normal 0 0 -1
    outer loop
      vertex 10.7 88 0
      vertex 37.6445 74.0052 0
      vertex 37.2571 73.8297 0
    endloop
  endfacet
  facet normal 0 0 -1
    outer loop
      vertex 10.7 88 0
      vertex 37.2571 73.8297 0
      vertex 36.8819 73.6292 0
    endloop
  endfacet
  facet normal 0 0 -1
    outer loop
      vertex 10.7 88 0
      vertex 36.8819 73.6292 0
      vertex 36.5207 73.4046 0
    endloop
  endfacet
  facet normal 0 0 -1
    outer loop
      vertex 26.4909 70.7265 0
      vertex 36.5207 73.4046 0
      vertex 36.175 73.1568 0
    endloop
  endfacet
  facet normal 0 0 -1
    outer loop
      vertex 26.6684 70.6972 0
      vertex 36.175 73.1568 0
      vertex 35.8462 72.887 0
    endloop
  endfacet
  facet normal 0 0 -1
    outer loop
      vertex 26.8437 70.6563 0
      vertex 35.8462 72.887 0
      vertex 35.5357 72.5962 0
    endloop
  endfacet
  facet normal 0 0 -1
    outer loop
      vertex 28.8761 68.1799 0
      vertex 33.6319 68 0
      vertex 28.8819 68 0
    endloop
  endfacet
  facet normal 0 0 -1
    outer loop
      vertex 33.6319 68 0
      vertex 28.8761 68.1799 0
      vertex 33.6459 68.4251 0
    endloop
  endfacet
  facet normal 0 0 -1
    outer loop
      vertex 28.8584 68.3589 0
      vertex 33.6459 68.4251 0
      vertex 28.8761 68.1799 0
    endloop
  endfacet
  facet normal 0 0 -1
    outer loop
      vertex 28.8291 68.5365 0
      vertex 33.6459 68.4251 0
      vertex 28.8584 68.3589 0
    endloop
  endfacet
  facet normal 0 0 -1
    outer loop
      vertex 33.6459 68.4251 0
      vertex 28.8291 68.5365 0
      vertex 33.6875 68.8484 0
    endloop
  endfacet
  facet normal 0 0 -1
    outer loop
      vertex 28.7882 68.7118 0
      vertex 33.6875 68.8484 0
      vertex 28.8291 68.5365 0
    endloop
  endfacet
  facet normal -0 0 -1
    outer loop
      vertex 33.6875 68.8484 0
      vertex 28.7882 68.7118 0
      vertex 33.7568 69.2681 0
    endloop
  endfacet
  facet normal 0 0 -1
    outer loop
      vertex 28.736 68.884 0
      vertex 33.7568 69.2681 0
      vertex 28.7882 68.7118 0
    endloop
  endfacet
  facet normal 0 0 -1
    outer loop
      vertex 28.6726 69.0524 0
      vertex 33.7568 69.2681 0
      vertex 28.736 68.884 0
    endloop
  endfacet
  facet normal -0 0 -1
    outer loop
      vertex 33.7568 69.2681 0
      vertex 28.6726 69.0524 0
      vertex 33.8534 69.6823 0
    endloop
  endfacet
  facet normal 0 0 -1
    outer loop
      vertex 28.5983 69.2163 0
      vertex 33.8534 69.6823 0
      vertex 28.6726 69.0524 0
    endloop
  endfacet
  facet normal 0 0 -1
    outer loop
      vertex 28.5135 69.375 0
      vertex 33.8534 69.6823 0
      vertex 28.5983 69.2163 0
    endloop
  endfacet
  facet normal -0 0 -1
    outer loop
      vertex 33.8534 69.6823 0
      vertex 28.5135 69.375 0
      vertex 33.9769 70.0894 0
    endloop
  endfacet
  facet normal 0 0 -1
    outer loop
      vertex 28.4185 69.5278 0
      vertex 33.9769 70.0894 0
      vertex 28.5135 69.375 0
    endloop
  endfacet
  facet normal -0 0 -1
    outer loop
      vertex 33.9769 70.0894 0
      vertex 28.4185 69.5278 0
      vertex 34.1267 70.4874 0
    endloop
  endfacet
  facet normal 0 0 -1
    outer loop
      vertex 28.3137 69.6741 0
      vertex 34.1267 70.4874 0
      vertex 28.4185 69.5278 0
    endloop
  endfacet
  facet normal 0 0 -1
    outer loop
      vertex 28.1995 69.8132 0
      vertex 34.1267 70.4874 0
      vertex 28.3137 69.6741 0
    endloop
  endfacet
  facet normal -0 0 -1
    outer loop
      vertex 34.1267 70.4874 0
      vertex 28.1995 69.8132 0
      vertex 34.3023 70.8749 0
    endloop
  endfacet
  facet normal 0 0 -1
    outer loop
      vertex 28.0765 69.9445 0
      vertex 34.3023 70.8749 0
      vertex 28.1995 69.8132 0
    endloop
  endfacet
  facet normal -0 0 -1
    outer loop
      vertex 34.3023 70.8749 0
      vertex 28.0765 69.9445 0
      vertex 34.5028 71.25 0
    endloop
  endfacet
  facet normal 0 0 -1
    outer loop
      vertex 27.9451 70.0676 0
      vertex 34.5028 71.25 0
      vertex 28.0765 69.9445 0
    endloop
  endfacet
  facet normal 0 0 -1
    outer loop
      vertex 27.806 70.1817 0
      vertex 34.5028 71.25 0
      vertex 27.9451 70.0676 0
    endloop
  endfacet
  facet normal -0 0 -1
    outer loop
      vertex 34.5028 71.25 0
      vertex 27.806 70.1817 0
      vertex 34.7274 71.6112 0
    endloop
  endfacet
  facet normal 0 0 -1
    outer loop
      vertex 27.6598 70.2865 0
      vertex 34.7274 71.6112 0
      vertex 27.806 70.1817 0
    endloop
  endfacet
  facet normal -0 0 -1
    outer loop
      vertex 34.7274 71.6112 0
      vertex 27.6598 70.2865 0
      vertex 34.9751 71.9569 0
    endloop
  endfacet
  facet normal 0 0 -1
    outer loop
      vertex 27.5069 70.3816 0
      vertex 34.9751 71.9569 0
      vertex 27.6598 70.2865 0
    endloop
  endfacet
  facet normal 0 0 -1
    outer loop
      vertex 27.3482 70.4664 0
      vertex 34.9751 71.9569 0
      vertex 27.5069 70.3816 0
    endloop
  endfacet
  facet normal -0 0 -1
    outer loop
      vertex 34.9751 71.9569 0
      vertex 27.3482 70.4664 0
      vertex 35.245 72.2858 0
    endloop
  endfacet
  facet normal 0 0 -1
    outer loop
      vertex 27.1843 70.5407 0
      vertex 35.245 72.2858 0
      vertex 27.3482 70.4664 0
    endloop
  endfacet
  facet normal -0 0 -1
    outer loop
      vertex 35.245 72.2858 0
      vertex 27.1843 70.5407 0
      vertex 35.5357 72.5962 0
    endloop
  endfacet
  facet normal 0 0 -1
    outer loop
      vertex 27.0159 70.6041 0
      vertex 35.5357 72.5962 0
      vertex 27.1843 70.5407 0
    endloop
  endfacet
  facet normal 0 0 -1
    outer loop
      vertex 26.8437 70.6563 0
      vertex 35.5357 72.5962 0
      vertex 27.0159 70.6041 0
    endloop
  endfacet
  facet normal 0 0 -1
    outer loop
      vertex 35.8462 72.887 0
      vertex 26.8437 70.6563 0
      vertex 26.6684 70.6972 0
    endloop
  endfacet
  facet normal 0 0 -1
    outer loop
      vertex 36.175 73.1568 0
      vertex 26.6684 70.6972 0
      vertex 26.4909 70.7265 0
    endloop
  endfacet
  facet normal 0 0 -1
    outer loop
      vertex 36.5207 73.4046 0
      vertex 26.4909 70.7265 0
      vertex 26.3118 70.7441 0
    endloop
  endfacet
  facet normal -0 0 -1
    outer loop
      vertex 36.5207 73.4046 0
      vertex 26.3118 70.7441 0
      vertex 10.7 88 0
    endloop
  endfacet
  facet normal 0 0 -1
    outer loop
      vertex 10.7 88 0
      vertex 26.3118 70.7441 0
      vertex 26.1319 70.75 0
    endloop
  endfacet
  facet normal 0 0 -1
    outer loop
      vertex 10.7 88 0
      vertex 26.1319 70.75 0
      vertex 25.9521 70.7441 0
    endloop
  endfacet
  facet normal 0 0 -1
    outer loop
      vertex 10.7 88 0
      vertex 25.9521 70.7441 0
      vertex 25.773 70.7265 0
    endloop
  endfacet
  facet normal 0 0 -1
    outer loop
      vertex 10.7 88 0
      vertex 25.773 70.7265 0
      vertex 25.5954 70.6972 0
    endloop
  endfacet
  facet normal 0 0 -1
    outer loop
      vertex 10.7 88 0
      vertex 25.5954 70.6972 0
      vertex 25.4202 70.6563 0
    endloop
  endfacet
  facet normal 0 0 -1
    outer loop
      vertex 10.7 88 0
      vertex 25.4202 70.6563 0
      vertex 25.248 70.6041 0
    endloop
  endfacet
  facet normal 0 0 -1
    outer loop
      vertex 10.7 88 0
      vertex 25.248 70.6041 0
      vertex 25.0796 70.5407 0
    endloop
  endfacet
  facet normal 0 0 -1
    outer loop
      vertex 10.7 88 0
      vertex 25.0796 70.5407 0
      vertex 24.9156 70.4664 0
    endloop
  endfacet
  facet normal 0 0 -1
    outer loop
      vertex 10.7 88 0
      vertex 24.9156 70.4664 0
      vertex 24.7569 70.3816 0
    endloop
  endfacet
  facet normal 0 0 -1
    outer loop
      vertex 10.7 88 0
      vertex 24.7569 70.3816 0
      vertex 24.6041 70.2865 0
    endloop
  endfacet
  facet normal 0 0 -1
    outer loop
      vertex 10.7 88 0
      vertex 23.3819 68 0
      vertex 10.7 48 0
    endloop
  endfacet
  facet normal 0 0 -1
    outer loop
      vertex 23.3819 68 0
      vertex 10.7 88 0
      vertex 23.3878 68.1799 0
    endloop
  endfacet
  facet normal 0 0 -1
    outer loop
      vertex 23.3878 68.1799 0
      vertex 10.7 88 0
      vertex 23.4055 68.3589 0
    endloop
  endfacet
  facet normal 0 0 -1
    outer loop
      vertex 23.4055 68.3589 0
      vertex 10.7 88 0
      vertex 23.4348 68.5365 0
    endloop
  endfacet
  facet normal 0 0 -1
    outer loop
      vertex 23.4348 68.5365 0
      vertex 10.7 88 0
      vertex 23.4756 68.7118 0
    endloop
  endfacet
  facet normal 0 0 -1
    outer loop
      vertex 23.4756 68.7118 0
      vertex 10.7 88 0
      vertex 23.5279 68.884 0
    endloop
  endfacet
  facet normal 0 0 -1
    outer loop
      vertex 23.5279 68.884 0
      vertex 10.7 88 0
      vertex 23.5913 69.0524 0
    endloop
  endfacet
  facet normal 0 0 -1
    outer loop
      vertex 23.5913 69.0524 0
      vertex 10.7 88 0
      vertex 23.6655 69.2163 0
    endloop
  endfacet
  facet normal 0 0 -1
    outer loop
      vertex 37.6445 74.0052 0
      vertex 10.7 88 0
      vertex 50.1319 88 0
    endloop
  endfacet
  facet normal 0 0 -1
    outer loop
      vertex 24.4578 70.1817 0
      vertex 10.7 88 0
      vertex 24.6041 70.2865 0
    endloop
  endfacet
  facet normal 0 0 -1
    outer loop
      vertex 24.3187 70.0676 0
      vertex 10.7 88 0
      vertex 24.4578 70.1817 0
    endloop
  endfacet
  facet normal 0 0 -1
    outer loop
      vertex 24.1874 69.9445 0
      vertex 10.7 88 0
      vertex 24.3187 70.0676 0
    endloop
  endfacet
  facet normal 0 0 -1
    outer loop
      vertex 24.0644 69.8132 0
      vertex 10.7 88 0
      vertex 24.1874 69.9445 0
    endloop
  endfacet
  facet normal 0 0 -1
    outer loop
      vertex 23.9502 69.6741 0
      vertex 10.7 88 0
      vertex 24.0644 69.8132 0
    endloop
  endfacet
  facet normal 0 0 -1
    outer loop
      vertex 23.8454 69.5278 0
      vertex 10.7 88 0
      vertex 23.9502 69.6741 0
    endloop
  endfacet
  facet normal 0 0 -1
    outer loop
      vertex 23.7504 69.375 0
      vertex 10.7 88 0
      vertex 23.8454 69.5278 0
    endloop
  endfacet
  facet normal 0 0 -1
    outer loop
      vertex 23.6655 69.2163 0
      vertex 10.7 88 0
      vertex 23.7504 69.375 0
    endloop
  endfacet
  facet normal 1 -0 0
    outer loop
      vertex 50.1319 48 8
      vertex 50.1319 88 0
      vertex 50.1319 88 8
    endloop
  endfacet
  facet normal 1 0 0
    outer loop
      vertex 50.1319 88 0
      vertex 50.1319 48 8
      vertex 50.1319 48 0
    endloop
  endfacet
  facet normal 0 0 1
    outer loop
      vertex 50.1319 88 8
      vertex 46.6319 68 8
      vertex 50.1319 48 8
    endloop
  endfacet
  facet normal 0 0 1
    outer loop
      vertex 50.1319 88 8
      vertex 46.618 68.4251 8
      vertex 46.6319 68 8
    endloop
  endfacet
  facet normal 0 0 1
    outer loop
      vertex 50.1319 88 8
      vertex 46.5763 68.8484 8
      vertex 46.618 68.4251 8
    endloop
  endfacet
  facet normal 0 0 1
    outer loop
      vertex 50.1319 88 8
      vertex 46.507 69.2681 8
      vertex 46.5763 68.8484 8
    endloop
  endfacet
  facet normal 0 0 1
    outer loop
      vertex 50.1319 88 8
      vertex 46.4105 69.6823 8
      vertex 46.507 69.2681 8
    endloop
  endfacet
  facet normal 0 0 1
    outer loop
      vertex 50.1319 88 8
      vertex 46.287 70.0894 8
      vertex 46.4105 69.6823 8
    endloop
  endfacet
  facet normal 0 0 1
    outer loop
      vertex 50.1319 88 8
      vertex 46.1372 70.4874 8
      vertex 46.287 70.0894 8
    endloop
  endfacet
  facet normal 0 0 1
    outer loop
      vertex 50.1319 88 8
      vertex 45.9616 70.8749 8
      vertex 46.1372 70.4874 8
    endloop
  endfacet
  facet normal 0 0 1
    outer loop
      vertex 50.1319 88 8
      vertex 45.7611 71.25 8
      vertex 45.9616 70.8749 8
    endloop
  endfacet
  facet normal 0 0 1
    outer loop
      vertex 50.1319 88 8
      vertex 45.5365 71.6112 8
      vertex 45.7611 71.25 8
    endloop
  endfacet
  facet normal 0 0 1
    outer loop
      vertex 50.1319 88 8
      vertex 45.2887 71.9569 8
      vertex 45.5365 71.6112 8
    endloop
  endfacet
  facet normal 0 0 1
    outer loop
      vertex 50.1319 88 8
      vertex 45.0189 72.2858 8
      vertex 45.2887 71.9569 8
    endloop
  endfacet
  facet normal 0 0 1
    outer loop
      vertex 50.1319 88 8
      vertex 44.7281 72.5962 8
      vertex 45.0189 72.2858 8
    endloop
  endfacet
  facet normal 0 0 1
    outer loop
      vertex 50.1319 88 8
      vertex 44.4177 72.887 8
      vertex 44.7281 72.5962 8
    endloop
  endfacet
  facet normal 0 0 1
    outer loop
      vertex 50.1319 88 8
      vertex 44.0889 73.1568 8
      vertex 44.4177 72.887 8
    endloop
  endfacet
  facet normal 0 0 1
    outer loop
      vertex 50.1319 88 8
      vertex 43.7431 73.4046 8
      vertex 44.0889 73.1568 8
    endloop
  endfacet
  facet normal 0 0 1
    outer loop
      vertex 50.1319 88 8
      vertex 43.3819 73.6292 8
      vertex 43.7431 73.4046 8
    endloop
  endfacet
  facet normal 0 0 1
    outer loop
      vertex 50.1319 88 8
      vertex 43.0068 73.8297 8
      vertex 43.3819 73.6292 8
    endloop
  endfacet
  facet normal 0 0 1
    outer loop
      vertex 50.1319 88 8
      vertex 42.6194 74.0052 8
      vertex 43.0068 73.8297 8
    endloop
  endfacet
  facet normal 0 0 1
    outer loop
      vertex 50.1319 88 8
      vertex 42.2213 74.155 8
      vertex 42.6194 74.0052 8
    endloop
  endfacet
  facet normal 0 0 1
    outer loop
      vertex 50.1319 88 8
      vertex 41.8143 74.2785 8
      vertex 42.2213 74.155 8
    endloop
  endfacet
  facet normal 0 0 1
    outer loop
      vertex 50.1319 88 8
      vertex 41.4 74.3751 8
      vertex 41.8143 74.2785 8
    endloop
  endfacet
  facet normal 0 0 1
    outer loop
      vertex 50.1319 88 8
      vertex 40.9804 74.4444 8
      vertex 41.4 74.3751 8
    endloop
  endfacet
  facet normal 0 0 1
    outer loop
      vertex 50.1319 88 8
      vertex 40.5571 74.4861 8
      vertex 40.9804 74.4444 8
    endloop
  endfacet
  facet normal 0 0 1
    outer loop
      vertex 50.1319 88 8
      vertex 40.1319 74.5 8
      vertex 40.5571 74.4861 8
    endloop
  endfacet
  facet normal 0 0 1
    outer loop
      vertex 50.1319 88 8
      vertex 39.7068 74.4861 8
      vertex 40.1319 74.5 8
    endloop
  endfacet
  facet normal 0 0 1
    outer loop
      vertex 50.1319 88 8
      vertex 39.2835 74.4444 8
      vertex 39.7068 74.4861 8
    endloop
  endfacet
  facet normal 0 0 1
    outer loop
      vertex 50.1319 88 8
      vertex 38.8639 74.3751 8
      vertex 39.2835 74.4444 8
    endloop
  endfacet
  facet normal 0 0 1
    outer loop
      vertex 50.1319 88 8
      vertex 38.4496 74.2785 8
      vertex 38.8639 74.3751 8
    endloop
  endfacet
  facet normal 0 0 1
    outer loop
      vertex 50.1319 88 8
      vertex 38.0426 74.155 8
      vertex 38.4496 74.2785 8
    endloop
  endfacet
  facet normal -0 0 1
    outer loop
      vertex 16.2709 88 8
      vertex 38.0426 74.155 8
      vertex 50.1319 88 8
    endloop
  endfacet
  facet normal 0 0 1
    outer loop
      vertex 38.0426 74.155 8
      vertex 16.2709 88 8
      vertex 37.6445 74.0052 8
    endloop
  endfacet
  facet normal 0 0 1
    outer loop
      vertex 37.6445 74.0052 8
      vertex 16.2709 88 8
      vertex 37.2571 73.8297 8
    endloop
  endfacet
  facet normal 0 -0 1
    outer loop
      vertex 27.3613 72.5882 8
      vertex 37.2571 73.8297 8
      vertex 16.2709 88 8
    endloop
  endfacet
  facet normal 0 0 1
    outer loop
      vertex 37.2571 73.8297 8
      vertex 27.3613 72.5882 8
      vertex 36.8819 73.6292 8
    endloop
  endfacet
  facet normal 0 -0 1
    outer loop
      vertex 27.6588 72.4979 8
      vertex 36.8819 73.6292 8
      vertex 27.3613 72.5882 8
    endloop
  endfacet
  facet normal 0 0 1
    outer loop
      vertex 36.8819 73.6292 8
      vertex 27.6588 72.4979 8
      vertex 36.5207 73.4046 8
    endloop
  endfacet
  facet normal -0 0 1
    outer loop
      vertex 30.8718 68.3107 8
      vertex 33.6319 68 8
      vertex 33.6459 68.4251 8
    endloop
  endfacet
  facet normal -0 0 1
    outer loop
      vertex 30.8413 68.62 8
      vertex 33.6459 68.4251 8
      vertex 33.6875 68.8484 8
    endloop
  endfacet
  facet normal -0 0 1
    outer loop
      vertex 30.7907 68.9267 8
      vertex 33.6875 68.8484 8
      vertex 33.7568 69.2681 8
    endloop
  endfacet
  facet normal 0 0 1
    outer loop
      vertex 30.7201 69.2294 8
      vertex 33.7568 69.2681 8
      vertex 33.8534 69.6823 8
    endloop
  endfacet
  facet normal -0 0 1
    outer loop
      vertex 30.5204 69.8177 8
      vertex 33.8534 69.6823 8
      vertex 33.9769 70.0894 8
    endloop
  endfacet
  facet normal -0 0 1
    outer loop
      vertex 30.3921 70.1009 8
      vertex 33.9769 70.0894 8
      vertex 34.1267 70.4874 8
    endloop
  endfacet
  facet normal 0 0 1
    outer loop
      vertex 30.2456 70.375 8
      vertex 34.1267 70.4874 8
      vertex 34.3023 70.8749 8
    endloop
  endfacet
  facet normal 0 0 1
    outer loop
      vertex 30.0814 70.639 8
      vertex 34.3023 70.8749 8
      vertex 34.5028 71.25 8
    endloop
  endfacet
  facet normal 0 0 1
    outer loop
      vertex 29.7032 71.1319 8
      vertex 34.5028 71.25 8
      vertex 34.7274 71.6112 8
    endloop
  endfacet
  facet normal 0 0 1
    outer loop
      vertex 29.4907 71.3588 8
      vertex 34.7274 71.6112 8
      vertex 34.9751 71.9569 8
    endloop
  endfacet
  facet normal 0 0 1
    outer loop
      vertex 29.2638 71.5712 8
      vertex 34.9751 71.9569 8
      vertex 35.245 72.2858 8
    endloop
  endfacet
  facet normal 0 0 1
    outer loop
      vertex 29.0236 71.7684 8
      vertex 35.245 72.2858 8
      vertex 35.5357 72.5962 8
    endloop
  endfacet
  facet normal 0 -0 1
    outer loop
      vertex 27.9497 72.3884 8
      vertex 36.5207 73.4046 8
      vertex 27.6588 72.4979 8
    endloop
  endfacet
  facet normal 0 0 1
    outer loop
      vertex 33.6319 68 8
      vertex 30.8718 68.3107 8
      vertex 30.8819 68 8
    endloop
  endfacet
  facet normal 0 0 1
    outer loop
      vertex 33.6459 68.4251 8
      vertex 30.8413 68.62 8
      vertex 30.8718 68.3107 8
    endloop
  endfacet
  facet normal 0 0 1
    outer loop
      vertex 33.6875 68.8484 8
      vertex 30.7907 68.9267 8
      vertex 30.8413 68.62 8
    endloop
  endfacet
  facet normal 0 0 1
    outer loop
      vertex 33.7568 69.2681 8
      vertex 30.7201 69.2294 8
      vertex 30.7907 68.9267 8
    endloop
  endfacet
  facet normal 0 0 1
    outer loop
      vertex 33.8534 69.6823 8
      vertex 30.6299 69.5268 8
      vertex 30.7201 69.2294 8
    endloop
  endfacet
  facet normal 0 0 1
    outer loop
      vertex 33.8534 69.6823 8
      vertex 30.5204 69.8177 8
      vertex 30.6299 69.5268 8
    endloop
  endfacet
  facet normal 0 0 1
    outer loop
      vertex 33.9769 70.0894 8
      vertex 30.3921 70.1009 8
      vertex 30.5204 69.8177 8
    endloop
  endfacet
  facet normal 0 0 1
    outer loop
      vertex 34.1267 70.4874 8
      vertex 30.2456 70.375 8
      vertex 30.3921 70.1009 8
    endloop
  endfacet
  facet normal 0 0 1
    outer loop
      vertex 34.3023 70.8749 8
      vertex 30.0814 70.639 8
      vertex 30.2456 70.375 8
    endloop
  endfacet
  facet normal 0 0 1
    outer loop
      vertex 34.5028 71.25 8
      vertex 29.9004 70.8916 8
      vertex 30.0814 70.639 8
    endloop
  endfacet
  facet normal 0 0 1
    outer loop
      vertex 34.5028 71.25 8
      vertex 29.7032 71.1319 8
      vertex 29.9004 70.8916 8
    endloop
  endfacet
  facet normal 0 0 1
    outer loop
      vertex 34.7274 71.6112 8
      vertex 29.4907 71.3588 8
      vertex 29.7032 71.1319 8
    endloop
  endfacet
  facet normal 0 0 1
    outer loop
      vertex 34.9751 71.9569 8
      vertex 29.2638 71.5712 8
      vertex 29.4907 71.3588 8
    endloop
  endfacet
  facet normal 0 0 1
    outer loop
      vertex 35.245 72.2858 8
      vertex 29.0236 71.7684 8
      vertex 29.2638 71.5712 8
    endloop
  endfacet
  facet normal 0 0 1
    outer loop
      vertex 35.5357 72.5962 8
      vertex 28.7709 71.9495 8
      vertex 29.0236 71.7684 8
    endloop
  endfacet
  facet normal 0 0 1
    outer loop
      vertex 35.5357 72.5962 8
      vertex 28.5069 72.1136 8
      vertex 28.7709 71.9495 8
    endloop
  endfacet
  facet normal 0 0 1
    outer loop
      vertex 35.8462 72.887 8
      vertex 28.5069 72.1136 8
      vertex 35.5357 72.5962 8
    endloop
  endfacet
  facet normal 0 -0 1
    outer loop
      vertex 28.5069 72.1136 8
      vertex 35.8462 72.887 8
      vertex 28.2328 72.2601 8
    endloop
  endfacet
  facet normal 0 0 1
    outer loop
      vertex 36.175 73.1568 8
      vertex 28.2328 72.2601 8
      vertex 35.8462 72.887 8
    endloop
  endfacet
  facet normal 0 0 1
    outer loop
      vertex 36.5207 73.4046 8
      vertex 27.9497 72.3884 8
      vertex 36.175 73.1568 8
    endloop
  endfacet
  facet normal 0 -0 1
    outer loop
      vertex 28.2328 72.2601 8
      vertex 36.175 73.1568 8
      vertex 27.9497 72.3884 8
    endloop
  endfacet
  facet normal 0 0 1
    outer loop
      vertex 27.3613 72.5882 8
      vertex 16.2709 88 8
      vertex 27.0586 72.6587 8
    endloop
  endfacet
  facet normal 0 0 1
    outer loop
      vertex 27.0586 72.6587 8
      vertex 16.2709 88 8
      vertex 26.7519 72.7094 8
    endloop
  endfacet
  facet normal 0 0 1
    outer loop
      vertex 26.7519 72.7094 8
      vertex 16.2709 88 8
      vertex 26.4426 72.7398 8
    endloop
  endfacet
  facet normal 0 0 1
    outer loop
      vertex 26.4426 72.7398 8
      vertex 16.2709 88 8
      vertex 26.1319 72.75 8
    endloop
  endfacet
  facet normal 0 0 1
    outer loop
      vertex 26.1319 72.75 8
      vertex 16.2709 88 8
      vertex 25.8213 72.7398 8
    endloop
  endfacet
  facet normal 0 0 1
    outer loop
      vertex 25.8213 72.7398 8
      vertex 16.2709 88 8
      vertex 25.5119 72.7094 8
    endloop
  endfacet
  facet normal 0 0 1
    outer loop
      vertex 25.5119 72.7094 8
      vertex 16.2709 88 8
      vertex 25.2053 72.6587 8
    endloop
  endfacet
  facet normal 0 0 1
    outer loop
      vertex 25.2053 72.6587 8
      vertex 16.2709 88 8
      vertex 24.9025 72.5882 8
    endloop
  endfacet
  facet normal 0 0 1
    outer loop
      vertex 24.9025 72.5882 8
      vertex 16.2709 88 8
      vertex 24.6051 72.4979 8
    endloop
  endfacet
  facet normal 0 0 1
    outer loop
      vertex 24.6051 72.4979 8
      vertex 16.2709 88 8
      vertex 24.3142 72.3884 8
    endloop
  endfacet
  facet normal 0 0 1
    outer loop
      vertex 24.3142 72.3884 8
      vertex 16.2709 88 8
      vertex 24.0311 72.2601 8
    endloop
  endfacet
  facet normal 0 0 1
    outer loop
      vertex 21.3921 68.3107 8
      vertex 16.2709 88 8
      vertex 21.3819 68 8
    endloop
  endfacet
  facet normal 0 0 1
    outer loop
      vertex 21.4226 68.62 8
      vertex 16.2709 88 8
      vertex 21.3921 68.3107 8
    endloop
  endfacet
  facet normal 0 0 1
    outer loop
      vertex 21.4732 68.9267 8
      vertex 16.2709 88 8
      vertex 21.4226 68.62 8
    endloop
  endfacet
  facet normal 0 0 1
    outer loop
      vertex 21.5438 69.2294 8
      vertex 16.2709 88 8
      vertex 21.4732 68.9267 8
    endloop
  endfacet
  facet normal 0 0 1
    outer loop
      vertex 21.634 69.5268 8
      vertex 16.2709 88 8
      vertex 21.5438 69.2294 8
    endloop
  endfacet
  facet normal 0 0 1
    outer loop
      vertex 21.7435 69.8177 8
      vertex 16.2709 88 8
      vertex 21.634 69.5268 8
    endloop
  endfacet
  facet normal 0 0 1
    outer loop
      vertex 21.8718 70.1009 8
      vertex 16.2709 88 8
      vertex 21.7435 69.8177 8
    endloop
  endfacet
  facet normal 0 0 1
    outer loop
      vertex 22.0183 70.375 8
      vertex 16.2709 88 8
      vertex 21.8718 70.1009 8
    endloop
  endfacet
  facet normal 0 0 1
    outer loop
      vertex 22.1825 70.639 8
      vertex 16.2709 88 8
      vertex 22.0183 70.375 8
    endloop
  endfacet
  facet normal 0 0 1
    outer loop
      vertex 22.3635 70.8916 8
      vertex 16.2709 88 8
      vertex 22.1825 70.639 8
    endloop
  endfacet
  facet normal 0 0 1
    outer loop
      vertex 22.5607 71.1319 8
      vertex 16.2709 88 8
      vertex 22.3635 70.8916 8
    endloop
  endfacet
  facet normal 0 0 1
    outer loop
      vertex 22.7732 71.3588 8
      vertex 16.2709 88 8
      vertex 22.5607 71.1319 8
    endloop
  endfacet
  facet normal 0 0 1
    outer loop
      vertex 23 71.5712 8
      vertex 16.2709 88 8
      vertex 22.7732 71.3588 8
    endloop
  endfacet
  facet normal 0 0 1
    outer loop
      vertex 23.2403 71.7684 8
      vertex 16.2709 88 8
      vertex 23 71.5712 8
    endloop
  endfacet
  facet normal 0 0 1
    outer loop
      vertex 23.493 71.9495 8
      vertex 16.2709 88 8
      vertex 23.2403 71.7684 8
    endloop
  endfacet
  facet normal 0 0 1
    outer loop
      vertex 23.7569 72.1136 8
      vertex 16.2709 88 8
      vertex 23.493 71.9495 8
    endloop
  endfacet
  facet normal 0 0 1
    outer loop
      vertex 24.0311 72.2601 8
      vertex 16.2709 88 8
      vertex 23.7569 72.1136 8
    endloop
  endfacet
  facet normal -0 0 1
    outer loop
      vertex 46.618 67.5749 8
      vertex 50.1319 48 8
      vertex 46.6319 68 8
    endloop
  endfacet
  facet normal -0 0 1
    outer loop
      vertex 46.5763 67.1516 8
      vertex 50.1319 48 8
      vertex 46.618 67.5749 8
    endloop
  endfacet
  facet normal -0 0 1
    outer loop
      vertex 46.507 66.7319 8
      vertex 50.1319 48 8
      vertex 46.5763 67.1516 8
    endloop
  endfacet
  facet normal -0 0 1
    outer loop
      vertex 46.4105 66.3177 8
      vertex 50.1319 48 8
      vertex 46.507 66.7319 8
    endloop
  endfacet
  facet normal -0 0 1
    outer loop
      vertex 46.287 65.9106 8
      vertex 50.1319 48 8
      vertex 46.4105 66.3177 8
    endloop
  endfacet
  facet normal -0 0 1
    outer loop
      vertex 46.1372 65.5126 8
      vertex 50.1319 48 8
      vertex 46.287 65.9106 8
    endloop
  endfacet
  facet normal -0 0 1
    outer loop
      vertex 45.9616 65.1251 8
      vertex 50.1319 48 8
      vertex 46.1372 65.5126 8
    endloop
  endfacet
  facet normal -0 0 1
    outer loop
      vertex 45.7611 64.75 8
      vertex 50.1319 48 8
      vertex 45.9616 65.1251 8
    endloop
  endfacet
  facet normal -0 0 1
    outer loop
      vertex 45.5365 64.3888 8
      vertex 50.1319 48 8
      vertex 45.7611 64.75 8
    endloop
  endfacet
  facet normal -0 0 1
    outer loop
      vertex 45.2887 64.0431 8
      vertex 50.1319 48 8
      vertex 45.5365 64.3888 8
    endloop
  endfacet
  facet normal -0 0 1
    outer loop
      vertex 45.0189 63.7143 8
      vertex 50.1319 48 8
      vertex 45.2887 64.0431 8
    endloop
  endfacet
  facet normal -0 0 1
    outer loop
      vertex 44.7281 63.4038 8
      vertex 50.1319 48 8
      vertex 45.0189 63.7143 8
    endloop
  endfacet
  facet normal -0 0 1
    outer loop
      vertex 44.4177 63.113 8
      vertex 50.1319 48 8
      vertex 44.7281 63.4038 8
    endloop
  endfacet
  facet normal -0 0 1
    outer loop
      vertex 44.0889 62.8432 8
      vertex 50.1319 48 8
      vertex 44.4177 63.113 8
    endloop
  endfacet
  facet normal -0 0 1
    outer loop
      vertex 43.7431 62.5954 8
      vertex 50.1319 48 8
      vertex 44.0889 62.8432 8
    endloop
  endfacet
  facet normal -0 0 1
    outer loop
      vertex 43.3819 62.3708 8
      vertex 50.1319 48 8
      vertex 43.7431 62.5954 8
    endloop
  endfacet
  facet normal -0 0 1
    outer loop
      vertex 43.0068 62.1703 8
      vertex 50.1319 48 8
      vertex 43.3819 62.3708 8
    endloop
  endfacet
  facet normal -0 0 1
    outer loop
      vertex 42.6194 61.9948 8
      vertex 50.1319 48 8
      vertex 43.0068 62.1703 8
    endloop
  endfacet
  facet normal -0 0 1
    outer loop
      vertex 42.2213 61.845 8
      vertex 50.1319 48 8
      vertex 42.6194 61.9948 8
    endloop
  endfacet
  facet normal -0 0 1
    outer loop
      vertex 41.8143 61.7215 8
      vertex 50.1319 48 8
      vertex 42.2213 61.845 8
    endloop
  endfacet
  facet normal -0 0 1
    outer loop
      vertex 41.4 61.6249 8
      vertex 50.1319 48 8
      vertex 41.8143 61.7215 8
    endloop
  endfacet
  facet normal -0 0 1
    outer loop
      vertex 40.9804 61.5556 8
      vertex 50.1319 48 8
      vertex 41.4 61.6249 8
    endloop
  endfacet
  facet normal -0 0 1
    outer loop
      vertex 40.5571 61.5139 8
      vertex 50.1319 48 8
      vertex 40.9804 61.5556 8
    endloop
  endfacet
  facet normal -0 0 1
    outer loop
      vertex 40.1319 61.5 8
      vertex 50.1319 48 8
      vertex 40.5571 61.5139 8
    endloop
  endfacet
  facet normal 0 0 1
    outer loop
      vertex 39.7068 61.5139 8
      vertex 50.1319 48 8
      vertex 40.1319 61.5 8
    endloop
  endfacet
  facet normal 0 0 1
    outer loop
      vertex 39.2835 61.5556 8
      vertex 50.1319 48 8
      vertex 39.7068 61.5139 8
    endloop
  endfacet
  facet normal 0 0 1
    outer loop
      vertex 38.8639 61.6249 8
      vertex 50.1319 48 8
      vertex 39.2835 61.5556 8
    endloop
  endfacet
  facet normal 0 0 1
    outer loop
      vertex 38.4496 61.7215 8
      vertex 50.1319 48 8
      vertex 38.8639 61.6249 8
    endloop
  endfacet
  facet normal 0 0 1
    outer loop
      vertex 38.0426 61.845 8
      vertex 50.1319 48 8
      vertex 38.4496 61.7215 8
    endloop
  endfacet
  facet normal 0 0 1
    outer loop
      vertex 16.2709 48 8
      vertex 38.0426 61.845 8
      vertex 37.6445 61.9948 8
    endloop
  endfacet
  facet normal 0 0 1
    outer loop
      vertex 16.2709 48 8
      vertex 37.6445 61.9948 8
      vertex 37.2571 62.1703 8
    endloop
  endfacet
  facet normal 0 0 1
    outer loop
      vertex 27.3613 63.4118 8
      vertex 37.2571 62.1703 8
      vertex 36.8819 62.3708 8
    endloop
  endfacet
  facet normal 0 0 1
    outer loop
      vertex 27.6588 63.5021 8
      vertex 36.8819 62.3708 8
      vertex 36.5207 62.5954 8
    endloop
  endfacet
  facet normal 0 0 1
    outer loop
      vertex 27.9497 63.6116 8
      vertex 36.5207 62.5954 8
      vertex 36.175 62.8432 8
    endloop
  endfacet
  facet normal 0 0 1
    outer loop
      vertex 28.2328 63.7399 8
      vertex 36.175 62.8432 8
      vertex 35.8462 63.113 8
    endloop
  endfacet
  facet normal 0 0 1
    outer loop
      vertex 28.5069 63.8864 8
      vertex 35.8462 63.113 8
      vertex 35.5357 63.4038 8
    endloop
  endfacet
  facet normal 0 0 1
    outer loop
      vertex 30.8718 67.6893 8
      vertex 33.6319 68 8
      vertex 30.8819 68 8
    endloop
  endfacet
  facet normal 0 0 1
    outer loop
      vertex 33.6319 68 8
      vertex 30.8718 67.6893 8
      vertex 33.6459 67.5749 8
    endloop
  endfacet
  facet normal 0 0 1
    outer loop
      vertex 30.8413 67.38 8
      vertex 33.6459 67.5749 8
      vertex 30.8718 67.6893 8
    endloop
  endfacet
  facet normal 0 0 1
    outer loop
      vertex 33.6459 67.5749 8
      vertex 30.8413 67.38 8
      vertex 33.6875 67.1516 8
    endloop
  endfacet
  facet normal 0 0 1
    outer loop
      vertex 30.7907 67.0733 8
      vertex 33.6875 67.1516 8
      vertex 30.8413 67.38 8
    endloop
  endfacet
  facet normal 0 0 1
    outer loop
      vertex 33.6875 67.1516 8
      vertex 30.7907 67.0733 8
      vertex 33.7568 66.7319 8
    endloop
  endfacet
  facet normal -0 0 1
    outer loop
      vertex 30.7201 66.7706 8
      vertex 33.7568 66.7319 8
      vertex 30.7907 67.0733 8
    endloop
  endfacet
  facet normal 0 0 1
    outer loop
      vertex 33.7568 66.7319 8
      vertex 30.7201 66.7706 8
      vertex 33.8534 66.3177 8
    endloop
  endfacet
  facet normal -0 0 1
    outer loop
      vertex 30.6299 66.4732 8
      vertex 33.8534 66.3177 8
      vertex 30.7201 66.7706 8
    endloop
  endfacet
  facet normal 0 0 1
    outer loop
      vertex 30.5204 66.1823 8
      vertex 33.8534 66.3177 8
      vertex 30.6299 66.4732 8
    endloop
  endfacet
  facet normal 0 0 1
    outer loop
      vertex 33.8534 66.3177 8
      vertex 30.5204 66.1823 8
      vertex 33.9769 65.9106 8
    endloop
  endfacet
  facet normal 0 0 1
    outer loop
      vertex 30.3921 65.8991 8
      vertex 33.9769 65.9106 8
      vertex 30.5204 66.1823 8
    endloop
  endfacet
  facet normal 0 0 1
    outer loop
      vertex 33.9769 65.9106 8
      vertex 30.3921 65.8991 8
      vertex 34.1267 65.5126 8
    endloop
  endfacet
  facet normal -0 0 1
    outer loop
      vertex 30.2456 65.625 8
      vertex 34.1267 65.5126 8
      vertex 30.3921 65.8991 8
    endloop
  endfacet
  facet normal 0 0 1
    outer loop
      vertex 34.1267 65.5126 8
      vertex 30.2456 65.625 8
      vertex 34.3023 65.1251 8
    endloop
  endfacet
  facet normal -0 0 1
    outer loop
      vertex 30.0814 65.361 8
      vertex 34.3023 65.1251 8
      vertex 30.2456 65.625 8
    endloop
  endfacet
  facet normal 0 0 1
    outer loop
      vertex 34.3023 65.1251 8
      vertex 30.0814 65.361 8
      vertex 34.5028 64.75 8
    endloop
  endfacet
  facet normal -0 0 1
    outer loop
      vertex 29.9004 65.1084 8
      vertex 34.5028 64.75 8
      vertex 30.0814 65.361 8
    endloop
  endfacet
  facet normal -0 0 1
    outer loop
      vertex 29.7032 64.8681 8
      vertex 34.5028 64.75 8
      vertex 29.9004 65.1084 8
    endloop
  endfacet
  facet normal 0 0 1
    outer loop
      vertex 34.5028 64.75 8
      vertex 29.7032 64.8681 8
      vertex 34.7274 64.3888 8
    endloop
  endfacet
  facet normal -0 0 1
    outer loop
      vertex 29.4907 64.6412 8
      vertex 34.7274 64.3888 8
      vertex 29.7032 64.8681 8
    endloop
  endfacet
  facet normal 0 0 1
    outer loop
      vertex 34.7274 64.3888 8
      vertex 29.4907 64.6412 8
      vertex 34.9751 64.0431 8
    endloop
  endfacet
  facet normal -0 0 1
    outer loop
      vertex 29.2638 64.4288 8
      vertex 34.9751 64.0431 8
      vertex 29.4907 64.6412 8
    endloop
  endfacet
  facet normal 0 0 1
    outer loop
      vertex 34.9751 64.0431 8
      vertex 29.2638 64.4288 8
      vertex 35.245 63.7143 8
    endloop
  endfacet
  facet normal -0 0 1
    outer loop
      vertex 29.0236 64.2316 8
      vertex 35.245 63.7143 8
      vertex 29.2638 64.4288 8
    endloop
  endfacet
  facet normal 0 0 1
    outer loop
      vertex 35.245 63.7143 8
      vertex 29.0236 64.2316 8
      vertex 35.5357 63.4038 8
    endloop
  endfacet
  facet normal -0 0 1
    outer loop
      vertex 28.7709 64.0505 8
      vertex 35.5357 63.4038 8
      vertex 29.0236 64.2316 8
    endloop
  endfacet
  facet normal -0 0 1
    outer loop
      vertex 28.5069 63.8864 8
      vertex 35.5357 63.4038 8
      vertex 28.7709 64.0505 8
    endloop
  endfacet
  facet normal 0 0 1
    outer loop
      vertex 35.8462 63.113 8
      vertex 28.5069 63.8864 8
      vertex 28.2328 63.7399 8
    endloop
  endfacet
  facet normal 0 0 1
    outer loop
      vertex 36.175 62.8432 8
      vertex 28.2328 63.7399 8
      vertex 27.9497 63.6116 8
    endloop
  endfacet
  facet normal 0 0 1
    outer loop
      vertex 36.5207 62.5954 8
      vertex 27.9497 63.6116 8
      vertex 27.6588 63.5021 8
    endloop
  endfacet
  facet normal 0 0 1
    outer loop
      vertex 36.8819 62.3708 8
      vertex 27.6588 63.5021 8
      vertex 27.3613 63.4118 8
    endloop
  endfacet
  facet normal 0 0 1
    outer loop
      vertex 37.2571 62.1703 8
      vertex 27.3613 63.4118 8
      vertex 16.2709 48 8
    endloop
  endfacet
  facet normal 0 0 1
    outer loop
      vertex 16.2709 48 8
      vertex 27.3613 63.4118 8
      vertex 27.0586 63.3413 8
    endloop
  endfacet
  facet normal 0 0 1
    outer loop
      vertex 16.2709 48 8
      vertex 27.0586 63.3413 8
      vertex 26.7519 63.2906 8
    endloop
  endfacet
  facet normal 0 0 1
    outer loop
      vertex 16.2709 48 8
      vertex 26.7519 63.2906 8
      vertex 26.4426 63.2602 8
    endloop
  endfacet
  facet normal 0 0 1
    outer loop
      vertex 16.2709 48 8
      vertex 26.4426 63.2602 8
      vertex 26.1319 63.25 8
    endloop
  endfacet
  facet normal 0 0 1
    outer loop
      vertex 16.2709 48 8
      vertex 26.1319 63.25 8
      vertex 25.8213 63.2602 8
    endloop
  endfacet
  facet normal 0 0 1
    outer loop
      vertex 16.2709 48 8
      vertex 25.8213 63.2602 8
      vertex 25.5119 63.2906 8
    endloop
  endfacet
  facet normal 0 0 1
    outer loop
      vertex 16.2709 48 8
      vertex 25.5119 63.2906 8
      vertex 25.2053 63.3413 8
    endloop
  endfacet
  facet normal 0 0 1
    outer loop
      vertex 16.2709 48 8
      vertex 25.2053 63.3413 8
      vertex 24.9025 63.4118 8
    endloop
  endfacet
  facet normal 0 0 1
    outer loop
      vertex 16.2709 48 8
      vertex 24.9025 63.4118 8
      vertex 24.6051 63.5021 8
    endloop
  endfacet
  facet normal 0 0 1
    outer loop
      vertex 16.2709 48 8
      vertex 24.6051 63.5021 8
      vertex 24.3142 63.6116 8
    endloop
  endfacet
  facet normal 0 0 1
    outer loop
      vertex 16.2709 48 8
      vertex 24.3142 63.6116 8
      vertex 24.0311 63.7399 8
    endloop
  endfacet
  facet normal 0 0 1
    outer loop
      vertex 16.2709 48 8
      vertex 24.0311 63.7399 8
      vertex 23.7569 63.8864 8
    endloop
  endfacet
  facet normal 0 0 1
    outer loop
      vertex 16.2709 48 8
      vertex 21.3819 68 8
      vertex 16.2709 88 8
    endloop
  endfacet
  facet normal 0 0 1
    outer loop
      vertex 21.3819 68 8
      vertex 16.2709 48 8
      vertex 21.3921 67.6893 8
    endloop
  endfacet
  facet normal 0 0 1
    outer loop
      vertex 21.3921 67.6893 8
      vertex 16.2709 48 8
      vertex 21.4226 67.38 8
    endloop
  endfacet
  facet normal 0 0 1
    outer loop
      vertex 21.4226 67.38 8
      vertex 16.2709 48 8
      vertex 21.4732 67.0733 8
    endloop
  endfacet
  facet normal 0 0 1
    outer loop
      vertex 38.0426 61.845 8
      vertex 16.2709 48 8
      vertex 50.1319 48 8
    endloop
  endfacet
  facet normal 0 0 1
    outer loop
      vertex 23.493 64.0505 8
      vertex 16.2709 48 8
      vertex 23.7569 63.8864 8
    endloop
  endfacet
  facet normal 0 0 1
    outer loop
      vertex 23.2403 64.2316 8
      vertex 16.2709 48 8
      vertex 23.493 64.0505 8
    endloop
  endfacet
  facet normal 0 0 1
    outer loop
      vertex 23 64.4288 8
      vertex 16.2709 48 8
      vertex 23.2403 64.2316 8
    endloop
  endfacet
  facet normal 0 0 1
    outer loop
      vertex 22.7732 64.6412 8
      vertex 16.2709 48 8
      vertex 23 64.4288 8
    endloop
  endfacet
  facet normal 0 0 1
    outer loop
      vertex 22.5607 64.8681 8
      vertex 16.2709 48 8
      vertex 22.7732 64.6412 8
    endloop
  endfacet
  facet normal 0 0 1
    outer loop
      vertex 22.3635 65.1084 8
      vertex 16.2709 48 8
      vertex 22.5607 64.8681 8
    endloop
  endfacet
  facet normal 0 0 1
    outer loop
      vertex 22.1825 65.361 8
      vertex 16.2709 48 8
      vertex 22.3635 65.1084 8
    endloop
  endfacet
  facet normal 0 0 1
    outer loop
      vertex 22.0183 65.625 8
      vertex 16.2709 48 8
      vertex 22.1825 65.361 8
    endloop
  endfacet
  facet normal 0 0 1
    outer loop
      vertex 21.8718 65.8991 8
      vertex 16.2709 48 8
      vertex 22.0183 65.625 8
    endloop
  endfacet
  facet normal 0 0 1
    outer loop
      vertex 21.7435 66.1823 8
      vertex 16.2709 48 8
      vertex 21.8718 65.8991 8
    endloop
  endfacet
  facet normal 0 0 1
    outer loop
      vertex 21.634 66.4732 8
      vertex 16.2709 48 8
      vertex 21.7435 66.1823 8
    endloop
  endfacet
  facet normal 0 0 1
    outer loop
      vertex 21.5438 66.7706 8
      vertex 16.2709 48 8
      vertex 21.634 66.4732 8
    endloop
  endfacet
  facet normal 0 0 1
    outer loop
      vertex 21.4732 67.0733 8
      vertex 16.2709 48 8
      vertex 21.5438 66.7706 8
    endloop
  endfacet
  facet normal 0.910127 -0 0.414329
    outer loop
      vertex 16.262 48 8.01955
      vertex 16.2709 88 8
      vertex 16.262 88 8.01955
    endloop
  endfacet
  facet normal 0.910127 0 0.414329
    outer loop
      vertex 16.2709 88 8
      vertex 16.262 48 8.01955
      vertex 16.2709 48 8
    endloop
  endfacet
  facet normal 0.881928 -0 0.471385
    outer loop
      vertex 15.7027 48 9.06596
      vertex 16.262 88 8.01955
      vertex 15.7027 88 9.06596
    endloop
  endfacet
  facet normal 0.881928 0 0.471385
    outer loop
      vertex 16.262 88 8.01955
      vertex 15.7027 48 9.06596
      vertex 16.262 48 8.01955
    endloop
  endfacet
  facet normal 0.849237 -0 0.528013
    outer loop
      vertex 15.0762 48 10.0736
      vertex 15.7027 88 9.06596
      vertex 15.0762 88 10.0736
    endloop
  endfacet
  facet normal 0.849237 0 0.528013
    outer loop
      vertex 15.7027 88 9.06596
      vertex 15.0762 48 10.0736
      vertex 15.7027 48 9.06596
    endloop
  endfacet
  facet normal 0.812799 -0 0.582545
    outer loop
      vertex 14.385 48 11.038
      vertex 15.0762 88 10.0736
      vertex 14.385 88 11.038
    endloop
  endfacet
  facet normal 0.812799 0 0.582545
    outer loop
      vertex 15.0762 88 10.0736
      vertex 14.385 48 11.038
      vertex 15.0762 48 10.0736
    endloop
  endfacet
  facet normal 0.773021 -0 0.63438
    outer loop
      vertex 13.6323 48 11.9552
      vertex 14.385 88 11.038
      vertex 13.6323 88 11.9552
    endloop
  endfacet
  facet normal 0.773021 0 0.63438
    outer loop
      vertex 14.385 88 11.038
      vertex 13.6323 48 11.9552
      vertex 14.385 48 11.038
    endloop
  endfacet
  facet normal 0.729863 -0 0.683593
    outer loop
      vertex 12.8212 48 12.8212
      vertex 13.6323 88 11.9552
      vertex 12.8212 88 12.8212
    endloop
  endfacet
  facet normal 0.729863 0 0.683593
    outer loop
      vertex 13.6323 88 11.9552
      vertex 12.8212 48 12.8212
      vertex 13.6323 48 11.9552
    endloop
  endfacet
  facet normal 0.683593 0 0.729863
    outer loop
      vertex 11.9552 88 13.6323
      vertex 12.8212 48 12.8212
      vertex 12.8212 88 12.8212
    endloop
  endfacet
  facet normal 0.683593 0 0.729863
    outer loop
      vertex 12.8212 48 12.8212
      vertex 11.9552 88 13.6323
      vertex 11.9552 48 13.6323
    endloop
  endfacet
  facet normal 0.63438 0 0.773021
    outer loop
      vertex 11.038 88 14.385
      vertex 11.9552 48 13.6323
      vertex 11.9552 88 13.6323
    endloop
  endfacet
  facet normal 0.63438 0 0.773021
    outer loop
      vertex 11.9552 48 13.6323
      vertex 11.038 88 14.385
      vertex 11.038 48 14.385
    endloop
  endfacet
  facet normal 0.582545 0 0.812799
    outer loop
      vertex 10.0736 88 15.0762
      vertex 11.038 48 14.385
      vertex 11.038 88 14.385
    endloop
  endfacet
  facet normal 0.582545 0 0.812799
    outer loop
      vertex 11.038 48 14.385
      vertex 10.0736 88 15.0762
      vertex 10.0736 48 15.0762
    endloop
  endfacet
  facet normal 0.528013 0 0.849237
    outer loop
      vertex 9.06596 88 15.7027
      vertex 10.0736 48 15.0762
      vertex 10.0736 88 15.0762
    endloop
  endfacet
  facet normal 0.528013 0 0.849237
    outer loop
      vertex 10.0736 48 15.0762
      vertex 9.06596 88 15.7027
      vertex 9.06596 48 15.7027
    endloop
  endfacet
  facet normal 0.471385 0 0.881928
    outer loop
      vertex 8.01955 88 16.262
      vertex 9.06596 48 15.7027
      vertex 9.06596 88 15.7027
    endloop
  endfacet
  facet normal 0.471385 0 0.881928
    outer loop
      vertex 9.06596 48 15.7027
      vertex 8.01955 88 16.262
      vertex 8.01955 48 16.262
    endloop
  endfacet
  facet normal 0.412714 0 0.910861
    outer loop
      vertex 6.93878 88 16.7517
      vertex 8.01955 48 16.262
      vertex 8.01955 88 16.262
    endloop
  endfacet
  facet normal 0.412714 0 0.910861
    outer loop
      vertex 8.01955 48 16.262
      vertex 6.93878 88 16.7517
      vertex 6.93878 48 16.7517
    endloop
  endfacet
  facet normal 0.352286 0 0.935892
    outer loop
      vertex 5.82831 88 17.1697
      vertex 6.93878 48 16.7517
      vertex 6.93878 88 16.7517
    endloop
  endfacet
  facet normal 0.352286 0 0.935892
    outer loop
      vertex 6.93878 48 16.7517
      vertex 5.82831 88 17.1697
      vertex 5.82831 48 17.1697
    endloop
  endfacet
  facet normal 0.290265 0 0.956946
    outer loop
      vertex 4.69289 88 17.5141
      vertex 5.82831 48 17.1697
      vertex 5.82831 88 17.1697
    endloop
  endfacet
  facet normal 0.290265 0 0.956946
    outer loop
      vertex 5.82831 48 17.1697
      vertex 4.69289 88 17.5141
      vertex 4.69289 48 17.5141
    endloop
  endfacet
  facet normal 0.227049 0 0.973883
    outer loop
      vertex 3.53735 88 17.7835
      vertex 4.69289 48 17.5141
      vertex 4.69289 88 17.5141
    endloop
  endfacet
  facet normal 0.227049 0 0.973883
    outer loop
      vertex 4.69289 48 17.5141
      vertex 3.53735 88 17.7835
      vertex 3.53735 48 17.7835
    endloop
  endfacet
  facet normal 0.162913 0 0.98664
    outer loop
      vertex 2.36668 88 17.9768
      vertex 3.53735 48 17.7835
      vertex 3.53735 88 17.7835
    endloop
  endfacet
  facet normal 0.162913 0 0.98664
    outer loop
      vertex 3.53735 48 17.7835
      vertex 2.36668 88 17.9768
      vertex 2.36668 48 17.9768
    endloop
  endfacet
  facet normal 0.0980183 0 0.995185
    outer loop
      vertex 1.18588 88 18.0931
      vertex 2.36668 48 17.9768
      vertex 2.36668 88 17.9768
    endloop
  endfacet
  facet normal 0.0980183 0 0.995185
    outer loop
      vertex 2.36668 48 17.9768
      vertex 1.18588 88 18.0931
      vertex 1.18588 48 18.0931
    endloop
  endfacet
  facet normal 0.0327008 0 0.999465
    outer loop
      vertex 0 88 18.1319
      vertex 1.18588 48 18.0931
      vertex 1.18588 88 18.0931
    endloop
  endfacet
  facet normal 0.0327008 0 0.999465
    outer loop
      vertex 1.18588 48 18.0931
      vertex 0 88 18.1319
      vertex 0 48 18.1319
    endloop
  endfacet
  facet normal -0.0327008 0 0.999465
    outer loop
      vertex -1.18588 88 18.0931
      vertex 0 48 18.1319
      vertex 0 88 18.1319
    endloop
  endfacet
  facet normal -0.0327008 0 0.999465
    outer loop
      vertex 0 48 18.1319
      vertex -1.18588 88 18.0931
      vertex -1.18588 48 18.0931
    endloop
  endfacet
  facet normal -0.0980183 0 0.995185
    outer loop
      vertex -2.36668 88 17.9768
      vertex -1.18588 48 18.0931
      vertex -1.18588 88 18.0931
    endloop
  endfacet
  facet normal -0.0980183 0 0.995185
    outer loop
      vertex -1.18588 48 18.0931
      vertex -2.36668 88 17.9768
      vertex -2.36668 48 17.9768
    endloop
  endfacet
  facet normal -0.162913 0 0.98664
    outer loop
      vertex -3.53735 88 17.7835
      vertex -2.36668 48 17.9768
      vertex -2.36668 88 17.9768
    endloop
  endfacet
  facet normal -0.162913 0 0.98664
    outer loop
      vertex -2.36668 48 17.9768
      vertex -3.53735 88 17.7835
      vertex -3.53735 48 17.7835
    endloop
  endfacet
  facet normal -0.227049 0 0.973883
    outer loop
      vertex -4.69289 88 17.5141
      vertex -3.53735 48 17.7835
      vertex -3.53735 88 17.7835
    endloop
  endfacet
  facet normal -0.227049 0 0.973883
    outer loop
      vertex -3.53735 48 17.7835
      vertex -4.69289 88 17.5141
      vertex -4.69289 48 17.5141
    endloop
  endfacet
  facet normal -0.290265 0 0.956946
    outer loop
      vertex -5.82831 88 17.1697
      vertex -4.69289 48 17.5141
      vertex -4.69289 88 17.5141
    endloop
  endfacet
  facet normal -0.290265 0 0.956946
    outer loop
      vertex -4.69289 48 17.5141
      vertex -5.82831 88 17.1697
      vertex -5.82831 48 17.1697
    endloop
  endfacet
  facet normal -0.352286 0 0.935892
    outer loop
      vertex -6.93878 88 16.7517
      vertex -5.82831 48 17.1697
      vertex -5.82831 88 17.1697
    endloop
  endfacet
  facet normal -0.352286 0 0.935892
    outer loop
      vertex -5.82831 48 17.1697
      vertex -6.93878 88 16.7517
      vertex -6.93878 48 16.7517
    endloop
  endfacet
  facet normal -0.412714 0 0.910861
    outer loop
      vertex -8.01955 88 16.262
      vertex -6.93878 48 16.7517
      vertex -6.93878 88 16.7517
    endloop
  endfacet
  facet normal -0.412714 0 0.910861
    outer loop
      vertex -6.93878 48 16.7517
      vertex -8.01955 88 16.262
      vertex -8.01955 48 16.262
    endloop
  endfacet
  facet normal -0.471385 0 0.881928
    outer loop
      vertex -9.06596 88 15.7027
      vertex -8.01955 48 16.262
      vertex -8.01955 88 16.262
    endloop
  endfacet
  facet normal -0.471385 0 0.881928
    outer loop
      vertex -8.01955 48 16.262
      vertex -9.06596 88 15.7027
      vertex -9.06596 48 15.7027
    endloop
  endfacet
  facet normal -0.528013 0 0.849237
    outer loop
      vertex -10.0736 88 15.0762
      vertex -9.06596 48 15.7027
      vertex -9.06596 88 15.7027
    endloop
  endfacet
  facet normal -0.528013 0 0.849237
    outer loop
      vertex -9.06596 48 15.7027
      vertex -10.0736 88 15.0762
      vertex -10.0736 48 15.0762
    endloop
  endfacet
  facet normal -0.582545 0 0.812799
    outer loop
      vertex -11.038 88 14.385
      vertex -10.0736 48 15.0762
      vertex -10.0736 88 15.0762
    endloop
  endfacet
  facet normal -0.582545 0 0.812799
    outer loop
      vertex -10.0736 48 15.0762
      vertex -11.038 88 14.385
      vertex -11.038 48 14.385
    endloop
  endfacet
  facet normal -0.63438 0 0.773021
    outer loop
      vertex -11.9552 88 13.6323
      vertex -11.038 48 14.385
      vertex -11.038 88 14.385
    endloop
  endfacet
  facet normal -0.63438 0 0.773021
    outer loop
      vertex -11.038 48 14.385
      vertex -11.9552 88 13.6323
      vertex -11.9552 48 13.6323
    endloop
  endfacet
  facet normal -0.683593 0 0.729863
    outer loop
      vertex -12.8212 88 12.8212
      vertex -11.9552 48 13.6323
      vertex -11.9552 88 13.6323
    endloop
  endfacet
  facet normal -0.683593 0 0.729863
    outer loop
      vertex -11.9552 48 13.6323
      vertex -12.8212 88 12.8212
      vertex -12.8212 48 12.8212
    endloop
  endfacet
  facet normal -0.729863 0 0.683593
    outer loop
      vertex -13.6323 48 11.9552
      vertex -12.8212 88 12.8212
      vertex -13.6323 88 11.9552
    endloop
  endfacet
  facet normal -0.729863 0 0.683593
    outer loop
      vertex -12.8212 88 12.8212
      vertex -13.6323 48 11.9552
      vertex -12.8212 48 12.8212
    endloop
  endfacet
  facet normal -0.773021 0 0.63438
    outer loop
      vertex -14.385 48 11.038
      vertex -13.6323 88 11.9552
      vertex -14.385 88 11.038
    endloop
  endfacet
  facet normal -0.773021 0 0.63438
    outer loop
      vertex -13.6323 88 11.9552
      vertex -14.385 48 11.038
      vertex -13.6323 48 11.9552
    endloop
  endfacet
  facet normal -0.812799 0 0.582545
    outer loop
      vertex -15.0762 48 10.0736
      vertex -14.385 88 11.038
      vertex -15.0762 88 10.0736
    endloop
  endfacet
  facet normal -0.812799 0 0.582545
    outer loop
      vertex -14.385 88 11.038
      vertex -15.0762 48 10.0736
      vertex -14.385 48 11.038
    endloop
  endfacet
  facet normal -0.849237 0 0.528013
    outer loop
      vertex -15.7027 48 9.06596
      vertex -15.0762 88 10.0736
      vertex -15.7027 88 9.06596
    endloop
  endfacet
  facet normal -0.849237 0 0.528013
    outer loop
      vertex -15.0762 88 10.0736
      vertex -15.7027 48 9.06596
      vertex -15.0762 48 10.0736
    endloop
  endfacet
  facet normal -0.881928 0 0.471385
    outer loop
      vertex -16.262 48 8.01955
      vertex -15.7027 88 9.06596
      vertex -16.262 88 8.01955
    endloop
  endfacet
  facet normal -0.881928 0 0.471385
    outer loop
      vertex -15.7027 88 9.06596
      vertex -16.262 48 8.01955
      vertex -15.7027 48 9.06596
    endloop
  endfacet
  facet normal -0.910127 0 0.414329
    outer loop
      vertex -16.2709 48 8
      vertex -16.262 88 8.01955
      vertex -16.2709 88 8
    endloop
  endfacet
  facet normal -0.910127 0 0.414329
    outer loop
      vertex -16.262 88 8.01955
      vertex -16.2709 48 8
      vertex -16.262 48 8.01955
    endloop
  endfacet
  facet normal 0 0 1
    outer loop
      vertex -16.2709 88 8
      vertex -21.3977 68 8
      vertex -16.2709 48 8
    endloop
  endfacet
  facet normal 0 0 1
    outer loop
      vertex -16.2709 88 8
      vertex -23.7648 72.1 8
      vertex -21.3977 68 8
    endloop
  endfacet
  facet normal -0 0 1
    outer loop
      vertex -34.1319 88 8
      vertex -23.7648 72.1 8
      vertex -16.2709 88 8
    endloop
  endfacet
  facet normal 0 0 1
    outer loop
      vertex -28.4991 72.1 8
      vertex -34.1319 88 8
      vertex -30.8662 68 8
    endloop
  endfacet
  facet normal 0 0 1
    outer loop
      vertex -23.7648 72.1 8
      vertex -34.1319 88 8
      vertex -28.4991 72.1 8
    endloop
  endfacet
  facet normal -0 0 1
    outer loop
      vertex -23.7648 63.9 8
      vertex -16.2709 48 8
      vertex -21.3977 68 8
    endloop
  endfacet
  facet normal 0 0 1
    outer loop
      vertex -34.1319 48 8
      vertex -23.7648 63.9 8
      vertex -28.4991 63.9 8
    endloop
  endfacet
  facet normal 0 0 1
    outer loop
      vertex -23.7648 63.9 8
      vertex -34.1319 48 8
      vertex -16.2709 48 8
    endloop
  endfacet
  facet normal 0 0 1
    outer loop
      vertex -30.8662 68 8
      vertex -34.1319 48 8
      vertex -28.4991 63.9 8
    endloop
  endfacet
  facet normal 0 0 1
    outer loop
      vertex -34.1319 48 8
      vertex -30.8662 68 8
      vertex -34.1319 88 8
    endloop
  endfacet
  facet normal -1 0 0
    outer loop
      vertex -34.1319 48 0
      vertex -34.1319 88 8
      vertex -34.1319 88 0
    endloop
  endfacet
  facet normal -1 -0 0
    outer loop
      vertex -34.1319 88 8
      vertex -34.1319 48 0
      vertex -34.1319 48 8
    endloop
  endfacet
  facet normal 0 0 -1
    outer loop
      vertex -10.7 48 0
      vertex -23.3819 68 0
      vertex -10.7 88 0
    endloop
  endfacet
  facet normal 0 0 -1
    outer loop
      vertex -10.7 48 0
      vertex -23.3878 67.8201 0
      vertex -23.3819 68 0
    endloop
  endfacet
  facet normal 0 0 -1
    outer loop
      vertex -10.7 48 0
      vertex -23.4055 67.6411 0
      vertex -23.3878 67.8201 0
    endloop
  endfacet
  facet normal 0 0 -1
    outer loop
      vertex -10.7 48 0
      vertex -23.4348 67.4635 0
      vertex -23.4055 67.6411 0
    endloop
  endfacet
  facet normal 0 0 -1
    outer loop
      vertex -10.7 48 0
      vertex -23.4756 67.2882 0
      vertex -23.4348 67.4635 0
    endloop
  endfacet
  facet normal 0 0 -1
    outer loop
      vertex -10.7 48 0
      vertex -23.5279 67.116 0
      vertex -23.4756 67.2882 0
    endloop
  endfacet
  facet normal 0 0 -1
    outer loop
      vertex -10.7 48 0
      vertex -23.5913 66.9476 0
      vertex -23.5279 67.116 0
    endloop
  endfacet
  facet normal 0 0 -1
    outer loop
      vertex -10.7 48 0
      vertex -23.6655 66.7837 0
      vertex -23.5913 66.9476 0
    endloop
  endfacet
  facet normal 0 0 -1
    outer loop
      vertex -10.7 48 0
      vertex -23.7504 66.625 0
      vertex -23.6655 66.7837 0
    endloop
  endfacet
  facet normal 0 0 -1
    outer loop
      vertex -10.7 48 0
      vertex -23.8454 66.4722 0
      vertex -23.7504 66.625 0
    endloop
  endfacet
  facet normal 0 0 -1
    outer loop
      vertex -10.7 48 0
      vertex -23.9502 66.3259 0
      vertex -23.8454 66.4722 0
    endloop
  endfacet
  facet normal 0 0 -1
    outer loop
      vertex -10.7 48 0
      vertex -24.0644 66.1868 0
      vertex -23.9502 66.3259 0
    endloop
  endfacet
  facet normal 0 0 -1
    outer loop
      vertex -10.7 48 0
      vertex -24.1874 66.0555 0
      vertex -24.0644 66.1868 0
    endloop
  endfacet
  facet normal 0 0 -1
    outer loop
      vertex -10.7 48 0
      vertex -24.3187 65.9324 0
      vertex -24.1874 66.0555 0
    endloop
  endfacet
  facet normal 0 0 -1
    outer loop
      vertex -10.7 48 0
      vertex -24.4578 65.8183 0
      vertex -24.3187 65.9324 0
    endloop
  endfacet
  facet normal 0 0 -1
    outer loop
      vertex -10.7 48 0
      vertex -24.6041 65.7135 0
      vertex -24.4578 65.8183 0
    endloop
  endfacet
  facet normal 0 0 -1
    outer loop
      vertex -10.7 48 0
      vertex -24.7569 65.6184 0
      vertex -24.6041 65.7135 0
    endloop
  endfacet
  facet normal 0 0 -1
    outer loop
      vertex -10.7 48 0
      vertex -24.9156 65.5336 0
      vertex -24.7569 65.6184 0
    endloop
  endfacet
  facet normal 0 0 -1
    outer loop
      vertex -10.7 48 0
      vertex -25.0796 65.4593 0
      vertex -24.9156 65.5336 0
    endloop
  endfacet
  facet normal 0 0 -1
    outer loop
      vertex -10.7 48 0
      vertex -25.248 65.3959 0
      vertex -25.0796 65.4593 0
    endloop
  endfacet
  facet normal 0 0 -1
    outer loop
      vertex -10.7 48 0
      vertex -25.4202 65.3437 0
      vertex -25.248 65.3959 0
    endloop
  endfacet
  facet normal 0 0 -1
    outer loop
      vertex -34.1319 48 0
      vertex -25.4202 65.3437 0
      vertex -10.7 48 0
    endloop
  endfacet
  facet normal 0 0 -1
    outer loop
      vertex -25.4202 65.3437 0
      vertex -34.1319 48 0
      vertex -25.5954 65.3028 0
    endloop
  endfacet
  facet normal 0 0 -1
    outer loop
      vertex -25.5954 65.3028 0
      vertex -34.1319 48 0
      vertex -25.773 65.2735 0
    endloop
  endfacet
  facet normal 0 0 -1
    outer loop
      vertex -25.773 65.2735 0
      vertex -34.1319 48 0
      vertex -25.9521 65.2559 0
    endloop
  endfacet
  facet normal 0 0 -1
    outer loop
      vertex -25.9521 65.2559 0
      vertex -34.1319 48 0
      vertex -26.1319 65.25 0
    endloop
  endfacet
  facet normal -0 0 -1
    outer loop
      vertex -26.1319 65.25 0
      vertex -34.1319 48 0
      vertex -26.3118 65.2559 0
    endloop
  endfacet
  facet normal -0 0 -1
    outer loop
      vertex -26.3118 65.2559 0
      vertex -34.1319 48 0
      vertex -26.4909 65.2735 0
    endloop
  endfacet
  facet normal -0 0 -1
    outer loop
      vertex -26.4909 65.2735 0
      vertex -34.1319 48 0
      vertex -26.6684 65.3028 0
    endloop
  endfacet
  facet normal -0 0 -1
    outer loop
      vertex -26.6684 65.3028 0
      vertex -34.1319 48 0
      vertex -26.8437 65.3437 0
    endloop
  endfacet
  facet normal -0 0 -1
    outer loop
      vertex -26.8437 65.3437 0
      vertex -34.1319 48 0
      vertex -27.0159 65.3959 0
    endloop
  endfacet
  facet normal -0 0 -1
    outer loop
      vertex -27.0159 65.3959 0
      vertex -34.1319 48 0
      vertex -27.1843 65.4593 0
    endloop
  endfacet
  facet normal -0 0 -1
    outer loop
      vertex -27.1843 65.4593 0
      vertex -34.1319 48 0
      vertex -27.3482 65.5336 0
    endloop
  endfacet
  facet normal -0 0 -1
    outer loop
      vertex -27.3482 65.5336 0
      vertex -34.1319 48 0
      vertex -27.5069 65.6184 0
    endloop
  endfacet
  facet normal -0 0 -1
    outer loop
      vertex -27.5069 65.6184 0
      vertex -34.1319 48 0
      vertex -27.6598 65.7135 0
    endloop
  endfacet
  facet normal -0 0 -1
    outer loop
      vertex -27.6598 65.7135 0
      vertex -34.1319 48 0
      vertex -27.806 65.8183 0
    endloop
  endfacet
  facet normal -0 0 -1
    outer loop
      vertex -27.806 65.8183 0
      vertex -34.1319 48 0
      vertex -27.9451 65.9324 0
    endloop
  endfacet
  facet normal -0 0 -1
    outer loop
      vertex -28.8761 67.8201 0
      vertex -34.1319 48 0
      vertex -28.8819 68 0
    endloop
  endfacet
  facet normal -0 0 -1
    outer loop
      vertex -28.8584 67.6411 0
      vertex -34.1319 48 0
      vertex -28.8761 67.8201 0
    endloop
  endfacet
  facet normal -0 0 -1
    outer loop
      vertex -28.8291 67.4635 0
      vertex -34.1319 48 0
      vertex -28.8584 67.6411 0
    endloop
  endfacet
  facet normal -0 0 -1
    outer loop
      vertex -28.7882 67.2882 0
      vertex -34.1319 48 0
      vertex -28.8291 67.4635 0
    endloop
  endfacet
  facet normal -0 0 -1
    outer loop
      vertex -28.736 67.116 0
      vertex -34.1319 48 0
      vertex -28.7882 67.2882 0
    endloop
  endfacet
  facet normal -0 0 -1
    outer loop
      vertex -28.6726 66.9476 0
      vertex -34.1319 48 0
      vertex -28.736 67.116 0
    endloop
  endfacet
  facet normal -0 0 -1
    outer loop
      vertex -28.5983 66.7837 0
      vertex -34.1319 48 0
      vertex -28.6726 66.9476 0
    endloop
  endfacet
  facet normal -0 0 -1
    outer loop
      vertex -28.5135 66.625 0
      vertex -34.1319 48 0
      vertex -28.5983 66.7837 0
    endloop
  endfacet
  facet normal -0 0 -1
    outer loop
      vertex -28.4185 66.4722 0
      vertex -34.1319 48 0
      vertex -28.5135 66.625 0
    endloop
  endfacet
  facet normal -0 0 -1
    outer loop
      vertex -28.3137 66.3259 0
      vertex -34.1319 48 0
      vertex -28.4185 66.4722 0
    endloop
  endfacet
  facet normal -0 0 -1
    outer loop
      vertex -28.1995 66.1868 0
      vertex -34.1319 48 0
      vertex -28.3137 66.3259 0
    endloop
  endfacet
  facet normal -0 0 -1
    outer loop
      vertex -28.0765 66.0555 0
      vertex -34.1319 48 0
      vertex -28.1995 66.1868 0
    endloop
  endfacet
  facet normal -0 0 -1
    outer loop
      vertex -27.9451 65.9324 0
      vertex -34.1319 48 0
      vertex -28.0765 66.0555 0
    endloop
  endfacet
  facet normal 0 0 -1
    outer loop
      vertex -23.3878 68.1799 0
      vertex -10.7 88 0
      vertex -23.3819 68 0
    endloop
  endfacet
  facet normal 0 0 -1
    outer loop
      vertex -23.4055 68.3589 0
      vertex -10.7 88 0
      vertex -23.3878 68.1799 0
    endloop
  endfacet
  facet normal 0 0 -1
    outer loop
      vertex -23.4348 68.5365 0
      vertex -10.7 88 0
      vertex -23.4055 68.3589 0
    endloop
  endfacet
  facet normal 0 0 -1
    outer loop
      vertex -23.4756 68.7118 0
      vertex -10.7 88 0
      vertex -23.4348 68.5365 0
    endloop
  endfacet
  facet normal 0 0 -1
    outer loop
      vertex -23.5279 68.884 0
      vertex -10.7 88 0
      vertex -23.4756 68.7118 0
    endloop
  endfacet
  facet normal 0 0 -1
    outer loop
      vertex -23.5913 69.0524 0
      vertex -10.7 88 0
      vertex -23.5279 68.884 0
    endloop
  endfacet
  facet normal 0 0 -1
    outer loop
      vertex -23.6655 69.2163 0
      vertex -10.7 88 0
      vertex -23.5913 69.0524 0
    endloop
  endfacet
  facet normal 0 0 -1
    outer loop
      vertex -23.7504 69.375 0
      vertex -10.7 88 0
      vertex -23.6655 69.2163 0
    endloop
  endfacet
  facet normal 0 0 -1
    outer loop
      vertex -23.8454 69.5278 0
      vertex -10.7 88 0
      vertex -23.7504 69.375 0
    endloop
  endfacet
  facet normal 0 0 -1
    outer loop
      vertex -23.9502 69.6741 0
      vertex -10.7 88 0
      vertex -23.8454 69.5278 0
    endloop
  endfacet
  facet normal 0 0 -1
    outer loop
      vertex -24.0644 69.8132 0
      vertex -10.7 88 0
      vertex -23.9502 69.6741 0
    endloop
  endfacet
  facet normal 0 0 -1
    outer loop
      vertex -24.1874 69.9445 0
      vertex -10.7 88 0
      vertex -24.0644 69.8132 0
    endloop
  endfacet
  facet normal 0 0 -1
    outer loop
      vertex -24.3187 70.0676 0
      vertex -10.7 88 0
      vertex -24.1874 69.9445 0
    endloop
  endfacet
  facet normal 0 0 -1
    outer loop
      vertex -24.4578 70.1817 0
      vertex -10.7 88 0
      vertex -24.3187 70.0676 0
    endloop
  endfacet
  facet normal 0 0 -1
    outer loop
      vertex -24.6041 70.2865 0
      vertex -10.7 88 0
      vertex -24.4578 70.1817 0
    endloop
  endfacet
  facet normal 0 0 -1
    outer loop
      vertex -24.7569 70.3816 0
      vertex -10.7 88 0
      vertex -24.6041 70.2865 0
    endloop
  endfacet
  facet normal 0 0 -1
    outer loop
      vertex -24.9156 70.4664 0
      vertex -10.7 88 0
      vertex -24.7569 70.3816 0
    endloop
  endfacet
  facet normal 0 0 -1
    outer loop
      vertex -25.0796 70.5407 0
      vertex -10.7 88 0
      vertex -24.9156 70.4664 0
    endloop
  endfacet
  facet normal 0 0 -1
    outer loop
      vertex -25.248 70.6041 0
      vertex -10.7 88 0
      vertex -25.0796 70.5407 0
    endloop
  endfacet
  facet normal 0 0 -1
    outer loop
      vertex -25.4202 70.6563 0
      vertex -10.7 88 0
      vertex -25.248 70.6041 0
    endloop
  endfacet
  facet normal 0 0 -1
    outer loop
      vertex -34.1319 88 0
      vertex -25.4202 70.6563 0
      vertex -25.5954 70.6972 0
    endloop
  endfacet
  facet normal 0 0 -1
    outer loop
      vertex -34.1319 88 0
      vertex -25.5954 70.6972 0
      vertex -25.773 70.7265 0
    endloop
  endfacet
  facet normal 0 0 -1
    outer loop
      vertex -34.1319 88 0
      vertex -25.773 70.7265 0
      vertex -25.9521 70.7441 0
    endloop
  endfacet
  facet normal 0 0 -1
    outer loop
      vertex -34.1319 88 0
      vertex -25.9521 70.7441 0
      vertex -26.1319 70.75 0
    endloop
  endfacet
  facet normal 0 0 -1
    outer loop
      vertex -34.1319 88 0
      vertex -26.1319 70.75 0
      vertex -26.3118 70.7441 0
    endloop
  endfacet
  facet normal 0 0 -1
    outer loop
      vertex -34.1319 88 0
      vertex -26.3118 70.7441 0
      vertex -26.4909 70.7265 0
    endloop
  endfacet
  facet normal 0 0 -1
    outer loop
      vertex -34.1319 88 0
      vertex -26.4909 70.7265 0
      vertex -26.6684 70.6972 0
    endloop
  endfacet
  facet normal 0 0 -1
    outer loop
      vertex -34.1319 88 0
      vertex -26.6684 70.6972 0
      vertex -26.8437 70.6563 0
    endloop
  endfacet
  facet normal 0 0 -1
    outer loop
      vertex -34.1319 88 0
      vertex -26.8437 70.6563 0
      vertex -27.0159 70.6041 0
    endloop
  endfacet
  facet normal 0 0 -1
    outer loop
      vertex -34.1319 88 0
      vertex -27.0159 70.6041 0
      vertex -27.1843 70.5407 0
    endloop
  endfacet
  facet normal 0 0 -1
    outer loop
      vertex -34.1319 88 0
      vertex -27.1843 70.5407 0
      vertex -27.3482 70.4664 0
    endloop
  endfacet
  facet normal 0 0 -1
    outer loop
      vertex -34.1319 88 0
      vertex -27.3482 70.4664 0
      vertex -27.5069 70.3816 0
    endloop
  endfacet
  facet normal 0 0 -1
    outer loop
      vertex -34.1319 88 0
      vertex -27.5069 70.3816 0
      vertex -27.6598 70.2865 0
    endloop
  endfacet
  facet normal 0 0 -1
    outer loop
      vertex -34.1319 88 0
      vertex -27.6598 70.2865 0
      vertex -27.806 70.1817 0
    endloop
  endfacet
  facet normal 0 0 -1
    outer loop
      vertex -34.1319 88 0
      vertex -27.806 70.1817 0
      vertex -27.9451 70.0676 0
    endloop
  endfacet
  facet normal 0 0 -1
    outer loop
      vertex -34.1319 88 0
      vertex -27.9451 70.0676 0
      vertex -28.0765 69.9445 0
    endloop
  endfacet
  facet normal 0 0 -1
    outer loop
      vertex -34.1319 88 0
      vertex -28.8819 68 0
      vertex -34.1319 48 0
    endloop
  endfacet
  facet normal 0 0 -1
    outer loop
      vertex -28.8819 68 0
      vertex -34.1319 88 0
      vertex -28.8761 68.1799 0
    endloop
  endfacet
  facet normal 0 0 -1
    outer loop
      vertex -28.8761 68.1799 0
      vertex -34.1319 88 0
      vertex -28.8584 68.3589 0
    endloop
  endfacet
  facet normal 0 0 -1
    outer loop
      vertex -28.8584 68.3589 0
      vertex -34.1319 88 0
      vertex -28.8291 68.5365 0
    endloop
  endfacet
  facet normal 0 0 -1
    outer loop
      vertex -25.4202 70.6563 0
      vertex -34.1319 88 0
      vertex -10.7 88 0
    endloop
  endfacet
  facet normal 0 0 -1
    outer loop
      vertex -28.1995 69.8132 0
      vertex -34.1319 88 0
      vertex -28.0765 69.9445 0
    endloop
  endfacet
  facet normal 0 0 -1
    outer loop
      vertex -28.3137 69.6741 0
      vertex -34.1319 88 0
      vertex -28.1995 69.8132 0
    endloop
  endfacet
  facet normal 0 0 -1
    outer loop
      vertex -28.4185 69.5278 0
      vertex -34.1319 88 0
      vertex -28.3137 69.6741 0
    endloop
  endfacet
  facet normal 0 0 -1
    outer loop
      vertex -28.5135 69.375 0
      vertex -34.1319 88 0
      vertex -28.4185 69.5278 0
    endloop
  endfacet
  facet normal 0 0 -1
    outer loop
      vertex -28.5983 69.2163 0
      vertex -34.1319 88 0
      vertex -28.5135 69.375 0
    endloop
  endfacet
  facet normal 0 0 -1
    outer loop
      vertex -28.6726 69.0524 0
      vertex -34.1319 88 0
      vertex -28.5983 69.2163 0
    endloop
  endfacet
  facet normal 0 0 -1
    outer loop
      vertex -28.736 68.884 0
      vertex -34.1319 88 0
      vertex -28.6726 69.0524 0
    endloop
  endfacet
  facet normal 0 0 -1
    outer loop
      vertex -28.7882 68.7118 0
      vertex -34.1319 88 0
      vertex -28.736 68.884 0
    endloop
  endfacet
  facet normal 0 0 -1
    outer loop
      vertex -28.8291 68.5365 0
      vertex -34.1319 88 0
      vertex -28.7882 68.7118 0
    endloop
  endfacet
  facet normal 0.999465 0 -0.0327062
    outer loop
      vertex -10.6771 48 0.699799
      vertex -10.7 88 0
      vertex -10.6771 88 0.699799
    endloop
  endfacet
  facet normal 0.999465 0 -0.0327062
    outer loop
      vertex -10.7 88 0
      vertex -10.6771 48 0.699799
      vertex -10.7 48 0
    endloop
  endfacet
  facet normal -0.999463 -0.0327784 0
    outer loop
      vertex -23.3819 68 0
      vertex -23.3878 68.1799 3.8
      vertex -23.3878 68.1799 0
    endloop
  endfacet
  facet normal -0.999463 -0.0327784 0
    outer loop
      vertex -23.3878 68.1799 3.8
      vertex -23.3819 68 0
      vertex -23.3819 68 3.8
    endloop
  endfacet
  facet normal -0.352341 -0.935872 0
    outer loop
      vertex -25.248 70.6041 0
      vertex -25.0796 70.5407 3.8
      vertex -25.248 70.6041 3.8
    endloop
  endfacet
  facet normal -0.352341 -0.935872 -0
    outer loop
      vertex -25.0796 70.5407 3.8
      vertex -25.248 70.6041 0
      vertex -25.0796 70.5407 0
    endloop
  endfacet
  facet normal 0.973845 -0.227212 0
    outer loop
      vertex -28.8291 68.5365 3.8
      vertex -28.7882 68.7118 0
      vertex -28.7882 68.7118 3.8
    endloop
  endfacet
  facet normal 0.973845 -0.227212 0
    outer loop
      vertex -28.7882 68.7118 0
      vertex -28.8291 68.5365 3.8
      vertex -28.8291 68.5365 0
    endloop
  endfacet
  facet normal 0.528151 -0.849151 0
    outer loop
      vertex -27.6598 70.2865 0
      vertex -27.5069 70.3816 3.8
      vertex -27.6598 70.2865 3.8
    endloop
  endfacet
  facet normal 0.528151 -0.849151 0
    outer loop
      vertex -27.5069 70.3816 3.8
      vertex -27.6598 70.2865 0
      vertex -27.5069 70.3816 0
    endloop
  endfacet
  facet normal 0.634206 0.773164 -0
    outer loop
      vertex -27.806 65.8183 0
      vertex -27.9451 65.9324 3.8
      vertex -27.806 65.8183 3.8
    endloop
  endfacet
  facet normal 0.634206 0.773164 0
    outer loop
      vertex -27.9451 65.9324 3.8
      vertex -27.806 65.8183 0
      vertex -27.9451 65.9324 0
    endloop
  endfacet
  facet normal -0.995147 -0.0984028 0
    outer loop
      vertex -23.3878 68.1799 0
      vertex -23.4055 68.3589 3.8
      vertex -23.4055 68.3589 0
    endloop
  endfacet
  facet normal -0.995147 -0.0984028 0
    outer loop
      vertex -23.4055 68.3589 3.8
      vertex -23.3878 68.1799 0
      vertex -23.3878 68.1799 3.8
    endloop
  endfacet
  facet normal 0.935872 -0.352341 0
    outer loop
      vertex -28.736 68.884 3.8
      vertex -28.6726 69.0524 0
      vertex -28.6726 69.0524 3.8
    endloop
  endfacet
  facet normal 0.935872 -0.352341 0
    outer loop
      vertex -28.6726 69.0524 0
      vertex -28.736 68.884 3.8
      vertex -28.736 68.884 0
    endloop
  endfacet
  facet normal 0.935872 0.352341 0
    outer loop
      vertex -28.6726 66.9476 3.8
      vertex -28.736 67.116 0
      vertex -28.736 67.116 3.8
    endloop
  endfacet
  facet normal 0.935872 0.352341 0
    outer loop
      vertex -28.736 67.116 0
      vertex -28.6726 66.9476 3.8
      vertex -28.6726 66.9476 0
    endloop
  endfacet
  facet normal 0.956996 -0.2901 0
    outer loop
      vertex -28.7882 68.7118 3.8
      vertex -28.736 68.884 0
      vertex -28.736 68.884 3.8
    endloop
  endfacet
  facet normal 0.956996 -0.2901 0
    outer loop
      vertex -28.736 68.884 0
      vertex -28.7882 68.7118 3.8
      vertex -28.7882 68.7118 0
    endloop
  endfacet
  facet normal -0.881752 0.471713 0
    outer loop
      vertex -23.7504 66.625 0
      vertex -23.6655 66.7837 3.8
      vertex -23.6655 66.7837 0
    endloop
  endfacet
  facet normal -0.881752 0.471713 0
    outer loop
      vertex -23.6655 66.7837 3.8
      vertex -23.7504 66.625 0
      vertex -23.7504 66.625 3.8
    endloop
  endfacet
  facet normal 0.582605 -0.812756 0
    outer loop
      vertex -27.806 70.1817 0
      vertex -27.6598 70.2865 3.8
      vertex -27.806 70.1817 3.8
    endloop
  endfacet
  facet normal 0.582605 -0.812756 0
    outer loop
      vertex -27.6598 70.2865 3.8
      vertex -27.806 70.1817 0
      vertex -27.6598 70.2865 0
    endloop
  endfacet
  facet normal 0.2901 0.956996 -0
    outer loop
      vertex -26.8437 65.3437 0
      vertex -27.0159 65.3959 3.8
      vertex -26.8437 65.3437 3.8
    endloop
  endfacet
  facet normal 0.2901 0.956996 0
    outer loop
      vertex -27.0159 65.3959 3.8
      vertex -26.8437 65.3437 0
      vertex -27.0159 65.3959 0
    endloop
  endfacet
  facet normal 0.227212 0.973845 -0
    outer loop
      vertex -26.6684 65.3028 0
      vertex -26.8437 65.3437 3.8
      vertex -26.6684 65.3028 3.8
    endloop
  endfacet
  facet normal 0.227212 0.973845 0
    outer loop
      vertex -26.8437 65.3437 3.8
      vertex -26.6684 65.3028 0
      vertex -26.8437 65.3437 0
    endloop
  endfacet
  facet normal -0.812944 -0.582341 0
    outer loop
      vertex -23.8454 69.5278 0
      vertex -23.9502 69.6741 3.8
      vertex -23.9502 69.6741 0
    endloop
  endfacet
  facet normal -0.812944 -0.582341 0
    outer loop
      vertex -23.9502 69.6741 3.8
      vertex -23.8454 69.5278 0
      vertex -23.8454 69.5278 3.8
    endloop
  endfacet
  facet normal 0.729797 0.683664 0
    outer loop
      vertex -28.0765 66.0555 3.8
      vertex -28.1995 66.1868 0
      vertex -28.1995 66.1868 3.8
    endloop
  endfacet
  facet normal 0.729797 0.683664 0
    outer loop
      vertex -28.1995 66.1868 0
      vertex -28.0765 66.0555 3.8
      vertex -28.0765 66.0555 0
    endloop
  endfacet
  facet normal 0.910785 0.412882 0
    outer loop
      vertex -28.5983 66.7837 3.8
      vertex -28.6726 66.9476 0
      vertex -28.6726 66.9476 3.8
    endloop
  endfacet
  facet normal 0.910785 0.412882 0
    outer loop
      vertex -28.6726 66.9476 0
      vertex -28.5983 66.7837 3.8
      vertex -28.5983 66.7837 0
    endloop
  endfacet
  facet normal -0.729797 0.683664 0
    outer loop
      vertex -24.1874 66.0555 0
      vertex -24.0644 66.1868 3.8
      vertex -24.0644 66.1868 0
    endloop
  endfacet
  facet normal -0.729797 0.683664 0
    outer loop
      vertex -24.0644 66.1868 3.8
      vertex -24.1874 66.0555 0
      vertex -24.1874 66.0555 3.8
    endloop
  endfacet
  facet normal -0.582341 0.812944 0
    outer loop
      vertex -24.4578 65.8183 0
      vertex -24.6041 65.7135 3.8
      vertex -24.4578 65.8183 3.8
    endloop
  endfacet
  facet normal -0.582341 0.812944 0
    outer loop
      vertex -24.6041 65.7135 3.8
      vertex -24.4578 65.8183 0
      vertex -24.6041 65.7135 0
    endloop
  endfacet
  facet normal 0.772892 0.634538 0
    outer loop
      vertex -28.1995 66.1868 3.8
      vertex -28.3137 66.3259 0
      vertex -28.3137 66.3259 3.8
    endloop
  endfacet
  facet normal 0.772892 0.634538 0
    outer loop
      vertex -28.3137 66.3259 0
      vertex -28.1995 66.1868 3.8
      vertex -28.1995 66.1868 0
    endloop
  endfacet
  facet normal -0.956842 0.290609 0
    outer loop
      vertex -23.5279 67.116 0
      vertex -23.4756 67.2882 3.8
      vertex -23.4756 67.2882 0
    endloop
  endfacet
  facet normal -0.956842 0.290609 0
    outer loop
      vertex -23.4756 67.2882 3.8
      vertex -23.5279 67.116 0
      vertex -23.5279 67.116 3.8
    endloop
  endfacet
  facet normal -0.47128 0.881983 0
    outer loop
      vertex -24.7569 65.6184 0
      vertex -24.9156 65.5336 3.8
      vertex -24.7569 65.6184 3.8
    endloop
  endfacet
  facet normal -0.47128 0.881983 0
    outer loop
      vertex -24.9156 65.5336 3.8
      vertex -24.7569 65.6184 0
      vertex -24.9156 65.5336 0
    endloop
  endfacet
  facet normal 0.999481 -0.0322234 0
    outer loop
      vertex -28.8819 68 3.8
      vertex -28.8761 68.1799 0
      vertex -28.8761 68.1799 3.8
    endloop
  endfacet
  facet normal 0.999481 -0.0322234 0
    outer loop
      vertex -28.8761 68.1799 0
      vertex -28.8819 68 3.8
      vertex -28.8819 68 0
    endloop
  endfacet
  facet normal -0.881752 -0.471713 0
    outer loop
      vertex -23.6655 69.2163 0
      vertex -23.7504 69.375 3.8
      vertex -23.7504 69.375 0
    endloop
  endfacet
  facet normal -0.881752 -0.471713 0
    outer loop
      vertex -23.7504 69.375 3.8
      vertex -23.6655 69.2163 0
      vertex -23.6655 69.2163 3.8
    endloop
  endfacet
  facet normal -0.956842 -0.290609 0
    outer loop
      vertex -23.4756 68.7118 0
      vertex -23.5279 68.884 3.8
      vertex -23.5279 68.884 0
    endloop
  endfacet
  facet normal -0.956842 -0.290609 0
    outer loop
      vertex -23.5279 68.884 3.8
      vertex -23.4756 68.7118 0
      vertex -23.4756 68.7118 3.8
    endloop
  endfacet
  facet normal 0.995147 -0.0984028 0
    outer loop
      vertex -28.8761 68.1799 3.8
      vertex -28.8584 68.3589 0
      vertex -28.8584 68.3589 3.8
    endloop
  endfacet
  facet normal 0.995147 -0.0984028 0
    outer loop
      vertex -28.8584 68.3589 0
      vertex -28.8761 68.1799 3.8
      vertex -28.8761 68.1799 0
    endloop
  endfacet
  facet normal 0.634206 -0.773164 0
    outer loop
      vertex -27.9451 70.0676 0
      vertex -27.806 70.1817 3.8
      vertex -27.9451 70.0676 3.8
    endloop
  endfacet
  facet normal 0.634206 -0.773164 0
    outer loop
      vertex -27.806 70.1817 3.8
      vertex -27.9451 70.0676 0
      vertex -27.806 70.1817 0
    endloop
  endfacet
  facet normal 0.881983 0.47128 0
    outer loop
      vertex -28.5135 66.625 3.8
      vertex -28.5983 66.7837 0
      vertex -28.5983 66.7837 3.8
    endloop
  endfacet
  facet normal 0.881983 0.47128 0
    outer loop
      vertex -28.5983 66.7837 0
      vertex -28.5135 66.625 3.8
      vertex -28.5135 66.625 0
    endloop
  endfacet
  facet normal 0.0327784 0.999463 -0
    outer loop
      vertex -26.1319 65.25 0
      vertex -26.3118 65.2559 3.8
      vertex -26.1319 65.25 3.8
    endloop
  endfacet
  facet normal 0.0327784 0.999463 0
    outer loop
      vertex -26.3118 65.2559 3.8
      vertex -26.1319 65.25 0
      vertex -26.3118 65.2559 0
    endloop
  endfacet
  facet normal 0.999481 0.0322234 0
    outer loop
      vertex -28.8761 67.8201 3.8
      vertex -28.8819 68 0
      vertex -28.8819 68 3.8
    endloop
  endfacet
  facet normal 0.999481 0.0322234 0
    outer loop
      vertex -28.8819 68 0
      vertex -28.8761 67.8201 3.8
      vertex -28.8761 67.8201 0
    endloop
  endfacet
  facet normal -0.0327966 0.999462 0
    outer loop
      vertex -25.9521 65.2559 0
      vertex -26.1319 65.25 3.8
      vertex -25.9521 65.2559 3.8
    endloop
  endfacet
  facet normal -0.0327966 0.999462 0
    outer loop
      vertex -26.1319 65.25 3.8
      vertex -25.9521 65.2559 0
      vertex -26.1319 65.25 0
    endloop
  endfacet
  facet normal -0.2901 0.956996 0
    outer loop
      vertex -25.248 65.3959 0
      vertex -25.4202 65.3437 3.8
      vertex -25.248 65.3959 3.8
    endloop
  endfacet
  facet normal -0.2901 0.956996 0
    outer loop
      vertex -25.4202 65.3437 3.8
      vertex -25.248 65.3959 0
      vertex -25.4202 65.3437 0
    endloop
  endfacet
  facet normal -0.352341 0.935872 0
    outer loop
      vertex -25.0796 65.4593 0
      vertex -25.248 65.3959 3.8
      vertex -25.0796 65.4593 3.8
    endloop
  endfacet
  facet normal -0.352341 0.935872 0
    outer loop
      vertex -25.248 65.3959 3.8
      vertex -25.0796 65.4593 0
      vertex -25.248 65.3959 0
    endloop
  endfacet
  facet normal 0.412882 -0.910785 0
    outer loop
      vertex -27.3482 70.4664 0
      vertex -27.1843 70.5407 3.8
      vertex -27.3482 70.4664 3.8
    endloop
  endfacet
  facet normal 0.412882 -0.910785 0
    outer loop
      vertex -27.1843 70.5407 3.8
      vertex -27.3482 70.4664 0
      vertex -27.1843 70.5407 0
    endloop
  endfacet
  facet normal -0.910994 -0.412421 0
    outer loop
      vertex -23.5913 69.0524 0
      vertex -23.6655 69.2163 3.8
      vertex -23.6655 69.2163 0
    endloop
  endfacet
  facet normal -0.910994 -0.412421 0
    outer loop
      vertex -23.6655 69.2163 3.8
      vertex -23.5913 69.0524 0
      vertex -23.5913 69.0524 3.8
    endloop
  endfacet
  facet normal 0.528151 0.849151 -0
    outer loop
      vertex -27.5069 65.6184 0
      vertex -27.6598 65.7135 3.8
      vertex -27.5069 65.6184 3.8
    endloop
  endfacet
  facet normal 0.528151 0.849151 0
    outer loop
      vertex -27.6598 65.7135 3.8
      vertex -27.5069 65.6184 0
      vertex -27.6598 65.7135 0
    endloop
  endfacet
  facet normal -0.935872 -0.352341 0
    outer loop
      vertex -23.5279 68.884 0
      vertex -23.5913 69.0524 3.8
      vertex -23.5913 69.0524 0
    endloop
  endfacet
  facet normal -0.935872 -0.352341 0
    outer loop
      vertex -23.5913 69.0524 3.8
      vertex -23.5279 68.884 0
      vertex -23.5279 68.884 3.8
    endloop
  endfacet
  facet normal -0.2901 -0.956996 0
    outer loop
      vertex -25.4202 70.6563 0
      vertex -25.248 70.6041 3.8
      vertex -25.4202 70.6563 3.8
    endloop
  endfacet
  facet normal -0.2901 -0.956996 -0
    outer loop
      vertex -25.248 70.6041 3.8
      vertex -25.4202 70.6563 0
      vertex -25.248 70.6041 0
    endloop
  endfacet
  facet normal -0.910994 0.412421 0
    outer loop
      vertex -23.6655 66.7837 0
      vertex -23.5913 66.9476 3.8
      vertex -23.5913 66.9476 0
    endloop
  endfacet
  facet normal -0.910994 0.412421 0
    outer loop
      vertex -23.5913 66.9476 3.8
      vertex -23.6655 66.7837 0
      vertex -23.6655 66.7837 3.8
    endloop
  endfacet
  facet normal -0.772892 0.634538 0
    outer loop
      vertex -24.0644 66.1868 0
      vertex -23.9502 66.3259 3.8
      vertex -23.9502 66.3259 0
    endloop
  endfacet
  facet normal -0.772892 0.634538 0
    outer loop
      vertex -23.9502 66.3259 3.8
      vertex -24.0644 66.1868 0
      vertex -24.0644 66.1868 3.8
    endloop
  endfacet
  facet normal -0.849245 0.527999 0
    outer loop
      vertex -23.8454 66.4722 0
      vertex -23.7504 66.625 3.8
      vertex -23.7504 66.625 0
    endloop
  endfacet
  facet normal -0.849245 0.527999 0
    outer loop
      vertex -23.7504 66.625 3.8
      vertex -23.8454 66.4722 0
      vertex -23.8454 66.4722 3.8
    endloop
  endfacet
  facet normal -0.227335 -0.973817 0
    outer loop
      vertex -25.5954 70.6972 0
      vertex -25.4202 70.6563 3.8
      vertex -25.5954 70.6972 3.8
    endloop
  endfacet
  facet normal -0.227335 -0.973817 -0
    outer loop
      vertex -25.4202 70.6563 3.8
      vertex -25.5954 70.6972 0
      vertex -25.4202 70.6563 0
    endloop
  endfacet
  facet normal -0.582341 -0.812944 0
    outer loop
      vertex -24.6041 70.2865 0
      vertex -24.4578 70.1817 3.8
      vertex -24.6041 70.2865 3.8
    endloop
  endfacet
  facet normal -0.582341 -0.812944 -0
    outer loop
      vertex -24.4578 70.1817 3.8
      vertex -24.6041 70.2865 0
      vertex -24.4578 70.1817 0
    endloop
  endfacet
  facet normal -0.999463 0.0327784 0
    outer loop
      vertex -23.3878 67.8201 0
      vertex -23.3819 68 3.8
      vertex -23.3819 68 0
    endloop
  endfacet
  facet normal -0.999463 0.0327784 0
    outer loop
      vertex -23.3819 68 3.8
      vertex -23.3878 67.8201 0
      vertex -23.3878 67.8201 3.8
    endloop
  endfacet
  facet normal -0.986663 -0.162777 0
    outer loop
      vertex -23.4055 68.3589 0
      vertex -23.4348 68.5365 3.8
      vertex -23.4348 68.5365 0
    endloop
  endfacet
  facet normal -0.986663 -0.162777 0
    outer loop
      vertex -23.4348 68.5365 3.8
      vertex -23.4055 68.3589 0
      vertex -23.4055 68.3589 3.8
    endloop
  endfacet
  facet normal -0.162777 0.986663 0
    outer loop
      vertex -25.5954 65.3028 0
      vertex -25.773 65.2735 3.8
      vertex -25.5954 65.3028 3.8
    endloop
  endfacet
  facet normal -0.162777 0.986663 0
    outer loop
      vertex -25.773 65.2735 3.8
      vertex -25.5954 65.3028 0
      vertex -25.773 65.2735 0
    endloop
  endfacet
  facet normal 0.0327784 -0.999463 0
    outer loop
      vertex -26.3118 70.7441 0
      vertex -26.1319 70.75 3.8
      vertex -26.3118 70.7441 3.8
    endloop
  endfacet
  facet normal 0.0327784 -0.999463 0
    outer loop
      vertex -26.1319 70.75 3.8
      vertex -26.3118 70.7441 0
      vertex -26.1319 70.75 0
    endloop
  endfacet
  facet normal -0.5284 -0.848996 0
    outer loop
      vertex -24.7569 70.3816 0
      vertex -24.6041 70.2865 3.8
      vertex -24.7569 70.3816 3.8
    endloop
  endfacet
  facet normal -0.5284 -0.848996 -0
    outer loop
      vertex -24.6041 70.2865 3.8
      vertex -24.7569 70.3816 0
      vertex -24.6041 70.2865 0
    endloop
  endfacet
  facet normal 0.47128 0.881983 -0
    outer loop
      vertex -27.3482 65.5336 0
      vertex -27.5069 65.6184 3.8
      vertex -27.3482 65.5336 3.8
    endloop
  endfacet
  facet normal 0.47128 0.881983 0
    outer loop
      vertex -27.5069 65.6184 3.8
      vertex -27.3482 65.5336 0
      vertex -27.5069 65.6184 0
    endloop
  endfacet
  facet normal -0.634206 0.773164 0
    outer loop
      vertex -24.3187 65.9324 0
      vertex -24.4578 65.8183 3.8
      vertex -24.3187 65.9324 3.8
    endloop
  endfacet
  facet normal -0.634206 0.773164 0
    outer loop
      vertex -24.4578 65.8183 3.8
      vertex -24.3187 65.9324 0
      vertex -24.4578 65.8183 0
    endloop
  endfacet
  facet normal 0.729797 -0.683664 0
    outer loop
      vertex -28.1995 69.8132 3.8
      vertex -28.0765 69.9445 0
      vertex -28.0765 69.9445 3.8
    endloop
  endfacet
  facet normal 0.729797 -0.683664 0
    outer loop
      vertex -28.0765 69.9445 0
      vertex -28.1995 69.8132 3.8
      vertex -28.1995 69.8132 0
    endloop
  endfacet
  facet normal 0.973845 0.227212 0
    outer loop
      vertex -28.7882 67.2882 3.8
      vertex -28.8291 67.4635 0
      vertex -28.8291 67.4635 3.8
    endloop
  endfacet
  facet normal 0.973845 0.227212 0
    outer loop
      vertex -28.8291 67.4635 0
      vertex -28.7882 67.2882 3.8
      vertex -28.7882 67.2882 0
    endloop
  endfacet
  facet normal 0.812944 0.582341 0
    outer loop
      vertex -28.3137 66.3259 3.8
      vertex -28.4185 66.4722 0
      vertex -28.4185 66.4722 3.8
    endloop
  endfacet
  facet normal 0.812944 0.582341 0
    outer loop
      vertex -28.4185 66.4722 0
      vertex -28.3137 66.3259 3.8
      vertex -28.3137 66.3259 0
    endloop
  endfacet
  facet normal -0.973968 -0.226685 0
    outer loop
      vertex -23.4348 68.5365 0
      vertex -23.4756 68.7118 3.8
      vertex -23.4756 68.7118 0
    endloop
  endfacet
  facet normal -0.973968 -0.226685 0
    outer loop
      vertex -23.4756 68.7118 3.8
      vertex -23.4348 68.5365 0
      vertex -23.4348 68.5365 3.8
    endloop
  endfacet
  facet normal 0.162866 0.986648 -0
    outer loop
      vertex -26.4909 65.2735 0
      vertex -26.6684 65.3028 3.8
      vertex -26.4909 65.2735 3.8
    endloop
  endfacet
  facet normal 0.162866 0.986648 0
    outer loop
      vertex -26.6684 65.3028 3.8
      vertex -26.4909 65.2735 0
      vertex -26.6684 65.3028 0
    endloop
  endfacet
  facet normal 0.849245 -0.527999 0
    outer loop
      vertex -28.5135 69.375 3.8
      vertex -28.4185 69.5278 0
      vertex -28.4185 69.5278 3.8
    endloop
  endfacet
  facet normal 0.849245 -0.527999 0
    outer loop
      vertex -28.4185 69.5278 0
      vertex -28.5135 69.375 3.8
      vertex -28.5135 69.375 0
    endloop
  endfacet
  facet normal -0.0327966 -0.999462 0
    outer loop
      vertex -26.1319 70.75 0
      vertex -25.9521 70.7441 3.8
      vertex -26.1319 70.75 3.8
    endloop
  endfacet
  facet normal -0.0327966 -0.999462 -0
    outer loop
      vertex -25.9521 70.7441 3.8
      vertex -26.1319 70.75 0
      vertex -25.9521 70.7441 0
    endloop
  endfacet
  facet normal 0.986663 0.162777 0
    outer loop
      vertex -28.8291 67.4635 3.8
      vertex -28.8584 67.6411 0
      vertex -28.8584 67.6411 3.8
    endloop
  endfacet
  facet normal 0.986663 0.162777 0
    outer loop
      vertex -28.8584 67.6411 0
      vertex -28.8291 67.4635 3.8
      vertex -28.8291 67.4635 0
    endloop
  endfacet
  facet normal 0.097798 -0.995206 0
    outer loop
      vertex -26.4909 70.7265 0
      vertex -26.3118 70.7441 3.8
      vertex -26.4909 70.7265 3.8
    endloop
  endfacet
  facet normal 0.097798 -0.995206 0
    outer loop
      vertex -26.3118 70.7441 3.8
      vertex -26.4909 70.7265 0
      vertex -26.3118 70.7441 0
    endloop
  endfacet
  facet normal 0.995147 0.0984028 0
    outer loop
      vertex -28.8584 67.6411 3.8
      vertex -28.8761 67.8201 0
      vertex -28.8761 67.8201 3.8
    endloop
  endfacet
  facet normal 0.995147 0.0984028 0
    outer loop
      vertex -28.8761 67.8201 0
      vertex -28.8584 67.6411 3.8
      vertex -28.8584 67.6411 0
    endloop
  endfacet
  facet normal 0.162866 -0.986648 0
    outer loop
      vertex -26.6684 70.6972 0
      vertex -26.4909 70.7265 3.8
      vertex -26.6684 70.6972 3.8
    endloop
  endfacet
  facet normal 0.162866 -0.986648 0
    outer loop
      vertex -26.4909 70.7265 3.8
      vertex -26.6684 70.6972 0
      vertex -26.4909 70.7265 0
    endloop
  endfacet
  facet normal 0.881983 -0.47128 0
    outer loop
      vertex -28.5983 69.2163 3.8
      vertex -28.5135 69.375 0
      vertex -28.5135 69.375 3.8
    endloop
  endfacet
  facet normal 0.881983 -0.47128 0
    outer loop
      vertex -28.5135 69.375 0
      vertex -28.5983 69.2163 3.8
      vertex -28.5983 69.2163 0
    endloop
  endfacet
  facet normal -0.995147 0.0984028 0
    outer loop
      vertex -23.4055 67.6411 0
      vertex -23.3878 67.8201 3.8
      vertex -23.3878 67.8201 0
    endloop
  endfacet
  facet normal -0.995147 0.0984028 0
    outer loop
      vertex -23.3878 67.8201 3.8
      vertex -23.4055 67.6411 0
      vertex -23.4055 67.6411 3.8
    endloop
  endfacet
  facet normal -0.849245 -0.527999 0
    outer loop
      vertex -23.7504 69.375 0
      vertex -23.8454 69.5278 3.8
      vertex -23.8454 69.5278 0
    endloop
  endfacet
  facet normal -0.849245 -0.527999 0
    outer loop
      vertex -23.8454 69.5278 3.8
      vertex -23.7504 69.375 0
      vertex -23.7504 69.375 3.8
    endloop
  endfacet
  facet normal 0.2901 -0.956996 0
    outer loop
      vertex -27.0159 70.6041 0
      vertex -26.8437 70.6563 3.8
      vertex -27.0159 70.6041 3.8
    endloop
  endfacet
  facet normal 0.2901 -0.956996 0
    outer loop
      vertex -26.8437 70.6563 3.8
      vertex -27.0159 70.6041 0
      vertex -26.8437 70.6563 0
    endloop
  endfacet
  facet normal -0.812944 0.582341 0
    outer loop
      vertex -23.9502 66.3259 0
      vertex -23.8454 66.4722 3.8
      vertex -23.8454 66.4722 0
    endloop
  endfacet
  facet normal -0.812944 0.582341 0
    outer loop
      vertex -23.8454 66.4722 3.8
      vertex -23.9502 66.3259 0
      vertex -23.9502 66.3259 3.8
    endloop
  endfacet
  facet normal -0.412673 0.910879 0
    outer loop
      vertex -24.9156 65.5336 0
      vertex -25.0796 65.4593 3.8
      vertex -24.9156 65.5336 3.8
    endloop
  endfacet
  facet normal -0.412673 0.910879 0
    outer loop
      vertex -25.0796 65.4593 3.8
      vertex -24.9156 65.5336 0
      vertex -25.0796 65.4593 0
    endloop
  endfacet
  facet normal -0.227335 0.973817 0
    outer loop
      vertex -25.4202 65.3437 0
      vertex -25.5954 65.3028 3.8
      vertex -25.4202 65.3437 3.8
    endloop
  endfacet
  facet normal -0.227335 0.973817 0
    outer loop
      vertex -25.5954 65.3028 3.8
      vertex -25.4202 65.3437 0
      vertex -25.5954 65.3028 0
    endloop
  endfacet
  facet normal -0.097798 0.995206 0
    outer loop
      vertex -25.773 65.2735 0
      vertex -25.9521 65.2559 3.8
      vertex -25.773 65.2735 3.8
    endloop
  endfacet
  facet normal -0.097798 0.995206 0
    outer loop
      vertex -25.9521 65.2559 3.8
      vertex -25.773 65.2735 0
      vertex -25.9521 65.2559 0
    endloop
  endfacet
  facet normal 0.097798 0.995206 -0
    outer loop
      vertex -26.3118 65.2559 0
      vertex -26.4909 65.2735 3.8
      vertex -26.3118 65.2559 3.8
    endloop
  endfacet
  facet normal 0.097798 0.995206 0
    outer loop
      vertex -26.4909 65.2735 3.8
      vertex -26.3118 65.2559 0
      vertex -26.4909 65.2735 0
    endloop
  endfacet
  facet normal -0.973968 0.226685 0
    outer loop
      vertex -23.4756 67.2882 0
      vertex -23.4348 67.4635 3.8
      vertex -23.4348 67.4635 0
    endloop
  endfacet
  facet normal -0.973968 0.226685 0
    outer loop
      vertex -23.4348 67.4635 3.8
      vertex -23.4756 67.2882 0
      vertex -23.4756 67.2882 3.8
    endloop
  endfacet
  facet normal -0.935872 0.352341 0
    outer loop
      vertex -23.5913 66.9476 0
      vertex -23.5279 67.116 3.8
      vertex -23.5279 67.116 0
    endloop
  endfacet
  facet normal -0.935872 0.352341 0
    outer loop
      vertex -23.5279 67.116 3.8
      vertex -23.5913 66.9476 0
      vertex -23.5913 66.9476 3.8
    endloop
  endfacet
  facet normal 0.683682 0.72978 -0
    outer loop
      vertex -27.9451 65.9324 0
      vertex -28.0765 66.0555 3.8
      vertex -27.9451 65.9324 3.8
    endloop
  endfacet
  facet normal 0.683682 0.72978 0
    outer loop
      vertex -28.0765 66.0555 3.8
      vertex -27.9451 65.9324 0
      vertex -28.0765 66.0555 0
    endloop
  endfacet
  facet normal -0.772892 -0.634538 0
    outer loop
      vertex -23.9502 69.6741 0
      vertex -24.0644 69.8132 3.8
      vertex -24.0644 69.8132 0
    endloop
  endfacet
  facet normal -0.772892 -0.634538 0
    outer loop
      vertex -24.0644 69.8132 3.8
      vertex -23.9502 69.6741 0
      vertex -23.9502 69.6741 3.8
    endloop
  endfacet
  facet normal -0.097798 -0.995206 0
    outer loop
      vertex -25.9521 70.7441 0
      vertex -25.773 70.7265 3.8
      vertex -25.9521 70.7441 3.8
    endloop
  endfacet
  facet normal -0.097798 -0.995206 -0
    outer loop
      vertex -25.773 70.7265 3.8
      vertex -25.9521 70.7441 0
      vertex -25.773 70.7265 0
    endloop
  endfacet
  facet normal 0.412882 0.910785 -0
    outer loop
      vertex -27.1843 65.4593 0
      vertex -27.3482 65.5336 3.8
      vertex -27.1843 65.4593 3.8
    endloop
  endfacet
  facet normal 0.412882 0.910785 0
    outer loop
      vertex -27.3482 65.5336 3.8
      vertex -27.1843 65.4593 0
      vertex -27.3482 65.5336 0
    endloop
  endfacet
  facet normal -0.729797 -0.683664 0
    outer loop
      vertex -24.0644 69.8132 0
      vertex -24.1874 69.9445 3.8
      vertex -24.1874 69.9445 0
    endloop
  endfacet
  facet normal -0.729797 -0.683664 0
    outer loop
      vertex -24.1874 69.9445 3.8
      vertex -24.0644 69.8132 0
      vertex -24.0644 69.8132 3.8
    endloop
  endfacet
  facet normal -0.634206 -0.773164 0
    outer loop
      vertex -24.4578 70.1817 0
      vertex -24.3187 70.0676 3.8
      vertex -24.4578 70.1817 3.8
    endloop
  endfacet
  facet normal -0.634206 -0.773164 -0
    outer loop
      vertex -24.3187 70.0676 3.8
      vertex -24.4578 70.1817 0
      vertex -24.3187 70.0676 0
    endloop
  endfacet
  facet normal -0.986663 0.162777 0
    outer loop
      vertex -23.4348 67.4635 0
      vertex -23.4055 67.6411 3.8
      vertex -23.4055 67.6411 0
    endloop
  endfacet
  facet normal -0.986663 0.162777 0
    outer loop
      vertex -23.4055 67.6411 3.8
      vertex -23.4348 67.4635 0
      vertex -23.4348 67.4635 3.8
    endloop
  endfacet
  facet normal 0.683682 -0.72978 0
    outer loop
      vertex -28.0765 69.9445 0
      vertex -27.9451 70.0676 3.8
      vertex -28.0765 69.9445 3.8
    endloop
  endfacet
  facet normal 0.683682 -0.72978 0
    outer loop
      vertex -27.9451 70.0676 3.8
      vertex -28.0765 69.9445 0
      vertex -27.9451 70.0676 0
    endloop
  endfacet
  facet normal -0.47128 -0.881983 0
    outer loop
      vertex -24.9156 70.4664 0
      vertex -24.7569 70.3816 3.8
      vertex -24.9156 70.4664 3.8
    endloop
  endfacet
  facet normal -0.47128 -0.881983 -0
    outer loop
      vertex -24.7569 70.3816 3.8
      vertex -24.9156 70.4664 0
      vertex -24.7569 70.3816 0
    endloop
  endfacet
  facet normal 0.227212 -0.973845 0
    outer loop
      vertex -26.8437 70.6563 0
      vertex -26.6684 70.6972 3.8
      vertex -26.8437 70.6563 3.8
    endloop
  endfacet
  facet normal 0.227212 -0.973845 0
    outer loop
      vertex -26.6684 70.6972 3.8
      vertex -26.8437 70.6563 0
      vertex -26.6684 70.6972 0
    endloop
  endfacet
  facet normal -0.68396 -0.72952 0
    outer loop
      vertex -24.3187 70.0676 0
      vertex -24.1874 69.9445 3.8
      vertex -24.3187 70.0676 3.8
    endloop
  endfacet
  facet normal -0.68396 -0.72952 -0
    outer loop
      vertex -24.1874 69.9445 3.8
      vertex -24.3187 70.0676 0
      vertex -24.1874 69.9445 0
    endloop
  endfacet
  facet normal 0.352341 -0.935872 0
    outer loop
      vertex -27.1843 70.5407 0
      vertex -27.0159 70.6041 3.8
      vertex -27.1843 70.5407 3.8
    endloop
  endfacet
  facet normal 0.352341 -0.935872 0
    outer loop
      vertex -27.0159 70.6041 3.8
      vertex -27.1843 70.5407 0
      vertex -27.0159 70.6041 0
    endloop
  endfacet
  facet normal -0.162777 -0.986663 0
    outer loop
      vertex -25.773 70.7265 0
      vertex -25.5954 70.6972 3.8
      vertex -25.773 70.7265 3.8
    endloop
  endfacet
  facet normal -0.162777 -0.986663 -0
    outer loop
      vertex -25.5954 70.6972 3.8
      vertex -25.773 70.7265 0
      vertex -25.5954 70.6972 0
    endloop
  endfacet
  facet normal 0.986663 -0.162777 0
    outer loop
      vertex -28.8584 68.3589 3.8
      vertex -28.8291 68.5365 0
      vertex -28.8291 68.5365 3.8
    endloop
  endfacet
  facet normal 0.986663 -0.162777 0
    outer loop
      vertex -28.8291 68.5365 0
      vertex -28.8584 68.3589 3.8
      vertex -28.8584 68.3589 0
    endloop
  endfacet
  facet normal 0.910785 -0.412882 0
    outer loop
      vertex -28.6726 69.0524 3.8
      vertex -28.5983 69.2163 0
      vertex -28.5983 69.2163 3.8
    endloop
  endfacet
  facet normal 0.910785 -0.412882 0
    outer loop
      vertex -28.5983 69.2163 0
      vertex -28.6726 69.0524 3.8
      vertex -28.6726 69.0524 0
    endloop
  endfacet
  facet normal -0.412673 -0.910879 0
    outer loop
      vertex -25.0796 70.5407 0
      vertex -24.9156 70.4664 3.8
      vertex -25.0796 70.5407 3.8
    endloop
  endfacet
  facet normal -0.412673 -0.910879 -0
    outer loop
      vertex -24.9156 70.4664 3.8
      vertex -25.0796 70.5407 0
      vertex -24.9156 70.4664 0
    endloop
  endfacet
  facet normal 0.772892 -0.634538 0
    outer loop
      vertex -28.3137 69.6741 3.8
      vertex -28.1995 69.8132 0
      vertex -28.1995 69.8132 3.8
    endloop
  endfacet
  facet normal 0.772892 -0.634538 0
    outer loop
      vertex -28.1995 69.8132 0
      vertex -28.3137 69.6741 3.8
      vertex -28.3137 69.6741 0
    endloop
  endfacet
  facet normal -0.5284 0.848996 0
    outer loop
      vertex -24.6041 65.7135 0
      vertex -24.7569 65.6184 3.8
      vertex -24.6041 65.7135 3.8
    endloop
  endfacet
  facet normal -0.5284 0.848996 0
    outer loop
      vertex -24.7569 65.6184 3.8
      vertex -24.6041 65.7135 0
      vertex -24.7569 65.6184 0
    endloop
  endfacet
  facet normal 0.582605 0.812756 -0
    outer loop
      vertex -27.6598 65.7135 0
      vertex -27.806 65.8183 3.8
      vertex -27.6598 65.7135 3.8
    endloop
  endfacet
  facet normal 0.582605 0.812756 0
    outer loop
      vertex -27.806 65.8183 3.8
      vertex -27.6598 65.7135 0
      vertex -27.806 65.8183 0
    endloop
  endfacet
  facet normal 0.812944 -0.582341 0
    outer loop
      vertex -28.4185 69.5278 3.8
      vertex -28.3137 69.6741 0
      vertex -28.3137 69.6741 3.8
    endloop
  endfacet
  facet normal 0.812944 -0.582341 0
    outer loop
      vertex -28.3137 69.6741 0
      vertex -28.4185 69.5278 3.8
      vertex -28.4185 69.5278 0
    endloop
  endfacet
  facet normal 0.47128 -0.881983 0
    outer loop
      vertex -27.5069 70.3816 0
      vertex -27.3482 70.4664 3.8
      vertex -27.5069 70.3816 3.8
    endloop
  endfacet
  facet normal 0.47128 -0.881983 0
    outer loop
      vertex -27.3482 70.4664 3.8
      vertex -27.5069 70.3816 0
      vertex -27.3482 70.4664 0
    endloop
  endfacet
  facet normal 0.849245 0.527999 0
    outer loop
      vertex -28.4185 66.4722 3.8
      vertex -28.5135 66.625 0
      vertex -28.5135 66.625 3.8
    endloop
  endfacet
  facet normal 0.849245 0.527999 0
    outer loop
      vertex -28.5135 66.625 0
      vertex -28.4185 66.4722 3.8
      vertex -28.4185 66.4722 0
    endloop
  endfacet
  facet normal 0.352341 0.935872 -0
    outer loop
      vertex -27.0159 65.3959 0
      vertex -27.1843 65.4593 3.8
      vertex -27.0159 65.3959 3.8
    endloop
  endfacet
  facet normal 0.352341 0.935872 0
    outer loop
      vertex -27.1843 65.4593 3.8
      vertex -27.0159 65.3959 0
      vertex -27.1843 65.4593 0
    endloop
  endfacet
  facet normal 0.956996 0.2901 0
    outer loop
      vertex -28.736 67.116 3.8
      vertex -28.7882 67.2882 0
      vertex -28.7882 67.2882 3.8
    endloop
  endfacet
  facet normal 0.956996 0.2901 0
    outer loop
      vertex -28.7882 67.2882 0
      vertex -28.736 67.116 3.8
      vertex -28.736 67.116 0
    endloop
  endfacet
  facet normal -0.68396 0.72952 0
    outer loop
      vertex -24.1874 66.0555 0
      vertex -24.3187 65.9324 3.8
      vertex -24.1874 66.0555 3.8
    endloop
  endfacet
  facet normal -0.68396 0.72952 0
    outer loop
      vertex -24.3187 65.9324 3.8
      vertex -24.1874 66.0555 0
      vertex -24.3187 65.9324 0
    endloop
  endfacet
  facet normal 0 -1 0
    outer loop
      vertex -28.4991 72.1 3.8
      vertex -23.7648 72.1 8
      vertex -28.4991 72.1 8
    endloop
  endfacet
  facet normal 0 -1 -0
    outer loop
      vertex -23.7648 72.1 8
      vertex -28.4991 72.1 3.8
      vertex -23.7648 72.1 3.8
    endloop
  endfacet
  facet normal -0.866029 -0.499994 0
    outer loop
      vertex -21.3977 68 3.8
      vertex -23.7648 72.1 8
      vertex -23.7648 72.1 3.8
    endloop
  endfacet
  facet normal -0.866029 -0.499994 0
    outer loop
      vertex -23.7648 72.1 8
      vertex -21.3977 68 3.8
      vertex -21.3977 68 8
    endloop
  endfacet
  facet normal 0.866029 -0.499994 0
    outer loop
      vertex -30.8662 68 8
      vertex -28.4991 72.1 3.8
      vertex -28.4991 72.1 8
    endloop
  endfacet
  facet normal 0.866029 -0.499994 0
    outer loop
      vertex -28.4991 72.1 3.8
      vertex -30.8662 68 8
      vertex -30.8662 68 3.8
    endloop
  endfacet
  facet normal 0 0 1
    outer loop
      vertex -21.3977 68 3.8
      vertex -23.3878 68.1799 3.8
      vertex -23.3819 68 3.8
    endloop
  endfacet
  facet normal 0 0 1
    outer loop
      vertex -21.3977 68 3.8
      vertex -23.4055 68.3589 3.8
      vertex -23.3878 68.1799 3.8
    endloop
  endfacet
  facet normal 0 0 1
    outer loop
      vertex -21.3977 68 3.8
      vertex -23.4348 68.5365 3.8
      vertex -23.4055 68.3589 3.8
    endloop
  endfacet
  facet normal 0 0 1
    outer loop
      vertex -21.3977 68 3.8
      vertex -23.4756 68.7118 3.8
      vertex -23.4348 68.5365 3.8
    endloop
  endfacet
  facet normal 0 0 1
    outer loop
      vertex -21.3977 68 3.8
      vertex -23.5279 68.884 3.8
      vertex -23.4756 68.7118 3.8
    endloop
  endfacet
  facet normal 0 0 1
    outer loop
      vertex -21.3977 68 3.8
      vertex -23.5913 69.0524 3.8
      vertex -23.5279 68.884 3.8
    endloop
  endfacet
  facet normal 0 0 1
    outer loop
      vertex -21.3977 68 3.8
      vertex -23.6655 69.2163 3.8
      vertex -23.5913 69.0524 3.8
    endloop
  endfacet
  facet normal 0 0 1
    outer loop
      vertex -21.3977 68 3.8
      vertex -23.7504 69.375 3.8
      vertex -23.6655 69.2163 3.8
    endloop
  endfacet
  facet normal 0 0 1
    outer loop
      vertex -23.7648 72.1 3.8
      vertex -23.7504 69.375 3.8
      vertex -21.3977 68 3.8
    endloop
  endfacet
  facet normal 0 0 1
    outer loop
      vertex -23.7648 72.1 3.8
      vertex -23.8454 69.5278 3.8
      vertex -23.7504 69.375 3.8
    endloop
  endfacet
  facet normal 0 0 1
    outer loop
      vertex -23.7648 72.1 3.8
      vertex -23.9502 69.6741 3.8
      vertex -23.8454 69.5278 3.8
    endloop
  endfacet
  facet normal 0 0 1
    outer loop
      vertex -23.7648 72.1 3.8
      vertex -24.0644 69.8132 3.8
      vertex -23.9502 69.6741 3.8
    endloop
  endfacet
  facet normal 0 0 1
    outer loop
      vertex -23.7648 72.1 3.8
      vertex -24.1874 69.9445 3.8
      vertex -24.0644 69.8132 3.8
    endloop
  endfacet
  facet normal 0 0 1
    outer loop
      vertex -23.7648 72.1 3.8
      vertex -24.3187 70.0676 3.8
      vertex -24.1874 69.9445 3.8
    endloop
  endfacet
  facet normal 0 0 1
    outer loop
      vertex -23.7648 72.1 3.8
      vertex -24.4578 70.1817 3.8
      vertex -24.3187 70.0676 3.8
    endloop
  endfacet
  facet normal 0 0 1
    outer loop
      vertex -23.7648 72.1 3.8
      vertex -24.6041 70.2865 3.8
      vertex -24.4578 70.1817 3.8
    endloop
  endfacet
  facet normal 0 0 1
    outer loop
      vertex -23.7648 72.1 3.8
      vertex -24.7569 70.3816 3.8
      vertex -24.6041 70.2865 3.8
    endloop
  endfacet
  facet normal 0 0 1
    outer loop
      vertex -23.7648 72.1 3.8
      vertex -24.9156 70.4664 3.8
      vertex -24.7569 70.3816 3.8
    endloop
  endfacet
  facet normal 0 0 1
    outer loop
      vertex -23.7648 72.1 3.8
      vertex -25.0796 70.5407 3.8
      vertex -24.9156 70.4664 3.8
    endloop
  endfacet
  facet normal 0 0 1
    outer loop
      vertex -23.7648 72.1 3.8
      vertex -25.248 70.6041 3.8
      vertex -25.0796 70.5407 3.8
    endloop
  endfacet
  facet normal 0 0 1
    outer loop
      vertex -23.7648 72.1 3.8
      vertex -25.4202 70.6563 3.8
      vertex -25.248 70.6041 3.8
    endloop
  endfacet
  facet normal 0 0 1
    outer loop
      vertex -23.7648 72.1 3.8
      vertex -25.5954 70.6972 3.8
      vertex -25.4202 70.6563 3.8
    endloop
  endfacet
  facet normal 0 0 1
    outer loop
      vertex -23.7648 72.1 3.8
      vertex -25.773 70.7265 3.8
      vertex -25.5954 70.6972 3.8
    endloop
  endfacet
  facet normal 0 0 1
    outer loop
      vertex -23.7648 72.1 3.8
      vertex -25.9521 70.7441 3.8
      vertex -25.773 70.7265 3.8
    endloop
  endfacet
  facet normal 0 0 1
    outer loop
      vertex -23.7648 72.1 3.8
      vertex -26.1319 70.75 3.8
      vertex -25.9521 70.7441 3.8
    endloop
  endfacet
  facet normal -0 0 1
    outer loop
      vertex -28.4991 72.1 3.8
      vertex -26.1319 70.75 3.8
      vertex -23.7648 72.1 3.8
    endloop
  endfacet
  facet normal 0 0 1
    outer loop
      vertex -26.1319 70.75 3.8
      vertex -28.4991 72.1 3.8
      vertex -26.3118 70.7441 3.8
    endloop
  endfacet
  facet normal 0 0 1
    outer loop
      vertex -26.3118 70.7441 3.8
      vertex -28.4991 72.1 3.8
      vertex -26.4909 70.7265 3.8
    endloop
  endfacet
  facet normal 0 0 1
    outer loop
      vertex -26.4909 70.7265 3.8
      vertex -28.4991 72.1 3.8
      vertex -26.6684 70.6972 3.8
    endloop
  endfacet
  facet normal 0 0 1
    outer loop
      vertex -26.6684 70.6972 3.8
      vertex -28.4991 72.1 3.8
      vertex -26.8437 70.6563 3.8
    endloop
  endfacet
  facet normal 0 0 1
    outer loop
      vertex -26.8437 70.6563 3.8
      vertex -28.4991 72.1 3.8
      vertex -27.0159 70.6041 3.8
    endloop
  endfacet
  facet normal 0 0 1
    outer loop
      vertex -27.0159 70.6041 3.8
      vertex -28.4991 72.1 3.8
      vertex -27.1843 70.5407 3.8
    endloop
  endfacet
  facet normal 0 0 1
    outer loop
      vertex -27.1843 70.5407 3.8
      vertex -28.4991 72.1 3.8
      vertex -27.3482 70.4664 3.8
    endloop
  endfacet
  facet normal 0 0 1
    outer loop
      vertex -28.4991 72.1 3.8
      vertex -27.5069 70.3816 3.8
      vertex -27.3482 70.4664 3.8
    endloop
  endfacet
  facet normal 0 0 1
    outer loop
      vertex -28.4991 72.1 3.8
      vertex -27.6598 70.2865 3.8
      vertex -27.5069 70.3816 3.8
    endloop
  endfacet
  facet normal 0 0 1
    outer loop
      vertex -28.4991 72.1 3.8
      vertex -27.806 70.1817 3.8
      vertex -27.6598 70.2865 3.8
    endloop
  endfacet
  facet normal 0 0 1
    outer loop
      vertex -28.4991 72.1 3.8
      vertex -27.9451 70.0676 3.8
      vertex -27.806 70.1817 3.8
    endloop
  endfacet
  facet normal 0 0 1
    outer loop
      vertex -28.4991 72.1 3.8
      vertex -28.0765 69.9445 3.8
      vertex -27.9451 70.0676 3.8
    endloop
  endfacet
  facet normal 0 0 1
    outer loop
      vertex -28.4991 72.1 3.8
      vertex -28.1995 69.8132 3.8
      vertex -28.0765 69.9445 3.8
    endloop
  endfacet
  facet normal 0 0 1
    outer loop
      vertex -28.4991 72.1 3.8
      vertex -28.3137 69.6741 3.8
      vertex -28.1995 69.8132 3.8
    endloop
  endfacet
  facet normal 0 0 1
    outer loop
      vertex -28.4991 72.1 3.8
      vertex -28.4185 69.5278 3.8
      vertex -28.3137 69.6741 3.8
    endloop
  endfacet
  facet normal 0 0 1
    outer loop
      vertex -28.4991 72.1 3.8
      vertex -28.5135 69.375 3.8
      vertex -28.4185 69.5278 3.8
    endloop
  endfacet
  facet normal 0 0 1
    outer loop
      vertex -30.8662 68 3.8
      vertex -28.5135 69.375 3.8
      vertex -28.4991 72.1 3.8
    endloop
  endfacet
  facet normal 0 0 1
    outer loop
      vertex -28.5135 69.375 3.8
      vertex -30.8662 68 3.8
      vertex -28.5983 69.2163 3.8
    endloop
  endfacet
  facet normal 0 0 1
    outer loop
      vertex -28.5983 69.2163 3.8
      vertex -30.8662 68 3.8
      vertex -28.6726 69.0524 3.8
    endloop
  endfacet
  facet normal 0 0 1
    outer loop
      vertex -28.6726 69.0524 3.8
      vertex -30.8662 68 3.8
      vertex -28.736 68.884 3.8
    endloop
  endfacet
  facet normal 0 0 1
    outer loop
      vertex -28.736 68.884 3.8
      vertex -30.8662 68 3.8
      vertex -28.7882 68.7118 3.8
    endloop
  endfacet
  facet normal 0 0 1
    outer loop
      vertex -28.7882 68.7118 3.8
      vertex -30.8662 68 3.8
      vertex -28.8291 68.5365 3.8
    endloop
  endfacet
  facet normal 0 0 1
    outer loop
      vertex -28.8291 68.5365 3.8
      vertex -30.8662 68 3.8
      vertex -28.8584 68.3589 3.8
    endloop
  endfacet
  facet normal 0 0 1
    outer loop
      vertex -28.8761 68.1799 3.8
      vertex -30.8662 68 3.8
      vertex -28.8819 68 3.8
    endloop
  endfacet
  facet normal 0 0 1
    outer loop
      vertex -28.8584 68.3589 3.8
      vertex -30.8662 68 3.8
      vertex -28.8761 68.1799 3.8
    endloop
  endfacet
  facet normal 0 0 1
    outer loop
      vertex -23.3878 67.8201 3.8
      vertex -21.3977 68 3.8
      vertex -23.3819 68 3.8
    endloop
  endfacet
  facet normal 0 0 1
    outer loop
      vertex -23.4055 67.6411 3.8
      vertex -21.3977 68 3.8
      vertex -23.3878 67.8201 3.8
    endloop
  endfacet
  facet normal 0 0 1
    outer loop
      vertex -23.4348 67.4635 3.8
      vertex -21.3977 68 3.8
      vertex -23.4055 67.6411 3.8
    endloop
  endfacet
  facet normal 0 0 1
    outer loop
      vertex -23.4756 67.2882 3.8
      vertex -21.3977 68 3.8
      vertex -23.4348 67.4635 3.8
    endloop
  endfacet
  facet normal 0 0 1
    outer loop
      vertex -23.5279 67.116 3.8
      vertex -21.3977 68 3.8
      vertex -23.4756 67.2882 3.8
    endloop
  endfacet
  facet normal 0 0 1
    outer loop
      vertex -23.5913 66.9476 3.8
      vertex -21.3977 68 3.8
      vertex -23.5279 67.116 3.8
    endloop
  endfacet
  facet normal 0 0 1
    outer loop
      vertex -23.6655 66.7837 3.8
      vertex -21.3977 68 3.8
      vertex -23.5913 66.9476 3.8
    endloop
  endfacet
  facet normal 0 0 1
    outer loop
      vertex -23.7504 66.625 3.8
      vertex -21.3977 68 3.8
      vertex -23.6655 66.7837 3.8
    endloop
  endfacet
  facet normal -0 0 1
    outer loop
      vertex -23.7504 66.625 3.8
      vertex -23.7648 63.9 3.8
      vertex -21.3977 68 3.8
    endloop
  endfacet
  facet normal -0 0 1
    outer loop
      vertex -23.8454 66.4722 3.8
      vertex -23.7648 63.9 3.8
      vertex -23.7504 66.625 3.8
    endloop
  endfacet
  facet normal -0 0 1
    outer loop
      vertex -23.9502 66.3259 3.8
      vertex -23.7648 63.9 3.8
      vertex -23.8454 66.4722 3.8
    endloop
  endfacet
  facet normal -0 0 1
    outer loop
      vertex -24.0644 66.1868 3.8
      vertex -23.7648 63.9 3.8
      vertex -23.9502 66.3259 3.8
    endloop
  endfacet
  facet normal -0 0 1
    outer loop
      vertex -24.1874 66.0555 3.8
      vertex -23.7648 63.9 3.8
      vertex -24.0644 66.1868 3.8
    endloop
  endfacet
  facet normal -0 0 1
    outer loop
      vertex -24.3187 65.9324 3.8
      vertex -23.7648 63.9 3.8
      vertex -24.1874 66.0555 3.8
    endloop
  endfacet
  facet normal -0 0 1
    outer loop
      vertex -24.4578 65.8183 3.8
      vertex -23.7648 63.9 3.8
      vertex -24.3187 65.9324 3.8
    endloop
  endfacet
  facet normal -0 0 1
    outer loop
      vertex -24.6041 65.7135 3.8
      vertex -23.7648 63.9 3.8
      vertex -24.4578 65.8183 3.8
    endloop
  endfacet
  facet normal -0 0 1
    outer loop
      vertex -24.7569 65.6184 3.8
      vertex -23.7648 63.9 3.8
      vertex -24.6041 65.7135 3.8
    endloop
  endfacet
  facet normal -0 0 1
    outer loop
      vertex -24.9156 65.5336 3.8
      vertex -23.7648 63.9 3.8
      vertex -24.7569 65.6184 3.8
    endloop
  endfacet
  facet normal -0 0 1
    outer loop
      vertex -25.0796 65.4593 3.8
      vertex -23.7648 63.9 3.8
      vertex -24.9156 65.5336 3.8
    endloop
  endfacet
  facet normal -0 0 1
    outer loop
      vertex -25.248 65.3959 3.8
      vertex -23.7648 63.9 3.8
      vertex -25.0796 65.4593 3.8
    endloop
  endfacet
  facet normal -0 0 1
    outer loop
      vertex -25.4202 65.3437 3.8
      vertex -23.7648 63.9 3.8
      vertex -25.248 65.3959 3.8
    endloop
  endfacet
  facet normal -0 0 1
    outer loop
      vertex -25.5954 65.3028 3.8
      vertex -23.7648 63.9 3.8
      vertex -25.4202 65.3437 3.8
    endloop
  endfacet
  facet normal -0 0 1
    outer loop
      vertex -25.773 65.2735 3.8
      vertex -23.7648 63.9 3.8
      vertex -25.5954 65.3028 3.8
    endloop
  endfacet
  facet normal -0 0 1
    outer loop
      vertex -25.9521 65.2559 3.8
      vertex -23.7648 63.9 3.8
      vertex -25.773 65.2735 3.8
    endloop
  endfacet
  facet normal -0 0 1
    outer loop
      vertex -26.1319 65.25 3.8
      vertex -23.7648 63.9 3.8
      vertex -25.9521 65.2559 3.8
    endloop
  endfacet
  facet normal 0 0 1
    outer loop
      vertex -28.4991 63.9 3.8
      vertex -26.1319 65.25 3.8
      vertex -26.3118 65.2559 3.8
    endloop
  endfacet
  facet normal 0 0 1
    outer loop
      vertex -28.4991 63.9 3.8
      vertex -26.3118 65.2559 3.8
      vertex -26.4909 65.2735 3.8
    endloop
  endfacet
  facet normal 0 0 1
    outer loop
      vertex -28.4991 63.9 3.8
      vertex -26.4909 65.2735 3.8
      vertex -26.6684 65.3028 3.8
    endloop
  endfacet
  facet normal 0 0 1
    outer loop
      vertex -28.4991 63.9 3.8
      vertex -26.6684 65.3028 3.8
      vertex -26.8437 65.3437 3.8
    endloop
  endfacet
  facet normal 0 0 1
    outer loop
      vertex -28.4991 63.9 3.8
      vertex -26.8437 65.3437 3.8
      vertex -27.0159 65.3959 3.8
    endloop
  endfacet
  facet normal 0 0 1
    outer loop
      vertex -28.4991 63.9 3.8
      vertex -27.0159 65.3959 3.8
      vertex -27.1843 65.4593 3.8
    endloop
  endfacet
  facet normal 0 0 1
    outer loop
      vertex -28.4991 63.9 3.8
      vertex -27.1843 65.4593 3.8
      vertex -27.3482 65.5336 3.8
    endloop
  endfacet
  facet normal 0 0 1
    outer loop
      vertex -26.1319 65.25 3.8
      vertex -28.4991 63.9 3.8
      vertex -23.7648 63.9 3.8
    endloop
  endfacet
  facet normal 0 0 1
    outer loop
      vertex -27.5069 65.6184 3.8
      vertex -28.4991 63.9 3.8
      vertex -27.3482 65.5336 3.8
    endloop
  endfacet
  facet normal 0 0 1
    outer loop
      vertex -27.6598 65.7135 3.8
      vertex -28.4991 63.9 3.8
      vertex -27.5069 65.6184 3.8
    endloop
  endfacet
  facet normal 0 0 1
    outer loop
      vertex -27.806 65.8183 3.8
      vertex -28.4991 63.9 3.8
      vertex -27.6598 65.7135 3.8
    endloop
  endfacet
  facet normal 0 0 1
    outer loop
      vertex -27.9451 65.9324 3.8
      vertex -28.4991 63.9 3.8
      vertex -27.806 65.8183 3.8
    endloop
  endfacet
  facet normal 0 0 1
    outer loop
      vertex -28.0765 66.0555 3.8
      vertex -28.4991 63.9 3.8
      vertex -27.9451 65.9324 3.8
    endloop
  endfacet
  facet normal 0 0 1
    outer loop
      vertex -28.1995 66.1868 3.8
      vertex -28.4991 63.9 3.8
      vertex -28.0765 66.0555 3.8
    endloop
  endfacet
  facet normal 0 0 1
    outer loop
      vertex -28.3137 66.3259 3.8
      vertex -28.4991 63.9 3.8
      vertex -28.1995 66.1868 3.8
    endloop
  endfacet
  facet normal 0 0 1
    outer loop
      vertex -28.4185 66.4722 3.8
      vertex -28.4991 63.9 3.8
      vertex -28.3137 66.3259 3.8
    endloop
  endfacet
  facet normal 0 0 1
    outer loop
      vertex -28.5135 66.625 3.8
      vertex -28.4991 63.9 3.8
      vertex -28.4185 66.4722 3.8
    endloop
  endfacet
  facet normal 0 0 1
    outer loop
      vertex -30.8662 68 3.8
      vertex -28.5135 66.625 3.8
      vertex -28.5983 66.7837 3.8
    endloop
  endfacet
  facet normal 0 0 1
    outer loop
      vertex -30.8662 68 3.8
      vertex -28.5983 66.7837 3.8
      vertex -28.6726 66.9476 3.8
    endloop
  endfacet
  facet normal 0 0 1
    outer loop
      vertex -30.8662 68 3.8
      vertex -28.6726 66.9476 3.8
      vertex -28.736 67.116 3.8
    endloop
  endfacet
  facet normal 0 0 1
    outer loop
      vertex -30.8662 68 3.8
      vertex -28.736 67.116 3.8
      vertex -28.7882 67.2882 3.8
    endloop
  endfacet
  facet normal 0 0 1
    outer loop
      vertex -30.8662 68 3.8
      vertex -28.7882 67.2882 3.8
      vertex -28.8291 67.4635 3.8
    endloop
  endfacet
  facet normal 0 0 1
    outer loop
      vertex -30.8662 68 3.8
      vertex -28.8291 67.4635 3.8
      vertex -28.8584 67.6411 3.8
    endloop
  endfacet
  facet normal 0 0 1
    outer loop
      vertex -30.8662 68 3.8
      vertex -28.8584 67.6411 3.8
      vertex -28.8761 67.8201 3.8
    endloop
  endfacet
  facet normal 0 0 1
    outer loop
      vertex -28.5135 66.625 3.8
      vertex -30.8662 68 3.8
      vertex -28.4991 63.9 3.8
    endloop
  endfacet
  facet normal -0 0 1
    outer loop
      vertex -30.8662 68 3.8
      vertex -28.8761 67.8201 3.8
      vertex -28.8819 68 3.8
    endloop
  endfacet
  facet normal 0.866029 0.499994 0
    outer loop
      vertex -28.4991 63.9 8
      vertex -30.8662 68 3.8
      vertex -30.8662 68 8
    endloop
  endfacet
  facet normal 0.866029 0.499994 0
    outer loop
      vertex -30.8662 68 3.8
      vertex -28.4991 63.9 8
      vertex -28.4991 63.9 3.8
    endloop
  endfacet
  facet normal -0.866029 0.499994 0
    outer loop
      vertex -23.7648 63.9 3.8
      vertex -21.3977 68 8
      vertex -21.3977 68 3.8
    endloop
  endfacet
  facet normal -0.866029 0.499994 0
    outer loop
      vertex -21.3977 68 8
      vertex -23.7648 63.9 3.8
      vertex -23.7648 63.9 8
    endloop
  endfacet
  facet normal 0 1 -0
    outer loop
      vertex -23.7648 63.9 3.8
      vertex -28.4991 63.9 8
      vertex -23.7648 63.9 8
    endloop
  endfacet
  facet normal 0 1 0
    outer loop
      vertex -28.4991 63.9 8
      vertex -23.7648 63.9 3.8
      vertex -28.4991 63.9 3.8
    endloop
  endfacet
  facet normal -0.995147 -0.0984028 0
    outer loop
      vertex 28.8761 68.1799 0
      vertex 28.8584 68.3589 4.5
      vertex 28.8584 68.3589 0
    endloop
  endfacet
  facet normal -0.995147 -0.0984028 0
    outer loop
      vertex 28.8584 68.3589 4.5
      vertex 28.8761 68.1799 0
      vertex 28.8761 68.1799 4.5
    endloop
  endfacet
  facet normal -0.999481 -0.0322234 0
    outer loop
      vertex 28.8819 68 0
      vertex 28.8761 68.1799 4.5
      vertex 28.8761 68.1799 0
    endloop
  endfacet
  facet normal -0.999481 -0.0322234 0
    outer loop
      vertex 28.8761 68.1799 4.5
      vertex 28.8819 68 0
      vertex 28.8819 68 4.5
    endloop
  endfacet
  facet normal -0.849245 0.527999 0
    outer loop
      vertex 28.4185 66.4722 0
      vertex 28.5135 66.625 4.5
      vertex 28.5135 66.625 0
    endloop
  endfacet
  facet normal -0.849245 0.527999 0
    outer loop
      vertex 28.5135 66.625 4.5
      vertex 28.4185 66.4722 0
      vertex 28.4185 66.4722 4.5
    endloop
  endfacet
  facet normal 0.986663 0.162777 0
    outer loop
      vertex 23.4348 67.4635 4.5
      vertex 23.4055 67.6411 0
      vertex 23.4055 67.6411 4.5
    endloop
  endfacet
  facet normal 0.986663 0.162777 0
    outer loop
      vertex 23.4055 67.6411 0
      vertex 23.4348 67.4635 4.5
      vertex 23.4348 67.4635 0
    endloop
  endfacet
  facet normal -0.582605 -0.812756 0
    outer loop
      vertex 27.6598 70.2865 0
      vertex 27.806 70.1817 4.5
      vertex 27.6598 70.2865 4.5
    endloop
  endfacet
  facet normal -0.582605 -0.812756 -0
    outer loop
      vertex 27.806 70.1817 4.5
      vertex 27.6598 70.2865 0
      vertex 27.806 70.1817 0
    endloop
  endfacet
  facet normal -0.528151 0.849151 0
    outer loop
      vertex 27.6598 65.7135 0
      vertex 27.5069 65.6184 4.5
      vertex 27.6598 65.7135 4.5
    endloop
  endfacet
  facet normal -0.528151 0.849151 0
    outer loop
      vertex 27.5069 65.6184 4.5
      vertex 27.6598 65.7135 0
      vertex 27.5069 65.6184 0
    endloop
  endfacet
  facet normal 0.812944 -0.582341 0
    outer loop
      vertex 23.8454 69.5278 4.5
      vertex 23.9502 69.6741 0
      vertex 23.9502 69.6741 4.5
    endloop
  endfacet
  facet normal 0.812944 -0.582341 0
    outer loop
      vertex 23.9502 69.6741 0
      vertex 23.8454 69.5278 4.5
      vertex 23.8454 69.5278 0
    endloop
  endfacet
  facet normal 0.986663 -0.162777 0
    outer loop
      vertex 23.4055 68.3589 4.5
      vertex 23.4348 68.5365 0
      vertex 23.4348 68.5365 4.5
    endloop
  endfacet
  facet normal 0.986663 -0.162777 0
    outer loop
      vertex 23.4348 68.5365 0
      vertex 23.4055 68.3589 4.5
      vertex 23.4055 68.3589 0
    endloop
  endfacet
  facet normal 0.935872 -0.352341 0
    outer loop
      vertex 23.5279 68.884 4.5
      vertex 23.5913 69.0524 0
      vertex 23.5913 69.0524 4.5
    endloop
  endfacet
  facet normal 0.935872 -0.352341 0
    outer loop
      vertex 23.5913 69.0524 0
      vertex 23.5279 68.884 4.5
      vertex 23.5279 68.884 0
    endloop
  endfacet
  facet normal -0.2901 0.956996 0
    outer loop
      vertex 27.0159 65.3959 0
      vertex 26.8437 65.3437 4.5
      vertex 27.0159 65.3959 4.5
    endloop
  endfacet
  facet normal -0.2901 0.956996 0
    outer loop
      vertex 26.8437 65.3437 4.5
      vertex 27.0159 65.3959 0
      vertex 26.8437 65.3437 0
    endloop
  endfacet
  facet normal 0.812944 0.582341 0
    outer loop
      vertex 23.9502 66.3259 4.5
      vertex 23.8454 66.4722 0
      vertex 23.8454 66.4722 4.5
    endloop
  endfacet
  facet normal 0.812944 0.582341 0
    outer loop
      vertex 23.8454 66.4722 0
      vertex 23.9502 66.3259 4.5
      vertex 23.9502 66.3259 0
    endloop
  endfacet
  facet normal 0.772892 -0.634538 0
    outer loop
      vertex 23.9502 69.6741 4.5
      vertex 24.0644 69.8132 0
      vertex 24.0644 69.8132 4.5
    endloop
  endfacet
  facet normal 0.772892 -0.634538 0
    outer loop
      vertex 24.0644 69.8132 0
      vertex 23.9502 69.6741 4.5
      vertex 23.9502 69.6741 0
    endloop
  endfacet
  facet normal -0.162866 -0.986648 0
    outer loop
      vertex 26.4909 70.7265 0
      vertex 26.6684 70.6972 4.5
      vertex 26.4909 70.7265 4.5
    endloop
  endfacet
  facet normal -0.162866 -0.986648 -0
    outer loop
      vertex 26.6684 70.6972 4.5
      vertex 26.4909 70.7265 0
      vertex 26.6684 70.6972 0
    endloop
  endfacet
  facet normal -0.999481 0.0322234 0
    outer loop
      vertex 28.8761 67.8201 0
      vertex 28.8819 68 4.5
      vertex 28.8819 68 0
    endloop
  endfacet
  facet normal -0.999481 0.0322234 0
    outer loop
      vertex 28.8819 68 4.5
      vertex 28.8761 67.8201 0
      vertex 28.8761 67.8201 4.5
    endloop
  endfacet
  facet normal -0.352341 -0.935872 0
    outer loop
      vertex 27.0159 70.6041 0
      vertex 27.1843 70.5407 4.5
      vertex 27.0159 70.6041 4.5
    endloop
  endfacet
  facet normal -0.352341 -0.935872 -0
    outer loop
      vertex 27.1843 70.5407 4.5
      vertex 27.0159 70.6041 0
      vertex 27.1843 70.5407 0
    endloop
  endfacet
  facet normal -0.772892 0.634538 0
    outer loop
      vertex 28.1995 66.1868 0
      vertex 28.3137 66.3259 4.5
      vertex 28.3137 66.3259 0
    endloop
  endfacet
  facet normal -0.772892 0.634538 0
    outer loop
      vertex 28.3137 66.3259 4.5
      vertex 28.1995 66.1868 0
      vertex 28.1995 66.1868 4.5
    endloop
  endfacet
  facet normal 0.47128 0.881983 -0
    outer loop
      vertex 24.9156 65.5336 0
      vertex 24.7569 65.6184 4.5
      vertex 24.9156 65.5336 4.5
    endloop
  endfacet
  facet normal 0.47128 0.881983 0
    outer loop
      vertex 24.7569 65.6184 4.5
      vertex 24.9156 65.5336 0
      vertex 24.7569 65.6184 0
    endloop
  endfacet
  facet normal -0.910785 -0.412882 0
    outer loop
      vertex 28.6726 69.0524 0
      vertex 28.5983 69.2163 4.5
      vertex 28.5983 69.2163 0
    endloop
  endfacet
  facet normal -0.910785 -0.412882 0
    outer loop
      vertex 28.5983 69.2163 4.5
      vertex 28.6726 69.0524 0
      vertex 28.6726 69.0524 4.5
    endloop
  endfacet
  facet normal -0.412882 -0.910785 0
    outer loop
      vertex 27.1843 70.5407 0
      vertex 27.3482 70.4664 4.5
      vertex 27.1843 70.5407 4.5
    endloop
  endfacet
  facet normal -0.412882 -0.910785 -0
    outer loop
      vertex 27.3482 70.4664 4.5
      vertex 27.1843 70.5407 0
      vertex 27.3482 70.4664 0
    endloop
  endfacet
  facet normal 0.881752 0.471713 0
    outer loop
      vertex 23.7504 66.625 4.5
      vertex 23.6655 66.7837 0
      vertex 23.6655 66.7837 4.5
    endloop
  endfacet
  facet normal 0.881752 0.471713 0
    outer loop
      vertex 23.6655 66.7837 0
      vertex 23.7504 66.625 4.5
      vertex 23.7504 66.625 0
    endloop
  endfacet
  facet normal -0.227212 0.973845 0
    outer loop
      vertex 26.8437 65.3437 0
      vertex 26.6684 65.3028 4.5
      vertex 26.8437 65.3437 4.5
    endloop
  endfacet
  facet normal -0.227212 0.973845 0
    outer loop
      vertex 26.6684 65.3028 4.5
      vertex 26.8437 65.3437 0
      vertex 26.6684 65.3028 0
    endloop
  endfacet
  facet normal 0.956842 0.290609 0
    outer loop
      vertex 23.5279 67.116 4.5
      vertex 23.4756 67.2882 0
      vertex 23.4756 67.2882 4.5
    endloop
  endfacet
  facet normal 0.956842 0.290609 0
    outer loop
      vertex 23.4756 67.2882 0
      vertex 23.5279 67.116 4.5
      vertex 23.5279 67.116 0
    endloop
  endfacet
  facet normal 0.227335 -0.973817 0
    outer loop
      vertex 25.4202 70.6563 0
      vertex 25.5954 70.6972 4.5
      vertex 25.4202 70.6563 4.5
    endloop
  endfacet
  facet normal 0.227335 -0.973817 0
    outer loop
      vertex 25.5954 70.6972 4.5
      vertex 25.4202 70.6563 0
      vertex 25.5954 70.6972 0
    endloop
  endfacet
  facet normal -0.973845 0.227212 0
    outer loop
      vertex 28.7882 67.2882 0
      vertex 28.8291 67.4635 4.5
      vertex 28.8291 67.4635 0
    endloop
  endfacet
  facet normal -0.973845 0.227212 0
    outer loop
      vertex 28.8291 67.4635 4.5
      vertex 28.7882 67.2882 0
      vertex 28.7882 67.2882 4.5
    endloop
  endfacet
  facet normal -0.528151 -0.849151 0
    outer loop
      vertex 27.5069 70.3816 0
      vertex 27.6598 70.2865 4.5
      vertex 27.5069 70.3816 4.5
    endloop
  endfacet
  facet normal -0.528151 -0.849151 -0
    outer loop
      vertex 27.6598 70.2865 4.5
      vertex 27.5069 70.3816 0
      vertex 27.6598 70.2865 0
    endloop
  endfacet
  facet normal -0.634206 -0.773164 0
    outer loop
      vertex 27.806 70.1817 0
      vertex 27.9451 70.0676 4.5
      vertex 27.806 70.1817 4.5
    endloop
  endfacet
  facet normal -0.634206 -0.773164 -0
    outer loop
      vertex 27.9451 70.0676 4.5
      vertex 27.806 70.1817 0
      vertex 27.9451 70.0676 0
    endloop
  endfacet
  facet normal -0.973845 -0.227212 0
    outer loop
      vertex 28.8291 68.5365 0
      vertex 28.7882 68.7118 4.5
      vertex 28.7882 68.7118 0
    endloop
  endfacet
  facet normal -0.973845 -0.227212 0
    outer loop
      vertex 28.7882 68.7118 4.5
      vertex 28.8291 68.5365 0
      vertex 28.8291 68.5365 4.5
    endloop
  endfacet
  facet normal 0.68396 -0.72952 0
    outer loop
      vertex 24.1874 69.9445 0
      vertex 24.3187 70.0676 4.5
      vertex 24.1874 69.9445 4.5
    endloop
  endfacet
  facet normal 0.68396 -0.72952 0
    outer loop
      vertex 24.3187 70.0676 4.5
      vertex 24.1874 69.9445 0
      vertex 24.3187 70.0676 0
    endloop
  endfacet
  facet normal 0.582341 0.812944 -0
    outer loop
      vertex 24.6041 65.7135 0
      vertex 24.4578 65.8183 4.5
      vertex 24.6041 65.7135 4.5
    endloop
  endfacet
  facet normal 0.582341 0.812944 0
    outer loop
      vertex 24.4578 65.8183 4.5
      vertex 24.6041 65.7135 0
      vertex 24.4578 65.8183 0
    endloop
  endfacet
  facet normal 0.772892 0.634538 0
    outer loop
      vertex 24.0644 66.1868 4.5
      vertex 23.9502 66.3259 0
      vertex 23.9502 66.3259 4.5
    endloop
  endfacet
  facet normal 0.772892 0.634538 0
    outer loop
      vertex 23.9502 66.3259 0
      vertex 24.0644 66.1868 4.5
      vertex 24.0644 66.1868 0
    endloop
  endfacet
  facet normal 0.910994 0.412421 0
    outer loop
      vertex 23.6655 66.7837 4.5
      vertex 23.5913 66.9476 0
      vertex 23.5913 66.9476 4.5
    endloop
  endfacet
  facet normal 0.910994 0.412421 0
    outer loop
      vertex 23.5913 66.9476 0
      vertex 23.6655 66.7837 4.5
      vertex 23.6655 66.7837 0
    endloop
  endfacet
  facet normal -0.162866 0.986648 0
    outer loop
      vertex 26.6684 65.3028 0
      vertex 26.4909 65.2735 4.5
      vertex 26.6684 65.3028 4.5
    endloop
  endfacet
  facet normal -0.162866 0.986648 0
    outer loop
      vertex 26.4909 65.2735 4.5
      vertex 26.6684 65.3028 0
      vertex 26.4909 65.2735 0
    endloop
  endfacet
  facet normal 0.162777 0.986663 -0
    outer loop
      vertex 25.773 65.2735 0
      vertex 25.5954 65.3028 4.5
      vertex 25.773 65.2735 4.5
    endloop
  endfacet
  facet normal 0.162777 0.986663 0
    outer loop
      vertex 25.5954 65.3028 4.5
      vertex 25.773 65.2735 0
      vertex 25.5954 65.3028 0
    endloop
  endfacet
  facet normal -0.227212 -0.973845 0
    outer loop
      vertex 26.6684 70.6972 0
      vertex 26.8437 70.6563 4.5
      vertex 26.6684 70.6972 4.5
    endloop
  endfacet
  facet normal -0.227212 -0.973845 -0
    outer loop
      vertex 26.8437 70.6563 4.5
      vertex 26.6684 70.6972 0
      vertex 26.8437 70.6563 0
    endloop
  endfacet
  facet normal -0.956996 0.2901 0
    outer loop
      vertex 28.736 67.116 0
      vertex 28.7882 67.2882 4.5
      vertex 28.7882 67.2882 0
    endloop
  endfacet
  facet normal -0.956996 0.2901 0
    outer loop
      vertex 28.7882 67.2882 4.5
      vertex 28.736 67.116 0
      vertex 28.736 67.116 4.5
    endloop
  endfacet
  facet normal -0.910785 0.412882 0
    outer loop
      vertex 28.5983 66.7837 0
      vertex 28.6726 66.9476 4.5
      vertex 28.6726 66.9476 0
    endloop
  endfacet
  facet normal -0.910785 0.412882 0
    outer loop
      vertex 28.6726 66.9476 4.5
      vertex 28.5983 66.7837 0
      vertex 28.5983 66.7837 4.5
    endloop
  endfacet
  facet normal -0.097798 -0.995206 0
    outer loop
      vertex 26.3118 70.7441 0
      vertex 26.4909 70.7265 4.5
      vertex 26.3118 70.7441 4.5
    endloop
  endfacet
  facet normal -0.097798 -0.995206 -0
    outer loop
      vertex 26.4909 70.7265 4.5
      vertex 26.3118 70.7441 0
      vertex 26.4909 70.7265 0
    endloop
  endfacet
  facet normal 0.162777 -0.986663 0
    outer loop
      vertex 25.5954 70.6972 0
      vertex 25.773 70.7265 4.5
      vertex 25.5954 70.6972 4.5
    endloop
  endfacet
  facet normal 0.162777 -0.986663 0
    outer loop
      vertex 25.773 70.7265 4.5
      vertex 25.5954 70.6972 0
      vertex 25.773 70.7265 0
    endloop
  endfacet
  facet normal 0.634206 -0.773164 0
    outer loop
      vertex 24.3187 70.0676 0
      vertex 24.4578 70.1817 4.5
      vertex 24.3187 70.0676 4.5
    endloop
  endfacet
  facet normal 0.634206 -0.773164 0
    outer loop
      vertex 24.4578 70.1817 4.5
      vertex 24.3187 70.0676 0
      vertex 24.4578 70.1817 0
    endloop
  endfacet
  facet normal -0.097798 0.995206 0
    outer loop
      vertex 26.4909 65.2735 0
      vertex 26.3118 65.2559 4.5
      vertex 26.4909 65.2735 4.5
    endloop
  endfacet
  facet normal -0.097798 0.995206 0
    outer loop
      vertex 26.3118 65.2559 4.5
      vertex 26.4909 65.2735 0
      vertex 26.3118 65.2559 0
    endloop
  endfacet
  facet normal -0.582605 0.812756 0
    outer loop
      vertex 27.806 65.8183 0
      vertex 27.6598 65.7135 4.5
      vertex 27.806 65.8183 4.5
    endloop
  endfacet
  facet normal -0.582605 0.812756 0
    outer loop
      vertex 27.6598 65.7135 4.5
      vertex 27.806 65.8183 0
      vertex 27.6598 65.7135 0
    endloop
  endfacet
  facet normal -0.995147 0.0984028 0
    outer loop
      vertex 28.8584 67.6411 0
      vertex 28.8761 67.8201 4.5
      vertex 28.8761 67.8201 0
    endloop
  endfacet
  facet normal -0.995147 0.0984028 0
    outer loop
      vertex 28.8761 67.8201 4.5
      vertex 28.8584 67.6411 0
      vertex 28.8584 67.6411 4.5
    endloop
  endfacet
  facet normal 0.352341 -0.935872 0
    outer loop
      vertex 25.0796 70.5407 0
      vertex 25.248 70.6041 4.5
      vertex 25.0796 70.5407 4.5
    endloop
  endfacet
  facet normal 0.352341 -0.935872 0
    outer loop
      vertex 25.248 70.6041 4.5
      vertex 25.0796 70.5407 0
      vertex 25.248 70.6041 0
    endloop
  endfacet
  facet normal -0.849245 -0.527999 0
    outer loop
      vertex 28.5135 69.375 0
      vertex 28.4185 69.5278 4.5
      vertex 28.4185 69.5278 0
    endloop
  endfacet
  facet normal -0.849245 -0.527999 0
    outer loop
      vertex 28.4185 69.5278 4.5
      vertex 28.5135 69.375 0
      vertex 28.5135 69.375 4.5
    endloop
  endfacet
  facet normal -0.881983 -0.47128 0
    outer loop
      vertex 28.5983 69.2163 0
      vertex 28.5135 69.375 4.5
      vertex 28.5135 69.375 0
    endloop
  endfacet
  facet normal -0.881983 -0.47128 0
    outer loop
      vertex 28.5135 69.375 4.5
      vertex 28.5983 69.2163 0
      vertex 28.5983 69.2163 4.5
    endloop
  endfacet
  facet normal -0.772892 -0.634538 0
    outer loop
      vertex 28.3137 69.6741 0
      vertex 28.1995 69.8132 4.5
      vertex 28.1995 69.8132 0
    endloop
  endfacet
  facet normal -0.772892 -0.634538 0
    outer loop
      vertex 28.1995 69.8132 4.5
      vertex 28.3137 69.6741 0
      vertex 28.3137 69.6741 4.5
    endloop
  endfacet
  facet normal -0.956996 -0.2901 0
    outer loop
      vertex 28.7882 68.7118 0
      vertex 28.736 68.884 4.5
      vertex 28.736 68.884 0
    endloop
  endfacet
  facet normal -0.956996 -0.2901 0
    outer loop
      vertex 28.736 68.884 4.5
      vertex 28.7882 68.7118 0
      vertex 28.7882 68.7118 4.5
    endloop
  endfacet
  facet normal -0.935872 0.352341 0
    outer loop
      vertex 28.6726 66.9476 0
      vertex 28.736 67.116 4.5
      vertex 28.736 67.116 0
    endloop
  endfacet
  facet normal -0.935872 0.352341 0
    outer loop
      vertex 28.736 67.116 4.5
      vertex 28.6726 66.9476 0
      vertex 28.6726 66.9476 4.5
    endloop
  endfacet
  facet normal 0.729797 0.683664 0
    outer loop
      vertex 24.1874 66.0555 4.5
      vertex 24.0644 66.1868 0
      vertex 24.0644 66.1868 4.5
    endloop
  endfacet
  facet normal 0.729797 0.683664 0
    outer loop
      vertex 24.0644 66.1868 0
      vertex 24.1874 66.0555 4.5
      vertex 24.1874 66.0555 0
    endloop
  endfacet
  facet normal 0.0327966 0.999462 -0
    outer loop
      vertex 26.1319 65.25 0
      vertex 25.9521 65.2559 4.5
      vertex 26.1319 65.25 4.5
    endloop
  endfacet
  facet normal 0.0327966 0.999462 0
    outer loop
      vertex 25.9521 65.2559 4.5
      vertex 26.1319 65.25 0
      vertex 25.9521 65.2559 0
    endloop
  endfacet
  facet normal -0.729797 0.683664 0
    outer loop
      vertex 28.0765 66.0555 0
      vertex 28.1995 66.1868 4.5
      vertex 28.1995 66.1868 0
    endloop
  endfacet
  facet normal -0.729797 0.683664 0
    outer loop
      vertex 28.1995 66.1868 4.5
      vertex 28.0765 66.0555 0
      vertex 28.0765 66.0555 4.5
    endloop
  endfacet
  facet normal -0.683682 0.72978 0
    outer loop
      vertex 28.0765 66.0555 0
      vertex 27.9451 65.9324 4.5
      vertex 28.0765 66.0555 4.5
    endloop
  endfacet
  facet normal -0.683682 0.72978 0
    outer loop
      vertex 27.9451 65.9324 4.5
      vertex 28.0765 66.0555 0
      vertex 27.9451 65.9324 0
    endloop
  endfacet
  facet normal 0.2901 0.956996 -0
    outer loop
      vertex 25.4202 65.3437 0
      vertex 25.248 65.3959 4.5
      vertex 25.4202 65.3437 4.5
    endloop
  endfacet
  facet normal 0.2901 0.956996 0
    outer loop
      vertex 25.248 65.3959 4.5
      vertex 25.4202 65.3437 0
      vertex 25.248 65.3959 0
    endloop
  endfacet
  facet normal 0.227335 0.973817 -0
    outer loop
      vertex 25.5954 65.3028 0
      vertex 25.4202 65.3437 4.5
      vertex 25.5954 65.3028 4.5
    endloop
  endfacet
  facet normal 0.227335 0.973817 0
    outer loop
      vertex 25.4202 65.3437 4.5
      vertex 25.5954 65.3028 0
      vertex 25.4202 65.3437 0
    endloop
  endfacet
  facet normal 0.412673 -0.910879 0
    outer loop
      vertex 24.9156 70.4664 0
      vertex 25.0796 70.5407 4.5
      vertex 24.9156 70.4664 4.5
    endloop
  endfacet
  facet normal 0.412673 -0.910879 0
    outer loop
      vertex 25.0796 70.5407 4.5
      vertex 24.9156 70.4664 0
      vertex 25.0796 70.5407 0
    endloop
  endfacet
  facet normal -0.47128 0.881983 0
    outer loop
      vertex 27.5069 65.6184 0
      vertex 27.3482 65.5336 4.5
      vertex 27.5069 65.6184 4.5
    endloop
  endfacet
  facet normal -0.47128 0.881983 0
    outer loop
      vertex 27.3482 65.5336 4.5
      vertex 27.5069 65.6184 0
      vertex 27.3482 65.5336 0
    endloop
  endfacet
  facet normal 0.995147 0.0984028 0
    outer loop
      vertex 23.4055 67.6411 4.5
      vertex 23.3878 67.8201 0
      vertex 23.3878 67.8201 4.5
    endloop
  endfacet
  facet normal 0.995147 0.0984028 0
    outer loop
      vertex 23.3878 67.8201 0
      vertex 23.4055 67.6411 4.5
      vertex 23.4055 67.6411 0
    endloop
  endfacet
  facet normal 0.729797 -0.683664 0
    outer loop
      vertex 24.0644 69.8132 4.5
      vertex 24.1874 69.9445 0
      vertex 24.1874 69.9445 4.5
    endloop
  endfacet
  facet normal 0.729797 -0.683664 0
    outer loop
      vertex 24.1874 69.9445 0
      vertex 24.0644 69.8132 4.5
      vertex 24.0644 69.8132 0
    endloop
  endfacet
  facet normal 0.097798 -0.995206 0
    outer loop
      vertex 25.773 70.7265 0
      vertex 25.9521 70.7441 4.5
      vertex 25.773 70.7265 4.5
    endloop
  endfacet
  facet normal 0.097798 -0.995206 0
    outer loop
      vertex 25.9521 70.7441 4.5
      vertex 25.773 70.7265 0
      vertex 25.9521 70.7441 0
    endloop
  endfacet
  facet normal 0.973968 -0.226685 0
    outer loop
      vertex 23.4348 68.5365 4.5
      vertex 23.4756 68.7118 0
      vertex 23.4756 68.7118 4.5
    endloop
  endfacet
  facet normal 0.973968 -0.226685 0
    outer loop
      vertex 23.4756 68.7118 0
      vertex 23.4348 68.5365 4.5
      vertex 23.4348 68.5365 0
    endloop
  endfacet
  facet normal 0.995147 -0.0984028 0
    outer loop
      vertex 23.3878 68.1799 4.5
      vertex 23.4055 68.3589 0
      vertex 23.4055 68.3589 4.5
    endloop
  endfacet
  facet normal 0.995147 -0.0984028 0
    outer loop
      vertex 23.4055 68.3589 0
      vertex 23.3878 68.1799 4.5
      vertex 23.3878 68.1799 0
    endloop
  endfacet
  facet normal 0.582341 -0.812944 0
    outer loop
      vertex 24.4578 70.1817 0
      vertex 24.6041 70.2865 4.5
      vertex 24.4578 70.1817 4.5
    endloop
  endfacet
  facet normal 0.582341 -0.812944 0
    outer loop
      vertex 24.6041 70.2865 4.5
      vertex 24.4578 70.1817 0
      vertex 24.6041 70.2865 0
    endloop
  endfacet
  facet normal -0.412882 0.910785 0
    outer loop
      vertex 27.3482 65.5336 0
      vertex 27.1843 65.4593 4.5
      vertex 27.3482 65.5336 4.5
    endloop
  endfacet
  facet normal -0.412882 0.910785 0
    outer loop
      vertex 27.1843 65.4593 4.5
      vertex 27.3482 65.5336 0
      vertex 27.1843 65.4593 0
    endloop
  endfacet
  facet normal 0.5284 0.848996 -0
    outer loop
      vertex 24.7569 65.6184 0
      vertex 24.6041 65.7135 4.5
      vertex 24.7569 65.6184 4.5
    endloop
  endfacet
  facet normal 0.5284 0.848996 0
    outer loop
      vertex 24.6041 65.7135 4.5
      vertex 24.7569 65.6184 0
      vertex 24.6041 65.7135 0
    endloop
  endfacet
  facet normal -0.352341 0.935872 0
    outer loop
      vertex 27.1843 65.4593 0
      vertex 27.0159 65.3959 4.5
      vertex 27.1843 65.4593 4.5
    endloop
  endfacet
  facet normal -0.352341 0.935872 0
    outer loop
      vertex 27.0159 65.3959 4.5
      vertex 27.1843 65.4593 0
      vertex 27.0159 65.3959 0
    endloop
  endfacet
  facet normal -0.812944 0.582341 0
    outer loop
      vertex 28.3137 66.3259 0
      vertex 28.4185 66.4722 4.5
      vertex 28.4185 66.4722 0
    endloop
  endfacet
  facet normal -0.812944 0.582341 0
    outer loop
      vertex 28.4185 66.4722 4.5
      vertex 28.3137 66.3259 0
      vertex 28.3137 66.3259 4.5
    endloop
  endfacet
  facet normal 0.881752 -0.471713 0
    outer loop
      vertex 23.6655 69.2163 4.5
      vertex 23.7504 69.375 0
      vertex 23.7504 69.375 4.5
    endloop
  endfacet
  facet normal 0.881752 -0.471713 0
    outer loop
      vertex 23.7504 69.375 0
      vertex 23.6655 69.2163 4.5
      vertex 23.6655 69.2163 0
    endloop
  endfacet
  facet normal -0.881983 0.47128 0
    outer loop
      vertex 28.5135 66.625 0
      vertex 28.5983 66.7837 4.5
      vertex 28.5983 66.7837 0
    endloop
  endfacet
  facet normal -0.881983 0.47128 0
    outer loop
      vertex 28.5983 66.7837 4.5
      vertex 28.5135 66.625 0
      vertex 28.5135 66.625 4.5
    endloop
  endfacet
  facet normal 0.956842 -0.290609 0
    outer loop
      vertex 23.4756 68.7118 4.5
      vertex 23.5279 68.884 0
      vertex 23.5279 68.884 4.5
    endloop
  endfacet
  facet normal 0.956842 -0.290609 0
    outer loop
      vertex 23.5279 68.884 0
      vertex 23.4756 68.7118 4.5
      vertex 23.4756 68.7118 0
    endloop
  endfacet
  facet normal -0.729797 -0.683664 0
    outer loop
      vertex 28.1995 69.8132 0
      vertex 28.0765 69.9445 4.5
      vertex 28.0765 69.9445 0
    endloop
  endfacet
  facet normal -0.729797 -0.683664 0
    outer loop
      vertex 28.0765 69.9445 4.5
      vertex 28.1995 69.8132 0
      vertex 28.1995 69.8132 4.5
    endloop
  endfacet
  facet normal -0.812944 -0.582341 0
    outer loop
      vertex 28.4185 69.5278 0
      vertex 28.3137 69.6741 4.5
      vertex 28.3137 69.6741 0
    endloop
  endfacet
  facet normal -0.812944 -0.582341 0
    outer loop
      vertex 28.3137 69.6741 4.5
      vertex 28.4185 69.5278 0
      vertex 28.4185 69.5278 4.5
    endloop
  endfacet
  facet normal 0.2901 -0.956996 0
    outer loop
      vertex 25.248 70.6041 0
      vertex 25.4202 70.6563 4.5
      vertex 25.248 70.6041 4.5
    endloop
  endfacet
  facet normal 0.2901 -0.956996 0
    outer loop
      vertex 25.4202 70.6563 4.5
      vertex 25.248 70.6041 0
      vertex 25.4202 70.6563 0
    endloop
  endfacet
  facet normal -0.935872 -0.352341 0
    outer loop
      vertex 28.736 68.884 0
      vertex 28.6726 69.0524 4.5
      vertex 28.6726 69.0524 0
    endloop
  endfacet
  facet normal -0.935872 -0.352341 0
    outer loop
      vertex 28.6726 69.0524 4.5
      vertex 28.736 68.884 0
      vertex 28.736 68.884 4.5
    endloop
  endfacet
  facet normal -0.683682 -0.72978 0
    outer loop
      vertex 27.9451 70.0676 0
      vertex 28.0765 69.9445 4.5
      vertex 27.9451 70.0676 4.5
    endloop
  endfacet
  facet normal -0.683682 -0.72978 -0
    outer loop
      vertex 28.0765 69.9445 4.5
      vertex 27.9451 70.0676 0
      vertex 28.0765 69.9445 0
    endloop
  endfacet
  facet normal -0.986663 -0.162777 0
    outer loop
      vertex 28.8584 68.3589 0
      vertex 28.8291 68.5365 4.5
      vertex 28.8291 68.5365 0
    endloop
  endfacet
  facet normal -0.986663 -0.162777 0
    outer loop
      vertex 28.8291 68.5365 4.5
      vertex 28.8584 68.3589 0
      vertex 28.8584 68.3589 4.5
    endloop
  endfacet
  facet normal 0.68396 0.72952 -0
    outer loop
      vertex 24.3187 65.9324 0
      vertex 24.1874 66.0555 4.5
      vertex 24.3187 65.9324 4.5
    endloop
  endfacet
  facet normal 0.68396 0.72952 0
    outer loop
      vertex 24.1874 66.0555 4.5
      vertex 24.3187 65.9324 0
      vertex 24.1874 66.0555 0
    endloop
  endfacet
  facet normal 0.412673 0.910879 -0
    outer loop
      vertex 25.0796 65.4593 0
      vertex 24.9156 65.5336 4.5
      vertex 25.0796 65.4593 4.5
    endloop
  endfacet
  facet normal 0.412673 0.910879 0
    outer loop
      vertex 24.9156 65.5336 4.5
      vertex 25.0796 65.4593 0
      vertex 24.9156 65.5336 0
    endloop
  endfacet
  facet normal 0.0327966 -0.999462 0
    outer loop
      vertex 25.9521 70.7441 0
      vertex 26.1319 70.75 4.5
      vertex 25.9521 70.7441 4.5
    endloop
  endfacet
  facet normal 0.0327966 -0.999462 0
    outer loop
      vertex 26.1319 70.75 4.5
      vertex 25.9521 70.7441 0
      vertex 26.1319 70.75 0
    endloop
  endfacet
  facet normal 0.973968 0.226685 0
    outer loop
      vertex 23.4756 67.2882 4.5
      vertex 23.4348 67.4635 0
      vertex 23.4348 67.4635 4.5
    endloop
  endfacet
  facet normal 0.973968 0.226685 0
    outer loop
      vertex 23.4348 67.4635 0
      vertex 23.4756 67.2882 4.5
      vertex 23.4756 67.2882 0
    endloop
  endfacet
  facet normal 0.999463 0.0327784 0
    outer loop
      vertex 23.3878 67.8201 4.5
      vertex 23.3819 68 0
      vertex 23.3819 68 4.5
    endloop
  endfacet
  facet normal 0.999463 0.0327784 0
    outer loop
      vertex 23.3819 68 0
      vertex 23.3878 67.8201 4.5
      vertex 23.3878 67.8201 0
    endloop
  endfacet
  facet normal 0.634206 0.773164 -0
    outer loop
      vertex 24.4578 65.8183 0
      vertex 24.3187 65.9324 4.5
      vertex 24.4578 65.8183 4.5
    endloop
  endfacet
  facet normal 0.634206 0.773164 0
    outer loop
      vertex 24.3187 65.9324 4.5
      vertex 24.4578 65.8183 0
      vertex 24.3187 65.9324 0
    endloop
  endfacet
  facet normal -0.47128 -0.881983 0
    outer loop
      vertex 27.3482 70.4664 0
      vertex 27.5069 70.3816 4.5
      vertex 27.3482 70.4664 4.5
    endloop
  endfacet
  facet normal -0.47128 -0.881983 -0
    outer loop
      vertex 27.5069 70.3816 4.5
      vertex 27.3482 70.4664 0
      vertex 27.5069 70.3816 0
    endloop
  endfacet
  facet normal 0.5284 -0.848996 0
    outer loop
      vertex 24.6041 70.2865 0
      vertex 24.7569 70.3816 4.5
      vertex 24.6041 70.2865 4.5
    endloop
  endfacet
  facet normal 0.5284 -0.848996 0
    outer loop
      vertex 24.7569 70.3816 4.5
      vertex 24.6041 70.2865 0
      vertex 24.7569 70.3816 0
    endloop
  endfacet
  facet normal 0.47128 -0.881983 0
    outer loop
      vertex 24.7569 70.3816 0
      vertex 24.9156 70.4664 4.5
      vertex 24.7569 70.3816 4.5
    endloop
  endfacet
  facet normal 0.47128 -0.881983 0
    outer loop
      vertex 24.9156 70.4664 4.5
      vertex 24.7569 70.3816 0
      vertex 24.9156 70.4664 0
    endloop
  endfacet
  facet normal 0.097798 0.995206 -0
    outer loop
      vertex 25.9521 65.2559 0
      vertex 25.773 65.2735 4.5
      vertex 25.9521 65.2559 4.5
    endloop
  endfacet
  facet normal 0.097798 0.995206 0
    outer loop
      vertex 25.773 65.2735 4.5
      vertex 25.9521 65.2559 0
      vertex 25.773 65.2735 0
    endloop
  endfacet
  facet normal -0.634206 0.773164 0
    outer loop
      vertex 27.9451 65.9324 0
      vertex 27.806 65.8183 4.5
      vertex 27.9451 65.9324 4.5
    endloop
  endfacet
  facet normal -0.634206 0.773164 0
    outer loop
      vertex 27.806 65.8183 4.5
      vertex 27.9451 65.9324 0
      vertex 27.806 65.8183 0
    endloop
  endfacet
  facet normal 0.352341 0.935872 -0
    outer loop
      vertex 25.248 65.3959 0
      vertex 25.0796 65.4593 4.5
      vertex 25.248 65.3959 4.5
    endloop
  endfacet
  facet normal 0.352341 0.935872 0
    outer loop
      vertex 25.0796 65.4593 4.5
      vertex 25.248 65.3959 0
      vertex 25.0796 65.4593 0
    endloop
  endfacet
  facet normal -0.0327784 -0.999463 0
    outer loop
      vertex 26.1319 70.75 0
      vertex 26.3118 70.7441 4.5
      vertex 26.1319 70.75 4.5
    endloop
  endfacet
  facet normal -0.0327784 -0.999463 -0
    outer loop
      vertex 26.3118 70.7441 4.5
      vertex 26.1319 70.75 0
      vertex 26.3118 70.7441 0
    endloop
  endfacet
  facet normal -0.2901 -0.956996 0
    outer loop
      vertex 26.8437 70.6563 0
      vertex 27.0159 70.6041 4.5
      vertex 26.8437 70.6563 4.5
    endloop
  endfacet
  facet normal -0.2901 -0.956996 -0
    outer loop
      vertex 27.0159 70.6041 4.5
      vertex 26.8437 70.6563 0
      vertex 27.0159 70.6041 0
    endloop
  endfacet
  facet normal 0.849245 -0.527999 0
    outer loop
      vertex 23.7504 69.375 4.5
      vertex 23.8454 69.5278 0
      vertex 23.8454 69.5278 4.5
    endloop
  endfacet
  facet normal 0.849245 -0.527999 0
    outer loop
      vertex 23.8454 69.5278 0
      vertex 23.7504 69.375 4.5
      vertex 23.7504 69.375 0
    endloop
  endfacet
  facet normal -0.986663 0.162777 0
    outer loop
      vertex 28.8291 67.4635 0
      vertex 28.8584 67.6411 4.5
      vertex 28.8584 67.6411 0
    endloop
  endfacet
  facet normal -0.986663 0.162777 0
    outer loop
      vertex 28.8584 67.6411 4.5
      vertex 28.8291 67.4635 0
      vertex 28.8291 67.4635 4.5
    endloop
  endfacet
  facet normal 0.849245 0.527999 0
    outer loop
      vertex 23.8454 66.4722 4.5
      vertex 23.7504 66.625 0
      vertex 23.7504 66.625 4.5
    endloop
  endfacet
  facet normal 0.849245 0.527999 0
    outer loop
      vertex 23.7504 66.625 0
      vertex 23.8454 66.4722 4.5
      vertex 23.8454 66.4722 0
    endloop
  endfacet
  facet normal 0.935872 0.352341 0
    outer loop
      vertex 23.5913 66.9476 4.5
      vertex 23.5279 67.116 0
      vertex 23.5279 67.116 4.5
    endloop
  endfacet
  facet normal 0.935872 0.352341 0
    outer loop
      vertex 23.5279 67.116 0
      vertex 23.5913 66.9476 4.5
      vertex 23.5913 66.9476 0
    endloop
  endfacet
  facet normal -0.0327784 0.999463 0
    outer loop
      vertex 26.3118 65.2559 0
      vertex 26.1319 65.25 4.5
      vertex 26.3118 65.2559 4.5
    endloop
  endfacet
  facet normal -0.0327784 0.999463 0
    outer loop
      vertex 26.1319 65.25 4.5
      vertex 26.3118 65.2559 0
      vertex 26.1319 65.25 0
    endloop
  endfacet
  facet normal 0.999463 -0.0327784 0
    outer loop
      vertex 23.3819 68 4.5
      vertex 23.3878 68.1799 0
      vertex 23.3878 68.1799 4.5
    endloop
  endfacet
  facet normal 0.999463 -0.0327784 0
    outer loop
      vertex 23.3878 68.1799 0
      vertex 23.3819 68 4.5
      vertex 23.3819 68 0
    endloop
  endfacet
  facet normal 0.910994 -0.412421 0
    outer loop
      vertex 23.5913 69.0524 4.5
      vertex 23.6655 69.2163 0
      vertex 23.6655 69.2163 4.5
    endloop
  endfacet
  facet normal 0.910994 -0.412421 0
    outer loop
      vertex 23.6655 69.2163 0
      vertex 23.5913 69.0524 4.5
      vertex 23.5913 69.0524 0
    endloop
  endfacet
  facet normal -0.527915 -0.849297 0
    outer loop
      vertex 28.5069 72.1136 4.5
      vertex 28.7709 71.9495 8
      vertex 28.5069 72.1136 8
    endloop
  endfacet
  facet normal -0.527915 -0.849297 -0
    outer loop
      vertex 28.7709 71.9495 8
      vertex 28.5069 72.1136 4.5
      vertex 28.7709 71.9495 4.5
    endloop
  endfacet
  facet normal -0.999472 0.0324901 0
    outer loop
      vertex 30.8718 67.6893 4.5
      vertex 30.8819 68 8
      vertex 30.8819 68 4.5
    endloop
  endfacet
  facet normal -0.999472 0.0324901 0
    outer loop
      vertex 30.8819 68 8
      vertex 30.8718 67.6893 4.5
      vertex 30.8718 67.6893 8
    endloop
  endfacet
  facet normal -0.995173 -0.0981338 0
    outer loop
      vertex 30.8718 68.3107 4.5
      vertex 30.8413 68.62 8
      vertex 30.8413 68.62 4.5
    endloop
  endfacet
  facet normal -0.995173 -0.0981338 0
    outer loop
      vertex 30.8413 68.62 8
      vertex 30.8718 68.3107 4.5
      vertex 30.8718 68.3107 8
    endloop
  endfacet
  facet normal -0.999472 -0.0324901 0
    outer loop
      vertex 30.8819 68 4.5
      vertex 30.8718 68.3107 8
      vertex 30.8718 68.3107 4.5
    endloop
  endfacet
  facet normal -0.999472 -0.0324901 0
    outer loop
      vertex 30.8718 68.3107 8
      vertex 30.8819 68 4.5
      vertex 30.8819 68 8
    endloop
  endfacet
  facet normal 0.471239 0.882005 -0
    outer loop
      vertex 24.0311 63.7399 4.5
      vertex 23.7569 63.8864 8
      vertex 24.0311 63.7399 8
    endloop
  endfacet
  facet normal 0.471239 0.882005 0
    outer loop
      vertex 23.7569 63.8864 8
      vertex 24.0311 63.7399 4.5
      vertex 23.7569 63.8864 4.5
    endloop
  endfacet
  facet normal 0.956954 0.29024 0
    outer loop
      vertex 21.634 66.4732 8
      vertex 21.5438 66.7706 4.5
      vertex 21.5438 66.7706 8
    endloop
  endfacet
  facet normal 0.956954 0.29024 0
    outer loop
      vertex 21.5438 66.7706 4.5
      vertex 21.634 66.4732 8
      vertex 21.634 66.4732 4.5
    endloop
  endfacet
  facet normal 0.226762 -0.97395 0
    outer loop
      vertex 24.9025 72.5882 4.5
      vertex 25.2053 72.6587 8
      vertex 24.9025 72.5882 8
    endloop
  endfacet
  facet normal 0.226762 -0.97395 0
    outer loop
      vertex 25.2053 72.6587 8
      vertex 24.9025 72.5882 4.5
      vertex 25.2053 72.6587 4.5
    endloop
  endfacet
  facet normal 0.729888 0.683567 0
    outer loop
      vertex 22.7732 64.6412 8
      vertex 22.5607 64.8681 4.5
      vertex 22.5607 64.8681 8
    endloop
  endfacet
  facet normal 0.729888 0.683567 0
    outer loop
      vertex 22.5607 64.8681 4.5
      vertex 22.7732 64.6412 8
      vertex 22.7732 64.6412 4.5
    endloop
  endfacet
  facet normal -0.910883 -0.412664 0
    outer loop
      vertex 30.5204 69.8177 4.5
      vertex 30.3921 70.1009 8
      vertex 30.3921 70.1009 4.5
    endloop
  endfacet
  facet normal -0.910883 -0.412664 0
    outer loop
      vertex 30.3921 70.1009 8
      vertex 30.5204 69.8177 4.5
      vertex 30.5204 69.8177 8
    endloop
  endfacet
  facet normal -0.935892 -0.352287 0
    outer loop
      vertex 30.6299 69.5268 4.5
      vertex 30.5204 69.8177 8
      vertex 30.5204 69.8177 4.5
    endloop
  endfacet
  facet normal -0.935892 -0.352287 0
    outer loop
      vertex 30.5204 69.8177 8
      vertex 30.6299 69.5268 4.5
      vertex 30.6299 69.5268 8
    endloop
  endfacet
  facet normal 0.881934 0.471373 0
    outer loop
      vertex 22.0183 65.625 8
      vertex 21.8718 65.8991 4.5
      vertex 21.8718 65.8991 8
    endloop
  endfacet
  facet normal 0.881934 0.471373 0
    outer loop
      vertex 21.8718 65.8991 4.5
      vertex 22.0183 65.625 8
      vertex 22.0183 65.625 4.5
    endloop
  endfacet
  facet normal 0.683556 0.729898 -0
    outer loop
      vertex 23 64.4288 4.5
      vertex 22.7732 64.6412 8
      vertex 23 64.4288 8
    endloop
  endfacet
  facet normal 0.683556 0.729898 0
    outer loop
      vertex 22.7732 64.6412 8
      vertex 23 64.4288 4.5
      vertex 22.7732 64.6412 4.5
    endloop
  endfacet
  facet normal 0.729888 -0.683567 0
    outer loop
      vertex 22.5607 71.1319 8
      vertex 22.7732 71.3588 4.5
      vertex 22.7732 71.3588 8
    endloop
  endfacet
  facet normal 0.729888 -0.683567 0
    outer loop
      vertex 22.7732 71.3588 4.5
      vertex 22.5607 71.1319 8
      vertex 22.5607 71.1319 4.5
    endloop
  endfacet
  facet normal 0.973863 0.227138 0
    outer loop
      vertex 21.5438 66.7706 8
      vertex 21.4732 67.0733 4.5
      vertex 21.4732 67.0733 8
    endloop
  endfacet
  facet normal 0.973863 0.227138 0
    outer loop
      vertex 21.4732 67.0733 4.5
      vertex 21.5438 66.7706 8
      vertex 21.5438 66.7706 4.5
    endloop
  endfacet
  facet normal 0.986662 -0.162782 0
    outer loop
      vertex 21.4226 68.62 8
      vertex 21.4732 68.9267 4.5
      vertex 21.4732 68.9267 8
    endloop
  endfacet
  facet normal 0.986662 -0.162782 0
    outer loop
      vertex 21.4732 68.9267 4.5
      vertex 21.4226 68.62 8
      vertex 21.4226 68.62 4.5
    endloop
  endfacet
  facet normal -0.995173 0.0981338 0
    outer loop
      vertex 30.8413 67.38 4.5
      vertex 30.8718 67.6893 8
      vertex 30.8718 67.6893 4.5
    endloop
  endfacet
  facet normal -0.995173 0.0981338 0
    outer loop
      vertex 30.8718 67.6893 8
      vertex 30.8413 67.38 4.5
      vertex 30.8413 67.38 8
    endloop
  endfacet
  facet normal -0.683395 -0.730049 0
    outer loop
      vertex 29.2638 71.5712 4.5
      vertex 29.4907 71.3588 8
      vertex 29.2638 71.5712 8
    endloop
  endfacet
  facet normal -0.683395 -0.730049 -0
    outer loop
      vertex 29.4907 71.3588 8
      vertex 29.2638 71.5712 4.5
      vertex 29.4907 71.3588 4.5
    endloop
  endfacet
  facet normal -0.290445 0.956892 0
    outer loop
      vertex 27.6588 63.5021 4.5
      vertex 27.3613 63.4118 8
      vertex 27.6588 63.5021 8
    endloop
  endfacet
  facet normal -0.290445 0.956892 0
    outer loop
      vertex 27.3613 63.4118 8
      vertex 27.6588 63.5021 4.5
      vertex 27.3613 63.4118 4.5
    endloop
  endfacet
  facet normal 0.352287 0.935892 -0
    outer loop
      vertex 24.6051 63.5021 4.5
      vertex 24.3142 63.6116 8
      vertex 24.6051 63.5021 8
    endloop
  endfacet
  facet normal 0.352287 0.935892 0
    outer loop
      vertex 24.3142 63.6116 8
      vertex 24.6051 63.5021 4.5
      vertex 24.3142 63.6116 4.5
    endloop
  endfacet
  facet normal 0.412785 0.910829 -0
    outer loop
      vertex 24.3142 63.6116 4.5
      vertex 24.0311 63.7399 8
      vertex 24.3142 63.6116 8
    endloop
  endfacet
  facet normal 0.412785 0.910829 0
    outer loop
      vertex 24.0311 63.7399 8
      vertex 24.3142 63.6116 4.5
      vertex 24.0311 63.7399 4.5
    endloop
  endfacet
  facet normal -0.812863 -0.582455 0
    outer loop
      vertex 30.0814 70.639 4.5
      vertex 29.9004 70.8916 8
      vertex 29.9004 70.8916 4.5
    endloop
  endfacet
  facet normal -0.812863 -0.582455 0
    outer loop
      vertex 29.9004 70.8916 8
      vertex 30.0814 70.639 4.5
      vertex 30.0814 70.639 8
    endloop
  endfacet
  facet normal 0.986662 0.162782 0
    outer loop
      vertex 21.4732 67.0733 8
      vertex 21.4226 67.38 4.5
      vertex 21.4226 67.38 8
    endloop
  endfacet
  facet normal 0.986662 0.162782 0
    outer loop
      vertex 21.4226 67.38 4.5
      vertex 21.4732 67.0733 8
      vertex 21.4732 67.0733 4.5
    endloop
  endfacet
  facet normal -0.352287 -0.935892 0
    outer loop
      vertex 27.6588 72.4979 4.5
      vertex 27.9497 72.3884 8
      vertex 27.6588 72.4979 8
    endloop
  endfacet
  facet normal -0.352287 -0.935892 -0
    outer loop
      vertex 27.9497 72.3884 8
      vertex 27.6588 72.4979 4.5
      vertex 27.9497 72.3884 4.5
    endloop
  endfacet
  facet normal 0.352287 -0.935892 0
    outer loop
      vertex 24.3142 72.3884 4.5
      vertex 24.6051 72.4979 8
      vertex 24.3142 72.3884 8
    endloop
  endfacet
  facet normal 0.352287 -0.935892 0
    outer loop
      vertex 24.6051 72.4979 8
      vertex 24.3142 72.3884 4.5
      vertex 24.6051 72.4979 4.5
    endloop
  endfacet
  facet normal 0.032822 0.999461 -0
    outer loop
      vertex 26.1319 63.25 4.5
      vertex 25.8213 63.2602 8
      vertex 26.1319 63.25 8
    endloop
  endfacet
  facet normal 0.032822 0.999461 0
    outer loop
      vertex 25.8213 63.2602 8
      vertex 26.1319 63.25 4.5
      vertex 25.8213 63.2602 4.5
    endloop
  endfacet
  facet normal -0.471373 0.881934 0
    outer loop
      vertex 28.5069 63.8864 4.5
      vertex 28.2328 63.7399 8
      vertex 28.5069 63.8864 8
    endloop
  endfacet
  facet normal -0.471373 0.881934 0
    outer loop
      vertex 28.2328 63.7399 8
      vertex 28.5069 63.8864 4.5
      vertex 28.2328 63.7399 4.5
    endloop
  endfacet
  facet normal 0.881934 -0.471373 0
    outer loop
      vertex 21.8718 70.1009 8
      vertex 22.0183 70.375 4.5
      vertex 22.0183 70.375 8
    endloop
  endfacet
  facet normal 0.881934 -0.471373 0
    outer loop
      vertex 22.0183 70.375 4.5
      vertex 21.8718 70.1009 8
      vertex 21.8718 70.1009 4.5
    endloop
  endfacet
  facet normal 0.999462 0.0328114 0
    outer loop
      vertex 21.3921 67.6893 8
      vertex 21.3819 68 4.5
      vertex 21.3819 68 8
    endloop
  endfacet
  facet normal 0.999462 0.0328114 0
    outer loop
      vertex 21.3819 68 4.5
      vertex 21.3921 67.6893 8
      vertex 21.3921 67.6893 4.5
    endloop
  endfacet
  facet normal -0.352287 0.935892 0
    outer loop
      vertex 27.9497 63.6116 4.5
      vertex 27.6588 63.5021 8
      vertex 27.9497 63.6116 8
    endloop
  endfacet
  facet normal -0.352287 0.935892 0
    outer loop
      vertex 27.6588 63.5021 8
      vertex 27.9497 63.6116 4.5
      vertex 27.6588 63.5021 4.5
    endloop
  endfacet
  facet normal 0.910883 0.412664 0
    outer loop
      vertex 21.8718 65.8991 8
      vertex 21.7435 66.1823 4.5
      vertex 21.7435 66.1823 8
    endloop
  endfacet
  facet normal 0.910883 0.412664 0
    outer loop
      vertex 21.7435 66.1823 4.5
      vertex 21.8718 65.8991 8
      vertex 21.8718 65.8991 4.5
    endloop
  endfacet
  facet normal 0.812863 0.582455 0
    outer loop
      vertex 22.3635 65.1084 8
      vertex 22.1825 65.361 4.5
      vertex 22.1825 65.361 8
    endloop
  endfacet
  facet normal 0.812863 0.582455 0
    outer loop
      vertex 22.1825 65.361 4.5
      vertex 22.3635 65.1084 8
      vertex 22.3635 65.1084 4.5
    endloop
  endfacet
  facet normal -0.163095 0.98661 0
    outer loop
      vertex 27.0586 63.3413 4.5
      vertex 26.7519 63.2906 8
      vertex 27.0586 63.3413 8
    endloop
  endfacet
  facet normal -0.163095 0.98661 0
    outer loop
      vertex 26.7519 63.2906 8
      vertex 27.0586 63.3413 4.5
      vertex 26.7519 63.2906 4.5
    endloop
  endfacet
  facet normal 0.226762 0.97395 -0
    outer loop
      vertex 25.2053 63.3413 4.5
      vertex 24.9025 63.4118 8
      vertex 25.2053 63.3413 8
    endloop
  endfacet
  facet normal 0.226762 0.97395 0
    outer loop
      vertex 24.9025 63.4118 8
      vertex 25.2053 63.3413 4.5
      vertex 24.9025 63.4118 4.5
    endloop
  endfacet
  facet normal 0.999462 -0.0328114 0
    outer loop
      vertex 21.3819 68 8
      vertex 21.3921 68.3107 4.5
      vertex 21.3921 68.3107 8
    endloop
  endfacet
  facet normal 0.999462 -0.0328114 0
    outer loop
      vertex 21.3921 68.3107 4.5
      vertex 21.3819 68 8
      vertex 21.3819 68 4.5
    endloop
  endfacet
  facet normal -0.986662 -0.162782 0
    outer loop
      vertex 30.8413 68.62 4.5
      vertex 30.7907 68.9267 8
      vertex 30.7907 68.9267 4.5
    endloop
  endfacet
  facet normal -0.986662 -0.162782 0
    outer loop
      vertex 30.7907 68.9267 8
      vertex 30.8413 68.62 4.5
      vertex 30.8413 68.62 8
    endloop
  endfacet
  facet normal 0.812863 -0.582455 0
    outer loop
      vertex 22.1825 70.639 8
      vertex 22.3635 70.8916 4.5
      vertex 22.3635 70.8916 8
    endloop
  endfacet
  facet normal 0.812863 -0.582455 0
    outer loop
      vertex 22.3635 70.8916 4.5
      vertex 22.1825 70.639 8
      vertex 22.1825 70.639 4.5
    endloop
  endfacet
  facet normal -0.881934 0.471373 0
    outer loop
      vertex 30.2456 65.625 4.5
      vertex 30.3921 65.8991 8
      vertex 30.3921 65.8991 4.5
    endloop
  endfacet
  facet normal -0.881934 0.471373 0
    outer loop
      vertex 30.3921 65.8991 8
      vertex 30.2456 65.625 4.5
      vertex 30.2456 65.625 8
    endloop
  endfacet
  facet normal 0.849153 0.528147 0
    outer loop
      vertex 22.1825 65.361 8
      vertex 22.0183 65.625 4.5
      vertex 22.0183 65.625 8
    endloop
  endfacet
  facet normal 0.849153 0.528147 0
    outer loop
      vertex 22.0183 65.625 4.5
      vertex 22.1825 65.361 8
      vertex 22.1825 65.361 4.5
    endloop
  endfacet
  facet normal -0.986662 0.162782 0
    outer loop
      vertex 30.7907 67.0733 4.5
      vertex 30.8413 67.38 8
      vertex 30.8413 67.38 4.5
    endloop
  endfacet
  facet normal -0.986662 0.162782 0
    outer loop
      vertex 30.8413 67.38 8
      vertex 30.7907 67.0733 4.5
      vertex 30.7907 67.0733 8
    endloop
  endfacet
  facet normal 0.290534 0.956865 -0
    outer loop
      vertex 24.9025 63.4118 4.5
      vertex 24.6051 63.5021 8
      vertex 24.9025 63.4118 8
    endloop
  endfacet
  facet normal 0.290534 0.956865 0
    outer loop
      vertex 24.6051 63.5021 8
      vertex 24.9025 63.4118 4.5
      vertex 24.6051 63.5021 4.5
    endloop
  endfacet
  facet normal -0.634534 -0.772895 0
    outer loop
      vertex 29.0236 71.7684 4.5
      vertex 29.2638 71.5712 8
      vertex 29.0236 71.7684 8
    endloop
  endfacet
  facet normal -0.634534 -0.772895 -0
    outer loop
      vertex 29.2638 71.5712 8
      vertex 29.0236 71.7684 4.5
      vertex 29.2638 71.5712 4.5
    endloop
  endfacet
  facet normal -0.956954 -0.29024 0
    outer loop
      vertex 30.7201 69.2294 4.5
      vertex 30.6299 69.5268 8
      vertex 30.6299 69.5268 4.5
    endloop
  endfacet
  facet normal -0.956954 -0.29024 0
    outer loop
      vertex 30.6299 69.5268 8
      vertex 30.7201 69.2294 4.5
      vertex 30.7201 69.2294 8
    endloop
  endfacet
  facet normal 0.52806 0.849207 -0
    outer loop
      vertex 23.7569 63.8864 4.5
      vertex 23.493 64.0505 8
      vertex 23.7569 63.8864 8
    endloop
  endfacet
  facet normal 0.52806 0.849207 0
    outer loop
      vertex 23.493 64.0505 8
      vertex 23.7569 63.8864 4.5
      vertex 23.493 64.0505 4.5
    endloop
  endfacet
  facet normal -0.0978151 0.995205 0
    outer loop
      vertex 26.7519 63.2906 4.5
      vertex 26.4426 63.2602 8
      vertex 26.7519 63.2906 8
    endloop
  endfacet
  facet normal -0.0978151 0.995205 0
    outer loop
      vertex 26.4426 63.2602 8
      vertex 26.7519 63.2906 4.5
      vertex 26.4426 63.2602 4.5
    endloop
  endfacet
  facet normal -0.849153 0.528147 0
    outer loop
      vertex 30.0814 65.361 4.5
      vertex 30.2456 65.625 8
      vertex 30.2456 65.625 4.5
    endloop
  endfacet
  facet normal -0.849153 0.528147 0
    outer loop
      vertex 30.2456 65.625 8
      vertex 30.0814 65.361 4.5
      vertex 30.0814 65.361 8
    endloop
  endfacet
  facet normal -0.226833 -0.973934 0
    outer loop
      vertex 27.0586 72.6587 4.5
      vertex 27.3613 72.5882 8
      vertex 27.0586 72.6587 8
    endloop
  endfacet
  facet normal -0.226833 -0.973934 -0
    outer loop
      vertex 27.3613 72.5882 8
      vertex 27.0586 72.6587 4.5
      vertex 27.3613 72.5882 4.5
    endloop
  endfacet
  facet normal -0.582515 -0.81282 0
    outer loop
      vertex 28.7709 71.9495 4.5
      vertex 29.0236 71.7684 8
      vertex 28.7709 71.9495 8
    endloop
  endfacet
  facet normal -0.582515 -0.81282 -0
    outer loop
      vertex 29.0236 71.7684 8
      vertex 28.7709 71.9495 4.5
      vertex 29.0236 71.7684 4.5
    endloop
  endfacet
  facet normal 0.849153 -0.528147 0
    outer loop
      vertex 22.0183 70.375 8
      vertex 22.1825 70.639 4.5
      vertex 22.1825 70.639 8
    endloop
  endfacet
  facet normal 0.849153 -0.528147 0
    outer loop
      vertex 22.1825 70.639 4.5
      vertex 22.0183 70.375 8
      vertex 22.0183 70.375 4.5
    endloop
  endfacet
  facet normal 0.412785 -0.910829 0
    outer loop
      vertex 24.0311 72.2601 4.5
      vertex 24.3142 72.3884 8
      vertex 24.0311 72.2601 8
    endloop
  endfacet
  facet normal 0.412785 -0.910829 0
    outer loop
      vertex 24.3142 72.3884 8
      vertex 24.0311 72.2601 4.5
      vertex 24.3142 72.3884 4.5
    endloop
  endfacet
  facet normal -0.956954 0.29024 0
    outer loop
      vertex 30.6299 66.4732 4.5
      vertex 30.7201 66.7706 8
      vertex 30.7201 66.7706 4.5
    endloop
  endfacet
  facet normal -0.956954 0.29024 0
    outer loop
      vertex 30.7201 66.7706 8
      vertex 30.6299 66.4732 4.5
      vertex 30.6299 66.4732 8
    endloop
  endfacet
  facet normal -0.773025 -0.634376 0
    outer loop
      vertex 29.9004 70.8916 4.5
      vertex 29.7032 71.1319 8
      vertex 29.7032 71.1319 4.5
    endloop
  endfacet
  facet normal -0.773025 -0.634376 0
    outer loop
      vertex 29.7032 71.1319 8
      vertex 29.9004 70.8916 4.5
      vertex 29.9004 70.8916 8
    endloop
  endfacet
  facet normal -0.471373 -0.881934 0
    outer loop
      vertex 28.2328 72.2601 4.5
      vertex 28.5069 72.1136 8
      vertex 28.2328 72.2601 8
    endloop
  endfacet
  facet normal -0.471373 -0.881934 -0
    outer loop
      vertex 28.5069 72.1136 8
      vertex 28.2328 72.2601 4.5
      vertex 28.5069 72.1136 4.5
    endloop
  endfacet
  facet normal 0.995173 -0.0981338 0
    outer loop
      vertex 21.3921 68.3107 8
      vertex 21.4226 68.62 4.5
      vertex 21.4226 68.62 8
    endloop
  endfacet
  facet normal 0.995173 -0.0981338 0
    outer loop
      vertex 21.4226 68.62 4.5
      vertex 21.3921 68.3107 8
      vertex 21.3921 68.3107 4.5
    endloop
  endfacet
  facet normal -0.849153 -0.528147 0
    outer loop
      vertex 30.2456 70.375 4.5
      vertex 30.0814 70.639 8
      vertex 30.0814 70.639 4.5
    endloop
  endfacet
  facet normal -0.849153 -0.528147 0
    outer loop
      vertex 30.0814 70.639 8
      vertex 30.2456 70.375 4.5
      vertex 30.2456 70.375 8
    endloop
  endfacet
  facet normal 0.973863 -0.227138 0
    outer loop
      vertex 21.4732 68.9267 8
      vertex 21.5438 69.2294 4.5
      vertex 21.5438 69.2294 8
    endloop
  endfacet
  facet normal 0.973863 -0.227138 0
    outer loop
      vertex 21.5438 69.2294 4.5
      vertex 21.4732 68.9267 8
      vertex 21.4732 68.9267 4.5
    endloop
  endfacet
  facet normal 0.032822 -0.999461 0
    outer loop
      vertex 25.8213 72.7398 4.5
      vertex 26.1319 72.75 8
      vertex 25.8213 72.7398 8
    endloop
  endfacet
  facet normal 0.032822 -0.999461 0
    outer loop
      vertex 26.1319 72.75 8
      vertex 25.8213 72.7398 4.5
      vertex 26.1319 72.75 4.5
    endloop
  endfacet
  facet normal -0.881934 -0.471373 0
    outer loop
      vertex 30.3921 70.1009 4.5
      vertex 30.2456 70.375 8
      vertex 30.2456 70.375 4.5
    endloop
  endfacet
  facet normal -0.881934 -0.471373 0
    outer loop
      vertex 30.2456 70.375 8
      vertex 30.3921 70.1009 4.5
      vertex 30.3921 70.1009 8
    endloop
  endfacet
  facet normal -0.0328114 0.999462 0
    outer loop
      vertex 26.4426 63.2602 4.5
      vertex 26.1319 63.25 8
      vertex 26.4426 63.2602 8
    endloop
  endfacet
  facet normal -0.0328114 0.999462 0
    outer loop
      vertex 26.1319 63.25 8
      vertex 26.4426 63.2602 4.5
      vertex 26.1319 63.25 4.5
    endloop
  endfacet
  facet normal 0.910883 -0.412664 0
    outer loop
      vertex 21.7435 69.8177 8
      vertex 21.8718 70.1009 4.5
      vertex 21.8718 70.1009 8
    endloop
  endfacet
  facet normal 0.910883 -0.412664 0
    outer loop
      vertex 21.8718 70.1009 4.5
      vertex 21.7435 69.8177 8
      vertex 21.7435 69.8177 4.5
    endloop
  endfacet
  facet normal 0.935892 0.352287 0
    outer loop
      vertex 21.7435 66.1823 8
      vertex 21.634 66.4732 4.5
      vertex 21.634 66.4732 8
    endloop
  endfacet
  facet normal 0.935892 0.352287 0
    outer loop
      vertex 21.634 66.4732 4.5
      vertex 21.7435 66.1823 8
      vertex 21.7435 66.1823 4.5
    endloop
  endfacet
  facet normal 0 0 1
    outer loop
      vertex 28.8819 68 4.5
      vertex 30.8819 68 4.5
      vertex 30.8718 68.3107 4.5
    endloop
  endfacet
  facet normal 0 0 1
    outer loop
      vertex 28.8761 68.1799 4.5
      vertex 30.8718 68.3107 4.5
      vertex 30.8413 68.62 4.5
    endloop
  endfacet
  facet normal 0 0 1
    outer loop
      vertex 30.8819 68 4.5
      vertex 28.8819 68 4.5
      vertex 30.8718 67.6893 4.5
    endloop
  endfacet
  facet normal 0 0 1
    outer loop
      vertex 28.8584 68.3589 4.5
      vertex 30.8413 68.62 4.5
      vertex 30.7907 68.9267 4.5
    endloop
  endfacet
  facet normal -0 0 1
    outer loop
      vertex 28.8761 67.8201 4.5
      vertex 30.8718 67.6893 4.5
      vertex 28.8819 68 4.5
    endloop
  endfacet
  facet normal 0 0 1
    outer loop
      vertex 28.8291 68.5365 4.5
      vertex 30.7907 68.9267 4.5
      vertex 30.7201 69.2294 4.5
    endloop
  endfacet
  facet normal 0 0 1
    outer loop
      vertex 30.8718 67.6893 4.5
      vertex 28.8761 67.8201 4.5
      vertex 30.8413 67.38 4.5
    endloop
  endfacet
  facet normal 0 0 1
    outer loop
      vertex 28.7882 68.7118 4.5
      vertex 30.7201 69.2294 4.5
      vertex 30.6299 69.5268 4.5
    endloop
  endfacet
  facet normal -0 0 1
    outer loop
      vertex 28.8584 67.6411 4.5
      vertex 30.8413 67.38 4.5
      vertex 28.8761 67.8201 4.5
    endloop
  endfacet
  facet normal 0 0 1
    outer loop
      vertex 28.736 68.884 4.5
      vertex 30.6299 69.5268 4.5
      vertex 30.5204 69.8177 4.5
    endloop
  endfacet
  facet normal 0 0 1
    outer loop
      vertex 30.8413 67.38 4.5
      vertex 28.8584 67.6411 4.5
      vertex 30.7907 67.0733 4.5
    endloop
  endfacet
  facet normal 0 0 1
    outer loop
      vertex 28.6726 69.0524 4.5
      vertex 30.5204 69.8177 4.5
      vertex 30.3921 70.1009 4.5
    endloop
  endfacet
  facet normal -0 0 1
    outer loop
      vertex 28.8291 67.4635 4.5
      vertex 30.7907 67.0733 4.5
      vertex 28.8584 67.6411 4.5
    endloop
  endfacet
  facet normal 0 0 1
    outer loop
      vertex 28.5983 69.2163 4.5
      vertex 30.3921 70.1009 4.5
      vertex 30.2456 70.375 4.5
    endloop
  endfacet
  facet normal 0 0 1
    outer loop
      vertex 30.7907 67.0733 4.5
      vertex 28.8291 67.4635 4.5
      vertex 30.7201 66.7706 4.5
    endloop
  endfacet
  facet normal 0 0 1
    outer loop
      vertex 28.5135 69.375 4.5
      vertex 30.2456 70.375 4.5
      vertex 30.0814 70.639 4.5
    endloop
  endfacet
  facet normal -0 0 1
    outer loop
      vertex 28.7882 67.2882 4.5
      vertex 30.7201 66.7706 4.5
      vertex 28.8291 67.4635 4.5
    endloop
  endfacet
  facet normal 0 0 1
    outer loop
      vertex 28.4185 69.5278 4.5
      vertex 30.0814 70.639 4.5
      vertex 29.9004 70.8916 4.5
    endloop
  endfacet
  facet normal 0 0 1
    outer loop
      vertex 30.7201 66.7706 4.5
      vertex 28.7882 67.2882 4.5
      vertex 30.6299 66.4732 4.5
    endloop
  endfacet
  facet normal 0 0 1
    outer loop
      vertex 28.3137 69.6741 4.5
      vertex 29.9004 70.8916 4.5
      vertex 29.7032 71.1319 4.5
    endloop
  endfacet
  facet normal -0 0 1
    outer loop
      vertex 28.736 67.116 4.5
      vertex 30.6299 66.4732 4.5
      vertex 28.7882 67.2882 4.5
    endloop
  endfacet
  facet normal 0 0 1
    outer loop
      vertex 28.1995 69.8132 4.5
      vertex 29.7032 71.1319 4.5
      vertex 29.4907 71.3588 4.5
    endloop
  endfacet
  facet normal 0 0 1
    outer loop
      vertex 30.6299 66.4732 4.5
      vertex 28.736 67.116 4.5
      vertex 30.5204 66.1823 4.5
    endloop
  endfacet
  facet normal 0 0 1
    outer loop
      vertex 28.0765 69.9445 4.5
      vertex 29.4907 71.3588 4.5
      vertex 29.2638 71.5712 4.5
    endloop
  endfacet
  facet normal -0 0 1
    outer loop
      vertex 28.6726 66.9476 4.5
      vertex 30.5204 66.1823 4.5
      vertex 28.736 67.116 4.5
    endloop
  endfacet
  facet normal 0 0 1
    outer loop
      vertex 27.9451 70.0676 4.5
      vertex 29.2638 71.5712 4.5
      vertex 29.0236 71.7684 4.5
    endloop
  endfacet
  facet normal 0 0 1
    outer loop
      vertex 30.5204 66.1823 4.5
      vertex 28.6726 66.9476 4.5
      vertex 30.3921 65.8991 4.5
    endloop
  endfacet
  facet normal -0 0 1
    outer loop
      vertex 28.5983 66.7837 4.5
      vertex 30.3921 65.8991 4.5
      vertex 28.6726 66.9476 4.5
    endloop
  endfacet
  facet normal 0 0 1
    outer loop
      vertex 30.8718 68.3107 4.5
      vertex 28.8761 68.1799 4.5
      vertex 28.8819 68 4.5
    endloop
  endfacet
  facet normal 0 0 1
    outer loop
      vertex 30.8413 68.62 4.5
      vertex 28.8584 68.3589 4.5
      vertex 28.8761 68.1799 4.5
    endloop
  endfacet
  facet normal 0 0 1
    outer loop
      vertex 30.7907 68.9267 4.5
      vertex 28.8291 68.5365 4.5
      vertex 28.8584 68.3589 4.5
    endloop
  endfacet
  facet normal 0 0 1
    outer loop
      vertex 30.7201 69.2294 4.5
      vertex 28.7882 68.7118 4.5
      vertex 28.8291 68.5365 4.5
    endloop
  endfacet
  facet normal 0 0 1
    outer loop
      vertex 27.806 70.1817 4.5
      vertex 29.0236 71.7684 4.5
      vertex 28.7709 71.9495 4.5
    endloop
  endfacet
  facet normal 0 0 1
    outer loop
      vertex 30.6299 69.5268 4.5
      vertex 28.736 68.884 4.5
      vertex 28.7882 68.7118 4.5
    endloop
  endfacet
  facet normal 0 0 1
    outer loop
      vertex 30.5204 69.8177 4.5
      vertex 28.6726 69.0524 4.5
      vertex 28.736 68.884 4.5
    endloop
  endfacet
  facet normal 0 0 1
    outer loop
      vertex 30.3921 70.1009 4.5
      vertex 28.5983 69.2163 4.5
      vertex 28.6726 69.0524 4.5
    endloop
  endfacet
  facet normal 0 0 1
    outer loop
      vertex 30.2456 70.375 4.5
      vertex 28.5135 69.375 4.5
      vertex 28.5983 69.2163 4.5
    endloop
  endfacet
  facet normal 0 0 1
    outer loop
      vertex 27.6598 70.2865 4.5
      vertex 28.7709 71.9495 4.5
      vertex 28.5069 72.1136 4.5
    endloop
  endfacet
  facet normal 0 0 1
    outer loop
      vertex 30.0814 70.639 4.5
      vertex 28.4185 69.5278 4.5
      vertex 28.5135 69.375 4.5
    endloop
  endfacet
  facet normal 0 0 1
    outer loop
      vertex 29.9004 70.8916 4.5
      vertex 28.3137 69.6741 4.5
      vertex 28.4185 69.5278 4.5
    endloop
  endfacet
  facet normal 0 0 1
    outer loop
      vertex 27.5069 70.3816 4.5
      vertex 28.5069 72.1136 4.5
      vertex 28.2328 72.2601 4.5
    endloop
  endfacet
  facet normal 0 0 1
    outer loop
      vertex 29.7032 71.1319 4.5
      vertex 28.1995 69.8132 4.5
      vertex 28.3137 69.6741 4.5
    endloop
  endfacet
  facet normal 0 0 1
    outer loop
      vertex 29.4907 71.3588 4.5
      vertex 28.0765 69.9445 4.5
      vertex 28.1995 69.8132 4.5
    endloop
  endfacet
  facet normal 0 0 1
    outer loop
      vertex 27.3482 70.4664 4.5
      vertex 28.2328 72.2601 4.5
      vertex 27.9497 72.3884 4.5
    endloop
  endfacet
  facet normal 0 0 1
    outer loop
      vertex 29.2638 71.5712 4.5
      vertex 27.9451 70.0676 4.5
      vertex 28.0765 69.9445 4.5
    endloop
  endfacet
  facet normal 0 0 1
    outer loop
      vertex 29.0236 71.7684 4.5
      vertex 27.806 70.1817 4.5
      vertex 27.9451 70.0676 4.5
    endloop
  endfacet
  facet normal 0 0 1
    outer loop
      vertex 28.7709 71.9495 4.5
      vertex 27.6598 70.2865 4.5
      vertex 27.806 70.1817 4.5
    endloop
  endfacet
  facet normal 0 0 1
    outer loop
      vertex 27.1843 70.5407 4.5
      vertex 27.9497 72.3884 4.5
      vertex 27.6588 72.4979 4.5
    endloop
  endfacet
  facet normal 0 0 1
    outer loop
      vertex 28.5069 72.1136 4.5
      vertex 27.5069 70.3816 4.5
      vertex 27.6598 70.2865 4.5
    endloop
  endfacet
  facet normal 0 0 1
    outer loop
      vertex 27.0159 70.6041 4.5
      vertex 27.6588 72.4979 4.5
      vertex 27.3613 72.5882 4.5
    endloop
  endfacet
  facet normal 0 0 1
    outer loop
      vertex 28.2328 72.2601 4.5
      vertex 27.3482 70.4664 4.5
      vertex 27.5069 70.3816 4.5
    endloop
  endfacet
  facet normal 0 0 1
    outer loop
      vertex 27.9497 72.3884 4.5
      vertex 27.1843 70.5407 4.5
      vertex 27.3482 70.4664 4.5
    endloop
  endfacet
  facet normal 0 0 1
    outer loop
      vertex 26.8437 70.6563 4.5
      vertex 27.3613 72.5882 4.5
      vertex 27.0586 72.6587 4.5
    endloop
  endfacet
  facet normal 0 0 1
    outer loop
      vertex 27.6588 72.4979 4.5
      vertex 27.0159 70.6041 4.5
      vertex 27.1843 70.5407 4.5
    endloop
  endfacet
  facet normal 0 0 1
    outer loop
      vertex 27.3613 72.5882 4.5
      vertex 26.8437 70.6563 4.5
      vertex 27.0159 70.6041 4.5
    endloop
  endfacet
  facet normal 0 0 1
    outer loop
      vertex 26.6684 70.6972 4.5
      vertex 27.0586 72.6587 4.5
      vertex 26.7519 72.7094 4.5
    endloop
  endfacet
  facet normal 0 0 1
    outer loop
      vertex 27.0586 72.6587 4.5
      vertex 26.6684 70.6972 4.5
      vertex 26.8437 70.6563 4.5
    endloop
  endfacet
  facet normal 0 0 1
    outer loop
      vertex 26.7519 72.7094 4.5
      vertex 26.4909 70.7265 4.5
      vertex 26.6684 70.6972 4.5
    endloop
  endfacet
  facet normal 0 0 1
    outer loop
      vertex 26.4426 72.7398 4.5
      vertex 26.4909 70.7265 4.5
      vertex 26.7519 72.7094 4.5
    endloop
  endfacet
  facet normal 0 0 1
    outer loop
      vertex 26.4426 72.7398 4.5
      vertex 26.3118 70.7441 4.5
      vertex 26.4909 70.7265 4.5
    endloop
  endfacet
  facet normal 0 0 1
    outer loop
      vertex 26.1319 72.75 4.5
      vertex 26.3118 70.7441 4.5
      vertex 26.4426 72.7398 4.5
    endloop
  endfacet
  facet normal 0 0 1
    outer loop
      vertex 26.1319 72.75 4.5
      vertex 26.1319 70.75 4.5
      vertex 26.3118 70.7441 4.5
    endloop
  endfacet
  facet normal 0 0 1
    outer loop
      vertex 26.1319 72.75 4.5
      vertex 25.9521 70.7441 4.5
      vertex 26.1319 70.75 4.5
    endloop
  endfacet
  facet normal -0 0 1
    outer loop
      vertex 25.8213 72.7398 4.5
      vertex 25.9521 70.7441 4.5
      vertex 26.1319 72.75 4.5
    endloop
  endfacet
  facet normal 0 0 1
    outer loop
      vertex 25.8213 72.7398 4.5
      vertex 25.773 70.7265 4.5
      vertex 25.9521 70.7441 4.5
    endloop
  endfacet
  facet normal -0 0 1
    outer loop
      vertex 25.5119 72.7094 4.5
      vertex 25.773 70.7265 4.5
      vertex 25.8213 72.7398 4.5
    endloop
  endfacet
  facet normal 0 0 1
    outer loop
      vertex 25.773 70.7265 4.5
      vertex 25.5119 72.7094 4.5
      vertex 25.5954 70.6972 4.5
    endloop
  endfacet
  facet normal -0 0 1
    outer loop
      vertex 25.2053 72.6587 4.5
      vertex 25.5954 70.6972 4.5
      vertex 25.5119 72.7094 4.5
    endloop
  endfacet
  facet normal 0 0 1
    outer loop
      vertex 25.5954 70.6972 4.5
      vertex 25.2053 72.6587 4.5
      vertex 25.4202 70.6563 4.5
    endloop
  endfacet
  facet normal -0 0 1
    outer loop
      vertex 24.9025 72.5882 4.5
      vertex 25.4202 70.6563 4.5
      vertex 25.2053 72.6587 4.5
    endloop
  endfacet
  facet normal 0 0 1
    outer loop
      vertex 25.4202 70.6563 4.5
      vertex 24.9025 72.5882 4.5
      vertex 25.248 70.6041 4.5
    endloop
  endfacet
  facet normal -0 0 1
    outer loop
      vertex 24.6051 72.4979 4.5
      vertex 25.248 70.6041 4.5
      vertex 24.9025 72.5882 4.5
    endloop
  endfacet
  facet normal 0 0 1
    outer loop
      vertex 25.248 70.6041 4.5
      vertex 24.6051 72.4979 4.5
      vertex 25.0796 70.5407 4.5
    endloop
  endfacet
  facet normal -0 0 1
    outer loop
      vertex 24.3142 72.3884 4.5
      vertex 25.0796 70.5407 4.5
      vertex 24.6051 72.4979 4.5
    endloop
  endfacet
  facet normal 0 0 1
    outer loop
      vertex 25.0796 70.5407 4.5
      vertex 24.3142 72.3884 4.5
      vertex 24.9156 70.4664 4.5
    endloop
  endfacet
  facet normal -0 0 1
    outer loop
      vertex 24.0311 72.2601 4.5
      vertex 24.9156 70.4664 4.5
      vertex 24.3142 72.3884 4.5
    endloop
  endfacet
  facet normal 0 0 1
    outer loop
      vertex 24.9156 70.4664 4.5
      vertex 24.0311 72.2601 4.5
      vertex 24.7569 70.3816 4.5
    endloop
  endfacet
  facet normal -0 0 1
    outer loop
      vertex 23.7569 72.1136 4.5
      vertex 24.7569 70.3816 4.5
      vertex 24.0311 72.2601 4.5
    endloop
  endfacet
  facet normal 0 0 1
    outer loop
      vertex 24.7569 70.3816 4.5
      vertex 23.7569 72.1136 4.5
      vertex 24.6041 70.2865 4.5
    endloop
  endfacet
  facet normal -0 0 1
    outer loop
      vertex 23.493 71.9495 4.5
      vertex 24.6041 70.2865 4.5
      vertex 23.7569 72.1136 4.5
    endloop
  endfacet
  facet normal 0 0 1
    outer loop
      vertex 24.6041 70.2865 4.5
      vertex 23.493 71.9495 4.5
      vertex 24.4578 70.1817 4.5
    endloop
  endfacet
  facet normal -0 0 1
    outer loop
      vertex 23.2403 71.7684 4.5
      vertex 24.4578 70.1817 4.5
      vertex 23.493 71.9495 4.5
    endloop
  endfacet
  facet normal 0 0 1
    outer loop
      vertex 24.4578 70.1817 4.5
      vertex 23.2403 71.7684 4.5
      vertex 24.3187 70.0676 4.5
    endloop
  endfacet
  facet normal -0 0 1
    outer loop
      vertex 23 71.5712 4.5
      vertex 24.3187 70.0676 4.5
      vertex 23.2403 71.7684 4.5
    endloop
  endfacet
  facet normal 0 0 1
    outer loop
      vertex 24.3187 70.0676 4.5
      vertex 23 71.5712 4.5
      vertex 24.1874 69.9445 4.5
    endloop
  endfacet
  facet normal -0 0 1
    outer loop
      vertex 22.7732 71.3588 4.5
      vertex 24.1874 69.9445 4.5
      vertex 23 71.5712 4.5
    endloop
  endfacet
  facet normal 0 0 1
    outer loop
      vertex 24.1874 69.9445 4.5
      vertex 22.7732 71.3588 4.5
      vertex 24.0644 69.8132 4.5
    endloop
  endfacet
  facet normal -0 0 1
    outer loop
      vertex 22.5607 71.1319 4.5
      vertex 24.0644 69.8132 4.5
      vertex 22.7732 71.3588 4.5
    endloop
  endfacet
  facet normal 0 0 1
    outer loop
      vertex 24.0644 69.8132 4.5
      vertex 22.5607 71.1319 4.5
      vertex 23.9502 69.6741 4.5
    endloop
  endfacet
  facet normal -0 0 1
    outer loop
      vertex 22.3635 70.8916 4.5
      vertex 23.9502 69.6741 4.5
      vertex 22.5607 71.1319 4.5
    endloop
  endfacet
  facet normal 0 0 1
    outer loop
      vertex 23.9502 69.6741 4.5
      vertex 22.3635 70.8916 4.5
      vertex 23.8454 69.5278 4.5
    endloop
  endfacet
  facet normal -0 0 1
    outer loop
      vertex 22.1825 70.639 4.5
      vertex 23.8454 69.5278 4.5
      vertex 22.3635 70.8916 4.5
    endloop
  endfacet
  facet normal 0 0 1
    outer loop
      vertex 23.8454 69.5278 4.5
      vertex 22.1825 70.639 4.5
      vertex 23.7504 69.375 4.5
    endloop
  endfacet
  facet normal -0 0 1
    outer loop
      vertex 22.0183 70.375 4.5
      vertex 23.7504 69.375 4.5
      vertex 22.1825 70.639 4.5
    endloop
  endfacet
  facet normal 0 0 1
    outer loop
      vertex 23.7504 69.375 4.5
      vertex 22.0183 70.375 4.5
      vertex 23.6655 69.2163 4.5
    endloop
  endfacet
  facet normal -0 0 1
    outer loop
      vertex 21.8718 70.1009 4.5
      vertex 23.6655 69.2163 4.5
      vertex 22.0183 70.375 4.5
    endloop
  endfacet
  facet normal 0 0 1
    outer loop
      vertex 30.3921 65.8991 4.5
      vertex 28.5983 66.7837 4.5
      vertex 30.2456 65.625 4.5
    endloop
  endfacet
  facet normal -0 0 1
    outer loop
      vertex 28.5135 66.625 4.5
      vertex 30.2456 65.625 4.5
      vertex 28.5983 66.7837 4.5
    endloop
  endfacet
  facet normal 0 0 1
    outer loop
      vertex 30.2456 65.625 4.5
      vertex 28.5135 66.625 4.5
      vertex 30.0814 65.361 4.5
    endloop
  endfacet
  facet normal -0 0 1
    outer loop
      vertex 28.4185 66.4722 4.5
      vertex 30.0814 65.361 4.5
      vertex 28.5135 66.625 4.5
    endloop
  endfacet
  facet normal 0 0 1
    outer loop
      vertex 30.0814 65.361 4.5
      vertex 28.4185 66.4722 4.5
      vertex 29.9004 65.1084 4.5
    endloop
  endfacet
  facet normal -0 0 1
    outer loop
      vertex 28.3137 66.3259 4.5
      vertex 29.9004 65.1084 4.5
      vertex 28.4185 66.4722 4.5
    endloop
  endfacet
  facet normal 0 0 1
    outer loop
      vertex 29.9004 65.1084 4.5
      vertex 28.3137 66.3259 4.5
      vertex 29.7032 64.8681 4.5
    endloop
  endfacet
  facet normal -0 0 1
    outer loop
      vertex 28.1995 66.1868 4.5
      vertex 29.7032 64.8681 4.5
      vertex 28.3137 66.3259 4.5
    endloop
  endfacet
  facet normal 0 0 1
    outer loop
      vertex 29.7032 64.8681 4.5
      vertex 28.1995 66.1868 4.5
      vertex 29.4907 64.6412 4.5
    endloop
  endfacet
  facet normal -0 0 1
    outer loop
      vertex 28.0765 66.0555 4.5
      vertex 29.4907 64.6412 4.5
      vertex 28.1995 66.1868 4.5
    endloop
  endfacet
  facet normal 0 0 1
    outer loop
      vertex 29.4907 64.6412 4.5
      vertex 28.0765 66.0555 4.5
      vertex 29.2638 64.4288 4.5
    endloop
  endfacet
  facet normal -0 0 1
    outer loop
      vertex 27.9451 65.9324 4.5
      vertex 29.2638 64.4288 4.5
      vertex 28.0765 66.0555 4.5
    endloop
  endfacet
  facet normal 0 0 1
    outer loop
      vertex 29.2638 64.4288 4.5
      vertex 27.9451 65.9324 4.5
      vertex 29.0236 64.2316 4.5
    endloop
  endfacet
  facet normal -0 0 1
    outer loop
      vertex 27.806 65.8183 4.5
      vertex 29.0236 64.2316 4.5
      vertex 27.9451 65.9324 4.5
    endloop
  endfacet
  facet normal 0 0 1
    outer loop
      vertex 29.0236 64.2316 4.5
      vertex 27.806 65.8183 4.5
      vertex 28.7709 64.0505 4.5
    endloop
  endfacet
  facet normal -0 0 1
    outer loop
      vertex 27.6598 65.7135 4.5
      vertex 28.7709 64.0505 4.5
      vertex 27.806 65.8183 4.5
    endloop
  endfacet
  facet normal 0 0 1
    outer loop
      vertex 28.7709 64.0505 4.5
      vertex 27.6598 65.7135 4.5
      vertex 28.5069 63.8864 4.5
    endloop
  endfacet
  facet normal -0 0 1
    outer loop
      vertex 27.5069 65.6184 4.5
      vertex 28.5069 63.8864 4.5
      vertex 27.6598 65.7135 4.5
    endloop
  endfacet
  facet normal 0 0 1
    outer loop
      vertex 28.5069 63.8864 4.5
      vertex 27.5069 65.6184 4.5
      vertex 28.2328 63.7399 4.5
    endloop
  endfacet
  facet normal -0 0 1
    outer loop
      vertex 27.3482 65.5336 4.5
      vertex 28.2328 63.7399 4.5
      vertex 27.5069 65.6184 4.5
    endloop
  endfacet
  facet normal 0 0 1
    outer loop
      vertex 28.2328 63.7399 4.5
      vertex 27.3482 65.5336 4.5
      vertex 27.9497 63.6116 4.5
    endloop
  endfacet
  facet normal -0 0 1
    outer loop
      vertex 27.1843 65.4593 4.5
      vertex 27.9497 63.6116 4.5
      vertex 27.3482 65.5336 4.5
    endloop
  endfacet
  facet normal 0 0 1
    outer loop
      vertex 27.9497 63.6116 4.5
      vertex 27.1843 65.4593 4.5
      vertex 27.6588 63.5021 4.5
    endloop
  endfacet
  facet normal -0 0 1
    outer loop
      vertex 27.0159 65.3959 4.5
      vertex 27.6588 63.5021 4.5
      vertex 27.1843 65.4593 4.5
    endloop
  endfacet
  facet normal 0 0 1
    outer loop
      vertex 27.6588 63.5021 4.5
      vertex 27.0159 65.3959 4.5
      vertex 27.3613 63.4118 4.5
    endloop
  endfacet
  facet normal -0 0 1
    outer loop
      vertex 26.8437 65.3437 4.5
      vertex 27.3613 63.4118 4.5
      vertex 27.0159 65.3959 4.5
    endloop
  endfacet
  facet normal 0 0 1
    outer loop
      vertex 27.3613 63.4118 4.5
      vertex 26.8437 65.3437 4.5
      vertex 27.0586 63.3413 4.5
    endloop
  endfacet
  facet normal -0 0 1
    outer loop
      vertex 26.6684 65.3028 4.5
      vertex 27.0586 63.3413 4.5
      vertex 26.8437 65.3437 4.5
    endloop
  endfacet
  facet normal 0 0 1
    outer loop
      vertex 27.0586 63.3413 4.5
      vertex 26.6684 65.3028 4.5
      vertex 26.7519 63.2906 4.5
    endloop
  endfacet
  facet normal -0 0 1
    outer loop
      vertex 26.4909 65.2735 4.5
      vertex 26.7519 63.2906 4.5
      vertex 26.6684 65.3028 4.5
    endloop
  endfacet
  facet normal 0 0 1
    outer loop
      vertex 26.4909 65.2735 4.5
      vertex 26.4426 63.2602 4.5
      vertex 26.7519 63.2906 4.5
    endloop
  endfacet
  facet normal -0 0 1
    outer loop
      vertex 26.3118 65.2559 4.5
      vertex 26.4426 63.2602 4.5
      vertex 26.4909 65.2735 4.5
    endloop
  endfacet
  facet normal -0 0 1
    outer loop
      vertex 26.1319 65.25 4.5
      vertex 26.4426 63.2602 4.5
      vertex 26.3118 65.2559 4.5
    endloop
  endfacet
  facet normal 0 0 1
    outer loop
      vertex 26.1319 65.25 4.5
      vertex 26.1319 63.25 4.5
      vertex 26.4426 63.2602 4.5
    endloop
  endfacet
  facet normal 0 0 1
    outer loop
      vertex 25.9521 65.2559 4.5
      vertex 26.1319 63.25 4.5
      vertex 26.1319 65.25 4.5
    endloop
  endfacet
  facet normal 0 0 1
    outer loop
      vertex 25.9521 65.2559 4.5
      vertex 25.8213 63.2602 4.5
      vertex 26.1319 63.25 4.5
    endloop
  endfacet
  facet normal 0 0 1
    outer loop
      vertex 25.773 65.2735 4.5
      vertex 25.8213 63.2602 4.5
      vertex 25.9521 65.2559 4.5
    endloop
  endfacet
  facet normal 0 0 1
    outer loop
      vertex 25.5119 63.2906 4.5
      vertex 25.773 65.2735 4.5
      vertex 25.5954 65.3028 4.5
    endloop
  endfacet
  facet normal 0 0 1
    outer loop
      vertex 25.773 65.2735 4.5
      vertex 25.5119 63.2906 4.5
      vertex 25.8213 63.2602 4.5
    endloop
  endfacet
  facet normal 0 0 1
    outer loop
      vertex 25.2053 63.3413 4.5
      vertex 25.5954 65.3028 4.5
      vertex 25.4202 65.3437 4.5
    endloop
  endfacet
  facet normal 0 0 1
    outer loop
      vertex 24.9025 63.4118 4.5
      vertex 25.4202 65.3437 4.5
      vertex 25.248 65.3959 4.5
    endloop
  endfacet
  facet normal 0 0 1
    outer loop
      vertex 25.5954 65.3028 4.5
      vertex 25.2053 63.3413 4.5
      vertex 25.5119 63.2906 4.5
    endloop
  endfacet
  facet normal 0 0 1
    outer loop
      vertex 24.6051 63.5021 4.5
      vertex 25.248 65.3959 4.5
      vertex 25.0796 65.4593 4.5
    endloop
  endfacet
  facet normal 0 0 1
    outer loop
      vertex 24.3142 63.6116 4.5
      vertex 25.0796 65.4593 4.5
      vertex 24.9156 65.5336 4.5
    endloop
  endfacet
  facet normal 0 0 1
    outer loop
      vertex 25.4202 65.3437 4.5
      vertex 24.9025 63.4118 4.5
      vertex 25.2053 63.3413 4.5
    endloop
  endfacet
  facet normal 0 0 1
    outer loop
      vertex 24.0311 63.7399 4.5
      vertex 24.9156 65.5336 4.5
      vertex 24.7569 65.6184 4.5
    endloop
  endfacet
  facet normal 0 0 1
    outer loop
      vertex 25.248 65.3959 4.5
      vertex 24.6051 63.5021 4.5
      vertex 24.9025 63.4118 4.5
    endloop
  endfacet
  facet normal 0 0 1
    outer loop
      vertex 23.7569 63.8864 4.5
      vertex 24.7569 65.6184 4.5
      vertex 24.6041 65.7135 4.5
    endloop
  endfacet
  facet normal 0 0 1
    outer loop
      vertex 23.493 64.0505 4.5
      vertex 24.6041 65.7135 4.5
      vertex 24.4578 65.8183 4.5
    endloop
  endfacet
  facet normal 0 0 1
    outer loop
      vertex 23.2403 64.2316 4.5
      vertex 24.4578 65.8183 4.5
      vertex 24.3187 65.9324 4.5
    endloop
  endfacet
  facet normal 0 0 1
    outer loop
      vertex 25.0796 65.4593 4.5
      vertex 24.3142 63.6116 4.5
      vertex 24.6051 63.5021 4.5
    endloop
  endfacet
  facet normal 0 0 1
    outer loop
      vertex 23 64.4288 4.5
      vertex 24.3187 65.9324 4.5
      vertex 24.1874 66.0555 4.5
    endloop
  endfacet
  facet normal 0 0 1
    outer loop
      vertex 22.7732 64.6412 4.5
      vertex 24.1874 66.0555 4.5
      vertex 24.0644 66.1868 4.5
    endloop
  endfacet
  facet normal 0 0 1
    outer loop
      vertex 24.9156 65.5336 4.5
      vertex 24.0311 63.7399 4.5
      vertex 24.3142 63.6116 4.5
    endloop
  endfacet
  facet normal 0 0 1
    outer loop
      vertex 22.5607 64.8681 4.5
      vertex 24.0644 66.1868 4.5
      vertex 23.9502 66.3259 4.5
    endloop
  endfacet
  facet normal 0 0 1
    outer loop
      vertex 22.3635 65.1084 4.5
      vertex 23.9502 66.3259 4.5
      vertex 23.8454 66.4722 4.5
    endloop
  endfacet
  facet normal 0 0 1
    outer loop
      vertex 24.7569 65.6184 4.5
      vertex 23.7569 63.8864 4.5
      vertex 24.0311 63.7399 4.5
    endloop
  endfacet
  facet normal 0 0 1
    outer loop
      vertex 22.1825 65.361 4.5
      vertex 23.8454 66.4722 4.5
      vertex 23.7504 66.625 4.5
    endloop
  endfacet
  facet normal 0 0 1
    outer loop
      vertex 22.0183 65.625 4.5
      vertex 23.7504 66.625 4.5
      vertex 23.6655 66.7837 4.5
    endloop
  endfacet
  facet normal 0 0 1
    outer loop
      vertex 21.8718 65.8991 4.5
      vertex 23.6655 66.7837 4.5
      vertex 23.5913 66.9476 4.5
    endloop
  endfacet
  facet normal 0 0 1
    outer loop
      vertex 21.7435 66.1823 4.5
      vertex 23.5913 66.9476 4.5
      vertex 23.5279 67.116 4.5
    endloop
  endfacet
  facet normal 0 0 1
    outer loop
      vertex 24.6041 65.7135 4.5
      vertex 23.493 64.0505 4.5
      vertex 23.7569 63.8864 4.5
    endloop
  endfacet
  facet normal 0 0 1
    outer loop
      vertex 21.634 66.4732 4.5
      vertex 23.5279 67.116 4.5
      vertex 23.4756 67.2882 4.5
    endloop
  endfacet
  facet normal 0 0 1
    outer loop
      vertex 21.5438 66.7706 4.5
      vertex 23.4756 67.2882 4.5
      vertex 23.4348 67.4635 4.5
    endloop
  endfacet
  facet normal 0 0 1
    outer loop
      vertex 21.4732 67.0733 4.5
      vertex 23.4348 67.4635 4.5
      vertex 23.4055 67.6411 4.5
    endloop
  endfacet
  facet normal 0 0 1
    outer loop
      vertex 21.4226 67.38 4.5
      vertex 23.4055 67.6411 4.5
      vertex 23.3878 67.8201 4.5
    endloop
  endfacet
  facet normal 0 0 1
    outer loop
      vertex 21.3921 67.6893 4.5
      vertex 23.3878 67.8201 4.5
      vertex 23.3819 68 4.5
    endloop
  endfacet
  facet normal 0 0 1
    outer loop
      vertex 23.6655 69.2163 4.5
      vertex 21.8718 70.1009 4.5
      vertex 23.5913 69.0524 4.5
    endloop
  endfacet
  facet normal 0 0 1
    outer loop
      vertex 24.4578 65.8183 4.5
      vertex 23.2403 64.2316 4.5
      vertex 23.493 64.0505 4.5
    endloop
  endfacet
  facet normal -0 0 1
    outer loop
      vertex 21.7435 69.8177 4.5
      vertex 23.5913 69.0524 4.5
      vertex 21.8718 70.1009 4.5
    endloop
  endfacet
  facet normal 0 0 1
    outer loop
      vertex 24.3187 65.9324 4.5
      vertex 23 64.4288 4.5
      vertex 23.2403 64.2316 4.5
    endloop
  endfacet
  facet normal 0 0 1
    outer loop
      vertex 23.5913 69.0524 4.5
      vertex 21.7435 69.8177 4.5
      vertex 23.5279 68.884 4.5
    endloop
  endfacet
  facet normal 0 0 1
    outer loop
      vertex 24.1874 66.0555 4.5
      vertex 22.7732 64.6412 4.5
      vertex 23 64.4288 4.5
    endloop
  endfacet
  facet normal -0 0 1
    outer loop
      vertex 21.634 69.5268 4.5
      vertex 23.5279 68.884 4.5
      vertex 21.7435 69.8177 4.5
    endloop
  endfacet
  facet normal 0 0 1
    outer loop
      vertex 24.0644 66.1868 4.5
      vertex 22.5607 64.8681 4.5
      vertex 22.7732 64.6412 4.5
    endloop
  endfacet
  facet normal 0 0 1
    outer loop
      vertex 23.5279 68.884 4.5
      vertex 21.634 69.5268 4.5
      vertex 23.4756 68.7118 4.5
    endloop
  endfacet
  facet normal 0 0 1
    outer loop
      vertex 23.9502 66.3259 4.5
      vertex 22.3635 65.1084 4.5
      vertex 22.5607 64.8681 4.5
    endloop
  endfacet
  facet normal -0 0 1
    outer loop
      vertex 21.5438 69.2294 4.5
      vertex 23.4756 68.7118 4.5
      vertex 21.634 69.5268 4.5
    endloop
  endfacet
  facet normal 0 0 1
    outer loop
      vertex 23.8454 66.4722 4.5
      vertex 22.1825 65.361 4.5
      vertex 22.3635 65.1084 4.5
    endloop
  endfacet
  facet normal 0 0 1
    outer loop
      vertex 23.4756 68.7118 4.5
      vertex 21.5438 69.2294 4.5
      vertex 23.4348 68.5365 4.5
    endloop
  endfacet
  facet normal 0 0 1
    outer loop
      vertex 23.7504 66.625 4.5
      vertex 22.0183 65.625 4.5
      vertex 22.1825 65.361 4.5
    endloop
  endfacet
  facet normal -0 0 1
    outer loop
      vertex 21.4732 68.9267 4.5
      vertex 23.4348 68.5365 4.5
      vertex 21.5438 69.2294 4.5
    endloop
  endfacet
  facet normal 0 0 1
    outer loop
      vertex 23.6655 66.7837 4.5
      vertex 21.8718 65.8991 4.5
      vertex 22.0183 65.625 4.5
    endloop
  endfacet
  facet normal 0 0 1
    outer loop
      vertex 23.4348 68.5365 4.5
      vertex 21.4732 68.9267 4.5
      vertex 23.4055 68.3589 4.5
    endloop
  endfacet
  facet normal 0 0 1
    outer loop
      vertex 23.5913 66.9476 4.5
      vertex 21.7435 66.1823 4.5
      vertex 21.8718 65.8991 4.5
    endloop
  endfacet
  facet normal -0 0 1
    outer loop
      vertex 21.4226 68.62 4.5
      vertex 23.4055 68.3589 4.5
      vertex 21.4732 68.9267 4.5
    endloop
  endfacet
  facet normal 0 0 1
    outer loop
      vertex 23.5279 67.116 4.5
      vertex 21.634 66.4732 4.5
      vertex 21.7435 66.1823 4.5
    endloop
  endfacet
  facet normal 0 0 1
    outer loop
      vertex 23.4055 68.3589 4.5
      vertex 21.4226 68.62 4.5
      vertex 23.3878 68.1799 4.5
    endloop
  endfacet
  facet normal 0 0 1
    outer loop
      vertex 23.4756 67.2882 4.5
      vertex 21.5438 66.7706 4.5
      vertex 21.634 66.4732 4.5
    endloop
  endfacet
  facet normal -0 0 1
    outer loop
      vertex 21.3921 68.3107 4.5
      vertex 23.3878 68.1799 4.5
      vertex 21.4226 68.62 4.5
    endloop
  endfacet
  facet normal 0 0 1
    outer loop
      vertex 23.4348 67.4635 4.5
      vertex 21.4732 67.0733 4.5
      vertex 21.5438 66.7706 4.5
    endloop
  endfacet
  facet normal 0 0 1
    outer loop
      vertex 23.3878 68.1799 4.5
      vertex 21.3921 68.3107 4.5
      vertex 23.3819 68 4.5
    endloop
  endfacet
  facet normal 0 0 1
    outer loop
      vertex 23.4055 67.6411 4.5
      vertex 21.4226 67.38 4.5
      vertex 21.4732 67.0733 4.5
    endloop
  endfacet
  facet normal 0 0 1
    outer loop
      vertex 21.3819 68 4.5
      vertex 23.3819 68 4.5
      vertex 21.3921 68.3107 4.5
    endloop
  endfacet
  facet normal 0 0 1
    outer loop
      vertex 23.3878 67.8201 4.5
      vertex 21.3921 67.6893 4.5
      vertex 21.4226 67.38 4.5
    endloop
  endfacet
  facet normal 0 0 1
    outer loop
      vertex 23.3819 68 4.5
      vertex 21.3819 68 4.5
      vertex 21.3921 67.6893 4.5
    endloop
  endfacet
  facet normal -0.773025 0.634376 0
    outer loop
      vertex 29.7032 64.8681 4.5
      vertex 29.9004 65.1084 8
      vertex 29.9004 65.1084 4.5
    endloop
  endfacet
  facet normal -0.773025 0.634376 0
    outer loop
      vertex 29.9004 65.1084 8
      vertex 29.7032 64.8681 4.5
      vertex 29.7032 64.8681 8
    endloop
  endfacet
  facet normal 0.0977838 -0.995208 0
    outer loop
      vertex 25.5119 72.7094 4.5
      vertex 25.8213 72.7398 8
      vertex 25.5119 72.7094 8
    endloop
  endfacet
  facet normal 0.0977838 -0.995208 0
    outer loop
      vertex 25.8213 72.7398 8
      vertex 25.5119 72.7094 4.5
      vertex 25.8213 72.7398 4.5
    endloop
  endfacet
  facet normal -0.729888 -0.683567 0
    outer loop
      vertex 29.7032 71.1319 4.5
      vertex 29.4907 71.3588 8
      vertex 29.4907 71.3588 4.5
    endloop
  endfacet
  facet normal -0.729888 -0.683567 0
    outer loop
      vertex 29.4907 71.3588 8
      vertex 29.7032 71.1319 4.5
      vertex 29.7032 71.1319 8
    endloop
  endfacet
  facet normal 0.773025 0.634376 0
    outer loop
      vertex 22.5607 64.8681 8
      vertex 22.3635 65.1084 4.5
      vertex 22.3635 65.1084 8
    endloop
  endfacet
  facet normal 0.773025 0.634376 0
    outer loop
      vertex 22.3635 65.1084 4.5
      vertex 22.5607 64.8681 8
      vertex 22.5607 64.8681 4.5
    endloop
  endfacet
  facet normal -0.812863 0.582455 0
    outer loop
      vertex 29.9004 65.1084 4.5
      vertex 30.0814 65.361 8
      vertex 30.0814 65.361 4.5
    endloop
  endfacet
  facet normal -0.812863 0.582455 0
    outer loop
      vertex 30.0814 65.361 8
      vertex 29.9004 65.1084 4.5
      vertex 29.9004 65.1084 8
    endloop
  endfacet
  facet normal -0.910883 0.412664 0
    outer loop
      vertex 30.3921 65.8991 4.5
      vertex 30.5204 66.1823 8
      vertex 30.5204 66.1823 4.5
    endloop
  endfacet
  facet normal -0.910883 0.412664 0
    outer loop
      vertex 30.5204 66.1823 8
      vertex 30.3921 65.8991 4.5
      vertex 30.3921 65.8991 8
    endloop
  endfacet
  facet normal -0.582515 0.81282 0
    outer loop
      vertex 29.0236 64.2316 4.5
      vertex 28.7709 64.0505 8
      vertex 29.0236 64.2316 8
    endloop
  endfacet
  facet normal -0.582515 0.81282 0
    outer loop
      vertex 28.7709 64.0505 8
      vertex 29.0236 64.2316 4.5
      vertex 28.7709 64.0505 4.5
    endloop
  endfacet
  facet normal -0.412785 0.910829 0
    outer loop
      vertex 28.2328 63.7399 4.5
      vertex 27.9497 63.6116 8
      vertex 28.2328 63.7399 8
    endloop
  endfacet
  facet normal -0.412785 0.910829 0
    outer loop
      vertex 27.9497 63.6116 8
      vertex 28.2328 63.7399 4.5
      vertex 27.9497 63.6116 4.5
    endloop
  endfacet
  facet normal -0.634534 0.772895 0
    outer loop
      vertex 29.2638 64.4288 4.5
      vertex 29.0236 64.2316 8
      vertex 29.2638 64.4288 8
    endloop
  endfacet
  facet normal -0.634534 0.772895 0
    outer loop
      vertex 29.0236 64.2316 8
      vertex 29.2638 64.4288 4.5
      vertex 29.0236 64.2316 4.5
    endloop
  endfacet
  facet normal 0.995173 0.0981338 0
    outer loop
      vertex 21.4226 67.38 8
      vertex 21.3921 67.6893 4.5
      vertex 21.3921 67.6893 8
    endloop
  endfacet
  facet normal 0.995173 0.0981338 0
    outer loop
      vertex 21.3921 67.6893 4.5
      vertex 21.4226 67.38 8
      vertex 21.4226 67.38 4.5
    endloop
  endfacet
  facet normal -0.527915 0.849297 0
    outer loop
      vertex 28.7709 64.0505 4.5
      vertex 28.5069 63.8864 8
      vertex 28.7709 64.0505 8
    endloop
  endfacet
  facet normal -0.527915 0.849297 0
    outer loop
      vertex 28.5069 63.8864 8
      vertex 28.7709 64.0505 4.5
      vertex 28.5069 63.8864 4.5
    endloop
  endfacet
  facet normal -0.0328114 -0.999462 0
    outer loop
      vertex 26.1319 72.75 4.5
      vertex 26.4426 72.7398 8
      vertex 26.1319 72.75 8
    endloop
  endfacet
  facet normal -0.0328114 -0.999462 -0
    outer loop
      vertex 26.4426 72.7398 8
      vertex 26.1319 72.75 4.5
      vertex 26.4426 72.7398 4.5
    endloop
  endfacet
  facet normal 0.956954 -0.29024 0
    outer loop
      vertex 21.5438 69.2294 8
      vertex 21.634 69.5268 4.5
      vertex 21.634 69.5268 8
    endloop
  endfacet
  facet normal 0.956954 -0.29024 0
    outer loop
      vertex 21.634 69.5268 4.5
      vertex 21.5438 69.2294 8
      vertex 21.5438 69.2294 4.5
    endloop
  endfacet
  facet normal -0.935892 0.352287 0
    outer loop
      vertex 30.5204 66.1823 4.5
      vertex 30.6299 66.4732 8
      vertex 30.6299 66.4732 4.5
    endloop
  endfacet
  facet normal -0.935892 0.352287 0
    outer loop
      vertex 30.6299 66.4732 8
      vertex 30.5204 66.1823 4.5
      vertex 30.5204 66.1823 8
    endloop
  endfacet
  facet normal -0.973863 0.227138 0
    outer loop
      vertex 30.7201 66.7706 4.5
      vertex 30.7907 67.0733 8
      vertex 30.7907 67.0733 4.5
    endloop
  endfacet
  facet normal -0.973863 0.227138 0
    outer loop
      vertex 30.7907 67.0733 8
      vertex 30.7201 66.7706 4.5
      vertex 30.7201 66.7706 8
    endloop
  endfacet
  facet normal -0.163095 -0.98661 0
    outer loop
      vertex 26.7519 72.7094 4.5
      vertex 27.0586 72.6587 8
      vertex 26.7519 72.7094 8
    endloop
  endfacet
  facet normal -0.163095 -0.98661 -0
    outer loop
      vertex 27.0586 72.6587 8
      vertex 26.7519 72.7094 4.5
      vertex 27.0586 72.6587 4.5
    endloop
  endfacet
  facet normal 0.634376 0.773025 -0
    outer loop
      vertex 23.2403 64.2316 4.5
      vertex 23 64.4288 8
      vertex 23.2403 64.2316 8
    endloop
  endfacet
  facet normal 0.634376 0.773025 0
    outer loop
      vertex 23 64.4288 8
      vertex 23.2403 64.2316 4.5
      vertex 23 64.4288 4.5
    endloop
  endfacet
  facet normal -0.729888 0.683567 0
    outer loop
      vertex 29.4907 64.6412 4.5
      vertex 29.7032 64.8681 8
      vertex 29.7032 64.8681 4.5
    endloop
  endfacet
  facet normal -0.729888 0.683567 0
    outer loop
      vertex 29.7032 64.8681 8
      vertex 29.4907 64.6412 4.5
      vertex 29.4907 64.6412 8
    endloop
  endfacet
  facet normal -0.973863 -0.227138 0
    outer loop
      vertex 30.7907 68.9267 4.5
      vertex 30.7201 69.2294 8
      vertex 30.7201 69.2294 4.5
    endloop
  endfacet
  facet normal -0.973863 -0.227138 0
    outer loop
      vertex 30.7201 69.2294 8
      vertex 30.7907 68.9267 4.5
      vertex 30.7907 68.9267 8
    endloop
  endfacet
  facet normal 0.582515 0.81282 -0
    outer loop
      vertex 23.493 64.0505 4.5
      vertex 23.2403 64.2316 8
      vertex 23.493 64.0505 8
    endloop
  endfacet
  facet normal 0.582515 0.81282 0
    outer loop
      vertex 23.2403 64.2316 8
      vertex 23.493 64.0505 4.5
      vertex 23.2403 64.2316 4.5
    endloop
  endfacet
  facet normal 0.471239 -0.882005 0
    outer loop
      vertex 23.7569 72.1136 4.5
      vertex 24.0311 72.2601 8
      vertex 23.7569 72.1136 8
    endloop
  endfacet
  facet normal 0.471239 -0.882005 0
    outer loop
      vertex 24.0311 72.2601 8
      vertex 23.7569 72.1136 4.5
      vertex 24.0311 72.2601 4.5
    endloop
  endfacet
  facet normal -0.412785 -0.910829 0
    outer loop
      vertex 27.9497 72.3884 4.5
      vertex 28.2328 72.2601 8
      vertex 27.9497 72.3884 8
    endloop
  endfacet
  facet normal -0.412785 -0.910829 -0
    outer loop
      vertex 28.2328 72.2601 8
      vertex 27.9497 72.3884 4.5
      vertex 28.2328 72.2601 4.5
    endloop
  endfacet
  facet normal 0.163146 -0.986602 0
    outer loop
      vertex 25.2053 72.6587 4.5
      vertex 25.5119 72.7094 8
      vertex 25.2053 72.6587 8
    endloop
  endfacet
  facet normal 0.163146 -0.986602 0
    outer loop
      vertex 25.5119 72.7094 8
      vertex 25.2053 72.6587 4.5
      vertex 25.5119 72.7094 4.5
    endloop
  endfacet
  facet normal 0.163146 0.986602 -0
    outer loop
      vertex 25.5119 63.2906 4.5
      vertex 25.2053 63.3413 8
      vertex 25.5119 63.2906 8
    endloop
  endfacet
  facet normal 0.163146 0.986602 0
    outer loop
      vertex 25.2053 63.3413 8
      vertex 25.5119 63.2906 4.5
      vertex 25.2053 63.3413 4.5
    endloop
  endfacet
  facet normal 0.582515 -0.81282 0
    outer loop
      vertex 23.2403 71.7684 4.5
      vertex 23.493 71.9495 8
      vertex 23.2403 71.7684 8
    endloop
  endfacet
  facet normal 0.582515 -0.81282 0
    outer loop
      vertex 23.493 71.9495 8
      vertex 23.2403 71.7684 4.5
      vertex 23.493 71.9495 4.5
    endloop
  endfacet
  facet normal -0.683395 0.730049 0
    outer loop
      vertex 29.4907 64.6412 4.5
      vertex 29.2638 64.4288 8
      vertex 29.4907 64.6412 8
    endloop
  endfacet
  facet normal -0.683395 0.730049 0
    outer loop
      vertex 29.2638 64.4288 8
      vertex 29.4907 64.6412 4.5
      vertex 29.2638 64.4288 4.5
    endloop
  endfacet
  facet normal -0.0978151 -0.995205 0
    outer loop
      vertex 26.4426 72.7398 4.5
      vertex 26.7519 72.7094 8
      vertex 26.4426 72.7398 8
    endloop
  endfacet
  facet normal -0.0978151 -0.995205 -0
    outer loop
      vertex 26.7519 72.7094 8
      vertex 26.4426 72.7398 4.5
      vertex 26.7519 72.7094 4.5
    endloop
  endfacet
  facet normal 0.0977838 0.995208 -0
    outer loop
      vertex 25.8213 63.2602 4.5
      vertex 25.5119 63.2906 8
      vertex 25.8213 63.2602 8
    endloop
  endfacet
  facet normal 0.0977838 0.995208 0
    outer loop
      vertex 25.5119 63.2906 8
      vertex 25.8213 63.2602 4.5
      vertex 25.5119 63.2906 4.5
    endloop
  endfacet
  facet normal -0.226833 0.973934 0
    outer loop
      vertex 27.3613 63.4118 4.5
      vertex 27.0586 63.3413 8
      vertex 27.3613 63.4118 8
    endloop
  endfacet
  facet normal -0.226833 0.973934 0
    outer loop
      vertex 27.0586 63.3413 8
      vertex 27.3613 63.4118 4.5
      vertex 27.0586 63.3413 4.5
    endloop
  endfacet
  facet normal -0.290445 -0.956892 0
    outer loop
      vertex 27.3613 72.5882 4.5
      vertex 27.6588 72.4979 8
      vertex 27.3613 72.5882 8
    endloop
  endfacet
  facet normal -0.290445 -0.956892 -0
    outer loop
      vertex 27.6588 72.4979 8
      vertex 27.3613 72.5882 4.5
      vertex 27.6588 72.4979 4.5
    endloop
  endfacet
  facet normal 0.773025 -0.634376 0
    outer loop
      vertex 22.3635 70.8916 8
      vertex 22.5607 71.1319 4.5
      vertex 22.5607 71.1319 8
    endloop
  endfacet
  facet normal 0.773025 -0.634376 0
    outer loop
      vertex 22.5607 71.1319 4.5
      vertex 22.3635 70.8916 8
      vertex 22.3635 70.8916 4.5
    endloop
  endfacet
  facet normal 0.935892 -0.352287 0
    outer loop
      vertex 21.634 69.5268 8
      vertex 21.7435 69.8177 4.5
      vertex 21.7435 69.8177 8
    endloop
  endfacet
  facet normal 0.935892 -0.352287 0
    outer loop
      vertex 21.7435 69.8177 4.5
      vertex 21.634 69.5268 8
      vertex 21.634 69.5268 4.5
    endloop
  endfacet
  facet normal 0.290534 -0.956865 0
    outer loop
      vertex 24.6051 72.4979 4.5
      vertex 24.9025 72.5882 8
      vertex 24.6051 72.4979 8
    endloop
  endfacet
  facet normal 0.290534 -0.956865 0
    outer loop
      vertex 24.9025 72.5882 8
      vertex 24.6051 72.4979 4.5
      vertex 24.9025 72.5882 4.5
    endloop
  endfacet
  facet normal 0.683556 -0.729898 0
    outer loop
      vertex 22.7732 71.3588 4.5
      vertex 23 71.5712 8
      vertex 22.7732 71.3588 8
    endloop
  endfacet
  facet normal 0.683556 -0.729898 0
    outer loop
      vertex 23 71.5712 8
      vertex 22.7732 71.3588 4.5
      vertex 23 71.5712 4.5
    endloop
  endfacet
  facet normal 0.634376 -0.773025 0
    outer loop
      vertex 23 71.5712 4.5
      vertex 23.2403 71.7684 8
      vertex 23 71.5712 8
    endloop
  endfacet
  facet normal 0.634376 -0.773025 0
    outer loop
      vertex 23.2403 71.7684 8
      vertex 23 71.5712 4.5
      vertex 23.2403 71.7684 4.5
    endloop
  endfacet
  facet normal 0.52806 -0.849207 0
    outer loop
      vertex 23.493 71.9495 4.5
      vertex 23.7569 72.1136 8
      vertex 23.493 71.9495 8
    endloop
  endfacet
  facet normal 0.52806 -0.849207 0
    outer loop
      vertex 23.7569 72.1136 8
      vertex 23.493 71.9495 4.5
      vertex 23.7569 72.1136 4.5
    endloop
  endfacet
  facet normal -0.995183 -0.0980371 0
    outer loop
      vertex 46.618 68.4251 0
      vertex 46.5763 68.8484 8
      vertex 46.5763 68.8484 0
    endloop
  endfacet
  facet normal -0.995183 -0.0980371 0
    outer loop
      vertex 46.5763 68.8484 8
      vertex 46.618 68.4251 0
      vertex 46.618 68.4251 8
    endloop
  endfacet
  facet normal -0.999466 -0.0326807 0
    outer loop
      vertex 46.6319 68 0
      vertex 46.618 68.4251 8
      vertex 46.618 68.4251 0
    endloop
  endfacet
  facet normal -0.999466 -0.0326807 0
    outer loop
      vertex 46.618 68.4251 8
      vertex 46.6319 68 0
      vertex 46.6319 68 8
    endloop
  endfacet
  facet normal -0.935903 -0.352257 0
    outer loop
      vertex 46.287 70.0894 0
      vertex 46.1372 70.4874 8
      vertex 46.1372 70.4874 0
    endloop
  endfacet
  facet normal -0.935903 -0.352257 0
    outer loop
      vertex 46.1372 70.4874 8
      vertex 46.287 70.0894 0
      vertex 46.287 70.0894 8
    endloop
  endfacet
  facet normal -0.290366 0.956916 0
    outer loop
      vertex 42.2213 61.845 0
      vertex 41.8143 61.7215 8
      vertex 42.2213 61.845 8
    endloop
  endfacet
  facet normal -0.290366 0.956916 0
    outer loop
      vertex 41.8143 61.7215 8
      vertex 42.2213 61.845 0
      vertex 41.8143 61.7215 0
    endloop
  endfacet
  facet normal 0.35218 -0.935932 0
    outer loop
      vertex 37.6445 74.0052 0
      vertex 38.0426 74.155 8
      vertex 37.6445 74.0052 8
    endloop
  endfacet
  facet normal 0.35218 -0.935932 0
    outer loop
      vertex 38.0426 74.155 8
      vertex 37.6445 74.0052 0
      vertex 38.0426 74.155 0
    endloop
  endfacet
  facet normal -0.528053 0.849211 0
    outer loop
      vertex 43.7431 62.5954 0
      vertex 43.3819 62.3708 8
      vertex 43.7431 62.5954 8
    endloop
  endfacet
  facet normal -0.528053 0.849211 0
    outer loop
      vertex 43.3819 62.3708 8
      vertex 43.7431 62.5954 0
      vertex 43.3819 62.3708 0
    endloop
  endfacet
  facet normal -0.032673 -0.999466 0
    outer loop
      vertex 40.1319 74.5 0
      vertex 40.5571 74.4861 8
      vertex 40.1319 74.5 8
    endloop
  endfacet
  facet normal -0.032673 -0.999466 -0
    outer loop
      vertex 40.5571 74.4861 8
      vertex 40.1319 74.5 0
      vertex 40.5571 74.4861 0
    endloop
  endfacet
  facet normal -0.683691 0.729772 0
    outer loop
      vertex 44.7281 63.4038 0
      vertex 44.4177 63.113 8
      vertex 44.7281 63.4038 8
    endloop
  endfacet
  facet normal -0.683691 0.729772 0
    outer loop
      vertex 44.4177 63.113 8
      vertex 44.7281 63.4038 0
      vertex 44.4177 63.113 0
    endloop
  endfacet
  facet normal 0.412651 -0.910889 0
    outer loop
      vertex 37.2571 73.8297 0
      vertex 37.6445 74.0052 8
      vertex 37.2571 73.8297 8
    endloop
  endfacet
  facet normal 0.412651 -0.910889 0
    outer loop
      vertex 37.6445 74.0052 8
      vertex 37.2571 73.8297 0
      vertex 37.6445 74.0052 0
    endloop
  endfacet
  facet normal -0.999466 0.0326807 0
    outer loop
      vertex 46.618 67.5749 0
      vertex 46.6319 68 8
      vertex 46.6319 68 0
    endloop
  endfacet
  facet normal -0.999466 0.0326807 0
    outer loop
      vertex 46.6319 68 8
      vertex 46.618 67.5749 0
      vertex 46.618 67.5749 8
    endloop
  endfacet
  facet normal -0.412651 0.910889 0
    outer loop
      vertex 43.0068 62.1703 0
      vertex 42.6194 61.9948 8
      vertex 43.0068 62.1703 8
    endloop
  endfacet
  facet normal -0.412651 0.910889 0
    outer loop
      vertex 42.6194 61.9948 8
      vertex 43.0068 62.1703 0
      vertex 42.6194 61.9948 0
    endloop
  endfacet
  facet normal -0.812763 -0.582594 0
    outer loop
      vertex 45.5365 71.6112 0
      vertex 45.2887 71.9569 8
      vertex 45.2887 71.9569 0
    endloop
  endfacet
  facet normal -0.812763 -0.582594 0
    outer loop
      vertex 45.2887 71.9569 8
      vertex 45.5365 71.6112 0
      vertex 45.5365 71.6112 8
    endloop
  endfacet
  facet normal -0.881917 -0.471406 0
    outer loop
      vertex 45.9616 70.8749 0
      vertex 45.7611 71.25 8
      vertex 45.7611 71.25 0
    endloop
  endfacet
  facet normal -0.881917 -0.471406 0
    outer loop
      vertex 45.7611 71.25 8
      vertex 45.9616 70.8749 0
      vertex 45.9616 70.8749 8
    endloop
  endfacet
  facet normal 0.0326807 -0.999466 0
    outer loop
      vertex 39.7068 74.4861 0
      vertex 40.1319 74.5 8
      vertex 39.7068 74.4861 8
    endloop
  endfacet
  facet normal 0.0326807 -0.999466 0
    outer loop
      vertex 40.1319 74.5 8
      vertex 39.7068 74.4861 0
      vertex 40.1319 74.5 0
    endloop
  endfacet
  facet normal 0.973865 -0.227126 0
    outer loop
      vertex 33.7568 69.2681 8
      vertex 33.8534 69.6823 0
      vertex 33.8534 69.6823 8
    endloop
  endfacet
  facet normal 0.973865 -0.227126 0
    outer loop
      vertex 33.8534 69.6823 0
      vertex 33.7568 69.2681 8
      vertex 33.7568 69.2681 0
    endloop
  endfacet
  facet normal 0.528053 -0.849211 0
    outer loop
      vertex 36.5207 73.4046 0
      vertex 36.8819 73.6292 8
      vertex 36.5207 73.4046 8
    endloop
  endfacet
  facet normal 0.528053 -0.849211 0
    outer loop
      vertex 36.8819 73.6292 8
      vertex 36.5207 73.4046 0
      vertex 36.8819 73.6292 0
    endloop
  endfacet
  facet normal 0.986641 -0.162912 0
    outer loop
      vertex 33.6875 68.8484 8
      vertex 33.7568 69.2681 0
      vertex 33.7568 69.2681 8
    endloop
  endfacet
  facet normal 0.986641 -0.162912 0
    outer loop
      vertex 33.7568 69.2681 0
      vertex 33.6875 68.8484 8
      vertex 33.6875 68.8484 0
    endloop
  endfacet
  facet normal 0.634338 -0.773056 0
    outer loop
      vertex 35.8462 72.887 0
      vertex 36.175 73.1568 8
      vertex 35.8462 72.887 8
    endloop
  endfacet
  facet normal 0.634338 -0.773056 0
    outer loop
      vertex 36.175 73.1568 8
      vertex 35.8462 72.887 0
      vertex 36.175 73.1568 0
    endloop
  endfacet
  facet normal -0.35218 -0.935932 0
    outer loop
      vertex 42.2213 74.155 0
      vertex 42.6194 74.0052 8
      vertex 42.2213 74.155 8
    endloop
  endfacet
  facet normal -0.35218 -0.935932 -0
    outer loop
      vertex 42.6194 74.0052 8
      vertex 42.2213 74.155 0
      vertex 42.6194 74.0052 0
    endloop
  endfacet
  facet normal -0.582483 -0.812843 0
    outer loop
      vertex 43.7431 73.4046 0
      vertex 44.0889 73.1568 8
      vertex 43.7431 73.4046 8
    endloop
  endfacet
  facet normal -0.582483 -0.812843 -0
    outer loop
      vertex 44.0889 73.1568 8
      vertex 43.7431 73.4046 0
      vertex 44.0889 73.1568 0
    endloop
  endfacet
  facet normal 0.910841 0.412758 0
    outer loop
      vertex 34.3023 65.1251 8
      vertex 34.1267 65.5126 0
      vertex 34.1267 65.5126 8
    endloop
  endfacet
  facet normal 0.910841 0.412758 0
    outer loop
      vertex 34.1267 65.5126 0
      vertex 34.3023 65.1251 8
      vertex 34.3023 65.1251 0
    endloop
  endfacet
  facet normal -0.471406 0.881917 0
    outer loop
      vertex 43.3819 62.3708 0
      vertex 43.0068 62.1703 8
      vertex 43.3819 62.3708 8
    endloop
  endfacet
  facet normal -0.471406 0.881917 0
    outer loop
      vertex 43.0068 62.1703 8
      vertex 43.3819 62.3708 0
      vertex 43.0068 62.1703 0
    endloop
  endfacet
  facet normal -0.973917 -0.226903 0
    outer loop
      vertex 46.507 69.2681 0
      vertex 46.4105 69.6823 8
      vertex 46.4105 69.6823 0
    endloop
  endfacet
  facet normal -0.973917 -0.226903 0
    outer loop
      vertex 46.4105 69.6823 8
      vertex 46.507 69.2681 0
      vertex 46.507 69.2681 8
    endloop
  endfacet
  facet normal -0.773056 0.634338 0
    outer loop
      vertex 45.0189 63.7143 0
      vertex 45.2887 64.0431 8
      vertex 45.2887 64.0431 0
    endloop
  endfacet
  facet normal -0.773056 0.634338 0
    outer loop
      vertex 45.2887 64.0431 8
      vertex 45.0189 63.7143 0
      vertex 45.0189 63.7143 8
    endloop
  endfacet
  facet normal -0.412651 -0.910889 0
    outer loop
      vertex 42.6194 74.0052 0
      vertex 43.0068 73.8297 8
      vertex 42.6194 74.0052 8
    endloop
  endfacet
  facet normal -0.412651 -0.910889 -0
    outer loop
      vertex 43.0068 73.8297 8
      vertex 42.6194 74.0052 0
      vertex 43.0068 73.8297 0
    endloop
  endfacet
  facet normal 0.683574 0.729882 -0
    outer loop
      vertex 35.8462 63.113 0
      vertex 35.5357 63.4038 8
      vertex 35.8462 63.113 8
    endloop
  endfacet
  facet normal 0.683574 0.729882 0
    outer loop
      vertex 35.5357 63.4038 8
      vertex 35.8462 63.113 0
      vertex 35.5357 63.4038 0
    endloop
  endfacet
  facet normal 0.956935 -0.290301 0
    outer loop
      vertex 33.8534 69.6823 8
      vertex 33.9769 70.0894 0
      vertex 33.9769 70.0894 8
    endloop
  endfacet
  facet normal 0.956935 -0.290301 0
    outer loop
      vertex 33.9769 70.0894 0
      vertex 33.8534 69.6823 8
      vertex 33.8534 69.6823 0
    endloop
  endfacet
  facet normal -0.634338 0.773056 0
    outer loop
      vertex 44.4177 63.113 0
      vertex 44.0889 62.8432 8
      vertex 44.4177 63.113 8
    endloop
  endfacet
  facet normal -0.634338 0.773056 0
    outer loop
      vertex 44.0889 62.8432 8
      vertex 44.4177 63.113 0
      vertex 44.0889 62.8432 0
    endloop
  endfacet
  facet normal -0.683691 -0.729772 0
    outer loop
      vertex 44.4177 72.887 0
      vertex 44.7281 72.5962 8
      vertex 44.4177 72.887 8
    endloop
  endfacet
  facet normal -0.683691 -0.729772 -0
    outer loop
      vertex 44.7281 72.5962 8
      vertex 44.4177 72.887 0
      vertex 44.7281 72.5962 0
    endloop
  endfacet
  facet normal 0.227074 0.973878 -0
    outer loop
      vertex 38.8639 61.6249 0
      vertex 38.4496 61.7215 8
      vertex 38.8639 61.6249 8
    endloop
  endfacet
  facet normal 0.227074 0.973878 0
    outer loop
      vertex 38.4496 61.7215 8
      vertex 38.8639 61.6249 0
      vertex 38.4496 61.7215 0
    endloop
  endfacet
  facet normal -0.910841 -0.412758 0
    outer loop
      vertex 46.1372 70.4874 0
      vertex 45.9616 70.8749 8
      vertex 45.9616 70.8749 0
    endloop
  endfacet
  facet normal -0.910841 -0.412758 0
    outer loop
      vertex 45.9616 70.8749 8
      vertex 46.1372 70.4874 0
      vertex 46.1372 70.4874 8
    endloop
  endfacet
  facet normal 0.16295 -0.986634 0
    outer loop
      vertex 38.8639 74.3751 0
      vertex 39.2835 74.4444 8
      vertex 38.8639 74.3751 8
    endloop
  endfacet
  facet normal 0.16295 -0.986634 0
    outer loop
      vertex 39.2835 74.4444 8
      vertex 38.8639 74.3751 0
      vertex 39.2835 74.4444 0
    endloop
  endfacet
  facet normal -0.956935 0.290301 0
    outer loop
      vertex 46.287 65.9106 0
      vertex 46.4105 66.3177 8
      vertex 46.4105 66.3177 0
    endloop
  endfacet
  facet normal -0.956935 0.290301 0
    outer loop
      vertex 46.4105 66.3177 8
      vertex 46.287 65.9106 0
      vertex 46.287 65.9106 8
    endloop
  endfacet
  facet normal -0.582483 0.812843 0
    outer loop
      vertex 44.0889 62.8432 0
      vertex 43.7431 62.5954 8
      vertex 44.0889 62.8432 8
    endloop
  endfacet
  facet normal -0.582483 0.812843 0
    outer loop
      vertex 43.7431 62.5954 8
      vertex 44.0889 62.8432 0
      vertex 43.7431 62.5954 0
    endloop
  endfacet
  facet normal -0.471406 -0.881917 0
    outer loop
      vertex 43.0068 73.8297 0
      vertex 43.3819 73.6292 8
      vertex 43.0068 73.8297 8
    endloop
  endfacet
  facet normal -0.471406 -0.881917 -0
    outer loop
      vertex 43.3819 73.6292 8
      vertex 43.0068 73.8297 0
      vertex 43.3819 73.6292 0
    endloop
  endfacet
  facet normal 0.683574 -0.729882 0
    outer loop
      vertex 35.5357 72.5962 0
      vertex 35.8462 72.887 8
      vertex 35.5357 72.5962 8
    endloop
  endfacet
  facet normal 0.683574 -0.729882 0
    outer loop
      vertex 35.8462 72.887 8
      vertex 35.5357 72.5962 0
      vertex 35.8462 72.887 0
    endloop
  endfacet
  facet normal 0.935903 0.352257 0
    outer loop
      vertex 34.1267 65.5126 8
      vertex 33.9769 65.9106 0
      vertex 33.9769 65.9106 8
    endloop
  endfacet
  facet normal 0.935903 0.352257 0
    outer loop
      vertex 33.9769 65.9106 0
      vertex 34.1267 65.5126 8
      vertex 34.1267 65.5126 0
    endloop
  endfacet
  facet normal -0.0980371 0.995183 0
    outer loop
      vertex 40.9804 61.5556 0
      vertex 40.5571 61.5139 8
      vertex 40.9804 61.5556 8
    endloop
  endfacet
  facet normal -0.0980371 0.995183 0
    outer loop
      vertex 40.5571 61.5139 8
      vertex 40.9804 61.5556 0
      vertex 40.5571 61.5139 0
    endloop
  endfacet
  facet normal -0.849211 0.528053 0
    outer loop
      vertex 45.5365 64.3888 0
      vertex 45.7611 64.75 8
      vertex 45.7611 64.75 0
    endloop
  endfacet
  facet normal -0.849211 0.528053 0
    outer loop
      vertex 45.7611 64.75 8
      vertex 45.5365 64.3888 0
      vertex 45.5365 64.3888 8
    endloop
  endfacet
  facet normal -0.16295 -0.986634 0
    outer loop
      vertex 40.9804 74.4444 0
      vertex 41.4 74.3751 8
      vertex 40.9804 74.4444 8
    endloop
  endfacet
  facet normal -0.16295 -0.986634 -0
    outer loop
      vertex 41.4 74.3751 8
      vertex 40.9804 74.4444 0
      vertex 41.4 74.3751 0
    endloop
  endfacet
  facet normal -0.032673 0.999466 0
    outer loop
      vertex 40.5571 61.5139 0
      vertex 40.1319 61.5 8
      vertex 40.5571 61.5139 8
    endloop
  endfacet
  facet normal -0.032673 0.999466 0
    outer loop
      vertex 40.1319 61.5 8
      vertex 40.5571 61.5139 0
      vertex 40.1319 61.5 0
    endloop
  endfacet
  facet normal -0.634338 -0.773056 0
    outer loop
      vertex 44.0889 73.1568 0
      vertex 44.4177 72.887 8
      vertex 44.0889 73.1568 8
    endloop
  endfacet
  facet normal -0.634338 -0.773056 -0
    outer loop
      vertex 44.4177 72.887 8
      vertex 44.0889 73.1568 0
      vertex 44.4177 72.887 0
    endloop
  endfacet
  facet normal -0.995183 0.0980371 0
    outer loop
      vertex 46.5763 67.1516 0
      vertex 46.618 67.5749 8
      vertex 46.618 67.5749 0
    endloop
  endfacet
  facet normal -0.995183 0.0980371 0
    outer loop
      vertex 46.618 67.5749 8
      vertex 46.5763 67.1516 0
      vertex 46.5763 67.1516 8
    endloop
  endfacet
  facet normal -0.956935 -0.290301 0
    outer loop
      vertex 46.4105 69.6823 0
      vertex 46.287 70.0894 8
      vertex 46.287 70.0894 0
    endloop
  endfacet
  facet normal -0.956935 -0.290301 0
    outer loop
      vertex 46.287 70.0894 8
      vertex 46.4105 69.6823 0
      vertex 46.4105 69.6823 8
    endloop
  endfacet
  facet normal 0.910841 -0.412758 0
    outer loop
      vertex 34.1267 70.4874 8
      vertex 34.3023 70.8749 0
      vertex 34.3023 70.8749 8
    endloop
  endfacet
  facet normal 0.910841 -0.412758 0
    outer loop
      vertex 34.3023 70.8749 0
      vertex 34.1267 70.4874 8
      vertex 34.1267 70.4874 0
    endloop
  endfacet
  facet normal -0.812763 0.582594 0
    outer loop
      vertex 45.2887 64.0431 0
      vertex 45.5365 64.3888 8
      vertex 45.5365 64.3888 0
    endloop
  endfacet
  facet normal -0.812763 0.582594 0
    outer loop
      vertex 45.5365 64.3888 8
      vertex 45.2887 64.0431 0
      vertex 45.2887 64.0431 8
    endloop
  endfacet
  facet normal -0.729882 0.683574 0
    outer loop
      vertex 44.7281 63.4038 0
      vertex 45.0189 63.7143 8
      vertex 45.0189 63.7143 0
    endloop
  endfacet
  facet normal -0.729882 0.683574 0
    outer loop
      vertex 45.0189 63.7143 8
      vertex 44.7281 63.4038 0
      vertex 44.7281 63.4038 8
    endloop
  endfacet
  facet normal -0.729772 -0.683691 0
    outer loop
      vertex 45.0189 72.2858 0
      vertex 44.7281 72.5962 8
      vertex 44.7281 72.5962 0
    endloop
  endfacet
  facet normal -0.729772 -0.683691 0
    outer loop
      vertex 44.7281 72.5962 8
      vertex 45.0189 72.2858 0
      vertex 45.0189 72.2858 8
    endloop
  endfacet
  facet normal 0.881917 -0.471406 0
    outer loop
      vertex 34.3023 70.8749 8
      vertex 34.5028 71.25 0
      vertex 34.5028 71.25 8
    endloop
  endfacet
  facet normal 0.881917 -0.471406 0
    outer loop
      vertex 34.5028 71.25 0
      vertex 34.3023 70.8749 8
      vertex 34.3023 70.8749 0
    endloop
  endfacet
  facet normal 0.77294 0.634479 0
    outer loop
      vertex 35.245 63.7143 8
      vertex 34.9751 64.0431 0
      vertex 34.9751 64.0431 8
    endloop
  endfacet
  facet normal 0.77294 0.634479 0
    outer loop
      vertex 34.9751 64.0431 0
      vertex 35.245 63.7143 8
      vertex 35.245 63.7143 0
    endloop
  endfacet
  facet normal 0.0980371 -0.995183 0
    outer loop
      vertex 39.2835 74.4444 0
      vertex 39.7068 74.4861 8
      vertex 39.2835 74.4444 8
    endloop
  endfacet
  facet normal 0.0980371 -0.995183 0
    outer loop
      vertex 39.7068 74.4861 8
      vertex 39.2835 74.4444 0
      vertex 39.7068 74.4861 0
    endloop
  endfacet
  facet normal 0.995206 0.0978043 0
    outer loop
      vertex 33.6875 67.1516 8
      vertex 33.6459 67.5749 0
      vertex 33.6459 67.5749 8
    endloop
  endfacet
  facet normal 0.995206 0.0978043 0
    outer loop
      vertex 33.6459 67.5749 0
      vertex 33.6875 67.1516 8
      vertex 33.6875 67.1516 0
    endloop
  endfacet
  facet normal 0.773035 -0.634363 0
    outer loop
      vertex 34.9751 71.9569 8
      vertex 35.245 72.2858 0
      vertex 35.245 72.2858 8
    endloop
  endfacet
  facet normal 0.773035 -0.634363 0
    outer loop
      vertex 35.245 72.2858 0
      vertex 34.9751 71.9569 8
      vertex 34.9751 71.9569 0
    endloop
  endfacet
  facet normal 0.973865 0.227126 0
    outer loop
      vertex 33.8534 66.3177 8
      vertex 33.7568 66.7319 0
      vertex 33.7568 66.7319 8
    endloop
  endfacet
  facet normal 0.973865 0.227126 0
    outer loop
      vertex 33.7568 66.7319 0
      vertex 33.8534 66.3177 8
      vertex 33.8534 66.3177 0
    endloop
  endfacet
  facet normal 0.582594 -0.812763 0
    outer loop
      vertex 36.175 73.1568 0
      vertex 36.5207 73.4046 8
      vertex 36.175 73.1568 8
    endloop
  endfacet
  facet normal 0.582594 -0.812763 0
    outer loop
      vertex 36.5207 73.4046 8
      vertex 36.175 73.1568 0
      vertex 36.5207 73.4046 0
    endloop
  endfacet
  facet normal -0.35218 0.935932 0
    outer loop
      vertex 42.6194 61.9948 0
      vertex 42.2213 61.845 8
      vertex 42.6194 61.9948 8
    endloop
  endfacet
  facet normal -0.35218 0.935932 0
    outer loop
      vertex 42.2213 61.845 8
      vertex 42.6194 61.9948 0
      vertex 42.2213 61.845 0
    endloop
  endfacet
  facet normal -0.528053 -0.849211 0
    outer loop
      vertex 43.3819 73.6292 0
      vertex 43.7431 73.4046 8
      vertex 43.3819 73.6292 8
    endloop
  endfacet
  facet normal -0.528053 -0.849211 -0
    outer loop
      vertex 43.7431 73.4046 8
      vertex 43.3819 73.6292 0
      vertex 43.7431 73.4046 0
    endloop
  endfacet
  facet normal -0.849211 -0.528053 0
    outer loop
      vertex 45.7611 71.25 0
      vertex 45.5365 71.6112 8
      vertex 45.5365 71.6112 0
    endloop
  endfacet
  facet normal -0.849211 -0.528053 0
    outer loop
      vertex 45.5365 71.6112 8
      vertex 45.7611 71.25 0
      vertex 45.7611 71.25 8
    endloop
  endfacet
  facet normal -0.973917 0.226903 0
    outer loop
      vertex 46.4105 66.3177 0
      vertex 46.507 66.7319 8
      vertex 46.507 66.7319 0
    endloop
  endfacet
  facet normal -0.973917 0.226903 0
    outer loop
      vertex 46.507 66.7319 8
      vertex 46.4105 66.3177 0
      vertex 46.4105 66.3177 8
    endloop
  endfacet
  facet normal -0.881917 0.471406 0
    outer loop
      vertex 45.7611 64.75 0
      vertex 45.9616 65.1251 8
      vertex 45.9616 65.1251 0
    endloop
  endfacet
  facet normal -0.881917 0.471406 0
    outer loop
      vertex 45.9616 65.1251 8
      vertex 45.7611 64.75 0
      vertex 45.7611 64.75 8
    endloop
  endfacet
  facet normal -0.227074 0.973878 0
    outer loop
      vertex 41.8143 61.7215 0
      vertex 41.4 61.6249 8
      vertex 41.8143 61.7215 8
    endloop
  endfacet
  facet normal -0.227074 0.973878 0
    outer loop
      vertex 41.4 61.6249 8
      vertex 41.8143 61.7215 0
      vertex 41.4 61.6249 0
    endloop
  endfacet
  facet normal 0.471308 -0.881969 0
    outer loop
      vertex 36.8819 73.6292 0
      vertex 37.2571 73.8297 8
      vertex 36.8819 73.6292 8
    endloop
  endfacet
  facet normal 0.471308 -0.881969 0
    outer loop
      vertex 37.2571 73.8297 8
      vertex 36.8819 73.6292 0
      vertex 37.2571 73.8297 0
    endloop
  endfacet
  facet normal 0.729889 -0.683566 0
    outer loop
      vertex 35.245 72.2858 8
      vertex 35.5357 72.5962 0
      vertex 35.5357 72.5962 8
    endloop
  endfacet
  facet normal 0.729889 -0.683566 0
    outer loop
      vertex 35.5357 72.5962 0
      vertex 35.245 72.2858 8
      vertex 35.245 72.2858 0
    endloop
  endfacet
  facet normal -0.77315 -0.634223 0
    outer loop
      vertex 45.2887 71.9569 0
      vertex 45.0189 72.2858 8
      vertex 45.0189 72.2858 0
    endloop
  endfacet
  facet normal -0.77315 -0.634223 0
    outer loop
      vertex 45.0189 72.2858 8
      vertex 45.2887 71.9569 0
      vertex 45.2887 71.9569 8
    endloop
  endfacet
  facet normal 0.956935 0.290301 0
    outer loop
      vertex 33.9769 65.9106 8
      vertex 33.8534 66.3177 0
      vertex 33.8534 66.3177 8
    endloop
  endfacet
  facet normal 0.956935 0.290301 0
    outer loop
      vertex 33.8534 66.3177 0
      vertex 33.9769 65.9106 8
      vertex 33.9769 65.9106 0
    endloop
  endfacet
  facet normal 0.935903 -0.352257 0
    outer loop
      vertex 33.9769 70.0894 8
      vertex 34.1267 70.4874 0
      vertex 34.1267 70.4874 8
    endloop
  endfacet
  facet normal 0.935903 -0.352257 0
    outer loop
      vertex 34.1267 70.4874 0
      vertex 33.9769 70.0894 8
      vertex 33.9769 70.0894 0
    endloop
  endfacet
  facet normal -0.986641 -0.162912 0
    outer loop
      vertex 46.5763 68.8484 0
      vertex 46.507 69.2681 8
      vertex 46.507 69.2681 0
    endloop
  endfacet
  facet normal -0.986641 -0.162912 0
    outer loop
      vertex 46.507 69.2681 8
      vertex 46.5763 68.8484 0
      vertex 46.5763 68.8484 8
    endloop
  endfacet
  facet normal 0.986641 0.162912 0
    outer loop
      vertex 33.7568 66.7319 8
      vertex 33.6875 67.1516 0
      vertex 33.6875 67.1516 8
    endloop
  endfacet
  facet normal 0.986641 0.162912 0
    outer loop
      vertex 33.6875 67.1516 0
      vertex 33.7568 66.7319 8
      vertex 33.7568 66.7319 0
    endloop
  endfacet
  facet normal 0.227074 -0.973878 0
    outer loop
      vertex 38.4496 74.2785 0
      vertex 38.8639 74.3751 8
      vertex 38.4496 74.2785 8
    endloop
  endfacet
  facet normal 0.227074 -0.973878 0
    outer loop
      vertex 38.8639 74.3751 8
      vertex 38.4496 74.2785 0
      vertex 38.8639 74.3751 0
    endloop
  endfacet
  facet normal 0.849211 0.528053 0
    outer loop
      vertex 34.7274 64.3888 8
      vertex 34.5028 64.75 0
      vertex 34.5028 64.75 8
    endloop
  endfacet
  facet normal 0.849211 0.528053 0
    outer loop
      vertex 34.5028 64.75 0
      vertex 34.7274 64.3888 8
      vertex 34.7274 64.3888 0
    endloop
  endfacet
  facet normal 0.881917 0.471406 0
    outer loop
      vertex 34.5028 64.75 8
      vertex 34.3023 65.1251 0
      vertex 34.3023 65.1251 8
    endloop
  endfacet
  facet normal 0.881917 0.471406 0
    outer loop
      vertex 34.3023 65.1251 0
      vertex 34.5028 64.75 8
      vertex 34.5028 64.75 0
    endloop
  endfacet
  facet normal -0.16295 0.986634 0
    outer loop
      vertex 41.4 61.6249 0
      vertex 40.9804 61.5556 8
      vertex 41.4 61.6249 8
    endloop
  endfacet
  facet normal -0.16295 0.986634 0
    outer loop
      vertex 40.9804 61.5556 8
      vertex 41.4 61.6249 0
      vertex 40.9804 61.5556 0
    endloop
  endfacet
  facet normal 0.999458 0.0329156 0
    outer loop
      vertex 33.6459 67.5749 8
      vertex 33.6319 68 0
      vertex 33.6319 68 8
    endloop
  endfacet
  facet normal 0.999458 0.0329156 0
    outer loop
      vertex 33.6319 68 0
      vertex 33.6459 67.5749 8
      vertex 33.6459 67.5749 0
    endloop
  endfacet
  facet normal 0.412651 0.910889 -0
    outer loop
      vertex 37.6445 61.9948 0
      vertex 37.2571 62.1703 8
      vertex 37.6445 61.9948 8
    endloop
  endfacet
  facet normal 0.412651 0.910889 0
    outer loop
      vertex 37.2571 62.1703 8
      vertex 37.6445 61.9948 0
      vertex 37.2571 62.1703 0
    endloop
  endfacet
  facet normal 0.290366 0.956916 -0
    outer loop
      vertex 38.4496 61.7215 0
      vertex 38.0426 61.845 8
      vertex 38.4496 61.7215 8
    endloop
  endfacet
  facet normal 0.290366 0.956916 0
    outer loop
      vertex 38.0426 61.845 8
      vertex 38.4496 61.7215 0
      vertex 38.0426 61.845 0
    endloop
  endfacet
  facet normal 0.729999 0.683448 0
    outer loop
      vertex 35.5357 63.4038 8
      vertex 35.245 63.7143 0
      vertex 35.245 63.7143 8
    endloop
  endfacet
  facet normal 0.729999 0.683448 0
    outer loop
      vertex 35.245 63.7143 0
      vertex 35.5357 63.4038 8
      vertex 35.5357 63.4038 0
    endloop
  endfacet
  facet normal 0.634338 0.773056 -0
    outer loop
      vertex 36.175 62.8432 0
      vertex 35.8462 63.113 8
      vertex 36.175 62.8432 8
    endloop
  endfacet
  facet normal 0.634338 0.773056 0
    outer loop
      vertex 35.8462 63.113 8
      vertex 36.175 62.8432 0
      vertex 35.8462 63.113 0
    endloop
  endfacet
  facet normal 0.290366 -0.956916 0
    outer loop
      vertex 38.0426 74.155 0
      vertex 38.4496 74.2785 8
      vertex 38.0426 74.155 8
    endloop
  endfacet
  facet normal 0.290366 -0.956916 0
    outer loop
      vertex 38.4496 74.2785 8
      vertex 38.0426 74.155 0
      vertex 38.4496 74.2785 0
    endloop
  endfacet
  facet normal -0.290366 -0.956916 0
    outer loop
      vertex 41.8143 74.2785 0
      vertex 42.2213 74.155 8
      vertex 41.8143 74.2785 8
    endloop
  endfacet
  facet normal -0.290366 -0.956916 -0
    outer loop
      vertex 42.2213 74.155 8
      vertex 41.8143 74.2785 0
      vertex 42.2213 74.155 0
    endloop
  endfacet
  facet normal 0.528053 0.849211 -0
    outer loop
      vertex 36.8819 62.3708 0
      vertex 36.5207 62.5954 8
      vertex 36.8819 62.3708 8
    endloop
  endfacet
  facet normal 0.528053 0.849211 0
    outer loop
      vertex 36.5207 62.5954 8
      vertex 36.8819 62.3708 0
      vertex 36.5207 62.5954 0
    endloop
  endfacet
  facet normal -0.0980371 -0.995183 0
    outer loop
      vertex 40.5571 74.4861 0
      vertex 40.9804 74.4444 8
      vertex 40.5571 74.4861 8
    endloop
  endfacet
  facet normal -0.0980371 -0.995183 -0
    outer loop
      vertex 40.9804 74.4444 8
      vertex 40.5571 74.4861 0
      vertex 40.9804 74.4444 0
    endloop
  endfacet
  facet normal 0.849211 -0.528053 0
    outer loop
      vertex 34.5028 71.25 8
      vertex 34.7274 71.6112 0
      vertex 34.7274 71.6112 8
    endloop
  endfacet
  facet normal 0.849211 -0.528053 0
    outer loop
      vertex 34.7274 71.6112 0
      vertex 34.5028 71.25 8
      vertex 34.5028 71.25 0
    endloop
  endfacet
  facet normal -0.986641 0.162912 0
    outer loop
      vertex 46.507 66.7319 0
      vertex 46.5763 67.1516 8
      vertex 46.5763 67.1516 0
    endloop
  endfacet
  facet normal -0.986641 0.162912 0
    outer loop
      vertex 46.5763 67.1516 8
      vertex 46.507 66.7319 0
      vertex 46.507 66.7319 8
    endloop
  endfacet
  facet normal 0.16295 0.986634 -0
    outer loop
      vertex 39.2835 61.5556 0
      vertex 38.8639 61.6249 8
      vertex 39.2835 61.5556 8
    endloop
  endfacet
  facet normal 0.16295 0.986634 0
    outer loop
      vertex 38.8639 61.6249 8
      vertex 39.2835 61.5556 0
      vertex 38.8639 61.6249 0
    endloop
  endfacet
  facet normal 0.812875 -0.582439 0
    outer loop
      vertex 34.7274 71.6112 8
      vertex 34.9751 71.9569 0
      vertex 34.9751 71.9569 8
    endloop
  endfacet
  facet normal 0.812875 -0.582439 0
    outer loop
      vertex 34.9751 71.9569 0
      vertex 34.7274 71.6112 8
      vertex 34.7274 71.6112 0
    endloop
  endfacet
  facet normal -0.227074 -0.973878 0
    outer loop
      vertex 41.4 74.3751 0
      vertex 41.8143 74.2785 8
      vertex 41.4 74.3751 8
    endloop
  endfacet
  facet normal -0.227074 -0.973878 -0
    outer loop
      vertex 41.8143 74.2785 8
      vertex 41.4 74.3751 0
      vertex 41.8143 74.2785 0
    endloop
  endfacet
  facet normal 0.0326807 0.999466 -0
    outer loop
      vertex 40.1319 61.5 0
      vertex 39.7068 61.5139 8
      vertex 40.1319 61.5 8
    endloop
  endfacet
  facet normal 0.0326807 0.999466 0
    outer loop
      vertex 39.7068 61.5139 8
      vertex 40.1319 61.5 0
      vertex 39.7068 61.5139 0
    endloop
  endfacet
  facet normal 0.0980371 0.995183 -0
    outer loop
      vertex 39.7068 61.5139 0
      vertex 39.2835 61.5556 8
      vertex 39.7068 61.5139 8
    endloop
  endfacet
  facet normal 0.0980371 0.995183 0
    outer loop
      vertex 39.2835 61.5556 8
      vertex 39.7068 61.5139 0
      vertex 39.2835 61.5556 0
    endloop
  endfacet
  facet normal 0.812875 0.582439 0
    outer loop
      vertex 34.9751 64.0431 8
      vertex 34.7274 64.3888 0
      vertex 34.7274 64.3888 8
    endloop
  endfacet
  facet normal 0.812875 0.582439 0
    outer loop
      vertex 34.7274 64.3888 0
      vertex 34.9751 64.0431 8
      vertex 34.9751 64.0431 0
    endloop
  endfacet
  facet normal 0.995206 -0.0978043 0
    outer loop
      vertex 33.6459 68.4251 8
      vertex 33.6875 68.8484 0
      vertex 33.6875 68.8484 8
    endloop
  endfacet
  facet normal 0.995206 -0.0978043 0
    outer loop
      vertex 33.6875 68.8484 0
      vertex 33.6459 68.4251 8
      vertex 33.6459 68.4251 0
    endloop
  endfacet
  facet normal 0.999458 -0.0329156 0
    outer loop
      vertex 33.6319 68 8
      vertex 33.6459 68.4251 0
      vertex 33.6459 68.4251 8
    endloop
  endfacet
  facet normal 0.999458 -0.0329156 0
    outer loop
      vertex 33.6459 68.4251 0
      vertex 33.6319 68 8
      vertex 33.6319 68 0
    endloop
  endfacet
  facet normal 0.471308 0.881969 -0
    outer loop
      vertex 37.2571 62.1703 0
      vertex 36.8819 62.3708 8
      vertex 37.2571 62.1703 8
    endloop
  endfacet
  facet normal 0.471308 0.881969 0
    outer loop
      vertex 36.8819 62.3708 8
      vertex 37.2571 62.1703 0
      vertex 36.8819 62.3708 0
    endloop
  endfacet
  facet normal -0.910841 0.412758 0
    outer loop
      vertex 45.9616 65.1251 0
      vertex 46.1372 65.5126 8
      vertex 46.1372 65.5126 0
    endloop
  endfacet
  facet normal -0.910841 0.412758 0
    outer loop
      vertex 46.1372 65.5126 8
      vertex 45.9616 65.1251 0
      vertex 45.9616 65.1251 8
    endloop
  endfacet
  facet normal -0.935903 0.352257 0
    outer loop
      vertex 46.1372 65.5126 0
      vertex 46.287 65.9106 8
      vertex 46.287 65.9106 0
    endloop
  endfacet
  facet normal -0.935903 0.352257 0
    outer loop
      vertex 46.287 65.9106 8
      vertex 46.1372 65.5126 0
      vertex 46.1372 65.5126 8
    endloop
  endfacet
  facet normal 0.582594 0.812763 -0
    outer loop
      vertex 36.5207 62.5954 0
      vertex 36.175 62.8432 8
      vertex 36.5207 62.5954 8
    endloop
  endfacet
  facet normal 0.582594 0.812763 0
    outer loop
      vertex 36.175 62.8432 8
      vertex 36.5207 62.5954 0
      vertex 36.175 62.8432 0
    endloop
  endfacet
  facet normal 0.35218 0.935932 -0
    outer loop
      vertex 38.0426 61.845 0
      vertex 37.6445 61.9948 8
      vertex 38.0426 61.845 8
    endloop
  endfacet
  facet normal 0.35218 0.935932 0
    outer loop
      vertex 37.6445 61.9948 8
      vertex 38.0426 61.845 0
      vertex 37.6445 61.9948 0
    endloop
  endfacet
endsolid OpenSCAD_Model
