solid OpenSCAD_Model
  facet normal 0 1 -0
    outer loop
      vertex 52.9603 40 0
      vertex 19.3728 40 8
      vertex 52.9603 40 8
    endloop
  endfacet
  facet normal 0 1 0
    outer loop
      vertex 19.3728 40 8
      vertex 10.5597 40 7.05574
      vertex 10.0756 40 7.73126
    endloop
  endfacet
  facet normal 0 1 0
    outer loop
      vertex 19.3728 40 8
      vertex 10.9985 40 6.34999
      vertex 10.5597 40 7.05574
    endloop
  endfacet
  facet normal 0 1 0
    outer loop
      vertex 19.3728 40 8
      vertex 11.3903 40 5.61707
      vertex 10.9985 40 6.34999
    endloop
  endfacet
  facet normal 0 1 0
    outer loop
      vertex 19.3728 40 8
      vertex 11.7333 40 4.86008
      vertex 11.3903 40 5.61707
    endloop
  endfacet
  facet normal 0 1 0
    outer loop
      vertex 19.3728 40 8
      vertex 12.026 40 4.08228
      vertex 11.7333 40 4.86008
    endloop
  endfacet
  facet normal 0 1 0
    outer loop
      vertex 19.3728 40 8
      vertex 12.2673 40 3.28699
      vertex 12.026 40 4.08228
    endloop
  endfacet
  facet normal 0 1 0
    outer loop
      vertex 19.3728 40 8
      vertex 12.456 40 2.47765
      vertex 12.2673 40 3.28699
    endloop
  endfacet
  facet normal 0 1 0
    outer loop
      vertex 19.3728 40 8
      vertex 12.5913 40 1.65767
      vertex 12.456 40 2.47765
    endloop
  endfacet
  facet normal 0 1 0
    outer loop
      vertex 12.7 40 0
      vertex 19.3728 40 8
      vertex 52.9603 40 0
    endloop
  endfacet
  facet normal 0 1 0
    outer loop
      vertex 19.3728 40 8
      vertex 12.6728 40 0.830612
      vertex 12.5913 40 1.65767
    endloop
  endfacet
  facet normal 0 1 0
    outer loop
      vertex 19.3728 40 8
      vertex 12.7 40 0
      vertex 12.6728 40 0.830612
    endloop
  endfacet
  facet normal 0 1 0
    outer loop
      vertex 0 40 17.9603
      vertex 0 40 20.9603
      vertex 1.37086 40 20.9155
    endloop
  endfacet
  facet normal 0 1 0
    outer loop
      vertex 0 40 17.9603
      vertex 1.37086 40 20.9155
      vertex 2.73587 40 20.781
    endloop
  endfacet
  facet normal 0 1 0
    outer loop
      vertex 0 40 20.9603
      vertex 0 40 17.9603
      vertex -1.37086 40 20.9155
    endloop
  endfacet
  facet normal 0 1 0
    outer loop
      vertex 0 40 17.9603
      vertex 2.73587 40 20.781
      vertex 4.08916 40 20.5576
    endloop
  endfacet
  facet normal 0 1 0
    outer loop
      vertex -1.37086 40 20.9155
      vertex 0 40 17.9603
      vertex -2.73587 40 20.781
    endloop
  endfacet
  facet normal 0 1 0
    outer loop
      vertex 0 40 17.9603
      vertex 4.08916 40 20.5576
      vertex 5.42493 40 20.2461
    endloop
  endfacet
  facet normal 0 1 0
    outer loop
      vertex -2.73587 40 20.781
      vertex 0 40 17.9603
      vertex -4.08916 40 20.5576
    endloop
  endfacet
  facet normal 0 1 0
    outer loop
      vertex 0 40 17.9603
      vertex 5.42493 40 20.2461
      vertex 6.73747 40 19.848
    endloop
  endfacet
  facet normal 0 1 0
    outer loop
      vertex -4.08916 40 20.5576
      vertex 0 40 17.9603
      vertex -5.42493 40 20.2461
    endloop
  endfacet
  facet normal 0 1 0
    outer loop
      vertex 8.97737 40 8.98296
      vertex 6.73747 40 19.848
      vertex 8.02116 40 19.3648
    endloop
  endfacet
  facet normal 0 1 0
    outer loop
      vertex -5.42493 40 20.2461
      vertex 0 40 17.9603
      vertex -6.73747 40 19.848
    endloop
  endfacet
  facet normal 0 1 -0
    outer loop
      vertex 8.97737 40 8.98296
      vertex 8.02116 40 19.3648
      vertex 9.27051 40 18.7988
    endloop
  endfacet
  facet normal 0 1 0
    outer loop
      vertex -8.97737 40 8.98296
      vertex -6.73747 40 19.848
      vertex 0 40 17.9603
    endloop
  endfacet
  facet normal 0 1 0
    outer loop
      vertex 8.97737 40 8.98296
      vertex 9.27051 40 18.7988
      vertex 10.4802 40 18.1522
    endloop
  endfacet
  facet normal 0 1 0
    outer loop
      vertex -6.73747 40 19.848
      vertex -8.97737 40 8.98296
      vertex -8.02116 40 19.3648
    endloop
  endfacet
  facet normal 0 1 0
    outer loop
      vertex -8.02116 40 19.3648
      vertex -8.97737 40 8.98296
      vertex -9.27051 40 18.7988
    endloop
  endfacet
  facet normal 0 1 0
    outer loop
      vertex 8.97737 40 8.98296
      vertex 10.4802 40 18.1522
      vertex 11.6449 40 17.4279
    endloop
  endfacet
  facet normal 0 1 0
    outer loop
      vertex 8.97737 40 8.98296
      vertex 11.6449 40 17.4279
      vertex 12.7598 40 16.629
    endloop
  endfacet
  facet normal 0 1 0
    outer loop
      vertex 8.97737 40 8.98296
      vertex 12.7598 40 16.629
      vertex 13.8201 40 15.7588
    endloop
  endfacet
  facet normal 0 1 0
    outer loop
      vertex 8.97737 40 8.98296
      vertex 13.8201 40 15.7588
      vertex 14.8212 40 14.8212
    endloop
  endfacet
  facet normal 0 1 0
    outer loop
      vertex 8.98026 40 8.98026
      vertex 14.8212 40 14.8212
      vertex 15.7588 40 13.8201
    endloop
  endfacet
  facet normal 0 1 0
    outer loop
      vertex 9.54836 40 8.37369
      vertex 15.7588 40 13.8201
      vertex 16.629 40 12.7598
    endloop
  endfacet
  facet normal 0 1 0
    outer loop
      vertex 10.0756 40 7.73126
      vertex 16.629 40 12.7598
      vertex 17.4279 40 11.6449
    endloop
  endfacet
  facet normal 0 1 0
    outer loop
      vertex 10.0756 40 7.73126
      vertex 17.4279 40 11.6449
      vertex 18.1522 40 10.4802
    endloop
  endfacet
  facet normal 0 1 0
    outer loop
      vertex 10.0756 40 7.73126
      vertex 18.1522 40 10.4802
      vertex 18.7988 40 9.27051
    endloop
  endfacet
  facet normal 0 1 0
    outer loop
      vertex 6.73747 40 19.848
      vertex 8.97737 40 8.98296
      vertex 0 40 17.9603
    endloop
  endfacet
  facet normal 0 1 0
    outer loop
      vertex 14.8212 40 14.8212
      vertex 8.98026 40 8.98026
      vertex 8.97737 40 8.98296
    endloop
  endfacet
  facet normal 0 1 0
    outer loop
      vertex 15.7588 40 13.8201
      vertex 9.54836 40 8.37369
      vertex 8.98026 40 8.98026
    endloop
  endfacet
  facet normal 0 1 0
    outer loop
      vertex 10.0756 40 7.73126
      vertex 18.7988 40 9.27051
      vertex 19.3648 40 8.02116
    endloop
  endfacet
  facet normal 0 1 0
    outer loop
      vertex 10.0756 40 7.73126
      vertex 19.3648 40 8.02116
      vertex 19.3728 40 8
    endloop
  endfacet
  facet normal 0 1 0
    outer loop
      vertex 16.629 40 12.7598
      vertex 10.0756 40 7.73126
      vertex 9.54836 40 8.37369
    endloop
  endfacet
  facet normal 0 1 0
    outer loop
      vertex -9.27051 40 18.7988
      vertex -8.97737 40 8.98296
      vertex -10.4802 40 18.1522
    endloop
  endfacet
  facet normal 0 1 0
    outer loop
      vertex -10.4802 40 18.1522
      vertex -8.97737 40 8.98296
      vertex -11.6449 40 17.4279
    endloop
  endfacet
  facet normal 0 1 0
    outer loop
      vertex -11.6449 40 17.4279
      vertex -8.97737 40 8.98296
      vertex -12.7598 40 16.629
    endloop
  endfacet
  facet normal 0 1 0
    outer loop
      vertex -12.7598 40 16.629
      vertex -8.97737 40 8.98296
      vertex -13.8201 40 15.7588
    endloop
  endfacet
  facet normal 0 1 0
    outer loop
      vertex -13.8201 40 15.7588
      vertex -8.97737 40 8.98296
      vertex -14.8212 40 14.8212
    endloop
  endfacet
  facet normal 0 1 -0
    outer loop
      vertex -8.98026 40 8.98026
      vertex -14.8212 40 14.8212
      vertex -8.97737 40 8.98296
    endloop
  endfacet
  facet normal 0 1 0
    outer loop
      vertex -14.8212 40 14.8212
      vertex -8.98026 40 8.98026
      vertex -15.7588 40 13.8201
    endloop
  endfacet
  facet normal 0 1 -0
    outer loop
      vertex -9.54836 40 8.37369
      vertex -15.7588 40 13.8201
      vertex -8.98026 40 8.98026
    endloop
  endfacet
  facet normal 0 1 0
    outer loop
      vertex -15.7588 40 13.8201
      vertex -9.54836 40 8.37369
      vertex -16.629 40 12.7598
    endloop
  endfacet
  facet normal 0 1 -0
    outer loop
      vertex -10.0756 40 7.73126
      vertex -16.629 40 12.7598
      vertex -9.54836 40 8.37369
    endloop
  endfacet
  facet normal 0 1 0
    outer loop
      vertex -16.629 40 12.7598
      vertex -10.0756 40 7.73126
      vertex -17.4279 40 11.6449
    endloop
  endfacet
  facet normal 0 1 -0
    outer loop
      vertex -10.5597 40 7.05574
      vertex -17.4279 40 11.6449
      vertex -10.0756 40 7.73126
    endloop
  endfacet
  facet normal 0 1 0
    outer loop
      vertex -17.4279 40 11.6449
      vertex -10.5597 40 7.05574
      vertex -18.1522 40 10.4802
    endloop
  endfacet
  facet normal 0 1 -0
    outer loop
      vertex -10.9985 40 6.34999
      vertex -18.1522 40 10.4802
      vertex -10.5597 40 7.05574
    endloop
  endfacet
  facet normal 0 1 0
    outer loop
      vertex -18.1522 40 10.4802
      vertex -10.9985 40 6.34999
      vertex -18.7988 40 9.27051
    endloop
  endfacet
  facet normal 0 1 -0
    outer loop
      vertex -11.3903 40 5.61707
      vertex -18.7988 40 9.27051
      vertex -10.9985 40 6.34999
    endloop
  endfacet
  facet normal 0 1 0
    outer loop
      vertex -18.7988 40 9.27051
      vertex -11.3903 40 5.61707
      vertex -19.3648 40 8.02116
    endloop
  endfacet
  facet normal 0 1 -0
    outer loop
      vertex -11.7333 40 4.86008
      vertex -19.3648 40 8.02116
      vertex -11.3903 40 5.61707
    endloop
  endfacet
  facet normal 0 1 0
    outer loop
      vertex -19.3648 40 8.02116
      vertex -11.7333 40 4.86008
      vertex -19.3728 40 8
    endloop
  endfacet
  facet normal 0 1 -0
    outer loop
      vertex -12.026 40 4.08228
      vertex -19.3728 40 8
      vertex -11.7333 40 4.86008
    endloop
  endfacet
  facet normal 0 1 -0
    outer loop
      vertex -12.2673 40 3.28699
      vertex -19.3728 40 8
      vertex -12.026 40 4.08228
    endloop
  endfacet
  facet normal 0 1 -0
    outer loop
      vertex -12.456 40 2.47765
      vertex -19.3728 40 8
      vertex -12.2673 40 3.28699
    endloop
  endfacet
  facet normal 0 1 -0
    outer loop
      vertex -12.5913 40 1.65767
      vertex -19.3728 40 8
      vertex -12.456 40 2.47765
    endloop
  endfacet
  facet normal 0 1 -0
    outer loop
      vertex -12.6728 40 0.830612
      vertex -19.3728 40 8
      vertex -12.5913 40 1.65767
    endloop
  endfacet
  facet normal 0 1 -0
    outer loop
      vertex -12.7 40 0
      vertex -19.3728 40 8
      vertex -12.6728 40 0.830612
    endloop
  endfacet
  facet normal 0 1 0
    outer loop
      vertex -19.3728 40 8
      vertex -12.7 40 0
      vertex -36.9603 40 0
    endloop
  endfacet
  facet normal 0 1 0
    outer loop
      vertex -19.3728 40 8
      vertex -36.9603 40 0
      vertex -36.9603 40 8
    endloop
  endfacet
  facet normal 0 -1 0
    outer loop
      vertex -36.9603 0 0
      vertex -19.3728 0 8
      vertex -36.9603 0 8
    endloop
  endfacet
  facet normal 0 -1 0
    outer loop
      vertex -19.3728 0 8
      vertex -10.5597 0 7.05574
      vertex -10.0756 0 7.73126
    endloop
  endfacet
  facet normal 0 -1 0
    outer loop
      vertex -19.3728 0 8
      vertex -10.9985 0 6.34999
      vertex -10.5597 0 7.05574
    endloop
  endfacet
  facet normal 0 -1 0
    outer loop
      vertex -19.3728 0 8
      vertex -11.3903 0 5.61707
      vertex -10.9985 0 6.34999
    endloop
  endfacet
  facet normal 0 -1 0
    outer loop
      vertex -19.3728 0 8
      vertex -11.7333 0 4.86008
      vertex -11.3903 0 5.61707
    endloop
  endfacet
  facet normal 0 -1 0
    outer loop
      vertex -19.3728 0 8
      vertex -12.026 0 4.08228
      vertex -11.7333 0 4.86008
    endloop
  endfacet
  facet normal 0 -1 0
    outer loop
      vertex -19.3728 0 8
      vertex -12.2673 0 3.28699
      vertex -12.026 0 4.08228
    endloop
  endfacet
  facet normal 0 -1 0
    outer loop
      vertex -19.3728 0 8
      vertex -12.456 0 2.47765
      vertex -12.2673 0 3.28699
    endloop
  endfacet
  facet normal 0 -1 0
    outer loop
      vertex -19.3728 0 8
      vertex -12.5913 0 1.65767
      vertex -12.456 0 2.47765
    endloop
  endfacet
  facet normal 0 -1 0
    outer loop
      vertex -12.7 0 0
      vertex -19.3728 0 8
      vertex -36.9603 0 0
    endloop
  endfacet
  facet normal 0 -1 0
    outer loop
      vertex -19.3728 0 8
      vertex -12.6728 0 0.830612
      vertex -12.5913 0 1.65767
    endloop
  endfacet
  facet normal 0 -1 0
    outer loop
      vertex -19.3728 0 8
      vertex -12.7 0 0
      vertex -12.6728 0 0.830612
    endloop
  endfacet
  facet normal 0 -1 0
    outer loop
      vertex 0 0 17.9603
      vertex 0 0 20.9603
      vertex -1.37086 0 20.9155
    endloop
  endfacet
  facet normal 0 -1 0
    outer loop
      vertex 0 0 17.9603
      vertex -1.37086 0 20.9155
      vertex -2.73587 0 20.781
    endloop
  endfacet
  facet normal 0 -1 0
    outer loop
      vertex 0 0 20.9603
      vertex 0 0 17.9603
      vertex 1.37086 0 20.9155
    endloop
  endfacet
  facet normal 0 -1 0
    outer loop
      vertex 0 0 17.9603
      vertex -2.73587 0 20.781
      vertex -4.08916 0 20.5576
    endloop
  endfacet
  facet normal 0 -1 -0
    outer loop
      vertex 1.37086 0 20.9155
      vertex 0 0 17.9603
      vertex 2.73587 0 20.781
    endloop
  endfacet
  facet normal 0 -1 0
    outer loop
      vertex 0 0 17.9603
      vertex -4.08916 0 20.5576
      vertex -5.42493 0 20.2461
    endloop
  endfacet
  facet normal 0 -1 -0
    outer loop
      vertex 2.73587 0 20.781
      vertex 0 0 17.9603
      vertex 4.08916 0 20.5576
    endloop
  endfacet
  facet normal 0 -1 0
    outer loop
      vertex 0 0 17.9603
      vertex -5.42493 0 20.2461
      vertex -6.73747 0 19.848
    endloop
  endfacet
  facet normal 0 -1 -0
    outer loop
      vertex 4.08916 0 20.5576
      vertex 0 0 17.9603
      vertex 5.42493 0 20.2461
    endloop
  endfacet
  facet normal 0 -1 0
    outer loop
      vertex -8.97737 0 8.98296
      vertex -6.73747 0 19.848
      vertex -8.02116 0 19.3648
    endloop
  endfacet
  facet normal 0 -1 -0
    outer loop
      vertex 5.42493 0 20.2461
      vertex 0 0 17.9603
      vertex 6.73747 0 19.848
    endloop
  endfacet
  facet normal 0 -1 0
    outer loop
      vertex -8.97737 0 8.98296
      vertex -8.02116 0 19.3648
      vertex -9.27051 0 18.7988
    endloop
  endfacet
  facet normal 0 -1 0
    outer loop
      vertex 8.97737 0 8.98296
      vertex 6.73747 0 19.848
      vertex 0 0 17.9603
    endloop
  endfacet
  facet normal 0 -1 0
    outer loop
      vertex -8.97737 0 8.98296
      vertex -9.27051 0 18.7988
      vertex -10.4802 0 18.1522
    endloop
  endfacet
  facet normal 0 -1 0
    outer loop
      vertex 6.73747 0 19.848
      vertex 8.97737 0 8.98296
      vertex 8.02116 0 19.3648
    endloop
  endfacet
  facet normal 0 -1 0
    outer loop
      vertex 8.02116 0 19.3648
      vertex 8.97737 0 8.98296
      vertex 9.27051 0 18.7988
    endloop
  endfacet
  facet normal 0 -1 0
    outer loop
      vertex -8.97737 0 8.98296
      vertex -10.4802 0 18.1522
      vertex -11.6449 0 17.4279
    endloop
  endfacet
  facet normal 0 -1 0
    outer loop
      vertex -8.97737 0 8.98296
      vertex -11.6449 0 17.4279
      vertex -12.7598 0 16.629
    endloop
  endfacet
  facet normal 0 -1 0
    outer loop
      vertex -8.97737 0 8.98296
      vertex -12.7598 0 16.629
      vertex -13.8201 0 15.7588
    endloop
  endfacet
  facet normal 0 -1 0
    outer loop
      vertex -8.97737 0 8.98296
      vertex -13.8201 0 15.7588
      vertex -14.8212 0 14.8212
    endloop
  endfacet
  facet normal 0 -1 0
    outer loop
      vertex -8.98026 0 8.98026
      vertex -14.8212 0 14.8212
      vertex -15.7588 0 13.8201
    endloop
  endfacet
  facet normal 0 -1 0
    outer loop
      vertex -9.54836 0 8.37369
      vertex -15.7588 0 13.8201
      vertex -16.629 0 12.7598
    endloop
  endfacet
  facet normal 0 -1 0
    outer loop
      vertex -10.0756 0 7.73126
      vertex -16.629 0 12.7598
      vertex -17.4279 0 11.6449
    endloop
  endfacet
  facet normal 0 -1 0
    outer loop
      vertex -10.0756 0 7.73126
      vertex -17.4279 0 11.6449
      vertex -18.1522 0 10.4802
    endloop
  endfacet
  facet normal 0 -1 0
    outer loop
      vertex -10.0756 0 7.73126
      vertex -18.1522 0 10.4802
      vertex -18.7988 0 9.27051
    endloop
  endfacet
  facet normal 0 -1 -0
    outer loop
      vertex -6.73747 0 19.848
      vertex -8.97737 0 8.98296
      vertex 0 0 17.9603
    endloop
  endfacet
  facet normal 0 -1 0
    outer loop
      vertex -14.8212 0 14.8212
      vertex -8.98026 0 8.98026
      vertex -8.97737 0 8.98296
    endloop
  endfacet
  facet normal 0 -1 0
    outer loop
      vertex -15.7588 0 13.8201
      vertex -9.54836 0 8.37369
      vertex -8.98026 0 8.98026
    endloop
  endfacet
  facet normal 0 -1 0
    outer loop
      vertex -10.0756 0 7.73126
      vertex -18.7988 0 9.27051
      vertex -19.3648 0 8.02116
    endloop
  endfacet
  facet normal 0 -1 0
    outer loop
      vertex -10.0756 0 7.73126
      vertex -19.3648 0 8.02116
      vertex -19.3728 0 8
    endloop
  endfacet
  facet normal 0 -1 0
    outer loop
      vertex -16.629 0 12.7598
      vertex -10.0756 0 7.73126
      vertex -9.54836 0 8.37369
    endloop
  endfacet
  facet normal 0 -1 -0
    outer loop
      vertex 9.27051 0 18.7988
      vertex 8.97737 0 8.98296
      vertex 10.4802 0 18.1522
    endloop
  endfacet
  facet normal 0 -1 -0
    outer loop
      vertex 10.4802 0 18.1522
      vertex 8.97737 0 8.98296
      vertex 11.6449 0 17.4279
    endloop
  endfacet
  facet normal 0 -1 -0
    outer loop
      vertex 11.6449 0 17.4279
      vertex 8.97737 0 8.98296
      vertex 12.7598 0 16.629
    endloop
  endfacet
  facet normal 0 -1 -0
    outer loop
      vertex 12.7598 0 16.629
      vertex 8.97737 0 8.98296
      vertex 13.8201 0 15.7588
    endloop
  endfacet
  facet normal 0 -1 -0
    outer loop
      vertex 13.8201 0 15.7588
      vertex 8.97737 0 8.98296
      vertex 14.8212 0 14.8212
    endloop
  endfacet
  facet normal 0 -1 0
    outer loop
      vertex 8.98026 0 8.98026
      vertex 14.8212 0 14.8212
      vertex 8.97737 0 8.98296
    endloop
  endfacet
  facet normal 0 -1 -0
    outer loop
      vertex 14.8212 0 14.8212
      vertex 8.98026 0 8.98026
      vertex 15.7588 0 13.8201
    endloop
  endfacet
  facet normal 0 -1 0
    outer loop
      vertex 9.54836 0 8.37369
      vertex 15.7588 0 13.8201
      vertex 8.98026 0 8.98026
    endloop
  endfacet
  facet normal 0 -1 -0
    outer loop
      vertex 15.7588 0 13.8201
      vertex 9.54836 0 8.37369
      vertex 16.629 0 12.7598
    endloop
  endfacet
  facet normal 0 -1 0
    outer loop
      vertex 10.0756 0 7.73126
      vertex 16.629 0 12.7598
      vertex 9.54836 0 8.37369
    endloop
  endfacet
  facet normal 0 -1 -0
    outer loop
      vertex 16.629 0 12.7598
      vertex 10.0756 0 7.73126
      vertex 17.4279 0 11.6449
    endloop
  endfacet
  facet normal 0 -1 0
    outer loop
      vertex 10.5597 0 7.05574
      vertex 17.4279 0 11.6449
      vertex 10.0756 0 7.73126
    endloop
  endfacet
  facet normal 0 -1 -0
    outer loop
      vertex 17.4279 0 11.6449
      vertex 10.5597 0 7.05574
      vertex 18.1522 0 10.4802
    endloop
  endfacet
  facet normal 0 -1 0
    outer loop
      vertex 10.9985 0 6.34999
      vertex 18.1522 0 10.4802
      vertex 10.5597 0 7.05574
    endloop
  endfacet
  facet normal 0 -1 -0
    outer loop
      vertex 18.1522 0 10.4802
      vertex 10.9985 0 6.34999
      vertex 18.7988 0 9.27051
    endloop
  endfacet
  facet normal 0 -1 0
    outer loop
      vertex 11.3903 0 5.61707
      vertex 18.7988 0 9.27051
      vertex 10.9985 0 6.34999
    endloop
  endfacet
  facet normal 0 -1 -0
    outer loop
      vertex 18.7988 0 9.27051
      vertex 11.3903 0 5.61707
      vertex 19.3648 0 8.02116
    endloop
  endfacet
  facet normal 0 -1 0
    outer loop
      vertex 11.7333 0 4.86008
      vertex 19.3648 0 8.02116
      vertex 11.3903 0 5.61707
    endloop
  endfacet
  facet normal 0 -1 -0
    outer loop
      vertex 19.3648 0 8.02116
      vertex 11.7333 0 4.86008
      vertex 19.3728 0 8
    endloop
  endfacet
  facet normal 0 -1 0
    outer loop
      vertex 12.026 0 4.08228
      vertex 19.3728 0 8
      vertex 11.7333 0 4.86008
    endloop
  endfacet
  facet normal 0 -1 0
    outer loop
      vertex 12.2673 0 3.28699
      vertex 19.3728 0 8
      vertex 12.026 0 4.08228
    endloop
  endfacet
  facet normal 0 -1 0
    outer loop
      vertex 12.456 0 2.47765
      vertex 19.3728 0 8
      vertex 12.2673 0 3.28699
    endloop
  endfacet
  facet normal 0 -1 0
    outer loop
      vertex 12.5913 0 1.65767
      vertex 19.3728 0 8
      vertex 12.456 0 2.47765
    endloop
  endfacet
  facet normal 0 -1 0
    outer loop
      vertex 12.6728 0 0.830612
      vertex 19.3728 0 8
      vertex 12.5913 0 1.65767
    endloop
  endfacet
  facet normal 0 -1 0
    outer loop
      vertex 12.7 0 0
      vertex 19.3728 0 8
      vertex 12.6728 0 0.830612
    endloop
  endfacet
  facet normal 0 -1 -0
    outer loop
      vertex 19.3728 0 8
      vertex 12.7 0 0
      vertex 52.9603 0 0
    endloop
  endfacet
  facet normal 0 -1 0
    outer loop
      vertex 19.3728 0 8
      vertex 52.9603 0 0
      vertex 52.9603 0 8
    endloop
  endfacet
  facet normal 0.99518 0 -0.0980671
    outer loop
      vertex -12.5913 0 1.65767
      vertex -12.6728 40 0.830612
      vertex -12.5913 40 1.65767
    endloop
  endfacet
  facet normal 0.99518 0 -0.0980671
    outer loop
      vertex -12.6728 40 0.830612
      vertex -12.5913 0 1.65767
      vertex -12.6728 0 0.830612
    endloop
  endfacet
  facet normal 0.986659 0 -0.162803
    outer loop
      vertex -12.456 0 2.47765
      vertex -12.5913 40 1.65767
      vertex -12.456 40 2.47765
    endloop
  endfacet
  facet normal 0.986659 0 -0.162803
    outer loop
      vertex -12.5913 40 1.65767
      vertex -12.456 0 2.47765
      vertex -12.5913 0 1.65767
    endloop
  endfacet
  facet normal 0.97388 0 -0.227063
    outer loop
      vertex -12.2673 0 3.28699
      vertex -12.456 40 2.47765
      vertex -12.2673 40 3.28699
    endloop
  endfacet
  facet normal 0.97388 0 -0.227063
    outer loop
      vertex -12.456 40 2.47765
      vertex -12.2673 0 3.28699
      vertex -12.456 0 2.47765
    endloop
  endfacet
  facet normal 0.956923 0 -0.290341
    outer loop
      vertex -12.026 0 4.08228
      vertex -12.2673 40 3.28699
      vertex -12.026 40 4.08228
    endloop
  endfacet
  facet normal 0.956923 0 -0.290341
    outer loop
      vertex -12.2673 40 3.28699
      vertex -12.026 0 4.08228
      vertex -12.2673 0 3.28699
    endloop
  endfacet
  facet normal 0.935923 0 -0.352205
    outer loop
      vertex -11.7333 0 4.86008
      vertex -12.026 40 4.08228
      vertex -11.7333 40 4.86008
    endloop
  endfacet
  facet normal 0.935923 0 -0.352205
    outer loop
      vertex -12.026 40 4.08228
      vertex -11.7333 0 4.86008
      vertex -12.026 0 4.08228
    endloop
  endfacet
  facet normal 0.910858 0 -0.412719
    outer loop
      vertex -11.3903 0 5.61707
      vertex -11.7333 40 4.86008
      vertex -11.3903 40 5.61707
    endloop
  endfacet
  facet normal 0.910858 0 -0.412719
    outer loop
      vertex -11.7333 40 4.86008
      vertex -11.3903 0 5.61707
      vertex -11.7333 0 4.86008
    endloop
  endfacet
  facet normal 0.881898 0 -0.47144
    outer loop
      vertex -10.9985 0 6.34999
      vertex -11.3903 40 5.61707
      vertex -10.9985 40 6.34999
    endloop
  endfacet
  facet normal 0.881898 0 -0.47144
    outer loop
      vertex -11.3903 40 5.61707
      vertex -10.9985 0 6.34999
      vertex -11.3903 0 5.61707
    endloop
  endfacet
  facet normal 0.849236 0 -0.528013
    outer loop
      vertex -10.5597 0 7.05574
      vertex -10.9985 40 6.34999
      vertex -10.5597 40 7.05574
    endloop
  endfacet
  facet normal 0.849236 0 -0.528013
    outer loop
      vertex -10.9985 40 6.34999
      vertex -10.5597 0 7.05574
      vertex -10.9985 0 6.34999
    endloop
  endfacet
  facet normal 0.81283 0 -0.582501
    outer loop
      vertex -10.0756 0 7.73126
      vertex -10.5597 40 7.05574
      vertex -10.0756 40 7.73126
    endloop
  endfacet
  facet normal 0.81283 0 -0.582501
    outer loop
      vertex -10.5597 40 7.05574
      vertex -10.0756 0 7.73126
      vertex -10.5597 0 7.05574
    endloop
  endfacet
  facet normal 0.773004 0 -0.634401
    outer loop
      vertex -9.54836 0 8.37369
      vertex -10.0756 40 7.73126
      vertex -9.54836 40 8.37369
    endloop
  endfacet
  facet normal 0.773004 0 -0.634401
    outer loop
      vertex -10.0756 40 7.73126
      vertex -9.54836 0 8.37369
      vertex -10.0756 0 7.73126
    endloop
  endfacet
  facet normal 0.729873 0 -0.683583
    outer loop
      vertex -8.98026 0 8.98026
      vertex -9.54836 40 8.37369
      vertex -8.98026 40 8.98026
    endloop
  endfacet
  facet normal 0.729873 0 -0.683583
    outer loop
      vertex -9.54836 40 8.37369
      vertex -8.98026 0 8.98026
      vertex -9.54836 0 8.37369
    endloop
  endfacet
  facet normal 0.682679 0 -0.730719
    outer loop
      vertex -8.98026 0 8.98026
      vertex -8.97737 40 8.98296
      vertex -8.97737 0 8.98296
    endloop
  endfacet
  facet normal 0.682679 0 -0.730719
    outer loop
      vertex -8.97737 40 8.98296
      vertex -8.98026 0 8.98026
      vertex -8.98026 40 8.98026
    endloop
  endfacet
  facet normal 0.707106 0 -0.707108
    outer loop
      vertex 0 0 17.9603
      vertex -8.97737 40 8.98296
      vertex 0 40 17.9603
    endloop
  endfacet
  facet normal 0.707106 0 -0.707108
    outer loop
      vertex -8.97737 40 8.98296
      vertex 0 0 17.9603
      vertex -8.97737 0 8.98296
    endloop
  endfacet
  facet normal -0.707106 0 -0.707108
    outer loop
      vertex 8.97737 0 8.98296
      vertex 0 40 17.9603
      vertex 8.97737 40 8.98296
    endloop
  endfacet
  facet normal -0.707106 -0 -0.707108
    outer loop
      vertex 0 40 17.9603
      vertex 8.97737 0 8.98296
      vertex 0 0 17.9603
    endloop
  endfacet
  facet normal -0.682679 0 -0.730719
    outer loop
      vertex 8.97737 0 8.98296
      vertex 8.98026 40 8.98026
      vertex 8.98026 0 8.98026
    endloop
  endfacet
  facet normal -0.682679 0 -0.730719
    outer loop
      vertex 8.98026 40 8.98026
      vertex 8.97737 0 8.98296
      vertex 8.97737 40 8.98296
    endloop
  endfacet
  facet normal -0.729873 0 -0.683583
    outer loop
      vertex 9.54836 0 8.37369
      vertex 8.98026 40 8.98026
      vertex 9.54836 40 8.37369
    endloop
  endfacet
  facet normal -0.729873 -0 -0.683583
    outer loop
      vertex 8.98026 40 8.98026
      vertex 9.54836 0 8.37369
      vertex 8.98026 0 8.98026
    endloop
  endfacet
  facet normal -0.773004 0 -0.634401
    outer loop
      vertex 10.0756 0 7.73126
      vertex 9.54836 40 8.37369
      vertex 10.0756 40 7.73126
    endloop
  endfacet
  facet normal -0.773004 -0 -0.634401
    outer loop
      vertex 9.54836 40 8.37369
      vertex 10.0756 0 7.73126
      vertex 9.54836 0 8.37369
    endloop
  endfacet
  facet normal -0.81283 0 -0.582501
    outer loop
      vertex 10.5597 0 7.05574
      vertex 10.0756 40 7.73126
      vertex 10.5597 40 7.05574
    endloop
  endfacet
  facet normal -0.81283 -0 -0.582501
    outer loop
      vertex 10.0756 40 7.73126
      vertex 10.5597 0 7.05574
      vertex 10.0756 0 7.73126
    endloop
  endfacet
  facet normal -0.849236 0 -0.528013
    outer loop
      vertex 10.9985 0 6.34999
      vertex 10.5597 40 7.05574
      vertex 10.9985 40 6.34999
    endloop
  endfacet
  facet normal -0.849236 -0 -0.528013
    outer loop
      vertex 10.5597 40 7.05574
      vertex 10.9985 0 6.34999
      vertex 10.5597 0 7.05574
    endloop
  endfacet
  facet normal -0.881898 0 -0.47144
    outer loop
      vertex 11.3903 0 5.61707
      vertex 10.9985 40 6.34999
      vertex 11.3903 40 5.61707
    endloop
  endfacet
  facet normal -0.881898 -0 -0.47144
    outer loop
      vertex 10.9985 40 6.34999
      vertex 11.3903 0 5.61707
      vertex 10.9985 0 6.34999
    endloop
  endfacet
  facet normal -0.910858 0 -0.412719
    outer loop
      vertex 11.7333 0 4.86008
      vertex 11.3903 40 5.61707
      vertex 11.7333 40 4.86008
    endloop
  endfacet
  facet normal -0.910858 -0 -0.412719
    outer loop
      vertex 11.3903 40 5.61707
      vertex 11.7333 0 4.86008
      vertex 11.3903 0 5.61707
    endloop
  endfacet
  facet normal -0.935923 0 -0.352205
    outer loop
      vertex 12.026 0 4.08228
      vertex 11.7333 40 4.86008
      vertex 12.026 40 4.08228
    endloop
  endfacet
  facet normal -0.935923 -0 -0.352205
    outer loop
      vertex 11.7333 40 4.86008
      vertex 12.026 0 4.08228
      vertex 11.7333 0 4.86008
    endloop
  endfacet
  facet normal -0.956923 0 -0.290341
    outer loop
      vertex 12.2673 0 3.28699
      vertex 12.026 40 4.08228
      vertex 12.2673 40 3.28699
    endloop
  endfacet
  facet normal -0.956923 -0 -0.290341
    outer loop
      vertex 12.026 40 4.08228
      vertex 12.2673 0 3.28699
      vertex 12.026 0 4.08228
    endloop
  endfacet
  facet normal -0.97388 0 -0.227063
    outer loop
      vertex 12.456 0 2.47765
      vertex 12.2673 40 3.28699
      vertex 12.456 40 2.47765
    endloop
  endfacet
  facet normal -0.97388 -0 -0.227063
    outer loop
      vertex 12.2673 40 3.28699
      vertex 12.456 0 2.47765
      vertex 12.2673 0 3.28699
    endloop
  endfacet
  facet normal -0.986659 0 -0.162803
    outer loop
      vertex 12.5913 0 1.65767
      vertex 12.456 40 2.47765
      vertex 12.5913 40 1.65767
    endloop
  endfacet
  facet normal -0.986659 -0 -0.162803
    outer loop
      vertex 12.456 40 2.47765
      vertex 12.5913 0 1.65767
      vertex 12.456 0 2.47765
    endloop
  endfacet
  facet normal -0.99518 0 -0.0980671
    outer loop
      vertex 12.6728 0 0.830612
      vertex 12.5913 40 1.65767
      vertex 12.6728 40 0.830612
    endloop
  endfacet
  facet normal -0.99518 -0 -0.0980671
    outer loop
      vertex 12.5913 40 1.65767
      vertex 12.6728 0 0.830612
      vertex 12.5913 0 1.65767
    endloop
  endfacet
  facet normal -0.999464 0 -0.0327294
    outer loop
      vertex 12.7 0 0
      vertex 12.6728 40 0.830612
      vertex 12.7 40 0
    endloop
  endfacet
  facet normal -0.999464 -0 -0.0327294
    outer loop
      vertex 12.6728 40 0.830612
      vertex 12.7 0 0
      vertex 12.6728 0 0.830612
    endloop
  endfacet
  facet normal 0 0 -1
    outer loop
      vertex 52.9603 0 0
      vertex 49.4603 20 0
      vertex 52.9603 40 0
    endloop
  endfacet
  facet normal 0 0 -1
    outer loop
      vertex 52.9603 0 0
      vertex 49.4464 19.5749 0
      vertex 49.4603 20 0
    endloop
  endfacet
  facet normal 0 0 -1
    outer loop
      vertex 52.9603 0 0
      vertex 49.4047 19.1516 0
      vertex 49.4464 19.5749 0
    endloop
  endfacet
  facet normal 0 0 -1
    outer loop
      vertex 52.9603 0 0
      vertex 49.3354 18.7319 0
      vertex 49.4047 19.1516 0
    endloop
  endfacet
  facet normal 0 0 -1
    outer loop
      vertex 52.9603 0 0
      vertex 49.2389 18.3177 0
      vertex 49.3354 18.7319 0
    endloop
  endfacet
  facet normal 0 0 -1
    outer loop
      vertex 52.9603 0 0
      vertex 49.1154 17.9106 0
      vertex 49.2389 18.3177 0
    endloop
  endfacet
  facet normal 0 0 -1
    outer loop
      vertex 52.9603 0 0
      vertex 48.9656 17.5126 0
      vertex 49.1154 17.9106 0
    endloop
  endfacet
  facet normal 0 0 -1
    outer loop
      vertex 52.9603 0 0
      vertex 48.79 17.1251 0
      vertex 48.9656 17.5126 0
    endloop
  endfacet
  facet normal 0 0 -1
    outer loop
      vertex 52.9603 0 0
      vertex 48.5895 16.75 0
      vertex 48.79 17.1251 0
    endloop
  endfacet
  facet normal 0 0 -1
    outer loop
      vertex 52.9603 0 0
      vertex 48.3649 16.3888 0
      vertex 48.5895 16.75 0
    endloop
  endfacet
  facet normal 0 0 -1
    outer loop
      vertex 52.9603 0 0
      vertex 48.1171 16.043 0
      vertex 48.3649 16.3888 0
    endloop
  endfacet
  facet normal 0 0 -1
    outer loop
      vertex 52.9603 0 0
      vertex 47.8473 15.7143 0
      vertex 48.1171 16.043 0
    endloop
  endfacet
  facet normal 0 0 -1
    outer loop
      vertex 52.9603 0 0
      vertex 47.5565 15.4038 0
      vertex 47.8473 15.7143 0
    endloop
  endfacet
  facet normal 0 0 -1
    outer loop
      vertex 52.9603 0 0
      vertex 47.2461 15.113 0
      vertex 47.5565 15.4038 0
    endloop
  endfacet
  facet normal 0 0 -1
    outer loop
      vertex 52.9603 0 0
      vertex 46.9173 14.8432 0
      vertex 47.2461 15.113 0
    endloop
  endfacet
  facet normal 0 0 -1
    outer loop
      vertex 52.9603 0 0
      vertex 46.5715 14.5954 0
      vertex 46.9173 14.8432 0
    endloop
  endfacet
  facet normal 0 0 -1
    outer loop
      vertex 52.9603 0 0
      vertex 46.2103 14.3708 0
      vertex 46.5715 14.5954 0
    endloop
  endfacet
  facet normal 0 0 -1
    outer loop
      vertex 52.9603 0 0
      vertex 45.8352 14.1703 0
      vertex 46.2103 14.3708 0
    endloop
  endfacet
  facet normal 0 0 -1
    outer loop
      vertex 52.9603 0 0
      vertex 45.4478 13.9948 0
      vertex 45.8352 14.1703 0
    endloop
  endfacet
  facet normal 0 0 -1
    outer loop
      vertex 52.9603 0 0
      vertex 45.0497 13.845 0
      vertex 45.4478 13.9948 0
    endloop
  endfacet
  facet normal 0 0 -1
    outer loop
      vertex 52.9603 0 0
      vertex 44.6427 13.7215 0
      vertex 45.0497 13.845 0
    endloop
  endfacet
  facet normal 0 0 -1
    outer loop
      vertex 52.9603 0 0
      vertex 44.2284 13.6249 0
      vertex 44.6427 13.7215 0
    endloop
  endfacet
  facet normal 0 0 -1
    outer loop
      vertex 52.9603 0 0
      vertex 43.8088 13.5556 0
      vertex 44.2284 13.6249 0
    endloop
  endfacet
  facet normal 0 0 -1
    outer loop
      vertex 52.9603 0 0
      vertex 43.3855 13.5139 0
      vertex 43.8088 13.5556 0
    endloop
  endfacet
  facet normal 0 0 -1
    outer loop
      vertex 52.9603 0 0
      vertex 42.9603 13.5 0
      vertex 43.3855 13.5139 0
    endloop
  endfacet
  facet normal 0 0 -1
    outer loop
      vertex 52.9603 0 0
      vertex 42.5352 13.5139 0
      vertex 42.9603 13.5 0
    endloop
  endfacet
  facet normal 0 0 -1
    outer loop
      vertex 52.9603 0 0
      vertex 42.1119 13.5556 0
      vertex 42.5352 13.5139 0
    endloop
  endfacet
  facet normal 0 0 -1
    outer loop
      vertex 52.9603 0 0
      vertex 41.6923 13.6249 0
      vertex 42.1119 13.5556 0
    endloop
  endfacet
  facet normal 0 0 -1
    outer loop
      vertex 52.9603 0 0
      vertex 41.278 13.7215 0
      vertex 41.6923 13.6249 0
    endloop
  endfacet
  facet normal 0 0 -1
    outer loop
      vertex 52.9603 0 0
      vertex 40.871 13.845 0
      vertex 41.278 13.7215 0
    endloop
  endfacet
  facet normal 0 0 -1
    outer loop
      vertex 52.9603 0 0
      vertex 40.4729 13.9948 0
      vertex 40.871 13.845 0
    endloop
  endfacet
  facet normal 0 0 -1
    outer loop
      vertex 12.7 0 0
      vertex 40.4729 13.9948 0
      vertex 52.9603 0 0
    endloop
  endfacet
  facet normal -0 0 -1
    outer loop
      vertex 40.4729 13.9948 0
      vertex 12.7 0 0
      vertex 40.0855 14.1703 0
    endloop
  endfacet
  facet normal -0 0 -1
    outer loop
      vertex 40.0855 14.1703 0
      vertex 12.7 0 0
      vertex 39.7103 14.3708 0
    endloop
  endfacet
  facet normal -0 0 -1
    outer loop
      vertex 39.7103 14.3708 0
      vertex 12.7 0 0
      vertex 39.3491 14.5954 0
    endloop
  endfacet
  facet normal 0 -0 -1
    outer loop
      vertex 29.1402 17.2559 0
      vertex 39.3491 14.5954 0
      vertex 12.7 0 0
    endloop
  endfacet
  facet normal 0 -0 -1
    outer loop
      vertex 29.3193 17.2735 0
      vertex 39.3491 14.5954 0
      vertex 29.1402 17.2559 0
    endloop
  endfacet
  facet normal 0 0 -1
    outer loop
      vertex 31.7045 19.8201 0
      vertex 36.4603 20 0
      vertex 36.4743 19.5749 0
    endloop
  endfacet
  facet normal 0 0 -1
    outer loop
      vertex 31.6575 19.4635 0
      vertex 36.4743 19.5749 0
      vertex 36.5159 19.1516 0
    endloop
  endfacet
  facet normal 0 0 -1
    outer loop
      vertex 31.6166 19.2882 0
      vertex 36.5159 19.1516 0
      vertex 36.5852 18.7319 0
    endloop
  endfacet
  facet normal 0 0 -1
    outer loop
      vertex 31.501 18.9476 0
      vertex 36.5852 18.7319 0
      vertex 36.6818 18.3177 0
    endloop
  endfacet
  facet normal 0 0 -1
    outer loop
      vertex 31.3419 18.625 0
      vertex 36.6818 18.3177 0
      vertex 36.8053 17.9106 0
    endloop
  endfacet
  facet normal 0 0 -1
    outer loop
      vertex 31.2469 18.4722 0
      vertex 36.8053 17.9106 0
      vertex 36.9551 17.5126 0
    endloop
  endfacet
  facet normal 0 0 -1
    outer loop
      vertex 31.0279 18.1868 0
      vertex 36.9551 17.5126 0
      vertex 37.1307 17.1251 0
    endloop
  endfacet
  facet normal 0 0 -1
    outer loop
      vertex 30.9049 18.0555 0
      vertex 37.1307 17.1251 0
      vertex 37.3312 16.75 0
    endloop
  endfacet
  facet normal 0 0 -1
    outer loop
      vertex 30.6344 17.8183 0
      vertex 37.3312 16.75 0
      vertex 37.5558 16.3888 0
    endloop
  endfacet
  facet normal 0 0 -1
    outer loop
      vertex 30.4882 17.7135 0
      vertex 37.5558 16.3888 0
      vertex 37.8035 16.043 0
    endloop
  endfacet
  facet normal 0 0 -1
    outer loop
      vertex 30.1766 17.5336 0
      vertex 37.8035 16.043 0
      vertex 38.0734 15.7143 0
    endloop
  endfacet
  facet normal 0 0 -1
    outer loop
      vertex 30.0127 17.4593 0
      vertex 38.0734 15.7143 0
      vertex 38.3641 15.4038 0
    endloop
  endfacet
  facet normal 0 0 -1
    outer loop
      vertex 39.3491 14.5954 0
      vertex 29.3193 17.2735 0
      vertex 39.0034 14.8432 0
    endloop
  endfacet
  facet normal -0 0 -1
    outer loop
      vertex 36.4603 20 0
      vertex 31.7045 19.8201 0
      vertex 31.7103 20 0
    endloop
  endfacet
  facet normal 0 0 -1
    outer loop
      vertex 36.4743 19.5749 0
      vertex 31.6868 19.6411 0
      vertex 31.7045 19.8201 0
    endloop
  endfacet
  facet normal -0 0 -1
    outer loop
      vertex 36.4743 19.5749 0
      vertex 31.6575 19.4635 0
      vertex 31.6868 19.6411 0
    endloop
  endfacet
  facet normal 0 0 -1
    outer loop
      vertex 36.5159 19.1516 0
      vertex 31.6166 19.2882 0
      vertex 31.6575 19.4635 0
    endloop
  endfacet
  facet normal 0 0 -1
    outer loop
      vertex 36.5852 18.7319 0
      vertex 31.5644 19.116 0
      vertex 31.6166 19.2882 0
    endloop
  endfacet
  facet normal 0 0 -1
    outer loop
      vertex 36.5852 18.7319 0
      vertex 31.501 18.9476 0
      vertex 31.5644 19.116 0
    endloop
  endfacet
  facet normal 0 0 -1
    outer loop
      vertex 36.6818 18.3177 0
      vertex 31.4267 18.7837 0
      vertex 31.501 18.9476 0
    endloop
  endfacet
  facet normal 0 0 -1
    outer loop
      vertex 36.6818 18.3177 0
      vertex 31.3419 18.625 0
      vertex 31.4267 18.7837 0
    endloop
  endfacet
  facet normal 0 0 -1
    outer loop
      vertex 36.8053 17.9106 0
      vertex 31.2469 18.4722 0
      vertex 31.3419 18.625 0
    endloop
  endfacet
  facet normal 0 0 -1
    outer loop
      vertex 36.9551 17.5126 0
      vertex 31.1421 18.3259 0
      vertex 31.2469 18.4722 0
    endloop
  endfacet
  facet normal 0 0 -1
    outer loop
      vertex 36.9551 17.5126 0
      vertex 31.0279 18.1868 0
      vertex 31.1421 18.3259 0
    endloop
  endfacet
  facet normal 0 0 -1
    outer loop
      vertex 37.1307 17.1251 0
      vertex 30.9049 18.0555 0
      vertex 31.0279 18.1868 0
    endloop
  endfacet
  facet normal 0 0 -1
    outer loop
      vertex 37.3312 16.75 0
      vertex 30.7735 17.9324 0
      vertex 30.9049 18.0555 0
    endloop
  endfacet
  facet normal 0 0 -1
    outer loop
      vertex 37.3312 16.75 0
      vertex 30.6344 17.8183 0
      vertex 30.7735 17.9324 0
    endloop
  endfacet
  facet normal 0 0 -1
    outer loop
      vertex 37.5558 16.3888 0
      vertex 30.4882 17.7135 0
      vertex 30.6344 17.8183 0
    endloop
  endfacet
  facet normal 0 0 -1
    outer loop
      vertex 37.8035 16.043 0
      vertex 30.3353 17.6184 0
      vertex 30.4882 17.7135 0
    endloop
  endfacet
  facet normal 0 0 -1
    outer loop
      vertex 37.8035 16.043 0
      vertex 30.1766 17.5336 0
      vertex 30.3353 17.6184 0
    endloop
  endfacet
  facet normal 0 0 -1
    outer loop
      vertex 38.0734 15.7143 0
      vertex 30.0127 17.4593 0
      vertex 30.1766 17.5336 0
    endloop
  endfacet
  facet normal 0 0 -1
    outer loop
      vertex 38.3641 15.4038 0
      vertex 29.8443 17.3959 0
      vertex 30.0127 17.4593 0
    endloop
  endfacet
  facet normal 0 0 -1
    outer loop
      vertex 38.3641 15.4038 0
      vertex 29.6721 17.3437 0
      vertex 29.8443 17.3959 0
    endloop
  endfacet
  facet normal 0 0 -1
    outer loop
      vertex 38.6746 15.113 0
      vertex 29.6721 17.3437 0
      vertex 38.3641 15.4038 0
    endloop
  endfacet
  facet normal 0 -0 -1
    outer loop
      vertex 29.6721 17.3437 0
      vertex 38.6746 15.113 0
      vertex 29.4968 17.3028 0
    endloop
  endfacet
  facet normal 0 -0 -1
    outer loop
      vertex 29.4968 17.3028 0
      vertex 39.0034 14.8432 0
      vertex 29.3193 17.2735 0
    endloop
  endfacet
  facet normal 0 0 -1
    outer loop
      vertex 39.0034 14.8432 0
      vertex 29.4968 17.3028 0
      vertex 38.6746 15.113 0
    endloop
  endfacet
  facet normal 0 0 -1
    outer loop
      vertex 29.1402 17.2559 0
      vertex 12.7 0 0
      vertex 28.9603 17.25 0
    endloop
  endfacet
  facet normal -0 0 -1
    outer loop
      vertex 28.9603 17.25 0
      vertex 12.7 0 0
      vertex 28.7805 17.2559 0
    endloop
  endfacet
  facet normal -0 0 -1
    outer loop
      vertex 28.7805 17.2559 0
      vertex 12.7 0 0
      vertex 28.6014 17.2735 0
    endloop
  endfacet
  facet normal -0 0 -1
    outer loop
      vertex 28.6014 17.2735 0
      vertex 12.7 0 0
      vertex 28.4238 17.3028 0
    endloop
  endfacet
  facet normal -0 0 -1
    outer loop
      vertex 28.4238 17.3028 0
      vertex 12.7 0 0
      vertex 28.2486 17.3437 0
    endloop
  endfacet
  facet normal -0 0 -1
    outer loop
      vertex 28.2486 17.3437 0
      vertex 12.7 0 0
      vertex 28.0764 17.3959 0
    endloop
  endfacet
  facet normal -0 0 -1
    outer loop
      vertex 28.0764 17.3959 0
      vertex 12.7 0 0
      vertex 27.908 17.4593 0
    endloop
  endfacet
  facet normal -0 0 -1
    outer loop
      vertex 27.908 17.4593 0
      vertex 12.7 0 0
      vertex 27.744 17.5336 0
    endloop
  endfacet
  facet normal -0 0 -1
    outer loop
      vertex 27.744 17.5336 0
      vertex 12.7 0 0
      vertex 27.5853 17.6184 0
    endloop
  endfacet
  facet normal -0 0 -1
    outer loop
      vertex 26.2162 19.8201 0
      vertex 12.7 0 0
      vertex 26.2103 20 0
    endloop
  endfacet
  facet normal -0 0 -1
    outer loop
      vertex 26.2339 19.6411 0
      vertex 12.7 0 0
      vertex 26.2162 19.8201 0
    endloop
  endfacet
  facet normal -0 0 -1
    outer loop
      vertex 26.2632 19.4635 0
      vertex 12.7 0 0
      vertex 26.2339 19.6411 0
    endloop
  endfacet
  facet normal -0 0 -1
    outer loop
      vertex 26.304 19.2882 0
      vertex 12.7 0 0
      vertex 26.2632 19.4635 0
    endloop
  endfacet
  facet normal -0 0 -1
    outer loop
      vertex 26.3563 19.116 0
      vertex 12.7 0 0
      vertex 26.304 19.2882 0
    endloop
  endfacet
  facet normal -0 0 -1
    outer loop
      vertex 26.4197 18.9476 0
      vertex 12.7 0 0
      vertex 26.3563 19.116 0
    endloop
  endfacet
  facet normal -0 0 -1
    outer loop
      vertex 26.4939 18.7837 0
      vertex 12.7 0 0
      vertex 26.4197 18.9476 0
    endloop
  endfacet
  facet normal -0 0 -1
    outer loop
      vertex 26.5788 18.625 0
      vertex 12.7 0 0
      vertex 26.4939 18.7837 0
    endloop
  endfacet
  facet normal -0 0 -1
    outer loop
      vertex 26.6738 18.4722 0
      vertex 12.7 0 0
      vertex 26.5788 18.625 0
    endloop
  endfacet
  facet normal -0 0 -1
    outer loop
      vertex 26.7786 18.3259 0
      vertex 12.7 0 0
      vertex 26.6738 18.4722 0
    endloop
  endfacet
  facet normal -0 0 -1
    outer loop
      vertex 26.8928 18.1868 0
      vertex 12.7 0 0
      vertex 26.7786 18.3259 0
    endloop
  endfacet
  facet normal -0 0 -1
    outer loop
      vertex 27.0158 18.0555 0
      vertex 12.7 0 0
      vertex 26.8928 18.1868 0
    endloop
  endfacet
  facet normal -0 0 -1
    outer loop
      vertex 27.1471 17.9324 0
      vertex 12.7 0 0
      vertex 27.0158 18.0555 0
    endloop
  endfacet
  facet normal -0 0 -1
    outer loop
      vertex 27.2862 17.8183 0
      vertex 12.7 0 0
      vertex 27.1471 17.9324 0
    endloop
  endfacet
  facet normal -0 0 -1
    outer loop
      vertex 27.4325 17.7135 0
      vertex 12.7 0 0
      vertex 27.2862 17.8183 0
    endloop
  endfacet
  facet normal -0 0 -1
    outer loop
      vertex 27.5853 17.6184 0
      vertex 12.7 0 0
      vertex 27.4325 17.7135 0
    endloop
  endfacet
  facet normal 0 0 -1
    outer loop
      vertex 49.4464 20.4251 0
      vertex 52.9603 40 0
      vertex 49.4603 20 0
    endloop
  endfacet
  facet normal 0 0 -1
    outer loop
      vertex 49.4047 20.8484 0
      vertex 52.9603 40 0
      vertex 49.4464 20.4251 0
    endloop
  endfacet
  facet normal 0 0 -1
    outer loop
      vertex 49.3354 21.2681 0
      vertex 52.9603 40 0
      vertex 49.4047 20.8484 0
    endloop
  endfacet
  facet normal 0 0 -1
    outer loop
      vertex 49.2389 21.6823 0
      vertex 52.9603 40 0
      vertex 49.3354 21.2681 0
    endloop
  endfacet
  facet normal 0 0 -1
    outer loop
      vertex 49.1154 22.0894 0
      vertex 52.9603 40 0
      vertex 49.2389 21.6823 0
    endloop
  endfacet
  facet normal 0 0 -1
    outer loop
      vertex 48.9656 22.4874 0
      vertex 52.9603 40 0
      vertex 49.1154 22.0894 0
    endloop
  endfacet
  facet normal 0 0 -1
    outer loop
      vertex 48.79 22.8749 0
      vertex 52.9603 40 0
      vertex 48.9656 22.4874 0
    endloop
  endfacet
  facet normal 0 0 -1
    outer loop
      vertex 48.5895 23.25 0
      vertex 52.9603 40 0
      vertex 48.79 22.8749 0
    endloop
  endfacet
  facet normal 0 0 -1
    outer loop
      vertex 48.3649 23.6112 0
      vertex 52.9603 40 0
      vertex 48.5895 23.25 0
    endloop
  endfacet
  facet normal 0 0 -1
    outer loop
      vertex 48.1171 23.9569 0
      vertex 52.9603 40 0
      vertex 48.3649 23.6112 0
    endloop
  endfacet
  facet normal 0 0 -1
    outer loop
      vertex 47.8473 24.2857 0
      vertex 52.9603 40 0
      vertex 48.1171 23.9569 0
    endloop
  endfacet
  facet normal 0 0 -1
    outer loop
      vertex 47.5565 24.5962 0
      vertex 52.9603 40 0
      vertex 47.8473 24.2857 0
    endloop
  endfacet
  facet normal 0 0 -1
    outer loop
      vertex 47.2461 24.887 0
      vertex 52.9603 40 0
      vertex 47.5565 24.5962 0
    endloop
  endfacet
  facet normal 0 0 -1
    outer loop
      vertex 46.9173 25.1568 0
      vertex 52.9603 40 0
      vertex 47.2461 24.887 0
    endloop
  endfacet
  facet normal 0 0 -1
    outer loop
      vertex 46.5715 25.4046 0
      vertex 52.9603 40 0
      vertex 46.9173 25.1568 0
    endloop
  endfacet
  facet normal 0 0 -1
    outer loop
      vertex 46.2103 25.6292 0
      vertex 52.9603 40 0
      vertex 46.5715 25.4046 0
    endloop
  endfacet
  facet normal 0 0 -1
    outer loop
      vertex 45.8352 25.8297 0
      vertex 52.9603 40 0
      vertex 46.2103 25.6292 0
    endloop
  endfacet
  facet normal 0 0 -1
    outer loop
      vertex 45.4478 26.0052 0
      vertex 52.9603 40 0
      vertex 45.8352 25.8297 0
    endloop
  endfacet
  facet normal 0 0 -1
    outer loop
      vertex 45.0497 26.155 0
      vertex 52.9603 40 0
      vertex 45.4478 26.0052 0
    endloop
  endfacet
  facet normal 0 0 -1
    outer loop
      vertex 44.6427 26.2785 0
      vertex 52.9603 40 0
      vertex 45.0497 26.155 0
    endloop
  endfacet
  facet normal 0 0 -1
    outer loop
      vertex 44.2284 26.3751 0
      vertex 52.9603 40 0
      vertex 44.6427 26.2785 0
    endloop
  endfacet
  facet normal 0 0 -1
    outer loop
      vertex 43.8088 26.4444 0
      vertex 52.9603 40 0
      vertex 44.2284 26.3751 0
    endloop
  endfacet
  facet normal 0 0 -1
    outer loop
      vertex 43.3855 26.4861 0
      vertex 52.9603 40 0
      vertex 43.8088 26.4444 0
    endloop
  endfacet
  facet normal 0 0 -1
    outer loop
      vertex 42.9603 26.5 0
      vertex 52.9603 40 0
      vertex 43.3855 26.4861 0
    endloop
  endfacet
  facet normal 0 0 -1
    outer loop
      vertex 42.5352 26.4861 0
      vertex 52.9603 40 0
      vertex 42.9603 26.5 0
    endloop
  endfacet
  facet normal 0 0 -1
    outer loop
      vertex 42.1119 26.4444 0
      vertex 52.9603 40 0
      vertex 42.5352 26.4861 0
    endloop
  endfacet
  facet normal 0 0 -1
    outer loop
      vertex 41.6923 26.3751 0
      vertex 52.9603 40 0
      vertex 42.1119 26.4444 0
    endloop
  endfacet
  facet normal 0 0 -1
    outer loop
      vertex 41.278 26.2785 0
      vertex 52.9603 40 0
      vertex 41.6923 26.3751 0
    endloop
  endfacet
  facet normal 0 0 -1
    outer loop
      vertex 40.871 26.155 0
      vertex 52.9603 40 0
      vertex 41.278 26.2785 0
    endloop
  endfacet
  facet normal 0 0 -1
    outer loop
      vertex 40.4729 26.0052 0
      vertex 52.9603 40 0
      vertex 40.871 26.155 0
    endloop
  endfacet
  facet normal 0 0 -1
    outer loop
      vertex 12.7 40 0
      vertex 40.4729 26.0052 0
      vertex 40.0855 25.8297 0
    endloop
  endfacet
  facet normal 0 0 -1
    outer loop
      vertex 12.7 40 0
      vertex 40.0855 25.8297 0
      vertex 39.7103 25.6292 0
    endloop
  endfacet
  facet normal 0 0 -1
    outer loop
      vertex 12.7 40 0
      vertex 39.7103 25.6292 0
      vertex 39.3491 25.4046 0
    endloop
  endfacet
  facet normal 0 0 -1
    outer loop
      vertex 29.3193 22.7265 0
      vertex 39.3491 25.4046 0
      vertex 39.0034 25.1568 0
    endloop
  endfacet
  facet normal 0 0 -1
    outer loop
      vertex 29.4968 22.6972 0
      vertex 39.0034 25.1568 0
      vertex 38.6746 24.887 0
    endloop
  endfacet
  facet normal 0 0 -1
    outer loop
      vertex 29.6721 22.6563 0
      vertex 38.6746 24.887 0
      vertex 38.3641 24.5962 0
    endloop
  endfacet
  facet normal 0 0 -1
    outer loop
      vertex 31.7045 20.1799 0
      vertex 36.4603 20 0
      vertex 31.7103 20 0
    endloop
  endfacet
  facet normal 0 0 -1
    outer loop
      vertex 36.4603 20 0
      vertex 31.7045 20.1799 0
      vertex 36.4743 20.4251 0
    endloop
  endfacet
  facet normal 0 0 -1
    outer loop
      vertex 31.6868 20.3589 0
      vertex 36.4743 20.4251 0
      vertex 31.7045 20.1799 0
    endloop
  endfacet
  facet normal 0 0 -1
    outer loop
      vertex 31.6575 20.5365 0
      vertex 36.4743 20.4251 0
      vertex 31.6868 20.3589 0
    endloop
  endfacet
  facet normal 0 0 -1
    outer loop
      vertex 36.4743 20.4251 0
      vertex 31.6575 20.5365 0
      vertex 36.5159 20.8484 0
    endloop
  endfacet
  facet normal 0 0 -1
    outer loop
      vertex 31.6166 20.7118 0
      vertex 36.5159 20.8484 0
      vertex 31.6575 20.5365 0
    endloop
  endfacet
  facet normal -0 0 -1
    outer loop
      vertex 36.5159 20.8484 0
      vertex 31.6166 20.7118 0
      vertex 36.5852 21.2681 0
    endloop
  endfacet
  facet normal 0 0 -1
    outer loop
      vertex 31.5644 20.884 0
      vertex 36.5852 21.2681 0
      vertex 31.6166 20.7118 0
    endloop
  endfacet
  facet normal 0 0 -1
    outer loop
      vertex 31.501 21.0524 0
      vertex 36.5852 21.2681 0
      vertex 31.5644 20.884 0
    endloop
  endfacet
  facet normal -0 0 -1
    outer loop
      vertex 36.5852 21.2681 0
      vertex 31.501 21.0524 0
      vertex 36.6818 21.6823 0
    endloop
  endfacet
  facet normal 0 0 -1
    outer loop
      vertex 31.4267 21.2163 0
      vertex 36.6818 21.6823 0
      vertex 31.501 21.0524 0
    endloop
  endfacet
  facet normal 0 0 -1
    outer loop
      vertex 31.3419 21.375 0
      vertex 36.6818 21.6823 0
      vertex 31.4267 21.2163 0
    endloop
  endfacet
  facet normal -0 0 -1
    outer loop
      vertex 36.6818 21.6823 0
      vertex 31.3419 21.375 0
      vertex 36.8053 22.0894 0
    endloop
  endfacet
  facet normal 0 0 -1
    outer loop
      vertex 31.2469 21.5278 0
      vertex 36.8053 22.0894 0
      vertex 31.3419 21.375 0
    endloop
  endfacet
  facet normal -0 0 -1
    outer loop
      vertex 36.8053 22.0894 0
      vertex 31.2469 21.5278 0
      vertex 36.9551 22.4874 0
    endloop
  endfacet
  facet normal 0 0 -1
    outer loop
      vertex 31.1421 21.6741 0
      vertex 36.9551 22.4874 0
      vertex 31.2469 21.5278 0
    endloop
  endfacet
  facet normal 0 0 -1
    outer loop
      vertex 31.0279 21.8132 0
      vertex 36.9551 22.4874 0
      vertex 31.1421 21.6741 0
    endloop
  endfacet
  facet normal -0 0 -1
    outer loop
      vertex 36.9551 22.4874 0
      vertex 31.0279 21.8132 0
      vertex 37.1307 22.8749 0
    endloop
  endfacet
  facet normal 0 0 -1
    outer loop
      vertex 30.9049 21.9445 0
      vertex 37.1307 22.8749 0
      vertex 31.0279 21.8132 0
    endloop
  endfacet
  facet normal -0 0 -1
    outer loop
      vertex 37.1307 22.8749 0
      vertex 30.9049 21.9445 0
      vertex 37.3312 23.25 0
    endloop
  endfacet
  facet normal 0 0 -1
    outer loop
      vertex 30.7735 22.0676 0
      vertex 37.3312 23.25 0
      vertex 30.9049 21.9445 0
    endloop
  endfacet
  facet normal 0 0 -1
    outer loop
      vertex 30.6344 22.1817 0
      vertex 37.3312 23.25 0
      vertex 30.7735 22.0676 0
    endloop
  endfacet
  facet normal -0 0 -1
    outer loop
      vertex 37.3312 23.25 0
      vertex 30.6344 22.1817 0
      vertex 37.5558 23.6112 0
    endloop
  endfacet
  facet normal 0 0 -1
    outer loop
      vertex 30.4882 22.2865 0
      vertex 37.5558 23.6112 0
      vertex 30.6344 22.1817 0
    endloop
  endfacet
  facet normal -0 0 -1
    outer loop
      vertex 37.5558 23.6112 0
      vertex 30.4882 22.2865 0
      vertex 37.8035 23.9569 0
    endloop
  endfacet
  facet normal 0 0 -1
    outer loop
      vertex 30.3353 22.3816 0
      vertex 37.8035 23.9569 0
      vertex 30.4882 22.2865 0
    endloop
  endfacet
  facet normal 0 0 -1
    outer loop
      vertex 30.1766 22.4664 0
      vertex 37.8035 23.9569 0
      vertex 30.3353 22.3816 0
    endloop
  endfacet
  facet normal -0 0 -1
    outer loop
      vertex 37.8035 23.9569 0
      vertex 30.1766 22.4664 0
      vertex 38.0734 24.2857 0
    endloop
  endfacet
  facet normal 0 0 -1
    outer loop
      vertex 30.0127 22.5407 0
      vertex 38.0734 24.2857 0
      vertex 30.1766 22.4664 0
    endloop
  endfacet
  facet normal -0 0 -1
    outer loop
      vertex 38.0734 24.2857 0
      vertex 30.0127 22.5407 0
      vertex 38.3641 24.5962 0
    endloop
  endfacet
  facet normal 0 0 -1
    outer loop
      vertex 29.8443 22.6041 0
      vertex 38.3641 24.5962 0
      vertex 30.0127 22.5407 0
    endloop
  endfacet
  facet normal 0 0 -1
    outer loop
      vertex 29.6721 22.6563 0
      vertex 38.3641 24.5962 0
      vertex 29.8443 22.6041 0
    endloop
  endfacet
  facet normal 0 0 -1
    outer loop
      vertex 38.6746 24.887 0
      vertex 29.6721 22.6563 0
      vertex 29.4968 22.6972 0
    endloop
  endfacet
  facet normal 0 0 -1
    outer loop
      vertex 39.0034 25.1568 0
      vertex 29.4968 22.6972 0
      vertex 29.3193 22.7265 0
    endloop
  endfacet
  facet normal 0 0 -1
    outer loop
      vertex 39.3491 25.4046 0
      vertex 29.3193 22.7265 0
      vertex 29.1402 22.7441 0
    endloop
  endfacet
  facet normal -0 0 -1
    outer loop
      vertex 39.3491 25.4046 0
      vertex 29.1402 22.7441 0
      vertex 12.7 40 0
    endloop
  endfacet
  facet normal 0 0 -1
    outer loop
      vertex 12.7 40 0
      vertex 29.1402 22.7441 0
      vertex 28.9603 22.75 0
    endloop
  endfacet
  facet normal 0 0 -1
    outer loop
      vertex 12.7 40 0
      vertex 28.9603 22.75 0
      vertex 28.7805 22.7441 0
    endloop
  endfacet
  facet normal 0 0 -1
    outer loop
      vertex 12.7 40 0
      vertex 28.7805 22.7441 0
      vertex 28.6014 22.7265 0
    endloop
  endfacet
  facet normal 0 0 -1
    outer loop
      vertex 12.7 40 0
      vertex 28.6014 22.7265 0
      vertex 28.4238 22.6972 0
    endloop
  endfacet
  facet normal 0 0 -1
    outer loop
      vertex 12.7 40 0
      vertex 28.4238 22.6972 0
      vertex 28.2486 22.6563 0
    endloop
  endfacet
  facet normal 0 0 -1
    outer loop
      vertex 12.7 40 0
      vertex 28.2486 22.6563 0
      vertex 28.0764 22.6041 0
    endloop
  endfacet
  facet normal 0 0 -1
    outer loop
      vertex 12.7 40 0
      vertex 28.0764 22.6041 0
      vertex 27.908 22.5407 0
    endloop
  endfacet
  facet normal 0 0 -1
    outer loop
      vertex 12.7 40 0
      vertex 27.908 22.5407 0
      vertex 27.744 22.4664 0
    endloop
  endfacet
  facet normal 0 0 -1
    outer loop
      vertex 12.7 40 0
      vertex 27.744 22.4664 0
      vertex 27.5853 22.3816 0
    endloop
  endfacet
  facet normal 0 0 -1
    outer loop
      vertex 12.7 40 0
      vertex 27.5853 22.3816 0
      vertex 27.4325 22.2865 0
    endloop
  endfacet
  facet normal 0 0 -1
    outer loop
      vertex 12.7 40 0
      vertex 26.2103 20 0
      vertex 12.7 0 0
    endloop
  endfacet
  facet normal 0 0 -1
    outer loop
      vertex 26.2103 20 0
      vertex 12.7 40 0
      vertex 26.2162 20.1799 0
    endloop
  endfacet
  facet normal 0 0 -1
    outer loop
      vertex 26.2162 20.1799 0
      vertex 12.7 40 0
      vertex 26.2339 20.3589 0
    endloop
  endfacet
  facet normal 0 0 -1
    outer loop
      vertex 26.2339 20.3589 0
      vertex 12.7 40 0
      vertex 26.2632 20.5365 0
    endloop
  endfacet
  facet normal 0 0 -1
    outer loop
      vertex 26.2632 20.5365 0
      vertex 12.7 40 0
      vertex 26.304 20.7118 0
    endloop
  endfacet
  facet normal 0 0 -1
    outer loop
      vertex 26.304 20.7118 0
      vertex 12.7 40 0
      vertex 26.3563 20.884 0
    endloop
  endfacet
  facet normal 0 0 -1
    outer loop
      vertex 26.3563 20.884 0
      vertex 12.7 40 0
      vertex 26.4197 21.0524 0
    endloop
  endfacet
  facet normal 0 0 -1
    outer loop
      vertex 26.4197 21.0524 0
      vertex 12.7 40 0
      vertex 26.4939 21.2163 0
    endloop
  endfacet
  facet normal 0 0 -1
    outer loop
      vertex 26.4939 21.2163 0
      vertex 12.7 40 0
      vertex 26.5788 21.375 0
    endloop
  endfacet
  facet normal 0 0 -1
    outer loop
      vertex 40.4729 26.0052 0
      vertex 12.7 40 0
      vertex 52.9603 40 0
    endloop
  endfacet
  facet normal 0 0 -1
    outer loop
      vertex 27.2862 22.1817 0
      vertex 12.7 40 0
      vertex 27.4325 22.2865 0
    endloop
  endfacet
  facet normal 0 0 -1
    outer loop
      vertex 27.1471 22.0676 0
      vertex 12.7 40 0
      vertex 27.2862 22.1817 0
    endloop
  endfacet
  facet normal 0 0 -1
    outer loop
      vertex 27.0158 21.9445 0
      vertex 12.7 40 0
      vertex 27.1471 22.0676 0
    endloop
  endfacet
  facet normal 0 0 -1
    outer loop
      vertex 26.8928 21.8132 0
      vertex 12.7 40 0
      vertex 27.0158 21.9445 0
    endloop
  endfacet
  facet normal 0 0 -1
    outer loop
      vertex 26.7786 21.6741 0
      vertex 12.7 40 0
      vertex 26.8928 21.8132 0
    endloop
  endfacet
  facet normal 0 0 -1
    outer loop
      vertex 26.6738 21.5278 0
      vertex 12.7 40 0
      vertex 26.7786 21.6741 0
    endloop
  endfacet
  facet normal 0 0 -1
    outer loop
      vertex 26.5788 21.375 0
      vertex 12.7 40 0
      vertex 26.6738 21.5278 0
    endloop
  endfacet
  facet normal 1 -0 0
    outer loop
      vertex 52.9603 0 8
      vertex 52.9603 40 0
      vertex 52.9603 40 8
    endloop
  endfacet
  facet normal 1 0 0
    outer loop
      vertex 52.9603 40 0
      vertex 52.9603 0 8
      vertex 52.9603 0 0
    endloop
  endfacet
  facet normal 0 0 1
    outer loop
      vertex 52.9603 40 8
      vertex 49.4603 20 8
      vertex 52.9603 0 8
    endloop
  endfacet
  facet normal 0 0 1
    outer loop
      vertex 52.9603 40 8
      vertex 49.4464 20.4251 8
      vertex 49.4603 20 8
    endloop
  endfacet
  facet normal 0 0 1
    outer loop
      vertex 52.9603 40 8
      vertex 49.4047 20.8484 8
      vertex 49.4464 20.4251 8
    endloop
  endfacet
  facet normal 0 0 1
    outer loop
      vertex 52.9603 40 8
      vertex 49.3354 21.2681 8
      vertex 49.4047 20.8484 8
    endloop
  endfacet
  facet normal 0 0 1
    outer loop
      vertex 52.9603 40 8
      vertex 49.2389 21.6823 8
      vertex 49.3354 21.2681 8
    endloop
  endfacet
  facet normal 0 0 1
    outer loop
      vertex 52.9603 40 8
      vertex 49.1154 22.0894 8
      vertex 49.2389 21.6823 8
    endloop
  endfacet
  facet normal 0 0 1
    outer loop
      vertex 52.9603 40 8
      vertex 48.9656 22.4874 8
      vertex 49.1154 22.0894 8
    endloop
  endfacet
  facet normal 0 0 1
    outer loop
      vertex 52.9603 40 8
      vertex 48.79 22.8749 8
      vertex 48.9656 22.4874 8
    endloop
  endfacet
  facet normal 0 0 1
    outer loop
      vertex 52.9603 40 8
      vertex 48.5895 23.25 8
      vertex 48.79 22.8749 8
    endloop
  endfacet
  facet normal 0 0 1
    outer loop
      vertex 52.9603 40 8
      vertex 48.3649 23.6112 8
      vertex 48.5895 23.25 8
    endloop
  endfacet
  facet normal 0 0 1
    outer loop
      vertex 52.9603 40 8
      vertex 48.1171 23.9569 8
      vertex 48.3649 23.6112 8
    endloop
  endfacet
  facet normal 0 0 1
    outer loop
      vertex 52.9603 40 8
      vertex 47.8473 24.2857 8
      vertex 48.1171 23.9569 8
    endloop
  endfacet
  facet normal 0 0 1
    outer loop
      vertex 52.9603 40 8
      vertex 47.5565 24.5962 8
      vertex 47.8473 24.2857 8
    endloop
  endfacet
  facet normal 0 0 1
    outer loop
      vertex 52.9603 40 8
      vertex 47.2461 24.887 8
      vertex 47.5565 24.5962 8
    endloop
  endfacet
  facet normal 0 0 1
    outer loop
      vertex 52.9603 40 8
      vertex 46.9173 25.1568 8
      vertex 47.2461 24.887 8
    endloop
  endfacet
  facet normal 0 0 1
    outer loop
      vertex 52.9603 40 8
      vertex 46.5715 25.4046 8
      vertex 46.9173 25.1568 8
    endloop
  endfacet
  facet normal 0 0 1
    outer loop
      vertex 52.9603 40 8
      vertex 46.2103 25.6292 8
      vertex 46.5715 25.4046 8
    endloop
  endfacet
  facet normal 0 0 1
    outer loop
      vertex 52.9603 40 8
      vertex 45.8352 25.8297 8
      vertex 46.2103 25.6292 8
    endloop
  endfacet
  facet normal 0 0 1
    outer loop
      vertex 52.9603 40 8
      vertex 45.4478 26.0052 8
      vertex 45.8352 25.8297 8
    endloop
  endfacet
  facet normal 0 0 1
    outer loop
      vertex 52.9603 40 8
      vertex 45.0497 26.155 8
      vertex 45.4478 26.0052 8
    endloop
  endfacet
  facet normal 0 0 1
    outer loop
      vertex 52.9603 40 8
      vertex 44.6427 26.2785 8
      vertex 45.0497 26.155 8
    endloop
  endfacet
  facet normal 0 0 1
    outer loop
      vertex 52.9603 40 8
      vertex 44.2284 26.3751 8
      vertex 44.6427 26.2785 8
    endloop
  endfacet
  facet normal 0 0 1
    outer loop
      vertex 52.9603 40 8
      vertex 43.8088 26.4444 8
      vertex 44.2284 26.3751 8
    endloop
  endfacet
  facet normal 0 0 1
    outer loop
      vertex 52.9603 40 8
      vertex 43.3855 26.4861 8
      vertex 43.8088 26.4444 8
    endloop
  endfacet
  facet normal 0 0 1
    outer loop
      vertex 52.9603 40 8
      vertex 42.9603 26.5 8
      vertex 43.3855 26.4861 8
    endloop
  endfacet
  facet normal 0 0 1
    outer loop
      vertex 52.9603 40 8
      vertex 42.5352 26.4861 8
      vertex 42.9603 26.5 8
    endloop
  endfacet
  facet normal 0 0 1
    outer loop
      vertex 52.9603 40 8
      vertex 42.1119 26.4444 8
      vertex 42.5352 26.4861 8
    endloop
  endfacet
  facet normal 0 0 1
    outer loop
      vertex 52.9603 40 8
      vertex 41.6923 26.3751 8
      vertex 42.1119 26.4444 8
    endloop
  endfacet
  facet normal 0 0 1
    outer loop
      vertex 52.9603 40 8
      vertex 41.278 26.2785 8
      vertex 41.6923 26.3751 8
    endloop
  endfacet
  facet normal 0 0 1
    outer loop
      vertex 52.9603 40 8
      vertex 40.871 26.155 8
      vertex 41.278 26.2785 8
    endloop
  endfacet
  facet normal -0 0 1
    outer loop
      vertex 19.3728 40 8
      vertex 40.871 26.155 8
      vertex 52.9603 40 8
    endloop
  endfacet
  facet normal 0 0 1
    outer loop
      vertex 40.871 26.155 8
      vertex 19.3728 40 8
      vertex 40.4729 26.0052 8
    endloop
  endfacet
  facet normal 0 0 1
    outer loop
      vertex 40.4729 26.0052 8
      vertex 19.3728 40 8
      vertex 40.0855 25.8297 8
    endloop
  endfacet
  facet normal 0 -0 1
    outer loop
      vertex 30.1897 24.5881 8
      vertex 40.0855 25.8297 8
      vertex 19.3728 40 8
    endloop
  endfacet
  facet normal 0 0 1
    outer loop
      vertex 40.0855 25.8297 8
      vertex 30.1897 24.5881 8
      vertex 39.7103 25.6292 8
    endloop
  endfacet
  facet normal 0 -0 1
    outer loop
      vertex 30.4872 24.4979 8
      vertex 39.7103 25.6292 8
      vertex 30.1897 24.5881 8
    endloop
  endfacet
  facet normal 0 0 1
    outer loop
      vertex 39.7103 25.6292 8
      vertex 30.4872 24.4979 8
      vertex 39.3491 25.4046 8
    endloop
  endfacet
  facet normal -0 0 1
    outer loop
      vertex 33.7002 20.3107 8
      vertex 36.4603 20 8
      vertex 36.4743 20.4251 8
    endloop
  endfacet
  facet normal -0 0 1
    outer loop
      vertex 33.6697 20.62 8
      vertex 36.4743 20.4251 8
      vertex 36.5159 20.8484 8
    endloop
  endfacet
  facet normal -0 0 1
    outer loop
      vertex 33.6191 20.9267 8
      vertex 36.5159 20.8484 8
      vertex 36.5852 21.2681 8
    endloop
  endfacet
  facet normal 0 0 1
    outer loop
      vertex 33.5485 21.2294 8
      vertex 36.5852 21.2681 8
      vertex 36.6818 21.6823 8
    endloop
  endfacet
  facet normal -0 0 1
    outer loop
      vertex 33.3488 21.8177 8
      vertex 36.6818 21.6823 8
      vertex 36.8053 22.0894 8
    endloop
  endfacet
  facet normal -0 0 1
    outer loop
      vertex 33.2205 22.1009 8
      vertex 36.8053 22.0894 8
      vertex 36.9551 22.4874 8
    endloop
  endfacet
  facet normal 0 0 1
    outer loop
      vertex 33.074 22.375 8
      vertex 36.9551 22.4874 8
      vertex 37.1307 22.8749 8
    endloop
  endfacet
  facet normal 0 0 1
    outer loop
      vertex 32.9098 22.639 8
      vertex 37.1307 22.8749 8
      vertex 37.3312 23.25 8
    endloop
  endfacet
  facet normal 0 0 1
    outer loop
      vertex 32.5316 23.1319 8
      vertex 37.3312 23.25 8
      vertex 37.5558 23.6112 8
    endloop
  endfacet
  facet normal 0 0 1
    outer loop
      vertex 32.3191 23.3588 8
      vertex 37.5558 23.6112 8
      vertex 37.8035 23.9569 8
    endloop
  endfacet
  facet normal 0 0 1
    outer loop
      vertex 32.0922 23.5712 8
      vertex 37.8035 23.9569 8
      vertex 38.0734 24.2857 8
    endloop
  endfacet
  facet normal 0 0 1
    outer loop
      vertex 31.852 23.7684 8
      vertex 38.0734 24.2857 8
      vertex 38.3641 24.5962 8
    endloop
  endfacet
  facet normal 0 -0 1
    outer loop
      vertex 30.7781 24.3884 8
      vertex 39.3491 25.4046 8
      vertex 30.4872 24.4979 8
    endloop
  endfacet
  facet normal 0 0 1
    outer loop
      vertex 36.4603 20 8
      vertex 33.7002 20.3107 8
      vertex 33.7103 20 8
    endloop
  endfacet
  facet normal 0 0 1
    outer loop
      vertex 36.4743 20.4251 8
      vertex 33.6697 20.62 8
      vertex 33.7002 20.3107 8
    endloop
  endfacet
  facet normal 0 0 1
    outer loop
      vertex 36.5159 20.8484 8
      vertex 33.6191 20.9267 8
      vertex 33.6697 20.62 8
    endloop
  endfacet
  facet normal 0 0 1
    outer loop
      vertex 36.5852 21.2681 8
      vertex 33.5485 21.2294 8
      vertex 33.6191 20.9267 8
    endloop
  endfacet
  facet normal 0 0 1
    outer loop
      vertex 36.6818 21.6823 8
      vertex 33.4583 21.5268 8
      vertex 33.5485 21.2294 8
    endloop
  endfacet
  facet normal 0 0 1
    outer loop
      vertex 36.6818 21.6823 8
      vertex 33.3488 21.8177 8
      vertex 33.4583 21.5268 8
    endloop
  endfacet
  facet normal 0 0 1
    outer loop
      vertex 36.8053 22.0894 8
      vertex 33.2205 22.1009 8
      vertex 33.3488 21.8177 8
    endloop
  endfacet
  facet normal 0 0 1
    outer loop
      vertex 36.9551 22.4874 8
      vertex 33.074 22.375 8
      vertex 33.2205 22.1009 8
    endloop
  endfacet
  facet normal 0 0 1
    outer loop
      vertex 37.1307 22.8749 8
      vertex 32.9098 22.639 8
      vertex 33.074 22.375 8
    endloop
  endfacet
  facet normal 0 0 1
    outer loop
      vertex 37.3312 23.25 8
      vertex 32.7288 22.8916 8
      vertex 32.9098 22.639 8
    endloop
  endfacet
  facet normal 0 0 1
    outer loop
      vertex 37.3312 23.25 8
      vertex 32.5316 23.1319 8
      vertex 32.7288 22.8916 8
    endloop
  endfacet
  facet normal 0 0 1
    outer loop
      vertex 37.5558 23.6112 8
      vertex 32.3191 23.3588 8
      vertex 32.5316 23.1319 8
    endloop
  endfacet
  facet normal 0 0 1
    outer loop
      vertex 37.8035 23.9569 8
      vertex 32.0922 23.5712 8
      vertex 32.3191 23.3588 8
    endloop
  endfacet
  facet normal 0 0 1
    outer loop
      vertex 38.0734 24.2857 8
      vertex 31.852 23.7684 8
      vertex 32.0922 23.5712 8
    endloop
  endfacet
  facet normal 0 0 1
    outer loop
      vertex 38.3641 24.5962 8
      vertex 31.5993 23.9495 8
      vertex 31.852 23.7684 8
    endloop
  endfacet
  facet normal 0 0 1
    outer loop
      vertex 38.3641 24.5962 8
      vertex 31.3353 24.1136 8
      vertex 31.5993 23.9495 8
    endloop
  endfacet
  facet normal 0 0 1
    outer loop
      vertex 38.6746 24.887 8
      vertex 31.3353 24.1136 8
      vertex 38.3641 24.5962 8
    endloop
  endfacet
  facet normal 0 -0 1
    outer loop
      vertex 31.3353 24.1136 8
      vertex 38.6746 24.887 8
      vertex 31.0612 24.2601 8
    endloop
  endfacet
  facet normal 0 0 1
    outer loop
      vertex 39.0034 25.1568 8
      vertex 31.0612 24.2601 8
      vertex 38.6746 24.887 8
    endloop
  endfacet
  facet normal 0 0 1
    outer loop
      vertex 39.3491 25.4046 8
      vertex 30.7781 24.3884 8
      vertex 39.0034 25.1568 8
    endloop
  endfacet
  facet normal 0 -0 1
    outer loop
      vertex 31.0612 24.2601 8
      vertex 39.0034 25.1568 8
      vertex 30.7781 24.3884 8
    endloop
  endfacet
  facet normal 0 0 1
    outer loop
      vertex 30.1897 24.5881 8
      vertex 19.3728 40 8
      vertex 29.887 24.6587 8
    endloop
  endfacet
  facet normal 0 0 1
    outer loop
      vertex 29.887 24.6587 8
      vertex 19.3728 40 8
      vertex 29.5803 24.7094 8
    endloop
  endfacet
  facet normal 0 0 1
    outer loop
      vertex 29.5803 24.7094 8
      vertex 19.3728 40 8
      vertex 29.271 24.7398 8
    endloop
  endfacet
  facet normal 0 0 1
    outer loop
      vertex 29.271 24.7398 8
      vertex 19.3728 40 8
      vertex 28.9603 24.75 8
    endloop
  endfacet
  facet normal 0 0 1
    outer loop
      vertex 28.9603 24.75 8
      vertex 19.3728 40 8
      vertex 28.6497 24.7398 8
    endloop
  endfacet
  facet normal 0 0 1
    outer loop
      vertex 28.6497 24.7398 8
      vertex 19.3728 40 8
      vertex 28.3403 24.7094 8
    endloop
  endfacet
  facet normal 0 0 1
    outer loop
      vertex 28.3403 24.7094 8
      vertex 19.3728 40 8
      vertex 28.0337 24.6587 8
    endloop
  endfacet
  facet normal 0 0 1
    outer loop
      vertex 28.0337 24.6587 8
      vertex 19.3728 40 8
      vertex 27.7309 24.5881 8
    endloop
  endfacet
  facet normal 0 0 1
    outer loop
      vertex 27.7309 24.5881 8
      vertex 19.3728 40 8
      vertex 27.4335 24.4979 8
    endloop
  endfacet
  facet normal 0 0 1
    outer loop
      vertex 27.4335 24.4979 8
      vertex 19.3728 40 8
      vertex 27.1426 24.3884 8
    endloop
  endfacet
  facet normal 0 0 1
    outer loop
      vertex 27.1426 24.3884 8
      vertex 19.3728 40 8
      vertex 26.8595 24.2601 8
    endloop
  endfacet
  facet normal 0 0 1
    outer loop
      vertex 24.2205 20.3107 8
      vertex 19.3728 40 8
      vertex 24.2103 20 8
    endloop
  endfacet
  facet normal 0 0 1
    outer loop
      vertex 24.251 20.62 8
      vertex 19.3728 40 8
      vertex 24.2205 20.3107 8
    endloop
  endfacet
  facet normal 0 0 1
    outer loop
      vertex 24.3016 20.9267 8
      vertex 19.3728 40 8
      vertex 24.251 20.62 8
    endloop
  endfacet
  facet normal 0 0 1
    outer loop
      vertex 24.3722 21.2294 8
      vertex 19.3728 40 8
      vertex 24.3016 20.9267 8
    endloop
  endfacet
  facet normal 0 0 1
    outer loop
      vertex 24.4624 21.5268 8
      vertex 19.3728 40 8
      vertex 24.3722 21.2294 8
    endloop
  endfacet
  facet normal 0 0 1
    outer loop
      vertex 24.5719 21.8177 8
      vertex 19.3728 40 8
      vertex 24.4624 21.5268 8
    endloop
  endfacet
  facet normal 0 0 1
    outer loop
      vertex 24.7002 22.1009 8
      vertex 19.3728 40 8
      vertex 24.5719 21.8177 8
    endloop
  endfacet
  facet normal 0 0 1
    outer loop
      vertex 24.8467 22.375 8
      vertex 19.3728 40 8
      vertex 24.7002 22.1009 8
    endloop
  endfacet
  facet normal 0 0 1
    outer loop
      vertex 25.0109 22.639 8
      vertex 19.3728 40 8
      vertex 24.8467 22.375 8
    endloop
  endfacet
  facet normal 0 0 1
    outer loop
      vertex 25.1919 22.8916 8
      vertex 19.3728 40 8
      vertex 25.0109 22.639 8
    endloop
  endfacet
  facet normal 0 0 1
    outer loop
      vertex 25.3891 23.1319 8
      vertex 19.3728 40 8
      vertex 25.1919 22.8916 8
    endloop
  endfacet
  facet normal 0 0 1
    outer loop
      vertex 25.6016 23.3588 8
      vertex 19.3728 40 8
      vertex 25.3891 23.1319 8
    endloop
  endfacet
  facet normal 0 0 1
    outer loop
      vertex 25.8284 23.5712 8
      vertex 19.3728 40 8
      vertex 25.6016 23.3588 8
    endloop
  endfacet
  facet normal 0 0 1
    outer loop
      vertex 26.0687 23.7684 8
      vertex 19.3728 40 8
      vertex 25.8284 23.5712 8
    endloop
  endfacet
  facet normal 0 0 1
    outer loop
      vertex 26.3214 23.9495 8
      vertex 19.3728 40 8
      vertex 26.0687 23.7684 8
    endloop
  endfacet
  facet normal 0 0 1
    outer loop
      vertex 26.5853 24.1136 8
      vertex 19.3728 40 8
      vertex 26.3214 23.9495 8
    endloop
  endfacet
  facet normal 0 0 1
    outer loop
      vertex 26.8595 24.2601 8
      vertex 19.3728 40 8
      vertex 26.5853 24.1136 8
    endloop
  endfacet
  facet normal -0 0 1
    outer loop
      vertex 49.4464 19.5749 8
      vertex 52.9603 0 8
      vertex 49.4603 20 8
    endloop
  endfacet
  facet normal -0 0 1
    outer loop
      vertex 49.4047 19.1516 8
      vertex 52.9603 0 8
      vertex 49.4464 19.5749 8
    endloop
  endfacet
  facet normal -0 0 1
    outer loop
      vertex 49.3354 18.7319 8
      vertex 52.9603 0 8
      vertex 49.4047 19.1516 8
    endloop
  endfacet
  facet normal -0 0 1
    outer loop
      vertex 49.2389 18.3177 8
      vertex 52.9603 0 8
      vertex 49.3354 18.7319 8
    endloop
  endfacet
  facet normal -0 0 1
    outer loop
      vertex 49.1154 17.9106 8
      vertex 52.9603 0 8
      vertex 49.2389 18.3177 8
    endloop
  endfacet
  facet normal -0 0 1
    outer loop
      vertex 48.9656 17.5126 8
      vertex 52.9603 0 8
      vertex 49.1154 17.9106 8
    endloop
  endfacet
  facet normal -0 0 1
    outer loop
      vertex 48.79 17.1251 8
      vertex 52.9603 0 8
      vertex 48.9656 17.5126 8
    endloop
  endfacet
  facet normal -0 0 1
    outer loop
      vertex 48.5895 16.75 8
      vertex 52.9603 0 8
      vertex 48.79 17.1251 8
    endloop
  endfacet
  facet normal -0 0 1
    outer loop
      vertex 48.3649 16.3888 8
      vertex 52.9603 0 8
      vertex 48.5895 16.75 8
    endloop
  endfacet
  facet normal -0 0 1
    outer loop
      vertex 48.1171 16.043 8
      vertex 52.9603 0 8
      vertex 48.3649 16.3888 8
    endloop
  endfacet
  facet normal -0 0 1
    outer loop
      vertex 47.8473 15.7143 8
      vertex 52.9603 0 8
      vertex 48.1171 16.043 8
    endloop
  endfacet
  facet normal -0 0 1
    outer loop
      vertex 47.5565 15.4038 8
      vertex 52.9603 0 8
      vertex 47.8473 15.7143 8
    endloop
  endfacet
  facet normal -0 0 1
    outer loop
      vertex 47.2461 15.113 8
      vertex 52.9603 0 8
      vertex 47.5565 15.4038 8
    endloop
  endfacet
  facet normal -0 0 1
    outer loop
      vertex 46.9173 14.8432 8
      vertex 52.9603 0 8
      vertex 47.2461 15.113 8
    endloop
  endfacet
  facet normal -0 0 1
    outer loop
      vertex 46.5715 14.5954 8
      vertex 52.9603 0 8
      vertex 46.9173 14.8432 8
    endloop
  endfacet
  facet normal -0 0 1
    outer loop
      vertex 46.2103 14.3708 8
      vertex 52.9603 0 8
      vertex 46.5715 14.5954 8
    endloop
  endfacet
  facet normal -0 0 1
    outer loop
      vertex 45.8352 14.1703 8
      vertex 52.9603 0 8
      vertex 46.2103 14.3708 8
    endloop
  endfacet
  facet normal -0 0 1
    outer loop
      vertex 45.4478 13.9948 8
      vertex 52.9603 0 8
      vertex 45.8352 14.1703 8
    endloop
  endfacet
  facet normal -0 0 1
    outer loop
      vertex 45.0497 13.845 8
      vertex 52.9603 0 8
      vertex 45.4478 13.9948 8
    endloop
  endfacet
  facet normal -0 0 1
    outer loop
      vertex 44.6427 13.7215 8
      vertex 52.9603 0 8
      vertex 45.0497 13.845 8
    endloop
  endfacet
  facet normal -0 0 1
    outer loop
      vertex 44.2284 13.6249 8
      vertex 52.9603 0 8
      vertex 44.6427 13.7215 8
    endloop
  endfacet
  facet normal -0 0 1
    outer loop
      vertex 43.8088 13.5556 8
      vertex 52.9603 0 8
      vertex 44.2284 13.6249 8
    endloop
  endfacet
  facet normal -0 0 1
    outer loop
      vertex 43.3855 13.5139 8
      vertex 52.9603 0 8
      vertex 43.8088 13.5556 8
    endloop
  endfacet
  facet normal -0 0 1
    outer loop
      vertex 42.9603 13.5 8
      vertex 52.9603 0 8
      vertex 43.3855 13.5139 8
    endloop
  endfacet
  facet normal 0 0 1
    outer loop
      vertex 42.5352 13.5139 8
      vertex 52.9603 0 8
      vertex 42.9603 13.5 8
    endloop
  endfacet
  facet normal 0 0 1
    outer loop
      vertex 42.1119 13.5556 8
      vertex 52.9603 0 8
      vertex 42.5352 13.5139 8
    endloop
  endfacet
  facet normal 0 0 1
    outer loop
      vertex 41.6923 13.6249 8
      vertex 52.9603 0 8
      vertex 42.1119 13.5556 8
    endloop
  endfacet
  facet normal 0 0 1
    outer loop
      vertex 41.278 13.7215 8
      vertex 52.9603 0 8
      vertex 41.6923 13.6249 8
    endloop
  endfacet
  facet normal 0 0 1
    outer loop
      vertex 40.871 13.845 8
      vertex 52.9603 0 8
      vertex 41.278 13.7215 8
    endloop
  endfacet
  facet normal 0 0 1
    outer loop
      vertex 19.3728 0 8
      vertex 40.871 13.845 8
      vertex 40.4729 13.9948 8
    endloop
  endfacet
  facet normal 0 0 1
    outer loop
      vertex 19.3728 0 8
      vertex 40.4729 13.9948 8
      vertex 40.0855 14.1703 8
    endloop
  endfacet
  facet normal 0 0 1
    outer loop
      vertex 30.1897 15.4119 8
      vertex 40.0855 14.1703 8
      vertex 39.7103 14.3708 8
    endloop
  endfacet
  facet normal 0 0 1
    outer loop
      vertex 30.4872 15.5021 8
      vertex 39.7103 14.3708 8
      vertex 39.3491 14.5954 8
    endloop
  endfacet
  facet normal 0 0 1
    outer loop
      vertex 30.7781 15.6116 8
      vertex 39.3491 14.5954 8
      vertex 39.0034 14.8432 8
    endloop
  endfacet
  facet normal 0 0 1
    outer loop
      vertex 31.0612 15.7399 8
      vertex 39.0034 14.8432 8
      vertex 38.6746 15.113 8
    endloop
  endfacet
  facet normal 0 0 1
    outer loop
      vertex 31.3353 15.8864 8
      vertex 38.6746 15.113 8
      vertex 38.3641 15.4038 8
    endloop
  endfacet
  facet normal 0 0 1
    outer loop
      vertex 33.7002 19.6893 8
      vertex 36.4603 20 8
      vertex 33.7103 20 8
    endloop
  endfacet
  facet normal 0 0 1
    outer loop
      vertex 36.4603 20 8
      vertex 33.7002 19.6893 8
      vertex 36.4743 19.5749 8
    endloop
  endfacet
  facet normal 0 0 1
    outer loop
      vertex 33.6697 19.38 8
      vertex 36.4743 19.5749 8
      vertex 33.7002 19.6893 8
    endloop
  endfacet
  facet normal 0 0 1
    outer loop
      vertex 36.4743 19.5749 8
      vertex 33.6697 19.38 8
      vertex 36.5159 19.1516 8
    endloop
  endfacet
  facet normal 0 0 1
    outer loop
      vertex 33.6191 19.0733 8
      vertex 36.5159 19.1516 8
      vertex 33.6697 19.38 8
    endloop
  endfacet
  facet normal 0 0 1
    outer loop
      vertex 36.5159 19.1516 8
      vertex 33.6191 19.0733 8
      vertex 36.5852 18.7319 8
    endloop
  endfacet
  facet normal -0 0 1
    outer loop
      vertex 33.5485 18.7706 8
      vertex 36.5852 18.7319 8
      vertex 33.6191 19.0733 8
    endloop
  endfacet
  facet normal 0 0 1
    outer loop
      vertex 36.5852 18.7319 8
      vertex 33.5485 18.7706 8
      vertex 36.6818 18.3177 8
    endloop
  endfacet
  facet normal -0 0 1
    outer loop
      vertex 33.4583 18.4732 8
      vertex 36.6818 18.3177 8
      vertex 33.5485 18.7706 8
    endloop
  endfacet
  facet normal 0 0 1
    outer loop
      vertex 33.3488 18.1823 8
      vertex 36.6818 18.3177 8
      vertex 33.4583 18.4732 8
    endloop
  endfacet
  facet normal 0 0 1
    outer loop
      vertex 36.6818 18.3177 8
      vertex 33.3488 18.1823 8
      vertex 36.8053 17.9106 8
    endloop
  endfacet
  facet normal 0 0 1
    outer loop
      vertex 33.2205 17.8991 8
      vertex 36.8053 17.9106 8
      vertex 33.3488 18.1823 8
    endloop
  endfacet
  facet normal 0 0 1
    outer loop
      vertex 36.8053 17.9106 8
      vertex 33.2205 17.8991 8
      vertex 36.9551 17.5126 8
    endloop
  endfacet
  facet normal -0 0 1
    outer loop
      vertex 33.074 17.625 8
      vertex 36.9551 17.5126 8
      vertex 33.2205 17.8991 8
    endloop
  endfacet
  facet normal 0 0 1
    outer loop
      vertex 36.9551 17.5126 8
      vertex 33.074 17.625 8
      vertex 37.1307 17.1251 8
    endloop
  endfacet
  facet normal -0 0 1
    outer loop
      vertex 32.9098 17.361 8
      vertex 37.1307 17.1251 8
      vertex 33.074 17.625 8
    endloop
  endfacet
  facet normal 0 0 1
    outer loop
      vertex 37.1307 17.1251 8
      vertex 32.9098 17.361 8
      vertex 37.3312 16.75 8
    endloop
  endfacet
  facet normal -0 0 1
    outer loop
      vertex 32.7288 17.1084 8
      vertex 37.3312 16.75 8
      vertex 32.9098 17.361 8
    endloop
  endfacet
  facet normal -0 0 1
    outer loop
      vertex 32.5316 16.8681 8
      vertex 37.3312 16.75 8
      vertex 32.7288 17.1084 8
    endloop
  endfacet
  facet normal 0 0 1
    outer loop
      vertex 37.3312 16.75 8
      vertex 32.5316 16.8681 8
      vertex 37.5558 16.3888 8
    endloop
  endfacet
  facet normal -0 0 1
    outer loop
      vertex 32.3191 16.6412 8
      vertex 37.5558 16.3888 8
      vertex 32.5316 16.8681 8
    endloop
  endfacet
  facet normal 0 0 1
    outer loop
      vertex 37.5558 16.3888 8
      vertex 32.3191 16.6412 8
      vertex 37.8035 16.043 8
    endloop
  endfacet
  facet normal -0 0 1
    outer loop
      vertex 32.0922 16.4288 8
      vertex 37.8035 16.043 8
      vertex 32.3191 16.6412 8
    endloop
  endfacet
  facet normal 0 0 1
    outer loop
      vertex 37.8035 16.043 8
      vertex 32.0922 16.4288 8
      vertex 38.0734 15.7143 8
    endloop
  endfacet
  facet normal -0 0 1
    outer loop
      vertex 31.852 16.2316 8
      vertex 38.0734 15.7143 8
      vertex 32.0922 16.4288 8
    endloop
  endfacet
  facet normal 0 0 1
    outer loop
      vertex 38.0734 15.7143 8
      vertex 31.852 16.2316 8
      vertex 38.3641 15.4038 8
    endloop
  endfacet
  facet normal -0 0 1
    outer loop
      vertex 31.5993 16.0505 8
      vertex 38.3641 15.4038 8
      vertex 31.852 16.2316 8
    endloop
  endfacet
  facet normal -0 0 1
    outer loop
      vertex 31.3353 15.8864 8
      vertex 38.3641 15.4038 8
      vertex 31.5993 16.0505 8
    endloop
  endfacet
  facet normal 0 0 1
    outer loop
      vertex 38.6746 15.113 8
      vertex 31.3353 15.8864 8
      vertex 31.0612 15.7399 8
    endloop
  endfacet
  facet normal 0 0 1
    outer loop
      vertex 39.0034 14.8432 8
      vertex 31.0612 15.7399 8
      vertex 30.7781 15.6116 8
    endloop
  endfacet
  facet normal 0 0 1
    outer loop
      vertex 39.3491 14.5954 8
      vertex 30.7781 15.6116 8
      vertex 30.4872 15.5021 8
    endloop
  endfacet
  facet normal 0 0 1
    outer loop
      vertex 39.7103 14.3708 8
      vertex 30.4872 15.5021 8
      vertex 30.1897 15.4119 8
    endloop
  endfacet
  facet normal 0 0 1
    outer loop
      vertex 40.0855 14.1703 8
      vertex 30.1897 15.4119 8
      vertex 19.3728 0 8
    endloop
  endfacet
  facet normal 0 0 1
    outer loop
      vertex 19.3728 0 8
      vertex 30.1897 15.4119 8
      vertex 29.887 15.3413 8
    endloop
  endfacet
  facet normal 0 0 1
    outer loop
      vertex 19.3728 0 8
      vertex 29.887 15.3413 8
      vertex 29.5803 15.2906 8
    endloop
  endfacet
  facet normal 0 0 1
    outer loop
      vertex 19.3728 0 8
      vertex 29.5803 15.2906 8
      vertex 29.271 15.2602 8
    endloop
  endfacet
  facet normal 0 0 1
    outer loop
      vertex 19.3728 0 8
      vertex 29.271 15.2602 8
      vertex 28.9603 15.25 8
    endloop
  endfacet
  facet normal 0 0 1
    outer loop
      vertex 19.3728 0 8
      vertex 28.9603 15.25 8
      vertex 28.6497 15.2602 8
    endloop
  endfacet
  facet normal 0 0 1
    outer loop
      vertex 19.3728 0 8
      vertex 28.6497 15.2602 8
      vertex 28.3403 15.2906 8
    endloop
  endfacet
  facet normal 0 0 1
    outer loop
      vertex 19.3728 0 8
      vertex 28.3403 15.2906 8
      vertex 28.0337 15.3413 8
    endloop
  endfacet
  facet normal 0 0 1
    outer loop
      vertex 19.3728 0 8
      vertex 28.0337 15.3413 8
      vertex 27.7309 15.4119 8
    endloop
  endfacet
  facet normal 0 0 1
    outer loop
      vertex 19.3728 0 8
      vertex 27.7309 15.4119 8
      vertex 27.4335 15.5021 8
    endloop
  endfacet
  facet normal 0 0 1
    outer loop
      vertex 19.3728 0 8
      vertex 27.4335 15.5021 8
      vertex 27.1426 15.6116 8
    endloop
  endfacet
  facet normal 0 0 1
    outer loop
      vertex 19.3728 0 8
      vertex 27.1426 15.6116 8
      vertex 26.8595 15.7399 8
    endloop
  endfacet
  facet normal 0 0 1
    outer loop
      vertex 19.3728 0 8
      vertex 26.8595 15.7399 8
      vertex 26.5853 15.8864 8
    endloop
  endfacet
  facet normal 0 0 1
    outer loop
      vertex 19.3728 0 8
      vertex 24.2103 20 8
      vertex 19.3728 40 8
    endloop
  endfacet
  facet normal 0 0 1
    outer loop
      vertex 24.2103 20 8
      vertex 19.3728 0 8
      vertex 24.2205 19.6893 8
    endloop
  endfacet
  facet normal 0 0 1
    outer loop
      vertex 24.2205 19.6893 8
      vertex 19.3728 0 8
      vertex 24.251 19.38 8
    endloop
  endfacet
  facet normal 0 0 1
    outer loop
      vertex 24.251 19.38 8
      vertex 19.3728 0 8
      vertex 24.3016 19.0733 8
    endloop
  endfacet
  facet normal 0 0 1
    outer loop
      vertex 40.871 13.845 8
      vertex 19.3728 0 8
      vertex 52.9603 0 8
    endloop
  endfacet
  facet normal 0 0 1
    outer loop
      vertex 26.3214 16.0505 8
      vertex 19.3728 0 8
      vertex 26.5853 15.8864 8
    endloop
  endfacet
  facet normal 0 0 1
    outer loop
      vertex 26.0687 16.2316 8
      vertex 19.3728 0 8
      vertex 26.3214 16.0505 8
    endloop
  endfacet
  facet normal 0 0 1
    outer loop
      vertex 25.8284 16.4288 8
      vertex 19.3728 0 8
      vertex 26.0687 16.2316 8
    endloop
  endfacet
  facet normal 0 0 1
    outer loop
      vertex 25.6016 16.6412 8
      vertex 19.3728 0 8
      vertex 25.8284 16.4288 8
    endloop
  endfacet
  facet normal 0 0 1
    outer loop
      vertex 25.3891 16.8681 8
      vertex 19.3728 0 8
      vertex 25.6016 16.6412 8
    endloop
  endfacet
  facet normal 0 0 1
    outer loop
      vertex 25.1919 17.1084 8
      vertex 19.3728 0 8
      vertex 25.3891 16.8681 8
    endloop
  endfacet
  facet normal 0 0 1
    outer loop
      vertex 25.0109 17.361 8
      vertex 19.3728 0 8
      vertex 25.1919 17.1084 8
    endloop
  endfacet
  facet normal 0 0 1
    outer loop
      vertex 24.8467 17.625 8
      vertex 19.3728 0 8
      vertex 25.0109 17.361 8
    endloop
  endfacet
  facet normal 0 0 1
    outer loop
      vertex 24.7002 17.8991 8
      vertex 19.3728 0 8
      vertex 24.8467 17.625 8
    endloop
  endfacet
  facet normal 0 0 1
    outer loop
      vertex 24.5719 18.1823 8
      vertex 19.3728 0 8
      vertex 24.7002 17.8991 8
    endloop
  endfacet
  facet normal 0 0 1
    outer loop
      vertex 24.4624 18.4732 8
      vertex 19.3728 0 8
      vertex 24.5719 18.1823 8
    endloop
  endfacet
  facet normal 0 0 1
    outer loop
      vertex 24.3722 18.7706 8
      vertex 19.3728 0 8
      vertex 24.4624 18.4732 8
    endloop
  endfacet
  facet normal 0 0 1
    outer loop
      vertex 24.3016 19.0733 8
      vertex 19.3728 0 8
      vertex 24.3722 18.7706 8
    endloop
  endfacet
  facet normal 0.935381 -0 0.353641
    outer loop
      vertex 19.3648 0 8.02116
      vertex 19.3728 40 8
      vertex 19.3648 40 8.02116
    endloop
  endfacet
  facet normal 0.935381 0 0.353641
    outer loop
      vertex 19.3728 40 8
      vertex 19.3648 0 8.02116
      vertex 19.3728 0 8
    endloop
  endfacet
  facet normal 0.910884 -0 0.412663
    outer loop
      vertex 18.7988 0 9.27051
      vertex 19.3648 40 8.02116
      vertex 18.7988 40 9.27051
    endloop
  endfacet
  facet normal 0.910884 0 0.412663
    outer loop
      vertex 19.3648 40 8.02116
      vertex 18.7988 0 9.27051
      vertex 19.3648 0 8.02116
    endloop
  endfacet
  facet normal 0.881919 -0 0.471401
    outer loop
      vertex 18.1522 0 10.4802
      vertex 18.7988 40 9.27051
      vertex 18.1522 40 10.4802
    endloop
  endfacet
  facet normal 0.881919 0 0.471401
    outer loop
      vertex 18.7988 40 9.27051
      vertex 18.1522 0 10.4802
      vertex 18.7988 0 9.27051
    endloop
  endfacet
  facet normal 0.849188 -0 0.52809
    outer loop
      vertex 17.4279 0 11.6449
      vertex 18.1522 40 10.4802
      vertex 17.4279 40 11.6449
    endloop
  endfacet
  facet normal 0.849188 0 0.52809
    outer loop
      vertex 18.1522 40 10.4802
      vertex 17.4279 0 11.6449
      vertex 18.1522 0 10.4802
    endloop
  endfacet
  facet normal 0.812856 -0 0.582465
    outer loop
      vertex 16.629 0 12.7598
      vertex 17.4279 40 11.6449
      vertex 16.629 40 12.7598
    endloop
  endfacet
  facet normal 0.812856 0 0.582465
    outer loop
      vertex 17.4279 40 11.6449
      vertex 16.629 0 12.7598
      vertex 17.4279 0 11.6449
    endloop
  endfacet
  facet normal 0.772998 -0 0.634408
    outer loop
      vertex 15.7588 0 13.8201
      vertex 16.629 40 12.7598
      vertex 15.7588 40 13.8201
    endloop
  endfacet
  facet normal 0.772998 0 0.634408
    outer loop
      vertex 16.629 40 12.7598
      vertex 15.7588 0 13.8201
      vertex 16.629 0 12.7598
    endloop
  endfacet
  facet normal 0.729876 -0 0.68358
    outer loop
      vertex 14.8212 0 14.8212
      vertex 15.7588 40 13.8201
      vertex 14.8212 40 14.8212
    endloop
  endfacet
  facet normal 0.729876 0 0.68358
    outer loop
      vertex 15.7588 40 13.8201
      vertex 14.8212 0 14.8212
      vertex 15.7588 0 13.8201
    endloop
  endfacet
  facet normal 0.68358 0 0.729876
    outer loop
      vertex 13.8201 40 15.7588
      vertex 14.8212 0 14.8212
      vertex 14.8212 40 14.8212
    endloop
  endfacet
  facet normal 0.68358 0 0.729876
    outer loop
      vertex 14.8212 0 14.8212
      vertex 13.8201 40 15.7588
      vertex 13.8201 0 15.7588
    endloop
  endfacet
  facet normal 0.634408 0 0.772998
    outer loop
      vertex 12.7598 40 16.629
      vertex 13.8201 0 15.7588
      vertex 13.8201 40 15.7588
    endloop
  endfacet
  facet normal 0.634408 0 0.772998
    outer loop
      vertex 13.8201 0 15.7588
      vertex 12.7598 40 16.629
      vertex 12.7598 0 16.629
    endloop
  endfacet
  facet normal 0.582465 0 0.812856
    outer loop
      vertex 11.6449 40 17.4279
      vertex 12.7598 0 16.629
      vertex 12.7598 40 16.629
    endloop
  endfacet
  facet normal 0.582465 0 0.812856
    outer loop
      vertex 12.7598 0 16.629
      vertex 11.6449 40 17.4279
      vertex 11.6449 0 17.4279
    endloop
  endfacet
  facet normal 0.52809 0 0.849188
    outer loop
      vertex 10.4802 40 18.1522
      vertex 11.6449 0 17.4279
      vertex 11.6449 40 17.4279
    endloop
  endfacet
  facet normal 0.52809 0 0.849188
    outer loop
      vertex 11.6449 0 17.4279
      vertex 10.4802 40 18.1522
      vertex 10.4802 0 18.1522
    endloop
  endfacet
  facet normal 0.471401 0 0.881919
    outer loop
      vertex 9.27051 40 18.7988
      vertex 10.4802 0 18.1522
      vertex 10.4802 40 18.1522
    endloop
  endfacet
  facet normal 0.471401 0 0.881919
    outer loop
      vertex 10.4802 0 18.1522
      vertex 9.27051 40 18.7988
      vertex 9.27051 0 18.7988
    endloop
  endfacet
  facet normal 0.412663 0 0.910884
    outer loop
      vertex 8.02116 40 19.3648
      vertex 9.27051 0 18.7988
      vertex 9.27051 40 18.7988
    endloop
  endfacet
  facet normal 0.412663 0 0.910884
    outer loop
      vertex 9.27051 0 18.7988
      vertex 8.02116 40 19.3648
      vertex 8.02116 0 19.3648
    endloop
  endfacet
  facet normal 0.352284 0 0.935893
    outer loop
      vertex 6.73747 40 19.848
      vertex 8.02116 0 19.3648
      vertex 8.02116 40 19.3648
    endloop
  endfacet
  facet normal 0.352284 0 0.935893
    outer loop
      vertex 8.02116 0 19.3648
      vertex 6.73747 40 19.848
      vertex 6.73747 0 19.848
    endloop
  endfacet
  facet normal 0.290248 0 0.956951
    outer loop
      vertex 5.42493 40 20.2461
      vertex 6.73747 0 19.848
      vertex 6.73747 40 19.848
    endloop
  endfacet
  facet normal 0.290248 0 0.956951
    outer loop
      vertex 6.73747 0 19.848
      vertex 5.42493 40 20.2461
      vertex 5.42493 0 20.2461
    endloop
  endfacet
  facet normal 0.227105 0 0.97387
    outer loop
      vertex 4.08916 40 20.5576
      vertex 5.42493 0 20.2461
      vertex 5.42493 40 20.2461
    endloop
  endfacet
  facet normal 0.227105 0 0.97387
    outer loop
      vertex 5.42493 0 20.2461
      vertex 4.08916 40 20.5576
      vertex 4.08916 0 20.5576
    endloop
  endfacet
  facet normal 0.162875 0 0.986647
    outer loop
      vertex 2.73587 40 20.781
      vertex 4.08916 0 20.5576
      vertex 4.08916 40 20.5576
    endloop
  endfacet
  facet normal 0.162875 0 0.986647
    outer loop
      vertex 4.08916 0 20.5576
      vertex 2.73587 40 20.781
      vertex 2.73587 0 20.781
    endloop
  endfacet
  facet normal 0.0980592 0 0.995181
    outer loop
      vertex 1.37086 40 20.9155
      vertex 2.73587 0 20.781
      vertex 2.73587 40 20.781
    endloop
  endfacet
  facet normal 0.0980592 0 0.995181
    outer loop
      vertex 2.73587 0 20.781
      vertex 1.37086 40 20.9155
      vertex 1.37086 0 20.9155
    endloop
  endfacet
  facet normal 0.0326628 0 0.999466
    outer loop
      vertex 0 40 20.9603
      vertex 1.37086 0 20.9155
      vertex 1.37086 40 20.9155
    endloop
  endfacet
  facet normal 0.0326628 0 0.999466
    outer loop
      vertex 1.37086 0 20.9155
      vertex 0 40 20.9603
      vertex 0 0 20.9603
    endloop
  endfacet
  facet normal -0.0326628 0 0.999466
    outer loop
      vertex -1.37086 40 20.9155
      vertex 0 0 20.9603
      vertex 0 40 20.9603
    endloop
  endfacet
  facet normal -0.0326628 0 0.999466
    outer loop
      vertex 0 0 20.9603
      vertex -1.37086 40 20.9155
      vertex -1.37086 0 20.9155
    endloop
  endfacet
  facet normal -0.0980592 0 0.995181
    outer loop
      vertex -2.73587 40 20.781
      vertex -1.37086 0 20.9155
      vertex -1.37086 40 20.9155
    endloop
  endfacet
  facet normal -0.0980592 0 0.995181
    outer loop
      vertex -1.37086 0 20.9155
      vertex -2.73587 40 20.781
      vertex -2.73587 0 20.781
    endloop
  endfacet
  facet normal -0.162875 0 0.986647
    outer loop
      vertex -4.08916 40 20.5576
      vertex -2.73587 0 20.781
      vertex -2.73587 40 20.781
    endloop
  endfacet
  facet normal -0.162875 0 0.986647
    outer loop
      vertex -2.73587 0 20.781
      vertex -4.08916 40 20.5576
      vertex -4.08916 0 20.5576
    endloop
  endfacet
  facet normal -0.227105 0 0.97387
    outer loop
      vertex -5.42493 40 20.2461
      vertex -4.08916 0 20.5576
      vertex -4.08916 40 20.5576
    endloop
  endfacet
  facet normal -0.227105 0 0.97387
    outer loop
      vertex -4.08916 0 20.5576
      vertex -5.42493 40 20.2461
      vertex -5.42493 0 20.2461
    endloop
  endfacet
  facet normal -0.290248 0 0.956951
    outer loop
      vertex -6.73747 40 19.848
      vertex -5.42493 0 20.2461
      vertex -5.42493 40 20.2461
    endloop
  endfacet
  facet normal -0.290248 0 0.956951
    outer loop
      vertex -5.42493 0 20.2461
      vertex -6.73747 40 19.848
      vertex -6.73747 0 19.848
    endloop
  endfacet
  facet normal -0.352284 0 0.935893
    outer loop
      vertex -8.02116 40 19.3648
      vertex -6.73747 0 19.848
      vertex -6.73747 40 19.848
    endloop
  endfacet
  facet normal -0.352284 0 0.935893
    outer loop
      vertex -6.73747 0 19.848
      vertex -8.02116 40 19.3648
      vertex -8.02116 0 19.3648
    endloop
  endfacet
  facet normal -0.412663 0 0.910884
    outer loop
      vertex -9.27051 40 18.7988
      vertex -8.02116 0 19.3648
      vertex -8.02116 40 19.3648
    endloop
  endfacet
  facet normal -0.412663 0 0.910884
    outer loop
      vertex -8.02116 0 19.3648
      vertex -9.27051 40 18.7988
      vertex -9.27051 0 18.7988
    endloop
  endfacet
  facet normal -0.471401 0 0.881919
    outer loop
      vertex -10.4802 40 18.1522
      vertex -9.27051 0 18.7988
      vertex -9.27051 40 18.7988
    endloop
  endfacet
  facet normal -0.471401 0 0.881919
    outer loop
      vertex -9.27051 0 18.7988
      vertex -10.4802 40 18.1522
      vertex -10.4802 0 18.1522
    endloop
  endfacet
  facet normal -0.52809 0 0.849188
    outer loop
      vertex -11.6449 40 17.4279
      vertex -10.4802 0 18.1522
      vertex -10.4802 40 18.1522
    endloop
  endfacet
  facet normal -0.52809 0 0.849188
    outer loop
      vertex -10.4802 0 18.1522
      vertex -11.6449 40 17.4279
      vertex -11.6449 0 17.4279
    endloop
  endfacet
  facet normal -0.582465 0 0.812856
    outer loop
      vertex -12.7598 40 16.629
      vertex -11.6449 0 17.4279
      vertex -11.6449 40 17.4279
    endloop
  endfacet
  facet normal -0.582465 0 0.812856
    outer loop
      vertex -11.6449 0 17.4279
      vertex -12.7598 40 16.629
      vertex -12.7598 0 16.629
    endloop
  endfacet
  facet normal -0.634408 0 0.772998
    outer loop
      vertex -13.8201 40 15.7588
      vertex -12.7598 0 16.629
      vertex -12.7598 40 16.629
    endloop
  endfacet
  facet normal -0.634408 0 0.772998
    outer loop
      vertex -12.7598 0 16.629
      vertex -13.8201 40 15.7588
      vertex -13.8201 0 15.7588
    endloop
  endfacet
  facet normal -0.68358 0 0.729876
    outer loop
      vertex -14.8212 40 14.8212
      vertex -13.8201 0 15.7588
      vertex -13.8201 40 15.7588
    endloop
  endfacet
  facet normal -0.68358 0 0.729876
    outer loop
      vertex -13.8201 0 15.7588
      vertex -14.8212 40 14.8212
      vertex -14.8212 0 14.8212
    endloop
  endfacet
  facet normal -0.729876 0 0.68358
    outer loop
      vertex -15.7588 0 13.8201
      vertex -14.8212 40 14.8212
      vertex -15.7588 40 13.8201
    endloop
  endfacet
  facet normal -0.729876 0 0.68358
    outer loop
      vertex -14.8212 40 14.8212
      vertex -15.7588 0 13.8201
      vertex -14.8212 0 14.8212
    endloop
  endfacet
  facet normal -0.772998 0 0.634408
    outer loop
      vertex -16.629 0 12.7598
      vertex -15.7588 40 13.8201
      vertex -16.629 40 12.7598
    endloop
  endfacet
  facet normal -0.772998 0 0.634408
    outer loop
      vertex -15.7588 40 13.8201
      vertex -16.629 0 12.7598
      vertex -15.7588 0 13.8201
    endloop
  endfacet
  facet normal -0.812856 0 0.582465
    outer loop
      vertex -17.4279 0 11.6449
      vertex -16.629 40 12.7598
      vertex -17.4279 40 11.6449
    endloop
  endfacet
  facet normal -0.812856 0 0.582465
    outer loop
      vertex -16.629 40 12.7598
      vertex -17.4279 0 11.6449
      vertex -16.629 0 12.7598
    endloop
  endfacet
  facet normal -0.849188 0 0.52809
    outer loop
      vertex -18.1522 0 10.4802
      vertex -17.4279 40 11.6449
      vertex -18.1522 40 10.4802
    endloop
  endfacet
  facet normal -0.849188 0 0.52809
    outer loop
      vertex -17.4279 40 11.6449
      vertex -18.1522 0 10.4802
      vertex -17.4279 0 11.6449
    endloop
  endfacet
  facet normal -0.881919 0 0.471401
    outer loop
      vertex -18.7988 0 9.27051
      vertex -18.1522 40 10.4802
      vertex -18.7988 40 9.27051
    endloop
  endfacet
  facet normal -0.881919 0 0.471401
    outer loop
      vertex -18.1522 40 10.4802
      vertex -18.7988 0 9.27051
      vertex -18.1522 0 10.4802
    endloop
  endfacet
  facet normal -0.910884 0 0.412663
    outer loop
      vertex -19.3648 0 8.02116
      vertex -18.7988 40 9.27051
      vertex -19.3648 40 8.02116
    endloop
  endfacet
  facet normal -0.910884 0 0.412663
    outer loop
      vertex -18.7988 40 9.27051
      vertex -19.3648 0 8.02116
      vertex -18.7988 0 9.27051
    endloop
  endfacet
  facet normal -0.935381 0 0.353641
    outer loop
      vertex -19.3728 0 8
      vertex -19.3648 40 8.02116
      vertex -19.3728 40 8
    endloop
  endfacet
  facet normal -0.935381 0 0.353641
    outer loop
      vertex -19.3648 40 8.02116
      vertex -19.3728 0 8
      vertex -19.3648 0 8.02116
    endloop
  endfacet
  facet normal 0 0 1
    outer loop
      vertex -19.3728 40 8
      vertex -24.2261 20 8
      vertex -19.3728 0 8
    endloop
  endfacet
  facet normal 0 0 1
    outer loop
      vertex -19.3728 40 8
      vertex -26.5932 24.1 8
      vertex -24.2261 20 8
    endloop
  endfacet
  facet normal -0 0 1
    outer loop
      vertex -36.9603 40 8
      vertex -26.5932 24.1 8
      vertex -19.3728 40 8
    endloop
  endfacet
  facet normal 0 0 1
    outer loop
      vertex -31.3275 24.1 8
      vertex -36.9603 40 8
      vertex -33.6946 20 8
    endloop
  endfacet
  facet normal 0 0 1
    outer loop
      vertex -26.5932 24.1 8
      vertex -36.9603 40 8
      vertex -31.3275 24.1 8
    endloop
  endfacet
  facet normal -0 0 1
    outer loop
      vertex -26.5932 15.9 8
      vertex -19.3728 0 8
      vertex -24.2261 20 8
    endloop
  endfacet
  facet normal 0 0 1
    outer loop
      vertex -36.9603 0 8
      vertex -26.5932 15.9 8
      vertex -31.3275 15.9 8
    endloop
  endfacet
  facet normal 0 0 1
    outer loop
      vertex -26.5932 15.9 8
      vertex -36.9603 0 8
      vertex -19.3728 0 8
    endloop
  endfacet
  facet normal 0 0 1
    outer loop
      vertex -33.6946 20 8
      vertex -36.9603 0 8
      vertex -31.3275 15.9 8
    endloop
  endfacet
  facet normal 0 0 1
    outer loop
      vertex -36.9603 0 8
      vertex -33.6946 20 8
      vertex -36.9603 40 8
    endloop
  endfacet
  facet normal -1 0 0
    outer loop
      vertex -36.9603 0 0
      vertex -36.9603 40 8
      vertex -36.9603 40 0
    endloop
  endfacet
  facet normal -1 -0 0
    outer loop
      vertex -36.9603 40 8
      vertex -36.9603 0 0
      vertex -36.9603 0 8
    endloop
  endfacet
  facet normal 0 0 -1
    outer loop
      vertex -12.7 0 0
      vertex -26.2103 20 0
      vertex -12.7 40 0
    endloop
  endfacet
  facet normal 0 0 -1
    outer loop
      vertex -12.7 0 0
      vertex -26.2162 19.8201 0
      vertex -26.2103 20 0
    endloop
  endfacet
  facet normal 0 0 -1
    outer loop
      vertex -12.7 0 0
      vertex -26.2339 19.6411 0
      vertex -26.2162 19.8201 0
    endloop
  endfacet
  facet normal 0 0 -1
    outer loop
      vertex -12.7 0 0
      vertex -26.2632 19.4635 0
      vertex -26.2339 19.6411 0
    endloop
  endfacet
  facet normal 0 0 -1
    outer loop
      vertex -12.7 0 0
      vertex -26.304 19.2882 0
      vertex -26.2632 19.4635 0
    endloop
  endfacet
  facet normal 0 0 -1
    outer loop
      vertex -12.7 0 0
      vertex -26.3563 19.116 0
      vertex -26.304 19.2882 0
    endloop
  endfacet
  facet normal 0 0 -1
    outer loop
      vertex -12.7 0 0
      vertex -26.4197 18.9476 0
      vertex -26.3563 19.116 0
    endloop
  endfacet
  facet normal 0 0 -1
    outer loop
      vertex -12.7 0 0
      vertex -26.4939 18.7837 0
      vertex -26.4197 18.9476 0
    endloop
  endfacet
  facet normal 0 0 -1
    outer loop
      vertex -12.7 0 0
      vertex -26.5788 18.625 0
      vertex -26.4939 18.7837 0
    endloop
  endfacet
  facet normal 0 0 -1
    outer loop
      vertex -12.7 0 0
      vertex -26.6738 18.4722 0
      vertex -26.5788 18.625 0
    endloop
  endfacet
  facet normal 0 0 -1
    outer loop
      vertex -12.7 0 0
      vertex -26.7786 18.3259 0
      vertex -26.6738 18.4722 0
    endloop
  endfacet
  facet normal 0 0 -1
    outer loop
      vertex -12.7 0 0
      vertex -26.8928 18.1868 0
      vertex -26.7786 18.3259 0
    endloop
  endfacet
  facet normal 0 0 -1
    outer loop
      vertex -12.7 0 0
      vertex -27.0158 18.0555 0
      vertex -26.8928 18.1868 0
    endloop
  endfacet
  facet normal 0 0 -1
    outer loop
      vertex -12.7 0 0
      vertex -27.1471 17.9324 0
      vertex -27.0158 18.0555 0
    endloop
  endfacet
  facet normal 0 0 -1
    outer loop
      vertex -12.7 0 0
      vertex -27.2862 17.8183 0
      vertex -27.1471 17.9324 0
    endloop
  endfacet
  facet normal 0 0 -1
    outer loop
      vertex -12.7 0 0
      vertex -27.4325 17.7135 0
      vertex -27.2862 17.8183 0
    endloop
  endfacet
  facet normal 0 0 -1
    outer loop
      vertex -12.7 0 0
      vertex -27.5853 17.6184 0
      vertex -27.4325 17.7135 0
    endloop
  endfacet
  facet normal 0 0 -1
    outer loop
      vertex -12.7 0 0
      vertex -27.744 17.5336 0
      vertex -27.5853 17.6184 0
    endloop
  endfacet
  facet normal 0 0 -1
    outer loop
      vertex -12.7 0 0
      vertex -27.908 17.4593 0
      vertex -27.744 17.5336 0
    endloop
  endfacet
  facet normal 0 0 -1
    outer loop
      vertex -12.7 0 0
      vertex -28.0764 17.3959 0
      vertex -27.908 17.4593 0
    endloop
  endfacet
  facet normal 0 0 -1
    outer loop
      vertex -12.7 0 0
      vertex -28.2486 17.3437 0
      vertex -28.0764 17.3959 0
    endloop
  endfacet
  facet normal 0 0 -1
    outer loop
      vertex -36.9603 0 0
      vertex -28.2486 17.3437 0
      vertex -12.7 0 0
    endloop
  endfacet
  facet normal 0 0 -1
    outer loop
      vertex -28.2486 17.3437 0
      vertex -36.9603 0 0
      vertex -28.4238 17.3028 0
    endloop
  endfacet
  facet normal 0 0 -1
    outer loop
      vertex -28.4238 17.3028 0
      vertex -36.9603 0 0
      vertex -28.6014 17.2735 0
    endloop
  endfacet
  facet normal 0 0 -1
    outer loop
      vertex -28.6014 17.2735 0
      vertex -36.9603 0 0
      vertex -28.7805 17.2559 0
    endloop
  endfacet
  facet normal 0 0 -1
    outer loop
      vertex -28.7805 17.2559 0
      vertex -36.9603 0 0
      vertex -28.9603 17.25 0
    endloop
  endfacet
  facet normal -0 0 -1
    outer loop
      vertex -28.9603 17.25 0
      vertex -36.9603 0 0
      vertex -29.1402 17.2559 0
    endloop
  endfacet
  facet normal -0 0 -1
    outer loop
      vertex -29.1402 17.2559 0
      vertex -36.9603 0 0
      vertex -29.3193 17.2735 0
    endloop
  endfacet
  facet normal -0 0 -1
    outer loop
      vertex -29.3193 17.2735 0
      vertex -36.9603 0 0
      vertex -29.4968 17.3028 0
    endloop
  endfacet
  facet normal -0 0 -1
    outer loop
      vertex -29.4968 17.3028 0
      vertex -36.9603 0 0
      vertex -29.6721 17.3437 0
    endloop
  endfacet
  facet normal -0 0 -1
    outer loop
      vertex -29.6721 17.3437 0
      vertex -36.9603 0 0
      vertex -29.8443 17.3959 0
    endloop
  endfacet
  facet normal -0 0 -1
    outer loop
      vertex -29.8443 17.3959 0
      vertex -36.9603 0 0
      vertex -30.0127 17.4593 0
    endloop
  endfacet
  facet normal -0 0 -1
    outer loop
      vertex -30.0127 17.4593 0
      vertex -36.9603 0 0
      vertex -30.1766 17.5336 0
    endloop
  endfacet
  facet normal -0 0 -1
    outer loop
      vertex -30.1766 17.5336 0
      vertex -36.9603 0 0
      vertex -30.3353 17.6184 0
    endloop
  endfacet
  facet normal -0 0 -1
    outer loop
      vertex -30.3353 17.6184 0
      vertex -36.9603 0 0
      vertex -30.4882 17.7135 0
    endloop
  endfacet
  facet normal -0 0 -1
    outer loop
      vertex -30.4882 17.7135 0
      vertex -36.9603 0 0
      vertex -30.6344 17.8183 0
    endloop
  endfacet
  facet normal -0 0 -1
    outer loop
      vertex -30.6344 17.8183 0
      vertex -36.9603 0 0
      vertex -30.7735 17.9324 0
    endloop
  endfacet
  facet normal -0 0 -1
    outer loop
      vertex -31.7045 19.8201 0
      vertex -36.9603 0 0
      vertex -31.7103 20 0
    endloop
  endfacet
  facet normal -0 0 -1
    outer loop
      vertex -31.6868 19.6411 0
      vertex -36.9603 0 0
      vertex -31.7045 19.8201 0
    endloop
  endfacet
  facet normal -0 0 -1
    outer loop
      vertex -31.6575 19.4635 0
      vertex -36.9603 0 0
      vertex -31.6868 19.6411 0
    endloop
  endfacet
  facet normal -0 0 -1
    outer loop
      vertex -31.6166 19.2882 0
      vertex -36.9603 0 0
      vertex -31.6575 19.4635 0
    endloop
  endfacet
  facet normal -0 0 -1
    outer loop
      vertex -31.5644 19.116 0
      vertex -36.9603 0 0
      vertex -31.6166 19.2882 0
    endloop
  endfacet
  facet normal -0 0 -1
    outer loop
      vertex -31.501 18.9476 0
      vertex -36.9603 0 0
      vertex -31.5644 19.116 0
    endloop
  endfacet
  facet normal -0 0 -1
    outer loop
      vertex -31.4267 18.7837 0
      vertex -36.9603 0 0
      vertex -31.501 18.9476 0
    endloop
  endfacet
  facet normal -0 0 -1
    outer loop
      vertex -31.3419 18.625 0
      vertex -36.9603 0 0
      vertex -31.4267 18.7837 0
    endloop
  endfacet
  facet normal -0 0 -1
    outer loop
      vertex -31.2469 18.4722 0
      vertex -36.9603 0 0
      vertex -31.3419 18.625 0
    endloop
  endfacet
  facet normal -0 0 -1
    outer loop
      vertex -31.1421 18.3259 0
      vertex -36.9603 0 0
      vertex -31.2469 18.4722 0
    endloop
  endfacet
  facet normal -0 0 -1
    outer loop
      vertex -31.0279 18.1868 0
      vertex -36.9603 0 0
      vertex -31.1421 18.3259 0
    endloop
  endfacet
  facet normal -0 0 -1
    outer loop
      vertex -30.9049 18.0555 0
      vertex -36.9603 0 0
      vertex -31.0279 18.1868 0
    endloop
  endfacet
  facet normal -0 0 -1
    outer loop
      vertex -30.7735 17.9324 0
      vertex -36.9603 0 0
      vertex -30.9049 18.0555 0
    endloop
  endfacet
  facet normal 0 0 -1
    outer loop
      vertex -26.2162 20.1799 0
      vertex -12.7 40 0
      vertex -26.2103 20 0
    endloop
  endfacet
  facet normal 0 0 -1
    outer loop
      vertex -26.2339 20.3589 0
      vertex -12.7 40 0
      vertex -26.2162 20.1799 0
    endloop
  endfacet
  facet normal 0 0 -1
    outer loop
      vertex -26.2632 20.5365 0
      vertex -12.7 40 0
      vertex -26.2339 20.3589 0
    endloop
  endfacet
  facet normal 0 0 -1
    outer loop
      vertex -26.304 20.7118 0
      vertex -12.7 40 0
      vertex -26.2632 20.5365 0
    endloop
  endfacet
  facet normal 0 0 -1
    outer loop
      vertex -26.3563 20.884 0
      vertex -12.7 40 0
      vertex -26.304 20.7118 0
    endloop
  endfacet
  facet normal 0 0 -1
    outer loop
      vertex -26.4197 21.0524 0
      vertex -12.7 40 0
      vertex -26.3563 20.884 0
    endloop
  endfacet
  facet normal 0 0 -1
    outer loop
      vertex -26.4939 21.2163 0
      vertex -12.7 40 0
      vertex -26.4197 21.0524 0
    endloop
  endfacet
  facet normal 0 0 -1
    outer loop
      vertex -26.5788 21.375 0
      vertex -12.7 40 0
      vertex -26.4939 21.2163 0
    endloop
  endfacet
  facet normal 0 0 -1
    outer loop
      vertex -26.6738 21.5278 0
      vertex -12.7 40 0
      vertex -26.5788 21.375 0
    endloop
  endfacet
  facet normal 0 0 -1
    outer loop
      vertex -26.7786 21.6741 0
      vertex -12.7 40 0
      vertex -26.6738 21.5278 0
    endloop
  endfacet
  facet normal 0 0 -1
    outer loop
      vertex -26.8928 21.8132 0
      vertex -12.7 40 0
      vertex -26.7786 21.6741 0
    endloop
  endfacet
  facet normal 0 0 -1
    outer loop
      vertex -27.0158 21.9445 0
      vertex -12.7 40 0
      vertex -26.8928 21.8132 0
    endloop
  endfacet
  facet normal 0 0 -1
    outer loop
      vertex -27.1471 22.0676 0
      vertex -12.7 40 0
      vertex -27.0158 21.9445 0
    endloop
  endfacet
  facet normal 0 0 -1
    outer loop
      vertex -27.2862 22.1817 0
      vertex -12.7 40 0
      vertex -27.1471 22.0676 0
    endloop
  endfacet
  facet normal 0 0 -1
    outer loop
      vertex -27.4325 22.2865 0
      vertex -12.7 40 0
      vertex -27.2862 22.1817 0
    endloop
  endfacet
  facet normal 0 0 -1
    outer loop
      vertex -27.5853 22.3816 0
      vertex -12.7 40 0
      vertex -27.4325 22.2865 0
    endloop
  endfacet
  facet normal 0 0 -1
    outer loop
      vertex -27.744 22.4664 0
      vertex -12.7 40 0
      vertex -27.5853 22.3816 0
    endloop
  endfacet
  facet normal 0 0 -1
    outer loop
      vertex -27.908 22.5407 0
      vertex -12.7 40 0
      vertex -27.744 22.4664 0
    endloop
  endfacet
  facet normal 0 0 -1
    outer loop
      vertex -28.0764 22.6041 0
      vertex -12.7 40 0
      vertex -27.908 22.5407 0
    endloop
  endfacet
  facet normal 0 0 -1
    outer loop
      vertex -28.2486 22.6563 0
      vertex -12.7 40 0
      vertex -28.0764 22.6041 0
    endloop
  endfacet
  facet normal 0 0 -1
    outer loop
      vertex -36.9603 40 0
      vertex -28.2486 22.6563 0
      vertex -28.4238 22.6972 0
    endloop
  endfacet
  facet normal 0 0 -1
    outer loop
      vertex -36.9603 40 0
      vertex -28.4238 22.6972 0
      vertex -28.6014 22.7265 0
    endloop
  endfacet
  facet normal 0 0 -1
    outer loop
      vertex -36.9603 40 0
      vertex -28.6014 22.7265 0
      vertex -28.7805 22.7441 0
    endloop
  endfacet
  facet normal 0 0 -1
    outer loop
      vertex -36.9603 40 0
      vertex -28.7805 22.7441 0
      vertex -28.9603 22.75 0
    endloop
  endfacet
  facet normal 0 0 -1
    outer loop
      vertex -36.9603 40 0
      vertex -28.9603 22.75 0
      vertex -29.1402 22.7441 0
    endloop
  endfacet
  facet normal 0 0 -1
    outer loop
      vertex -36.9603 40 0
      vertex -29.1402 22.7441 0
      vertex -29.3193 22.7265 0
    endloop
  endfacet
  facet normal 0 0 -1
    outer loop
      vertex -36.9603 40 0
      vertex -29.3193 22.7265 0
      vertex -29.4968 22.6972 0
    endloop
  endfacet
  facet normal 0 0 -1
    outer loop
      vertex -36.9603 40 0
      vertex -29.4968 22.6972 0
      vertex -29.6721 22.6563 0
    endloop
  endfacet
  facet normal 0 0 -1
    outer loop
      vertex -36.9603 40 0
      vertex -29.6721 22.6563 0
      vertex -29.8443 22.6041 0
    endloop
  endfacet
  facet normal 0 0 -1
    outer loop
      vertex -36.9603 40 0
      vertex -29.8443 22.6041 0
      vertex -30.0127 22.5407 0
    endloop
  endfacet
  facet normal 0 0 -1
    outer loop
      vertex -36.9603 40 0
      vertex -30.0127 22.5407 0
      vertex -30.1766 22.4664 0
    endloop
  endfacet
  facet normal 0 0 -1
    outer loop
      vertex -36.9603 40 0
      vertex -30.1766 22.4664 0
      vertex -30.3353 22.3816 0
    endloop
  endfacet
  facet normal 0 0 -1
    outer loop
      vertex -36.9603 40 0
      vertex -30.3353 22.3816 0
      vertex -30.4882 22.2865 0
    endloop
  endfacet
  facet normal 0 0 -1
    outer loop
      vertex -36.9603 40 0
      vertex -30.4882 22.2865 0
      vertex -30.6344 22.1817 0
    endloop
  endfacet
  facet normal 0 0 -1
    outer loop
      vertex -36.9603 40 0
      vertex -30.6344 22.1817 0
      vertex -30.7735 22.0676 0
    endloop
  endfacet
  facet normal 0 0 -1
    outer loop
      vertex -36.9603 40 0
      vertex -30.7735 22.0676 0
      vertex -30.9049 21.9445 0
    endloop
  endfacet
  facet normal 0 0 -1
    outer loop
      vertex -36.9603 40 0
      vertex -31.7103 20 0
      vertex -36.9603 0 0
    endloop
  endfacet
  facet normal 0 0 -1
    outer loop
      vertex -31.7103 20 0
      vertex -36.9603 40 0
      vertex -31.7045 20.1799 0
    endloop
  endfacet
  facet normal 0 0 -1
    outer loop
      vertex -31.7045 20.1799 0
      vertex -36.9603 40 0
      vertex -31.6868 20.3589 0
    endloop
  endfacet
  facet normal 0 0 -1
    outer loop
      vertex -31.6868 20.3589 0
      vertex -36.9603 40 0
      vertex -31.6575 20.5365 0
    endloop
  endfacet
  facet normal 0 0 -1
    outer loop
      vertex -28.2486 22.6563 0
      vertex -36.9603 40 0
      vertex -12.7 40 0
    endloop
  endfacet
  facet normal 0 0 -1
    outer loop
      vertex -31.0279 21.8132 0
      vertex -36.9603 40 0
      vertex -30.9049 21.9445 0
    endloop
  endfacet
  facet normal 0 0 -1
    outer loop
      vertex -31.1421 21.6741 0
      vertex -36.9603 40 0
      vertex -31.0279 21.8132 0
    endloop
  endfacet
  facet normal 0 0 -1
    outer loop
      vertex -31.2469 21.5278 0
      vertex -36.9603 40 0
      vertex -31.1421 21.6741 0
    endloop
  endfacet
  facet normal 0 0 -1
    outer loop
      vertex -31.3419 21.375 0
      vertex -36.9603 40 0
      vertex -31.2469 21.5278 0
    endloop
  endfacet
  facet normal 0 0 -1
    outer loop
      vertex -31.4267 21.2163 0
      vertex -36.9603 40 0
      vertex -31.3419 21.375 0
    endloop
  endfacet
  facet normal 0 0 -1
    outer loop
      vertex -31.501 21.0524 0
      vertex -36.9603 40 0
      vertex -31.4267 21.2163 0
    endloop
  endfacet
  facet normal 0 0 -1
    outer loop
      vertex -31.5644 20.884 0
      vertex -36.9603 40 0
      vertex -31.501 21.0524 0
    endloop
  endfacet
  facet normal 0 0 -1
    outer loop
      vertex -31.6166 20.7118 0
      vertex -36.9603 40 0
      vertex -31.5644 20.884 0
    endloop
  endfacet
  facet normal 0 0 -1
    outer loop
      vertex -31.6575 20.5365 0
      vertex -36.9603 40 0
      vertex -31.6166 20.7118 0
    endloop
  endfacet
  facet normal 0.999464 0 -0.0327294
    outer loop
      vertex -12.6728 0 0.830612
      vertex -12.7 40 0
      vertex -12.6728 40 0.830612
    endloop
  endfacet
  facet normal 0.999464 0 -0.0327294
    outer loop
      vertex -12.7 40 0
      vertex -12.6728 0 0.830612
      vertex -12.7 0 0
    endloop
  endfacet
  facet normal -0.999463 0.0327784 0
    outer loop
      vertex -26.2162 19.8201 0
      vertex -26.2103 20 3.8
      vertex -26.2103 20 0
    endloop
  endfacet
  facet normal -0.999463 0.0327784 0
    outer loop
      vertex -26.2103 20 3.8
      vertex -26.2162 19.8201 0
      vertex -26.2162 19.8201 3.8
    endloop
  endfacet
  facet normal -0.995147 -0.0984028 0
    outer loop
      vertex -26.2162 20.1799 0
      vertex -26.2339 20.3589 3.8
      vertex -26.2339 20.3589 0
    endloop
  endfacet
  facet normal -0.995147 -0.0984028 0
    outer loop
      vertex -26.2339 20.3589 3.8
      vertex -26.2162 20.1799 0
      vertex -26.2162 20.1799 3.8
    endloop
  endfacet
  facet normal -0.999463 -0.0327784 0
    outer loop
      vertex -26.2103 20 0
      vertex -26.2162 20.1799 3.8
      vertex -26.2162 20.1799 0
    endloop
  endfacet
  facet normal -0.999463 -0.0327784 0
    outer loop
      vertex -26.2162 20.1799 3.8
      vertex -26.2103 20 0
      vertex -26.2103 20 3.8
    endloop
  endfacet
  facet normal -0.47128 -0.881983 0
    outer loop
      vertex -27.744 22.4664 0
      vertex -27.5853 22.3816 3.8
      vertex -27.744 22.4664 3.8
    endloop
  endfacet
  facet normal -0.47128 -0.881983 -0
    outer loop
      vertex -27.5853 22.3816 3.8
      vertex -27.744 22.4664 0
      vertex -27.5853 22.3816 0
    endloop
  endfacet
  facet normal -0.910994 0.412421 0
    outer loop
      vertex -26.4939 18.7837 0
      vertex -26.4197 18.9476 3.8
      vertex -26.4197 18.9476 0
    endloop
  endfacet
  facet normal -0.910994 0.412421 0
    outer loop
      vertex -26.4197 18.9476 3.8
      vertex -26.4939 18.7837 0
      vertex -26.4939 18.7837 3.8
    endloop
  endfacet
  facet normal 0.881983 0.47128 0
    outer loop
      vertex -31.3419 18.625 3.8
      vertex -31.4267 18.7837 0
      vertex -31.4267 18.7837 3.8
    endloop
  endfacet
  facet normal 0.881983 0.47128 0
    outer loop
      vertex -31.4267 18.7837 0
      vertex -31.3419 18.625 3.8
      vertex -31.3419 18.625 0
    endloop
  endfacet
  facet normal -0.582341 0.812944 0
    outer loop
      vertex -27.2862 17.8183 0
      vertex -27.4325 17.7135 3.8
      vertex -27.2862 17.8183 3.8
    endloop
  endfacet
  facet normal -0.582341 0.812944 0
    outer loop
      vertex -27.4325 17.7135 3.8
      vertex -27.2862 17.8183 0
      vertex -27.4325 17.7135 0
    endloop
  endfacet
  facet normal 0.772892 0.634538 0
    outer loop
      vertex -31.0279 18.1868 3.8
      vertex -31.1421 18.3259 0
      vertex -31.1421 18.3259 3.8
    endloop
  endfacet
  facet normal 0.772892 0.634538 0
    outer loop
      vertex -31.1421 18.3259 0
      vertex -31.0279 18.1868 3.8
      vertex -31.0279 18.1868 0
    endloop
  endfacet
  facet normal 0.772892 -0.634538 0
    outer loop
      vertex -31.1421 21.6741 3.8
      vertex -31.0279 21.8132 0
      vertex -31.0279 21.8132 3.8
    endloop
  endfacet
  facet normal 0.772892 -0.634538 0
    outer loop
      vertex -31.0279 21.8132 0
      vertex -31.1421 21.6741 3.8
      vertex -31.1421 21.6741 0
    endloop
  endfacet
  facet normal -0.68396 -0.72952 0
    outer loop
      vertex -27.1471 22.0676 0
      vertex -27.0158 21.9445 3.8
      vertex -27.1471 22.0676 3.8
    endloop
  endfacet
  facet normal -0.68396 -0.72952 -0
    outer loop
      vertex -27.0158 21.9445 3.8
      vertex -27.1471 22.0676 0
      vertex -27.0158 21.9445 0
    endloop
  endfacet
  facet normal 0.999481 -0.0322234 0
    outer loop
      vertex -31.7103 20 3.8
      vertex -31.7045 20.1799 0
      vertex -31.7045 20.1799 3.8
    endloop
  endfacet
  facet normal 0.999481 -0.0322234 0
    outer loop
      vertex -31.7045 20.1799 0
      vertex -31.7103 20 3.8
      vertex -31.7103 20 0
    endloop
  endfacet
  facet normal 0.881983 -0.47128 0
    outer loop
      vertex -31.4267 21.2163 3.8
      vertex -31.3419 21.375 0
      vertex -31.3419 21.375 3.8
    endloop
  endfacet
  facet normal 0.881983 -0.47128 0
    outer loop
      vertex -31.3419 21.375 0
      vertex -31.4267 21.2163 3.8
      vertex -31.4267 21.2163 0
    endloop
  endfacet
  facet normal -0.227335 0.973817 0
    outer loop
      vertex -28.2486 17.3437 0
      vertex -28.4238 17.3028 3.8
      vertex -28.2486 17.3437 3.8
    endloop
  endfacet
  facet normal -0.227335 0.973817 0
    outer loop
      vertex -28.4238 17.3028 3.8
      vertex -28.2486 17.3437 0
      vertex -28.4238 17.3028 0
    endloop
  endfacet
  facet normal -0.849245 -0.527999 0
    outer loop
      vertex -26.5788 21.375 0
      vertex -26.6738 21.5278 3.8
      vertex -26.6738 21.5278 0
    endloop
  endfacet
  facet normal -0.849245 -0.527999 0
    outer loop
      vertex -26.6738 21.5278 3.8
      vertex -26.5788 21.375 0
      vertex -26.5788 21.375 3.8
    endloop
  endfacet
  facet normal -0.772892 0.634538 0
    outer loop
      vertex -26.8928 18.1868 0
      vertex -26.7786 18.3259 3.8
      vertex -26.7786 18.3259 0
    endloop
  endfacet
  facet normal -0.772892 0.634538 0
    outer loop
      vertex -26.7786 18.3259 3.8
      vertex -26.8928 18.1868 0
      vertex -26.8928 18.1868 3.8
    endloop
  endfacet
  facet normal -0.634206 -0.773164 0
    outer loop
      vertex -27.2862 22.1817 0
      vertex -27.1471 22.0676 3.8
      vertex -27.2862 22.1817 3.8
    endloop
  endfacet
  facet normal -0.634206 -0.773164 -0
    outer loop
      vertex -27.1471 22.0676 3.8
      vertex -27.2862 22.1817 0
      vertex -27.1471 22.0676 0
    endloop
  endfacet
  facet normal -0.352341 -0.935872 0
    outer loop
      vertex -28.0764 22.6041 0
      vertex -27.908 22.5407 3.8
      vertex -28.0764 22.6041 3.8
    endloop
  endfacet
  facet normal -0.352341 -0.935872 -0
    outer loop
      vertex -27.908 22.5407 3.8
      vertex -28.0764 22.6041 0
      vertex -27.908 22.5407 0
    endloop
  endfacet
  facet normal 0.0327784 0.999463 -0
    outer loop
      vertex -28.9603 17.25 0
      vertex -29.1402 17.2559 3.8
      vertex -28.9603 17.25 3.8
    endloop
  endfacet
  facet normal 0.0327784 0.999463 0
    outer loop
      vertex -29.1402 17.2559 3.8
      vertex -28.9603 17.25 0
      vertex -29.1402 17.2559 0
    endloop
  endfacet
  facet normal 0.973845 -0.227212 0
    outer loop
      vertex -31.6575 20.5365 3.8
      vertex -31.6166 20.7118 0
      vertex -31.6166 20.7118 3.8
    endloop
  endfacet
  facet normal 0.973845 -0.227212 0
    outer loop
      vertex -31.6166 20.7118 0
      vertex -31.6575 20.5365 3.8
      vertex -31.6575 20.5365 0
    endloop
  endfacet
  facet normal -0.729797 0.683664 0
    outer loop
      vertex -27.0158 18.0555 0
      vertex -26.8928 18.1868 3.8
      vertex -26.8928 18.1868 0
    endloop
  endfacet
  facet normal -0.729797 0.683664 0
    outer loop
      vertex -26.8928 18.1868 3.8
      vertex -27.0158 18.0555 0
      vertex -27.0158 18.0555 3.8
    endloop
  endfacet
  facet normal -0.812944 -0.582341 0
    outer loop
      vertex -26.6738 21.5278 0
      vertex -26.7786 21.6741 3.8
      vertex -26.7786 21.6741 0
    endloop
  endfacet
  facet normal -0.812944 -0.582341 0
    outer loop
      vertex -26.7786 21.6741 3.8
      vertex -26.6738 21.5278 0
      vertex -26.6738 21.5278 3.8
    endloop
  endfacet
  facet normal -0.0327966 -0.999462 0
    outer loop
      vertex -28.9603 22.75 0
      vertex -28.7805 22.7441 3.8
      vertex -28.9603 22.75 3.8
    endloop
  endfacet
  facet normal -0.0327966 -0.999462 -0
    outer loop
      vertex -28.7805 22.7441 3.8
      vertex -28.9603 22.75 0
      vertex -28.7805 22.7441 0
    endloop
  endfacet
  facet normal 0.634206 -0.773164 0
    outer loop
      vertex -30.7735 22.0676 0
      vertex -30.6344 22.1817 3.8
      vertex -30.7735 22.0676 3.8
    endloop
  endfacet
  facet normal 0.634206 -0.773164 0
    outer loop
      vertex -30.6344 22.1817 3.8
      vertex -30.7735 22.0676 0
      vertex -30.6344 22.1817 0
    endloop
  endfacet
  facet normal -0.956842 -0.290609 0
    outer loop
      vertex -26.304 20.7118 0
      vertex -26.3563 20.884 3.8
      vertex -26.3563 20.884 0
    endloop
  endfacet
  facet normal -0.956842 -0.290609 0
    outer loop
      vertex -26.3563 20.884 3.8
      vertex -26.304 20.7118 0
      vertex -26.304 20.7118 3.8
    endloop
  endfacet
  facet normal 0.995147 -0.0984028 0
    outer loop
      vertex -31.7045 20.1799 3.8
      vertex -31.6868 20.3589 0
      vertex -31.6868 20.3589 3.8
    endloop
  endfacet
  facet normal 0.995147 -0.0984028 0
    outer loop
      vertex -31.6868 20.3589 0
      vertex -31.7045 20.1799 3.8
      vertex -31.7045 20.1799 0
    endloop
  endfacet
  facet normal -0.849245 0.527999 0
    outer loop
      vertex -26.6738 18.4722 0
      vertex -26.5788 18.625 3.8
      vertex -26.5788 18.625 0
    endloop
  endfacet
  facet normal -0.849245 0.527999 0
    outer loop
      vertex -26.5788 18.625 3.8
      vertex -26.6738 18.4722 0
      vertex -26.6738 18.4722 3.8
    endloop
  endfacet
  facet normal 0.729797 0.683664 0
    outer loop
      vertex -30.9049 18.0555 3.8
      vertex -31.0279 18.1868 0
      vertex -31.0279 18.1868 3.8
    endloop
  endfacet
  facet normal 0.729797 0.683664 0
    outer loop
      vertex -31.0279 18.1868 0
      vertex -30.9049 18.0555 3.8
      vertex -30.9049 18.0555 0
    endloop
  endfacet
  facet normal 0.634206 0.773164 -0
    outer loop
      vertex -30.6344 17.8183 0
      vertex -30.7735 17.9324 3.8
      vertex -30.6344 17.8183 3.8
    endloop
  endfacet
  facet normal 0.634206 0.773164 0
    outer loop
      vertex -30.7735 17.9324 3.8
      vertex -30.6344 17.8183 0
      vertex -30.7735 17.9324 0
    endloop
  endfacet
  facet normal 0.0327784 -0.999463 0
    outer loop
      vertex -29.1402 22.7441 0
      vertex -28.9603 22.75 3.8
      vertex -29.1402 22.7441 3.8
    endloop
  endfacet
  facet normal 0.0327784 -0.999463 0
    outer loop
      vertex -28.9603 22.75 3.8
      vertex -29.1402 22.7441 0
      vertex -28.9603 22.75 0
    endloop
  endfacet
  facet normal 0.935872 0.352341 0
    outer loop
      vertex -31.501 18.9476 3.8
      vertex -31.5644 19.116 0
      vertex -31.5644 19.116 3.8
    endloop
  endfacet
  facet normal 0.935872 0.352341 0
    outer loop
      vertex -31.5644 19.116 0
      vertex -31.501 18.9476 3.8
      vertex -31.501 18.9476 0
    endloop
  endfacet
  facet normal 0.812944 -0.582341 0
    outer loop
      vertex -31.2469 21.5278 3.8
      vertex -31.1421 21.6741 0
      vertex -31.1421 21.6741 3.8
    endloop
  endfacet
  facet normal 0.812944 -0.582341 0
    outer loop
      vertex -31.1421 21.6741 0
      vertex -31.2469 21.5278 3.8
      vertex -31.2469 21.5278 0
    endloop
  endfacet
  facet normal -0.162777 0.986663 0
    outer loop
      vertex -28.4238 17.3028 0
      vertex -28.6014 17.2735 3.8
      vertex -28.4238 17.3028 3.8
    endloop
  endfacet
  facet normal -0.162777 0.986663 0
    outer loop
      vertex -28.6014 17.2735 3.8
      vertex -28.4238 17.3028 0
      vertex -28.6014 17.2735 0
    endloop
  endfacet
  facet normal -0.227335 -0.973817 0
    outer loop
      vertex -28.4238 22.6972 0
      vertex -28.2486 22.6563 3.8
      vertex -28.4238 22.6972 3.8
    endloop
  endfacet
  facet normal -0.227335 -0.973817 -0
    outer loop
      vertex -28.2486 22.6563 3.8
      vertex -28.4238 22.6972 0
      vertex -28.2486 22.6563 0
    endloop
  endfacet
  facet normal -0.729797 -0.683664 0
    outer loop
      vertex -26.8928 21.8132 0
      vertex -27.0158 21.9445 3.8
      vertex -27.0158 21.9445 0
    endloop
  endfacet
  facet normal -0.729797 -0.683664 0
    outer loop
      vertex -27.0158 21.9445 3.8
      vertex -26.8928 21.8132 0
      vertex -26.8928 21.8132 3.8
    endloop
  endfacet
  facet normal -0.956842 0.290609 0
    outer loop
      vertex -26.3563 19.116 0
      vertex -26.304 19.2882 3.8
      vertex -26.304 19.2882 0
    endloop
  endfacet
  facet normal -0.956842 0.290609 0
    outer loop
      vertex -26.304 19.2882 3.8
      vertex -26.3563 19.116 0
      vertex -26.3563 19.116 3.8
    endloop
  endfacet
  facet normal 0.956996 -0.2901 0
    outer loop
      vertex -31.6166 20.7118 3.8
      vertex -31.5644 20.884 0
      vertex -31.5644 20.884 3.8
    endloop
  endfacet
  facet normal 0.956996 -0.2901 0
    outer loop
      vertex -31.5644 20.884 0
      vertex -31.6166 20.7118 3.8
      vertex -31.6166 20.7118 0
    endloop
  endfacet
  facet normal -0.634206 0.773164 0
    outer loop
      vertex -27.1471 17.9324 0
      vertex -27.2862 17.8183 3.8
      vertex -27.1471 17.9324 3.8
    endloop
  endfacet
  facet normal -0.634206 0.773164 0
    outer loop
      vertex -27.2862 17.8183 3.8
      vertex -27.1471 17.9324 0
      vertex -27.2862 17.8183 0
    endloop
  endfacet
  facet normal -0.0327966 0.999462 0
    outer loop
      vertex -28.7805 17.2559 0
      vertex -28.9603 17.25 3.8
      vertex -28.7805 17.2559 3.8
    endloop
  endfacet
  facet normal -0.0327966 0.999462 0
    outer loop
      vertex -28.9603 17.25 3.8
      vertex -28.7805 17.2559 0
      vertex -28.9603 17.25 0
    endloop
  endfacet
  facet normal -0.986663 0.162777 0
    outer loop
      vertex -26.2632 19.4635 0
      vertex -26.2339 19.6411 3.8
      vertex -26.2339 19.6411 0
    endloop
  endfacet
  facet normal -0.986663 0.162777 0
    outer loop
      vertex -26.2339 19.6411 3.8
      vertex -26.2632 19.4635 0
      vertex -26.2632 19.4635 3.8
    endloop
  endfacet
  facet normal 0.352341 0.935872 -0
    outer loop
      vertex -29.8443 17.3959 0
      vertex -30.0127 17.4593 3.8
      vertex -29.8443 17.3959 3.8
    endloop
  endfacet
  facet normal 0.352341 0.935872 0
    outer loop
      vertex -30.0127 17.4593 3.8
      vertex -29.8443 17.3959 0
      vertex -30.0127 17.4593 0
    endloop
  endfacet
  facet normal -0.5284 -0.848996 0
    outer loop
      vertex -27.5853 22.3816 0
      vertex -27.4325 22.2865 3.8
      vertex -27.5853 22.3816 3.8
    endloop
  endfacet
  facet normal -0.5284 -0.848996 -0
    outer loop
      vertex -27.4325 22.2865 3.8
      vertex -27.5853 22.3816 0
      vertex -27.4325 22.2865 0
    endloop
  endfacet
  facet normal -0.995147 0.0984028 0
    outer loop
      vertex -26.2339 19.6411 0
      vertex -26.2162 19.8201 3.8
      vertex -26.2162 19.8201 0
    endloop
  endfacet
  facet normal -0.995147 0.0984028 0
    outer loop
      vertex -26.2162 19.8201 3.8
      vertex -26.2339 19.6411 0
      vertex -26.2339 19.6411 3.8
    endloop
  endfacet
  facet normal 0.162866 0.986648 -0
    outer loop
      vertex -29.3193 17.2735 0
      vertex -29.4968 17.3028 3.8
      vertex -29.3193 17.2735 3.8
    endloop
  endfacet
  facet normal 0.162866 0.986648 0
    outer loop
      vertex -29.4968 17.3028 3.8
      vertex -29.3193 17.2735 0
      vertex -29.4968 17.3028 0
    endloop
  endfacet
  facet normal -0.097798 0.995206 0
    outer loop
      vertex -28.6014 17.2735 0
      vertex -28.7805 17.2559 3.8
      vertex -28.6014 17.2735 3.8
    endloop
  endfacet
  facet normal -0.097798 0.995206 0
    outer loop
      vertex -28.7805 17.2559 3.8
      vertex -28.6014 17.2735 0
      vertex -28.7805 17.2559 0
    endloop
  endfacet
  facet normal 0.47128 -0.881983 0
    outer loop
      vertex -30.3353 22.3816 0
      vertex -30.1766 22.4664 3.8
      vertex -30.3353 22.3816 3.8
    endloop
  endfacet
  facet normal 0.47128 -0.881983 0
    outer loop
      vertex -30.1766 22.4664 3.8
      vertex -30.3353 22.3816 0
      vertex -30.1766 22.4664 0
    endloop
  endfacet
  facet normal 0.227212 -0.973845 0
    outer loop
      vertex -29.6721 22.6563 0
      vertex -29.4968 22.6972 3.8
      vertex -29.6721 22.6563 3.8
    endloop
  endfacet
  facet normal 0.227212 -0.973845 0
    outer loop
      vertex -29.4968 22.6972 3.8
      vertex -29.6721 22.6563 0
      vertex -29.4968 22.6972 0
    endloop
  endfacet
  facet normal -0.935872 -0.352341 0
    outer loop
      vertex -26.3563 20.884 0
      vertex -26.4197 21.0524 3.8
      vertex -26.4197 21.0524 0
    endloop
  endfacet
  facet normal -0.935872 -0.352341 0
    outer loop
      vertex -26.4197 21.0524 3.8
      vertex -26.3563 20.884 0
      vertex -26.3563 20.884 3.8
    endloop
  endfacet
  facet normal 0.812944 0.582341 0
    outer loop
      vertex -31.1421 18.3259 3.8
      vertex -31.2469 18.4722 0
      vertex -31.2469 18.4722 3.8
    endloop
  endfacet
  facet normal 0.812944 0.582341 0
    outer loop
      vertex -31.2469 18.4722 0
      vertex -31.1421 18.3259 3.8
      vertex -31.1421 18.3259 0
    endloop
  endfacet
  facet normal 0.528151 -0.849151 0
    outer loop
      vertex -30.4882 22.2865 0
      vertex -30.3353 22.3816 3.8
      vertex -30.4882 22.2865 3.8
    endloop
  endfacet
  facet normal 0.528151 -0.849151 0
    outer loop
      vertex -30.3353 22.3816 3.8
      vertex -30.4882 22.2865 0
      vertex -30.3353 22.3816 0
    endloop
  endfacet
  facet normal 0.956996 0.2901 0
    outer loop
      vertex -31.5644 19.116 3.8
      vertex -31.6166 19.2882 0
      vertex -31.6166 19.2882 3.8
    endloop
  endfacet
  facet normal 0.956996 0.2901 0
    outer loop
      vertex -31.6166 19.2882 0
      vertex -31.5644 19.116 3.8
      vertex -31.5644 19.116 0
    endloop
  endfacet
  facet normal 0.352341 -0.935872 0
    outer loop
      vertex -30.0127 22.5407 0
      vertex -29.8443 22.6041 3.8
      vertex -30.0127 22.5407 3.8
    endloop
  endfacet
  facet normal 0.352341 -0.935872 0
    outer loop
      vertex -29.8443 22.6041 3.8
      vertex -30.0127 22.5407 0
      vertex -29.8443 22.6041 0
    endloop
  endfacet
  facet normal -0.881752 -0.471713 0
    outer loop
      vertex -26.4939 21.2163 0
      vertex -26.5788 21.375 3.8
      vertex -26.5788 21.375 0
    endloop
  endfacet
  facet normal -0.881752 -0.471713 0
    outer loop
      vertex -26.5788 21.375 3.8
      vertex -26.4939 21.2163 0
      vertex -26.4939 21.2163 3.8
    endloop
  endfacet
  facet normal 0.986663 -0.162777 0
    outer loop
      vertex -31.6868 20.3589 3.8
      vertex -31.6575 20.5365 0
      vertex -31.6575 20.5365 3.8
    endloop
  endfacet
  facet normal 0.986663 -0.162777 0
    outer loop
      vertex -31.6575 20.5365 0
      vertex -31.6868 20.3589 3.8
      vertex -31.6868 20.3589 0
    endloop
  endfacet
  facet normal -0.812944 0.582341 0
    outer loop
      vertex -26.7786 18.3259 0
      vertex -26.6738 18.4722 3.8
      vertex -26.6738 18.4722 0
    endloop
  endfacet
  facet normal -0.812944 0.582341 0
    outer loop
      vertex -26.6738 18.4722 3.8
      vertex -26.7786 18.3259 0
      vertex -26.7786 18.3259 3.8
    endloop
  endfacet
  facet normal 0.582605 -0.812756 0
    outer loop
      vertex -30.6344 22.1817 0
      vertex -30.4882 22.2865 3.8
      vertex -30.6344 22.1817 3.8
    endloop
  endfacet
  facet normal 0.582605 -0.812756 0
    outer loop
      vertex -30.4882 22.2865 3.8
      vertex -30.6344 22.1817 0
      vertex -30.4882 22.2865 0
    endloop
  endfacet
  facet normal -0.2901 -0.956996 0
    outer loop
      vertex -28.2486 22.6563 0
      vertex -28.0764 22.6041 3.8
      vertex -28.2486 22.6563 3.8
    endloop
  endfacet
  facet normal -0.2901 -0.956996 -0
    outer loop
      vertex -28.0764 22.6041 3.8
      vertex -28.2486 22.6563 0
      vertex -28.0764 22.6041 0
    endloop
  endfacet
  facet normal -0.935872 0.352341 0
    outer loop
      vertex -26.4197 18.9476 0
      vertex -26.3563 19.116 3.8
      vertex -26.3563 19.116 0
    endloop
  endfacet
  facet normal -0.935872 0.352341 0
    outer loop
      vertex -26.3563 19.116 3.8
      vertex -26.4197 18.9476 0
      vertex -26.4197 18.9476 3.8
    endloop
  endfacet
  facet normal 0.412882 -0.910785 0
    outer loop
      vertex -30.1766 22.4664 0
      vertex -30.0127 22.5407 3.8
      vertex -30.1766 22.4664 3.8
    endloop
  endfacet
  facet normal 0.412882 -0.910785 0
    outer loop
      vertex -30.0127 22.5407 3.8
      vertex -30.1766 22.4664 0
      vertex -30.0127 22.5407 0
    endloop
  endfacet
  facet normal 0.995147 0.0984028 0
    outer loop
      vertex -31.6868 19.6411 3.8
      vertex -31.7045 19.8201 0
      vertex -31.7045 19.8201 3.8
    endloop
  endfacet
  facet normal 0.995147 0.0984028 0
    outer loop
      vertex -31.7045 19.8201 0
      vertex -31.6868 19.6411 3.8
      vertex -31.6868 19.6411 0
    endloop
  endfacet
  facet normal 0.097798 -0.995206 0
    outer loop
      vertex -29.3193 22.7265 0
      vertex -29.1402 22.7441 3.8
      vertex -29.3193 22.7265 3.8
    endloop
  endfacet
  facet normal 0.097798 -0.995206 0
    outer loop
      vertex -29.1402 22.7441 3.8
      vertex -29.3193 22.7265 0
      vertex -29.1402 22.7441 0
    endloop
  endfacet
  facet normal -0.412673 0.910879 0
    outer loop
      vertex -27.744 17.5336 0
      vertex -27.908 17.4593 3.8
      vertex -27.744 17.5336 3.8
    endloop
  endfacet
  facet normal -0.412673 0.910879 0
    outer loop
      vertex -27.908 17.4593 3.8
      vertex -27.744 17.5336 0
      vertex -27.908 17.4593 0
    endloop
  endfacet
  facet normal -0.582341 -0.812944 0
    outer loop
      vertex -27.4325 22.2865 0
      vertex -27.2862 22.1817 3.8
      vertex -27.4325 22.2865 3.8
    endloop
  endfacet
  facet normal -0.582341 -0.812944 -0
    outer loop
      vertex -27.2862 22.1817 3.8
      vertex -27.4325 22.2865 0
      vertex -27.2862 22.1817 0
    endloop
  endfacet
  facet normal 0.910785 0.412882 0
    outer loop
      vertex -31.4267 18.7837 3.8
      vertex -31.501 18.9476 0
      vertex -31.501 18.9476 3.8
    endloop
  endfacet
  facet normal 0.910785 0.412882 0
    outer loop
      vertex -31.501 18.9476 0
      vertex -31.4267 18.7837 3.8
      vertex -31.4267 18.7837 0
    endloop
  endfacet
  facet normal -0.973968 0.226685 0
    outer loop
      vertex -26.304 19.2882 0
      vertex -26.2632 19.4635 3.8
      vertex -26.2632 19.4635 0
    endloop
  endfacet
  facet normal -0.973968 0.226685 0
    outer loop
      vertex -26.2632 19.4635 3.8
      vertex -26.304 19.2882 0
      vertex -26.304 19.2882 3.8
    endloop
  endfacet
  facet normal -0.2901 0.956996 0
    outer loop
      vertex -28.0764 17.3959 0
      vertex -28.2486 17.3437 3.8
      vertex -28.0764 17.3959 3.8
    endloop
  endfacet
  facet normal -0.2901 0.956996 0
    outer loop
      vertex -28.2486 17.3437 3.8
      vertex -28.0764 17.3959 0
      vertex -28.2486 17.3437 0
    endloop
  endfacet
  facet normal -0.772892 -0.634538 0
    outer loop
      vertex -26.7786 21.6741 0
      vertex -26.8928 21.8132 3.8
      vertex -26.8928 21.8132 0
    endloop
  endfacet
  facet normal -0.772892 -0.634538 0
    outer loop
      vertex -26.8928 21.8132 3.8
      vertex -26.7786 21.6741 0
      vertex -26.7786 21.6741 3.8
    endloop
  endfacet
  facet normal 0.2901 -0.956996 0
    outer loop
      vertex -29.8443 22.6041 0
      vertex -29.6721 22.6563 3.8
      vertex -29.8443 22.6041 3.8
    endloop
  endfacet
  facet normal 0.2901 -0.956996 0
    outer loop
      vertex -29.6721 22.6563 3.8
      vertex -29.8443 22.6041 0
      vertex -29.6721 22.6563 0
    endloop
  endfacet
  facet normal -0.881752 0.471713 0
    outer loop
      vertex -26.5788 18.625 0
      vertex -26.4939 18.7837 3.8
      vertex -26.4939 18.7837 0
    endloop
  endfacet
  facet normal -0.881752 0.471713 0
    outer loop
      vertex -26.4939 18.7837 3.8
      vertex -26.5788 18.625 0
      vertex -26.5788 18.625 3.8
    endloop
  endfacet
  facet normal 0.47128 0.881983 -0
    outer loop
      vertex -30.1766 17.5336 0
      vertex -30.3353 17.6184 3.8
      vertex -30.1766 17.5336 3.8
    endloop
  endfacet
  facet normal 0.47128 0.881983 0
    outer loop
      vertex -30.3353 17.6184 3.8
      vertex -30.1766 17.5336 0
      vertex -30.3353 17.6184 0
    endloop
  endfacet
  facet normal 0.2901 0.956996 -0
    outer loop
      vertex -29.6721 17.3437 0
      vertex -29.8443 17.3959 3.8
      vertex -29.6721 17.3437 3.8
    endloop
  endfacet
  facet normal 0.2901 0.956996 0
    outer loop
      vertex -29.8443 17.3959 3.8
      vertex -29.6721 17.3437 0
      vertex -29.8443 17.3959 0
    endloop
  endfacet
  facet normal -0.412673 -0.910879 0
    outer loop
      vertex -27.908 22.5407 0
      vertex -27.744 22.4664 3.8
      vertex -27.908 22.5407 3.8
    endloop
  endfacet
  facet normal -0.412673 -0.910879 -0
    outer loop
      vertex -27.744 22.4664 3.8
      vertex -27.908 22.5407 0
      vertex -27.744 22.4664 0
    endloop
  endfacet
  facet normal -0.097798 -0.995206 0
    outer loop
      vertex -28.7805 22.7441 0
      vertex -28.6014 22.7265 3.8
      vertex -28.7805 22.7441 3.8
    endloop
  endfacet
  facet normal -0.097798 -0.995206 -0
    outer loop
      vertex -28.6014 22.7265 3.8
      vertex -28.7805 22.7441 0
      vertex -28.6014 22.7265 0
    endloop
  endfacet
  facet normal -0.47128 0.881983 0
    outer loop
      vertex -27.5853 17.6184 0
      vertex -27.744 17.5336 3.8
      vertex -27.5853 17.6184 3.8
    endloop
  endfacet
  facet normal -0.47128 0.881983 0
    outer loop
      vertex -27.744 17.5336 3.8
      vertex -27.5853 17.6184 0
      vertex -27.744 17.5336 0
    endloop
  endfacet
  facet normal 0.999481 0.0322234 0
    outer loop
      vertex -31.7045 19.8201 3.8
      vertex -31.7103 20 0
      vertex -31.7103 20 3.8
    endloop
  endfacet
  facet normal 0.999481 0.0322234 0
    outer loop
      vertex -31.7103 20 0
      vertex -31.7045 19.8201 3.8
      vertex -31.7045 19.8201 0
    endloop
  endfacet
  facet normal -0.973968 -0.226685 0
    outer loop
      vertex -26.2632 20.5365 0
      vertex -26.304 20.7118 3.8
      vertex -26.304 20.7118 0
    endloop
  endfacet
  facet normal -0.973968 -0.226685 0
    outer loop
      vertex -26.304 20.7118 3.8
      vertex -26.2632 20.5365 0
      vertex -26.2632 20.5365 3.8
    endloop
  endfacet
  facet normal 0.935872 -0.352341 0
    outer loop
      vertex -31.5644 20.884 3.8
      vertex -31.501 21.0524 0
      vertex -31.501 21.0524 3.8
    endloop
  endfacet
  facet normal 0.935872 -0.352341 0
    outer loop
      vertex -31.501 21.0524 0
      vertex -31.5644 20.884 3.8
      vertex -31.5644 20.884 0
    endloop
  endfacet
  facet normal -0.986663 -0.162777 0
    outer loop
      vertex -26.2339 20.3589 0
      vertex -26.2632 20.5365 3.8
      vertex -26.2632 20.5365 0
    endloop
  endfacet
  facet normal -0.986663 -0.162777 0
    outer loop
      vertex -26.2632 20.5365 3.8
      vertex -26.2339 20.3589 0
      vertex -26.2339 20.3589 3.8
    endloop
  endfacet
  facet normal 0.162866 -0.986648 0
    outer loop
      vertex -29.4968 22.6972 0
      vertex -29.3193 22.7265 3.8
      vertex -29.4968 22.6972 3.8
    endloop
  endfacet
  facet normal 0.162866 -0.986648 0
    outer loop
      vertex -29.3193 22.7265 3.8
      vertex -29.4968 22.6972 0
      vertex -29.3193 22.7265 0
    endloop
  endfacet
  facet normal 0.683682 0.72978 -0
    outer loop
      vertex -30.7735 17.9324 0
      vertex -30.9049 18.0555 3.8
      vertex -30.7735 17.9324 3.8
    endloop
  endfacet
  facet normal 0.683682 0.72978 0
    outer loop
      vertex -30.9049 18.0555 3.8
      vertex -30.7735 17.9324 0
      vertex -30.9049 18.0555 0
    endloop
  endfacet
  facet normal 0.849245 -0.527999 0
    outer loop
      vertex -31.3419 21.375 3.8
      vertex -31.2469 21.5278 0
      vertex -31.2469 21.5278 3.8
    endloop
  endfacet
  facet normal 0.849245 -0.527999 0
    outer loop
      vertex -31.2469 21.5278 0
      vertex -31.3419 21.375 3.8
      vertex -31.3419 21.375 0
    endloop
  endfacet
  facet normal 0.729797 -0.683664 0
    outer loop
      vertex -31.0279 21.8132 3.8
      vertex -30.9049 21.9445 0
      vertex -30.9049 21.9445 3.8
    endloop
  endfacet
  facet normal 0.729797 -0.683664 0
    outer loop
      vertex -30.9049 21.9445 0
      vertex -31.0279 21.8132 3.8
      vertex -31.0279 21.8132 0
    endloop
  endfacet
  facet normal 0.683682 -0.72978 0
    outer loop
      vertex -30.9049 21.9445 0
      vertex -30.7735 22.0676 3.8
      vertex -30.9049 21.9445 3.8
    endloop
  endfacet
  facet normal 0.683682 -0.72978 0
    outer loop
      vertex -30.7735 22.0676 3.8
      vertex -30.9049 21.9445 0
      vertex -30.7735 22.0676 0
    endloop
  endfacet
  facet normal 0.582605 0.812756 -0
    outer loop
      vertex -30.4882 17.7135 0
      vertex -30.6344 17.8183 3.8
      vertex -30.4882 17.7135 3.8
    endloop
  endfacet
  facet normal 0.582605 0.812756 0
    outer loop
      vertex -30.6344 17.8183 3.8
      vertex -30.4882 17.7135 0
      vertex -30.6344 17.8183 0
    endloop
  endfacet
  facet normal -0.5284 0.848996 0
    outer loop
      vertex -27.4325 17.7135 0
      vertex -27.5853 17.6184 3.8
      vertex -27.4325 17.7135 3.8
    endloop
  endfacet
  facet normal -0.5284 0.848996 0
    outer loop
      vertex -27.5853 17.6184 3.8
      vertex -27.4325 17.7135 0
      vertex -27.5853 17.6184 0
    endloop
  endfacet
  facet normal 0.973845 0.227212 0
    outer loop
      vertex -31.6166 19.2882 3.8
      vertex -31.6575 19.4635 0
      vertex -31.6575 19.4635 3.8
    endloop
  endfacet
  facet normal 0.973845 0.227212 0
    outer loop
      vertex -31.6575 19.4635 0
      vertex -31.6166 19.2882 3.8
      vertex -31.6166 19.2882 0
    endloop
  endfacet
  facet normal 0.986663 0.162777 0
    outer loop
      vertex -31.6575 19.4635 3.8
      vertex -31.6868 19.6411 0
      vertex -31.6868 19.6411 3.8
    endloop
  endfacet
  facet normal 0.986663 0.162777 0
    outer loop
      vertex -31.6868 19.6411 0
      vertex -31.6575 19.4635 3.8
      vertex -31.6575 19.4635 0
    endloop
  endfacet
  facet normal 0.097798 0.995206 -0
    outer loop
      vertex -29.1402 17.2559 0
      vertex -29.3193 17.2735 3.8
      vertex -29.1402 17.2559 3.8
    endloop
  endfacet
  facet normal 0.097798 0.995206 0
    outer loop
      vertex -29.3193 17.2735 3.8
      vertex -29.1402 17.2559 0
      vertex -29.3193 17.2735 0
    endloop
  endfacet
  facet normal 0.528151 0.849151 -0
    outer loop
      vertex -30.3353 17.6184 0
      vertex -30.4882 17.7135 3.8
      vertex -30.3353 17.6184 3.8
    endloop
  endfacet
  facet normal 0.528151 0.849151 0
    outer loop
      vertex -30.4882 17.7135 3.8
      vertex -30.3353 17.6184 0
      vertex -30.4882 17.7135 0
    endloop
  endfacet
  facet normal 0.412882 0.910785 -0
    outer loop
      vertex -30.0127 17.4593 0
      vertex -30.1766 17.5336 3.8
      vertex -30.0127 17.4593 3.8
    endloop
  endfacet
  facet normal 0.412882 0.910785 0
    outer loop
      vertex -30.1766 17.5336 3.8
      vertex -30.0127 17.4593 0
      vertex -30.1766 17.5336 0
    endloop
  endfacet
  facet normal -0.352341 0.935872 0
    outer loop
      vertex -27.908 17.4593 0
      vertex -28.0764 17.3959 3.8
      vertex -27.908 17.4593 3.8
    endloop
  endfacet
  facet normal -0.352341 0.935872 0
    outer loop
      vertex -28.0764 17.3959 3.8
      vertex -27.908 17.4593 0
      vertex -28.0764 17.3959 0
    endloop
  endfacet
  facet normal -0.162777 -0.986663 0
    outer loop
      vertex -28.6014 22.7265 0
      vertex -28.4238 22.6972 3.8
      vertex -28.6014 22.7265 3.8
    endloop
  endfacet
  facet normal -0.162777 -0.986663 -0
    outer loop
      vertex -28.4238 22.6972 3.8
      vertex -28.6014 22.7265 0
      vertex -28.4238 22.6972 0
    endloop
  endfacet
  facet normal -0.910994 -0.412421 0
    outer loop
      vertex -26.4197 21.0524 0
      vertex -26.4939 21.2163 3.8
      vertex -26.4939 21.2163 0
    endloop
  endfacet
  facet normal -0.910994 -0.412421 0
    outer loop
      vertex -26.4939 21.2163 3.8
      vertex -26.4197 21.0524 0
      vertex -26.4197 21.0524 3.8
    endloop
  endfacet
  facet normal 0.227212 0.973845 -0
    outer loop
      vertex -29.4968 17.3028 0
      vertex -29.6721 17.3437 3.8
      vertex -29.4968 17.3028 3.8
    endloop
  endfacet
  facet normal 0.227212 0.973845 0
    outer loop
      vertex -29.6721 17.3437 3.8
      vertex -29.4968 17.3028 0
      vertex -29.6721 17.3437 0
    endloop
  endfacet
  facet normal 0.910785 -0.412882 0
    outer loop
      vertex -31.501 21.0524 3.8
      vertex -31.4267 21.2163 0
      vertex -31.4267 21.2163 3.8
    endloop
  endfacet
  facet normal 0.910785 -0.412882 0
    outer loop
      vertex -31.4267 21.2163 0
      vertex -31.501 21.0524 3.8
      vertex -31.501 21.0524 0
    endloop
  endfacet
  facet normal 0.849245 0.527999 0
    outer loop
      vertex -31.2469 18.4722 3.8
      vertex -31.3419 18.625 0
      vertex -31.3419 18.625 3.8
    endloop
  endfacet
  facet normal 0.849245 0.527999 0
    outer loop
      vertex -31.3419 18.625 0
      vertex -31.2469 18.4722 3.8
      vertex -31.2469 18.4722 0
    endloop
  endfacet
  facet normal -0.68396 0.72952 0
    outer loop
      vertex -27.0158 18.0555 0
      vertex -27.1471 17.9324 3.8
      vertex -27.0158 18.0555 3.8
    endloop
  endfacet
  facet normal -0.68396 0.72952 0
    outer loop
      vertex -27.1471 17.9324 3.8
      vertex -27.0158 18.0555 0
      vertex -27.1471 17.9324 0
    endloop
  endfacet
  facet normal 0 1 -0
    outer loop
      vertex -26.5932 15.9 3.8
      vertex -31.3275 15.9 8
      vertex -26.5932 15.9 8
    endloop
  endfacet
  facet normal 0 1 0
    outer loop
      vertex -31.3275 15.9 8
      vertex -26.5932 15.9 3.8
      vertex -31.3275 15.9 3.8
    endloop
  endfacet
  facet normal 0 -1 0
    outer loop
      vertex -31.3275 24.1 3.8
      vertex -26.5932 24.1 8
      vertex -31.3275 24.1 8
    endloop
  endfacet
  facet normal 0 -1 -0
    outer loop
      vertex -26.5932 24.1 8
      vertex -31.3275 24.1 3.8
      vertex -26.5932 24.1 3.8
    endloop
  endfacet
  facet normal -0.866029 -0.499994 0
    outer loop
      vertex -24.2261 20 3.8
      vertex -26.5932 24.1 8
      vertex -26.5932 24.1 3.8
    endloop
  endfacet
  facet normal -0.866029 -0.499994 0
    outer loop
      vertex -26.5932 24.1 8
      vertex -24.2261 20 3.8
      vertex -24.2261 20 8
    endloop
  endfacet
  facet normal 0.866029 -0.499994 0
    outer loop
      vertex -33.6946 20 8
      vertex -31.3275 24.1 3.8
      vertex -31.3275 24.1 8
    endloop
  endfacet
  facet normal 0.866029 -0.499994 0
    outer loop
      vertex -31.3275 24.1 3.8
      vertex -33.6946 20 8
      vertex -33.6946 20 3.8
    endloop
  endfacet
  facet normal 0.866029 0.499994 0
    outer loop
      vertex -31.3275 15.9 8
      vertex -33.6946 20 3.8
      vertex -33.6946 20 8
    endloop
  endfacet
  facet normal 0.866029 0.499994 0
    outer loop
      vertex -33.6946 20 3.8
      vertex -31.3275 15.9 8
      vertex -31.3275 15.9 3.8
    endloop
  endfacet
  facet normal -0.866029 0.499994 0
    outer loop
      vertex -26.5932 15.9 3.8
      vertex -24.2261 20 8
      vertex -24.2261 20 3.8
    endloop
  endfacet
  facet normal -0.866029 0.499994 0
    outer loop
      vertex -24.2261 20 8
      vertex -26.5932 15.9 3.8
      vertex -26.5932 15.9 8
    endloop
  endfacet
  facet normal 0 0 1
    outer loop
      vertex -24.2261 20 3.8
      vertex -26.2162 20.1799 3.8
      vertex -26.2103 20 3.8
    endloop
  endfacet
  facet normal 0 0 1
    outer loop
      vertex -24.2261 20 3.8
      vertex -26.2339 20.3589 3.8
      vertex -26.2162 20.1799 3.8
    endloop
  endfacet
  facet normal 0 0 1
    outer loop
      vertex -24.2261 20 3.8
      vertex -26.2632 20.5365 3.8
      vertex -26.2339 20.3589 3.8
    endloop
  endfacet
  facet normal 0 0 1
    outer loop
      vertex -24.2261 20 3.8
      vertex -26.304 20.7118 3.8
      vertex -26.2632 20.5365 3.8
    endloop
  endfacet
  facet normal 0 0 1
    outer loop
      vertex -24.2261 20 3.8
      vertex -26.3563 20.884 3.8
      vertex -26.304 20.7118 3.8
    endloop
  endfacet
  facet normal 0 0 1
    outer loop
      vertex -24.2261 20 3.8
      vertex -26.4197 21.0524 3.8
      vertex -26.3563 20.884 3.8
    endloop
  endfacet
  facet normal 0 0 1
    outer loop
      vertex -24.2261 20 3.8
      vertex -26.4939 21.2163 3.8
      vertex -26.4197 21.0524 3.8
    endloop
  endfacet
  facet normal 0 0 1
    outer loop
      vertex -24.2261 20 3.8
      vertex -26.5788 21.375 3.8
      vertex -26.4939 21.2163 3.8
    endloop
  endfacet
  facet normal 0 0 1
    outer loop
      vertex -26.5932 24.1 3.8
      vertex -26.5788 21.375 3.8
      vertex -24.2261 20 3.8
    endloop
  endfacet
  facet normal 0 0 1
    outer loop
      vertex -26.5932 24.1 3.8
      vertex -26.6738 21.5278 3.8
      vertex -26.5788 21.375 3.8
    endloop
  endfacet
  facet normal 0 0 1
    outer loop
      vertex -26.5932 24.1 3.8
      vertex -26.7786 21.6741 3.8
      vertex -26.6738 21.5278 3.8
    endloop
  endfacet
  facet normal 0 0 1
    outer loop
      vertex -26.5932 24.1 3.8
      vertex -26.8928 21.8132 3.8
      vertex -26.7786 21.6741 3.8
    endloop
  endfacet
  facet normal 0 0 1
    outer loop
      vertex -26.5932 24.1 3.8
      vertex -27.0158 21.9445 3.8
      vertex -26.8928 21.8132 3.8
    endloop
  endfacet
  facet normal 0 0 1
    outer loop
      vertex -26.5932 24.1 3.8
      vertex -27.1471 22.0676 3.8
      vertex -27.0158 21.9445 3.8
    endloop
  endfacet
  facet normal 0 0 1
    outer loop
      vertex -26.5932 24.1 3.8
      vertex -27.2862 22.1817 3.8
      vertex -27.1471 22.0676 3.8
    endloop
  endfacet
  facet normal 0 0 1
    outer loop
      vertex -26.5932 24.1 3.8
      vertex -27.4325 22.2865 3.8
      vertex -27.2862 22.1817 3.8
    endloop
  endfacet
  facet normal 0 0 1
    outer loop
      vertex -26.5932 24.1 3.8
      vertex -27.5853 22.3816 3.8
      vertex -27.4325 22.2865 3.8
    endloop
  endfacet
  facet normal 0 0 1
    outer loop
      vertex -26.5932 24.1 3.8
      vertex -27.744 22.4664 3.8
      vertex -27.5853 22.3816 3.8
    endloop
  endfacet
  facet normal 0 0 1
    outer loop
      vertex -26.5932 24.1 3.8
      vertex -27.908 22.5407 3.8
      vertex -27.744 22.4664 3.8
    endloop
  endfacet
  facet normal 0 0 1
    outer loop
      vertex -26.5932 24.1 3.8
      vertex -28.0764 22.6041 3.8
      vertex -27.908 22.5407 3.8
    endloop
  endfacet
  facet normal 0 0 1
    outer loop
      vertex -26.5932 24.1 3.8
      vertex -28.2486 22.6563 3.8
      vertex -28.0764 22.6041 3.8
    endloop
  endfacet
  facet normal 0 0 1
    outer loop
      vertex -26.5932 24.1 3.8
      vertex -28.4238 22.6972 3.8
      vertex -28.2486 22.6563 3.8
    endloop
  endfacet
  facet normal 0 0 1
    outer loop
      vertex -26.5932 24.1 3.8
      vertex -28.6014 22.7265 3.8
      vertex -28.4238 22.6972 3.8
    endloop
  endfacet
  facet normal 0 0 1
    outer loop
      vertex -26.5932 24.1 3.8
      vertex -28.7805 22.7441 3.8
      vertex -28.6014 22.7265 3.8
    endloop
  endfacet
  facet normal 0 0 1
    outer loop
      vertex -26.5932 24.1 3.8
      vertex -28.9603 22.75 3.8
      vertex -28.7805 22.7441 3.8
    endloop
  endfacet
  facet normal -0 0 1
    outer loop
      vertex -31.3275 24.1 3.8
      vertex -28.9603 22.75 3.8
      vertex -26.5932 24.1 3.8
    endloop
  endfacet
  facet normal 0 0 1
    outer loop
      vertex -28.9603 22.75 3.8
      vertex -31.3275 24.1 3.8
      vertex -29.1402 22.7441 3.8
    endloop
  endfacet
  facet normal 0 0 1
    outer loop
      vertex -29.1402 22.7441 3.8
      vertex -31.3275 24.1 3.8
      vertex -29.3193 22.7265 3.8
    endloop
  endfacet
  facet normal 0 0 1
    outer loop
      vertex -29.3193 22.7265 3.8
      vertex -31.3275 24.1 3.8
      vertex -29.4968 22.6972 3.8
    endloop
  endfacet
  facet normal 0 0 1
    outer loop
      vertex -29.4968 22.6972 3.8
      vertex -31.3275 24.1 3.8
      vertex -29.6721 22.6563 3.8
    endloop
  endfacet
  facet normal 0 0 1
    outer loop
      vertex -29.6721 22.6563 3.8
      vertex -31.3275 24.1 3.8
      vertex -29.8443 22.6041 3.8
    endloop
  endfacet
  facet normal 0 0 1
    outer loop
      vertex -29.8443 22.6041 3.8
      vertex -31.3275 24.1 3.8
      vertex -30.0127 22.5407 3.8
    endloop
  endfacet
  facet normal 0 0 1
    outer loop
      vertex -30.0127 22.5407 3.8
      vertex -31.3275 24.1 3.8
      vertex -30.1766 22.4664 3.8
    endloop
  endfacet
  facet normal 0 0 1
    outer loop
      vertex -31.3275 24.1 3.8
      vertex -30.3353 22.3816 3.8
      vertex -30.1766 22.4664 3.8
    endloop
  endfacet
  facet normal 0 0 1
    outer loop
      vertex -31.3275 24.1 3.8
      vertex -30.4882 22.2865 3.8
      vertex -30.3353 22.3816 3.8
    endloop
  endfacet
  facet normal 0 0 1
    outer loop
      vertex -31.3275 24.1 3.8
      vertex -30.6344 22.1817 3.8
      vertex -30.4882 22.2865 3.8
    endloop
  endfacet
  facet normal 0 0 1
    outer loop
      vertex -31.3275 24.1 3.8
      vertex -30.7735 22.0676 3.8
      vertex -30.6344 22.1817 3.8
    endloop
  endfacet
  facet normal 0 0 1
    outer loop
      vertex -31.3275 24.1 3.8
      vertex -30.9049 21.9445 3.8
      vertex -30.7735 22.0676 3.8
    endloop
  endfacet
  facet normal 0 0 1
    outer loop
      vertex -31.3275 24.1 3.8
      vertex -31.0279 21.8132 3.8
      vertex -30.9049 21.9445 3.8
    endloop
  endfacet
  facet normal 0 0 1
    outer loop
      vertex -31.3275 24.1 3.8
      vertex -31.1421 21.6741 3.8
      vertex -31.0279 21.8132 3.8
    endloop
  endfacet
  facet normal 0 0 1
    outer loop
      vertex -31.3275 24.1 3.8
      vertex -31.2469 21.5278 3.8
      vertex -31.1421 21.6741 3.8
    endloop
  endfacet
  facet normal 0 0 1
    outer loop
      vertex -31.3275 24.1 3.8
      vertex -31.3419 21.375 3.8
      vertex -31.2469 21.5278 3.8
    endloop
  endfacet
  facet normal 0 0 1
    outer loop
      vertex -33.6946 20 3.8
      vertex -31.3419 21.375 3.8
      vertex -31.3275 24.1 3.8
    endloop
  endfacet
  facet normal 0 0 1
    outer loop
      vertex -31.3419 21.375 3.8
      vertex -33.6946 20 3.8
      vertex -31.4267 21.2163 3.8
    endloop
  endfacet
  facet normal 0 0 1
    outer loop
      vertex -31.4267 21.2163 3.8
      vertex -33.6946 20 3.8
      vertex -31.501 21.0524 3.8
    endloop
  endfacet
  facet normal 0 0 1
    outer loop
      vertex -31.501 21.0524 3.8
      vertex -33.6946 20 3.8
      vertex -31.5644 20.884 3.8
    endloop
  endfacet
  facet normal 0 0 1
    outer loop
      vertex -31.5644 20.884 3.8
      vertex -33.6946 20 3.8
      vertex -31.6166 20.7118 3.8
    endloop
  endfacet
  facet normal 0 0 1
    outer loop
      vertex -31.6166 20.7118 3.8
      vertex -33.6946 20 3.8
      vertex -31.6575 20.5365 3.8
    endloop
  endfacet
  facet normal 0 0 1
    outer loop
      vertex -31.6575 20.5365 3.8
      vertex -33.6946 20 3.8
      vertex -31.6868 20.3589 3.8
    endloop
  endfacet
  facet normal 0 0 1
    outer loop
      vertex -31.7045 20.1799 3.8
      vertex -33.6946 20 3.8
      vertex -31.7103 20 3.8
    endloop
  endfacet
  facet normal 0 0 1
    outer loop
      vertex -31.6868 20.3589 3.8
      vertex -33.6946 20 3.8
      vertex -31.7045 20.1799 3.8
    endloop
  endfacet
  facet normal 0 0 1
    outer loop
      vertex -26.2162 19.8201 3.8
      vertex -24.2261 20 3.8
      vertex -26.2103 20 3.8
    endloop
  endfacet
  facet normal 0 0 1
    outer loop
      vertex -26.2339 19.6411 3.8
      vertex -24.2261 20 3.8
      vertex -26.2162 19.8201 3.8
    endloop
  endfacet
  facet normal 0 0 1
    outer loop
      vertex -26.2632 19.4635 3.8
      vertex -24.2261 20 3.8
      vertex -26.2339 19.6411 3.8
    endloop
  endfacet
  facet normal 0 0 1
    outer loop
      vertex -26.304 19.2882 3.8
      vertex -24.2261 20 3.8
      vertex -26.2632 19.4635 3.8
    endloop
  endfacet
  facet normal 0 0 1
    outer loop
      vertex -26.3563 19.116 3.8
      vertex -24.2261 20 3.8
      vertex -26.304 19.2882 3.8
    endloop
  endfacet
  facet normal 0 0 1
    outer loop
      vertex -26.4197 18.9476 3.8
      vertex -24.2261 20 3.8
      vertex -26.3563 19.116 3.8
    endloop
  endfacet
  facet normal 0 0 1
    outer loop
      vertex -26.4939 18.7837 3.8
      vertex -24.2261 20 3.8
      vertex -26.4197 18.9476 3.8
    endloop
  endfacet
  facet normal 0 0 1
    outer loop
      vertex -26.5788 18.625 3.8
      vertex -24.2261 20 3.8
      vertex -26.4939 18.7837 3.8
    endloop
  endfacet
  facet normal -0 0 1
    outer loop
      vertex -26.5788 18.625 3.8
      vertex -26.5932 15.9 3.8
      vertex -24.2261 20 3.8
    endloop
  endfacet
  facet normal -0 0 1
    outer loop
      vertex -26.6738 18.4722 3.8
      vertex -26.5932 15.9 3.8
      vertex -26.5788 18.625 3.8
    endloop
  endfacet
  facet normal -0 0 1
    outer loop
      vertex -26.7786 18.3259 3.8
      vertex -26.5932 15.9 3.8
      vertex -26.6738 18.4722 3.8
    endloop
  endfacet
  facet normal -0 0 1
    outer loop
      vertex -26.8928 18.1868 3.8
      vertex -26.5932 15.9 3.8
      vertex -26.7786 18.3259 3.8
    endloop
  endfacet
  facet normal -0 0 1
    outer loop
      vertex -27.0158 18.0555 3.8
      vertex -26.5932 15.9 3.8
      vertex -26.8928 18.1868 3.8
    endloop
  endfacet
  facet normal -0 0 1
    outer loop
      vertex -27.1471 17.9324 3.8
      vertex -26.5932 15.9 3.8
      vertex -27.0158 18.0555 3.8
    endloop
  endfacet
  facet normal -0 0 1
    outer loop
      vertex -27.2862 17.8183 3.8
      vertex -26.5932 15.9 3.8
      vertex -27.1471 17.9324 3.8
    endloop
  endfacet
  facet normal -0 0 1
    outer loop
      vertex -27.4325 17.7135 3.8
      vertex -26.5932 15.9 3.8
      vertex -27.2862 17.8183 3.8
    endloop
  endfacet
  facet normal -0 0 1
    outer loop
      vertex -27.5853 17.6184 3.8
      vertex -26.5932 15.9 3.8
      vertex -27.4325 17.7135 3.8
    endloop
  endfacet
  facet normal -0 0 1
    outer loop
      vertex -27.744 17.5336 3.8
      vertex -26.5932 15.9 3.8
      vertex -27.5853 17.6184 3.8
    endloop
  endfacet
  facet normal -0 0 1
    outer loop
      vertex -27.908 17.4593 3.8
      vertex -26.5932 15.9 3.8
      vertex -27.744 17.5336 3.8
    endloop
  endfacet
  facet normal -0 0 1
    outer loop
      vertex -28.0764 17.3959 3.8
      vertex -26.5932 15.9 3.8
      vertex -27.908 17.4593 3.8
    endloop
  endfacet
  facet normal -0 0 1
    outer loop
      vertex -28.2486 17.3437 3.8
      vertex -26.5932 15.9 3.8
      vertex -28.0764 17.3959 3.8
    endloop
  endfacet
  facet normal -0 0 1
    outer loop
      vertex -28.4238 17.3028 3.8
      vertex -26.5932 15.9 3.8
      vertex -28.2486 17.3437 3.8
    endloop
  endfacet
  facet normal -0 0 1
    outer loop
      vertex -28.6014 17.2735 3.8
      vertex -26.5932 15.9 3.8
      vertex -28.4238 17.3028 3.8
    endloop
  endfacet
  facet normal -0 0 1
    outer loop
      vertex -28.7805 17.2559 3.8
      vertex -26.5932 15.9 3.8
      vertex -28.6014 17.2735 3.8
    endloop
  endfacet
  facet normal -0 0 1
    outer loop
      vertex -28.9603 17.25 3.8
      vertex -26.5932 15.9 3.8
      vertex -28.7805 17.2559 3.8
    endloop
  endfacet
  facet normal 0 0 1
    outer loop
      vertex -31.3275 15.9 3.8
      vertex -28.9603 17.25 3.8
      vertex -29.1402 17.2559 3.8
    endloop
  endfacet
  facet normal 0 0 1
    outer loop
      vertex -31.3275 15.9 3.8
      vertex -29.1402 17.2559 3.8
      vertex -29.3193 17.2735 3.8
    endloop
  endfacet
  facet normal 0 0 1
    outer loop
      vertex -31.3275 15.9 3.8
      vertex -29.3193 17.2735 3.8
      vertex -29.4968 17.3028 3.8
    endloop
  endfacet
  facet normal 0 0 1
    outer loop
      vertex -31.3275 15.9 3.8
      vertex -29.4968 17.3028 3.8
      vertex -29.6721 17.3437 3.8
    endloop
  endfacet
  facet normal 0 0 1
    outer loop
      vertex -31.3275 15.9 3.8
      vertex -29.6721 17.3437 3.8
      vertex -29.8443 17.3959 3.8
    endloop
  endfacet
  facet normal 0 0 1
    outer loop
      vertex -31.3275 15.9 3.8
      vertex -29.8443 17.3959 3.8
      vertex -30.0127 17.4593 3.8
    endloop
  endfacet
  facet normal 0 0 1
    outer loop
      vertex -31.3275 15.9 3.8
      vertex -30.0127 17.4593 3.8
      vertex -30.1766 17.5336 3.8
    endloop
  endfacet
  facet normal 0 0 1
    outer loop
      vertex -28.9603 17.25 3.8
      vertex -31.3275 15.9 3.8
      vertex -26.5932 15.9 3.8
    endloop
  endfacet
  facet normal 0 0 1
    outer loop
      vertex -30.3353 17.6184 3.8
      vertex -31.3275 15.9 3.8
      vertex -30.1766 17.5336 3.8
    endloop
  endfacet
  facet normal 0 0 1
    outer loop
      vertex -30.4882 17.7135 3.8
      vertex -31.3275 15.9 3.8
      vertex -30.3353 17.6184 3.8
    endloop
  endfacet
  facet normal 0 0 1
    outer loop
      vertex -30.6344 17.8183 3.8
      vertex -31.3275 15.9 3.8
      vertex -30.4882 17.7135 3.8
    endloop
  endfacet
  facet normal 0 0 1
    outer loop
      vertex -30.7735 17.9324 3.8
      vertex -31.3275 15.9 3.8
      vertex -30.6344 17.8183 3.8
    endloop
  endfacet
  facet normal 0 0 1
    outer loop
      vertex -30.9049 18.0555 3.8
      vertex -31.3275 15.9 3.8
      vertex -30.7735 17.9324 3.8
    endloop
  endfacet
  facet normal 0 0 1
    outer loop
      vertex -31.0279 18.1868 3.8
      vertex -31.3275 15.9 3.8
      vertex -30.9049 18.0555 3.8
    endloop
  endfacet
  facet normal 0 0 1
    outer loop
      vertex -31.1421 18.3259 3.8
      vertex -31.3275 15.9 3.8
      vertex -31.0279 18.1868 3.8
    endloop
  endfacet
  facet normal 0 0 1
    outer loop
      vertex -31.2469 18.4722 3.8
      vertex -31.3275 15.9 3.8
      vertex -31.1421 18.3259 3.8
    endloop
  endfacet
  facet normal 0 0 1
    outer loop
      vertex -31.3419 18.625 3.8
      vertex -31.3275 15.9 3.8
      vertex -31.2469 18.4722 3.8
    endloop
  endfacet
  facet normal 0 0 1
    outer loop
      vertex -33.6946 20 3.8
      vertex -31.3419 18.625 3.8
      vertex -31.4267 18.7837 3.8
    endloop
  endfacet
  facet normal 0 0 1
    outer loop
      vertex -33.6946 20 3.8
      vertex -31.4267 18.7837 3.8
      vertex -31.501 18.9476 3.8
    endloop
  endfacet
  facet normal 0 0 1
    outer loop
      vertex -33.6946 20 3.8
      vertex -31.501 18.9476 3.8
      vertex -31.5644 19.116 3.8
    endloop
  endfacet
  facet normal 0 0 1
    outer loop
      vertex -33.6946 20 3.8
      vertex -31.5644 19.116 3.8
      vertex -31.6166 19.2882 3.8
    endloop
  endfacet
  facet normal 0 0 1
    outer loop
      vertex -33.6946 20 3.8
      vertex -31.6166 19.2882 3.8
      vertex -31.6575 19.4635 3.8
    endloop
  endfacet
  facet normal 0 0 1
    outer loop
      vertex -33.6946 20 3.8
      vertex -31.6575 19.4635 3.8
      vertex -31.6868 19.6411 3.8
    endloop
  endfacet
  facet normal 0 0 1
    outer loop
      vertex -33.6946 20 3.8
      vertex -31.6868 19.6411 3.8
      vertex -31.7045 19.8201 3.8
    endloop
  endfacet
  facet normal 0 0 1
    outer loop
      vertex -31.3419 18.625 3.8
      vertex -33.6946 20 3.8
      vertex -31.3275 15.9 3.8
    endloop
  endfacet
  facet normal -0 0 1
    outer loop
      vertex -33.6946 20 3.8
      vertex -31.7045 19.8201 3.8
      vertex -31.7103 20 3.8
    endloop
  endfacet
  facet normal -0.999481 0.0322234 0
    outer loop
      vertex 31.7045 19.8201 0
      vertex 31.7103 20 4.5
      vertex 31.7103 20 0
    endloop
  endfacet
  facet normal -0.999481 0.0322234 0
    outer loop
      vertex 31.7103 20 4.5
      vertex 31.7045 19.8201 0
      vertex 31.7045 19.8201 4.5
    endloop
  endfacet
  facet normal -0.995147 -0.0984028 0
    outer loop
      vertex 31.7045 20.1799 0
      vertex 31.6868 20.3589 4.5
      vertex 31.6868 20.3589 0
    endloop
  endfacet
  facet normal -0.995147 -0.0984028 0
    outer loop
      vertex 31.6868 20.3589 4.5
      vertex 31.7045 20.1799 0
      vertex 31.7045 20.1799 4.5
    endloop
  endfacet
  facet normal -0.999481 -0.0322234 0
    outer loop
      vertex 31.7103 20 0
      vertex 31.7045 20.1799 4.5
      vertex 31.7045 20.1799 0
    endloop
  endfacet
  facet normal -0.999481 -0.0322234 0
    outer loop
      vertex 31.7045 20.1799 4.5
      vertex 31.7103 20 0
      vertex 31.7103 20 4.5
    endloop
  endfacet
  facet normal 0.881752 0.471713 0
    outer loop
      vertex 26.5788 18.625 4.5
      vertex 26.4939 18.7837 0
      vertex 26.4939 18.7837 4.5
    endloop
  endfacet
  facet normal 0.881752 0.471713 0
    outer loop
      vertex 26.4939 18.7837 0
      vertex 26.5788 18.625 4.5
      vertex 26.5788 18.625 0
    endloop
  endfacet
  facet normal -0.582605 0.812756 0
    outer loop
      vertex 30.6344 17.8183 0
      vertex 30.4882 17.7135 4.5
      vertex 30.6344 17.8183 4.5
    endloop
  endfacet
  facet normal -0.582605 0.812756 0
    outer loop
      vertex 30.4882 17.7135 4.5
      vertex 30.6344 17.8183 0
      vertex 30.4882 17.7135 0
    endloop
  endfacet
  facet normal 0.772892 0.634538 0
    outer loop
      vertex 26.8928 18.1868 4.5
      vertex 26.7786 18.3259 0
      vertex 26.7786 18.3259 4.5
    endloop
  endfacet
  facet normal 0.772892 0.634538 0
    outer loop
      vertex 26.7786 18.3259 0
      vertex 26.8928 18.1868 4.5
      vertex 26.8928 18.1868 0
    endloop
  endfacet
  facet normal -0.528151 0.849151 0
    outer loop
      vertex 30.4882 17.7135 0
      vertex 30.3353 17.6184 4.5
      vertex 30.4882 17.7135 4.5
    endloop
  endfacet
  facet normal -0.528151 0.849151 0
    outer loop
      vertex 30.3353 17.6184 4.5
      vertex 30.4882 17.7135 0
      vertex 30.3353 17.6184 0
    endloop
  endfacet
  facet normal -0.227212 0.973845 0
    outer loop
      vertex 29.6721 17.3437 0
      vertex 29.4968 17.3028 4.5
      vertex 29.6721 17.3437 4.5
    endloop
  endfacet
  facet normal -0.227212 0.973845 0
    outer loop
      vertex 29.4968 17.3028 4.5
      vertex 29.6721 17.3437 0
      vertex 29.4968 17.3028 0
    endloop
  endfacet
  facet normal 0.973968 -0.226685 0
    outer loop
      vertex 26.2632 20.5365 4.5
      vertex 26.304 20.7118 0
      vertex 26.304 20.7118 4.5
    endloop
  endfacet
  facet normal 0.973968 -0.226685 0
    outer loop
      vertex 26.304 20.7118 0
      vertex 26.2632 20.5365 4.5
      vertex 26.2632 20.5365 0
    endloop
  endfacet
  facet normal -0.352341 0.935872 0
    outer loop
      vertex 30.0127 17.4593 0
      vertex 29.8443 17.3959 4.5
      vertex 30.0127 17.4593 4.5
    endloop
  endfacet
  facet normal -0.352341 0.935872 0
    outer loop
      vertex 29.8443 17.3959 4.5
      vertex 30.0127 17.4593 0
      vertex 29.8443 17.3959 0
    endloop
  endfacet
  facet normal 0.0327966 0.999462 -0
    outer loop
      vertex 28.9603 17.25 0
      vertex 28.7805 17.2559 4.5
      vertex 28.9603 17.25 4.5
    endloop
  endfacet
  facet normal 0.0327966 0.999462 0
    outer loop
      vertex 28.7805 17.2559 4.5
      vertex 28.9603 17.25 0
      vertex 28.7805 17.2559 0
    endloop
  endfacet
  facet normal -0.683682 0.72978 0
    outer loop
      vertex 30.9049 18.0555 0
      vertex 30.7735 17.9324 4.5
      vertex 30.9049 18.0555 4.5
    endloop
  endfacet
  facet normal -0.683682 0.72978 0
    outer loop
      vertex 30.7735 17.9324 4.5
      vertex 30.9049 18.0555 0
      vertex 30.7735 17.9324 0
    endloop
  endfacet
  facet normal -0.849245 -0.527999 0
    outer loop
      vertex 31.3419 21.375 0
      vertex 31.2469 21.5278 4.5
      vertex 31.2469 21.5278 0
    endloop
  endfacet
  facet normal -0.849245 -0.527999 0
    outer loop
      vertex 31.2469 21.5278 4.5
      vertex 31.3419 21.375 0
      vertex 31.3419 21.375 4.5
    endloop
  endfacet
  facet normal -0.772892 0.634538 0
    outer loop
      vertex 31.0279 18.1868 0
      vertex 31.1421 18.3259 4.5
      vertex 31.1421 18.3259 0
    endloop
  endfacet
  facet normal -0.772892 0.634538 0
    outer loop
      vertex 31.1421 18.3259 4.5
      vertex 31.0279 18.1868 0
      vertex 31.0279 18.1868 4.5
    endloop
  endfacet
  facet normal -0.634206 -0.773164 0
    outer loop
      vertex 30.6344 22.1817 0
      vertex 30.7735 22.0676 4.5
      vertex 30.6344 22.1817 4.5
    endloop
  endfacet
  facet normal -0.634206 -0.773164 -0
    outer loop
      vertex 30.7735 22.0676 4.5
      vertex 30.6344 22.1817 0
      vertex 30.7735 22.0676 0
    endloop
  endfacet
  facet normal 0.935872 -0.352341 0
    outer loop
      vertex 26.3563 20.884 4.5
      vertex 26.4197 21.0524 0
      vertex 26.4197 21.0524 4.5
    endloop
  endfacet
  facet normal 0.935872 -0.352341 0
    outer loop
      vertex 26.4197 21.0524 0
      vertex 26.3563 20.884 4.5
      vertex 26.3563 20.884 0
    endloop
  endfacet
  facet normal -0.352341 -0.935872 0
    outer loop
      vertex 29.8443 22.6041 0
      vertex 30.0127 22.5407 4.5
      vertex 29.8443 22.6041 4.5
    endloop
  endfacet
  facet normal -0.352341 -0.935872 -0
    outer loop
      vertex 30.0127 22.5407 4.5
      vertex 29.8443 22.6041 0
      vertex 30.0127 22.5407 0
    endloop
  endfacet
  facet normal -0.812944 -0.582341 0
    outer loop
      vertex 31.2469 21.5278 0
      vertex 31.1421 21.6741 4.5
      vertex 31.1421 21.6741 0
    endloop
  endfacet
  facet normal -0.812944 -0.582341 0
    outer loop
      vertex 31.1421 21.6741 4.5
      vertex 31.2469 21.5278 0
      vertex 31.2469 21.5278 4.5
    endloop
  endfacet
  facet normal 0.162777 0.986663 -0
    outer loop
      vertex 28.6014 17.2735 0
      vertex 28.4238 17.3028 4.5
      vertex 28.6014 17.2735 4.5
    endloop
  endfacet
  facet normal 0.162777 0.986663 0
    outer loop
      vertex 28.4238 17.3028 4.5
      vertex 28.6014 17.2735 0
      vertex 28.4238 17.3028 0
    endloop
  endfacet
  facet normal 0.68396 -0.72952 0
    outer loop
      vertex 27.0158 21.9445 0
      vertex 27.1471 22.0676 4.5
      vertex 27.0158 21.9445 4.5
    endloop
  endfacet
  facet normal 0.68396 -0.72952 0
    outer loop
      vertex 27.1471 22.0676 4.5
      vertex 27.0158 21.9445 0
      vertex 27.1471 22.0676 0
    endloop
  endfacet
  facet normal 0.849245 0.527999 0
    outer loop
      vertex 26.6738 18.4722 4.5
      vertex 26.5788 18.625 0
      vertex 26.5788 18.625 4.5
    endloop
  endfacet
  facet normal 0.849245 0.527999 0
    outer loop
      vertex 26.5788 18.625 0
      vertex 26.6738 18.4722 4.5
      vertex 26.6738 18.4722 0
    endloop
  endfacet
  facet normal 0.772892 -0.634538 0
    outer loop
      vertex 26.7786 21.6741 4.5
      vertex 26.8928 21.8132 0
      vertex 26.8928 21.8132 4.5
    endloop
  endfacet
  facet normal 0.772892 -0.634538 0
    outer loop
      vertex 26.8928 21.8132 0
      vertex 26.7786 21.6741 4.5
      vertex 26.7786 21.6741 0
    endloop
  endfacet
  facet normal 0.634206 -0.773164 0
    outer loop
      vertex 27.1471 22.0676 0
      vertex 27.2862 22.1817 4.5
      vertex 27.1471 22.0676 4.5
    endloop
  endfacet
  facet normal 0.634206 -0.773164 0
    outer loop
      vertex 27.2862 22.1817 4.5
      vertex 27.1471 22.0676 0
      vertex 27.2862 22.1817 0
    endloop
  endfacet
  facet normal -0.956996 -0.2901 0
    outer loop
      vertex 31.6166 20.7118 0
      vertex 31.5644 20.884 4.5
      vertex 31.5644 20.884 0
    endloop
  endfacet
  facet normal -0.956996 -0.2901 0
    outer loop
      vertex 31.5644 20.884 4.5
      vertex 31.6166 20.7118 0
      vertex 31.6166 20.7118 4.5
    endloop
  endfacet
  facet normal 0.352341 -0.935872 0
    outer loop
      vertex 27.908 22.5407 0
      vertex 28.0764 22.6041 4.5
      vertex 27.908 22.5407 4.5
    endloop
  endfacet
  facet normal 0.352341 -0.935872 0
    outer loop
      vertex 28.0764 22.6041 4.5
      vertex 27.908 22.5407 0
      vertex 28.0764 22.6041 0
    endloop
  endfacet
  facet normal 0.729797 0.683664 0
    outer loop
      vertex 27.0158 18.0555 4.5
      vertex 26.8928 18.1868 0
      vertex 26.8928 18.1868 4.5
    endloop
  endfacet
  facet normal 0.729797 0.683664 0
    outer loop
      vertex 26.8928 18.1868 0
      vertex 27.0158 18.0555 4.5
      vertex 27.0158 18.0555 0
    endloop
  endfacet
  facet normal -0.2901 -0.956996 0
    outer loop
      vertex 29.6721 22.6563 0
      vertex 29.8443 22.6041 4.5
      vertex 29.6721 22.6563 4.5
    endloop
  endfacet
  facet normal -0.2901 -0.956996 -0
    outer loop
      vertex 29.8443 22.6041 4.5
      vertex 29.6721 22.6563 0
      vertex 29.8443 22.6041 0
    endloop
  endfacet
  facet normal 0.995147 -0.0984028 0
    outer loop
      vertex 26.2162 20.1799 4.5
      vertex 26.2339 20.3589 0
      vertex 26.2339 20.3589 4.5
    endloop
  endfacet
  facet normal 0.995147 -0.0984028 0
    outer loop
      vertex 26.2339 20.3589 0
      vertex 26.2162 20.1799 4.5
      vertex 26.2162 20.1799 0
    endloop
  endfacet
  facet normal 0.935872 0.352341 0
    outer loop
      vertex 26.4197 18.9476 4.5
      vertex 26.3563 19.116 0
      vertex 26.3563 19.116 4.5
    endloop
  endfacet
  facet normal 0.935872 0.352341 0
    outer loop
      vertex 26.3563 19.116 0
      vertex 26.4197 18.9476 4.5
      vertex 26.4197 18.9476 0
    endloop
  endfacet
  facet normal 0.634206 0.773164 -0
    outer loop
      vertex 27.2862 17.8183 0
      vertex 27.1471 17.9324 4.5
      vertex 27.2862 17.8183 4.5
    endloop
  endfacet
  facet normal 0.634206 0.773164 0
    outer loop
      vertex 27.1471 17.9324 4.5
      vertex 27.2862 17.8183 0
      vertex 27.1471 17.9324 0
    endloop
  endfacet
  facet normal -0.956996 0.2901 0
    outer loop
      vertex 31.5644 19.116 0
      vertex 31.6166 19.2882 4.5
      vertex 31.6166 19.2882 0
    endloop
  endfacet
  facet normal -0.956996 0.2901 0
    outer loop
      vertex 31.6166 19.2882 4.5
      vertex 31.5644 19.116 0
      vertex 31.5644 19.116 4.5
    endloop
  endfacet
  facet normal 0.910994 -0.412421 0
    outer loop
      vertex 26.4197 21.0524 4.5
      vertex 26.4939 21.2163 0
      vertex 26.4939 21.2163 4.5
    endloop
  endfacet
  facet normal 0.910994 -0.412421 0
    outer loop
      vertex 26.4939 21.2163 0
      vertex 26.4197 21.0524 4.5
      vertex 26.4197 21.0524 0
    endloop
  endfacet
  facet normal 0.47128 -0.881983 0
    outer loop
      vertex 27.5853 22.3816 0
      vertex 27.744 22.4664 4.5
      vertex 27.5853 22.3816 4.5
    endloop
  endfacet
  facet normal 0.47128 -0.881983 0
    outer loop
      vertex 27.744 22.4664 4.5
      vertex 27.5853 22.3816 0
      vertex 27.744 22.4664 0
    endloop
  endfacet
  facet normal -0.227212 -0.973845 0
    outer loop
      vertex 29.4968 22.6972 0
      vertex 29.6721 22.6563 4.5
      vertex 29.4968 22.6972 4.5
    endloop
  endfacet
  facet normal -0.227212 -0.973845 -0
    outer loop
      vertex 29.6721 22.6563 4.5
      vertex 29.4968 22.6972 0
      vertex 29.6721 22.6563 0
    endloop
  endfacet
  facet normal -0.986663 0.162777 0
    outer loop
      vertex 31.6575 19.4635 0
      vertex 31.6868 19.6411 4.5
      vertex 31.6868 19.6411 0
    endloop
  endfacet
  facet normal -0.986663 0.162777 0
    outer loop
      vertex 31.6868 19.6411 4.5
      vertex 31.6575 19.4635 0
      vertex 31.6575 19.4635 4.5
    endloop
  endfacet
  facet normal 0.956842 -0.290609 0
    outer loop
      vertex 26.304 20.7118 4.5
      vertex 26.3563 20.884 0
      vertex 26.3563 20.884 4.5
    endloop
  endfacet
  facet normal 0.956842 -0.290609 0
    outer loop
      vertex 26.3563 20.884 0
      vertex 26.304 20.7118 4.5
      vertex 26.304 20.7118 0
    endloop
  endfacet
  facet normal -0.528151 -0.849151 0
    outer loop
      vertex 30.3353 22.3816 0
      vertex 30.4882 22.2865 4.5
      vertex 30.3353 22.3816 4.5
    endloop
  endfacet
  facet normal -0.528151 -0.849151 -0
    outer loop
      vertex 30.4882 22.2865 4.5
      vertex 30.3353 22.3816 0
      vertex 30.4882 22.2865 0
    endloop
  endfacet
  facet normal -0.995147 0.0984028 0
    outer loop
      vertex 31.6868 19.6411 0
      vertex 31.7045 19.8201 4.5
      vertex 31.7045 19.8201 0
    endloop
  endfacet
  facet normal -0.995147 0.0984028 0
    outer loop
      vertex 31.7045 19.8201 4.5
      vertex 31.6868 19.6411 0
      vertex 31.6868 19.6411 4.5
    endloop
  endfacet
  facet normal -0.097798 0.995206 0
    outer loop
      vertex 29.3193 17.2735 0
      vertex 29.1402 17.2559 4.5
      vertex 29.3193 17.2735 4.5
    endloop
  endfacet
  facet normal -0.097798 0.995206 0
    outer loop
      vertex 29.1402 17.2559 4.5
      vertex 29.3193 17.2735 0
      vertex 29.1402 17.2559 0
    endloop
  endfacet
  facet normal -0.910785 -0.412882 0
    outer loop
      vertex 31.501 21.0524 0
      vertex 31.4267 21.2163 4.5
      vertex 31.4267 21.2163 0
    endloop
  endfacet
  facet normal -0.910785 -0.412882 0
    outer loop
      vertex 31.4267 21.2163 4.5
      vertex 31.501 21.0524 0
      vertex 31.501 21.0524 4.5
    endloop
  endfacet
  facet normal 0.227335 -0.973817 0
    outer loop
      vertex 28.2486 22.6563 0
      vertex 28.4238 22.6972 4.5
      vertex 28.2486 22.6563 4.5
    endloop
  endfacet
  facet normal 0.227335 -0.973817 0
    outer loop
      vertex 28.4238 22.6972 4.5
      vertex 28.2486 22.6563 0
      vertex 28.4238 22.6972 0
    endloop
  endfacet
  facet normal -0.910785 0.412882 0
    outer loop
      vertex 31.4267 18.7837 0
      vertex 31.501 18.9476 4.5
      vertex 31.501 18.9476 0
    endloop
  endfacet
  facet normal -0.910785 0.412882 0
    outer loop
      vertex 31.501 18.9476 4.5
      vertex 31.4267 18.7837 0
      vertex 31.4267 18.7837 4.5
    endloop
  endfacet
  facet normal 0.2901 -0.956996 0
    outer loop
      vertex 28.0764 22.6041 0
      vertex 28.2486 22.6563 4.5
      vertex 28.0764 22.6041 4.5
    endloop
  endfacet
  facet normal 0.2901 -0.956996 0
    outer loop
      vertex 28.2486 22.6563 4.5
      vertex 28.0764 22.6041 0
      vertex 28.2486 22.6563 0
    endloop
  endfacet
  facet normal -0.412882 -0.910785 0
    outer loop
      vertex 30.0127 22.5407 0
      vertex 30.1766 22.4664 4.5
      vertex 30.0127 22.5407 4.5
    endloop
  endfacet
  facet normal -0.412882 -0.910785 -0
    outer loop
      vertex 30.1766 22.4664 4.5
      vertex 30.0127 22.5407 0
      vertex 30.1766 22.4664 0
    endloop
  endfacet
  facet normal 0.956842 0.290609 0
    outer loop
      vertex 26.3563 19.116 4.5
      vertex 26.304 19.2882 0
      vertex 26.304 19.2882 4.5
    endloop
  endfacet
  facet normal 0.956842 0.290609 0
    outer loop
      vertex 26.304 19.2882 0
      vertex 26.3563 19.116 4.5
      vertex 26.3563 19.116 0
    endloop
  endfacet
  facet normal -0.881983 -0.47128 0
    outer loop
      vertex 31.4267 21.2163 0
      vertex 31.3419 21.375 4.5
      vertex 31.3419 21.375 0
    endloop
  endfacet
  facet normal -0.881983 -0.47128 0
    outer loop
      vertex 31.3419 21.375 4.5
      vertex 31.4267 21.2163 0
      vertex 31.4267 21.2163 4.5
    endloop
  endfacet
  facet normal 0.986663 -0.162777 0
    outer loop
      vertex 26.2339 20.3589 4.5
      vertex 26.2632 20.5365 0
      vertex 26.2632 20.5365 4.5
    endloop
  endfacet
  facet normal 0.986663 -0.162777 0
    outer loop
      vertex 26.2632 20.5365 0
      vertex 26.2339 20.3589 4.5
      vertex 26.2339 20.3589 0
    endloop
  endfacet
  facet normal -0.849245 0.527999 0
    outer loop
      vertex 31.2469 18.4722 0
      vertex 31.3419 18.625 4.5
      vertex 31.3419 18.625 0
    endloop
  endfacet
  facet normal -0.849245 0.527999 0
    outer loop
      vertex 31.3419 18.625 4.5
      vertex 31.2469 18.4722 0
      vertex 31.2469 18.4722 4.5
    endloop
  endfacet
  facet normal 0.582341 -0.812944 0
    outer loop
      vertex 27.2862 22.1817 0
      vertex 27.4325 22.2865 4.5
      vertex 27.2862 22.1817 4.5
    endloop
  endfacet
  facet normal 0.582341 -0.812944 0
    outer loop
      vertex 27.4325 22.2865 4.5
      vertex 27.2862 22.1817 0
      vertex 27.4325 22.2865 0
    endloop
  endfacet
  facet normal 0.812944 0.582341 0
    outer loop
      vertex 26.7786 18.3259 4.5
      vertex 26.6738 18.4722 0
      vertex 26.6738 18.4722 4.5
    endloop
  endfacet
  facet normal 0.812944 0.582341 0
    outer loop
      vertex 26.6738 18.4722 0
      vertex 26.7786 18.3259 4.5
      vertex 26.7786 18.3259 0
    endloop
  endfacet
  facet normal 0.881752 -0.471713 0
    outer loop
      vertex 26.4939 21.2163 4.5
      vertex 26.5788 21.375 0
      vertex 26.5788 21.375 4.5
    endloop
  endfacet
  facet normal 0.881752 -0.471713 0
    outer loop
      vertex 26.5788 21.375 0
      vertex 26.4939 21.2163 4.5
      vertex 26.4939 21.2163 0
    endloop
  endfacet
  facet normal 0.412673 -0.910879 0
    outer loop
      vertex 27.744 22.4664 0
      vertex 27.908 22.5407 4.5
      vertex 27.744 22.4664 4.5
    endloop
  endfacet
  facet normal 0.412673 -0.910879 0
    outer loop
      vertex 27.908 22.5407 4.5
      vertex 27.744 22.4664 0
      vertex 27.908 22.5407 0
    endloop
  endfacet
  facet normal 0.995147 0.0984028 0
    outer loop
      vertex 26.2339 19.6411 4.5
      vertex 26.2162 19.8201 0
      vertex 26.2162 19.8201 4.5
    endloop
  endfacet
  facet normal 0.995147 0.0984028 0
    outer loop
      vertex 26.2162 19.8201 0
      vertex 26.2339 19.6411 4.5
      vertex 26.2339 19.6411 0
    endloop
  endfacet
  facet normal -0.0327784 0.999463 0
    outer loop
      vertex 29.1402 17.2559 0
      vertex 28.9603 17.25 4.5
      vertex 29.1402 17.2559 4.5
    endloop
  endfacet
  facet normal -0.0327784 0.999463 0
    outer loop
      vertex 28.9603 17.25 4.5
      vertex 29.1402 17.2559 0
      vertex 28.9603 17.25 0
    endloop
  endfacet
  facet normal 0.097798 -0.995206 0
    outer loop
      vertex 28.6014 22.7265 0
      vertex 28.7805 22.7441 4.5
      vertex 28.6014 22.7265 4.5
    endloop
  endfacet
  facet normal 0.097798 -0.995206 0
    outer loop
      vertex 28.7805 22.7441 4.5
      vertex 28.6014 22.7265 0
      vertex 28.7805 22.7441 0
    endloop
  endfacet
  facet normal 0.999463 -0.0327784 0
    outer loop
      vertex 26.2103 20 4.5
      vertex 26.2162 20.1799 0
      vertex 26.2162 20.1799 4.5
    endloop
  endfacet
  facet normal 0.999463 -0.0327784 0
    outer loop
      vertex 26.2162 20.1799 0
      vertex 26.2103 20 4.5
      vertex 26.2103 20 0
    endloop
  endfacet
  facet normal -0.412882 0.910785 0
    outer loop
      vertex 30.1766 17.5336 0
      vertex 30.0127 17.4593 4.5
      vertex 30.1766 17.5336 4.5
    endloop
  endfacet
  facet normal -0.412882 0.910785 0
    outer loop
      vertex 30.0127 17.4593 4.5
      vertex 30.1766 17.5336 0
      vertex 30.0127 17.4593 0
    endloop
  endfacet
  facet normal -0.812944 0.582341 0
    outer loop
      vertex 31.1421 18.3259 0
      vertex 31.2469 18.4722 4.5
      vertex 31.2469 18.4722 0
    endloop
  endfacet
  facet normal -0.812944 0.582341 0
    outer loop
      vertex 31.2469 18.4722 4.5
      vertex 31.1421 18.3259 0
      vertex 31.1421 18.3259 4.5
    endloop
  endfacet
  facet normal -0.582605 -0.812756 0
    outer loop
      vertex 30.4882 22.2865 0
      vertex 30.6344 22.1817 4.5
      vertex 30.4882 22.2865 4.5
    endloop
  endfacet
  facet normal -0.582605 -0.812756 -0
    outer loop
      vertex 30.6344 22.1817 4.5
      vertex 30.4882 22.2865 0
      vertex 30.6344 22.1817 0
    endloop
  endfacet
  facet normal -0.973845 0.227212 0
    outer loop
      vertex 31.6166 19.2882 0
      vertex 31.6575 19.4635 4.5
      vertex 31.6575 19.4635 0
    endloop
  endfacet
  facet normal -0.973845 0.227212 0
    outer loop
      vertex 31.6575 19.4635 4.5
      vertex 31.6166 19.2882 0
      vertex 31.6166 19.2882 4.5
    endloop
  endfacet
  facet normal -0.2901 0.956996 0
    outer loop
      vertex 29.8443 17.3959 0
      vertex 29.6721 17.3437 4.5
      vertex 29.8443 17.3959 4.5
    endloop
  endfacet
  facet normal -0.2901 0.956996 0
    outer loop
      vertex 29.6721 17.3437 4.5
      vertex 29.8443 17.3959 0
      vertex 29.6721 17.3437 0
    endloop
  endfacet
  facet normal -0.772892 -0.634538 0
    outer loop
      vertex 31.1421 21.6741 0
      vertex 31.0279 21.8132 4.5
      vertex 31.0279 21.8132 0
    endloop
  endfacet
  facet normal -0.772892 -0.634538 0
    outer loop
      vertex 31.0279 21.8132 4.5
      vertex 31.1421 21.6741 0
      vertex 31.1421 21.6741 4.5
    endloop
  endfacet
  facet normal -0.935872 0.352341 0
    outer loop
      vertex 31.501 18.9476 0
      vertex 31.5644 19.116 4.5
      vertex 31.5644 19.116 0
    endloop
  endfacet
  facet normal -0.935872 0.352341 0
    outer loop
      vertex 31.5644 19.116 4.5
      vertex 31.501 18.9476 0
      vertex 31.501 18.9476 4.5
    endloop
  endfacet
  facet normal -0.729797 -0.683664 0
    outer loop
      vertex 31.0279 21.8132 0
      vertex 30.9049 21.9445 4.5
      vertex 30.9049 21.9445 0
    endloop
  endfacet
  facet normal -0.729797 -0.683664 0
    outer loop
      vertex 30.9049 21.9445 4.5
      vertex 31.0279 21.8132 0
      vertex 31.0279 21.8132 4.5
    endloop
  endfacet
  facet normal -0.881983 0.47128 0
    outer loop
      vertex 31.3419 18.625 0
      vertex 31.4267 18.7837 4.5
      vertex 31.4267 18.7837 0
    endloop
  endfacet
  facet normal -0.881983 0.47128 0
    outer loop
      vertex 31.4267 18.7837 4.5
      vertex 31.3419 18.625 0
      vertex 31.3419 18.625 4.5
    endloop
  endfacet
  facet normal -0.162866 0.986648 0
    outer loop
      vertex 29.4968 17.3028 0
      vertex 29.3193 17.2735 4.5
      vertex 29.4968 17.3028 4.5
    endloop
  endfacet
  facet normal -0.162866 0.986648 0
    outer loop
      vertex 29.3193 17.2735 4.5
      vertex 29.4968 17.3028 0
      vertex 29.3193 17.2735 0
    endloop
  endfacet
  facet normal 0.2901 0.956996 -0
    outer loop
      vertex 28.2486 17.3437 0
      vertex 28.0764 17.3959 4.5
      vertex 28.2486 17.3437 4.5
    endloop
  endfacet
  facet normal 0.2901 0.956996 0
    outer loop
      vertex 28.0764 17.3959 4.5
      vertex 28.2486 17.3437 0
      vertex 28.0764 17.3959 0
    endloop
  endfacet
  facet normal 0.849245 -0.527999 0
    outer loop
      vertex 26.5788 21.375 4.5
      vertex 26.6738 21.5278 0
      vertex 26.6738 21.5278 4.5
    endloop
  endfacet
  facet normal 0.849245 -0.527999 0
    outer loop
      vertex 26.6738 21.5278 0
      vertex 26.5788 21.375 4.5
      vertex 26.5788 21.375 0
    endloop
  endfacet
  facet normal -0.097798 -0.995206 0
    outer loop
      vertex 29.1402 22.7441 0
      vertex 29.3193 22.7265 4.5
      vertex 29.1402 22.7441 4.5
    endloop
  endfacet
  facet normal -0.097798 -0.995206 -0
    outer loop
      vertex 29.3193 22.7265 4.5
      vertex 29.1402 22.7441 0
      vertex 29.3193 22.7265 0
    endloop
  endfacet
  facet normal 0.582341 0.812944 -0
    outer loop
      vertex 27.4325 17.7135 0
      vertex 27.2862 17.8183 4.5
      vertex 27.4325 17.7135 4.5
    endloop
  endfacet
  facet normal 0.582341 0.812944 0
    outer loop
      vertex 27.2862 17.8183 4.5
      vertex 27.4325 17.7135 0
      vertex 27.2862 17.8183 0
    endloop
  endfacet
  facet normal -0.683682 -0.72978 0
    outer loop
      vertex 30.7735 22.0676 0
      vertex 30.9049 21.9445 4.5
      vertex 30.7735 22.0676 4.5
    endloop
  endfacet
  facet normal -0.683682 -0.72978 -0
    outer loop
      vertex 30.9049 21.9445 4.5
      vertex 30.7735 22.0676 0
      vertex 30.9049 21.9445 0
    endloop
  endfacet
  facet normal 0.999463 0.0327784 0
    outer loop
      vertex 26.2162 19.8201 4.5
      vertex 26.2103 20 0
      vertex 26.2103 20 4.5
    endloop
  endfacet
  facet normal 0.999463 0.0327784 0
    outer loop
      vertex 26.2103 20 0
      vertex 26.2162 19.8201 4.5
      vertex 26.2162 19.8201 0
    endloop
  endfacet
  facet normal -0.973845 -0.227212 0
    outer loop
      vertex 31.6575 20.5365 0
      vertex 31.6166 20.7118 4.5
      vertex 31.6166 20.7118 0
    endloop
  endfacet
  facet normal -0.973845 -0.227212 0
    outer loop
      vertex 31.6166 20.7118 4.5
      vertex 31.6575 20.5365 0
      vertex 31.6575 20.5365 4.5
    endloop
  endfacet
  facet normal -0.935872 -0.352341 0
    outer loop
      vertex 31.5644 20.884 0
      vertex 31.501 21.0524 4.5
      vertex 31.501 21.0524 0
    endloop
  endfacet
  facet normal -0.935872 -0.352341 0
    outer loop
      vertex 31.501 21.0524 4.5
      vertex 31.5644 20.884 0
      vertex 31.5644 20.884 4.5
    endloop
  endfacet
  facet normal -0.986663 -0.162777 0
    outer loop
      vertex 31.6868 20.3589 0
      vertex 31.6575 20.5365 4.5
      vertex 31.6575 20.5365 0
    endloop
  endfacet
  facet normal -0.986663 -0.162777 0
    outer loop
      vertex 31.6575 20.5365 4.5
      vertex 31.6868 20.3589 0
      vertex 31.6868 20.3589 4.5
    endloop
  endfacet
  facet normal 0.162777 -0.986663 0
    outer loop
      vertex 28.4238 22.6972 0
      vertex 28.6014 22.7265 4.5
      vertex 28.4238 22.6972 4.5
    endloop
  endfacet
  facet normal 0.162777 -0.986663 0
    outer loop
      vertex 28.6014 22.7265 4.5
      vertex 28.4238 22.6972 0
      vertex 28.6014 22.7265 0
    endloop
  endfacet
  facet normal 0.68396 0.72952 -0
    outer loop
      vertex 27.1471 17.9324 0
      vertex 27.0158 18.0555 4.5
      vertex 27.1471 17.9324 4.5
    endloop
  endfacet
  facet normal 0.68396 0.72952 0
    outer loop
      vertex 27.0158 18.0555 4.5
      vertex 27.1471 17.9324 0
      vertex 27.0158 18.0555 0
    endloop
  endfacet
  facet normal 0.729797 -0.683664 0
    outer loop
      vertex 26.8928 21.8132 4.5
      vertex 27.0158 21.9445 0
      vertex 27.0158 21.9445 4.5
    endloop
  endfacet
  facet normal 0.729797 -0.683664 0
    outer loop
      vertex 27.0158 21.9445 0
      vertex 26.8928 21.8132 4.5
      vertex 26.8928 21.8132 0
    endloop
  endfacet
  facet normal 0.47128 0.881983 -0
    outer loop
      vertex 27.744 17.5336 0
      vertex 27.5853 17.6184 4.5
      vertex 27.744 17.5336 4.5
    endloop
  endfacet
  facet normal 0.47128 0.881983 0
    outer loop
      vertex 27.5853 17.6184 4.5
      vertex 27.744 17.5336 0
      vertex 27.5853 17.6184 0
    endloop
  endfacet
  facet normal -0.47128 -0.881983 0
    outer loop
      vertex 30.1766 22.4664 0
      vertex 30.3353 22.3816 4.5
      vertex 30.1766 22.4664 4.5
    endloop
  endfacet
  facet normal -0.47128 -0.881983 -0
    outer loop
      vertex 30.3353 22.3816 4.5
      vertex 30.1766 22.4664 0
      vertex 30.3353 22.3816 0
    endloop
  endfacet
  facet normal 0.910994 0.412421 0
    outer loop
      vertex 26.4939 18.7837 4.5
      vertex 26.4197 18.9476 0
      vertex 26.4197 18.9476 4.5
    endloop
  endfacet
  facet normal 0.910994 0.412421 0
    outer loop
      vertex 26.4197 18.9476 0
      vertex 26.4939 18.7837 4.5
      vertex 26.4939 18.7837 0
    endloop
  endfacet
  facet normal -0.47128 0.881983 0
    outer loop
      vertex 30.3353 17.6184 0
      vertex 30.1766 17.5336 4.5
      vertex 30.3353 17.6184 4.5
    endloop
  endfacet
  facet normal -0.47128 0.881983 0
    outer loop
      vertex 30.1766 17.5336 4.5
      vertex 30.3353 17.6184 0
      vertex 30.1766 17.5336 0
    endloop
  endfacet
  facet normal 0.973968 0.226685 0
    outer loop
      vertex 26.304 19.2882 4.5
      vertex 26.2632 19.4635 0
      vertex 26.2632 19.4635 4.5
    endloop
  endfacet
  facet normal 0.973968 0.226685 0
    outer loop
      vertex 26.2632 19.4635 0
      vertex 26.304 19.2882 4.5
      vertex 26.304 19.2882 0
    endloop
  endfacet
  facet normal 0.986663 0.162777 0
    outer loop
      vertex 26.2632 19.4635 4.5
      vertex 26.2339 19.6411 0
      vertex 26.2339 19.6411 4.5
    endloop
  endfacet
  facet normal 0.986663 0.162777 0
    outer loop
      vertex 26.2339 19.6411 0
      vertex 26.2632 19.4635 4.5
      vertex 26.2632 19.4635 0
    endloop
  endfacet
  facet normal 0.227335 0.973817 -0
    outer loop
      vertex 28.4238 17.3028 0
      vertex 28.2486 17.3437 4.5
      vertex 28.4238 17.3028 4.5
    endloop
  endfacet
  facet normal 0.227335 0.973817 0
    outer loop
      vertex 28.2486 17.3437 4.5
      vertex 28.4238 17.3028 0
      vertex 28.2486 17.3437 0
    endloop
  endfacet
  facet normal 0.097798 0.995206 -0
    outer loop
      vertex 28.7805 17.2559 0
      vertex 28.6014 17.2735 4.5
      vertex 28.7805 17.2559 4.5
    endloop
  endfacet
  facet normal 0.097798 0.995206 0
    outer loop
      vertex 28.6014 17.2735 4.5
      vertex 28.7805 17.2559 0
      vertex 28.6014 17.2735 0
    endloop
  endfacet
  facet normal -0.634206 0.773164 0
    outer loop
      vertex 30.7735 17.9324 0
      vertex 30.6344 17.8183 4.5
      vertex 30.7735 17.9324 4.5
    endloop
  endfacet
  facet normal -0.634206 0.773164 0
    outer loop
      vertex 30.6344 17.8183 4.5
      vertex 30.7735 17.9324 0
      vertex 30.6344 17.8183 0
    endloop
  endfacet
  facet normal -0.0327784 -0.999463 0
    outer loop
      vertex 28.9603 22.75 0
      vertex 29.1402 22.7441 4.5
      vertex 28.9603 22.75 4.5
    endloop
  endfacet
  facet normal -0.0327784 -0.999463 -0
    outer loop
      vertex 29.1402 22.7441 4.5
      vertex 28.9603 22.75 0
      vertex 29.1402 22.7441 0
    endloop
  endfacet
  facet normal 0.0327966 -0.999462 0
    outer loop
      vertex 28.7805 22.7441 0
      vertex 28.9603 22.75 4.5
      vertex 28.7805 22.7441 4.5
    endloop
  endfacet
  facet normal 0.0327966 -0.999462 0
    outer loop
      vertex 28.9603 22.75 4.5
      vertex 28.7805 22.7441 0
      vertex 28.9603 22.75 0
    endloop
  endfacet
  facet normal 0.412673 0.910879 -0
    outer loop
      vertex 27.908 17.4593 0
      vertex 27.744 17.5336 4.5
      vertex 27.908 17.4593 4.5
    endloop
  endfacet
  facet normal 0.412673 0.910879 0
    outer loop
      vertex 27.744 17.5336 4.5
      vertex 27.908 17.4593 0
      vertex 27.744 17.5336 0
    endloop
  endfacet
  facet normal 0.5284 -0.848996 0
    outer loop
      vertex 27.4325 22.2865 0
      vertex 27.5853 22.3816 4.5
      vertex 27.4325 22.2865 4.5
    endloop
  endfacet
  facet normal 0.5284 -0.848996 0
    outer loop
      vertex 27.5853 22.3816 4.5
      vertex 27.4325 22.2865 0
      vertex 27.5853 22.3816 0
    endloop
  endfacet
  facet normal 0.5284 0.848996 -0
    outer loop
      vertex 27.5853 17.6184 0
      vertex 27.4325 17.7135 4.5
      vertex 27.5853 17.6184 4.5
    endloop
  endfacet
  facet normal 0.5284 0.848996 0
    outer loop
      vertex 27.4325 17.7135 4.5
      vertex 27.5853 17.6184 0
      vertex 27.4325 17.7135 0
    endloop
  endfacet
  facet normal 0.812944 -0.582341 0
    outer loop
      vertex 26.6738 21.5278 4.5
      vertex 26.7786 21.6741 0
      vertex 26.7786 21.6741 4.5
    endloop
  endfacet
  facet normal 0.812944 -0.582341 0
    outer loop
      vertex 26.7786 21.6741 0
      vertex 26.6738 21.5278 4.5
      vertex 26.6738 21.5278 0
    endloop
  endfacet
  facet normal -0.162866 -0.986648 0
    outer loop
      vertex 29.3193 22.7265 0
      vertex 29.4968 22.6972 4.5
      vertex 29.3193 22.7265 4.5
    endloop
  endfacet
  facet normal -0.162866 -0.986648 -0
    outer loop
      vertex 29.4968 22.6972 4.5
      vertex 29.3193 22.7265 0
      vertex 29.4968 22.6972 0
    endloop
  endfacet
  facet normal -0.729797 0.683664 0
    outer loop
      vertex 30.9049 18.0555 0
      vertex 31.0279 18.1868 4.5
      vertex 31.0279 18.1868 0
    endloop
  endfacet
  facet normal -0.729797 0.683664 0
    outer loop
      vertex 31.0279 18.1868 4.5
      vertex 30.9049 18.0555 0
      vertex 30.9049 18.0555 4.5
    endloop
  endfacet
  facet normal 0.352341 0.935872 -0
    outer loop
      vertex 28.0764 17.3959 0
      vertex 27.908 17.4593 4.5
      vertex 28.0764 17.3959 4.5
    endloop
  endfacet
  facet normal 0.352341 0.935872 0
    outer loop
      vertex 27.908 17.4593 4.5
      vertex 28.0764 17.3959 0
      vertex 27.908 17.4593 0
    endloop
  endfacet
  facet normal -0.471373 0.881934 0
    outer loop
      vertex 31.3353 15.8864 4.5
      vertex 31.0612 15.7399 8
      vertex 31.3353 15.8864 8
    endloop
  endfacet
  facet normal -0.471373 0.881934 0
    outer loop
      vertex 31.0612 15.7399 8
      vertex 31.3353 15.8864 4.5
      vertex 31.0612 15.7399 4.5
    endloop
  endfacet
  facet normal -0.995173 -0.0981338 0
    outer loop
      vertex 33.7002 20.3107 4.5
      vertex 33.6697 20.62 8
      vertex 33.6697 20.62 4.5
    endloop
  endfacet
  facet normal -0.995173 -0.0981338 0
    outer loop
      vertex 33.6697 20.62 8
      vertex 33.7002 20.3107 4.5
      vertex 33.7002 20.3107 8
    endloop
  endfacet
  facet normal -0.999472 -0.0324901 0
    outer loop
      vertex 33.7103 20 4.5
      vertex 33.7002 20.3107 8
      vertex 33.7002 20.3107 4.5
    endloop
  endfacet
  facet normal -0.999472 -0.0324901 0
    outer loop
      vertex 33.7002 20.3107 8
      vertex 33.7103 20 4.5
      vertex 33.7103 20 8
    endloop
  endfacet
  facet normal -0.986662 -0.162782 0
    outer loop
      vertex 33.6697 20.62 4.5
      vertex 33.6191 20.9267 8
      vertex 33.6191 20.9267 4.5
    endloop
  endfacet
  facet normal -0.986662 -0.162782 0
    outer loop
      vertex 33.6191 20.9267 8
      vertex 33.6697 20.62 4.5
      vertex 33.6697 20.62 8
    endloop
  endfacet
  facet normal 0.773025 0.634376 0
    outer loop
      vertex 25.3891 16.8681 8
      vertex 25.1919 17.1084 4.5
      vertex 25.1919 17.1084 8
    endloop
  endfacet
  facet normal 0.773025 0.634376 0
    outer loop
      vertex 25.1919 17.1084 4.5
      vertex 25.3891 16.8681 8
      vertex 25.3891 16.8681 4.5
    endloop
  endfacet
  facet normal -0.995173 0.0981338 0
    outer loop
      vertex 33.6697 19.38 4.5
      vertex 33.7002 19.6893 8
      vertex 33.7002 19.6893 4.5
    endloop
  endfacet
  facet normal -0.995173 0.0981338 0
    outer loop
      vertex 33.7002 19.6893 8
      vertex 33.6697 19.38 4.5
      vertex 33.6697 19.38 8
    endloop
  endfacet
  facet normal 0.935892 0.352287 0
    outer loop
      vertex 24.5719 18.1823 8
      vertex 24.4624 18.4732 4.5
      vertex 24.4624 18.4732 8
    endloop
  endfacet
  facet normal 0.935892 0.352287 0
    outer loop
      vertex 24.4624 18.4732 4.5
      vertex 24.5719 18.1823 8
      vertex 24.5719 18.1823 4.5
    endloop
  endfacet
  facet normal -0.973863 -0.227138 0
    outer loop
      vertex 33.6191 20.9267 4.5
      vertex 33.5485 21.2294 8
      vertex 33.5485 21.2294 4.5
    endloop
  endfacet
  facet normal -0.973863 -0.227138 0
    outer loop
      vertex 33.5485 21.2294 8
      vertex 33.6191 20.9267 4.5
      vertex 33.6191 20.9267 8
    endloop
  endfacet
  facet normal -0.910883 -0.412664 0
    outer loop
      vertex 33.3488 21.8177 4.5
      vertex 33.2205 22.1009 8
      vertex 33.2205 22.1009 4.5
    endloop
  endfacet
  facet normal -0.910883 -0.412664 0
    outer loop
      vertex 33.2205 22.1009 8
      vertex 33.3488 21.8177 4.5
      vertex 33.3488 21.8177 8
    endloop
  endfacet
  facet normal 0.812863 -0.582455 0
    outer loop
      vertex 25.0109 22.639 8
      vertex 25.1919 22.8916 4.5
      vertex 25.1919 22.8916 8
    endloop
  endfacet
  facet normal 0.812863 -0.582455 0
    outer loop
      vertex 25.1919 22.8916 4.5
      vertex 25.0109 22.639 8
      vertex 25.0109 22.639 4.5
    endloop
  endfacet
  facet normal -0.729888 -0.683567 0
    outer loop
      vertex 32.5316 23.1319 4.5
      vertex 32.3191 23.3588 8
      vertex 32.3191 23.3588 4.5
    endloop
  endfacet
  facet normal -0.729888 -0.683567 0
    outer loop
      vertex 32.3191 23.3588 8
      vertex 32.5316 23.1319 4.5
      vertex 32.5316 23.1319 8
    endloop
  endfacet
  facet normal 0.032822 -0.999461 0
    outer loop
      vertex 28.6497 24.7398 4.5
      vertex 28.9603 24.75 8
      vertex 28.6497 24.7398 8
    endloop
  endfacet
  facet normal 0.032822 -0.999461 0
    outer loop
      vertex 28.9603 24.75 8
      vertex 28.6497 24.7398 4.5
      vertex 28.9603 24.75 4.5
    endloop
  endfacet
  facet normal 0.956954 0.29024 0
    outer loop
      vertex 24.4624 18.4732 8
      vertex 24.3722 18.7706 4.5
      vertex 24.3722 18.7706 8
    endloop
  endfacet
  facet normal 0.956954 0.29024 0
    outer loop
      vertex 24.3722 18.7706 4.5
      vertex 24.4624 18.4732 8
      vertex 24.4624 18.4732 4.5
    endloop
  endfacet
  facet normal 0.412785 -0.910829 0
    outer loop
      vertex 26.8595 24.2601 4.5
      vertex 27.1426 24.3884 8
      vertex 26.8595 24.2601 8
    endloop
  endfacet
  facet normal 0.412785 -0.910829 0
    outer loop
      vertex 27.1426 24.3884 8
      vertex 26.8595 24.2601 4.5
      vertex 27.1426 24.3884 4.5
    endloop
  endfacet
  facet normal 0.163146 0.986602 -0
    outer loop
      vertex 28.3403 15.2906 4.5
      vertex 28.0337 15.3413 8
      vertex 28.3403 15.2906 8
    endloop
  endfacet
  facet normal 0.163146 0.986602 0
    outer loop
      vertex 28.0337 15.3413 8
      vertex 28.3403 15.2906 4.5
      vertex 28.0337 15.3413 4.5
    endloop
  endfacet
  facet normal 0.683556 0.729898 -0
    outer loop
      vertex 25.8284 16.4288 4.5
      vertex 25.6016 16.6412 8
      vertex 25.8284 16.4288 8
    endloop
  endfacet
  facet normal 0.683556 0.729898 0
    outer loop
      vertex 25.6016 16.6412 8
      vertex 25.8284 16.4288 4.5
      vertex 25.6016 16.6412 4.5
    endloop
  endfacet
  facet normal 0.999462 0.0328114 0
    outer loop
      vertex 24.2205 19.6893 8
      vertex 24.2103 20 4.5
      vertex 24.2103 20 8
    endloop
  endfacet
  facet normal 0.999462 0.0328114 0
    outer loop
      vertex 24.2103 20 4.5
      vertex 24.2205 19.6893 8
      vertex 24.2205 19.6893 4.5
    endloop
  endfacet
  facet normal -0.956954 -0.29024 0
    outer loop
      vertex 33.5485 21.2294 4.5
      vertex 33.4583 21.5268 8
      vertex 33.4583 21.5268 4.5
    endloop
  endfacet
  facet normal -0.956954 -0.29024 0
    outer loop
      vertex 33.4583 21.5268 8
      vertex 33.5485 21.2294 4.5
      vertex 33.5485 21.2294 8
    endloop
  endfacet
  facet normal 0.999462 -0.0328114 0
    outer loop
      vertex 24.2103 20 8
      vertex 24.2205 20.3107 4.5
      vertex 24.2205 20.3107 8
    endloop
  endfacet
  facet normal 0.999462 -0.0328114 0
    outer loop
      vertex 24.2205 20.3107 4.5
      vertex 24.2103 20 8
      vertex 24.2103 20 4.5
    endloop
  endfacet
  facet normal 0.582515 -0.81282 0
    outer loop
      vertex 26.0687 23.7684 4.5
      vertex 26.3214 23.9495 8
      vertex 26.0687 23.7684 8
    endloop
  endfacet
  facet normal 0.582515 -0.81282 0
    outer loop
      vertex 26.3214 23.9495 8
      vertex 26.0687 23.7684 4.5
      vertex 26.3214 23.9495 4.5
    endloop
  endfacet
  facet normal -0.412785 0.910829 0
    outer loop
      vertex 31.0612 15.7399 4.5
      vertex 30.7781 15.6116 8
      vertex 31.0612 15.7399 8
    endloop
  endfacet
  facet normal -0.412785 0.910829 0
    outer loop
      vertex 30.7781 15.6116 8
      vertex 31.0612 15.7399 4.5
      vertex 30.7781 15.6116 4.5
    endloop
  endfacet
  facet normal -0.729888 0.683567 0
    outer loop
      vertex 32.3191 16.6412 4.5
      vertex 32.5316 16.8681 8
      vertex 32.5316 16.8681 4.5
    endloop
  endfacet
  facet normal -0.729888 0.683567 0
    outer loop
      vertex 32.5316 16.8681 8
      vertex 32.3191 16.6412 4.5
      vertex 32.3191 16.6412 8
    endloop
  endfacet
  facet normal 0.29024 0.956954 -0
    outer loop
      vertex 27.7309 15.4119 4.5
      vertex 27.4335 15.5021 8
      vertex 27.7309 15.4119 8
    endloop
  endfacet
  facet normal 0.29024 0.956954 0
    outer loop
      vertex 27.4335 15.5021 8
      vertex 27.7309 15.4119 4.5
      vertex 27.4335 15.5021 4.5
    endloop
  endfacet
  facet normal 0.881934 -0.471373 0
    outer loop
      vertex 24.7002 22.1009 8
      vertex 24.8467 22.375 4.5
      vertex 24.8467 22.375 8
    endloop
  endfacet
  facet normal 0.881934 -0.471373 0
    outer loop
      vertex 24.8467 22.375 4.5
      vertex 24.7002 22.1009 8
      vertex 24.7002 22.1009 4.5
    endloop
  endfacet
  facet normal 0.582515 0.81282 -0
    outer loop
      vertex 26.3214 16.0505 4.5
      vertex 26.0687 16.2316 8
      vertex 26.3214 16.0505 8
    endloop
  endfacet
  facet normal 0.582515 0.81282 0
    outer loop
      vertex 26.0687 16.2316 8
      vertex 26.3214 16.0505 4.5
      vertex 26.0687 16.2316 4.5
    endloop
  endfacet
  facet normal 0.910883 0.412664 0
    outer loop
      vertex 24.7002 17.8991 8
      vertex 24.5719 18.1823 4.5
      vertex 24.5719 18.1823 8
    endloop
  endfacet
  facet normal 0.910883 0.412664 0
    outer loop
      vertex 24.5719 18.1823 4.5
      vertex 24.7002 17.8991 8
      vertex 24.7002 17.8991 4.5
    endloop
  endfacet
  facet normal -0.999472 0.0324901 0
    outer loop
      vertex 33.7002 19.6893 4.5
      vertex 33.7103 20 8
      vertex 33.7103 20 4.5
    endloop
  endfacet
  facet normal -0.999472 0.0324901 0
    outer loop
      vertex 33.7103 20 8
      vertex 33.7002 19.6893 4.5
      vertex 33.7002 19.6893 8
    endloop
  endfacet
  facet normal 0.729888 -0.683567 0
    outer loop
      vertex 25.3891 23.1319 8
      vertex 25.6016 23.3588 4.5
      vertex 25.6016 23.3588 8
    endloop
  endfacet
  facet normal 0.729888 -0.683567 0
    outer loop
      vertex 25.6016 23.3588 4.5
      vertex 25.3891 23.1319 8
      vertex 25.3891 23.1319 4.5
    endloop
  endfacet
  facet normal -0.412785 -0.910829 0
    outer loop
      vertex 30.7781 24.3884 4.5
      vertex 31.0612 24.2601 8
      vertex 30.7781 24.3884 8
    endloop
  endfacet
  facet normal -0.412785 -0.910829 -0
    outer loop
      vertex 31.0612 24.2601 8
      vertex 30.7781 24.3884 4.5
      vertex 31.0612 24.2601 4.5
    endloop
  endfacet
  facet normal -0.849153 -0.528147 0
    outer loop
      vertex 33.074 22.375 4.5
      vertex 32.9098 22.639 8
      vertex 32.9098 22.639 4.5
    endloop
  endfacet
  facet normal -0.849153 -0.528147 0
    outer loop
      vertex 32.9098 22.639 8
      vertex 33.074 22.375 4.5
      vertex 33.074 22.375 8
    endloop
  endfacet
  facet normal 0.163146 -0.986602 0
    outer loop
      vertex 28.0337 24.6587 4.5
      vertex 28.3403 24.7094 8
      vertex 28.0337 24.6587 8
    endloop
  endfacet
  facet normal 0.163146 -0.986602 0
    outer loop
      vertex 28.3403 24.7094 8
      vertex 28.0337 24.6587 4.5
      vertex 28.3403 24.7094 4.5
    endloop
  endfacet
  facet normal -0.812863 0.582455 0
    outer loop
      vertex 32.7288 17.1084 4.5
      vertex 32.9098 17.361 8
      vertex 32.9098 17.361 4.5
    endloop
  endfacet
  facet normal -0.812863 0.582455 0
    outer loop
      vertex 32.9098 17.361 8
      vertex 32.7288 17.1084 4.5
      vertex 32.7288 17.1084 8
    endloop
  endfacet
  facet normal -0.881934 -0.471373 0
    outer loop
      vertex 33.2205 22.1009 4.5
      vertex 33.074 22.375 8
      vertex 33.074 22.375 4.5
    endloop
  endfacet
  facet normal -0.881934 -0.471373 0
    outer loop
      vertex 33.074 22.375 8
      vertex 33.2205 22.1009 4.5
      vertex 33.2205 22.1009 8
    endloop
  endfacet
  facet normal -0.227138 -0.973863 0
    outer loop
      vertex 29.887 24.6587 4.5
      vertex 30.1897 24.5881 8
      vertex 29.887 24.6587 8
    endloop
  endfacet
  facet normal -0.227138 -0.973863 -0
    outer loop
      vertex 30.1897 24.5881 8
      vertex 29.887 24.6587 4.5
      vertex 30.1897 24.5881 4.5
    endloop
  endfacet
  facet normal 0.52806 -0.849207 0
    outer loop
      vertex 26.3214 23.9495 4.5
      vertex 26.5853 24.1136 8
      vertex 26.3214 23.9495 8
    endloop
  endfacet
  facet normal 0.52806 -0.849207 0
    outer loop
      vertex 26.5853 24.1136 8
      vertex 26.3214 23.9495 4.5
      vertex 26.5853 24.1136 4.5
    endloop
  endfacet
  facet normal 0.0977838 0.995208 -0
    outer loop
      vertex 28.6497 15.2602 4.5
      vertex 28.3403 15.2906 8
      vertex 28.6497 15.2602 8
    endloop
  endfacet
  facet normal 0.0977838 0.995208 0
    outer loop
      vertex 28.3403 15.2906 8
      vertex 28.6497 15.2602 4.5
      vertex 28.3403 15.2906 4.5
    endloop
  endfacet
  facet normal 0.471239 -0.882005 0
    outer loop
      vertex 26.5853 24.1136 4.5
      vertex 26.8595 24.2601 8
      vertex 26.5853 24.1136 8
    endloop
  endfacet
  facet normal 0.471239 -0.882005 0
    outer loop
      vertex 26.8595 24.2601 8
      vertex 26.5853 24.1136 4.5
      vertex 26.8595 24.2601 4.5
    endloop
  endfacet
  facet normal 0.634376 0.773025 -0
    outer loop
      vertex 26.0687 16.2316 4.5
      vertex 25.8284 16.4288 8
      vertex 26.0687 16.2316 8
    endloop
  endfacet
  facet normal 0.634376 0.773025 0
    outer loop
      vertex 25.8284 16.4288 8
      vertex 26.0687 16.2316 4.5
      vertex 25.8284 16.4288 4.5
    endloop
  endfacet
  facet normal 0.812863 0.582455 0
    outer loop
      vertex 25.1919 17.1084 8
      vertex 25.0109 17.361 4.5
      vertex 25.0109 17.361 8
    endloop
  endfacet
  facet normal 0.812863 0.582455 0
    outer loop
      vertex 25.0109 17.361 4.5
      vertex 25.1919 17.1084 8
      vertex 25.1919 17.1084 4.5
    endloop
  endfacet
  facet normal -0.527915 -0.849297 0
    outer loop
      vertex 31.3353 24.1136 4.5
      vertex 31.5993 23.9495 8
      vertex 31.3353 24.1136 8
    endloop
  endfacet
  facet normal -0.527915 -0.849297 -0
    outer loop
      vertex 31.5993 23.9495 8
      vertex 31.3353 24.1136 4.5
      vertex 31.5993 23.9495 4.5
    endloop
  endfacet
  facet normal 0.032822 0.999461 -0
    outer loop
      vertex 28.9603 15.25 4.5
      vertex 28.6497 15.2602 8
      vertex 28.9603 15.25 8
    endloop
  endfacet
  facet normal 0.032822 0.999461 0
    outer loop
      vertex 28.6497 15.2602 8
      vertex 28.9603 15.25 4.5
      vertex 28.6497 15.2602 4.5
    endloop
  endfacet
  facet normal -0.956954 0.29024 0
    outer loop
      vertex 33.4583 18.4732 4.5
      vertex 33.5485 18.7706 8
      vertex 33.5485 18.7706 4.5
    endloop
  endfacet
  facet normal -0.956954 0.29024 0
    outer loop
      vertex 33.5485 18.7706 8
      vertex 33.4583 18.4732 4.5
      vertex 33.4583 18.4732 8
    endloop
  endfacet
  facet normal 0.0977838 -0.995208 0
    outer loop
      vertex 28.3403 24.7094 4.5
      vertex 28.6497 24.7398 8
      vertex 28.3403 24.7094 8
    endloop
  endfacet
  facet normal 0.0977838 -0.995208 0
    outer loop
      vertex 28.6497 24.7398 8
      vertex 28.3403 24.7094 4.5
      vertex 28.6497 24.7398 4.5
    endloop
  endfacet
  facet normal 0.52806 0.849207 -0
    outer loop
      vertex 26.5853 15.8864 4.5
      vertex 26.3214 16.0505 8
      vertex 26.5853 15.8864 8
    endloop
  endfacet
  facet normal 0.52806 0.849207 0
    outer loop
      vertex 26.3214 16.0505 8
      vertex 26.5853 15.8864 4.5
      vertex 26.3214 16.0505 4.5
    endloop
  endfacet
  facet normal -0.29015 0.956981 0
    outer loop
      vertex 30.4872 15.5021 4.5
      vertex 30.1897 15.4119 8
      vertex 30.4872 15.5021 8
    endloop
  endfacet
  facet normal -0.29015 0.956981 0
    outer loop
      vertex 30.1897 15.4119 8
      vertex 30.4872 15.5021 4.5
      vertex 30.1897 15.4119 4.5
    endloop
  endfacet
  facet normal -0.935892 -0.352287 0
    outer loop
      vertex 33.4583 21.5268 4.5
      vertex 33.3488 21.8177 8
      vertex 33.3488 21.8177 4.5
    endloop
  endfacet
  facet normal -0.935892 -0.352287 0
    outer loop
      vertex 33.3488 21.8177 8
      vertex 33.4583 21.5268 4.5
      vertex 33.4583 21.5268 8
    endloop
  endfacet
  facet normal -0.0978151 0.995205 0
    outer loop
      vertex 29.5803 15.2906 4.5
      vertex 29.271 15.2602 8
      vertex 29.5803 15.2906 8
    endloop
  endfacet
  facet normal -0.0978151 0.995205 0
    outer loop
      vertex 29.271 15.2602 8
      vertex 29.5803 15.2906 4.5
      vertex 29.271 15.2602 4.5
    endloop
  endfacet
  facet normal -0.849153 0.528147 0
    outer loop
      vertex 32.9098 17.361 4.5
      vertex 33.074 17.625 8
      vertex 33.074 17.625 4.5
    endloop
  endfacet
  facet normal -0.849153 0.528147 0
    outer loop
      vertex 33.074 17.625 8
      vertex 32.9098 17.361 4.5
      vertex 32.9098 17.361 8
    endloop
  endfacet
  facet normal -0.582515 -0.81282 0
    outer loop
      vertex 31.5993 23.9495 4.5
      vertex 31.852 23.7684 8
      vertex 31.5993 23.9495 8
    endloop
  endfacet
  facet normal -0.582515 -0.81282 -0
    outer loop
      vertex 31.852 23.7684 8
      vertex 31.5993 23.9495 4.5
      vertex 31.852 23.7684 4.5
    endloop
  endfacet
  facet normal 0.227067 -0.973879 0
    outer loop
      vertex 27.7309 24.5881 4.5
      vertex 28.0337 24.6587 8
      vertex 27.7309 24.5881 8
    endloop
  endfacet
  facet normal 0.227067 -0.973879 0
    outer loop
      vertex 28.0337 24.6587 8
      vertex 27.7309 24.5881 4.5
      vertex 28.0337 24.6587 4.5
    endloop
  endfacet
  facet normal -0.352287 -0.935892 0
    outer loop
      vertex 30.4872 24.4979 4.5
      vertex 30.7781 24.3884 8
      vertex 30.4872 24.4979 8
    endloop
  endfacet
  facet normal -0.352287 -0.935892 -0
    outer loop
      vertex 30.7781 24.3884 8
      vertex 30.4872 24.4979 4.5
      vertex 30.7781 24.3884 4.5
    endloop
  endfacet
  facet normal -0.683395 -0.730049 0
    outer loop
      vertex 32.0922 23.5712 4.5
      vertex 32.3191 23.3588 8
      vertex 32.0922 23.5712 8
    endloop
  endfacet
  facet normal -0.683395 -0.730049 -0
    outer loop
      vertex 32.3191 23.3588 8
      vertex 32.0922 23.5712 4.5
      vertex 32.3191 23.3588 4.5
    endloop
  endfacet
  facet normal -0.773025 0.634376 0
    outer loop
      vertex 32.5316 16.8681 4.5
      vertex 32.7288 17.1084 8
      vertex 32.7288 17.1084 4.5
    endloop
  endfacet
  facet normal -0.773025 0.634376 0
    outer loop
      vertex 32.7288 17.1084 8
      vertex 32.5316 16.8681 4.5
      vertex 32.5316 16.8681 8
    endloop
  endfacet
  facet normal -0.973863 0.227138 0
    outer loop
      vertex 33.5485 18.7706 4.5
      vertex 33.6191 19.0733 8
      vertex 33.6191 19.0733 4.5
    endloop
  endfacet
  facet normal -0.973863 0.227138 0
    outer loop
      vertex 33.6191 19.0733 8
      vertex 33.5485 18.7706 4.5
      vertex 33.5485 18.7706 8
    endloop
  endfacet
  facet normal -0.527915 0.849297 0
    outer loop
      vertex 31.5993 16.0505 4.5
      vertex 31.3353 15.8864 8
      vertex 31.5993 16.0505 8
    endloop
  endfacet
  facet normal -0.527915 0.849297 0
    outer loop
      vertex 31.3353 15.8864 8
      vertex 31.5993 16.0505 4.5
      vertex 31.3353 15.8864 4.5
    endloop
  endfacet
  facet normal 0.881934 0.471373 0
    outer loop
      vertex 24.8467 17.625 8
      vertex 24.7002 17.8991 4.5
      vertex 24.7002 17.8991 8
    endloop
  endfacet
  facet normal 0.881934 0.471373 0
    outer loop
      vertex 24.7002 17.8991 4.5
      vertex 24.8467 17.625 8
      vertex 24.8467 17.625 4.5
    endloop
  endfacet
  facet normal -0.471373 -0.881934 0
    outer loop
      vertex 31.0612 24.2601 4.5
      vertex 31.3353 24.1136 8
      vertex 31.0612 24.2601 8
    endloop
  endfacet
  facet normal -0.471373 -0.881934 -0
    outer loop
      vertex 31.3353 24.1136 8
      vertex 31.0612 24.2601 4.5
      vertex 31.3353 24.1136 4.5
    endloop
  endfacet
  facet normal -0.582515 0.81282 0
    outer loop
      vertex 31.852 16.2316 4.5
      vertex 31.5993 16.0505 8
      vertex 31.852 16.2316 8
    endloop
  endfacet
  facet normal -0.582515 0.81282 0
    outer loop
      vertex 31.5993 16.0505 8
      vertex 31.852 16.2316 4.5
      vertex 31.5993 16.0505 4.5
    endloop
  endfacet
  facet normal -0.163095 -0.98661 0
    outer loop
      vertex 29.5803 24.7094 4.5
      vertex 29.887 24.6587 8
      vertex 29.5803 24.7094 8
    endloop
  endfacet
  facet normal -0.163095 -0.98661 -0
    outer loop
      vertex 29.887 24.6587 8
      vertex 29.5803 24.7094 4.5
      vertex 29.887 24.6587 4.5
    endloop
  endfacet
  facet normal 0.973863 0.227138 0
    outer loop
      vertex 24.3722 18.7706 8
      vertex 24.3016 19.0733 4.5
      vertex 24.3016 19.0733 8
    endloop
  endfacet
  facet normal 0.973863 0.227138 0
    outer loop
      vertex 24.3016 19.0733 4.5
      vertex 24.3722 18.7706 8
      vertex 24.3722 18.7706 4.5
    endloop
  endfacet
  facet normal 0 0 1
    outer loop
      vertex 31.7103 20 4.5
      vertex 33.7103 20 4.5
      vertex 33.7002 20.3107 4.5
    endloop
  endfacet
  facet normal 0 0 1
    outer loop
      vertex 31.7045 20.1799 4.5
      vertex 33.7002 20.3107 4.5
      vertex 33.6697 20.62 4.5
    endloop
  endfacet
  facet normal 0 0 1
    outer loop
      vertex 33.7103 20 4.5
      vertex 31.7103 20 4.5
      vertex 33.7002 19.6893 4.5
    endloop
  endfacet
  facet normal 0 0 1
    outer loop
      vertex 31.6868 20.3589 4.5
      vertex 33.6697 20.62 4.5
      vertex 33.6191 20.9267 4.5
    endloop
  endfacet
  facet normal -0 0 1
    outer loop
      vertex 31.7045 19.8201 4.5
      vertex 33.7002 19.6893 4.5
      vertex 31.7103 20 4.5
    endloop
  endfacet
  facet normal 0 0 1
    outer loop
      vertex 31.6575 20.5365 4.5
      vertex 33.6191 20.9267 4.5
      vertex 33.5485 21.2294 4.5
    endloop
  endfacet
  facet normal 0 0 1
    outer loop
      vertex 33.7002 19.6893 4.5
      vertex 31.7045 19.8201 4.5
      vertex 33.6697 19.38 4.5
    endloop
  endfacet
  facet normal 0 0 1
    outer loop
      vertex 31.6166 20.7118 4.5
      vertex 33.5485 21.2294 4.5
      vertex 33.4583 21.5268 4.5
    endloop
  endfacet
  facet normal -0 0 1
    outer loop
      vertex 31.6868 19.6411 4.5
      vertex 33.6697 19.38 4.5
      vertex 31.7045 19.8201 4.5
    endloop
  endfacet
  facet normal 0 0 1
    outer loop
      vertex 31.5644 20.884 4.5
      vertex 33.4583 21.5268 4.5
      vertex 33.3488 21.8177 4.5
    endloop
  endfacet
  facet normal 0 0 1
    outer loop
      vertex 33.6697 19.38 4.5
      vertex 31.6868 19.6411 4.5
      vertex 33.6191 19.0733 4.5
    endloop
  endfacet
  facet normal 0 0 1
    outer loop
      vertex 31.501 21.0524 4.5
      vertex 33.3488 21.8177 4.5
      vertex 33.2205 22.1009 4.5
    endloop
  endfacet
  facet normal -0 0 1
    outer loop
      vertex 31.6575 19.4635 4.5
      vertex 33.6191 19.0733 4.5
      vertex 31.6868 19.6411 4.5
    endloop
  endfacet
  facet normal 0 0 1
    outer loop
      vertex 31.4267 21.2163 4.5
      vertex 33.2205 22.1009 4.5
      vertex 33.074 22.375 4.5
    endloop
  endfacet
  facet normal 0 0 1
    outer loop
      vertex 33.6191 19.0733 4.5
      vertex 31.6575 19.4635 4.5
      vertex 33.5485 18.7706 4.5
    endloop
  endfacet
  facet normal 0 0 1
    outer loop
      vertex 31.3419 21.375 4.5
      vertex 33.074 22.375 4.5
      vertex 32.9098 22.639 4.5
    endloop
  endfacet
  facet normal -0 0 1
    outer loop
      vertex 31.6166 19.2882 4.5
      vertex 33.5485 18.7706 4.5
      vertex 31.6575 19.4635 4.5
    endloop
  endfacet
  facet normal 0 0 1
    outer loop
      vertex 31.2469 21.5278 4.5
      vertex 32.9098 22.639 4.5
      vertex 32.7288 22.8916 4.5
    endloop
  endfacet
  facet normal 0 0 1
    outer loop
      vertex 33.5485 18.7706 4.5
      vertex 31.6166 19.2882 4.5
      vertex 33.4583 18.4732 4.5
    endloop
  endfacet
  facet normal 0 0 1
    outer loop
      vertex 31.1421 21.6741 4.5
      vertex 32.7288 22.8916 4.5
      vertex 32.5316 23.1319 4.5
    endloop
  endfacet
  facet normal -0 0 1
    outer loop
      vertex 31.5644 19.116 4.5
      vertex 33.4583 18.4732 4.5
      vertex 31.6166 19.2882 4.5
    endloop
  endfacet
  facet normal 0 0 1
    outer loop
      vertex 31.0279 21.8132 4.5
      vertex 32.5316 23.1319 4.5
      vertex 32.3191 23.3588 4.5
    endloop
  endfacet
  facet normal 0 0 1
    outer loop
      vertex 33.4583 18.4732 4.5
      vertex 31.5644 19.116 4.5
      vertex 33.3488 18.1823 4.5
    endloop
  endfacet
  facet normal 0 0 1
    outer loop
      vertex 30.9049 21.9445 4.5
      vertex 32.3191 23.3588 4.5
      vertex 32.0922 23.5712 4.5
    endloop
  endfacet
  facet normal -0 0 1
    outer loop
      vertex 31.501 18.9476 4.5
      vertex 33.3488 18.1823 4.5
      vertex 31.5644 19.116 4.5
    endloop
  endfacet
  facet normal 0 0 1
    outer loop
      vertex 30.7735 22.0676 4.5
      vertex 32.0922 23.5712 4.5
      vertex 31.852 23.7684 4.5
    endloop
  endfacet
  facet normal 0 0 1
    outer loop
      vertex 33.3488 18.1823 4.5
      vertex 31.501 18.9476 4.5
      vertex 33.2205 17.8991 4.5
    endloop
  endfacet
  facet normal -0 0 1
    outer loop
      vertex 31.4267 18.7837 4.5
      vertex 33.2205 17.8991 4.5
      vertex 31.501 18.9476 4.5
    endloop
  endfacet
  facet normal 0 0 1
    outer loop
      vertex 33.7002 20.3107 4.5
      vertex 31.7045 20.1799 4.5
      vertex 31.7103 20 4.5
    endloop
  endfacet
  facet normal 0 0 1
    outer loop
      vertex 33.6697 20.62 4.5
      vertex 31.6868 20.3589 4.5
      vertex 31.7045 20.1799 4.5
    endloop
  endfacet
  facet normal 0 0 1
    outer loop
      vertex 33.6191 20.9267 4.5
      vertex 31.6575 20.5365 4.5
      vertex 31.6868 20.3589 4.5
    endloop
  endfacet
  facet normal 0 0 1
    outer loop
      vertex 33.5485 21.2294 4.5
      vertex 31.6166 20.7118 4.5
      vertex 31.6575 20.5365 4.5
    endloop
  endfacet
  facet normal 0 0 1
    outer loop
      vertex 30.6344 22.1817 4.5
      vertex 31.852 23.7684 4.5
      vertex 31.5993 23.9495 4.5
    endloop
  endfacet
  facet normal 0 0 1
    outer loop
      vertex 33.4583 21.5268 4.5
      vertex 31.5644 20.884 4.5
      vertex 31.6166 20.7118 4.5
    endloop
  endfacet
  facet normal 0 0 1
    outer loop
      vertex 33.3488 21.8177 4.5
      vertex 31.501 21.0524 4.5
      vertex 31.5644 20.884 4.5
    endloop
  endfacet
  facet normal 0 0 1
    outer loop
      vertex 33.2205 22.1009 4.5
      vertex 31.4267 21.2163 4.5
      vertex 31.501 21.0524 4.5
    endloop
  endfacet
  facet normal 0 0 1
    outer loop
      vertex 33.074 22.375 4.5
      vertex 31.3419 21.375 4.5
      vertex 31.4267 21.2163 4.5
    endloop
  endfacet
  facet normal 0 0 1
    outer loop
      vertex 30.4882 22.2865 4.5
      vertex 31.5993 23.9495 4.5
      vertex 31.3353 24.1136 4.5
    endloop
  endfacet
  facet normal 0 0 1
    outer loop
      vertex 32.9098 22.639 4.5
      vertex 31.2469 21.5278 4.5
      vertex 31.3419 21.375 4.5
    endloop
  endfacet
  facet normal 0 0 1
    outer loop
      vertex 32.7288 22.8916 4.5
      vertex 31.1421 21.6741 4.5
      vertex 31.2469 21.5278 4.5
    endloop
  endfacet
  facet normal 0 0 1
    outer loop
      vertex 30.3353 22.3816 4.5
      vertex 31.3353 24.1136 4.5
      vertex 31.0612 24.2601 4.5
    endloop
  endfacet
  facet normal 0 0 1
    outer loop
      vertex 32.5316 23.1319 4.5
      vertex 31.0279 21.8132 4.5
      vertex 31.1421 21.6741 4.5
    endloop
  endfacet
  facet normal 0 0 1
    outer loop
      vertex 32.3191 23.3588 4.5
      vertex 30.9049 21.9445 4.5
      vertex 31.0279 21.8132 4.5
    endloop
  endfacet
  facet normal 0 0 1
    outer loop
      vertex 30.1766 22.4664 4.5
      vertex 31.0612 24.2601 4.5
      vertex 30.7781 24.3884 4.5
    endloop
  endfacet
  facet normal 0 0 1
    outer loop
      vertex 32.0922 23.5712 4.5
      vertex 30.7735 22.0676 4.5
      vertex 30.9049 21.9445 4.5
    endloop
  endfacet
  facet normal 0 0 1
    outer loop
      vertex 31.852 23.7684 4.5
      vertex 30.6344 22.1817 4.5
      vertex 30.7735 22.0676 4.5
    endloop
  endfacet
  facet normal 0 0 1
    outer loop
      vertex 31.5993 23.9495 4.5
      vertex 30.4882 22.2865 4.5
      vertex 30.6344 22.1817 4.5
    endloop
  endfacet
  facet normal 0 0 1
    outer loop
      vertex 30.0127 22.5407 4.5
      vertex 30.7781 24.3884 4.5
      vertex 30.4872 24.4979 4.5
    endloop
  endfacet
  facet normal 0 0 1
    outer loop
      vertex 31.3353 24.1136 4.5
      vertex 30.3353 22.3816 4.5
      vertex 30.4882 22.2865 4.5
    endloop
  endfacet
  facet normal 0 0 1
    outer loop
      vertex 29.8443 22.6041 4.5
      vertex 30.4872 24.4979 4.5
      vertex 30.1897 24.5881 4.5
    endloop
  endfacet
  facet normal 0 0 1
    outer loop
      vertex 31.0612 24.2601 4.5
      vertex 30.1766 22.4664 4.5
      vertex 30.3353 22.3816 4.5
    endloop
  endfacet
  facet normal 0 0 1
    outer loop
      vertex 30.7781 24.3884 4.5
      vertex 30.0127 22.5407 4.5
      vertex 30.1766 22.4664 4.5
    endloop
  endfacet
  facet normal 0 0 1
    outer loop
      vertex 29.6721 22.6563 4.5
      vertex 30.1897 24.5881 4.5
      vertex 29.887 24.6587 4.5
    endloop
  endfacet
  facet normal 0 0 1
    outer loop
      vertex 30.4872 24.4979 4.5
      vertex 29.8443 22.6041 4.5
      vertex 30.0127 22.5407 4.5
    endloop
  endfacet
  facet normal 0 0 1
    outer loop
      vertex 30.1897 24.5881 4.5
      vertex 29.6721 22.6563 4.5
      vertex 29.8443 22.6041 4.5
    endloop
  endfacet
  facet normal 0 0 1
    outer loop
      vertex 29.4968 22.6972 4.5
      vertex 29.887 24.6587 4.5
      vertex 29.5803 24.7094 4.5
    endloop
  endfacet
  facet normal 0 0 1
    outer loop
      vertex 29.887 24.6587 4.5
      vertex 29.4968 22.6972 4.5
      vertex 29.6721 22.6563 4.5
    endloop
  endfacet
  facet normal 0 0 1
    outer loop
      vertex 29.5803 24.7094 4.5
      vertex 29.3193 22.7265 4.5
      vertex 29.4968 22.6972 4.5
    endloop
  endfacet
  facet normal 0 0 1
    outer loop
      vertex 29.271 24.7398 4.5
      vertex 29.3193 22.7265 4.5
      vertex 29.5803 24.7094 4.5
    endloop
  endfacet
  facet normal 0 0 1
    outer loop
      vertex 29.271 24.7398 4.5
      vertex 29.1402 22.7441 4.5
      vertex 29.3193 22.7265 4.5
    endloop
  endfacet
  facet normal 0 0 1
    outer loop
      vertex 28.9603 24.75 4.5
      vertex 29.1402 22.7441 4.5
      vertex 29.271 24.7398 4.5
    endloop
  endfacet
  facet normal 0 0 1
    outer loop
      vertex 28.9603 24.75 4.5
      vertex 28.9603 22.75 4.5
      vertex 29.1402 22.7441 4.5
    endloop
  endfacet
  facet normal 0 0 1
    outer loop
      vertex 28.9603 24.75 4.5
      vertex 28.7805 22.7441 4.5
      vertex 28.9603 22.75 4.5
    endloop
  endfacet
  facet normal -0 0 1
    outer loop
      vertex 28.6497 24.7398 4.5
      vertex 28.7805 22.7441 4.5
      vertex 28.9603 24.75 4.5
    endloop
  endfacet
  facet normal 0 0 1
    outer loop
      vertex 28.6497 24.7398 4.5
      vertex 28.6014 22.7265 4.5
      vertex 28.7805 22.7441 4.5
    endloop
  endfacet
  facet normal -0 0 1
    outer loop
      vertex 28.3403 24.7094 4.5
      vertex 28.6014 22.7265 4.5
      vertex 28.6497 24.7398 4.5
    endloop
  endfacet
  facet normal 0 0 1
    outer loop
      vertex 28.6014 22.7265 4.5
      vertex 28.3403 24.7094 4.5
      vertex 28.4238 22.6972 4.5
    endloop
  endfacet
  facet normal -0 0 1
    outer loop
      vertex 28.0337 24.6587 4.5
      vertex 28.4238 22.6972 4.5
      vertex 28.3403 24.7094 4.5
    endloop
  endfacet
  facet normal 0 0 1
    outer loop
      vertex 28.4238 22.6972 4.5
      vertex 28.0337 24.6587 4.5
      vertex 28.2486 22.6563 4.5
    endloop
  endfacet
  facet normal -0 0 1
    outer loop
      vertex 27.7309 24.5881 4.5
      vertex 28.2486 22.6563 4.5
      vertex 28.0337 24.6587 4.5
    endloop
  endfacet
  facet normal 0 0 1
    outer loop
      vertex 28.2486 22.6563 4.5
      vertex 27.7309 24.5881 4.5
      vertex 28.0764 22.6041 4.5
    endloop
  endfacet
  facet normal -0 0 1
    outer loop
      vertex 27.4335 24.4979 4.5
      vertex 28.0764 22.6041 4.5
      vertex 27.7309 24.5881 4.5
    endloop
  endfacet
  facet normal 0 0 1
    outer loop
      vertex 28.0764 22.6041 4.5
      vertex 27.4335 24.4979 4.5
      vertex 27.908 22.5407 4.5
    endloop
  endfacet
  facet normal -0 0 1
    outer loop
      vertex 27.1426 24.3884 4.5
      vertex 27.908 22.5407 4.5
      vertex 27.4335 24.4979 4.5
    endloop
  endfacet
  facet normal 0 0 1
    outer loop
      vertex 27.908 22.5407 4.5
      vertex 27.1426 24.3884 4.5
      vertex 27.744 22.4664 4.5
    endloop
  endfacet
  facet normal -0 0 1
    outer loop
      vertex 26.8595 24.2601 4.5
      vertex 27.744 22.4664 4.5
      vertex 27.1426 24.3884 4.5
    endloop
  endfacet
  facet normal 0 0 1
    outer loop
      vertex 27.744 22.4664 4.5
      vertex 26.8595 24.2601 4.5
      vertex 27.5853 22.3816 4.5
    endloop
  endfacet
  facet normal -0 0 1
    outer loop
      vertex 26.5853 24.1136 4.5
      vertex 27.5853 22.3816 4.5
      vertex 26.8595 24.2601 4.5
    endloop
  endfacet
  facet normal 0 0 1
    outer loop
      vertex 27.5853 22.3816 4.5
      vertex 26.5853 24.1136 4.5
      vertex 27.4325 22.2865 4.5
    endloop
  endfacet
  facet normal -0 0 1
    outer loop
      vertex 26.3214 23.9495 4.5
      vertex 27.4325 22.2865 4.5
      vertex 26.5853 24.1136 4.5
    endloop
  endfacet
  facet normal 0 0 1
    outer loop
      vertex 27.4325 22.2865 4.5
      vertex 26.3214 23.9495 4.5
      vertex 27.2862 22.1817 4.5
    endloop
  endfacet
  facet normal -0 0 1
    outer loop
      vertex 26.0687 23.7684 4.5
      vertex 27.2862 22.1817 4.5
      vertex 26.3214 23.9495 4.5
    endloop
  endfacet
  facet normal 0 0 1
    outer loop
      vertex 27.2862 22.1817 4.5
      vertex 26.0687 23.7684 4.5
      vertex 27.1471 22.0676 4.5
    endloop
  endfacet
  facet normal -0 0 1
    outer loop
      vertex 25.8284 23.5712 4.5
      vertex 27.1471 22.0676 4.5
      vertex 26.0687 23.7684 4.5
    endloop
  endfacet
  facet normal 0 0 1
    outer loop
      vertex 27.1471 22.0676 4.5
      vertex 25.8284 23.5712 4.5
      vertex 27.0158 21.9445 4.5
    endloop
  endfacet
  facet normal -0 0 1
    outer loop
      vertex 25.6016 23.3588 4.5
      vertex 27.0158 21.9445 4.5
      vertex 25.8284 23.5712 4.5
    endloop
  endfacet
  facet normal 0 0 1
    outer loop
      vertex 27.0158 21.9445 4.5
      vertex 25.6016 23.3588 4.5
      vertex 26.8928 21.8132 4.5
    endloop
  endfacet
  facet normal -0 0 1
    outer loop
      vertex 25.3891 23.1319 4.5
      vertex 26.8928 21.8132 4.5
      vertex 25.6016 23.3588 4.5
    endloop
  endfacet
  facet normal 0 0 1
    outer loop
      vertex 26.8928 21.8132 4.5
      vertex 25.3891 23.1319 4.5
      vertex 26.7786 21.6741 4.5
    endloop
  endfacet
  facet normal -0 0 1
    outer loop
      vertex 25.1919 22.8916 4.5
      vertex 26.7786 21.6741 4.5
      vertex 25.3891 23.1319 4.5
    endloop
  endfacet
  facet normal 0 0 1
    outer loop
      vertex 26.7786 21.6741 4.5
      vertex 25.1919 22.8916 4.5
      vertex 26.6738 21.5278 4.5
    endloop
  endfacet
  facet normal -0 0 1
    outer loop
      vertex 25.0109 22.639 4.5
      vertex 26.6738 21.5278 4.5
      vertex 25.1919 22.8916 4.5
    endloop
  endfacet
  facet normal 0 0 1
    outer loop
      vertex 26.6738 21.5278 4.5
      vertex 25.0109 22.639 4.5
      vertex 26.5788 21.375 4.5
    endloop
  endfacet
  facet normal -0 0 1
    outer loop
      vertex 24.8467 22.375 4.5
      vertex 26.5788 21.375 4.5
      vertex 25.0109 22.639 4.5
    endloop
  endfacet
  facet normal 0 0 1
    outer loop
      vertex 26.5788 21.375 4.5
      vertex 24.8467 22.375 4.5
      vertex 26.4939 21.2163 4.5
    endloop
  endfacet
  facet normal -0 0 1
    outer loop
      vertex 24.7002 22.1009 4.5
      vertex 26.4939 21.2163 4.5
      vertex 24.8467 22.375 4.5
    endloop
  endfacet
  facet normal 0 0 1
    outer loop
      vertex 33.2205 17.8991 4.5
      vertex 31.4267 18.7837 4.5
      vertex 33.074 17.625 4.5
    endloop
  endfacet
  facet normal -0 0 1
    outer loop
      vertex 31.3419 18.625 4.5
      vertex 33.074 17.625 4.5
      vertex 31.4267 18.7837 4.5
    endloop
  endfacet
  facet normal 0 0 1
    outer loop
      vertex 33.074 17.625 4.5
      vertex 31.3419 18.625 4.5
      vertex 32.9098 17.361 4.5
    endloop
  endfacet
  facet normal -0 0 1
    outer loop
      vertex 31.2469 18.4722 4.5
      vertex 32.9098 17.361 4.5
      vertex 31.3419 18.625 4.5
    endloop
  endfacet
  facet normal 0 0 1
    outer loop
      vertex 32.9098 17.361 4.5
      vertex 31.2469 18.4722 4.5
      vertex 32.7288 17.1084 4.5
    endloop
  endfacet
  facet normal -0 0 1
    outer loop
      vertex 31.1421 18.3259 4.5
      vertex 32.7288 17.1084 4.5
      vertex 31.2469 18.4722 4.5
    endloop
  endfacet
  facet normal 0 0 1
    outer loop
      vertex 32.7288 17.1084 4.5
      vertex 31.1421 18.3259 4.5
      vertex 32.5316 16.8681 4.5
    endloop
  endfacet
  facet normal -0 0 1
    outer loop
      vertex 31.0279 18.1868 4.5
      vertex 32.5316 16.8681 4.5
      vertex 31.1421 18.3259 4.5
    endloop
  endfacet
  facet normal 0 0 1
    outer loop
      vertex 32.5316 16.8681 4.5
      vertex 31.0279 18.1868 4.5
      vertex 32.3191 16.6412 4.5
    endloop
  endfacet
  facet normal -0 0 1
    outer loop
      vertex 30.9049 18.0555 4.5
      vertex 32.3191 16.6412 4.5
      vertex 31.0279 18.1868 4.5
    endloop
  endfacet
  facet normal 0 0 1
    outer loop
      vertex 32.3191 16.6412 4.5
      vertex 30.9049 18.0555 4.5
      vertex 32.0922 16.4288 4.5
    endloop
  endfacet
  facet normal -0 0 1
    outer loop
      vertex 30.7735 17.9324 4.5
      vertex 32.0922 16.4288 4.5
      vertex 30.9049 18.0555 4.5
    endloop
  endfacet
  facet normal 0 0 1
    outer loop
      vertex 32.0922 16.4288 4.5
      vertex 30.7735 17.9324 4.5
      vertex 31.852 16.2316 4.5
    endloop
  endfacet
  facet normal -0 0 1
    outer loop
      vertex 30.6344 17.8183 4.5
      vertex 31.852 16.2316 4.5
      vertex 30.7735 17.9324 4.5
    endloop
  endfacet
  facet normal 0 0 1
    outer loop
      vertex 31.852 16.2316 4.5
      vertex 30.6344 17.8183 4.5
      vertex 31.5993 16.0505 4.5
    endloop
  endfacet
  facet normal -0 0 1
    outer loop
      vertex 30.4882 17.7135 4.5
      vertex 31.5993 16.0505 4.5
      vertex 30.6344 17.8183 4.5
    endloop
  endfacet
  facet normal 0 0 1
    outer loop
      vertex 31.5993 16.0505 4.5
      vertex 30.4882 17.7135 4.5
      vertex 31.3353 15.8864 4.5
    endloop
  endfacet
  facet normal -0 0 1
    outer loop
      vertex 30.3353 17.6184 4.5
      vertex 31.3353 15.8864 4.5
      vertex 30.4882 17.7135 4.5
    endloop
  endfacet
  facet normal 0 0 1
    outer loop
      vertex 31.3353 15.8864 4.5
      vertex 30.3353 17.6184 4.5
      vertex 31.0612 15.7399 4.5
    endloop
  endfacet
  facet normal -0 0 1
    outer loop
      vertex 30.1766 17.5336 4.5
      vertex 31.0612 15.7399 4.5
      vertex 30.3353 17.6184 4.5
    endloop
  endfacet
  facet normal 0 0 1
    outer loop
      vertex 31.0612 15.7399 4.5
      vertex 30.1766 17.5336 4.5
      vertex 30.7781 15.6116 4.5
    endloop
  endfacet
  facet normal -0 0 1
    outer loop
      vertex 30.0127 17.4593 4.5
      vertex 30.7781 15.6116 4.5
      vertex 30.1766 17.5336 4.5
    endloop
  endfacet
  facet normal 0 0 1
    outer loop
      vertex 30.7781 15.6116 4.5
      vertex 30.0127 17.4593 4.5
      vertex 30.4872 15.5021 4.5
    endloop
  endfacet
  facet normal -0 0 1
    outer loop
      vertex 29.8443 17.3959 4.5
      vertex 30.4872 15.5021 4.5
      vertex 30.0127 17.4593 4.5
    endloop
  endfacet
  facet normal 0 0 1
    outer loop
      vertex 30.4872 15.5021 4.5
      vertex 29.8443 17.3959 4.5
      vertex 30.1897 15.4119 4.5
    endloop
  endfacet
  facet normal -0 0 1
    outer loop
      vertex 29.6721 17.3437 4.5
      vertex 30.1897 15.4119 4.5
      vertex 29.8443 17.3959 4.5
    endloop
  endfacet
  facet normal 0 0 1
    outer loop
      vertex 30.1897 15.4119 4.5
      vertex 29.6721 17.3437 4.5
      vertex 29.887 15.3413 4.5
    endloop
  endfacet
  facet normal -0 0 1
    outer loop
      vertex 29.4968 17.3028 4.5
      vertex 29.887 15.3413 4.5
      vertex 29.6721 17.3437 4.5
    endloop
  endfacet
  facet normal 0 0 1
    outer loop
      vertex 29.887 15.3413 4.5
      vertex 29.4968 17.3028 4.5
      vertex 29.5803 15.2906 4.5
    endloop
  endfacet
  facet normal -0 0 1
    outer loop
      vertex 29.3193 17.2735 4.5
      vertex 29.5803 15.2906 4.5
      vertex 29.4968 17.3028 4.5
    endloop
  endfacet
  facet normal 0 0 1
    outer loop
      vertex 29.3193 17.2735 4.5
      vertex 29.271 15.2602 4.5
      vertex 29.5803 15.2906 4.5
    endloop
  endfacet
  facet normal -0 0 1
    outer loop
      vertex 29.1402 17.2559 4.5
      vertex 29.271 15.2602 4.5
      vertex 29.3193 17.2735 4.5
    endloop
  endfacet
  facet normal -0 0 1
    outer loop
      vertex 28.9603 17.25 4.5
      vertex 29.271 15.2602 4.5
      vertex 29.1402 17.2559 4.5
    endloop
  endfacet
  facet normal 0 0 1
    outer loop
      vertex 28.9603 17.25 4.5
      vertex 28.9603 15.25 4.5
      vertex 29.271 15.2602 4.5
    endloop
  endfacet
  facet normal 0 0 1
    outer loop
      vertex 28.7805 17.2559 4.5
      vertex 28.9603 15.25 4.5
      vertex 28.9603 17.25 4.5
    endloop
  endfacet
  facet normal 0 0 1
    outer loop
      vertex 28.7805 17.2559 4.5
      vertex 28.6497 15.2602 4.5
      vertex 28.9603 15.25 4.5
    endloop
  endfacet
  facet normal 0 0 1
    outer loop
      vertex 28.6014 17.2735 4.5
      vertex 28.6497 15.2602 4.5
      vertex 28.7805 17.2559 4.5
    endloop
  endfacet
  facet normal 0 0 1
    outer loop
      vertex 28.3403 15.2906 4.5
      vertex 28.6014 17.2735 4.5
      vertex 28.4238 17.3028 4.5
    endloop
  endfacet
  facet normal 0 0 1
    outer loop
      vertex 28.6014 17.2735 4.5
      vertex 28.3403 15.2906 4.5
      vertex 28.6497 15.2602 4.5
    endloop
  endfacet
  facet normal 0 0 1
    outer loop
      vertex 28.0337 15.3413 4.5
      vertex 28.4238 17.3028 4.5
      vertex 28.2486 17.3437 4.5
    endloop
  endfacet
  facet normal 0 0 1
    outer loop
      vertex 27.7309 15.4119 4.5
      vertex 28.2486 17.3437 4.5
      vertex 28.0764 17.3959 4.5
    endloop
  endfacet
  facet normal 0 0 1
    outer loop
      vertex 28.4238 17.3028 4.5
      vertex 28.0337 15.3413 4.5
      vertex 28.3403 15.2906 4.5
    endloop
  endfacet
  facet normal 0 0 1
    outer loop
      vertex 27.4335 15.5021 4.5
      vertex 28.0764 17.3959 4.5
      vertex 27.908 17.4593 4.5
    endloop
  endfacet
  facet normal 0 0 1
    outer loop
      vertex 27.1426 15.6116 4.5
      vertex 27.908 17.4593 4.5
      vertex 27.744 17.5336 4.5
    endloop
  endfacet
  facet normal 0 0 1
    outer loop
      vertex 28.2486 17.3437 4.5
      vertex 27.7309 15.4119 4.5
      vertex 28.0337 15.3413 4.5
    endloop
  endfacet
  facet normal 0 0 1
    outer loop
      vertex 26.8595 15.7399 4.5
      vertex 27.744 17.5336 4.5
      vertex 27.5853 17.6184 4.5
    endloop
  endfacet
  facet normal 0 0 1
    outer loop
      vertex 28.0764 17.3959 4.5
      vertex 27.4335 15.5021 4.5
      vertex 27.7309 15.4119 4.5
    endloop
  endfacet
  facet normal 0 0 1
    outer loop
      vertex 26.5853 15.8864 4.5
      vertex 27.5853 17.6184 4.5
      vertex 27.4325 17.7135 4.5
    endloop
  endfacet
  facet normal 0 0 1
    outer loop
      vertex 26.3214 16.0505 4.5
      vertex 27.4325 17.7135 4.5
      vertex 27.2862 17.8183 4.5
    endloop
  endfacet
  facet normal 0 0 1
    outer loop
      vertex 26.0687 16.2316 4.5
      vertex 27.2862 17.8183 4.5
      vertex 27.1471 17.9324 4.5
    endloop
  endfacet
  facet normal 0 0 1
    outer loop
      vertex 27.908 17.4593 4.5
      vertex 27.1426 15.6116 4.5
      vertex 27.4335 15.5021 4.5
    endloop
  endfacet
  facet normal 0 0 1
    outer loop
      vertex 25.8284 16.4288 4.5
      vertex 27.1471 17.9324 4.5
      vertex 27.0158 18.0555 4.5
    endloop
  endfacet
  facet normal 0 0 1
    outer loop
      vertex 25.6016 16.6412 4.5
      vertex 27.0158 18.0555 4.5
      vertex 26.8928 18.1868 4.5
    endloop
  endfacet
  facet normal 0 0 1
    outer loop
      vertex 27.744 17.5336 4.5
      vertex 26.8595 15.7399 4.5
      vertex 27.1426 15.6116 4.5
    endloop
  endfacet
  facet normal 0 0 1
    outer loop
      vertex 25.3891 16.8681 4.5
      vertex 26.8928 18.1868 4.5
      vertex 26.7786 18.3259 4.5
    endloop
  endfacet
  facet normal 0 0 1
    outer loop
      vertex 25.1919 17.1084 4.5
      vertex 26.7786 18.3259 4.5
      vertex 26.6738 18.4722 4.5
    endloop
  endfacet
  facet normal 0 0 1
    outer loop
      vertex 27.5853 17.6184 4.5
      vertex 26.5853 15.8864 4.5
      vertex 26.8595 15.7399 4.5
    endloop
  endfacet
  facet normal 0 0 1
    outer loop
      vertex 25.0109 17.361 4.5
      vertex 26.6738 18.4722 4.5
      vertex 26.5788 18.625 4.5
    endloop
  endfacet
  facet normal 0 0 1
    outer loop
      vertex 24.8467 17.625 4.5
      vertex 26.5788 18.625 4.5
      vertex 26.4939 18.7837 4.5
    endloop
  endfacet
  facet normal 0 0 1
    outer loop
      vertex 24.7002 17.8991 4.5
      vertex 26.4939 18.7837 4.5
      vertex 26.4197 18.9476 4.5
    endloop
  endfacet
  facet normal 0 0 1
    outer loop
      vertex 24.5719 18.1823 4.5
      vertex 26.4197 18.9476 4.5
      vertex 26.3563 19.116 4.5
    endloop
  endfacet
  facet normal 0 0 1
    outer loop
      vertex 27.4325 17.7135 4.5
      vertex 26.3214 16.0505 4.5
      vertex 26.5853 15.8864 4.5
    endloop
  endfacet
  facet normal 0 0 1
    outer loop
      vertex 24.4624 18.4732 4.5
      vertex 26.3563 19.116 4.5
      vertex 26.304 19.2882 4.5
    endloop
  endfacet
  facet normal 0 0 1
    outer loop
      vertex 24.3722 18.7706 4.5
      vertex 26.304 19.2882 4.5
      vertex 26.2632 19.4635 4.5
    endloop
  endfacet
  facet normal 0 0 1
    outer loop
      vertex 24.3016 19.0733 4.5
      vertex 26.2632 19.4635 4.5
      vertex 26.2339 19.6411 4.5
    endloop
  endfacet
  facet normal 0 0 1
    outer loop
      vertex 24.251 19.38 4.5
      vertex 26.2339 19.6411 4.5
      vertex 26.2162 19.8201 4.5
    endloop
  endfacet
  facet normal 0 0 1
    outer loop
      vertex 24.2205 19.6893 4.5
      vertex 26.2162 19.8201 4.5
      vertex 26.2103 20 4.5
    endloop
  endfacet
  facet normal 0 0 1
    outer loop
      vertex 26.4939 21.2163 4.5
      vertex 24.7002 22.1009 4.5
      vertex 26.4197 21.0524 4.5
    endloop
  endfacet
  facet normal 0 0 1
    outer loop
      vertex 27.2862 17.8183 4.5
      vertex 26.0687 16.2316 4.5
      vertex 26.3214 16.0505 4.5
    endloop
  endfacet
  facet normal -0 0 1
    outer loop
      vertex 24.5719 21.8177 4.5
      vertex 26.4197 21.0524 4.5
      vertex 24.7002 22.1009 4.5
    endloop
  endfacet
  facet normal 0 0 1
    outer loop
      vertex 27.1471 17.9324 4.5
      vertex 25.8284 16.4288 4.5
      vertex 26.0687 16.2316 4.5
    endloop
  endfacet
  facet normal 0 0 1
    outer loop
      vertex 26.4197 21.0524 4.5
      vertex 24.5719 21.8177 4.5
      vertex 26.3563 20.884 4.5
    endloop
  endfacet
  facet normal 0 0 1
    outer loop
      vertex 27.0158 18.0555 4.5
      vertex 25.6016 16.6412 4.5
      vertex 25.8284 16.4288 4.5
    endloop
  endfacet
  facet normal -0 0 1
    outer loop
      vertex 24.4624 21.5268 4.5
      vertex 26.3563 20.884 4.5
      vertex 24.5719 21.8177 4.5
    endloop
  endfacet
  facet normal 0 0 1
    outer loop
      vertex 26.8928 18.1868 4.5
      vertex 25.3891 16.8681 4.5
      vertex 25.6016 16.6412 4.5
    endloop
  endfacet
  facet normal 0 0 1
    outer loop
      vertex 26.3563 20.884 4.5
      vertex 24.4624 21.5268 4.5
      vertex 26.304 20.7118 4.5
    endloop
  endfacet
  facet normal 0 0 1
    outer loop
      vertex 26.7786 18.3259 4.5
      vertex 25.1919 17.1084 4.5
      vertex 25.3891 16.8681 4.5
    endloop
  endfacet
  facet normal -0 0 1
    outer loop
      vertex 24.3722 21.2294 4.5
      vertex 26.304 20.7118 4.5
      vertex 24.4624 21.5268 4.5
    endloop
  endfacet
  facet normal 0 0 1
    outer loop
      vertex 26.6738 18.4722 4.5
      vertex 25.0109 17.361 4.5
      vertex 25.1919 17.1084 4.5
    endloop
  endfacet
  facet normal 0 0 1
    outer loop
      vertex 26.304 20.7118 4.5
      vertex 24.3722 21.2294 4.5
      vertex 26.2632 20.5365 4.5
    endloop
  endfacet
  facet normal 0 0 1
    outer loop
      vertex 26.5788 18.625 4.5
      vertex 24.8467 17.625 4.5
      vertex 25.0109 17.361 4.5
    endloop
  endfacet
  facet normal -0 0 1
    outer loop
      vertex 24.3016 20.9267 4.5
      vertex 26.2632 20.5365 4.5
      vertex 24.3722 21.2294 4.5
    endloop
  endfacet
  facet normal 0 0 1
    outer loop
      vertex 26.4939 18.7837 4.5
      vertex 24.7002 17.8991 4.5
      vertex 24.8467 17.625 4.5
    endloop
  endfacet
  facet normal 0 0 1
    outer loop
      vertex 26.2632 20.5365 4.5
      vertex 24.3016 20.9267 4.5
      vertex 26.2339 20.3589 4.5
    endloop
  endfacet
  facet normal 0 0 1
    outer loop
      vertex 26.4197 18.9476 4.5
      vertex 24.5719 18.1823 4.5
      vertex 24.7002 17.8991 4.5
    endloop
  endfacet
  facet normal -0 0 1
    outer loop
      vertex 24.251 20.62 4.5
      vertex 26.2339 20.3589 4.5
      vertex 24.3016 20.9267 4.5
    endloop
  endfacet
  facet normal 0 0 1
    outer loop
      vertex 26.3563 19.116 4.5
      vertex 24.4624 18.4732 4.5
      vertex 24.5719 18.1823 4.5
    endloop
  endfacet
  facet normal 0 0 1
    outer loop
      vertex 26.2339 20.3589 4.5
      vertex 24.251 20.62 4.5
      vertex 26.2162 20.1799 4.5
    endloop
  endfacet
  facet normal 0 0 1
    outer loop
      vertex 26.304 19.2882 4.5
      vertex 24.3722 18.7706 4.5
      vertex 24.4624 18.4732 4.5
    endloop
  endfacet
  facet normal -0 0 1
    outer loop
      vertex 24.2205 20.3107 4.5
      vertex 26.2162 20.1799 4.5
      vertex 24.251 20.62 4.5
    endloop
  endfacet
  facet normal 0 0 1
    outer loop
      vertex 26.2632 19.4635 4.5
      vertex 24.3016 19.0733 4.5
      vertex 24.3722 18.7706 4.5
    endloop
  endfacet
  facet normal 0 0 1
    outer loop
      vertex 26.2162 20.1799 4.5
      vertex 24.2205 20.3107 4.5
      vertex 26.2103 20 4.5
    endloop
  endfacet
  facet normal 0 0 1
    outer loop
      vertex 26.2339 19.6411 4.5
      vertex 24.251 19.38 4.5
      vertex 24.3016 19.0733 4.5
    endloop
  endfacet
  facet normal 0 0 1
    outer loop
      vertex 24.2103 20 4.5
      vertex 26.2103 20 4.5
      vertex 24.2205 20.3107 4.5
    endloop
  endfacet
  facet normal 0 0 1
    outer loop
      vertex 26.2162 19.8201 4.5
      vertex 24.2205 19.6893 4.5
      vertex 24.251 19.38 4.5
    endloop
  endfacet
  facet normal 0 0 1
    outer loop
      vertex 26.2103 20 4.5
      vertex 24.2103 20 4.5
      vertex 24.2205 19.6893 4.5
    endloop
  endfacet
  facet normal -0.773025 -0.634376 0
    outer loop
      vertex 32.7288 22.8916 4.5
      vertex 32.5316 23.1319 8
      vertex 32.5316 23.1319 4.5
    endloop
  endfacet
  facet normal -0.773025 -0.634376 0
    outer loop
      vertex 32.5316 23.1319 8
      vertex 32.7288 22.8916 4.5
      vertex 32.7288 22.8916 8
    endloop
  endfacet
  facet normal 0.849153 -0.528147 0
    outer loop
      vertex 24.8467 22.375 8
      vertex 25.0109 22.639 4.5
      vertex 25.0109 22.639 8
    endloop
  endfacet
  facet normal 0.849153 -0.528147 0
    outer loop
      vertex 25.0109 22.639 4.5
      vertex 24.8467 22.375 8
      vertex 24.8467 22.375 4.5
    endloop
  endfacet
  facet normal -0.352287 0.935892 0
    outer loop
      vertex 30.7781 15.6116 4.5
      vertex 30.4872 15.5021 8
      vertex 30.7781 15.6116 8
    endloop
  endfacet
  facet normal -0.352287 0.935892 0
    outer loop
      vertex 30.4872 15.5021 8
      vertex 30.7781 15.6116 4.5
      vertex 30.4872 15.5021 4.5
    endloop
  endfacet
  facet normal -0.634534 -0.772895 0
    outer loop
      vertex 31.852 23.7684 4.5
      vertex 32.0922 23.5712 8
      vertex 31.852 23.7684 8
    endloop
  endfacet
  facet normal -0.634534 -0.772895 -0
    outer loop
      vertex 32.0922 23.5712 8
      vertex 31.852 23.7684 4.5
      vertex 32.0922 23.5712 4.5
    endloop
  endfacet
  facet normal -0.812863 -0.582455 0
    outer loop
      vertex 32.9098 22.639 4.5
      vertex 32.7288 22.8916 8
      vertex 32.7288 22.8916 4.5
    endloop
  endfacet
  facet normal -0.812863 -0.582455 0
    outer loop
      vertex 32.7288 22.8916 8
      vertex 32.9098 22.639 4.5
      vertex 32.9098 22.639 8
    endloop
  endfacet
  facet normal -0.634534 0.772895 0
    outer loop
      vertex 32.0922 16.4288 4.5
      vertex 31.852 16.2316 8
      vertex 32.0922 16.4288 8
    endloop
  endfacet
  facet normal -0.634534 0.772895 0
    outer loop
      vertex 31.852 16.2316 8
      vertex 32.0922 16.4288 4.5
      vertex 31.852 16.2316 4.5
    endloop
  endfacet
  facet normal -0.0978151 -0.995205 0
    outer loop
      vertex 29.271 24.7398 4.5
      vertex 29.5803 24.7094 8
      vertex 29.271 24.7398 8
    endloop
  endfacet
  facet normal -0.0978151 -0.995205 -0
    outer loop
      vertex 29.5803 24.7094 8
      vertex 29.271 24.7398 4.5
      vertex 29.5803 24.7094 4.5
    endloop
  endfacet
  facet normal 0.986662 -0.162782 0
    outer loop
      vertex 24.251 20.62 8
      vertex 24.3016 20.9267 4.5
      vertex 24.3016 20.9267 8
    endloop
  endfacet
  facet normal 0.986662 -0.162782 0
    outer loop
      vertex 24.3016 20.9267 4.5
      vertex 24.251 20.62 8
      vertex 24.251 20.62 4.5
    endloop
  endfacet
  facet normal -0.935892 0.352287 0
    outer loop
      vertex 33.3488 18.1823 4.5
      vertex 33.4583 18.4732 8
      vertex 33.4583 18.4732 4.5
    endloop
  endfacet
  facet normal -0.935892 0.352287 0
    outer loop
      vertex 33.4583 18.4732 8
      vertex 33.3488 18.1823 4.5
      vertex 33.3488 18.1823 8
    endloop
  endfacet
  facet normal 0.973863 -0.227138 0
    outer loop
      vertex 24.3016 20.9267 8
      vertex 24.3722 21.2294 4.5
      vertex 24.3722 21.2294 8
    endloop
  endfacet
  facet normal 0.973863 -0.227138 0
    outer loop
      vertex 24.3722 21.2294 4.5
      vertex 24.3016 20.9267 8
      vertex 24.3016 20.9267 4.5
    endloop
  endfacet
  facet normal -0.881934 0.471373 0
    outer loop
      vertex 33.074 17.625 4.5
      vertex 33.2205 17.8991 8
      vertex 33.2205 17.8991 4.5
    endloop
  endfacet
  facet normal -0.881934 0.471373 0
    outer loop
      vertex 33.2205 17.8991 8
      vertex 33.074 17.625 4.5
      vertex 33.074 17.625 8
    endloop
  endfacet
  facet normal 0.995173 -0.0981338 0
    outer loop
      vertex 24.2205 20.3107 8
      vertex 24.251 20.62 4.5
      vertex 24.251 20.62 8
    endloop
  endfacet
  facet normal 0.995173 -0.0981338 0
    outer loop
      vertex 24.251 20.62 4.5
      vertex 24.2205 20.3107 8
      vertex 24.2205 20.3107 4.5
    endloop
  endfacet
  facet normal -0.683395 0.730049 0
    outer loop
      vertex 32.3191 16.6412 4.5
      vertex 32.0922 16.4288 8
      vertex 32.3191 16.6412 8
    endloop
  endfacet
  facet normal -0.683395 0.730049 0
    outer loop
      vertex 32.0922 16.4288 8
      vertex 32.3191 16.6412 4.5
      vertex 32.0922 16.4288 4.5
    endloop
  endfacet
  facet normal 0.986662 0.162782 0
    outer loop
      vertex 24.3016 19.0733 8
      vertex 24.251 19.38 4.5
      vertex 24.251 19.38 8
    endloop
  endfacet
  facet normal 0.986662 0.162782 0
    outer loop
      vertex 24.251 19.38 4.5
      vertex 24.3016 19.0733 8
      vertex 24.3016 19.0733 4.5
    endloop
  endfacet
  facet normal 0.995173 0.0981338 0
    outer loop
      vertex 24.251 19.38 8
      vertex 24.2205 19.6893 4.5
      vertex 24.2205 19.6893 8
    endloop
  endfacet
  facet normal 0.995173 0.0981338 0
    outer loop
      vertex 24.2205 19.6893 4.5
      vertex 24.251 19.38 8
      vertex 24.251 19.38 4.5
    endloop
  endfacet
  facet normal -0.986662 0.162782 0
    outer loop
      vertex 33.6191 19.0733 4.5
      vertex 33.6697 19.38 8
      vertex 33.6697 19.38 4.5
    endloop
  endfacet
  facet normal -0.986662 0.162782 0
    outer loop
      vertex 33.6697 19.38 8
      vertex 33.6191 19.0733 4.5
      vertex 33.6191 19.0733 8
    endloop
  endfacet
  facet normal -0.163095 0.98661 0
    outer loop
      vertex 29.887 15.3413 4.5
      vertex 29.5803 15.2906 8
      vertex 29.887 15.3413 8
    endloop
  endfacet
  facet normal -0.163095 0.98661 0
    outer loop
      vertex 29.5803 15.2906 8
      vertex 29.887 15.3413 4.5
      vertex 29.5803 15.2906 4.5
    endloop
  endfacet
  facet normal -0.910883 0.412664 0
    outer loop
      vertex 33.2205 17.8991 4.5
      vertex 33.3488 18.1823 8
      vertex 33.3488 18.1823 4.5
    endloop
  endfacet
  facet normal -0.910883 0.412664 0
    outer loop
      vertex 33.3488 18.1823 8
      vertex 33.2205 17.8991 4.5
      vertex 33.2205 17.8991 8
    endloop
  endfacet
  facet normal 0.729888 0.683567 0
    outer loop
      vertex 25.6016 16.6412 8
      vertex 25.3891 16.8681 4.5
      vertex 25.3891 16.8681 8
    endloop
  endfacet
  facet normal 0.729888 0.683567 0
    outer loop
      vertex 25.3891 16.8681 4.5
      vertex 25.6016 16.6412 8
      vertex 25.6016 16.6412 4.5
    endloop
  endfacet
  facet normal -0.0328114 0.999462 0
    outer loop
      vertex 29.271 15.2602 4.5
      vertex 28.9603 15.25 8
      vertex 29.271 15.2602 8
    endloop
  endfacet
  facet normal -0.0328114 0.999462 0
    outer loop
      vertex 28.9603 15.25 8
      vertex 29.271 15.2602 4.5
      vertex 28.9603 15.25 4.5
    endloop
  endfacet
  facet normal -0.227138 0.973863 0
    outer loop
      vertex 30.1897 15.4119 4.5
      vertex 29.887 15.3413 8
      vertex 30.1897 15.4119 8
    endloop
  endfacet
  facet normal -0.227138 0.973863 0
    outer loop
      vertex 29.887 15.3413 8
      vertex 30.1897 15.4119 4.5
      vertex 29.887 15.3413 4.5
    endloop
  endfacet
  facet normal -0.0328114 -0.999462 0
    outer loop
      vertex 28.9603 24.75 4.5
      vertex 29.271 24.7398 8
      vertex 28.9603 24.75 8
    endloop
  endfacet
  facet normal -0.0328114 -0.999462 -0
    outer loop
      vertex 29.271 24.7398 8
      vertex 28.9603 24.75 4.5
      vertex 29.271 24.7398 4.5
    endloop
  endfacet
  facet normal -0.29015 -0.956981 0
    outer loop
      vertex 30.1897 24.5881 4.5
      vertex 30.4872 24.4979 8
      vertex 30.1897 24.5881 8
    endloop
  endfacet
  facet normal -0.29015 -0.956981 -0
    outer loop
      vertex 30.4872 24.4979 8
      vertex 30.1897 24.5881 4.5
      vertex 30.4872 24.4979 4.5
    endloop
  endfacet
  facet normal 0.227067 0.973879 -0
    outer loop
      vertex 28.0337 15.3413 4.5
      vertex 27.7309 15.4119 8
      vertex 28.0337 15.3413 8
    endloop
  endfacet
  facet normal 0.227067 0.973879 0
    outer loop
      vertex 27.7309 15.4119 8
      vertex 28.0337 15.3413 4.5
      vertex 27.7309 15.4119 4.5
    endloop
  endfacet
  facet normal 0.956954 -0.29024 0
    outer loop
      vertex 24.3722 21.2294 8
      vertex 24.4624 21.5268 4.5
      vertex 24.4624 21.5268 8
    endloop
  endfacet
  facet normal 0.956954 -0.29024 0
    outer loop
      vertex 24.4624 21.5268 4.5
      vertex 24.3722 21.2294 8
      vertex 24.3722 21.2294 4.5
    endloop
  endfacet
  facet normal 0.773025 -0.634376 0
    outer loop
      vertex 25.1919 22.8916 8
      vertex 25.3891 23.1319 4.5
      vertex 25.3891 23.1319 8
    endloop
  endfacet
  facet normal 0.773025 -0.634376 0
    outer loop
      vertex 25.3891 23.1319 4.5
      vertex 25.1919 22.8916 8
      vertex 25.1919 22.8916 4.5
    endloop
  endfacet
  facet normal 0.910883 -0.412664 0
    outer loop
      vertex 24.5719 21.8177 8
      vertex 24.7002 22.1009 4.5
      vertex 24.7002 22.1009 8
    endloop
  endfacet
  facet normal 0.910883 -0.412664 0
    outer loop
      vertex 24.7002 22.1009 4.5
      vertex 24.5719 21.8177 8
      vertex 24.5719 21.8177 4.5
    endloop
  endfacet
  facet normal 0.352287 -0.935892 0
    outer loop
      vertex 27.1426 24.3884 4.5
      vertex 27.4335 24.4979 8
      vertex 27.1426 24.3884 8
    endloop
  endfacet
  facet normal 0.352287 -0.935892 0
    outer loop
      vertex 27.4335 24.4979 8
      vertex 27.1426 24.3884 4.5
      vertex 27.4335 24.4979 4.5
    endloop
  endfacet
  facet normal 0.29024 -0.956954 0
    outer loop
      vertex 27.4335 24.4979 4.5
      vertex 27.7309 24.5881 8
      vertex 27.4335 24.4979 8
    endloop
  endfacet
  facet normal 0.29024 -0.956954 0
    outer loop
      vertex 27.7309 24.5881 8
      vertex 27.4335 24.4979 4.5
      vertex 27.7309 24.5881 4.5
    endloop
  endfacet
  facet normal 0.471239 0.882005 -0
    outer loop
      vertex 26.8595 15.7399 4.5
      vertex 26.5853 15.8864 8
      vertex 26.8595 15.7399 8
    endloop
  endfacet
  facet normal 0.471239 0.882005 0
    outer loop
      vertex 26.5853 15.8864 8
      vertex 26.8595 15.7399 4.5
      vertex 26.5853 15.8864 4.5
    endloop
  endfacet
  facet normal 0.683556 -0.729898 0
    outer loop
      vertex 25.6016 23.3588 4.5
      vertex 25.8284 23.5712 8
      vertex 25.6016 23.3588 8
    endloop
  endfacet
  facet normal 0.683556 -0.729898 0
    outer loop
      vertex 25.8284 23.5712 8
      vertex 25.6016 23.3588 4.5
      vertex 25.8284 23.5712 4.5
    endloop
  endfacet
  facet normal 0.634376 -0.773025 0
    outer loop
      vertex 25.8284 23.5712 4.5
      vertex 26.0687 23.7684 8
      vertex 25.8284 23.5712 8
    endloop
  endfacet
  facet normal 0.634376 -0.773025 0
    outer loop
      vertex 26.0687 23.7684 8
      vertex 25.8284 23.5712 4.5
      vertex 26.0687 23.7684 4.5
    endloop
  endfacet
  facet normal 0.412785 0.910829 -0
    outer loop
      vertex 27.1426 15.6116 4.5
      vertex 26.8595 15.7399 8
      vertex 27.1426 15.6116 8
    endloop
  endfacet
  facet normal 0.412785 0.910829 0
    outer loop
      vertex 26.8595 15.7399 8
      vertex 27.1426 15.6116 4.5
      vertex 26.8595 15.7399 4.5
    endloop
  endfacet
  facet normal 0.352287 0.935892 -0
    outer loop
      vertex 27.4335 15.5021 4.5
      vertex 27.1426 15.6116 8
      vertex 27.4335 15.5021 8
    endloop
  endfacet
  facet normal 0.352287 0.935892 0
    outer loop
      vertex 27.1426 15.6116 8
      vertex 27.4335 15.5021 4.5
      vertex 27.1426 15.6116 4.5
    endloop
  endfacet
  facet normal 0.935892 -0.352287 0
    outer loop
      vertex 24.4624 21.5268 8
      vertex 24.5719 21.8177 4.5
      vertex 24.5719 21.8177 8
    endloop
  endfacet
  facet normal 0.935892 -0.352287 0
    outer loop
      vertex 24.5719 21.8177 4.5
      vertex 24.4624 21.5268 8
      vertex 24.4624 21.5268 4.5
    endloop
  endfacet
  facet normal 0.849153 0.528147 0
    outer loop
      vertex 25.0109 17.361 8
      vertex 24.8467 17.625 4.5
      vertex 24.8467 17.625 8
    endloop
  endfacet
  facet normal 0.849153 0.528147 0
    outer loop
      vertex 24.8467 17.625 4.5
      vertex 25.0109 17.361 8
      vertex 25.0109 17.361 4.5
    endloop
  endfacet
  facet normal -0.995183 -0.0980371 0
    outer loop
      vertex 49.4464 20.4251 0
      vertex 49.4047 20.8484 8
      vertex 49.4047 20.8484 0
    endloop
  endfacet
  facet normal -0.995183 -0.0980371 0
    outer loop
      vertex 49.4047 20.8484 8
      vertex 49.4464 20.4251 0
      vertex 49.4464 20.4251 8
    endloop
  endfacet
  facet normal -0.999466 -0.0326807 0
    outer loop
      vertex 49.4603 20 0
      vertex 49.4464 20.4251 8
      vertex 49.4464 20.4251 0
    endloop
  endfacet
  facet normal -0.999466 -0.0326807 0
    outer loop
      vertex 49.4464 20.4251 8
      vertex 49.4603 20 0
      vertex 49.4603 20 8
    endloop
  endfacet
  facet normal 0.910841 0.412758 0
    outer loop
      vertex 37.1307 17.1251 8
      vertex 36.9551 17.5126 0
      vertex 36.9551 17.5126 8
    endloop
  endfacet
  facet normal 0.910841 0.412758 0
    outer loop
      vertex 36.9551 17.5126 0
      vertex 37.1307 17.1251 8
      vertex 37.1307 17.1251 0
    endloop
  endfacet
  facet normal 0.956935 0.290301 0
    outer loop
      vertex 36.8053 17.9106 8
      vertex 36.6818 18.3177 0
      vertex 36.6818 18.3177 8
    endloop
  endfacet
  facet normal 0.956935 0.290301 0
    outer loop
      vertex 36.6818 18.3177 0
      vertex 36.8053 17.9106 8
      vertex 36.8053 17.9106 0
    endloop
  endfacet
  facet normal 0.227074 -0.973878 0
    outer loop
      vertex 41.278 26.2785 0
      vertex 41.6923 26.3751 8
      vertex 41.278 26.2785 8
    endloop
  endfacet
  facet normal 0.227074 -0.973878 0
    outer loop
      vertex 41.6923 26.3751 8
      vertex 41.278 26.2785 0
      vertex 41.6923 26.3751 0
    endloop
  endfacet
  facet normal 0.881917 0.471406 0
    outer loop
      vertex 37.3312 16.75 8
      vertex 37.1307 17.1251 0
      vertex 37.1307 17.1251 8
    endloop
  endfacet
  facet normal 0.881917 0.471406 0
    outer loop
      vertex 37.1307 17.1251 0
      vertex 37.3312 16.75 8
      vertex 37.3312 16.75 0
    endloop
  endfacet
  facet normal 0.77294 -0.634479 0
    outer loop
      vertex 37.8035 23.9569 8
      vertex 38.0734 24.2857 0
      vertex 38.0734 24.2857 8
    endloop
  endfacet
  facet normal 0.77294 -0.634479 0
    outer loop
      vertex 38.0734 24.2857 0
      vertex 37.8035 23.9569 8
      vertex 37.8035 23.9569 0
    endloop
  endfacet
  facet normal -0.683691 -0.729772 0
    outer loop
      vertex 47.2461 24.887 0
      vertex 47.5565 24.5962 8
      vertex 47.2461 24.887 8
    endloop
  endfacet
  facet normal -0.683691 -0.729772 -0
    outer loop
      vertex 47.5565 24.5962 8
      vertex 47.2461 24.887 0
      vertex 47.5565 24.5962 0
    endloop
  endfacet
  facet normal -0.986641 0.162912 0
    outer loop
      vertex 49.3354 18.7319 0
      vertex 49.4047 19.1516 8
      vertex 49.4047 19.1516 0
    endloop
  endfacet
  facet normal -0.986641 0.162912 0
    outer loop
      vertex 49.4047 19.1516 8
      vertex 49.3354 18.7319 0
      vertex 49.3354 18.7319 8
    endloop
  endfacet
  facet normal 0.881917 -0.471406 0
    outer loop
      vertex 37.1307 22.8749 8
      vertex 37.3312 23.25 0
      vertex 37.3312 23.25 8
    endloop
  endfacet
  facet normal 0.881917 -0.471406 0
    outer loop
      vertex 37.3312 23.25 0
      vertex 37.1307 22.8749 8
      vertex 37.1307 22.8749 0
    endloop
  endfacet
  facet normal -0.290366 0.956916 0
    outer loop
      vertex 45.0497 13.845 0
      vertex 44.6427 13.7215 8
      vertex 45.0497 13.845 8
    endloop
  endfacet
  facet normal -0.290366 0.956916 0
    outer loop
      vertex 44.6427 13.7215 8
      vertex 45.0497 13.845 0
      vertex 44.6427 13.7215 0
    endloop
  endfacet
  facet normal 0.935903 -0.352257 0
    outer loop
      vertex 36.8053 22.0894 8
      vertex 36.9551 22.4874 0
      vertex 36.9551 22.4874 8
    endloop
  endfacet
  facet normal 0.935903 -0.352257 0
    outer loop
      vertex 36.9551 22.4874 0
      vertex 36.8053 22.0894 8
      vertex 36.8053 22.0894 0
    endloop
  endfacet
  facet normal 0.729999 -0.683448 0
    outer loop
      vertex 38.0734 24.2857 8
      vertex 38.3641 24.5962 0
      vertex 38.3641 24.5962 8
    endloop
  endfacet
  facet normal 0.729999 -0.683448 0
    outer loop
      vertex 38.3641 24.5962 0
      vertex 38.0734 24.2857 8
      vertex 38.0734 24.2857 0
    endloop
  endfacet
  facet normal 0.35218 0.935932 -0
    outer loop
      vertex 40.871 13.845 0
      vertex 40.4729 13.9948 8
      vertex 40.871 13.845 8
    endloop
  endfacet
  facet normal 0.35218 0.935932 0
    outer loop
      vertex 40.4729 13.9948 8
      vertex 40.871 13.845 0
      vertex 40.4729 13.9948 0
    endloop
  endfacet
  facet normal -0.412651 0.910889 0
    outer loop
      vertex 45.8352 14.1703 0
      vertex 45.4478 13.9948 8
      vertex 45.8352 14.1703 8
    endloop
  endfacet
  facet normal -0.412651 0.910889 0
    outer loop
      vertex 45.4478 13.9948 8
      vertex 45.8352 14.1703 0
      vertex 45.4478 13.9948 0
    endloop
  endfacet
  facet normal 0.812875 -0.582439 0
    outer loop
      vertex 37.5558 23.6112 8
      vertex 37.8035 23.9569 0
      vertex 37.8035 23.9569 8
    endloop
  endfacet
  facet normal 0.812875 -0.582439 0
    outer loop
      vertex 37.8035 23.9569 0
      vertex 37.5558 23.6112 8
      vertex 37.5558 23.6112 0
    endloop
  endfacet
  facet normal -0.999466 0.0326807 0
    outer loop
      vertex 49.4464 19.5749 0
      vertex 49.4603 20 8
      vertex 49.4603 20 0
    endloop
  endfacet
  facet normal -0.999466 0.0326807 0
    outer loop
      vertex 49.4603 20 8
      vertex 49.4464 19.5749 0
      vertex 49.4464 19.5749 8
    endloop
  endfacet
  facet normal -0.290366 -0.956916 0
    outer loop
      vertex 44.6427 26.2785 0
      vertex 45.0497 26.155 8
      vertex 44.6427 26.2785 8
    endloop
  endfacet
  facet normal -0.290366 -0.956916 -0
    outer loop
      vertex 45.0497 26.155 8
      vertex 44.6427 26.2785 0
      vertex 45.0497 26.155 0
    endloop
  endfacet
  facet normal -0.812763 -0.582594 0
    outer loop
      vertex 48.3649 23.6112 0
      vertex 48.1171 23.9569 8
      vertex 48.1171 23.9569 0
    endloop
  endfacet
  facet normal -0.812763 -0.582594 0
    outer loop
      vertex 48.1171 23.9569 8
      vertex 48.3649 23.6112 0
      vertex 48.3649 23.6112 8
    endloop
  endfacet
  facet normal -0.881917 -0.471406 0
    outer loop
      vertex 48.79 22.8749 0
      vertex 48.5895 23.25 8
      vertex 48.5895 23.25 0
    endloop
  endfacet
  facet normal -0.881917 -0.471406 0
    outer loop
      vertex 48.5895 23.25 8
      vertex 48.79 22.8749 0
      vertex 48.79 22.8749 8
    endloop
  endfacet
  facet normal 0.0326807 -0.999466 0
    outer loop
      vertex 42.5352 26.4861 0
      vertex 42.9603 26.5 8
      vertex 42.5352 26.4861 8
    endloop
  endfacet
  facet normal 0.0326807 -0.999466 0
    outer loop
      vertex 42.9603 26.5 8
      vertex 42.5352 26.4861 0
      vertex 42.9603 26.5 0
    endloop
  endfacet
  facet normal 0.582594 -0.812763 0
    outer loop
      vertex 39.0034 25.1568 0
      vertex 39.3491 25.4046 8
      vertex 39.0034 25.1568 8
    endloop
  endfacet
  facet normal 0.582594 -0.812763 0
    outer loop
      vertex 39.3491 25.4046 8
      vertex 39.0034 25.1568 0
      vertex 39.3491 25.4046 0
    endloop
  endfacet
  facet normal 0.986641 0.162912 0
    outer loop
      vertex 36.5852 18.7319 8
      vertex 36.5159 19.1516 0
      vertex 36.5159 19.1516 8
    endloop
  endfacet
  facet normal 0.986641 0.162912 0
    outer loop
      vertex 36.5159 19.1516 0
      vertex 36.5852 18.7319 8
      vertex 36.5852 18.7319 0
    endloop
  endfacet
  facet normal -0.634338 -0.773056 0
    outer loop
      vertex 46.9173 25.1568 0
      vertex 47.2461 24.887 8
      vertex 46.9173 25.1568 8
    endloop
  endfacet
  facet normal -0.634338 -0.773056 -0
    outer loop
      vertex 47.2461 24.887 8
      vertex 46.9173 25.1568 0
      vertex 47.2461 24.887 0
    endloop
  endfacet
  facet normal -0.35218 -0.935932 0
    outer loop
      vertex 45.0497 26.155 0
      vertex 45.4478 26.0052 8
      vertex 45.0497 26.155 8
    endloop
  endfacet
  facet normal -0.35218 -0.935932 -0
    outer loop
      vertex 45.4478 26.0052 8
      vertex 45.0497 26.155 0
      vertex 45.4478 26.0052 0
    endloop
  endfacet
  facet normal -0.582483 -0.812843 0
    outer loop
      vertex 46.5715 25.4046 0
      vertex 46.9173 25.1568 8
      vertex 46.5715 25.4046 8
    endloop
  endfacet
  facet normal -0.582483 -0.812843 -0
    outer loop
      vertex 46.9173 25.1568 8
      vertex 46.5715 25.4046 0
      vertex 46.9173 25.1568 0
    endloop
  endfacet
  facet normal 0.935903 0.352257 0
    outer loop
      vertex 36.9551 17.5126 8
      vertex 36.8053 17.9106 0
      vertex 36.8053 17.9106 8
    endloop
  endfacet
  facet normal 0.935903 0.352257 0
    outer loop
      vertex 36.8053 17.9106 0
      vertex 36.9551 17.5126 8
      vertex 36.9551 17.5126 0
    endloop
  endfacet
  facet normal 0.634338 -0.773056 0
    outer loop
      vertex 38.6746 24.887 0
      vertex 39.0034 25.1568 8
      vertex 38.6746 24.887 8
    endloop
  endfacet
  facet normal 0.634338 -0.773056 0
    outer loop
      vertex 39.0034 25.1568 8
      vertex 38.6746 24.887 0
      vertex 39.0034 25.1568 0
    endloop
  endfacet
  facet normal -0.973917 -0.226903 0
    outer loop
      vertex 49.3354 21.2681 0
      vertex 49.2389 21.6823 8
      vertex 49.2389 21.6823 0
    endloop
  endfacet
  facet normal -0.973917 -0.226903 0
    outer loop
      vertex 49.2389 21.6823 8
      vertex 49.3354 21.2681 0
      vertex 49.3354 21.2681 8
    endloop
  endfacet
  facet normal -0.935903 -0.352257 0
    outer loop
      vertex 49.1154 22.0894 0
      vertex 48.9656 22.4874 8
      vertex 48.9656 22.4874 0
    endloop
  endfacet
  facet normal -0.935903 -0.352257 0
    outer loop
      vertex 48.9656 22.4874 8
      vertex 49.1154 22.0894 0
      vertex 49.1154 22.0894 8
    endloop
  endfacet
  facet normal 0.683574 0.729882 -0
    outer loop
      vertex 38.6746 15.113 0
      vertex 38.3641 15.4038 8
      vertex 38.6746 15.113 8
    endloop
  endfacet
  facet normal 0.683574 0.729882 0
    outer loop
      vertex 38.3641 15.4038 8
      vertex 38.6746 15.113 0
      vertex 38.3641 15.4038 0
    endloop
  endfacet
  facet normal -0.227074 -0.973878 0
    outer loop
      vertex 44.2284 26.3751 0
      vertex 44.6427 26.2785 8
      vertex 44.2284 26.3751 8
    endloop
  endfacet
  facet normal -0.227074 -0.973878 -0
    outer loop
      vertex 44.6427 26.2785 8
      vertex 44.2284 26.3751 0
      vertex 44.6427 26.2785 0
    endloop
  endfacet
  facet normal 0.35218 -0.935932 0
    outer loop
      vertex 40.4729 26.0052 0
      vertex 40.871 26.155 8
      vertex 40.4729 26.0052 8
    endloop
  endfacet
  facet normal 0.35218 -0.935932 0
    outer loop
      vertex 40.871 26.155 8
      vertex 40.4729 26.0052 0
      vertex 40.871 26.155 0
    endloop
  endfacet
  facet normal 0.0980371 -0.995183 0
    outer loop
      vertex 42.1119 26.4444 0
      vertex 42.5352 26.4861 8
      vertex 42.1119 26.4444 8
    endloop
  endfacet
  facet normal 0.0980371 -0.995183 0
    outer loop
      vertex 42.5352 26.4861 8
      vertex 42.1119 26.4444 0
      vertex 42.5352 26.4861 0
    endloop
  endfacet
  facet normal -0.16295 -0.986634 0
    outer loop
      vertex 43.8088 26.4444 0
      vertex 44.2284 26.3751 8
      vertex 43.8088 26.4444 8
    endloop
  endfacet
  facet normal -0.16295 -0.986634 -0
    outer loop
      vertex 44.2284 26.3751 8
      vertex 43.8088 26.4444 0
      vertex 44.2284 26.3751 0
    endloop
  endfacet
  facet normal -0.956935 0.290301 0
    outer loop
      vertex 49.1154 17.9106 0
      vertex 49.2389 18.3177 8
      vertex 49.2389 18.3177 0
    endloop
  endfacet
  facet normal -0.956935 0.290301 0
    outer loop
      vertex 49.2389 18.3177 8
      vertex 49.1154 17.9106 0
      vertex 49.1154 17.9106 8
    endloop
  endfacet
  facet normal 0.812954 0.582327 0
    outer loop
      vertex 37.8035 16.043 8
      vertex 37.5558 16.3888 0
      vertex 37.5558 16.3888 8
    endloop
  endfacet
  facet normal 0.812954 0.582327 0
    outer loop
      vertex 37.5558 16.3888 0
      vertex 37.8035 16.043 8
      vertex 37.8035 16.043 0
    endloop
  endfacet
  facet normal -0.812843 0.582483 0
    outer loop
      vertex 48.1171 16.043 0
      vertex 48.3649 16.3888 8
      vertex 48.3649 16.3888 0
    endloop
  endfacet
  facet normal -0.812843 0.582483 0
    outer loop
      vertex 48.3649 16.3888 8
      vertex 48.1171 16.043 0
      vertex 48.1171 16.043 8
    endloop
  endfacet
  facet normal -0.471406 -0.881917 0
    outer loop
      vertex 45.8352 25.8297 0
      vertex 46.2103 25.6292 8
      vertex 45.8352 25.8297 8
    endloop
  endfacet
  facet normal -0.471406 -0.881917 -0
    outer loop
      vertex 46.2103 25.6292 8
      vertex 45.8352 25.8297 0
      vertex 46.2103 25.6292 0
    endloop
  endfacet
  facet normal -0.0980371 0.995183 0
    outer loop
      vertex 43.8088 13.5556 0
      vertex 43.3855 13.5139 8
      vertex 43.8088 13.5556 8
    endloop
  endfacet
  facet normal -0.0980371 0.995183 0
    outer loop
      vertex 43.3855 13.5139 8
      vertex 43.8088 13.5556 0
      vertex 43.3855 13.5139 0
    endloop
  endfacet
  facet normal -0.849211 0.528053 0
    outer loop
      vertex 48.3649 16.3888 0
      vertex 48.5895 16.75 8
      vertex 48.5895 16.75 0
    endloop
  endfacet
  facet normal -0.849211 0.528053 0
    outer loop
      vertex 48.5895 16.75 8
      vertex 48.3649 16.3888 0
      vertex 48.3649 16.3888 8
    endloop
  endfacet
  facet normal 0.290366 -0.956916 0
    outer loop
      vertex 40.871 26.155 0
      vertex 41.278 26.2785 8
      vertex 40.871 26.155 8
    endloop
  endfacet
  facet normal 0.290366 -0.956916 0
    outer loop
      vertex 41.278 26.2785 8
      vertex 40.871 26.155 0
      vertex 41.278 26.2785 0
    endloop
  endfacet
  facet normal -0.995183 0.0980371 0
    outer loop
      vertex 49.4047 19.1516 0
      vertex 49.4464 19.5749 8
      vertex 49.4464 19.5749 0
    endloop
  endfacet
  facet normal -0.995183 0.0980371 0
    outer loop
      vertex 49.4464 19.5749 8
      vertex 49.4047 19.1516 0
      vertex 49.4047 19.1516 8
    endloop
  endfacet
  facet normal -0.956935 -0.290301 0
    outer loop
      vertex 49.2389 21.6823 0
      vertex 49.1154 22.0894 8
      vertex 49.1154 22.0894 0
    endloop
  endfacet
  facet normal -0.956935 -0.290301 0
    outer loop
      vertex 49.1154 22.0894 8
      vertex 49.2389 21.6823 0
      vertex 49.2389 21.6823 8
    endloop
  endfacet
  facet normal -0.910841 -0.412758 0
    outer loop
      vertex 48.9656 22.4874 0
      vertex 48.79 22.8749 8
      vertex 48.79 22.8749 0
    endloop
  endfacet
  facet normal -0.910841 -0.412758 0
    outer loop
      vertex 48.79 22.8749 8
      vertex 48.9656 22.4874 0
      vertex 48.9656 22.4874 8
    endloop
  endfacet
  facet normal 0.0326807 0.999466 -0
    outer loop
      vertex 42.9603 13.5 0
      vertex 42.5352 13.5139 8
      vertex 42.9603 13.5 8
    endloop
  endfacet
  facet normal 0.0326807 0.999466 0
    outer loop
      vertex 42.5352 13.5139 8
      vertex 42.9603 13.5 0
      vertex 42.5352 13.5139 0
    endloop
  endfacet
  facet normal -0.729882 -0.683574 0
    outer loop
      vertex 47.8473 24.2857 0
      vertex 47.5565 24.5962 8
      vertex 47.5565 24.5962 0
    endloop
  endfacet
  facet normal -0.729882 -0.683574 0
    outer loop
      vertex 47.5565 24.5962 8
      vertex 47.8473 24.2857 0
      vertex 47.8473 24.2857 8
    endloop
  endfacet
  facet normal 0.986641 -0.162912 0
    outer loop
      vertex 36.5159 20.8484 8
      vertex 36.5852 21.2681 0
      vertex 36.5852 21.2681 8
    endloop
  endfacet
  facet normal 0.986641 -0.162912 0
    outer loop
      vertex 36.5852 21.2681 0
      vertex 36.5159 20.8484 8
      vertex 36.5159 20.8484 0
    endloop
  endfacet
  facet normal 0.772846 0.634594 0
    outer loop
      vertex 38.0734 15.7143 8
      vertex 37.8035 16.043 0
      vertex 37.8035 16.043 8
    endloop
  endfacet
  facet normal 0.772846 0.634594 0
    outer loop
      vertex 37.8035 16.043 0
      vertex 38.0734 15.7143 8
      vertex 38.0734 15.7143 0
    endloop
  endfacet
  facet normal -0.582483 0.812843 0
    outer loop
      vertex 46.9173 14.8432 0
      vertex 46.5715 14.5954 8
      vertex 46.9173 14.8432 8
    endloop
  endfacet
  facet normal -0.582483 0.812843 0
    outer loop
      vertex 46.5715 14.5954 8
      vertex 46.9173 14.8432 0
      vertex 46.5715 14.5954 0
    endloop
  endfacet
  facet normal 0.956935 -0.290301 0
    outer loop
      vertex 36.6818 21.6823 8
      vertex 36.8053 22.0894 0
      vertex 36.8053 22.0894 8
    endloop
  endfacet
  facet normal 0.956935 -0.290301 0
    outer loop
      vertex 36.8053 22.0894 0
      vertex 36.6818 21.6823 8
      vertex 36.6818 21.6823 0
    endloop
  endfacet
  facet normal 0.16295 -0.986634 0
    outer loop
      vertex 41.6923 26.3751 0
      vertex 42.1119 26.4444 8
      vertex 41.6923 26.3751 8
    endloop
  endfacet
  facet normal 0.16295 -0.986634 0
    outer loop
      vertex 42.1119 26.4444 8
      vertex 41.6923 26.3751 0
      vertex 42.1119 26.4444 0
    endloop
  endfacet
  facet normal 0.995206 0.0978043 0
    outer loop
      vertex 36.5159 19.1516 8
      vertex 36.4743 19.5749 0
      vertex 36.4743 19.5749 8
    endloop
  endfacet
  facet normal 0.995206 0.0978043 0
    outer loop
      vertex 36.4743 19.5749 0
      vertex 36.5159 19.1516 8
      vertex 36.5159 19.1516 0
    endloop
  endfacet
  facet normal 0.683574 -0.729882 0
    outer loop
      vertex 38.3641 24.5962 0
      vertex 38.6746 24.887 8
      vertex 38.3641 24.5962 8
    endloop
  endfacet
  facet normal 0.683574 -0.729882 0
    outer loop
      vertex 38.6746 24.887 8
      vertex 38.3641 24.5962 0
      vertex 38.6746 24.887 0
    endloop
  endfacet
  facet normal -0.528053 0.849211 0
    outer loop
      vertex 46.5715 14.5954 0
      vertex 46.2103 14.3708 8
      vertex 46.5715 14.5954 8
    endloop
  endfacet
  facet normal -0.528053 0.849211 0
    outer loop
      vertex 46.2103 14.3708 8
      vertex 46.5715 14.5954 0
      vertex 46.2103 14.3708 0
    endloop
  endfacet
  facet normal -0.528053 -0.849211 0
    outer loop
      vertex 46.2103 25.6292 0
      vertex 46.5715 25.4046 8
      vertex 46.2103 25.6292 8
    endloop
  endfacet
  facet normal -0.528053 -0.849211 -0
    outer loop
      vertex 46.5715 25.4046 8
      vertex 46.2103 25.6292 0
      vertex 46.5715 25.4046 0
    endloop
  endfacet
  facet normal -0.35218 0.935932 0
    outer loop
      vertex 45.4478 13.9948 0
      vertex 45.0497 13.845 8
      vertex 45.4478 13.9948 8
    endloop
  endfacet
  facet normal -0.35218 0.935932 0
    outer loop
      vertex 45.0497 13.845 8
      vertex 45.4478 13.9948 0
      vertex 45.0497 13.845 0
    endloop
  endfacet
  facet normal -0.412651 -0.910889 0
    outer loop
      vertex 45.4478 26.0052 0
      vertex 45.8352 25.8297 8
      vertex 45.4478 26.0052 8
    endloop
  endfacet
  facet normal -0.412651 -0.910889 -0
    outer loop
      vertex 45.8352 25.8297 8
      vertex 45.4478 26.0052 0
      vertex 45.8352 25.8297 0
    endloop
  endfacet
  facet normal -0.471406 0.881917 0
    outer loop
      vertex 46.2103 14.3708 0
      vertex 45.8352 14.1703 8
      vertex 46.2103 14.3708 8
    endloop
  endfacet
  facet normal -0.471406 0.881917 0
    outer loop
      vertex 45.8352 14.1703 8
      vertex 46.2103 14.3708 0
      vertex 45.8352 14.1703 0
    endloop
  endfacet
  facet normal -0.849211 -0.528053 0
    outer loop
      vertex 48.5895 23.25 0
      vertex 48.3649 23.6112 8
      vertex 48.3649 23.6112 0
    endloop
  endfacet
  facet normal -0.849211 -0.528053 0
    outer loop
      vertex 48.3649 23.6112 8
      vertex 48.5895 23.25 0
      vertex 48.5895 23.25 8
    endloop
  endfacet
  facet normal 0.849211 -0.528053 0
    outer loop
      vertex 37.3312 23.25 8
      vertex 37.5558 23.6112 0
      vertex 37.5558 23.6112 8
    endloop
  endfacet
  facet normal 0.849211 -0.528053 0
    outer loop
      vertex 37.5558 23.6112 0
      vertex 37.3312 23.25 8
      vertex 37.3312 23.25 0
    endloop
  endfacet
  facet normal -0.772961 0.634454 0
    outer loop
      vertex 47.8473 15.7143 0
      vertex 48.1171 16.043 8
      vertex 48.1171 16.043 0
    endloop
  endfacet
  facet normal -0.772961 0.634454 0
    outer loop
      vertex 48.1171 16.043 8
      vertex 47.8473 15.7143 0
      vertex 47.8473 15.7143 8
    endloop
  endfacet
  facet normal -0.973917 0.226903 0
    outer loop
      vertex 49.2389 18.3177 0
      vertex 49.3354 18.7319 8
      vertex 49.3354 18.7319 0
    endloop
  endfacet
  facet normal -0.973917 0.226903 0
    outer loop
      vertex 49.3354 18.7319 8
      vertex 49.2389 18.3177 0
      vertex 49.2389 18.3177 8
    endloop
  endfacet
  facet normal -0.881917 0.471406 0
    outer loop
      vertex 48.5895 16.75 0
      vertex 48.79 17.1251 8
      vertex 48.79 17.1251 0
    endloop
  endfacet
  facet normal -0.881917 0.471406 0
    outer loop
      vertex 48.79 17.1251 8
      vertex 48.5895 16.75 0
      vertex 48.5895 16.75 8
    endloop
  endfacet
  facet normal -0.935903 0.352257 0
    outer loop
      vertex 48.9656 17.5126 0
      vertex 49.1154 17.9106 8
      vertex 49.1154 17.9106 0
    endloop
  endfacet
  facet normal -0.935903 0.352257 0
    outer loop
      vertex 49.1154 17.9106 8
      vertex 48.9656 17.5126 0
      vertex 48.9656 17.5126 8
    endloop
  endfacet
  facet normal -0.910841 0.412758 0
    outer loop
      vertex 48.79 17.1251 0
      vertex 48.9656 17.5126 8
      vertex 48.9656 17.5126 0
    endloop
  endfacet
  facet normal -0.910841 0.412758 0
    outer loop
      vertex 48.9656 17.5126 8
      vertex 48.79 17.1251 0
      vertex 48.79 17.1251 8
    endloop
  endfacet
  facet normal 0.471308 -0.881969 0
    outer loop
      vertex 39.7103 25.6292 0
      vertex 40.0855 25.8297 8
      vertex 39.7103 25.6292 8
    endloop
  endfacet
  facet normal 0.471308 -0.881969 0
    outer loop
      vertex 40.0855 25.8297 8
      vertex 39.7103 25.6292 0
      vertex 40.0855 25.8297 0
    endloop
  endfacet
  facet normal -0.773056 -0.634338 0
    outer loop
      vertex 48.1171 23.9569 0
      vertex 47.8473 24.2857 8
      vertex 47.8473 24.2857 0
    endloop
  endfacet
  facet normal -0.773056 -0.634338 0
    outer loop
      vertex 47.8473 24.2857 8
      vertex 48.1171 23.9569 0
      vertex 48.1171 23.9569 8
    endloop
  endfacet
  facet normal 0.290366 0.956916 -0
    outer loop
      vertex 41.278 13.7215 0
      vertex 40.871 13.845 8
      vertex 41.278 13.7215 8
    endloop
  endfacet
  facet normal 0.290366 0.956916 0
    outer loop
      vertex 40.871 13.845 8
      vertex 41.278 13.7215 0
      vertex 40.871 13.845 0
    endloop
  endfacet
  facet normal -0.986641 -0.162912 0
    outer loop
      vertex 49.4047 20.8484 0
      vertex 49.3354 21.2681 8
      vertex 49.3354 21.2681 0
    endloop
  endfacet
  facet normal -0.986641 -0.162912 0
    outer loop
      vertex 49.3354 21.2681 8
      vertex 49.4047 20.8484 0
      vertex 49.4047 20.8484 8
    endloop
  endfacet
  facet normal -0.634338 0.773056 0
    outer loop
      vertex 47.2461 15.113 0
      vertex 46.9173 14.8432 8
      vertex 47.2461 15.113 8
    endloop
  endfacet
  facet normal -0.634338 0.773056 0
    outer loop
      vertex 46.9173 14.8432 8
      vertex 47.2461 15.113 0
      vertex 46.9173 14.8432 0
    endloop
  endfacet
  facet normal 0.412651 -0.910889 0
    outer loop
      vertex 40.0855 25.8297 0
      vertex 40.4729 26.0052 8
      vertex 40.0855 25.8297 8
    endloop
  endfacet
  facet normal 0.412651 -0.910889 0
    outer loop
      vertex 40.4729 26.0052 8
      vertex 40.0855 25.8297 0
      vertex 40.4729 26.0052 0
    endloop
  endfacet
  facet normal 0.995206 -0.0978043 0
    outer loop
      vertex 36.4743 20.4251 8
      vertex 36.5159 20.8484 0
      vertex 36.5159 20.8484 8
    endloop
  endfacet
  facet normal 0.995206 -0.0978043 0
    outer loop
      vertex 36.5159 20.8484 0
      vertex 36.4743 20.4251 8
      vertex 36.4743 20.4251 0
    endloop
  endfacet
  facet normal -0.032673 0.999466 0
    outer loop
      vertex 43.3855 13.5139 0
      vertex 42.9603 13.5 8
      vertex 43.3855 13.5139 8
    endloop
  endfacet
  facet normal -0.032673 0.999466 0
    outer loop
      vertex 42.9603 13.5 8
      vertex 43.3855 13.5139 0
      vertex 42.9603 13.5 0
    endloop
  endfacet
  facet normal 0.973865 -0.227126 0
    outer loop
      vertex 36.5852 21.2681 8
      vertex 36.6818 21.6823 0
      vertex 36.6818 21.6823 8
    endloop
  endfacet
  facet normal 0.973865 -0.227126 0
    outer loop
      vertex 36.6818 21.6823 0
      vertex 36.5852 21.2681 8
      vertex 36.5852 21.2681 0
    endloop
  endfacet
  facet normal 0.582594 0.812763 -0
    outer loop
      vertex 39.3491 14.5954 0
      vertex 39.0034 14.8432 8
      vertex 39.3491 14.5954 8
    endloop
  endfacet
  facet normal 0.582594 0.812763 0
    outer loop
      vertex 39.0034 14.8432 8
      vertex 39.3491 14.5954 0
      vertex 39.0034 14.8432 0
    endloop
  endfacet
  facet normal 0.528053 0.849211 -0
    outer loop
      vertex 39.7103 14.3708 0
      vertex 39.3491 14.5954 8
      vertex 39.7103 14.3708 8
    endloop
  endfacet
  facet normal 0.528053 0.849211 0
    outer loop
      vertex 39.3491 14.5954 8
      vertex 39.7103 14.3708 0
      vertex 39.3491 14.5954 0
    endloop
  endfacet
  facet normal 0.634338 0.773056 -0
    outer loop
      vertex 39.0034 14.8432 0
      vertex 38.6746 15.113 8
      vertex 39.0034 14.8432 8
    endloop
  endfacet
  facet normal 0.634338 0.773056 0
    outer loop
      vertex 38.6746 15.113 8
      vertex 39.0034 14.8432 0
      vertex 38.6746 15.113 0
    endloop
  endfacet
  facet normal -0.227074 0.973878 0
    outer loop
      vertex 44.6427 13.7215 0
      vertex 44.2284 13.6249 8
      vertex 44.6427 13.7215 8
    endloop
  endfacet
  facet normal -0.227074 0.973878 0
    outer loop
      vertex 44.2284 13.6249 8
      vertex 44.6427 13.7215 0
      vertex 44.2284 13.6249 0
    endloop
  endfacet
  facet normal 0.471308 0.881969 -0
    outer loop
      vertex 40.0855 14.1703 0
      vertex 39.7103 14.3708 8
      vertex 40.0855 14.1703 8
    endloop
  endfacet
  facet normal 0.471308 0.881969 0
    outer loop
      vertex 39.7103 14.3708 8
      vertex 40.0855 14.1703 0
      vertex 39.7103 14.3708 0
    endloop
  endfacet
  facet normal 0.973865 0.227126 0
    outer loop
      vertex 36.6818 18.3177 8
      vertex 36.5852 18.7319 0
      vertex 36.5852 18.7319 8
    endloop
  endfacet
  facet normal 0.973865 0.227126 0
    outer loop
      vertex 36.5852 18.7319 0
      vertex 36.6818 18.3177 8
      vertex 36.6818 18.3177 0
    endloop
  endfacet
  facet normal 0.0980371 0.995183 -0
    outer loop
      vertex 42.5352 13.5139 0
      vertex 42.1119 13.5556 8
      vertex 42.5352 13.5139 8
    endloop
  endfacet
  facet normal 0.0980371 0.995183 0
    outer loop
      vertex 42.1119 13.5556 8
      vertex 42.5352 13.5139 0
      vertex 42.1119 13.5556 0
    endloop
  endfacet
  facet normal -0.16295 0.986634 0
    outer loop
      vertex 44.2284 13.6249 0
      vertex 43.8088 13.5556 8
      vertex 44.2284 13.6249 8
    endloop
  endfacet
  facet normal -0.16295 0.986634 0
    outer loop
      vertex 43.8088 13.5556 8
      vertex 44.2284 13.6249 0
      vertex 43.8088 13.5556 0
    endloop
  endfacet
  facet normal 0.729999 0.683448 0
    outer loop
      vertex 38.3641 15.4038 8
      vertex 38.0734 15.7143 0
      vertex 38.0734 15.7143 8
    endloop
  endfacet
  facet normal 0.729999 0.683448 0
    outer loop
      vertex 38.0734 15.7143 0
      vertex 38.3641 15.4038 8
      vertex 38.3641 15.4038 0
    endloop
  endfacet
  facet normal -0.729882 0.683574 0
    outer loop
      vertex 47.5565 15.4038 0
      vertex 47.8473 15.7143 8
      vertex 47.8473 15.7143 0
    endloop
  endfacet
  facet normal -0.729882 0.683574 0
    outer loop
      vertex 47.8473 15.7143 8
      vertex 47.5565 15.4038 0
      vertex 47.5565 15.4038 8
    endloop
  endfacet
  facet normal -0.0980371 -0.995183 0
    outer loop
      vertex 43.3855 26.4861 0
      vertex 43.8088 26.4444 8
      vertex 43.3855 26.4861 8
    endloop
  endfacet
  facet normal -0.0980371 -0.995183 -0
    outer loop
      vertex 43.8088 26.4444 8
      vertex 43.3855 26.4861 0
      vertex 43.8088 26.4444 0
    endloop
  endfacet
  facet normal -0.032673 -0.999466 0
    outer loop
      vertex 42.9603 26.5 0
      vertex 43.3855 26.4861 8
      vertex 42.9603 26.5 8
    endloop
  endfacet
  facet normal -0.032673 -0.999466 -0
    outer loop
      vertex 43.3855 26.4861 8
      vertex 42.9603 26.5 0
      vertex 43.3855 26.4861 0
    endloop
  endfacet
  facet normal 0.999458 -0.0329156 0
    outer loop
      vertex 36.4603 20 8
      vertex 36.4743 20.4251 0
      vertex 36.4743 20.4251 8
    endloop
  endfacet
  facet normal 0.999458 -0.0329156 0
    outer loop
      vertex 36.4743 20.4251 0
      vertex 36.4603 20 8
      vertex 36.4603 20 0
    endloop
  endfacet
  facet normal 0.999458 0.0329156 0
    outer loop
      vertex 36.4743 19.5749 8
      vertex 36.4603 20 0
      vertex 36.4603 20 8
    endloop
  endfacet
  facet normal 0.999458 0.0329156 0
    outer loop
      vertex 36.4603 20 0
      vertex 36.4743 19.5749 8
      vertex 36.4743 19.5749 0
    endloop
  endfacet
  facet normal -0.683691 0.729772 0
    outer loop
      vertex 47.5565 15.4038 0
      vertex 47.2461 15.113 8
      vertex 47.5565 15.4038 8
    endloop
  endfacet
  facet normal -0.683691 0.729772 0
    outer loop
      vertex 47.2461 15.113 8
      vertex 47.5565 15.4038 0
      vertex 47.2461 15.113 0
    endloop
  endfacet
  facet normal 0.910841 -0.412758 0
    outer loop
      vertex 36.9551 22.4874 8
      vertex 37.1307 22.8749 0
      vertex 37.1307 22.8749 8
    endloop
  endfacet
  facet normal 0.910841 -0.412758 0
    outer loop
      vertex 37.1307 22.8749 0
      vertex 36.9551 22.4874 8
      vertex 36.9551 22.4874 0
    endloop
  endfacet
  facet normal 0.528053 -0.849211 0
    outer loop
      vertex 39.3491 25.4046 0
      vertex 39.7103 25.6292 8
      vertex 39.3491 25.4046 8
    endloop
  endfacet
  facet normal 0.528053 -0.849211 0
    outer loop
      vertex 39.7103 25.6292 8
      vertex 39.3491 25.4046 0
      vertex 39.7103 25.6292 0
    endloop
  endfacet
  facet normal 0.227074 0.973878 -0
    outer loop
      vertex 41.6923 13.6249 0
      vertex 41.278 13.7215 8
      vertex 41.6923 13.6249 8
    endloop
  endfacet
  facet normal 0.227074 0.973878 0
    outer loop
      vertex 41.278 13.7215 8
      vertex 41.6923 13.6249 0
      vertex 41.278 13.7215 0
    endloop
  endfacet
  facet normal 0.16295 0.986634 -0
    outer loop
      vertex 42.1119 13.5556 0
      vertex 41.6923 13.6249 8
      vertex 42.1119 13.5556 8
    endloop
  endfacet
  facet normal 0.16295 0.986634 0
    outer loop
      vertex 41.6923 13.6249 8
      vertex 42.1119 13.5556 0
      vertex 41.6923 13.6249 0
    endloop
  endfacet
  facet normal 0.849211 0.528053 0
    outer loop
      vertex 37.5558 16.3888 8
      vertex 37.3312 16.75 0
      vertex 37.3312 16.75 8
    endloop
  endfacet
  facet normal 0.849211 0.528053 0
    outer loop
      vertex 37.3312 16.75 0
      vertex 37.5558 16.3888 8
      vertex 37.5558 16.3888 0
    endloop
  endfacet
  facet normal 0.412651 0.910889 -0
    outer loop
      vertex 40.4729 13.9948 0
      vertex 40.0855 14.1703 8
      vertex 40.4729 13.9948 8
    endloop
  endfacet
  facet normal 0.412651 0.910889 0
    outer loop
      vertex 40.0855 14.1703 8
      vertex 40.4729 13.9948 0
      vertex 40.0855 14.1703 0
    endloop
  endfacet
  facet normal 0 1 -0
    outer loop
      vertex 52.9603 88 0
      vertex 19.3728 88 8
      vertex 52.9603 88 8
    endloop
  endfacet
  facet normal 0 1 0
    outer loop
      vertex 19.3728 88 8
      vertex 10.5597 88 7.05574
      vertex 10.0756 88 7.73126
    endloop
  endfacet
  facet normal 0 1 0
    outer loop
      vertex 19.3728 88 8
      vertex 10.9985 88 6.34999
      vertex 10.5597 88 7.05574
    endloop
  endfacet
  facet normal 0 1 0
    outer loop
      vertex 19.3728 88 8
      vertex 11.3903 88 5.61707
      vertex 10.9985 88 6.34999
    endloop
  endfacet
  facet normal 0 1 0
    outer loop
      vertex 19.3728 88 8
      vertex 11.7333 88 4.86008
      vertex 11.3903 88 5.61707
    endloop
  endfacet
  facet normal 0 1 0
    outer loop
      vertex 19.3728 88 8
      vertex 12.026 88 4.08228
      vertex 11.7333 88 4.86008
    endloop
  endfacet
  facet normal 0 1 0
    outer loop
      vertex 19.3728 88 8
      vertex 12.2673 88 3.28699
      vertex 12.026 88 4.08228
    endloop
  endfacet
  facet normal 0 1 0
    outer loop
      vertex 19.3728 88 8
      vertex 12.456 88 2.47765
      vertex 12.2673 88 3.28699
    endloop
  endfacet
  facet normal 0 1 0
    outer loop
      vertex 19.3728 88 8
      vertex 12.5913 88 1.65767
      vertex 12.456 88 2.47765
    endloop
  endfacet
  facet normal 0 1 0
    outer loop
      vertex 12.7 88 0
      vertex 19.3728 88 8
      vertex 52.9603 88 0
    endloop
  endfacet
  facet normal 0 1 0
    outer loop
      vertex 19.3728 88 8
      vertex 12.6728 88 0.830612
      vertex 12.5913 88 1.65767
    endloop
  endfacet
  facet normal 0 1 0
    outer loop
      vertex 19.3728 88 8
      vertex 12.7 88 0
      vertex 12.6728 88 0.830612
    endloop
  endfacet
  facet normal 0 1 0
    outer loop
      vertex 0 88 17.9603
      vertex 0 88 20.9603
      vertex 1.37086 88 20.9155
    endloop
  endfacet
  facet normal 0 1 0
    outer loop
      vertex 0 88 17.9603
      vertex 1.37086 88 20.9155
      vertex 2.73587 88 20.781
    endloop
  endfacet
  facet normal 0 1 0
    outer loop
      vertex 0 88 20.9603
      vertex 0 88 17.9603
      vertex -1.37086 88 20.9155
    endloop
  endfacet
  facet normal 0 1 0
    outer loop
      vertex 0 88 17.9603
      vertex 2.73587 88 20.781
      vertex 4.08916 88 20.5576
    endloop
  endfacet
  facet normal 0 1 0
    outer loop
      vertex -1.37086 88 20.9155
      vertex 0 88 17.9603
      vertex -2.73587 88 20.781
    endloop
  endfacet
  facet normal 0 1 0
    outer loop
      vertex 0 88 17.9603
      vertex 4.08916 88 20.5576
      vertex 5.42493 88 20.2461
    endloop
  endfacet
  facet normal 0 1 0
    outer loop
      vertex -2.73587 88 20.781
      vertex 0 88 17.9603
      vertex -4.08916 88 20.5576
    endloop
  endfacet
  facet normal 0 1 0
    outer loop
      vertex 0 88 17.9603
      vertex 5.42493 88 20.2461
      vertex 6.73747 88 19.848
    endloop
  endfacet
  facet normal 0 1 0
    outer loop
      vertex -4.08916 88 20.5576
      vertex 0 88 17.9603
      vertex -5.42493 88 20.2461
    endloop
  endfacet
  facet normal 0 1 0
    outer loop
      vertex 8.97737 88 8.98296
      vertex 6.73747 88 19.848
      vertex 8.02116 88 19.3648
    endloop
  endfacet
  facet normal 0 1 0
    outer loop
      vertex -5.42493 88 20.2461
      vertex 0 88 17.9603
      vertex -6.73747 88 19.848
    endloop
  endfacet
  facet normal 0 1 -0
    outer loop
      vertex 8.97737 88 8.98296
      vertex 8.02116 88 19.3648
      vertex 9.27051 88 18.7988
    endloop
  endfacet
  facet normal 0 1 0
    outer loop
      vertex -8.97737 88 8.98296
      vertex -6.73747 88 19.848
      vertex 0 88 17.9603
    endloop
  endfacet
  facet normal 0 1 0
    outer loop
      vertex 8.97737 88 8.98296
      vertex 9.27051 88 18.7988
      vertex 10.4802 88 18.1522
    endloop
  endfacet
  facet normal 0 1 0
    outer loop
      vertex -6.73747 88 19.848
      vertex -8.97737 88 8.98296
      vertex -8.02116 88 19.3648
    endloop
  endfacet
  facet normal 0 1 0
    outer loop
      vertex -8.02116 88 19.3648
      vertex -8.97737 88 8.98296
      vertex -9.27051 88 18.7988
    endloop
  endfacet
  facet normal 0 1 0
    outer loop
      vertex 8.97737 88 8.98296
      vertex 10.4802 88 18.1522
      vertex 11.6449 88 17.4279
    endloop
  endfacet
  facet normal 0 1 0
    outer loop
      vertex 8.97737 88 8.98296
      vertex 11.6449 88 17.4279
      vertex 12.7598 88 16.629
    endloop
  endfacet
  facet normal 0 1 0
    outer loop
      vertex 8.97737 88 8.98296
      vertex 12.7598 88 16.629
      vertex 13.8201 88 15.7588
    endloop
  endfacet
  facet normal 0 1 0
    outer loop
      vertex 8.97737 88 8.98296
      vertex 13.8201 88 15.7588
      vertex 14.8212 88 14.8212
    endloop
  endfacet
  facet normal 0 1 0
    outer loop
      vertex 8.98026 88 8.98026
      vertex 14.8212 88 14.8212
      vertex 15.7588 88 13.8201
    endloop
  endfacet
  facet normal 0 1 0
    outer loop
      vertex 9.54836 88 8.37369
      vertex 15.7588 88 13.8201
      vertex 16.629 88 12.7598
    endloop
  endfacet
  facet normal 0 1 0
    outer loop
      vertex 10.0756 88 7.73126
      vertex 16.629 88 12.7598
      vertex 17.4279 88 11.6449
    endloop
  endfacet
  facet normal 0 1 0
    outer loop
      vertex 10.0756 88 7.73126
      vertex 17.4279 88 11.6449
      vertex 18.1522 88 10.4802
    endloop
  endfacet
  facet normal 0 1 0
    outer loop
      vertex 10.0756 88 7.73126
      vertex 18.1522 88 10.4802
      vertex 18.7988 88 9.27051
    endloop
  endfacet
  facet normal 0 1 0
    outer loop
      vertex 6.73747 88 19.848
      vertex 8.97737 88 8.98296
      vertex 0 88 17.9603
    endloop
  endfacet
  facet normal 0 1 0
    outer loop
      vertex 14.8212 88 14.8212
      vertex 8.98026 88 8.98026
      vertex 8.97737 88 8.98296
    endloop
  endfacet
  facet normal 0 1 0
    outer loop
      vertex 15.7588 88 13.8201
      vertex 9.54836 88 8.37369
      vertex 8.98026 88 8.98026
    endloop
  endfacet
  facet normal 0 1 0
    outer loop
      vertex 10.0756 88 7.73126
      vertex 18.7988 88 9.27051
      vertex 19.3648 88 8.02116
    endloop
  endfacet
  facet normal 0 1 0
    outer loop
      vertex 10.0756 88 7.73126
      vertex 19.3648 88 8.02116
      vertex 19.3728 88 8
    endloop
  endfacet
  facet normal 0 1 0
    outer loop
      vertex 16.629 88 12.7598
      vertex 10.0756 88 7.73126
      vertex 9.54836 88 8.37369
    endloop
  endfacet
  facet normal 0 1 0
    outer loop
      vertex -9.27051 88 18.7988
      vertex -8.97737 88 8.98296
      vertex -10.4802 88 18.1522
    endloop
  endfacet
  facet normal 0 1 0
    outer loop
      vertex -10.4802 88 18.1522
      vertex -8.97737 88 8.98296
      vertex -11.6449 88 17.4279
    endloop
  endfacet
  facet normal 0 1 0
    outer loop
      vertex -11.6449 88 17.4279
      vertex -8.97737 88 8.98296
      vertex -12.7598 88 16.629
    endloop
  endfacet
  facet normal 0 1 0
    outer loop
      vertex -12.7598 88 16.629
      vertex -8.97737 88 8.98296
      vertex -13.8201 88 15.7588
    endloop
  endfacet
  facet normal 0 1 0
    outer loop
      vertex -13.8201 88 15.7588
      vertex -8.97737 88 8.98296
      vertex -14.8212 88 14.8212
    endloop
  endfacet
  facet normal 0 1 -0
    outer loop
      vertex -8.98026 88 8.98026
      vertex -14.8212 88 14.8212
      vertex -8.97737 88 8.98296
    endloop
  endfacet
  facet normal 0 1 0
    outer loop
      vertex -14.8212 88 14.8212
      vertex -8.98026 88 8.98026
      vertex -15.7588 88 13.8201
    endloop
  endfacet
  facet normal 0 1 -0
    outer loop
      vertex -9.54836 88 8.37369
      vertex -15.7588 88 13.8201
      vertex -8.98026 88 8.98026
    endloop
  endfacet
  facet normal 0 1 0
    outer loop
      vertex -15.7588 88 13.8201
      vertex -9.54836 88 8.37369
      vertex -16.629 88 12.7598
    endloop
  endfacet
  facet normal 0 1 -0
    outer loop
      vertex -10.0756 88 7.73126
      vertex -16.629 88 12.7598
      vertex -9.54836 88 8.37369
    endloop
  endfacet
  facet normal 0 1 0
    outer loop
      vertex -16.629 88 12.7598
      vertex -10.0756 88 7.73126
      vertex -17.4279 88 11.6449
    endloop
  endfacet
  facet normal 0 1 -0
    outer loop
      vertex -10.5597 88 7.05574
      vertex -17.4279 88 11.6449
      vertex -10.0756 88 7.73126
    endloop
  endfacet
  facet normal 0 1 0
    outer loop
      vertex -17.4279 88 11.6449
      vertex -10.5597 88 7.05574
      vertex -18.1522 88 10.4802
    endloop
  endfacet
  facet normal 0 1 -0
    outer loop
      vertex -10.9985 88 6.34999
      vertex -18.1522 88 10.4802
      vertex -10.5597 88 7.05574
    endloop
  endfacet
  facet normal 0 1 0
    outer loop
      vertex -18.1522 88 10.4802
      vertex -10.9985 88 6.34999
      vertex -18.7988 88 9.27051
    endloop
  endfacet
  facet normal 0 1 -0
    outer loop
      vertex -11.3903 88 5.61707
      vertex -18.7988 88 9.27051
      vertex -10.9985 88 6.34999
    endloop
  endfacet
  facet normal 0 1 0
    outer loop
      vertex -18.7988 88 9.27051
      vertex -11.3903 88 5.61707
      vertex -19.3648 88 8.02116
    endloop
  endfacet
  facet normal 0 1 -0
    outer loop
      vertex -11.7333 88 4.86008
      vertex -19.3648 88 8.02116
      vertex -11.3903 88 5.61707
    endloop
  endfacet
  facet normal 0 1 0
    outer loop
      vertex -19.3648 88 8.02116
      vertex -11.7333 88 4.86008
      vertex -19.3728 88 8
    endloop
  endfacet
  facet normal 0 1 -0
    outer loop
      vertex -12.026 88 4.08228
      vertex -19.3728 88 8
      vertex -11.7333 88 4.86008
    endloop
  endfacet
  facet normal 0 1 -0
    outer loop
      vertex -12.2673 88 3.28699
      vertex -19.3728 88 8
      vertex -12.026 88 4.08228
    endloop
  endfacet
  facet normal 0 1 -0
    outer loop
      vertex -12.456 88 2.47765
      vertex -19.3728 88 8
      vertex -12.2673 88 3.28699
    endloop
  endfacet
  facet normal 0 1 -0
    outer loop
      vertex -12.5913 88 1.65767
      vertex -19.3728 88 8
      vertex -12.456 88 2.47765
    endloop
  endfacet
  facet normal 0 1 -0
    outer loop
      vertex -12.6728 88 0.830612
      vertex -19.3728 88 8
      vertex -12.5913 88 1.65767
    endloop
  endfacet
  facet normal 0 1 -0
    outer loop
      vertex -12.7 88 0
      vertex -19.3728 88 8
      vertex -12.6728 88 0.830612
    endloop
  endfacet
  facet normal 0 1 0
    outer loop
      vertex -19.3728 88 8
      vertex -12.7 88 0
      vertex -36.9603 88 0
    endloop
  endfacet
  facet normal 0 1 0
    outer loop
      vertex -19.3728 88 8
      vertex -36.9603 88 0
      vertex -36.9603 88 8
    endloop
  endfacet
  facet normal 0 -1 0
    outer loop
      vertex -36.9603 48 0
      vertex -19.3728 48 8
      vertex -36.9603 48 8
    endloop
  endfacet
  facet normal 0 -1 0
    outer loop
      vertex -19.3728 48 8
      vertex -10.5597 48 7.05574
      vertex -10.0756 48 7.73126
    endloop
  endfacet
  facet normal 0 -1 0
    outer loop
      vertex -19.3728 48 8
      vertex -10.9985 48 6.34999
      vertex -10.5597 48 7.05574
    endloop
  endfacet
  facet normal 0 -1 0
    outer loop
      vertex -19.3728 48 8
      vertex -11.3903 48 5.61707
      vertex -10.9985 48 6.34999
    endloop
  endfacet
  facet normal 0 -1 0
    outer loop
      vertex -19.3728 48 8
      vertex -11.7333 48 4.86008
      vertex -11.3903 48 5.61707
    endloop
  endfacet
  facet normal 0 -1 0
    outer loop
      vertex -19.3728 48 8
      vertex -12.026 48 4.08228
      vertex -11.7333 48 4.86008
    endloop
  endfacet
  facet normal 0 -1 0
    outer loop
      vertex -19.3728 48 8
      vertex -12.2673 48 3.28699
      vertex -12.026 48 4.08228
    endloop
  endfacet
  facet normal 0 -1 0
    outer loop
      vertex -19.3728 48 8
      vertex -12.456 48 2.47765
      vertex -12.2673 48 3.28699
    endloop
  endfacet
  facet normal 0 -1 0
    outer loop
      vertex -19.3728 48 8
      vertex -12.5913 48 1.65767
      vertex -12.456 48 2.47765
    endloop
  endfacet
  facet normal 0 -1 0
    outer loop
      vertex -12.7 48 0
      vertex -19.3728 48 8
      vertex -36.9603 48 0
    endloop
  endfacet
  facet normal 0 -1 0
    outer loop
      vertex -19.3728 48 8
      vertex -12.6728 48 0.830612
      vertex -12.5913 48 1.65767
    endloop
  endfacet
  facet normal 0 -1 0
    outer loop
      vertex -19.3728 48 8
      vertex -12.7 48 0
      vertex -12.6728 48 0.830612
    endloop
  endfacet
  facet normal 0 -1 0
    outer loop
      vertex 0 48 17.9603
      vertex 0 48 20.9603
      vertex -1.37086 48 20.9155
    endloop
  endfacet
  facet normal 0 -1 0
    outer loop
      vertex 0 48 17.9603
      vertex -1.37086 48 20.9155
      vertex -2.73587 48 20.781
    endloop
  endfacet
  facet normal 0 -1 0
    outer loop
      vertex 0 48 20.9603
      vertex 0 48 17.9603
      vertex 1.37086 48 20.9155
    endloop
  endfacet
  facet normal 0 -1 0
    outer loop
      vertex 0 48 17.9603
      vertex -2.73587 48 20.781
      vertex -4.08916 48 20.5576
    endloop
  endfacet
  facet normal 0 -1 -0
    outer loop
      vertex 1.37086 48 20.9155
      vertex 0 48 17.9603
      vertex 2.73587 48 20.781
    endloop
  endfacet
  facet normal 0 -1 0
    outer loop
      vertex 0 48 17.9603
      vertex -4.08916 48 20.5576
      vertex -5.42493 48 20.2461
    endloop
  endfacet
  facet normal 0 -1 -0
    outer loop
      vertex 2.73587 48 20.781
      vertex 0 48 17.9603
      vertex 4.08916 48 20.5576
    endloop
  endfacet
  facet normal 0 -1 0
    outer loop
      vertex 0 48 17.9603
      vertex -5.42493 48 20.2461
      vertex -6.73747 48 19.848
    endloop
  endfacet
  facet normal 0 -1 -0
    outer loop
      vertex 4.08916 48 20.5576
      vertex 0 48 17.9603
      vertex 5.42493 48 20.2461
    endloop
  endfacet
  facet normal 0 -1 0
    outer loop
      vertex -8.97737 48 8.98296
      vertex -6.73747 48 19.848
      vertex -8.02116 48 19.3648
    endloop
  endfacet
  facet normal 0 -1 -0
    outer loop
      vertex 5.42493 48 20.2461
      vertex 0 48 17.9603
      vertex 6.73747 48 19.848
    endloop
  endfacet
  facet normal 0 -1 0
    outer loop
      vertex -8.97737 48 8.98296
      vertex -8.02116 48 19.3648
      vertex -9.27051 48 18.7988
    endloop
  endfacet
  facet normal 0 -1 0
    outer loop
      vertex 8.97737 48 8.98296
      vertex 6.73747 48 19.848
      vertex 0 48 17.9603
    endloop
  endfacet
  facet normal 0 -1 0
    outer loop
      vertex -8.97737 48 8.98296
      vertex -9.27051 48 18.7988
      vertex -10.4802 48 18.1522
    endloop
  endfacet
  facet normal 0 -1 0
    outer loop
      vertex 6.73747 48 19.848
      vertex 8.97737 48 8.98296
      vertex 8.02116 48 19.3648
    endloop
  endfacet
  facet normal 0 -1 0
    outer loop
      vertex 8.02116 48 19.3648
      vertex 8.97737 48 8.98296
      vertex 9.27051 48 18.7988
    endloop
  endfacet
  facet normal 0 -1 0
    outer loop
      vertex -8.97737 48 8.98296
      vertex -10.4802 48 18.1522
      vertex -11.6449 48 17.4279
    endloop
  endfacet
  facet normal 0 -1 0
    outer loop
      vertex -8.97737 48 8.98296
      vertex -11.6449 48 17.4279
      vertex -12.7598 48 16.629
    endloop
  endfacet
  facet normal 0 -1 0
    outer loop
      vertex -8.97737 48 8.98296
      vertex -12.7598 48 16.629
      vertex -13.8201 48 15.7588
    endloop
  endfacet
  facet normal 0 -1 0
    outer loop
      vertex -8.97737 48 8.98296
      vertex -13.8201 48 15.7588
      vertex -14.8212 48 14.8212
    endloop
  endfacet
  facet normal 0 -1 0
    outer loop
      vertex -8.98026 48 8.98026
      vertex -14.8212 48 14.8212
      vertex -15.7588 48 13.8201
    endloop
  endfacet
  facet normal 0 -1 0
    outer loop
      vertex -9.54836 48 8.37369
      vertex -15.7588 48 13.8201
      vertex -16.629 48 12.7598
    endloop
  endfacet
  facet normal 0 -1 0
    outer loop
      vertex -10.0756 48 7.73126
      vertex -16.629 48 12.7598
      vertex -17.4279 48 11.6449
    endloop
  endfacet
  facet normal 0 -1 0
    outer loop
      vertex -10.0756 48 7.73126
      vertex -17.4279 48 11.6449
      vertex -18.1522 48 10.4802
    endloop
  endfacet
  facet normal 0 -1 0
    outer loop
      vertex -10.0756 48 7.73126
      vertex -18.1522 48 10.4802
      vertex -18.7988 48 9.27051
    endloop
  endfacet
  facet normal 0 -1 -0
    outer loop
      vertex -6.73747 48 19.848
      vertex -8.97737 48 8.98296
      vertex 0 48 17.9603
    endloop
  endfacet
  facet normal 0 -1 0
    outer loop
      vertex -14.8212 48 14.8212
      vertex -8.98026 48 8.98026
      vertex -8.97737 48 8.98296
    endloop
  endfacet
  facet normal 0 -1 0
    outer loop
      vertex -15.7588 48 13.8201
      vertex -9.54836 48 8.37369
      vertex -8.98026 48 8.98026
    endloop
  endfacet
  facet normal 0 -1 0
    outer loop
      vertex -10.0756 48 7.73126
      vertex -18.7988 48 9.27051
      vertex -19.3648 48 8.02116
    endloop
  endfacet
  facet normal 0 -1 0
    outer loop
      vertex -10.0756 48 7.73126
      vertex -19.3648 48 8.02116
      vertex -19.3728 48 8
    endloop
  endfacet
  facet normal 0 -1 0
    outer loop
      vertex -16.629 48 12.7598
      vertex -10.0756 48 7.73126
      vertex -9.54836 48 8.37369
    endloop
  endfacet
  facet normal 0 -1 -0
    outer loop
      vertex 9.27051 48 18.7988
      vertex 8.97737 48 8.98296
      vertex 10.4802 48 18.1522
    endloop
  endfacet
  facet normal 0 -1 -0
    outer loop
      vertex 10.4802 48 18.1522
      vertex 8.97737 48 8.98296
      vertex 11.6449 48 17.4279
    endloop
  endfacet
  facet normal 0 -1 -0
    outer loop
      vertex 11.6449 48 17.4279
      vertex 8.97737 48 8.98296
      vertex 12.7598 48 16.629
    endloop
  endfacet
  facet normal 0 -1 -0
    outer loop
      vertex 12.7598 48 16.629
      vertex 8.97737 48 8.98296
      vertex 13.8201 48 15.7588
    endloop
  endfacet
  facet normal 0 -1 -0
    outer loop
      vertex 13.8201 48 15.7588
      vertex 8.97737 48 8.98296
      vertex 14.8212 48 14.8212
    endloop
  endfacet
  facet normal 0 -1 0
    outer loop
      vertex 8.98026 48 8.98026
      vertex 14.8212 48 14.8212
      vertex 8.97737 48 8.98296
    endloop
  endfacet
  facet normal 0 -1 -0
    outer loop
      vertex 14.8212 48 14.8212
      vertex 8.98026 48 8.98026
      vertex 15.7588 48 13.8201
    endloop
  endfacet
  facet normal 0 -1 0
    outer loop
      vertex 9.54836 48 8.37369
      vertex 15.7588 48 13.8201
      vertex 8.98026 48 8.98026
    endloop
  endfacet
  facet normal 0 -1 -0
    outer loop
      vertex 15.7588 48 13.8201
      vertex 9.54836 48 8.37369
      vertex 16.629 48 12.7598
    endloop
  endfacet
  facet normal 0 -1 0
    outer loop
      vertex 10.0756 48 7.73126
      vertex 16.629 48 12.7598
      vertex 9.54836 48 8.37369
    endloop
  endfacet
  facet normal 0 -1 -0
    outer loop
      vertex 16.629 48 12.7598
      vertex 10.0756 48 7.73126
      vertex 17.4279 48 11.6449
    endloop
  endfacet
  facet normal 0 -1 0
    outer loop
      vertex 10.5597 48 7.05574
      vertex 17.4279 48 11.6449
      vertex 10.0756 48 7.73126
    endloop
  endfacet
  facet normal 0 -1 -0
    outer loop
      vertex 17.4279 48 11.6449
      vertex 10.5597 48 7.05574
      vertex 18.1522 48 10.4802
    endloop
  endfacet
  facet normal 0 -1 0
    outer loop
      vertex 10.9985 48 6.34999
      vertex 18.1522 48 10.4802
      vertex 10.5597 48 7.05574
    endloop
  endfacet
  facet normal 0 -1 -0
    outer loop
      vertex 18.1522 48 10.4802
      vertex 10.9985 48 6.34999
      vertex 18.7988 48 9.27051
    endloop
  endfacet
  facet normal 0 -1 0
    outer loop
      vertex 11.3903 48 5.61707
      vertex 18.7988 48 9.27051
      vertex 10.9985 48 6.34999
    endloop
  endfacet
  facet normal 0 -1 -0
    outer loop
      vertex 18.7988 48 9.27051
      vertex 11.3903 48 5.61707
      vertex 19.3648 48 8.02116
    endloop
  endfacet
  facet normal 0 -1 0
    outer loop
      vertex 11.7333 48 4.86008
      vertex 19.3648 48 8.02116
      vertex 11.3903 48 5.61707
    endloop
  endfacet
  facet normal 0 -1 -0
    outer loop
      vertex 19.3648 48 8.02116
      vertex 11.7333 48 4.86008
      vertex 19.3728 48 8
    endloop
  endfacet
  facet normal 0 -1 0
    outer loop
      vertex 12.026 48 4.08228
      vertex 19.3728 48 8
      vertex 11.7333 48 4.86008
    endloop
  endfacet
  facet normal 0 -1 0
    outer loop
      vertex 12.2673 48 3.28699
      vertex 19.3728 48 8
      vertex 12.026 48 4.08228
    endloop
  endfacet
  facet normal 0 -1 0
    outer loop
      vertex 12.456 48 2.47765
      vertex 19.3728 48 8
      vertex 12.2673 48 3.28699
    endloop
  endfacet
  facet normal 0 -1 0
    outer loop
      vertex 12.5913 48 1.65767
      vertex 19.3728 48 8
      vertex 12.456 48 2.47765
    endloop
  endfacet
  facet normal 0 -1 0
    outer loop
      vertex 12.6728 48 0.830612
      vertex 19.3728 48 8
      vertex 12.5913 48 1.65767
    endloop
  endfacet
  facet normal 0 -1 0
    outer loop
      vertex 12.7 48 0
      vertex 19.3728 48 8
      vertex 12.6728 48 0.830612
    endloop
  endfacet
  facet normal 0 -1 -0
    outer loop
      vertex 19.3728 48 8
      vertex 12.7 48 0
      vertex 52.9603 48 0
    endloop
  endfacet
  facet normal 0 -1 0
    outer loop
      vertex 19.3728 48 8
      vertex 52.9603 48 0
      vertex 52.9603 48 8
    endloop
  endfacet
  facet normal 0.99518 0 -0.0980671
    outer loop
      vertex -12.5913 48 1.65767
      vertex -12.6728 88 0.830612
      vertex -12.5913 88 1.65767
    endloop
  endfacet
  facet normal 0.99518 0 -0.0980671
    outer loop
      vertex -12.6728 88 0.830612
      vertex -12.5913 48 1.65767
      vertex -12.6728 48 0.830612
    endloop
  endfacet
  facet normal 0.986659 0 -0.162803
    outer loop
      vertex -12.456 48 2.47765
      vertex -12.5913 88 1.65767
      vertex -12.456 88 2.47765
    endloop
  endfacet
  facet normal 0.986659 0 -0.162803
    outer loop
      vertex -12.5913 88 1.65767
      vertex -12.456 48 2.47765
      vertex -12.5913 48 1.65767
    endloop
  endfacet
  facet normal 0.97388 0 -0.227063
    outer loop
      vertex -12.2673 48 3.28699
      vertex -12.456 88 2.47765
      vertex -12.2673 88 3.28699
    endloop
  endfacet
  facet normal 0.97388 0 -0.227063
    outer loop
      vertex -12.456 88 2.47765
      vertex -12.2673 48 3.28699
      vertex -12.456 48 2.47765
    endloop
  endfacet
  facet normal 0.956923 0 -0.290341
    outer loop
      vertex -12.026 48 4.08228
      vertex -12.2673 88 3.28699
      vertex -12.026 88 4.08228
    endloop
  endfacet
  facet normal 0.956923 0 -0.290341
    outer loop
      vertex -12.2673 88 3.28699
      vertex -12.026 48 4.08228
      vertex -12.2673 48 3.28699
    endloop
  endfacet
  facet normal 0.935923 0 -0.352205
    outer loop
      vertex -11.7333 48 4.86008
      vertex -12.026 88 4.08228
      vertex -11.7333 88 4.86008
    endloop
  endfacet
  facet normal 0.935923 0 -0.352205
    outer loop
      vertex -12.026 88 4.08228
      vertex -11.7333 48 4.86008
      vertex -12.026 48 4.08228
    endloop
  endfacet
  facet normal 0.910858 0 -0.412719
    outer loop
      vertex -11.3903 48 5.61707
      vertex -11.7333 88 4.86008
      vertex -11.3903 88 5.61707
    endloop
  endfacet
  facet normal 0.910858 0 -0.412719
    outer loop
      vertex -11.7333 88 4.86008
      vertex -11.3903 48 5.61707
      vertex -11.7333 48 4.86008
    endloop
  endfacet
  facet normal 0.881898 0 -0.47144
    outer loop
      vertex -10.9985 48 6.34999
      vertex -11.3903 88 5.61707
      vertex -10.9985 88 6.34999
    endloop
  endfacet
  facet normal 0.881898 0 -0.47144
    outer loop
      vertex -11.3903 88 5.61707
      vertex -10.9985 48 6.34999
      vertex -11.3903 48 5.61707
    endloop
  endfacet
  facet normal 0.849236 0 -0.528013
    outer loop
      vertex -10.5597 48 7.05574
      vertex -10.9985 88 6.34999
      vertex -10.5597 88 7.05574
    endloop
  endfacet
  facet normal 0.849236 0 -0.528013
    outer loop
      vertex -10.9985 88 6.34999
      vertex -10.5597 48 7.05574
      vertex -10.9985 48 6.34999
    endloop
  endfacet
  facet normal 0.81283 0 -0.582501
    outer loop
      vertex -10.0756 48 7.73126
      vertex -10.5597 88 7.05574
      vertex -10.0756 88 7.73126
    endloop
  endfacet
  facet normal 0.81283 0 -0.582501
    outer loop
      vertex -10.5597 88 7.05574
      vertex -10.0756 48 7.73126
      vertex -10.5597 48 7.05574
    endloop
  endfacet
  facet normal 0.773004 0 -0.634401
    outer loop
      vertex -9.54836 48 8.37369
      vertex -10.0756 88 7.73126
      vertex -9.54836 88 8.37369
    endloop
  endfacet
  facet normal 0.773004 0 -0.634401
    outer loop
      vertex -10.0756 88 7.73126
      vertex -9.54836 48 8.37369
      vertex -10.0756 48 7.73126
    endloop
  endfacet
  facet normal 0.729873 0 -0.683583
    outer loop
      vertex -8.98026 48 8.98026
      vertex -9.54836 88 8.37369
      vertex -8.98026 88 8.98026
    endloop
  endfacet
  facet normal 0.729873 0 -0.683583
    outer loop
      vertex -9.54836 88 8.37369
      vertex -8.98026 48 8.98026
      vertex -9.54836 48 8.37369
    endloop
  endfacet
  facet normal 0.682679 0 -0.730719
    outer loop
      vertex -8.98026 48 8.98026
      vertex -8.97737 88 8.98296
      vertex -8.97737 48 8.98296
    endloop
  endfacet
  facet normal 0.682679 0 -0.730719
    outer loop
      vertex -8.97737 88 8.98296
      vertex -8.98026 48 8.98026
      vertex -8.98026 88 8.98026
    endloop
  endfacet
  facet normal 0.707106 0 -0.707108
    outer loop
      vertex 0 48 17.9603
      vertex -8.97737 88 8.98296
      vertex 0 88 17.9603
    endloop
  endfacet
  facet normal 0.707106 0 -0.707108
    outer loop
      vertex -8.97737 88 8.98296
      vertex 0 48 17.9603
      vertex -8.97737 48 8.98296
    endloop
  endfacet
  facet normal -0.707106 0 -0.707108
    outer loop
      vertex 8.97737 48 8.98296
      vertex 0 88 17.9603
      vertex 8.97737 88 8.98296
    endloop
  endfacet
  facet normal -0.707106 -0 -0.707108
    outer loop
      vertex 0 88 17.9603
      vertex 8.97737 48 8.98296
      vertex 0 48 17.9603
    endloop
  endfacet
  facet normal -0.682679 0 -0.730719
    outer loop
      vertex 8.97737 48 8.98296
      vertex 8.98026 88 8.98026
      vertex 8.98026 48 8.98026
    endloop
  endfacet
  facet normal -0.682679 0 -0.730719
    outer loop
      vertex 8.98026 88 8.98026
      vertex 8.97737 48 8.98296
      vertex 8.97737 88 8.98296
    endloop
  endfacet
  facet normal -0.729873 0 -0.683583
    outer loop
      vertex 9.54836 48 8.37369
      vertex 8.98026 88 8.98026
      vertex 9.54836 88 8.37369
    endloop
  endfacet
  facet normal -0.729873 -0 -0.683583
    outer loop
      vertex 8.98026 88 8.98026
      vertex 9.54836 48 8.37369
      vertex 8.98026 48 8.98026
    endloop
  endfacet
  facet normal -0.773004 0 -0.634401
    outer loop
      vertex 10.0756 48 7.73126
      vertex 9.54836 88 8.37369
      vertex 10.0756 88 7.73126
    endloop
  endfacet
  facet normal -0.773004 -0 -0.634401
    outer loop
      vertex 9.54836 88 8.37369
      vertex 10.0756 48 7.73126
      vertex 9.54836 48 8.37369
    endloop
  endfacet
  facet normal -0.81283 0 -0.582501
    outer loop
      vertex 10.5597 48 7.05574
      vertex 10.0756 88 7.73126
      vertex 10.5597 88 7.05574
    endloop
  endfacet
  facet normal -0.81283 -0 -0.582501
    outer loop
      vertex 10.0756 88 7.73126
      vertex 10.5597 48 7.05574
      vertex 10.0756 48 7.73126
    endloop
  endfacet
  facet normal -0.849236 0 -0.528013
    outer loop
      vertex 10.9985 48 6.34999
      vertex 10.5597 88 7.05574
      vertex 10.9985 88 6.34999
    endloop
  endfacet
  facet normal -0.849236 -0 -0.528013
    outer loop
      vertex 10.5597 88 7.05574
      vertex 10.9985 48 6.34999
      vertex 10.5597 48 7.05574
    endloop
  endfacet
  facet normal -0.881898 0 -0.47144
    outer loop
      vertex 11.3903 48 5.61707
      vertex 10.9985 88 6.34999
      vertex 11.3903 88 5.61707
    endloop
  endfacet
  facet normal -0.881898 -0 -0.47144
    outer loop
      vertex 10.9985 88 6.34999
      vertex 11.3903 48 5.61707
      vertex 10.9985 48 6.34999
    endloop
  endfacet
  facet normal -0.910858 0 -0.412719
    outer loop
      vertex 11.7333 48 4.86008
      vertex 11.3903 88 5.61707
      vertex 11.7333 88 4.86008
    endloop
  endfacet
  facet normal -0.910858 -0 -0.412719
    outer loop
      vertex 11.3903 88 5.61707
      vertex 11.7333 48 4.86008
      vertex 11.3903 48 5.61707
    endloop
  endfacet
  facet normal -0.935923 0 -0.352205
    outer loop
      vertex 12.026 48 4.08228
      vertex 11.7333 88 4.86008
      vertex 12.026 88 4.08228
    endloop
  endfacet
  facet normal -0.935923 -0 -0.352205
    outer loop
      vertex 11.7333 88 4.86008
      vertex 12.026 48 4.08228
      vertex 11.7333 48 4.86008
    endloop
  endfacet
  facet normal -0.956923 0 -0.290341
    outer loop
      vertex 12.2673 48 3.28699
      vertex 12.026 88 4.08228
      vertex 12.2673 88 3.28699
    endloop
  endfacet
  facet normal -0.956923 -0 -0.290341
    outer loop
      vertex 12.026 88 4.08228
      vertex 12.2673 48 3.28699
      vertex 12.026 48 4.08228
    endloop
  endfacet
  facet normal -0.97388 0 -0.227063
    outer loop
      vertex 12.456 48 2.47765
      vertex 12.2673 88 3.28699
      vertex 12.456 88 2.47765
    endloop
  endfacet
  facet normal -0.97388 -0 -0.227063
    outer loop
      vertex 12.2673 88 3.28699
      vertex 12.456 48 2.47765
      vertex 12.2673 48 3.28699
    endloop
  endfacet
  facet normal -0.986659 0 -0.162803
    outer loop
      vertex 12.5913 48 1.65767
      vertex 12.456 88 2.47765
      vertex 12.5913 88 1.65767
    endloop
  endfacet
  facet normal -0.986659 -0 -0.162803
    outer loop
      vertex 12.456 88 2.47765
      vertex 12.5913 48 1.65767
      vertex 12.456 48 2.47765
    endloop
  endfacet
  facet normal -0.99518 0 -0.0980671
    outer loop
      vertex 12.6728 48 0.830612
      vertex 12.5913 88 1.65767
      vertex 12.6728 88 0.830612
    endloop
  endfacet
  facet normal -0.99518 -0 -0.0980671
    outer loop
      vertex 12.5913 88 1.65767
      vertex 12.6728 48 0.830612
      vertex 12.5913 48 1.65767
    endloop
  endfacet
  facet normal -0.999464 0 -0.0327294
    outer loop
      vertex 12.7 48 0
      vertex 12.6728 88 0.830612
      vertex 12.7 88 0
    endloop
  endfacet
  facet normal -0.999464 -0 -0.0327294
    outer loop
      vertex 12.6728 88 0.830612
      vertex 12.7 48 0
      vertex 12.6728 48 0.830612
    endloop
  endfacet
  facet normal 0 0 -1
    outer loop
      vertex 52.9603 48 0
      vertex 49.4603 68 0
      vertex 52.9603 88 0
    endloop
  endfacet
  facet normal 0 0 -1
    outer loop
      vertex 52.9603 48 0
      vertex 49.4464 67.5749 0
      vertex 49.4603 68 0
    endloop
  endfacet
  facet normal 0 0 -1
    outer loop
      vertex 52.9603 48 0
      vertex 49.4047 67.1516 0
      vertex 49.4464 67.5749 0
    endloop
  endfacet
  facet normal 0 0 -1
    outer loop
      vertex 52.9603 48 0
      vertex 49.3354 66.7319 0
      vertex 49.4047 67.1516 0
    endloop
  endfacet
  facet normal 0 0 -1
    outer loop
      vertex 52.9603 48 0
      vertex 49.2389 66.3177 0
      vertex 49.3354 66.7319 0
    endloop
  endfacet
  facet normal 0 0 -1
    outer loop
      vertex 52.9603 48 0
      vertex 49.1154 65.9106 0
      vertex 49.2389 66.3177 0
    endloop
  endfacet
  facet normal 0 0 -1
    outer loop
      vertex 52.9603 48 0
      vertex 48.9656 65.5126 0
      vertex 49.1154 65.9106 0
    endloop
  endfacet
  facet normal 0 0 -1
    outer loop
      vertex 52.9603 48 0
      vertex 48.79 65.1251 0
      vertex 48.9656 65.5126 0
    endloop
  endfacet
  facet normal 0 0 -1
    outer loop
      vertex 52.9603 48 0
      vertex 48.5895 64.75 0
      vertex 48.79 65.1251 0
    endloop
  endfacet
  facet normal 0 0 -1
    outer loop
      vertex 52.9603 48 0
      vertex 48.3649 64.3888 0
      vertex 48.5895 64.75 0
    endloop
  endfacet
  facet normal 0 0 -1
    outer loop
      vertex 52.9603 48 0
      vertex 48.1171 64.0431 0
      vertex 48.3649 64.3888 0
    endloop
  endfacet
  facet normal 0 0 -1
    outer loop
      vertex 52.9603 48 0
      vertex 47.8473 63.7143 0
      vertex 48.1171 64.0431 0
    endloop
  endfacet
  facet normal 0 0 -1
    outer loop
      vertex 52.9603 48 0
      vertex 47.5565 63.4038 0
      vertex 47.8473 63.7143 0
    endloop
  endfacet
  facet normal 0 0 -1
    outer loop
      vertex 52.9603 48 0
      vertex 47.2461 63.113 0
      vertex 47.5565 63.4038 0
    endloop
  endfacet
  facet normal 0 0 -1
    outer loop
      vertex 52.9603 48 0
      vertex 46.9173 62.8432 0
      vertex 47.2461 63.113 0
    endloop
  endfacet
  facet normal 0 0 -1
    outer loop
      vertex 52.9603 48 0
      vertex 46.5715 62.5954 0
      vertex 46.9173 62.8432 0
    endloop
  endfacet
  facet normal 0 0 -1
    outer loop
      vertex 52.9603 48 0
      vertex 46.2103 62.3708 0
      vertex 46.5715 62.5954 0
    endloop
  endfacet
  facet normal 0 0 -1
    outer loop
      vertex 52.9603 48 0
      vertex 45.8352 62.1703 0
      vertex 46.2103 62.3708 0
    endloop
  endfacet
  facet normal 0 0 -1
    outer loop
      vertex 52.9603 48 0
      vertex 45.4478 61.9948 0
      vertex 45.8352 62.1703 0
    endloop
  endfacet
  facet normal 0 0 -1
    outer loop
      vertex 52.9603 48 0
      vertex 45.0497 61.845 0
      vertex 45.4478 61.9948 0
    endloop
  endfacet
  facet normal 0 0 -1
    outer loop
      vertex 52.9603 48 0
      vertex 44.6427 61.7215 0
      vertex 45.0497 61.845 0
    endloop
  endfacet
  facet normal 0 0 -1
    outer loop
      vertex 52.9603 48 0
      vertex 44.2284 61.6249 0
      vertex 44.6427 61.7215 0
    endloop
  endfacet
  facet normal 0 0 -1
    outer loop
      vertex 52.9603 48 0
      vertex 43.8088 61.5556 0
      vertex 44.2284 61.6249 0
    endloop
  endfacet
  facet normal 0 0 -1
    outer loop
      vertex 52.9603 48 0
      vertex 43.3855 61.5139 0
      vertex 43.8088 61.5556 0
    endloop
  endfacet
  facet normal 0 0 -1
    outer loop
      vertex 52.9603 48 0
      vertex 42.9603 61.5 0
      vertex 43.3855 61.5139 0
    endloop
  endfacet
  facet normal 0 0 -1
    outer loop
      vertex 52.9603 48 0
      vertex 42.5352 61.5139 0
      vertex 42.9603 61.5 0
    endloop
  endfacet
  facet normal 0 0 -1
    outer loop
      vertex 52.9603 48 0
      vertex 42.1119 61.5556 0
      vertex 42.5352 61.5139 0
    endloop
  endfacet
  facet normal 0 0 -1
    outer loop
      vertex 52.9603 48 0
      vertex 41.6923 61.6249 0
      vertex 42.1119 61.5556 0
    endloop
  endfacet
  facet normal 0 0 -1
    outer loop
      vertex 52.9603 48 0
      vertex 41.278 61.7215 0
      vertex 41.6923 61.6249 0
    endloop
  endfacet
  facet normal 0 0 -1
    outer loop
      vertex 52.9603 48 0
      vertex 40.871 61.845 0
      vertex 41.278 61.7215 0
    endloop
  endfacet
  facet normal 0 0 -1
    outer loop
      vertex 52.9603 48 0
      vertex 40.4729 61.9948 0
      vertex 40.871 61.845 0
    endloop
  endfacet
  facet normal 0 0 -1
    outer loop
      vertex 12.7 48 0
      vertex 40.4729 61.9948 0
      vertex 52.9603 48 0
    endloop
  endfacet
  facet normal -0 0 -1
    outer loop
      vertex 40.4729 61.9948 0
      vertex 12.7 48 0
      vertex 40.0855 62.1703 0
    endloop
  endfacet
  facet normal -0 0 -1
    outer loop
      vertex 40.0855 62.1703 0
      vertex 12.7 48 0
      vertex 39.7103 62.3708 0
    endloop
  endfacet
  facet normal -0 0 -1
    outer loop
      vertex 39.7103 62.3708 0
      vertex 12.7 48 0
      vertex 39.3491 62.5954 0
    endloop
  endfacet
  facet normal 0 -0 -1
    outer loop
      vertex 29.1402 65.2559 0
      vertex 39.3491 62.5954 0
      vertex 12.7 48 0
    endloop
  endfacet
  facet normal 0 -0 -1
    outer loop
      vertex 29.3193 65.2735 0
      vertex 39.3491 62.5954 0
      vertex 29.1402 65.2559 0
    endloop
  endfacet
  facet normal 0 0 -1
    outer loop
      vertex 31.7045 67.8201 0
      vertex 36.4603 68 0
      vertex 36.4743 67.5749 0
    endloop
  endfacet
  facet normal 0 0 -1
    outer loop
      vertex 31.6575 67.4635 0
      vertex 36.4743 67.5749 0
      vertex 36.5159 67.1516 0
    endloop
  endfacet
  facet normal 0 0 -1
    outer loop
      vertex 31.6166 67.2882 0
      vertex 36.5159 67.1516 0
      vertex 36.5852 66.7319 0
    endloop
  endfacet
  facet normal 0 0 -1
    outer loop
      vertex 31.501 66.9476 0
      vertex 36.5852 66.7319 0
      vertex 36.6818 66.3177 0
    endloop
  endfacet
  facet normal 0 0 -1
    outer loop
      vertex 31.3419 66.625 0
      vertex 36.6818 66.3177 0
      vertex 36.8053 65.9106 0
    endloop
  endfacet
  facet normal 0 0 -1
    outer loop
      vertex 31.2469 66.4722 0
      vertex 36.8053 65.9106 0
      vertex 36.9551 65.5126 0
    endloop
  endfacet
  facet normal 0 0 -1
    outer loop
      vertex 31.0279 66.1868 0
      vertex 36.9551 65.5126 0
      vertex 37.1307 65.1251 0
    endloop
  endfacet
  facet normal 0 0 -1
    outer loop
      vertex 30.9049 66.0555 0
      vertex 37.1307 65.1251 0
      vertex 37.3312 64.75 0
    endloop
  endfacet
  facet normal 0 0 -1
    outer loop
      vertex 30.6344 65.8183 0
      vertex 37.3312 64.75 0
      vertex 37.5558 64.3888 0
    endloop
  endfacet
  facet normal 0 0 -1
    outer loop
      vertex 30.4882 65.7135 0
      vertex 37.5558 64.3888 0
      vertex 37.8035 64.0431 0
    endloop
  endfacet
  facet normal 0 0 -1
    outer loop
      vertex 30.1766 65.5336 0
      vertex 37.8035 64.0431 0
      vertex 38.0734 63.7143 0
    endloop
  endfacet
  facet normal 0 0 -1
    outer loop
      vertex 30.0127 65.4593 0
      vertex 38.0734 63.7143 0
      vertex 38.3641 63.4038 0
    endloop
  endfacet
  facet normal 0 0 -1
    outer loop
      vertex 39.3491 62.5954 0
      vertex 29.3193 65.2735 0
      vertex 39.0034 62.8432 0
    endloop
  endfacet
  facet normal -0 0 -1
    outer loop
      vertex 36.4603 68 0
      vertex 31.7045 67.8201 0
      vertex 31.7103 68 0
    endloop
  endfacet
  facet normal 0 0 -1
    outer loop
      vertex 36.4743 67.5749 0
      vertex 31.6868 67.6411 0
      vertex 31.7045 67.8201 0
    endloop
  endfacet
  facet normal -0 0 -1
    outer loop
      vertex 36.4743 67.5749 0
      vertex 31.6575 67.4635 0
      vertex 31.6868 67.6411 0
    endloop
  endfacet
  facet normal 0 0 -1
    outer loop
      vertex 36.5159 67.1516 0
      vertex 31.6166 67.2882 0
      vertex 31.6575 67.4635 0
    endloop
  endfacet
  facet normal 0 0 -1
    outer loop
      vertex 36.5852 66.7319 0
      vertex 31.5644 67.116 0
      vertex 31.6166 67.2882 0
    endloop
  endfacet
  facet normal 0 0 -1
    outer loop
      vertex 36.5852 66.7319 0
      vertex 31.501 66.9476 0
      vertex 31.5644 67.116 0
    endloop
  endfacet
  facet normal 0 0 -1
    outer loop
      vertex 36.6818 66.3177 0
      vertex 31.4267 66.7837 0
      vertex 31.501 66.9476 0
    endloop
  endfacet
  facet normal 0 0 -1
    outer loop
      vertex 36.6818 66.3177 0
      vertex 31.3419 66.625 0
      vertex 31.4267 66.7837 0
    endloop
  endfacet
  facet normal 0 0 -1
    outer loop
      vertex 36.8053 65.9106 0
      vertex 31.2469 66.4722 0
      vertex 31.3419 66.625 0
    endloop
  endfacet
  facet normal 0 0 -1
    outer loop
      vertex 36.9551 65.5126 0
      vertex 31.1421 66.3259 0
      vertex 31.2469 66.4722 0
    endloop
  endfacet
  facet normal 0 0 -1
    outer loop
      vertex 36.9551 65.5126 0
      vertex 31.0279 66.1868 0
      vertex 31.1421 66.3259 0
    endloop
  endfacet
  facet normal 0 0 -1
    outer loop
      vertex 37.1307 65.1251 0
      vertex 30.9049 66.0555 0
      vertex 31.0279 66.1868 0
    endloop
  endfacet
  facet normal 0 0 -1
    outer loop
      vertex 37.3312 64.75 0
      vertex 30.7735 65.9324 0
      vertex 30.9049 66.0555 0
    endloop
  endfacet
  facet normal 0 0 -1
    outer loop
      vertex 37.3312 64.75 0
      vertex 30.6344 65.8183 0
      vertex 30.7735 65.9324 0
    endloop
  endfacet
  facet normal 0 0 -1
    outer loop
      vertex 37.5558 64.3888 0
      vertex 30.4882 65.7135 0
      vertex 30.6344 65.8183 0
    endloop
  endfacet
  facet normal 0 0 -1
    outer loop
      vertex 37.8035 64.0431 0
      vertex 30.3353 65.6184 0
      vertex 30.4882 65.7135 0
    endloop
  endfacet
  facet normal 0 0 -1
    outer loop
      vertex 37.8035 64.0431 0
      vertex 30.1766 65.5336 0
      vertex 30.3353 65.6184 0
    endloop
  endfacet
  facet normal 0 0 -1
    outer loop
      vertex 38.0734 63.7143 0
      vertex 30.0127 65.4593 0
      vertex 30.1766 65.5336 0
    endloop
  endfacet
  facet normal 0 0 -1
    outer loop
      vertex 38.3641 63.4038 0
      vertex 29.8443 65.3959 0
      vertex 30.0127 65.4593 0
    endloop
  endfacet
  facet normal 0 0 -1
    outer loop
      vertex 38.3641 63.4038 0
      vertex 29.6721 65.3437 0
      vertex 29.8443 65.3959 0
    endloop
  endfacet
  facet normal 0 0 -1
    outer loop
      vertex 38.6746 63.113 0
      vertex 29.6721 65.3437 0
      vertex 38.3641 63.4038 0
    endloop
  endfacet
  facet normal 0 -0 -1
    outer loop
      vertex 29.6721 65.3437 0
      vertex 38.6746 63.113 0
      vertex 29.4968 65.3028 0
    endloop
  endfacet
  facet normal 0 -0 -1
    outer loop
      vertex 29.4968 65.3028 0
      vertex 39.0034 62.8432 0
      vertex 29.3193 65.2735 0
    endloop
  endfacet
  facet normal 0 0 -1
    outer loop
      vertex 39.0034 62.8432 0
      vertex 29.4968 65.3028 0
      vertex 38.6746 63.113 0
    endloop
  endfacet
  facet normal 0 0 -1
    outer loop
      vertex 29.1402 65.2559 0
      vertex 12.7 48 0
      vertex 28.9603 65.25 0
    endloop
  endfacet
  facet normal -0 0 -1
    outer loop
      vertex 28.9603 65.25 0
      vertex 12.7 48 0
      vertex 28.7805 65.2559 0
    endloop
  endfacet
  facet normal -0 0 -1
    outer loop
      vertex 28.7805 65.2559 0
      vertex 12.7 48 0
      vertex 28.6014 65.2735 0
    endloop
  endfacet
  facet normal -0 0 -1
    outer loop
      vertex 28.6014 65.2735 0
      vertex 12.7 48 0
      vertex 28.4238 65.3028 0
    endloop
  endfacet
  facet normal -0 0 -1
    outer loop
      vertex 28.4238 65.3028 0
      vertex 12.7 48 0
      vertex 28.2486 65.3437 0
    endloop
  endfacet
  facet normal -0 0 -1
    outer loop
      vertex 28.2486 65.3437 0
      vertex 12.7 48 0
      vertex 28.0764 65.3959 0
    endloop
  endfacet
  facet normal -0 0 -1
    outer loop
      vertex 28.0764 65.3959 0
      vertex 12.7 48 0
      vertex 27.908 65.4593 0
    endloop
  endfacet
  facet normal -0 0 -1
    outer loop
      vertex 27.908 65.4593 0
      vertex 12.7 48 0
      vertex 27.744 65.5336 0
    endloop
  endfacet
  facet normal -0 0 -1
    outer loop
      vertex 27.744 65.5336 0
      vertex 12.7 48 0
      vertex 27.5853 65.6184 0
    endloop
  endfacet
  facet normal -0 0 -1
    outer loop
      vertex 26.2162 67.8201 0
      vertex 12.7 48 0
      vertex 26.2103 68 0
    endloop
  endfacet
  facet normal -0 0 -1
    outer loop
      vertex 26.2339 67.6411 0
      vertex 12.7 48 0
      vertex 26.2162 67.8201 0
    endloop
  endfacet
  facet normal -0 0 -1
    outer loop
      vertex 26.2632 67.4635 0
      vertex 12.7 48 0
      vertex 26.2339 67.6411 0
    endloop
  endfacet
  facet normal -0 0 -1
    outer loop
      vertex 26.304 67.2882 0
      vertex 12.7 48 0
      vertex 26.2632 67.4635 0
    endloop
  endfacet
  facet normal -0 0 -1
    outer loop
      vertex 26.3563 67.116 0
      vertex 12.7 48 0
      vertex 26.304 67.2882 0
    endloop
  endfacet
  facet normal -0 0 -1
    outer loop
      vertex 26.4197 66.9476 0
      vertex 12.7 48 0
      vertex 26.3563 67.116 0
    endloop
  endfacet
  facet normal -0 0 -1
    outer loop
      vertex 26.4939 66.7837 0
      vertex 12.7 48 0
      vertex 26.4197 66.9476 0
    endloop
  endfacet
  facet normal -0 0 -1
    outer loop
      vertex 26.5788 66.625 0
      vertex 12.7 48 0
      vertex 26.4939 66.7837 0
    endloop
  endfacet
  facet normal -0 0 -1
    outer loop
      vertex 26.6738 66.4722 0
      vertex 12.7 48 0
      vertex 26.5788 66.625 0
    endloop
  endfacet
  facet normal -0 0 -1
    outer loop
      vertex 26.7786 66.3259 0
      vertex 12.7 48 0
      vertex 26.6738 66.4722 0
    endloop
  endfacet
  facet normal -0 0 -1
    outer loop
      vertex 26.8928 66.1868 0
      vertex 12.7 48 0
      vertex 26.7786 66.3259 0
    endloop
  endfacet
  facet normal -0 0 -1
    outer loop
      vertex 27.0158 66.0555 0
      vertex 12.7 48 0
      vertex 26.8928 66.1868 0
    endloop
  endfacet
  facet normal -0 0 -1
    outer loop
      vertex 27.1471 65.9324 0
      vertex 12.7 48 0
      vertex 27.0158 66.0555 0
    endloop
  endfacet
  facet normal -0 0 -1
    outer loop
      vertex 27.2862 65.8183 0
      vertex 12.7 48 0
      vertex 27.1471 65.9324 0
    endloop
  endfacet
  facet normal -0 0 -1
    outer loop
      vertex 27.4325 65.7135 0
      vertex 12.7 48 0
      vertex 27.2862 65.8183 0
    endloop
  endfacet
  facet normal -0 0 -1
    outer loop
      vertex 27.5853 65.6184 0
      vertex 12.7 48 0
      vertex 27.4325 65.7135 0
    endloop
  endfacet
  facet normal 0 0 -1
    outer loop
      vertex 49.4464 68.4251 0
      vertex 52.9603 88 0
      vertex 49.4603 68 0
    endloop
  endfacet
  facet normal 0 0 -1
    outer loop
      vertex 49.4047 68.8484 0
      vertex 52.9603 88 0
      vertex 49.4464 68.4251 0
    endloop
  endfacet
  facet normal 0 0 -1
    outer loop
      vertex 49.3354 69.2681 0
      vertex 52.9603 88 0
      vertex 49.4047 68.8484 0
    endloop
  endfacet
  facet normal 0 0 -1
    outer loop
      vertex 49.2389 69.6823 0
      vertex 52.9603 88 0
      vertex 49.3354 69.2681 0
    endloop
  endfacet
  facet normal 0 0 -1
    outer loop
      vertex 49.1154 70.0894 0
      vertex 52.9603 88 0
      vertex 49.2389 69.6823 0
    endloop
  endfacet
  facet normal 0 0 -1
    outer loop
      vertex 48.9656 70.4874 0
      vertex 52.9603 88 0
      vertex 49.1154 70.0894 0
    endloop
  endfacet
  facet normal 0 0 -1
    outer loop
      vertex 48.79 70.8749 0
      vertex 52.9603 88 0
      vertex 48.9656 70.4874 0
    endloop
  endfacet
  facet normal 0 0 -1
    outer loop
      vertex 48.5895 71.25 0
      vertex 52.9603 88 0
      vertex 48.79 70.8749 0
    endloop
  endfacet
  facet normal 0 0 -1
    outer loop
      vertex 48.3649 71.6112 0
      vertex 52.9603 88 0
      vertex 48.5895 71.25 0
    endloop
  endfacet
  facet normal 0 0 -1
    outer loop
      vertex 48.1171 71.9569 0
      vertex 52.9603 88 0
      vertex 48.3649 71.6112 0
    endloop
  endfacet
  facet normal 0 0 -1
    outer loop
      vertex 47.8473 72.2858 0
      vertex 52.9603 88 0
      vertex 48.1171 71.9569 0
    endloop
  endfacet
  facet normal 0 0 -1
    outer loop
      vertex 47.5565 72.5962 0
      vertex 52.9603 88 0
      vertex 47.8473 72.2858 0
    endloop
  endfacet
  facet normal 0 0 -1
    outer loop
      vertex 47.2461 72.887 0
      vertex 52.9603 88 0
      vertex 47.5565 72.5962 0
    endloop
  endfacet
  facet normal 0 0 -1
    outer loop
      vertex 46.9173 73.1568 0
      vertex 52.9603 88 0
      vertex 47.2461 72.887 0
    endloop
  endfacet
  facet normal 0 0 -1
    outer loop
      vertex 46.5715 73.4046 0
      vertex 52.9603 88 0
      vertex 46.9173 73.1568 0
    endloop
  endfacet
  facet normal 0 0 -1
    outer loop
      vertex 46.2103 73.6292 0
      vertex 52.9603 88 0
      vertex 46.5715 73.4046 0
    endloop
  endfacet
  facet normal 0 0 -1
    outer loop
      vertex 45.8352 73.8297 0
      vertex 52.9603 88 0
      vertex 46.2103 73.6292 0
    endloop
  endfacet
  facet normal 0 0 -1
    outer loop
      vertex 45.4478 74.0052 0
      vertex 52.9603 88 0
      vertex 45.8352 73.8297 0
    endloop
  endfacet
  facet normal 0 0 -1
    outer loop
      vertex 45.0497 74.155 0
      vertex 52.9603 88 0
      vertex 45.4478 74.0052 0
    endloop
  endfacet
  facet normal 0 0 -1
    outer loop
      vertex 44.6427 74.2785 0
      vertex 52.9603 88 0
      vertex 45.0497 74.155 0
    endloop
  endfacet
  facet normal 0 0 -1
    outer loop
      vertex 44.2284 74.3751 0
      vertex 52.9603 88 0
      vertex 44.6427 74.2785 0
    endloop
  endfacet
  facet normal 0 0 -1
    outer loop
      vertex 43.8088 74.4444 0
      vertex 52.9603 88 0
      vertex 44.2284 74.3751 0
    endloop
  endfacet
  facet normal 0 0 -1
    outer loop
      vertex 43.3855 74.4861 0
      vertex 52.9603 88 0
      vertex 43.8088 74.4444 0
    endloop
  endfacet
  facet normal 0 0 -1
    outer loop
      vertex 42.9603 74.5 0
      vertex 52.9603 88 0
      vertex 43.3855 74.4861 0
    endloop
  endfacet
  facet normal 0 0 -1
    outer loop
      vertex 42.5352 74.4861 0
      vertex 52.9603 88 0
      vertex 42.9603 74.5 0
    endloop
  endfacet
  facet normal 0 0 -1
    outer loop
      vertex 42.1119 74.4444 0
      vertex 52.9603 88 0
      vertex 42.5352 74.4861 0
    endloop
  endfacet
  facet normal 0 0 -1
    outer loop
      vertex 41.6923 74.3751 0
      vertex 52.9603 88 0
      vertex 42.1119 74.4444 0
    endloop
  endfacet
  facet normal 0 0 -1
    outer loop
      vertex 41.278 74.2785 0
      vertex 52.9603 88 0
      vertex 41.6923 74.3751 0
    endloop
  endfacet
  facet normal 0 0 -1
    outer loop
      vertex 40.871 74.155 0
      vertex 52.9603 88 0
      vertex 41.278 74.2785 0
    endloop
  endfacet
  facet normal 0 0 -1
    outer loop
      vertex 40.4729 74.0052 0
      vertex 52.9603 88 0
      vertex 40.871 74.155 0
    endloop
  endfacet
  facet normal 0 0 -1
    outer loop
      vertex 12.7 88 0
      vertex 40.4729 74.0052 0
      vertex 40.0855 73.8297 0
    endloop
  endfacet
  facet normal 0 0 -1
    outer loop
      vertex 12.7 88 0
      vertex 40.0855 73.8297 0
      vertex 39.7103 73.6292 0
    endloop
  endfacet
  facet normal 0 0 -1
    outer loop
      vertex 12.7 88 0
      vertex 39.7103 73.6292 0
      vertex 39.3491 73.4046 0
    endloop
  endfacet
  facet normal 0 0 -1
    outer loop
      vertex 29.3193 70.7265 0
      vertex 39.3491 73.4046 0
      vertex 39.0034 73.1568 0
    endloop
  endfacet
  facet normal 0 0 -1
    outer loop
      vertex 29.4968 70.6972 0
      vertex 39.0034 73.1568 0
      vertex 38.6746 72.887 0
    endloop
  endfacet
  facet normal 0 0 -1
    outer loop
      vertex 29.6721 70.6563 0
      vertex 38.6746 72.887 0
      vertex 38.3641 72.5962 0
    endloop
  endfacet
  facet normal 0 0 -1
    outer loop
      vertex 31.7045 68.1799 0
      vertex 36.4603 68 0
      vertex 31.7103 68 0
    endloop
  endfacet
  facet normal 0 0 -1
    outer loop
      vertex 36.4603 68 0
      vertex 31.7045 68.1799 0
      vertex 36.4743 68.4251 0
    endloop
  endfacet
  facet normal 0 0 -1
    outer loop
      vertex 31.6868 68.3589 0
      vertex 36.4743 68.4251 0
      vertex 31.7045 68.1799 0
    endloop
  endfacet
  facet normal 0 0 -1
    outer loop
      vertex 31.6575 68.5365 0
      vertex 36.4743 68.4251 0
      vertex 31.6868 68.3589 0
    endloop
  endfacet
  facet normal 0 0 -1
    outer loop
      vertex 36.4743 68.4251 0
      vertex 31.6575 68.5365 0
      vertex 36.5159 68.8484 0
    endloop
  endfacet
  facet normal 0 0 -1
    outer loop
      vertex 31.6166 68.7118 0
      vertex 36.5159 68.8484 0
      vertex 31.6575 68.5365 0
    endloop
  endfacet
  facet normal -0 0 -1
    outer loop
      vertex 36.5159 68.8484 0
      vertex 31.6166 68.7118 0
      vertex 36.5852 69.2681 0
    endloop
  endfacet
  facet normal 0 0 -1
    outer loop
      vertex 31.5644 68.884 0
      vertex 36.5852 69.2681 0
      vertex 31.6166 68.7118 0
    endloop
  endfacet
  facet normal 0 0 -1
    outer loop
      vertex 31.501 69.0524 0
      vertex 36.5852 69.2681 0
      vertex 31.5644 68.884 0
    endloop
  endfacet
  facet normal -0 0 -1
    outer loop
      vertex 36.5852 69.2681 0
      vertex 31.501 69.0524 0
      vertex 36.6818 69.6823 0
    endloop
  endfacet
  facet normal 0 0 -1
    outer loop
      vertex 31.4267 69.2163 0
      vertex 36.6818 69.6823 0
      vertex 31.501 69.0524 0
    endloop
  endfacet
  facet normal 0 0 -1
    outer loop
      vertex 31.3419 69.375 0
      vertex 36.6818 69.6823 0
      vertex 31.4267 69.2163 0
    endloop
  endfacet
  facet normal -0 0 -1
    outer loop
      vertex 36.6818 69.6823 0
      vertex 31.3419 69.375 0
      vertex 36.8053 70.0894 0
    endloop
  endfacet
  facet normal 0 0 -1
    outer loop
      vertex 31.2469 69.5278 0
      vertex 36.8053 70.0894 0
      vertex 31.3419 69.375 0
    endloop
  endfacet
  facet normal -0 0 -1
    outer loop
      vertex 36.8053 70.0894 0
      vertex 31.2469 69.5278 0
      vertex 36.9551 70.4874 0
    endloop
  endfacet
  facet normal 0 0 -1
    outer loop
      vertex 31.1421 69.6741 0
      vertex 36.9551 70.4874 0
      vertex 31.2469 69.5278 0
    endloop
  endfacet
  facet normal 0 0 -1
    outer loop
      vertex 31.0279 69.8132 0
      vertex 36.9551 70.4874 0
      vertex 31.1421 69.6741 0
    endloop
  endfacet
  facet normal -0 0 -1
    outer loop
      vertex 36.9551 70.4874 0
      vertex 31.0279 69.8132 0
      vertex 37.1307 70.8749 0
    endloop
  endfacet
  facet normal 0 0 -1
    outer loop
      vertex 30.9049 69.9445 0
      vertex 37.1307 70.8749 0
      vertex 31.0279 69.8132 0
    endloop
  endfacet
  facet normal -0 0 -1
    outer loop
      vertex 37.1307 70.8749 0
      vertex 30.9049 69.9445 0
      vertex 37.3312 71.25 0
    endloop
  endfacet
  facet normal 0 0 -1
    outer loop
      vertex 30.7735 70.0676 0
      vertex 37.3312 71.25 0
      vertex 30.9049 69.9445 0
    endloop
  endfacet
  facet normal 0 0 -1
    outer loop
      vertex 30.6344 70.1817 0
      vertex 37.3312 71.25 0
      vertex 30.7735 70.0676 0
    endloop
  endfacet
  facet normal -0 0 -1
    outer loop
      vertex 37.3312 71.25 0
      vertex 30.6344 70.1817 0
      vertex 37.5558 71.6112 0
    endloop
  endfacet
  facet normal 0 0 -1
    outer loop
      vertex 30.4882 70.2865 0
      vertex 37.5558 71.6112 0
      vertex 30.6344 70.1817 0
    endloop
  endfacet
  facet normal -0 0 -1
    outer loop
      vertex 37.5558 71.6112 0
      vertex 30.4882 70.2865 0
      vertex 37.8035 71.9569 0
    endloop
  endfacet
  facet normal 0 0 -1
    outer loop
      vertex 30.3353 70.3816 0
      vertex 37.8035 71.9569 0
      vertex 30.4882 70.2865 0
    endloop
  endfacet
  facet normal 0 0 -1
    outer loop
      vertex 30.1766 70.4664 0
      vertex 37.8035 71.9569 0
      vertex 30.3353 70.3816 0
    endloop
  endfacet
  facet normal -0 0 -1
    outer loop
      vertex 37.8035 71.9569 0
      vertex 30.1766 70.4664 0
      vertex 38.0734 72.2858 0
    endloop
  endfacet
  facet normal 0 0 -1
    outer loop
      vertex 30.0127 70.5407 0
      vertex 38.0734 72.2858 0
      vertex 30.1766 70.4664 0
    endloop
  endfacet
  facet normal -0 0 -1
    outer loop
      vertex 38.0734 72.2858 0
      vertex 30.0127 70.5407 0
      vertex 38.3641 72.5962 0
    endloop
  endfacet
  facet normal 0 0 -1
    outer loop
      vertex 29.8443 70.6041 0
      vertex 38.3641 72.5962 0
      vertex 30.0127 70.5407 0
    endloop
  endfacet
  facet normal 0 0 -1
    outer loop
      vertex 29.6721 70.6563 0
      vertex 38.3641 72.5962 0
      vertex 29.8443 70.6041 0
    endloop
  endfacet
  facet normal 0 0 -1
    outer loop
      vertex 38.6746 72.887 0
      vertex 29.6721 70.6563 0
      vertex 29.4968 70.6972 0
    endloop
  endfacet
  facet normal 0 0 -1
    outer loop
      vertex 39.0034 73.1568 0
      vertex 29.4968 70.6972 0
      vertex 29.3193 70.7265 0
    endloop
  endfacet
  facet normal 0 0 -1
    outer loop
      vertex 39.3491 73.4046 0
      vertex 29.3193 70.7265 0
      vertex 29.1402 70.7441 0
    endloop
  endfacet
  facet normal -0 0 -1
    outer loop
      vertex 39.3491 73.4046 0
      vertex 29.1402 70.7441 0
      vertex 12.7 88 0
    endloop
  endfacet
  facet normal 0 0 -1
    outer loop
      vertex 12.7 88 0
      vertex 29.1402 70.7441 0
      vertex 28.9603 70.75 0
    endloop
  endfacet
  facet normal 0 0 -1
    outer loop
      vertex 12.7 88 0
      vertex 28.9603 70.75 0
      vertex 28.7805 70.7441 0
    endloop
  endfacet
  facet normal 0 0 -1
    outer loop
      vertex 12.7 88 0
      vertex 28.7805 70.7441 0
      vertex 28.6014 70.7265 0
    endloop
  endfacet
  facet normal 0 0 -1
    outer loop
      vertex 12.7 88 0
      vertex 28.6014 70.7265 0
      vertex 28.4238 70.6972 0
    endloop
  endfacet
  facet normal 0 0 -1
    outer loop
      vertex 12.7 88 0
      vertex 28.4238 70.6972 0
      vertex 28.2486 70.6563 0
    endloop
  endfacet
  facet normal 0 0 -1
    outer loop
      vertex 12.7 88 0
      vertex 28.2486 70.6563 0
      vertex 28.0764 70.6041 0
    endloop
  endfacet
  facet normal 0 0 -1
    outer loop
      vertex 12.7 88 0
      vertex 28.0764 70.6041 0
      vertex 27.908 70.5407 0
    endloop
  endfacet
  facet normal 0 0 -1
    outer loop
      vertex 12.7 88 0
      vertex 27.908 70.5407 0
      vertex 27.744 70.4664 0
    endloop
  endfacet
  facet normal 0 0 -1
    outer loop
      vertex 12.7 88 0
      vertex 27.744 70.4664 0
      vertex 27.5853 70.3816 0
    endloop
  endfacet
  facet normal 0 0 -1
    outer loop
      vertex 12.7 88 0
      vertex 27.5853 70.3816 0
      vertex 27.4325 70.2865 0
    endloop
  endfacet
  facet normal 0 0 -1
    outer loop
      vertex 12.7 88 0
      vertex 26.2103 68 0
      vertex 12.7 48 0
    endloop
  endfacet
  facet normal 0 0 -1
    outer loop
      vertex 26.2103 68 0
      vertex 12.7 88 0
      vertex 26.2162 68.1799 0
    endloop
  endfacet
  facet normal 0 0 -1
    outer loop
      vertex 26.2162 68.1799 0
      vertex 12.7 88 0
      vertex 26.2339 68.3589 0
    endloop
  endfacet
  facet normal 0 0 -1
    outer loop
      vertex 26.2339 68.3589 0
      vertex 12.7 88 0
      vertex 26.2632 68.5365 0
    endloop
  endfacet
  facet normal 0 0 -1
    outer loop
      vertex 26.2632 68.5365 0
      vertex 12.7 88 0
      vertex 26.304 68.7118 0
    endloop
  endfacet
  facet normal 0 0 -1
    outer loop
      vertex 26.304 68.7118 0
      vertex 12.7 88 0
      vertex 26.3563 68.884 0
    endloop
  endfacet
  facet normal 0 0 -1
    outer loop
      vertex 26.3563 68.884 0
      vertex 12.7 88 0
      vertex 26.4197 69.0524 0
    endloop
  endfacet
  facet normal 0 0 -1
    outer loop
      vertex 26.4197 69.0524 0
      vertex 12.7 88 0
      vertex 26.4939 69.2163 0
    endloop
  endfacet
  facet normal 0 0 -1
    outer loop
      vertex 26.4939 69.2163 0
      vertex 12.7 88 0
      vertex 26.5788 69.375 0
    endloop
  endfacet
  facet normal 0 0 -1
    outer loop
      vertex 40.4729 74.0052 0
      vertex 12.7 88 0
      vertex 52.9603 88 0
    endloop
  endfacet
  facet normal 0 0 -1
    outer loop
      vertex 27.2862 70.1817 0
      vertex 12.7 88 0
      vertex 27.4325 70.2865 0
    endloop
  endfacet
  facet normal 0 0 -1
    outer loop
      vertex 27.1471 70.0676 0
      vertex 12.7 88 0
      vertex 27.2862 70.1817 0
    endloop
  endfacet
  facet normal 0 0 -1
    outer loop
      vertex 27.0158 69.9445 0
      vertex 12.7 88 0
      vertex 27.1471 70.0676 0
    endloop
  endfacet
  facet normal 0 0 -1
    outer loop
      vertex 26.8928 69.8132 0
      vertex 12.7 88 0
      vertex 27.0158 69.9445 0
    endloop
  endfacet
  facet normal 0 0 -1
    outer loop
      vertex 26.7786 69.6741 0
      vertex 12.7 88 0
      vertex 26.8928 69.8132 0
    endloop
  endfacet
  facet normal 0 0 -1
    outer loop
      vertex 26.6738 69.5278 0
      vertex 12.7 88 0
      vertex 26.7786 69.6741 0
    endloop
  endfacet
  facet normal 0 0 -1
    outer loop
      vertex 26.5788 69.375 0
      vertex 12.7 88 0
      vertex 26.6738 69.5278 0
    endloop
  endfacet
  facet normal 1 -0 0
    outer loop
      vertex 52.9603 48 8
      vertex 52.9603 88 0
      vertex 52.9603 88 8
    endloop
  endfacet
  facet normal 1 0 0
    outer loop
      vertex 52.9603 88 0
      vertex 52.9603 48 8
      vertex 52.9603 48 0
    endloop
  endfacet
  facet normal 0 0 1
    outer loop
      vertex 52.9603 88 8
      vertex 49.4603 68 8
      vertex 52.9603 48 8
    endloop
  endfacet
  facet normal 0 0 1
    outer loop
      vertex 52.9603 88 8
      vertex 49.4464 68.4251 8
      vertex 49.4603 68 8
    endloop
  endfacet
  facet normal 0 0 1
    outer loop
      vertex 52.9603 88 8
      vertex 49.4047 68.8484 8
      vertex 49.4464 68.4251 8
    endloop
  endfacet
  facet normal 0 0 1
    outer loop
      vertex 52.9603 88 8
      vertex 49.3354 69.2681 8
      vertex 49.4047 68.8484 8
    endloop
  endfacet
  facet normal 0 0 1
    outer loop
      vertex 52.9603 88 8
      vertex 49.2389 69.6823 8
      vertex 49.3354 69.2681 8
    endloop
  endfacet
  facet normal 0 0 1
    outer loop
      vertex 52.9603 88 8
      vertex 49.1154 70.0894 8
      vertex 49.2389 69.6823 8
    endloop
  endfacet
  facet normal 0 0 1
    outer loop
      vertex 52.9603 88 8
      vertex 48.9656 70.4874 8
      vertex 49.1154 70.0894 8
    endloop
  endfacet
  facet normal 0 0 1
    outer loop
      vertex 52.9603 88 8
      vertex 48.79 70.8749 8
      vertex 48.9656 70.4874 8
    endloop
  endfacet
  facet normal 0 0 1
    outer loop
      vertex 52.9603 88 8
      vertex 48.5895 71.25 8
      vertex 48.79 70.8749 8
    endloop
  endfacet
  facet normal 0 0 1
    outer loop
      vertex 52.9603 88 8
      vertex 48.3649 71.6112 8
      vertex 48.5895 71.25 8
    endloop
  endfacet
  facet normal 0 0 1
    outer loop
      vertex 52.9603 88 8
      vertex 48.1171 71.9569 8
      vertex 48.3649 71.6112 8
    endloop
  endfacet
  facet normal 0 0 1
    outer loop
      vertex 52.9603 88 8
      vertex 47.8473 72.2858 8
      vertex 48.1171 71.9569 8
    endloop
  endfacet
  facet normal 0 0 1
    outer loop
      vertex 52.9603 88 8
      vertex 47.5565 72.5962 8
      vertex 47.8473 72.2858 8
    endloop
  endfacet
  facet normal 0 0 1
    outer loop
      vertex 52.9603 88 8
      vertex 47.2461 72.887 8
      vertex 47.5565 72.5962 8
    endloop
  endfacet
  facet normal 0 0 1
    outer loop
      vertex 52.9603 88 8
      vertex 46.9173 73.1568 8
      vertex 47.2461 72.887 8
    endloop
  endfacet
  facet normal 0 0 1
    outer loop
      vertex 52.9603 88 8
      vertex 46.5715 73.4046 8
      vertex 46.9173 73.1568 8
    endloop
  endfacet
  facet normal 0 0 1
    outer loop
      vertex 52.9603 88 8
      vertex 46.2103 73.6292 8
      vertex 46.5715 73.4046 8
    endloop
  endfacet
  facet normal 0 0 1
    outer loop
      vertex 52.9603 88 8
      vertex 45.8352 73.8297 8
      vertex 46.2103 73.6292 8
    endloop
  endfacet
  facet normal 0 0 1
    outer loop
      vertex 52.9603 88 8
      vertex 45.4478 74.0052 8
      vertex 45.8352 73.8297 8
    endloop
  endfacet
  facet normal 0 0 1
    outer loop
      vertex 52.9603 88 8
      vertex 45.0497 74.155 8
      vertex 45.4478 74.0052 8
    endloop
  endfacet
  facet normal 0 0 1
    outer loop
      vertex 52.9603 88 8
      vertex 44.6427 74.2785 8
      vertex 45.0497 74.155 8
    endloop
  endfacet
  facet normal 0 0 1
    outer loop
      vertex 52.9603 88 8
      vertex 44.2284 74.3751 8
      vertex 44.6427 74.2785 8
    endloop
  endfacet
  facet normal 0 0 1
    outer loop
      vertex 52.9603 88 8
      vertex 43.8088 74.4444 8
      vertex 44.2284 74.3751 8
    endloop
  endfacet
  facet normal 0 0 1
    outer loop
      vertex 52.9603 88 8
      vertex 43.3855 74.4861 8
      vertex 43.8088 74.4444 8
    endloop
  endfacet
  facet normal 0 0 1
    outer loop
      vertex 52.9603 88 8
      vertex 42.9603 74.5 8
      vertex 43.3855 74.4861 8
    endloop
  endfacet
  facet normal 0 0 1
    outer loop
      vertex 52.9603 88 8
      vertex 42.5352 74.4861 8
      vertex 42.9603 74.5 8
    endloop
  endfacet
  facet normal 0 0 1
    outer loop
      vertex 52.9603 88 8
      vertex 42.1119 74.4444 8
      vertex 42.5352 74.4861 8
    endloop
  endfacet
  facet normal 0 0 1
    outer loop
      vertex 52.9603 88 8
      vertex 41.6923 74.3751 8
      vertex 42.1119 74.4444 8
    endloop
  endfacet
  facet normal 0 0 1
    outer loop
      vertex 52.9603 88 8
      vertex 41.278 74.2785 8
      vertex 41.6923 74.3751 8
    endloop
  endfacet
  facet normal 0 0 1
    outer loop
      vertex 52.9603 88 8
      vertex 40.871 74.155 8
      vertex 41.278 74.2785 8
    endloop
  endfacet
  facet normal -0 0 1
    outer loop
      vertex 19.3728 88 8
      vertex 40.871 74.155 8
      vertex 52.9603 88 8
    endloop
  endfacet
  facet normal 0 0 1
    outer loop
      vertex 40.871 74.155 8
      vertex 19.3728 88 8
      vertex 40.4729 74.0052 8
    endloop
  endfacet
  facet normal 0 0 1
    outer loop
      vertex 40.4729 74.0052 8
      vertex 19.3728 88 8
      vertex 40.0855 73.8297 8
    endloop
  endfacet
  facet normal 0 -0 1
    outer loop
      vertex 30.1897 72.5882 8
      vertex 40.0855 73.8297 8
      vertex 19.3728 88 8
    endloop
  endfacet
  facet normal 0 0 1
    outer loop
      vertex 40.0855 73.8297 8
      vertex 30.1897 72.5882 8
      vertex 39.7103 73.6292 8
    endloop
  endfacet
  facet normal 0 -0 1
    outer loop
      vertex 30.4872 72.4979 8
      vertex 39.7103 73.6292 8
      vertex 30.1897 72.5882 8
    endloop
  endfacet
  facet normal 0 0 1
    outer loop
      vertex 39.7103 73.6292 8
      vertex 30.4872 72.4979 8
      vertex 39.3491 73.4046 8
    endloop
  endfacet
  facet normal -0 0 1
    outer loop
      vertex 33.7002 68.3107 8
      vertex 36.4603 68 8
      vertex 36.4743 68.4251 8
    endloop
  endfacet
  facet normal -0 0 1
    outer loop
      vertex 33.6697 68.62 8
      vertex 36.4743 68.4251 8
      vertex 36.5159 68.8484 8
    endloop
  endfacet
  facet normal -0 0 1
    outer loop
      vertex 33.6191 68.9267 8
      vertex 36.5159 68.8484 8
      vertex 36.5852 69.2681 8
    endloop
  endfacet
  facet normal 0 0 1
    outer loop
      vertex 33.5485 69.2294 8
      vertex 36.5852 69.2681 8
      vertex 36.6818 69.6823 8
    endloop
  endfacet
  facet normal -0 0 1
    outer loop
      vertex 33.3488 69.8177 8
      vertex 36.6818 69.6823 8
      vertex 36.8053 70.0894 8
    endloop
  endfacet
  facet normal -0 0 1
    outer loop
      vertex 33.2205 70.1009 8
      vertex 36.8053 70.0894 8
      vertex 36.9551 70.4874 8
    endloop
  endfacet
  facet normal 0 0 1
    outer loop
      vertex 33.074 70.375 8
      vertex 36.9551 70.4874 8
      vertex 37.1307 70.8749 8
    endloop
  endfacet
  facet normal 0 0 1
    outer loop
      vertex 32.9098 70.639 8
      vertex 37.1307 70.8749 8
      vertex 37.3312 71.25 8
    endloop
  endfacet
  facet normal 0 0 1
    outer loop
      vertex 32.5316 71.1319 8
      vertex 37.3312 71.25 8
      vertex 37.5558 71.6112 8
    endloop
  endfacet
  facet normal 0 0 1
    outer loop
      vertex 32.3191 71.3588 8
      vertex 37.5558 71.6112 8
      vertex 37.8035 71.9569 8
    endloop
  endfacet
  facet normal 0 0 1
    outer loop
      vertex 32.0922 71.5712 8
      vertex 37.8035 71.9569 8
      vertex 38.0734 72.2858 8
    endloop
  endfacet
  facet normal 0 0 1
    outer loop
      vertex 31.852 71.7684 8
      vertex 38.0734 72.2858 8
      vertex 38.3641 72.5962 8
    endloop
  endfacet
  facet normal 0 -0 1
    outer loop
      vertex 30.7781 72.3884 8
      vertex 39.3491 73.4046 8
      vertex 30.4872 72.4979 8
    endloop
  endfacet
  facet normal 0 0 1
    outer loop
      vertex 36.4603 68 8
      vertex 33.7002 68.3107 8
      vertex 33.7103 68 8
    endloop
  endfacet
  facet normal 0 0 1
    outer loop
      vertex 36.4743 68.4251 8
      vertex 33.6697 68.62 8
      vertex 33.7002 68.3107 8
    endloop
  endfacet
  facet normal 0 0 1
    outer loop
      vertex 36.5159 68.8484 8
      vertex 33.6191 68.9267 8
      vertex 33.6697 68.62 8
    endloop
  endfacet
  facet normal 0 0 1
    outer loop
      vertex 36.5852 69.2681 8
      vertex 33.5485 69.2294 8
      vertex 33.6191 68.9267 8
    endloop
  endfacet
  facet normal 0 0 1
    outer loop
      vertex 36.6818 69.6823 8
      vertex 33.4583 69.5268 8
      vertex 33.5485 69.2294 8
    endloop
  endfacet
  facet normal 0 0 1
    outer loop
      vertex 36.6818 69.6823 8
      vertex 33.3488 69.8177 8
      vertex 33.4583 69.5268 8
    endloop
  endfacet
  facet normal 0 0 1
    outer loop
      vertex 36.8053 70.0894 8
      vertex 33.2205 70.1009 8
      vertex 33.3488 69.8177 8
    endloop
  endfacet
  facet normal 0 0 1
    outer loop
      vertex 36.9551 70.4874 8
      vertex 33.074 70.375 8
      vertex 33.2205 70.1009 8
    endloop
  endfacet
  facet normal 0 0 1
    outer loop
      vertex 37.1307 70.8749 8
      vertex 32.9098 70.639 8
      vertex 33.074 70.375 8
    endloop
  endfacet
  facet normal 0 0 1
    outer loop
      vertex 37.3312 71.25 8
      vertex 32.7288 70.8916 8
      vertex 32.9098 70.639 8
    endloop
  endfacet
  facet normal 0 0 1
    outer loop
      vertex 37.3312 71.25 8
      vertex 32.5316 71.1319 8
      vertex 32.7288 70.8916 8
    endloop
  endfacet
  facet normal 0 0 1
    outer loop
      vertex 37.5558 71.6112 8
      vertex 32.3191 71.3588 8
      vertex 32.5316 71.1319 8
    endloop
  endfacet
  facet normal 0 0 1
    outer loop
      vertex 37.8035 71.9569 8
      vertex 32.0922 71.5712 8
      vertex 32.3191 71.3588 8
    endloop
  endfacet
  facet normal 0 0 1
    outer loop
      vertex 38.0734 72.2858 8
      vertex 31.852 71.7684 8
      vertex 32.0922 71.5712 8
    endloop
  endfacet
  facet normal 0 0 1
    outer loop
      vertex 38.3641 72.5962 8
      vertex 31.5993 71.9495 8
      vertex 31.852 71.7684 8
    endloop
  endfacet
  facet normal 0 0 1
    outer loop
      vertex 38.3641 72.5962 8
      vertex 31.3353 72.1136 8
      vertex 31.5993 71.9495 8
    endloop
  endfacet
  facet normal 0 0 1
    outer loop
      vertex 38.6746 72.887 8
      vertex 31.3353 72.1136 8
      vertex 38.3641 72.5962 8
    endloop
  endfacet
  facet normal 0 -0 1
    outer loop
      vertex 31.3353 72.1136 8
      vertex 38.6746 72.887 8
      vertex 31.0612 72.2601 8
    endloop
  endfacet
  facet normal 0 0 1
    outer loop
      vertex 39.0034 73.1568 8
      vertex 31.0612 72.2601 8
      vertex 38.6746 72.887 8
    endloop
  endfacet
  facet normal 0 0 1
    outer loop
      vertex 39.3491 73.4046 8
      vertex 30.7781 72.3884 8
      vertex 39.0034 73.1568 8
    endloop
  endfacet
  facet normal 0 -0 1
    outer loop
      vertex 31.0612 72.2601 8
      vertex 39.0034 73.1568 8
      vertex 30.7781 72.3884 8
    endloop
  endfacet
  facet normal 0 0 1
    outer loop
      vertex 30.1897 72.5882 8
      vertex 19.3728 88 8
      vertex 29.887 72.6587 8
    endloop
  endfacet
  facet normal 0 0 1
    outer loop
      vertex 29.887 72.6587 8
      vertex 19.3728 88 8
      vertex 29.5803 72.7094 8
    endloop
  endfacet
  facet normal 0 0 1
    outer loop
      vertex 29.5803 72.7094 8
      vertex 19.3728 88 8
      vertex 29.271 72.7398 8
    endloop
  endfacet
  facet normal 0 0 1
    outer loop
      vertex 29.271 72.7398 8
      vertex 19.3728 88 8
      vertex 28.9603 72.75 8
    endloop
  endfacet
  facet normal 0 0 1
    outer loop
      vertex 28.9603 72.75 8
      vertex 19.3728 88 8
      vertex 28.6497 72.7398 8
    endloop
  endfacet
  facet normal 0 0 1
    outer loop
      vertex 28.6497 72.7398 8
      vertex 19.3728 88 8
      vertex 28.3403 72.7094 8
    endloop
  endfacet
  facet normal 0 0 1
    outer loop
      vertex 28.3403 72.7094 8
      vertex 19.3728 88 8
      vertex 28.0337 72.6587 8
    endloop
  endfacet
  facet normal 0 0 1
    outer loop
      vertex 28.0337 72.6587 8
      vertex 19.3728 88 8
      vertex 27.7309 72.5882 8
    endloop
  endfacet
  facet normal 0 0 1
    outer loop
      vertex 27.7309 72.5882 8
      vertex 19.3728 88 8
      vertex 27.4335 72.4979 8
    endloop
  endfacet
  facet normal 0 0 1
    outer loop
      vertex 27.4335 72.4979 8
      vertex 19.3728 88 8
      vertex 27.1426 72.3884 8
    endloop
  endfacet
  facet normal 0 0 1
    outer loop
      vertex 27.1426 72.3884 8
      vertex 19.3728 88 8
      vertex 26.8595 72.2601 8
    endloop
  endfacet
  facet normal 0 0 1
    outer loop
      vertex 24.2205 68.3107 8
      vertex 19.3728 88 8
      vertex 24.2103 68 8
    endloop
  endfacet
  facet normal 0 0 1
    outer loop
      vertex 24.251 68.62 8
      vertex 19.3728 88 8
      vertex 24.2205 68.3107 8
    endloop
  endfacet
  facet normal 0 0 1
    outer loop
      vertex 24.3016 68.9267 8
      vertex 19.3728 88 8
      vertex 24.251 68.62 8
    endloop
  endfacet
  facet normal 0 0 1
    outer loop
      vertex 24.3722 69.2294 8
      vertex 19.3728 88 8
      vertex 24.3016 68.9267 8
    endloop
  endfacet
  facet normal 0 0 1
    outer loop
      vertex 24.4624 69.5268 8
      vertex 19.3728 88 8
      vertex 24.3722 69.2294 8
    endloop
  endfacet
  facet normal 0 0 1
    outer loop
      vertex 24.5719 69.8177 8
      vertex 19.3728 88 8
      vertex 24.4624 69.5268 8
    endloop
  endfacet
  facet normal 0 0 1
    outer loop
      vertex 24.7002 70.1009 8
      vertex 19.3728 88 8
      vertex 24.5719 69.8177 8
    endloop
  endfacet
  facet normal 0 0 1
    outer loop
      vertex 24.8467 70.375 8
      vertex 19.3728 88 8
      vertex 24.7002 70.1009 8
    endloop
  endfacet
  facet normal 0 0 1
    outer loop
      vertex 25.0109 70.639 8
      vertex 19.3728 88 8
      vertex 24.8467 70.375 8
    endloop
  endfacet
  facet normal 0 0 1
    outer loop
      vertex 25.1919 70.8916 8
      vertex 19.3728 88 8
      vertex 25.0109 70.639 8
    endloop
  endfacet
  facet normal 0 0 1
    outer loop
      vertex 25.3891 71.1319 8
      vertex 19.3728 88 8
      vertex 25.1919 70.8916 8
    endloop
  endfacet
  facet normal 0 0 1
    outer loop
      vertex 25.6016 71.3588 8
      vertex 19.3728 88 8
      vertex 25.3891 71.1319 8
    endloop
  endfacet
  facet normal 0 0 1
    outer loop
      vertex 25.8284 71.5712 8
      vertex 19.3728 88 8
      vertex 25.6016 71.3588 8
    endloop
  endfacet
  facet normal 0 0 1
    outer loop
      vertex 26.0687 71.7684 8
      vertex 19.3728 88 8
      vertex 25.8284 71.5712 8
    endloop
  endfacet
  facet normal 0 0 1
    outer loop
      vertex 26.3214 71.9495 8
      vertex 19.3728 88 8
      vertex 26.0687 71.7684 8
    endloop
  endfacet
  facet normal 0 0 1
    outer loop
      vertex 26.5853 72.1136 8
      vertex 19.3728 88 8
      vertex 26.3214 71.9495 8
    endloop
  endfacet
  facet normal 0 0 1
    outer loop
      vertex 26.8595 72.2601 8
      vertex 19.3728 88 8
      vertex 26.5853 72.1136 8
    endloop
  endfacet
  facet normal -0 0 1
    outer loop
      vertex 49.4464 67.5749 8
      vertex 52.9603 48 8
      vertex 49.4603 68 8
    endloop
  endfacet
  facet normal -0 0 1
    outer loop
      vertex 49.4047 67.1516 8
      vertex 52.9603 48 8
      vertex 49.4464 67.5749 8
    endloop
  endfacet
  facet normal -0 0 1
    outer loop
      vertex 49.3354 66.7319 8
      vertex 52.9603 48 8
      vertex 49.4047 67.1516 8
    endloop
  endfacet
  facet normal -0 0 1
    outer loop
      vertex 49.2389 66.3177 8
      vertex 52.9603 48 8
      vertex 49.3354 66.7319 8
    endloop
  endfacet
  facet normal -0 0 1
    outer loop
      vertex 49.1154 65.9106 8
      vertex 52.9603 48 8
      vertex 49.2389 66.3177 8
    endloop
  endfacet
  facet normal -0 0 1
    outer loop
      vertex 48.9656 65.5126 8
      vertex 52.9603 48 8
      vertex 49.1154 65.9106 8
    endloop
  endfacet
  facet normal -0 0 1
    outer loop
      vertex 48.79 65.1251 8
      vertex 52.9603 48 8
      vertex 48.9656 65.5126 8
    endloop
  endfacet
  facet normal -0 0 1
    outer loop
      vertex 48.5895 64.75 8
      vertex 52.9603 48 8
      vertex 48.79 65.1251 8
    endloop
  endfacet
  facet normal -0 0 1
    outer loop
      vertex 48.3649 64.3888 8
      vertex 52.9603 48 8
      vertex 48.5895 64.75 8
    endloop
  endfacet
  facet normal -0 0 1
    outer loop
      vertex 48.1171 64.0431 8
      vertex 52.9603 48 8
      vertex 48.3649 64.3888 8
    endloop
  endfacet
  facet normal -0 0 1
    outer loop
      vertex 47.8473 63.7143 8
      vertex 52.9603 48 8
      vertex 48.1171 64.0431 8
    endloop
  endfacet
  facet normal -0 0 1
    outer loop
      vertex 47.5565 63.4038 8
      vertex 52.9603 48 8
      vertex 47.8473 63.7143 8
    endloop
  endfacet
  facet normal -0 0 1
    outer loop
      vertex 47.2461 63.113 8
      vertex 52.9603 48 8
      vertex 47.5565 63.4038 8
    endloop
  endfacet
  facet normal -0 0 1
    outer loop
      vertex 46.9173 62.8432 8
      vertex 52.9603 48 8
      vertex 47.2461 63.113 8
    endloop
  endfacet
  facet normal -0 0 1
    outer loop
      vertex 46.5715 62.5954 8
      vertex 52.9603 48 8
      vertex 46.9173 62.8432 8
    endloop
  endfacet
  facet normal -0 0 1
    outer loop
      vertex 46.2103 62.3708 8
      vertex 52.9603 48 8
      vertex 46.5715 62.5954 8
    endloop
  endfacet
  facet normal -0 0 1
    outer loop
      vertex 45.8352 62.1703 8
      vertex 52.9603 48 8
      vertex 46.2103 62.3708 8
    endloop
  endfacet
  facet normal -0 0 1
    outer loop
      vertex 45.4478 61.9948 8
      vertex 52.9603 48 8
      vertex 45.8352 62.1703 8
    endloop
  endfacet
  facet normal -0 0 1
    outer loop
      vertex 45.0497 61.845 8
      vertex 52.9603 48 8
      vertex 45.4478 61.9948 8
    endloop
  endfacet
  facet normal -0 0 1
    outer loop
      vertex 44.6427 61.7215 8
      vertex 52.9603 48 8
      vertex 45.0497 61.845 8
    endloop
  endfacet
  facet normal -0 0 1
    outer loop
      vertex 44.2284 61.6249 8
      vertex 52.9603 48 8
      vertex 44.6427 61.7215 8
    endloop
  endfacet
  facet normal -0 0 1
    outer loop
      vertex 43.8088 61.5556 8
      vertex 52.9603 48 8
      vertex 44.2284 61.6249 8
    endloop
  endfacet
  facet normal -0 0 1
    outer loop
      vertex 43.3855 61.5139 8
      vertex 52.9603 48 8
      vertex 43.8088 61.5556 8
    endloop
  endfacet
  facet normal -0 0 1
    outer loop
      vertex 42.9603 61.5 8
      vertex 52.9603 48 8
      vertex 43.3855 61.5139 8
    endloop
  endfacet
  facet normal 0 0 1
    outer loop
      vertex 42.5352 61.5139 8
      vertex 52.9603 48 8
      vertex 42.9603 61.5 8
    endloop
  endfacet
  facet normal 0 0 1
    outer loop
      vertex 42.1119 61.5556 8
      vertex 52.9603 48 8
      vertex 42.5352 61.5139 8
    endloop
  endfacet
  facet normal 0 0 1
    outer loop
      vertex 41.6923 61.6249 8
      vertex 52.9603 48 8
      vertex 42.1119 61.5556 8
    endloop
  endfacet
  facet normal 0 0 1
    outer loop
      vertex 41.278 61.7215 8
      vertex 52.9603 48 8
      vertex 41.6923 61.6249 8
    endloop
  endfacet
  facet normal 0 0 1
    outer loop
      vertex 40.871 61.845 8
      vertex 52.9603 48 8
      vertex 41.278 61.7215 8
    endloop
  endfacet
  facet normal 0 0 1
    outer loop
      vertex 19.3728 48 8
      vertex 40.871 61.845 8
      vertex 40.4729 61.9948 8
    endloop
  endfacet
  facet normal 0 0 1
    outer loop
      vertex 19.3728 48 8
      vertex 40.4729 61.9948 8
      vertex 40.0855 62.1703 8
    endloop
  endfacet
  facet normal 0 0 1
    outer loop
      vertex 30.1897 63.4118 8
      vertex 40.0855 62.1703 8
      vertex 39.7103 62.3708 8
    endloop
  endfacet
  facet normal 0 0 1
    outer loop
      vertex 30.4872 63.5021 8
      vertex 39.7103 62.3708 8
      vertex 39.3491 62.5954 8
    endloop
  endfacet
  facet normal 0 0 1
    outer loop
      vertex 30.7781 63.6116 8
      vertex 39.3491 62.5954 8
      vertex 39.0034 62.8432 8
    endloop
  endfacet
  facet normal 0 0 1
    outer loop
      vertex 31.0612 63.7399 8
      vertex 39.0034 62.8432 8
      vertex 38.6746 63.113 8
    endloop
  endfacet
  facet normal 0 0 1
    outer loop
      vertex 31.3353 63.8864 8
      vertex 38.6746 63.113 8
      vertex 38.3641 63.4038 8
    endloop
  endfacet
  facet normal 0 0 1
    outer loop
      vertex 33.7002 67.6893 8
      vertex 36.4603 68 8
      vertex 33.7103 68 8
    endloop
  endfacet
  facet normal 0 0 1
    outer loop
      vertex 36.4603 68 8
      vertex 33.7002 67.6893 8
      vertex 36.4743 67.5749 8
    endloop
  endfacet
  facet normal 0 0 1
    outer loop
      vertex 33.6697 67.38 8
      vertex 36.4743 67.5749 8
      vertex 33.7002 67.6893 8
    endloop
  endfacet
  facet normal 0 0 1
    outer loop
      vertex 36.4743 67.5749 8
      vertex 33.6697 67.38 8
      vertex 36.5159 67.1516 8
    endloop
  endfacet
  facet normal 0 0 1
    outer loop
      vertex 33.6191 67.0733 8
      vertex 36.5159 67.1516 8
      vertex 33.6697 67.38 8
    endloop
  endfacet
  facet normal 0 0 1
    outer loop
      vertex 36.5159 67.1516 8
      vertex 33.6191 67.0733 8
      vertex 36.5852 66.7319 8
    endloop
  endfacet
  facet normal -0 0 1
    outer loop
      vertex 33.5485 66.7706 8
      vertex 36.5852 66.7319 8
      vertex 33.6191 67.0733 8
    endloop
  endfacet
  facet normal 0 0 1
    outer loop
      vertex 36.5852 66.7319 8
      vertex 33.5485 66.7706 8
      vertex 36.6818 66.3177 8
    endloop
  endfacet
  facet normal -0 0 1
    outer loop
      vertex 33.4583 66.4732 8
      vertex 36.6818 66.3177 8
      vertex 33.5485 66.7706 8
    endloop
  endfacet
  facet normal 0 0 1
    outer loop
      vertex 33.3488 66.1823 8
      vertex 36.6818 66.3177 8
      vertex 33.4583 66.4732 8
    endloop
  endfacet
  facet normal 0 0 1
    outer loop
      vertex 36.6818 66.3177 8
      vertex 33.3488 66.1823 8
      vertex 36.8053 65.9106 8
    endloop
  endfacet
  facet normal 0 0 1
    outer loop
      vertex 33.2205 65.8991 8
      vertex 36.8053 65.9106 8
      vertex 33.3488 66.1823 8
    endloop
  endfacet
  facet normal 0 0 1
    outer loop
      vertex 36.8053 65.9106 8
      vertex 33.2205 65.8991 8
      vertex 36.9551 65.5126 8
    endloop
  endfacet
  facet normal -0 0 1
    outer loop
      vertex 33.074 65.625 8
      vertex 36.9551 65.5126 8
      vertex 33.2205 65.8991 8
    endloop
  endfacet
  facet normal 0 0 1
    outer loop
      vertex 36.9551 65.5126 8
      vertex 33.074 65.625 8
      vertex 37.1307 65.1251 8
    endloop
  endfacet
  facet normal -0 0 1
    outer loop
      vertex 32.9098 65.361 8
      vertex 37.1307 65.1251 8
      vertex 33.074 65.625 8
    endloop
  endfacet
  facet normal 0 0 1
    outer loop
      vertex 37.1307 65.1251 8
      vertex 32.9098 65.361 8
      vertex 37.3312 64.75 8
    endloop
  endfacet
  facet normal -0 0 1
    outer loop
      vertex 32.7288 65.1084 8
      vertex 37.3312 64.75 8
      vertex 32.9098 65.361 8
    endloop
  endfacet
  facet normal -0 0 1
    outer loop
      vertex 32.5316 64.8681 8
      vertex 37.3312 64.75 8
      vertex 32.7288 65.1084 8
    endloop
  endfacet
  facet normal 0 0 1
    outer loop
      vertex 37.3312 64.75 8
      vertex 32.5316 64.8681 8
      vertex 37.5558 64.3888 8
    endloop
  endfacet
  facet normal -0 0 1
    outer loop
      vertex 32.3191 64.6412 8
      vertex 37.5558 64.3888 8
      vertex 32.5316 64.8681 8
    endloop
  endfacet
  facet normal 0 0 1
    outer loop
      vertex 37.5558 64.3888 8
      vertex 32.3191 64.6412 8
      vertex 37.8035 64.0431 8
    endloop
  endfacet
  facet normal -0 0 1
    outer loop
      vertex 32.0922 64.4288 8
      vertex 37.8035 64.0431 8
      vertex 32.3191 64.6412 8
    endloop
  endfacet
  facet normal 0 0 1
    outer loop
      vertex 37.8035 64.0431 8
      vertex 32.0922 64.4288 8
      vertex 38.0734 63.7143 8
    endloop
  endfacet
  facet normal -0 0 1
    outer loop
      vertex 31.852 64.2316 8
      vertex 38.0734 63.7143 8
      vertex 32.0922 64.4288 8
    endloop
  endfacet
  facet normal 0 0 1
    outer loop
      vertex 38.0734 63.7143 8
      vertex 31.852 64.2316 8
      vertex 38.3641 63.4038 8
    endloop
  endfacet
  facet normal -0 0 1
    outer loop
      vertex 31.5993 64.0505 8
      vertex 38.3641 63.4038 8
      vertex 31.852 64.2316 8
    endloop
  endfacet
  facet normal -0 0 1
    outer loop
      vertex 31.3353 63.8864 8
      vertex 38.3641 63.4038 8
      vertex 31.5993 64.0505 8
    endloop
  endfacet
  facet normal 0 0 1
    outer loop
      vertex 38.6746 63.113 8
      vertex 31.3353 63.8864 8
      vertex 31.0612 63.7399 8
    endloop
  endfacet
  facet normal 0 0 1
    outer loop
      vertex 39.0034 62.8432 8
      vertex 31.0612 63.7399 8
      vertex 30.7781 63.6116 8
    endloop
  endfacet
  facet normal 0 0 1
    outer loop
      vertex 39.3491 62.5954 8
      vertex 30.7781 63.6116 8
      vertex 30.4872 63.5021 8
    endloop
  endfacet
  facet normal 0 0 1
    outer loop
      vertex 39.7103 62.3708 8
      vertex 30.4872 63.5021 8
      vertex 30.1897 63.4118 8
    endloop
  endfacet
  facet normal 0 0 1
    outer loop
      vertex 40.0855 62.1703 8
      vertex 30.1897 63.4118 8
      vertex 19.3728 48 8
    endloop
  endfacet
  facet normal 0 0 1
    outer loop
      vertex 19.3728 48 8
      vertex 30.1897 63.4118 8
      vertex 29.887 63.3413 8
    endloop
  endfacet
  facet normal 0 0 1
    outer loop
      vertex 19.3728 48 8
      vertex 29.887 63.3413 8
      vertex 29.5803 63.2906 8
    endloop
  endfacet
  facet normal 0 0 1
    outer loop
      vertex 19.3728 48 8
      vertex 29.5803 63.2906 8
      vertex 29.271 63.2602 8
    endloop
  endfacet
  facet normal 0 0 1
    outer loop
      vertex 19.3728 48 8
      vertex 29.271 63.2602 8
      vertex 28.9603 63.25 8
    endloop
  endfacet
  facet normal 0 0 1
    outer loop
      vertex 19.3728 48 8
      vertex 28.9603 63.25 8
      vertex 28.6497 63.2602 8
    endloop
  endfacet
  facet normal 0 0 1
    outer loop
      vertex 19.3728 48 8
      vertex 28.6497 63.2602 8
      vertex 28.3403 63.2906 8
    endloop
  endfacet
  facet normal 0 0 1
    outer loop
      vertex 19.3728 48 8
      vertex 28.3403 63.2906 8
      vertex 28.0337 63.3413 8
    endloop
  endfacet
  facet normal 0 0 1
    outer loop
      vertex 19.3728 48 8
      vertex 28.0337 63.3413 8
      vertex 27.7309 63.4118 8
    endloop
  endfacet
  facet normal 0 0 1
    outer loop
      vertex 19.3728 48 8
      vertex 27.7309 63.4118 8
      vertex 27.4335 63.5021 8
    endloop
  endfacet
  facet normal 0 0 1
    outer loop
      vertex 19.3728 48 8
      vertex 27.4335 63.5021 8
      vertex 27.1426 63.6116 8
    endloop
  endfacet
  facet normal 0 0 1
    outer loop
      vertex 19.3728 48 8
      vertex 27.1426 63.6116 8
      vertex 26.8595 63.7399 8
    endloop
  endfacet
  facet normal 0 0 1
    outer loop
      vertex 19.3728 48 8
      vertex 26.8595 63.7399 8
      vertex 26.5853 63.8864 8
    endloop
  endfacet
  facet normal 0 0 1
    outer loop
      vertex 19.3728 48 8
      vertex 24.2103 68 8
      vertex 19.3728 88 8
    endloop
  endfacet
  facet normal 0 0 1
    outer loop
      vertex 24.2103 68 8
      vertex 19.3728 48 8
      vertex 24.2205 67.6893 8
    endloop
  endfacet
  facet normal 0 0 1
    outer loop
      vertex 24.2205 67.6893 8
      vertex 19.3728 48 8
      vertex 24.251 67.38 8
    endloop
  endfacet
  facet normal 0 0 1
    outer loop
      vertex 24.251 67.38 8
      vertex 19.3728 48 8
      vertex 24.3016 67.0733 8
    endloop
  endfacet
  facet normal 0 0 1
    outer loop
      vertex 40.871 61.845 8
      vertex 19.3728 48 8
      vertex 52.9603 48 8
    endloop
  endfacet
  facet normal 0 0 1
    outer loop
      vertex 26.3214 64.0505 8
      vertex 19.3728 48 8
      vertex 26.5853 63.8864 8
    endloop
  endfacet
  facet normal 0 0 1
    outer loop
      vertex 26.0687 64.2316 8
      vertex 19.3728 48 8
      vertex 26.3214 64.0505 8
    endloop
  endfacet
  facet normal 0 0 1
    outer loop
      vertex 25.8284 64.4288 8
      vertex 19.3728 48 8
      vertex 26.0687 64.2316 8
    endloop
  endfacet
  facet normal 0 0 1
    outer loop
      vertex 25.6016 64.6412 8
      vertex 19.3728 48 8
      vertex 25.8284 64.4288 8
    endloop
  endfacet
  facet normal 0 0 1
    outer loop
      vertex 25.3891 64.8681 8
      vertex 19.3728 48 8
      vertex 25.6016 64.6412 8
    endloop
  endfacet
  facet normal 0 0 1
    outer loop
      vertex 25.1919 65.1084 8
      vertex 19.3728 48 8
      vertex 25.3891 64.8681 8
    endloop
  endfacet
  facet normal 0 0 1
    outer loop
      vertex 25.0109 65.361 8
      vertex 19.3728 48 8
      vertex 25.1919 65.1084 8
    endloop
  endfacet
  facet normal 0 0 1
    outer loop
      vertex 24.8467 65.625 8
      vertex 19.3728 48 8
      vertex 25.0109 65.361 8
    endloop
  endfacet
  facet normal 0 0 1
    outer loop
      vertex 24.7002 65.8991 8
      vertex 19.3728 48 8
      vertex 24.8467 65.625 8
    endloop
  endfacet
  facet normal 0 0 1
    outer loop
      vertex 24.5719 66.1823 8
      vertex 19.3728 48 8
      vertex 24.7002 65.8991 8
    endloop
  endfacet
  facet normal 0 0 1
    outer loop
      vertex 24.4624 66.4732 8
      vertex 19.3728 48 8
      vertex 24.5719 66.1823 8
    endloop
  endfacet
  facet normal 0 0 1
    outer loop
      vertex 24.3722 66.7706 8
      vertex 19.3728 48 8
      vertex 24.4624 66.4732 8
    endloop
  endfacet
  facet normal 0 0 1
    outer loop
      vertex 24.3016 67.0733 8
      vertex 19.3728 48 8
      vertex 24.3722 66.7706 8
    endloop
  endfacet
  facet normal 0.935381 -0 0.353641
    outer loop
      vertex 19.3648 48 8.02116
      vertex 19.3728 88 8
      vertex 19.3648 88 8.02116
    endloop
  endfacet
  facet normal 0.935381 0 0.353641
    outer loop
      vertex 19.3728 88 8
      vertex 19.3648 48 8.02116
      vertex 19.3728 48 8
    endloop
  endfacet
  facet normal 0.910884 -0 0.412663
    outer loop
      vertex 18.7988 48 9.27051
      vertex 19.3648 88 8.02116
      vertex 18.7988 88 9.27051
    endloop
  endfacet
  facet normal 0.910884 0 0.412663
    outer loop
      vertex 19.3648 88 8.02116
      vertex 18.7988 48 9.27051
      vertex 19.3648 48 8.02116
    endloop
  endfacet
  facet normal 0.881919 -0 0.471401
    outer loop
      vertex 18.1522 48 10.4802
      vertex 18.7988 88 9.27051
      vertex 18.1522 88 10.4802
    endloop
  endfacet
  facet normal 0.881919 0 0.471401
    outer loop
      vertex 18.7988 88 9.27051
      vertex 18.1522 48 10.4802
      vertex 18.7988 48 9.27051
    endloop
  endfacet
  facet normal 0.849188 -0 0.52809
    outer loop
      vertex 17.4279 48 11.6449
      vertex 18.1522 88 10.4802
      vertex 17.4279 88 11.6449
    endloop
  endfacet
  facet normal 0.849188 0 0.52809
    outer loop
      vertex 18.1522 88 10.4802
      vertex 17.4279 48 11.6449
      vertex 18.1522 48 10.4802
    endloop
  endfacet
  facet normal 0.812856 -0 0.582465
    outer loop
      vertex 16.629 48 12.7598
      vertex 17.4279 88 11.6449
      vertex 16.629 88 12.7598
    endloop
  endfacet
  facet normal 0.812856 0 0.582465
    outer loop
      vertex 17.4279 88 11.6449
      vertex 16.629 48 12.7598
      vertex 17.4279 48 11.6449
    endloop
  endfacet
  facet normal 0.772998 -0 0.634408
    outer loop
      vertex 15.7588 48 13.8201
      vertex 16.629 88 12.7598
      vertex 15.7588 88 13.8201
    endloop
  endfacet
  facet normal 0.772998 0 0.634408
    outer loop
      vertex 16.629 88 12.7598
      vertex 15.7588 48 13.8201
      vertex 16.629 48 12.7598
    endloop
  endfacet
  facet normal 0.729876 -0 0.68358
    outer loop
      vertex 14.8212 48 14.8212
      vertex 15.7588 88 13.8201
      vertex 14.8212 88 14.8212
    endloop
  endfacet
  facet normal 0.729876 0 0.68358
    outer loop
      vertex 15.7588 88 13.8201
      vertex 14.8212 48 14.8212
      vertex 15.7588 48 13.8201
    endloop
  endfacet
  facet normal 0.68358 0 0.729876
    outer loop
      vertex 13.8201 88 15.7588
      vertex 14.8212 48 14.8212
      vertex 14.8212 88 14.8212
    endloop
  endfacet
  facet normal 0.68358 0 0.729876
    outer loop
      vertex 14.8212 48 14.8212
      vertex 13.8201 88 15.7588
      vertex 13.8201 48 15.7588
    endloop
  endfacet
  facet normal 0.634408 0 0.772998
    outer loop
      vertex 12.7598 88 16.629
      vertex 13.8201 48 15.7588
      vertex 13.8201 88 15.7588
    endloop
  endfacet
  facet normal 0.634408 0 0.772998
    outer loop
      vertex 13.8201 48 15.7588
      vertex 12.7598 88 16.629
      vertex 12.7598 48 16.629
    endloop
  endfacet
  facet normal 0.582465 0 0.812856
    outer loop
      vertex 11.6449 88 17.4279
      vertex 12.7598 48 16.629
      vertex 12.7598 88 16.629
    endloop
  endfacet
  facet normal 0.582465 0 0.812856
    outer loop
      vertex 12.7598 48 16.629
      vertex 11.6449 88 17.4279
      vertex 11.6449 48 17.4279
    endloop
  endfacet
  facet normal 0.52809 0 0.849188
    outer loop
      vertex 10.4802 88 18.1522
      vertex 11.6449 48 17.4279
      vertex 11.6449 88 17.4279
    endloop
  endfacet
  facet normal 0.52809 0 0.849188
    outer loop
      vertex 11.6449 48 17.4279
      vertex 10.4802 88 18.1522
      vertex 10.4802 48 18.1522
    endloop
  endfacet
  facet normal 0.471401 0 0.881919
    outer loop
      vertex 9.27051 88 18.7988
      vertex 10.4802 48 18.1522
      vertex 10.4802 88 18.1522
    endloop
  endfacet
  facet normal 0.471401 0 0.881919
    outer loop
      vertex 10.4802 48 18.1522
      vertex 9.27051 88 18.7988
      vertex 9.27051 48 18.7988
    endloop
  endfacet
  facet normal 0.412663 0 0.910884
    outer loop
      vertex 8.02116 88 19.3648
      vertex 9.27051 48 18.7988
      vertex 9.27051 88 18.7988
    endloop
  endfacet
  facet normal 0.412663 0 0.910884
    outer loop
      vertex 9.27051 48 18.7988
      vertex 8.02116 88 19.3648
      vertex 8.02116 48 19.3648
    endloop
  endfacet
  facet normal 0.352284 0 0.935893
    outer loop
      vertex 6.73747 88 19.848
      vertex 8.02116 48 19.3648
      vertex 8.02116 88 19.3648
    endloop
  endfacet
  facet normal 0.352284 0 0.935893
    outer loop
      vertex 8.02116 48 19.3648
      vertex 6.73747 88 19.848
      vertex 6.73747 48 19.848
    endloop
  endfacet
  facet normal 0.290248 0 0.956951
    outer loop
      vertex 5.42493 88 20.2461
      vertex 6.73747 48 19.848
      vertex 6.73747 88 19.848
    endloop
  endfacet
  facet normal 0.290248 0 0.956951
    outer loop
      vertex 6.73747 48 19.848
      vertex 5.42493 88 20.2461
      vertex 5.42493 48 20.2461
    endloop
  endfacet
  facet normal 0.227105 0 0.97387
    outer loop
      vertex 4.08916 88 20.5576
      vertex 5.42493 48 20.2461
      vertex 5.42493 88 20.2461
    endloop
  endfacet
  facet normal 0.227105 0 0.97387
    outer loop
      vertex 5.42493 48 20.2461
      vertex 4.08916 88 20.5576
      vertex 4.08916 48 20.5576
    endloop
  endfacet
  facet normal 0.162875 0 0.986647
    outer loop
      vertex 2.73587 88 20.781
      vertex 4.08916 48 20.5576
      vertex 4.08916 88 20.5576
    endloop
  endfacet
  facet normal 0.162875 0 0.986647
    outer loop
      vertex 4.08916 48 20.5576
      vertex 2.73587 88 20.781
      vertex 2.73587 48 20.781
    endloop
  endfacet
  facet normal 0.0980592 0 0.995181
    outer loop
      vertex 1.37086 88 20.9155
      vertex 2.73587 48 20.781
      vertex 2.73587 88 20.781
    endloop
  endfacet
  facet normal 0.0980592 0 0.995181
    outer loop
      vertex 2.73587 48 20.781
      vertex 1.37086 88 20.9155
      vertex 1.37086 48 20.9155
    endloop
  endfacet
  facet normal 0.0326628 0 0.999466
    outer loop
      vertex 0 88 20.9603
      vertex 1.37086 48 20.9155
      vertex 1.37086 88 20.9155
    endloop
  endfacet
  facet normal 0.0326628 0 0.999466
    outer loop
      vertex 1.37086 48 20.9155
      vertex 0 88 20.9603
      vertex 0 48 20.9603
    endloop
  endfacet
  facet normal -0.0326628 0 0.999466
    outer loop
      vertex -1.37086 88 20.9155
      vertex 0 48 20.9603
      vertex 0 88 20.9603
    endloop
  endfacet
  facet normal -0.0326628 0 0.999466
    outer loop
      vertex 0 48 20.9603
      vertex -1.37086 88 20.9155
      vertex -1.37086 48 20.9155
    endloop
  endfacet
  facet normal -0.0980592 0 0.995181
    outer loop
      vertex -2.73587 88 20.781
      vertex -1.37086 48 20.9155
      vertex -1.37086 88 20.9155
    endloop
  endfacet
  facet normal -0.0980592 0 0.995181
    outer loop
      vertex -1.37086 48 20.9155
      vertex -2.73587 88 20.781
      vertex -2.73587 48 20.781
    endloop
  endfacet
  facet normal -0.162875 0 0.986647
    outer loop
      vertex -4.08916 88 20.5576
      vertex -2.73587 48 20.781
      vertex -2.73587 88 20.781
    endloop
  endfacet
  facet normal -0.162875 0 0.986647
    outer loop
      vertex -2.73587 48 20.781
      vertex -4.08916 88 20.5576
      vertex -4.08916 48 20.5576
    endloop
  endfacet
  facet normal -0.227105 0 0.97387
    outer loop
      vertex -5.42493 88 20.2461
      vertex -4.08916 48 20.5576
      vertex -4.08916 88 20.5576
    endloop
  endfacet
  facet normal -0.227105 0 0.97387
    outer loop
      vertex -4.08916 48 20.5576
      vertex -5.42493 88 20.2461
      vertex -5.42493 48 20.2461
    endloop
  endfacet
  facet normal -0.290248 0 0.956951
    outer loop
      vertex -6.73747 88 19.848
      vertex -5.42493 48 20.2461
      vertex -5.42493 88 20.2461
    endloop
  endfacet
  facet normal -0.290248 0 0.956951
    outer loop
      vertex -5.42493 48 20.2461
      vertex -6.73747 88 19.848
      vertex -6.73747 48 19.848
    endloop
  endfacet
  facet normal -0.352284 0 0.935893
    outer loop
      vertex -8.02116 88 19.3648
      vertex -6.73747 48 19.848
      vertex -6.73747 88 19.848
    endloop
  endfacet
  facet normal -0.352284 0 0.935893
    outer loop
      vertex -6.73747 48 19.848
      vertex -8.02116 88 19.3648
      vertex -8.02116 48 19.3648
    endloop
  endfacet
  facet normal -0.412663 0 0.910884
    outer loop
      vertex -9.27051 88 18.7988
      vertex -8.02116 48 19.3648
      vertex -8.02116 88 19.3648
    endloop
  endfacet
  facet normal -0.412663 0 0.910884
    outer loop
      vertex -8.02116 48 19.3648
      vertex -9.27051 88 18.7988
      vertex -9.27051 48 18.7988
    endloop
  endfacet
  facet normal -0.471401 0 0.881919
    outer loop
      vertex -10.4802 88 18.1522
      vertex -9.27051 48 18.7988
      vertex -9.27051 88 18.7988
    endloop
  endfacet
  facet normal -0.471401 0 0.881919
    outer loop
      vertex -9.27051 48 18.7988
      vertex -10.4802 88 18.1522
      vertex -10.4802 48 18.1522
    endloop
  endfacet
  facet normal -0.52809 0 0.849188
    outer loop
      vertex -11.6449 88 17.4279
      vertex -10.4802 48 18.1522
      vertex -10.4802 88 18.1522
    endloop
  endfacet
  facet normal -0.52809 0 0.849188
    outer loop
      vertex -10.4802 48 18.1522
      vertex -11.6449 88 17.4279
      vertex -11.6449 48 17.4279
    endloop
  endfacet
  facet normal -0.582465 0 0.812856
    outer loop
      vertex -12.7598 88 16.629
      vertex -11.6449 48 17.4279
      vertex -11.6449 88 17.4279
    endloop
  endfacet
  facet normal -0.582465 0 0.812856
    outer loop
      vertex -11.6449 48 17.4279
      vertex -12.7598 88 16.629
      vertex -12.7598 48 16.629
    endloop
  endfacet
  facet normal -0.634408 0 0.772998
    outer loop
      vertex -13.8201 88 15.7588
      vertex -12.7598 48 16.629
      vertex -12.7598 88 16.629
    endloop
  endfacet
  facet normal -0.634408 0 0.772998
    outer loop
      vertex -12.7598 48 16.629
      vertex -13.8201 88 15.7588
      vertex -13.8201 48 15.7588
    endloop
  endfacet
  facet normal -0.68358 0 0.729876
    outer loop
      vertex -14.8212 88 14.8212
      vertex -13.8201 48 15.7588
      vertex -13.8201 88 15.7588
    endloop
  endfacet
  facet normal -0.68358 0 0.729876
    outer loop
      vertex -13.8201 48 15.7588
      vertex -14.8212 88 14.8212
      vertex -14.8212 48 14.8212
    endloop
  endfacet
  facet normal -0.729876 0 0.68358
    outer loop
      vertex -15.7588 48 13.8201
      vertex -14.8212 88 14.8212
      vertex -15.7588 88 13.8201
    endloop
  endfacet
  facet normal -0.729876 0 0.68358
    outer loop
      vertex -14.8212 88 14.8212
      vertex -15.7588 48 13.8201
      vertex -14.8212 48 14.8212
    endloop
  endfacet
  facet normal -0.772998 0 0.634408
    outer loop
      vertex -16.629 48 12.7598
      vertex -15.7588 88 13.8201
      vertex -16.629 88 12.7598
    endloop
  endfacet
  facet normal -0.772998 0 0.634408
    outer loop
      vertex -15.7588 88 13.8201
      vertex -16.629 48 12.7598
      vertex -15.7588 48 13.8201
    endloop
  endfacet
  facet normal -0.812856 0 0.582465
    outer loop
      vertex -17.4279 48 11.6449
      vertex -16.629 88 12.7598
      vertex -17.4279 88 11.6449
    endloop
  endfacet
  facet normal -0.812856 0 0.582465
    outer loop
      vertex -16.629 88 12.7598
      vertex -17.4279 48 11.6449
      vertex -16.629 48 12.7598
    endloop
  endfacet
  facet normal -0.849188 0 0.52809
    outer loop
      vertex -18.1522 48 10.4802
      vertex -17.4279 88 11.6449
      vertex -18.1522 88 10.4802
    endloop
  endfacet
  facet normal -0.849188 0 0.52809
    outer loop
      vertex -17.4279 88 11.6449
      vertex -18.1522 48 10.4802
      vertex -17.4279 48 11.6449
    endloop
  endfacet
  facet normal -0.881919 0 0.471401
    outer loop
      vertex -18.7988 48 9.27051
      vertex -18.1522 88 10.4802
      vertex -18.7988 88 9.27051
    endloop
  endfacet
  facet normal -0.881919 0 0.471401
    outer loop
      vertex -18.1522 88 10.4802
      vertex -18.7988 48 9.27051
      vertex -18.1522 48 10.4802
    endloop
  endfacet
  facet normal -0.910884 0 0.412663
    outer loop
      vertex -19.3648 48 8.02116
      vertex -18.7988 88 9.27051
      vertex -19.3648 88 8.02116
    endloop
  endfacet
  facet normal -0.910884 0 0.412663
    outer loop
      vertex -18.7988 88 9.27051
      vertex -19.3648 48 8.02116
      vertex -18.7988 48 9.27051
    endloop
  endfacet
  facet normal -0.935381 0 0.353641
    outer loop
      vertex -19.3728 48 8
      vertex -19.3648 88 8.02116
      vertex -19.3728 88 8
    endloop
  endfacet
  facet normal -0.935381 0 0.353641
    outer loop
      vertex -19.3648 88 8.02116
      vertex -19.3728 48 8
      vertex -19.3648 48 8.02116
    endloop
  endfacet
  facet normal 0 0 1
    outer loop
      vertex -19.3728 88 8
      vertex -24.2261 68 8
      vertex -19.3728 48 8
    endloop
  endfacet
  facet normal 0 0 1
    outer loop
      vertex -19.3728 88 8
      vertex -26.5932 72.1 8
      vertex -24.2261 68 8
    endloop
  endfacet
  facet normal -0 0 1
    outer loop
      vertex -36.9603 88 8
      vertex -26.5932 72.1 8
      vertex -19.3728 88 8
    endloop
  endfacet
  facet normal 0 0 1
    outer loop
      vertex -31.3275 72.1 8
      vertex -36.9603 88 8
      vertex -33.6946 68 8
    endloop
  endfacet
  facet normal 0 0 1
    outer loop
      vertex -26.5932 72.1 8
      vertex -36.9603 88 8
      vertex -31.3275 72.1 8
    endloop
  endfacet
  facet normal -0 0 1
    outer loop
      vertex -26.5932 63.9 8
      vertex -19.3728 48 8
      vertex -24.2261 68 8
    endloop
  endfacet
  facet normal 0 0 1
    outer loop
      vertex -36.9603 48 8
      vertex -26.5932 63.9 8
      vertex -31.3275 63.9 8
    endloop
  endfacet
  facet normal 0 0 1
    outer loop
      vertex -26.5932 63.9 8
      vertex -36.9603 48 8
      vertex -19.3728 48 8
    endloop
  endfacet
  facet normal 0 0 1
    outer loop
      vertex -33.6946 68 8
      vertex -36.9603 48 8
      vertex -31.3275 63.9 8
    endloop
  endfacet
  facet normal 0 0 1
    outer loop
      vertex -36.9603 48 8
      vertex -33.6946 68 8
      vertex -36.9603 88 8
    endloop
  endfacet
  facet normal -1 0 0
    outer loop
      vertex -36.9603 48 0
      vertex -36.9603 88 8
      vertex -36.9603 88 0
    endloop
  endfacet
  facet normal -1 -0 0
    outer loop
      vertex -36.9603 88 8
      vertex -36.9603 48 0
      vertex -36.9603 48 8
    endloop
  endfacet
  facet normal 0 0 -1
    outer loop
      vertex -12.7 48 0
      vertex -26.2103 68 0
      vertex -12.7 88 0
    endloop
  endfacet
  facet normal 0 0 -1
    outer loop
      vertex -12.7 48 0
      vertex -26.2162 67.8201 0
      vertex -26.2103 68 0
    endloop
  endfacet
  facet normal 0 0 -1
    outer loop
      vertex -12.7 48 0
      vertex -26.2339 67.6411 0
      vertex -26.2162 67.8201 0
    endloop
  endfacet
  facet normal 0 0 -1
    outer loop
      vertex -12.7 48 0
      vertex -26.2632 67.4635 0
      vertex -26.2339 67.6411 0
    endloop
  endfacet
  facet normal 0 0 -1
    outer loop
      vertex -12.7 48 0
      vertex -26.304 67.2882 0
      vertex -26.2632 67.4635 0
    endloop
  endfacet
  facet normal 0 0 -1
    outer loop
      vertex -12.7 48 0
      vertex -26.3563 67.116 0
      vertex -26.304 67.2882 0
    endloop
  endfacet
  facet normal 0 0 -1
    outer loop
      vertex -12.7 48 0
      vertex -26.4197 66.9476 0
      vertex -26.3563 67.116 0
    endloop
  endfacet
  facet normal 0 0 -1
    outer loop
      vertex -12.7 48 0
      vertex -26.4939 66.7837 0
      vertex -26.4197 66.9476 0
    endloop
  endfacet
  facet normal 0 0 -1
    outer loop
      vertex -12.7 48 0
      vertex -26.5788 66.625 0
      vertex -26.4939 66.7837 0
    endloop
  endfacet
  facet normal 0 0 -1
    outer loop
      vertex -12.7 48 0
      vertex -26.6738 66.4722 0
      vertex -26.5788 66.625 0
    endloop
  endfacet
  facet normal 0 0 -1
    outer loop
      vertex -12.7 48 0
      vertex -26.7786 66.3259 0
      vertex -26.6738 66.4722 0
    endloop
  endfacet
  facet normal 0 0 -1
    outer loop
      vertex -12.7 48 0
      vertex -26.8928 66.1868 0
      vertex -26.7786 66.3259 0
    endloop
  endfacet
  facet normal 0 0 -1
    outer loop
      vertex -12.7 48 0
      vertex -27.0158 66.0555 0
      vertex -26.8928 66.1868 0
    endloop
  endfacet
  facet normal 0 0 -1
    outer loop
      vertex -12.7 48 0
      vertex -27.1471 65.9324 0
      vertex -27.0158 66.0555 0
    endloop
  endfacet
  facet normal 0 0 -1
    outer loop
      vertex -12.7 48 0
      vertex -27.2862 65.8183 0
      vertex -27.1471 65.9324 0
    endloop
  endfacet
  facet normal 0 0 -1
    outer loop
      vertex -12.7 48 0
      vertex -27.4325 65.7135 0
      vertex -27.2862 65.8183 0
    endloop
  endfacet
  facet normal 0 0 -1
    outer loop
      vertex -12.7 48 0
      vertex -27.5853 65.6184 0
      vertex -27.4325 65.7135 0
    endloop
  endfacet
  facet normal 0 0 -1
    outer loop
      vertex -12.7 48 0
      vertex -27.744 65.5336 0
      vertex -27.5853 65.6184 0
    endloop
  endfacet
  facet normal 0 0 -1
    outer loop
      vertex -12.7 48 0
      vertex -27.908 65.4593 0
      vertex -27.744 65.5336 0
    endloop
  endfacet
  facet normal 0 0 -1
    outer loop
      vertex -12.7 48 0
      vertex -28.0764 65.3959 0
      vertex -27.908 65.4593 0
    endloop
  endfacet
  facet normal 0 0 -1
    outer loop
      vertex -12.7 48 0
      vertex -28.2486 65.3437 0
      vertex -28.0764 65.3959 0
    endloop
  endfacet
  facet normal 0 0 -1
    outer loop
      vertex -36.9603 48 0
      vertex -28.2486 65.3437 0
      vertex -12.7 48 0
    endloop
  endfacet
  facet normal 0 0 -1
    outer loop
      vertex -28.2486 65.3437 0
      vertex -36.9603 48 0
      vertex -28.4238 65.3028 0
    endloop
  endfacet
  facet normal 0 0 -1
    outer loop
      vertex -28.4238 65.3028 0
      vertex -36.9603 48 0
      vertex -28.6014 65.2735 0
    endloop
  endfacet
  facet normal 0 0 -1
    outer loop
      vertex -28.6014 65.2735 0
      vertex -36.9603 48 0
      vertex -28.7805 65.2559 0
    endloop
  endfacet
  facet normal 0 0 -1
    outer loop
      vertex -28.7805 65.2559 0
      vertex -36.9603 48 0
      vertex -28.9603 65.25 0
    endloop
  endfacet
  facet normal -0 0 -1
    outer loop
      vertex -28.9603 65.25 0
      vertex -36.9603 48 0
      vertex -29.1402 65.2559 0
    endloop
  endfacet
  facet normal -0 0 -1
    outer loop
      vertex -29.1402 65.2559 0
      vertex -36.9603 48 0
      vertex -29.3193 65.2735 0
    endloop
  endfacet
  facet normal -0 0 -1
    outer loop
      vertex -29.3193 65.2735 0
      vertex -36.9603 48 0
      vertex -29.4968 65.3028 0
    endloop
  endfacet
  facet normal -0 0 -1
    outer loop
      vertex -29.4968 65.3028 0
      vertex -36.9603 48 0
      vertex -29.6721 65.3437 0
    endloop
  endfacet
  facet normal -0 0 -1
    outer loop
      vertex -29.6721 65.3437 0
      vertex -36.9603 48 0
      vertex -29.8443 65.3959 0
    endloop
  endfacet
  facet normal -0 0 -1
    outer loop
      vertex -29.8443 65.3959 0
      vertex -36.9603 48 0
      vertex -30.0127 65.4593 0
    endloop
  endfacet
  facet normal -0 0 -1
    outer loop
      vertex -30.0127 65.4593 0
      vertex -36.9603 48 0
      vertex -30.1766 65.5336 0
    endloop
  endfacet
  facet normal -0 0 -1
    outer loop
      vertex -30.1766 65.5336 0
      vertex -36.9603 48 0
      vertex -30.3353 65.6184 0
    endloop
  endfacet
  facet normal -0 0 -1
    outer loop
      vertex -30.3353 65.6184 0
      vertex -36.9603 48 0
      vertex -30.4882 65.7135 0
    endloop
  endfacet
  facet normal -0 0 -1
    outer loop
      vertex -30.4882 65.7135 0
      vertex -36.9603 48 0
      vertex -30.6344 65.8183 0
    endloop
  endfacet
  facet normal -0 0 -1
    outer loop
      vertex -30.6344 65.8183 0
      vertex -36.9603 48 0
      vertex -30.7735 65.9324 0
    endloop
  endfacet
  facet normal -0 0 -1
    outer loop
      vertex -31.7045 67.8201 0
      vertex -36.9603 48 0
      vertex -31.7103 68 0
    endloop
  endfacet
  facet normal -0 0 -1
    outer loop
      vertex -31.6868 67.6411 0
      vertex -36.9603 48 0
      vertex -31.7045 67.8201 0
    endloop
  endfacet
  facet normal -0 0 -1
    outer loop
      vertex -31.6575 67.4635 0
      vertex -36.9603 48 0
      vertex -31.6868 67.6411 0
    endloop
  endfacet
  facet normal -0 0 -1
    outer loop
      vertex -31.6166 67.2882 0
      vertex -36.9603 48 0
      vertex -31.6575 67.4635 0
    endloop
  endfacet
  facet normal -0 0 -1
    outer loop
      vertex -31.5644 67.116 0
      vertex -36.9603 48 0
      vertex -31.6166 67.2882 0
    endloop
  endfacet
  facet normal -0 0 -1
    outer loop
      vertex -31.501 66.9476 0
      vertex -36.9603 48 0
      vertex -31.5644 67.116 0
    endloop
  endfacet
  facet normal -0 0 -1
    outer loop
      vertex -31.4267 66.7837 0
      vertex -36.9603 48 0
      vertex -31.501 66.9476 0
    endloop
  endfacet
  facet normal -0 0 -1
    outer loop
      vertex -31.3419 66.625 0
      vertex -36.9603 48 0
      vertex -31.4267 66.7837 0
    endloop
  endfacet
  facet normal -0 0 -1
    outer loop
      vertex -31.2469 66.4722 0
      vertex -36.9603 48 0
      vertex -31.3419 66.625 0
    endloop
  endfacet
  facet normal -0 0 -1
    outer loop
      vertex -31.1421 66.3259 0
      vertex -36.9603 48 0
      vertex -31.2469 66.4722 0
    endloop
  endfacet
  facet normal -0 0 -1
    outer loop
      vertex -31.0279 66.1868 0
      vertex -36.9603 48 0
      vertex -31.1421 66.3259 0
    endloop
  endfacet
  facet normal -0 0 -1
    outer loop
      vertex -30.9049 66.0555 0
      vertex -36.9603 48 0
      vertex -31.0279 66.1868 0
    endloop
  endfacet
  facet normal -0 0 -1
    outer loop
      vertex -30.7735 65.9324 0
      vertex -36.9603 48 0
      vertex -30.9049 66.0555 0
    endloop
  endfacet
  facet normal 0 0 -1
    outer loop
      vertex -26.2162 68.1799 0
      vertex -12.7 88 0
      vertex -26.2103 68 0
    endloop
  endfacet
  facet normal 0 0 -1
    outer loop
      vertex -26.2339 68.3589 0
      vertex -12.7 88 0
      vertex -26.2162 68.1799 0
    endloop
  endfacet
  facet normal 0 0 -1
    outer loop
      vertex -26.2632 68.5365 0
      vertex -12.7 88 0
      vertex -26.2339 68.3589 0
    endloop
  endfacet
  facet normal 0 0 -1
    outer loop
      vertex -26.304 68.7118 0
      vertex -12.7 88 0
      vertex -26.2632 68.5365 0
    endloop
  endfacet
  facet normal 0 0 -1
    outer loop
      vertex -26.3563 68.884 0
      vertex -12.7 88 0
      vertex -26.304 68.7118 0
    endloop
  endfacet
  facet normal 0 0 -1
    outer loop
      vertex -26.4197 69.0524 0
      vertex -12.7 88 0
      vertex -26.3563 68.884 0
    endloop
  endfacet
  facet normal 0 0 -1
    outer loop
      vertex -26.4939 69.2163 0
      vertex -12.7 88 0
      vertex -26.4197 69.0524 0
    endloop
  endfacet
  facet normal 0 0 -1
    outer loop
      vertex -26.5788 69.375 0
      vertex -12.7 88 0
      vertex -26.4939 69.2163 0
    endloop
  endfacet
  facet normal 0 0 -1
    outer loop
      vertex -26.6738 69.5278 0
      vertex -12.7 88 0
      vertex -26.5788 69.375 0
    endloop
  endfacet
  facet normal 0 0 -1
    outer loop
      vertex -26.7786 69.6741 0
      vertex -12.7 88 0
      vertex -26.6738 69.5278 0
    endloop
  endfacet
  facet normal 0 0 -1
    outer loop
      vertex -26.8928 69.8132 0
      vertex -12.7 88 0
      vertex -26.7786 69.6741 0
    endloop
  endfacet
  facet normal 0 0 -1
    outer loop
      vertex -27.0158 69.9445 0
      vertex -12.7 88 0
      vertex -26.8928 69.8132 0
    endloop
  endfacet
  facet normal 0 0 -1
    outer loop
      vertex -27.1471 70.0676 0
      vertex -12.7 88 0
      vertex -27.0158 69.9445 0
    endloop
  endfacet
  facet normal 0 0 -1
    outer loop
      vertex -27.2862 70.1817 0
      vertex -12.7 88 0
      vertex -27.1471 70.0676 0
    endloop
  endfacet
  facet normal 0 0 -1
    outer loop
      vertex -27.4325 70.2865 0
      vertex -12.7 88 0
      vertex -27.2862 70.1817 0
    endloop
  endfacet
  facet normal 0 0 -1
    outer loop
      vertex -27.5853 70.3816 0
      vertex -12.7 88 0
      vertex -27.4325 70.2865 0
    endloop
  endfacet
  facet normal 0 0 -1
    outer loop
      vertex -27.744 70.4664 0
      vertex -12.7 88 0
      vertex -27.5853 70.3816 0
    endloop
  endfacet
  facet normal 0 0 -1
    outer loop
      vertex -27.908 70.5407 0
      vertex -12.7 88 0
      vertex -27.744 70.4664 0
    endloop
  endfacet
  facet normal 0 0 -1
    outer loop
      vertex -28.0764 70.6041 0
      vertex -12.7 88 0
      vertex -27.908 70.5407 0
    endloop
  endfacet
  facet normal 0 0 -1
    outer loop
      vertex -28.2486 70.6563 0
      vertex -12.7 88 0
      vertex -28.0764 70.6041 0
    endloop
  endfacet
  facet normal 0 0 -1
    outer loop
      vertex -36.9603 88 0
      vertex -28.2486 70.6563 0
      vertex -28.4238 70.6972 0
    endloop
  endfacet
  facet normal 0 0 -1
    outer loop
      vertex -36.9603 88 0
      vertex -28.4238 70.6972 0
      vertex -28.6014 70.7265 0
    endloop
  endfacet
  facet normal 0 0 -1
    outer loop
      vertex -36.9603 88 0
      vertex -28.6014 70.7265 0
      vertex -28.7805 70.7441 0
    endloop
  endfacet
  facet normal 0 0 -1
    outer loop
      vertex -36.9603 88 0
      vertex -28.7805 70.7441 0
      vertex -28.9603 70.75 0
    endloop
  endfacet
  facet normal 0 0 -1
    outer loop
      vertex -36.9603 88 0
      vertex -28.9603 70.75 0
      vertex -29.1402 70.7441 0
    endloop
  endfacet
  facet normal 0 0 -1
    outer loop
      vertex -36.9603 88 0
      vertex -29.1402 70.7441 0
      vertex -29.3193 70.7265 0
    endloop
  endfacet
  facet normal 0 0 -1
    outer loop
      vertex -36.9603 88 0
      vertex -29.3193 70.7265 0
      vertex -29.4968 70.6972 0
    endloop
  endfacet
  facet normal 0 0 -1
    outer loop
      vertex -36.9603 88 0
      vertex -29.4968 70.6972 0
      vertex -29.6721 70.6563 0
    endloop
  endfacet
  facet normal 0 0 -1
    outer loop
      vertex -36.9603 88 0
      vertex -29.6721 70.6563 0
      vertex -29.8443 70.6041 0
    endloop
  endfacet
  facet normal 0 0 -1
    outer loop
      vertex -36.9603 88 0
      vertex -29.8443 70.6041 0
      vertex -30.0127 70.5407 0
    endloop
  endfacet
  facet normal 0 0 -1
    outer loop
      vertex -36.9603 88 0
      vertex -30.0127 70.5407 0
      vertex -30.1766 70.4664 0
    endloop
  endfacet
  facet normal 0 0 -1
    outer loop
      vertex -36.9603 88 0
      vertex -30.1766 70.4664 0
      vertex -30.3353 70.3816 0
    endloop
  endfacet
  facet normal 0 0 -1
    outer loop
      vertex -36.9603 88 0
      vertex -30.3353 70.3816 0
      vertex -30.4882 70.2865 0
    endloop
  endfacet
  facet normal 0 0 -1
    outer loop
      vertex -36.9603 88 0
      vertex -30.4882 70.2865 0
      vertex -30.6344 70.1817 0
    endloop
  endfacet
  facet normal 0 0 -1
    outer loop
      vertex -36.9603 88 0
      vertex -30.6344 70.1817 0
      vertex -30.7735 70.0676 0
    endloop
  endfacet
  facet normal 0 0 -1
    outer loop
      vertex -36.9603 88 0
      vertex -30.7735 70.0676 0
      vertex -30.9049 69.9445 0
    endloop
  endfacet
  facet normal 0 0 -1
    outer loop
      vertex -36.9603 88 0
      vertex -31.7103 68 0
      vertex -36.9603 48 0
    endloop
  endfacet
  facet normal 0 0 -1
    outer loop
      vertex -31.7103 68 0
      vertex -36.9603 88 0
      vertex -31.7045 68.1799 0
    endloop
  endfacet
  facet normal 0 0 -1
    outer loop
      vertex -31.7045 68.1799 0
      vertex -36.9603 88 0
      vertex -31.6868 68.3589 0
    endloop
  endfacet
  facet normal 0 0 -1
    outer loop
      vertex -31.6868 68.3589 0
      vertex -36.9603 88 0
      vertex -31.6575 68.5365 0
    endloop
  endfacet
  facet normal 0 0 -1
    outer loop
      vertex -28.2486 70.6563 0
      vertex -36.9603 88 0
      vertex -12.7 88 0
    endloop
  endfacet
  facet normal 0 0 -1
    outer loop
      vertex -31.0279 69.8132 0
      vertex -36.9603 88 0
      vertex -30.9049 69.9445 0
    endloop
  endfacet
  facet normal 0 0 -1
    outer loop
      vertex -31.1421 69.6741 0
      vertex -36.9603 88 0
      vertex -31.0279 69.8132 0
    endloop
  endfacet
  facet normal 0 0 -1
    outer loop
      vertex -31.2469 69.5278 0
      vertex -36.9603 88 0
      vertex -31.1421 69.6741 0
    endloop
  endfacet
  facet normal 0 0 -1
    outer loop
      vertex -31.3419 69.375 0
      vertex -36.9603 88 0
      vertex -31.2469 69.5278 0
    endloop
  endfacet
  facet normal 0 0 -1
    outer loop
      vertex -31.4267 69.2163 0
      vertex -36.9603 88 0
      vertex -31.3419 69.375 0
    endloop
  endfacet
  facet normal 0 0 -1
    outer loop
      vertex -31.501 69.0524 0
      vertex -36.9603 88 0
      vertex -31.4267 69.2163 0
    endloop
  endfacet
  facet normal 0 0 -1
    outer loop
      vertex -31.5644 68.884 0
      vertex -36.9603 88 0
      vertex -31.501 69.0524 0
    endloop
  endfacet
  facet normal 0 0 -1
    outer loop
      vertex -31.6166 68.7118 0
      vertex -36.9603 88 0
      vertex -31.5644 68.884 0
    endloop
  endfacet
  facet normal 0 0 -1
    outer loop
      vertex -31.6575 68.5365 0
      vertex -36.9603 88 0
      vertex -31.6166 68.7118 0
    endloop
  endfacet
  facet normal 0.999464 0 -0.0327294
    outer loop
      vertex -12.6728 48 0.830612
      vertex -12.7 88 0
      vertex -12.6728 88 0.830612
    endloop
  endfacet
  facet normal 0.999464 0 -0.0327294
    outer loop
      vertex -12.7 88 0
      vertex -12.6728 48 0.830612
      vertex -12.7 48 0
    endloop
  endfacet
  facet normal -0.999463 0.0327784 0
    outer loop
      vertex -26.2162 67.8201 0
      vertex -26.2103 68 3.8
      vertex -26.2103 68 0
    endloop
  endfacet
  facet normal -0.999463 0.0327784 0
    outer loop
      vertex -26.2103 68 3.8
      vertex -26.2162 67.8201 0
      vertex -26.2162 67.8201 3.8
    endloop
  endfacet
  facet normal -0.995147 -0.0984028 0
    outer loop
      vertex -26.2162 68.1799 0
      vertex -26.2339 68.3589 3.8
      vertex -26.2339 68.3589 0
    endloop
  endfacet
  facet normal -0.995147 -0.0984028 0
    outer loop
      vertex -26.2339 68.3589 3.8
      vertex -26.2162 68.1799 0
      vertex -26.2162 68.1799 3.8
    endloop
  endfacet
  facet normal -0.999463 -0.0327784 0
    outer loop
      vertex -26.2103 68 0
      vertex -26.2162 68.1799 3.8
      vertex -26.2162 68.1799 0
    endloop
  endfacet
  facet normal -0.999463 -0.0327784 0
    outer loop
      vertex -26.2162 68.1799 3.8
      vertex -26.2103 68 0
      vertex -26.2103 68 3.8
    endloop
  endfacet
  facet normal -0.47128 -0.881983 0
    outer loop
      vertex -27.744 70.4664 0
      vertex -27.5853 70.3816 3.8
      vertex -27.744 70.4664 3.8
    endloop
  endfacet
  facet normal -0.47128 -0.881983 -0
    outer loop
      vertex -27.5853 70.3816 3.8
      vertex -27.744 70.4664 0
      vertex -27.5853 70.3816 0
    endloop
  endfacet
  facet normal -0.910994 0.412421 0
    outer loop
      vertex -26.4939 66.7837 0
      vertex -26.4197 66.9476 3.8
      vertex -26.4197 66.9476 0
    endloop
  endfacet
  facet normal -0.910994 0.412421 0
    outer loop
      vertex -26.4197 66.9476 3.8
      vertex -26.4939 66.7837 0
      vertex -26.4939 66.7837 3.8
    endloop
  endfacet
  facet normal 0.881983 0.47128 0
    outer loop
      vertex -31.3419 66.625 3.8
      vertex -31.4267 66.7837 0
      vertex -31.4267 66.7837 3.8
    endloop
  endfacet
  facet normal 0.881983 0.47128 0
    outer loop
      vertex -31.4267 66.7837 0
      vertex -31.3419 66.625 3.8
      vertex -31.3419 66.625 0
    endloop
  endfacet
  facet normal -0.582341 0.812944 0
    outer loop
      vertex -27.2862 65.8183 0
      vertex -27.4325 65.7135 3.8
      vertex -27.2862 65.8183 3.8
    endloop
  endfacet
  facet normal -0.582341 0.812944 0
    outer loop
      vertex -27.4325 65.7135 3.8
      vertex -27.2862 65.8183 0
      vertex -27.4325 65.7135 0
    endloop
  endfacet
  facet normal 0.772892 0.634538 0
    outer loop
      vertex -31.0279 66.1868 3.8
      vertex -31.1421 66.3259 0
      vertex -31.1421 66.3259 3.8
    endloop
  endfacet
  facet normal 0.772892 0.634538 0
    outer loop
      vertex -31.1421 66.3259 0
      vertex -31.0279 66.1868 3.8
      vertex -31.0279 66.1868 0
    endloop
  endfacet
  facet normal 0.772892 -0.634538 0
    outer loop
      vertex -31.1421 69.6741 3.8
      vertex -31.0279 69.8132 0
      vertex -31.0279 69.8132 3.8
    endloop
  endfacet
  facet normal 0.772892 -0.634538 0
    outer loop
      vertex -31.0279 69.8132 0
      vertex -31.1421 69.6741 3.8
      vertex -31.1421 69.6741 0
    endloop
  endfacet
  facet normal -0.68396 -0.72952 0
    outer loop
      vertex -27.1471 70.0676 0
      vertex -27.0158 69.9445 3.8
      vertex -27.1471 70.0676 3.8
    endloop
  endfacet
  facet normal -0.68396 -0.72952 -0
    outer loop
      vertex -27.0158 69.9445 3.8
      vertex -27.1471 70.0676 0
      vertex -27.0158 69.9445 0
    endloop
  endfacet
  facet normal 0.999481 -0.0322234 0
    outer loop
      vertex -31.7103 68 3.8
      vertex -31.7045 68.1799 0
      vertex -31.7045 68.1799 3.8
    endloop
  endfacet
  facet normal 0.999481 -0.0322234 0
    outer loop
      vertex -31.7045 68.1799 0
      vertex -31.7103 68 3.8
      vertex -31.7103 68 0
    endloop
  endfacet
  facet normal 0.881983 -0.47128 0
    outer loop
      vertex -31.4267 69.2163 3.8
      vertex -31.3419 69.375 0
      vertex -31.3419 69.375 3.8
    endloop
  endfacet
  facet normal 0.881983 -0.47128 0
    outer loop
      vertex -31.3419 69.375 0
      vertex -31.4267 69.2163 3.8
      vertex -31.4267 69.2163 0
    endloop
  endfacet
  facet normal -0.227335 0.973817 0
    outer loop
      vertex -28.2486 65.3437 0
      vertex -28.4238 65.3028 3.8
      vertex -28.2486 65.3437 3.8
    endloop
  endfacet
  facet normal -0.227335 0.973817 0
    outer loop
      vertex -28.4238 65.3028 3.8
      vertex -28.2486 65.3437 0
      vertex -28.4238 65.3028 0
    endloop
  endfacet
  facet normal -0.849245 -0.527999 0
    outer loop
      vertex -26.5788 69.375 0
      vertex -26.6738 69.5278 3.8
      vertex -26.6738 69.5278 0
    endloop
  endfacet
  facet normal -0.849245 -0.527999 0
    outer loop
      vertex -26.6738 69.5278 3.8
      vertex -26.5788 69.375 0
      vertex -26.5788 69.375 3.8
    endloop
  endfacet
  facet normal -0.772892 0.634538 0
    outer loop
      vertex -26.8928 66.1868 0
      vertex -26.7786 66.3259 3.8
      vertex -26.7786 66.3259 0
    endloop
  endfacet
  facet normal -0.772892 0.634538 0
    outer loop
      vertex -26.7786 66.3259 3.8
      vertex -26.8928 66.1868 0
      vertex -26.8928 66.1868 3.8
    endloop
  endfacet
  facet normal -0.634206 -0.773164 0
    outer loop
      vertex -27.2862 70.1817 0
      vertex -27.1471 70.0676 3.8
      vertex -27.2862 70.1817 3.8
    endloop
  endfacet
  facet normal -0.634206 -0.773164 -0
    outer loop
      vertex -27.1471 70.0676 3.8
      vertex -27.2862 70.1817 0
      vertex -27.1471 70.0676 0
    endloop
  endfacet
  facet normal -0.352341 -0.935872 0
    outer loop
      vertex -28.0764 70.6041 0
      vertex -27.908 70.5407 3.8
      vertex -28.0764 70.6041 3.8
    endloop
  endfacet
  facet normal -0.352341 -0.935872 -0
    outer loop
      vertex -27.908 70.5407 3.8
      vertex -28.0764 70.6041 0
      vertex -27.908 70.5407 0
    endloop
  endfacet
  facet normal 0.0327784 0.999463 -0
    outer loop
      vertex -28.9603 65.25 0
      vertex -29.1402 65.2559 3.8
      vertex -28.9603 65.25 3.8
    endloop
  endfacet
  facet normal 0.0327784 0.999463 0
    outer loop
      vertex -29.1402 65.2559 3.8
      vertex -28.9603 65.25 0
      vertex -29.1402 65.2559 0
    endloop
  endfacet
  facet normal 0.973845 -0.227212 0
    outer loop
      vertex -31.6575 68.5365 3.8
      vertex -31.6166 68.7118 0
      vertex -31.6166 68.7118 3.8
    endloop
  endfacet
  facet normal 0.973845 -0.227212 0
    outer loop
      vertex -31.6166 68.7118 0
      vertex -31.6575 68.5365 3.8
      vertex -31.6575 68.5365 0
    endloop
  endfacet
  facet normal -0.729797 0.683664 0
    outer loop
      vertex -27.0158 66.0555 0
      vertex -26.8928 66.1868 3.8
      vertex -26.8928 66.1868 0
    endloop
  endfacet
  facet normal -0.729797 0.683664 0
    outer loop
      vertex -26.8928 66.1868 3.8
      vertex -27.0158 66.0555 0
      vertex -27.0158 66.0555 3.8
    endloop
  endfacet
  facet normal -0.812944 -0.582341 0
    outer loop
      vertex -26.6738 69.5278 0
      vertex -26.7786 69.6741 3.8
      vertex -26.7786 69.6741 0
    endloop
  endfacet
  facet normal -0.812944 -0.582341 0
    outer loop
      vertex -26.7786 69.6741 3.8
      vertex -26.6738 69.5278 0
      vertex -26.6738 69.5278 3.8
    endloop
  endfacet
  facet normal -0.0327966 -0.999462 0
    outer loop
      vertex -28.9603 70.75 0
      vertex -28.7805 70.7441 3.8
      vertex -28.9603 70.75 3.8
    endloop
  endfacet
  facet normal -0.0327966 -0.999462 -0
    outer loop
      vertex -28.7805 70.7441 3.8
      vertex -28.9603 70.75 0
      vertex -28.7805 70.7441 0
    endloop
  endfacet
  facet normal 0.634206 -0.773164 0
    outer loop
      vertex -30.7735 70.0676 0
      vertex -30.6344 70.1817 3.8
      vertex -30.7735 70.0676 3.8
    endloop
  endfacet
  facet normal 0.634206 -0.773164 0
    outer loop
      vertex -30.6344 70.1817 3.8
      vertex -30.7735 70.0676 0
      vertex -30.6344 70.1817 0
    endloop
  endfacet
  facet normal -0.956842 -0.290609 0
    outer loop
      vertex -26.304 68.7118 0
      vertex -26.3563 68.884 3.8
      vertex -26.3563 68.884 0
    endloop
  endfacet
  facet normal -0.956842 -0.290609 0
    outer loop
      vertex -26.3563 68.884 3.8
      vertex -26.304 68.7118 0
      vertex -26.304 68.7118 3.8
    endloop
  endfacet
  facet normal 0.995147 -0.0984028 0
    outer loop
      vertex -31.7045 68.1799 3.8
      vertex -31.6868 68.3589 0
      vertex -31.6868 68.3589 3.8
    endloop
  endfacet
  facet normal 0.995147 -0.0984028 0
    outer loop
      vertex -31.6868 68.3589 0
      vertex -31.7045 68.1799 3.8
      vertex -31.7045 68.1799 0
    endloop
  endfacet
  facet normal -0.849245 0.527999 0
    outer loop
      vertex -26.6738 66.4722 0
      vertex -26.5788 66.625 3.8
      vertex -26.5788 66.625 0
    endloop
  endfacet
  facet normal -0.849245 0.527999 0
    outer loop
      vertex -26.5788 66.625 3.8
      vertex -26.6738 66.4722 0
      vertex -26.6738 66.4722 3.8
    endloop
  endfacet
  facet normal 0.729797 0.683664 0
    outer loop
      vertex -30.9049 66.0555 3.8
      vertex -31.0279 66.1868 0
      vertex -31.0279 66.1868 3.8
    endloop
  endfacet
  facet normal 0.729797 0.683664 0
    outer loop
      vertex -31.0279 66.1868 0
      vertex -30.9049 66.0555 3.8
      vertex -30.9049 66.0555 0
    endloop
  endfacet
  facet normal 0.634206 0.773164 -0
    outer loop
      vertex -30.6344 65.8183 0
      vertex -30.7735 65.9324 3.8
      vertex -30.6344 65.8183 3.8
    endloop
  endfacet
  facet normal 0.634206 0.773164 0
    outer loop
      vertex -30.7735 65.9324 3.8
      vertex -30.6344 65.8183 0
      vertex -30.7735 65.9324 0
    endloop
  endfacet
  facet normal 0.0327784 -0.999463 0
    outer loop
      vertex -29.1402 70.7441 0
      vertex -28.9603 70.75 3.8
      vertex -29.1402 70.7441 3.8
    endloop
  endfacet
  facet normal 0.0327784 -0.999463 0
    outer loop
      vertex -28.9603 70.75 3.8
      vertex -29.1402 70.7441 0
      vertex -28.9603 70.75 0
    endloop
  endfacet
  facet normal 0.935872 0.352341 0
    outer loop
      vertex -31.501 66.9476 3.8
      vertex -31.5644 67.116 0
      vertex -31.5644 67.116 3.8
    endloop
  endfacet
  facet normal 0.935872 0.352341 0
    outer loop
      vertex -31.5644 67.116 0
      vertex -31.501 66.9476 3.8
      vertex -31.501 66.9476 0
    endloop
  endfacet
  facet normal 0.812944 -0.582341 0
    outer loop
      vertex -31.2469 69.5278 3.8
      vertex -31.1421 69.6741 0
      vertex -31.1421 69.6741 3.8
    endloop
  endfacet
  facet normal 0.812944 -0.582341 0
    outer loop
      vertex -31.1421 69.6741 0
      vertex -31.2469 69.5278 3.8
      vertex -31.2469 69.5278 0
    endloop
  endfacet
  facet normal -0.162777 0.986663 0
    outer loop
      vertex -28.4238 65.3028 0
      vertex -28.6014 65.2735 3.8
      vertex -28.4238 65.3028 3.8
    endloop
  endfacet
  facet normal -0.162777 0.986663 0
    outer loop
      vertex -28.6014 65.2735 3.8
      vertex -28.4238 65.3028 0
      vertex -28.6014 65.2735 0
    endloop
  endfacet
  facet normal -0.227335 -0.973817 0
    outer loop
      vertex -28.4238 70.6972 0
      vertex -28.2486 70.6563 3.8
      vertex -28.4238 70.6972 3.8
    endloop
  endfacet
  facet normal -0.227335 -0.973817 -0
    outer loop
      vertex -28.2486 70.6563 3.8
      vertex -28.4238 70.6972 0
      vertex -28.2486 70.6563 0
    endloop
  endfacet
  facet normal -0.729797 -0.683664 0
    outer loop
      vertex -26.8928 69.8132 0
      vertex -27.0158 69.9445 3.8
      vertex -27.0158 69.9445 0
    endloop
  endfacet
  facet normal -0.729797 -0.683664 0
    outer loop
      vertex -27.0158 69.9445 3.8
      vertex -26.8928 69.8132 0
      vertex -26.8928 69.8132 3.8
    endloop
  endfacet
  facet normal -0.956842 0.290609 0
    outer loop
      vertex -26.3563 67.116 0
      vertex -26.304 67.2882 3.8
      vertex -26.304 67.2882 0
    endloop
  endfacet
  facet normal -0.956842 0.290609 0
    outer loop
      vertex -26.304 67.2882 3.8
      vertex -26.3563 67.116 0
      vertex -26.3563 67.116 3.8
    endloop
  endfacet
  facet normal 0.956996 -0.2901 0
    outer loop
      vertex -31.6166 68.7118 3.8
      vertex -31.5644 68.884 0
      vertex -31.5644 68.884 3.8
    endloop
  endfacet
  facet normal 0.956996 -0.2901 0
    outer loop
      vertex -31.5644 68.884 0
      vertex -31.6166 68.7118 3.8
      vertex -31.6166 68.7118 0
    endloop
  endfacet
  facet normal -0.634206 0.773164 0
    outer loop
      vertex -27.1471 65.9324 0
      vertex -27.2862 65.8183 3.8
      vertex -27.1471 65.9324 3.8
    endloop
  endfacet
  facet normal -0.634206 0.773164 0
    outer loop
      vertex -27.2862 65.8183 3.8
      vertex -27.1471 65.9324 0
      vertex -27.2862 65.8183 0
    endloop
  endfacet
  facet normal -0.0327966 0.999462 0
    outer loop
      vertex -28.7805 65.2559 0
      vertex -28.9603 65.25 3.8
      vertex -28.7805 65.2559 3.8
    endloop
  endfacet
  facet normal -0.0327966 0.999462 0
    outer loop
      vertex -28.9603 65.25 3.8
      vertex -28.7805 65.2559 0
      vertex -28.9603 65.25 0
    endloop
  endfacet
  facet normal -0.986663 0.162777 0
    outer loop
      vertex -26.2632 67.4635 0
      vertex -26.2339 67.6411 3.8
      vertex -26.2339 67.6411 0
    endloop
  endfacet
  facet normal -0.986663 0.162777 0
    outer loop
      vertex -26.2339 67.6411 3.8
      vertex -26.2632 67.4635 0
      vertex -26.2632 67.4635 3.8
    endloop
  endfacet
  facet normal 0.352341 0.935872 -0
    outer loop
      vertex -29.8443 65.3959 0
      vertex -30.0127 65.4593 3.8
      vertex -29.8443 65.3959 3.8
    endloop
  endfacet
  facet normal 0.352341 0.935872 0
    outer loop
      vertex -30.0127 65.4593 3.8
      vertex -29.8443 65.3959 0
      vertex -30.0127 65.4593 0
    endloop
  endfacet
  facet normal -0.5284 -0.848996 0
    outer loop
      vertex -27.5853 70.3816 0
      vertex -27.4325 70.2865 3.8
      vertex -27.5853 70.3816 3.8
    endloop
  endfacet
  facet normal -0.5284 -0.848996 -0
    outer loop
      vertex -27.4325 70.2865 3.8
      vertex -27.5853 70.3816 0
      vertex -27.4325 70.2865 0
    endloop
  endfacet
  facet normal -0.995147 0.0984028 0
    outer loop
      vertex -26.2339 67.6411 0
      vertex -26.2162 67.8201 3.8
      vertex -26.2162 67.8201 0
    endloop
  endfacet
  facet normal -0.995147 0.0984028 0
    outer loop
      vertex -26.2162 67.8201 3.8
      vertex -26.2339 67.6411 0
      vertex -26.2339 67.6411 3.8
    endloop
  endfacet
  facet normal 0.162866 0.986648 -0
    outer loop
      vertex -29.3193 65.2735 0
      vertex -29.4968 65.3028 3.8
      vertex -29.3193 65.2735 3.8
    endloop
  endfacet
  facet normal 0.162866 0.986648 0
    outer loop
      vertex -29.4968 65.3028 3.8
      vertex -29.3193 65.2735 0
      vertex -29.4968 65.3028 0
    endloop
  endfacet
  facet normal -0.097798 0.995206 0
    outer loop
      vertex -28.6014 65.2735 0
      vertex -28.7805 65.2559 3.8
      vertex -28.6014 65.2735 3.8
    endloop
  endfacet
  facet normal -0.097798 0.995206 0
    outer loop
      vertex -28.7805 65.2559 3.8
      vertex -28.6014 65.2735 0
      vertex -28.7805 65.2559 0
    endloop
  endfacet
  facet normal 0.47128 -0.881983 0
    outer loop
      vertex -30.3353 70.3816 0
      vertex -30.1766 70.4664 3.8
      vertex -30.3353 70.3816 3.8
    endloop
  endfacet
  facet normal 0.47128 -0.881983 0
    outer loop
      vertex -30.1766 70.4664 3.8
      vertex -30.3353 70.3816 0
      vertex -30.1766 70.4664 0
    endloop
  endfacet
  facet normal 0.227212 -0.973845 0
    outer loop
      vertex -29.6721 70.6563 0
      vertex -29.4968 70.6972 3.8
      vertex -29.6721 70.6563 3.8
    endloop
  endfacet
  facet normal 0.227212 -0.973845 0
    outer loop
      vertex -29.4968 70.6972 3.8
      vertex -29.6721 70.6563 0
      vertex -29.4968 70.6972 0
    endloop
  endfacet
  facet normal -0.935872 -0.352341 0
    outer loop
      vertex -26.3563 68.884 0
      vertex -26.4197 69.0524 3.8
      vertex -26.4197 69.0524 0
    endloop
  endfacet
  facet normal -0.935872 -0.352341 0
    outer loop
      vertex -26.4197 69.0524 3.8
      vertex -26.3563 68.884 0
      vertex -26.3563 68.884 3.8
    endloop
  endfacet
  facet normal 0.812944 0.582341 0
    outer loop
      vertex -31.1421 66.3259 3.8
      vertex -31.2469 66.4722 0
      vertex -31.2469 66.4722 3.8
    endloop
  endfacet
  facet normal 0.812944 0.582341 0
    outer loop
      vertex -31.2469 66.4722 0
      vertex -31.1421 66.3259 3.8
      vertex -31.1421 66.3259 0
    endloop
  endfacet
  facet normal 0.528151 -0.849151 0
    outer loop
      vertex -30.4882 70.2865 0
      vertex -30.3353 70.3816 3.8
      vertex -30.4882 70.2865 3.8
    endloop
  endfacet
  facet normal 0.528151 -0.849151 0
    outer loop
      vertex -30.3353 70.3816 3.8
      vertex -30.4882 70.2865 0
      vertex -30.3353 70.3816 0
    endloop
  endfacet
  facet normal 0.956996 0.2901 0
    outer loop
      vertex -31.5644 67.116 3.8
      vertex -31.6166 67.2882 0
      vertex -31.6166 67.2882 3.8
    endloop
  endfacet
  facet normal 0.956996 0.2901 0
    outer loop
      vertex -31.6166 67.2882 0
      vertex -31.5644 67.116 3.8
      vertex -31.5644 67.116 0
    endloop
  endfacet
  facet normal 0.352341 -0.935872 0
    outer loop
      vertex -30.0127 70.5407 0
      vertex -29.8443 70.6041 3.8
      vertex -30.0127 70.5407 3.8
    endloop
  endfacet
  facet normal 0.352341 -0.935872 0
    outer loop
      vertex -29.8443 70.6041 3.8
      vertex -30.0127 70.5407 0
      vertex -29.8443 70.6041 0
    endloop
  endfacet
  facet normal -0.881752 -0.471713 0
    outer loop
      vertex -26.4939 69.2163 0
      vertex -26.5788 69.375 3.8
      vertex -26.5788 69.375 0
    endloop
  endfacet
  facet normal -0.881752 -0.471713 0
    outer loop
      vertex -26.5788 69.375 3.8
      vertex -26.4939 69.2163 0
      vertex -26.4939 69.2163 3.8
    endloop
  endfacet
  facet normal 0.986663 -0.162777 0
    outer loop
      vertex -31.6868 68.3589 3.8
      vertex -31.6575 68.5365 0
      vertex -31.6575 68.5365 3.8
    endloop
  endfacet
  facet normal 0.986663 -0.162777 0
    outer loop
      vertex -31.6575 68.5365 0
      vertex -31.6868 68.3589 3.8
      vertex -31.6868 68.3589 0
    endloop
  endfacet
  facet normal -0.812944 0.582341 0
    outer loop
      vertex -26.7786 66.3259 0
      vertex -26.6738 66.4722 3.8
      vertex -26.6738 66.4722 0
    endloop
  endfacet
  facet normal -0.812944 0.582341 0
    outer loop
      vertex -26.6738 66.4722 3.8
      vertex -26.7786 66.3259 0
      vertex -26.7786 66.3259 3.8
    endloop
  endfacet
  facet normal 0.582605 -0.812756 0
    outer loop
      vertex -30.6344 70.1817 0
      vertex -30.4882 70.2865 3.8
      vertex -30.6344 70.1817 3.8
    endloop
  endfacet
  facet normal 0.582605 -0.812756 0
    outer loop
      vertex -30.4882 70.2865 3.8
      vertex -30.6344 70.1817 0
      vertex -30.4882 70.2865 0
    endloop
  endfacet
  facet normal -0.2901 -0.956996 0
    outer loop
      vertex -28.2486 70.6563 0
      vertex -28.0764 70.6041 3.8
      vertex -28.2486 70.6563 3.8
    endloop
  endfacet
  facet normal -0.2901 -0.956996 -0
    outer loop
      vertex -28.0764 70.6041 3.8
      vertex -28.2486 70.6563 0
      vertex -28.0764 70.6041 0
    endloop
  endfacet
  facet normal -0.935872 0.352341 0
    outer loop
      vertex -26.4197 66.9476 0
      vertex -26.3563 67.116 3.8
      vertex -26.3563 67.116 0
    endloop
  endfacet
  facet normal -0.935872 0.352341 0
    outer loop
      vertex -26.3563 67.116 3.8
      vertex -26.4197 66.9476 0
      vertex -26.4197 66.9476 3.8
    endloop
  endfacet
  facet normal 0.412882 -0.910785 0
    outer loop
      vertex -30.1766 70.4664 0
      vertex -30.0127 70.5407 3.8
      vertex -30.1766 70.4664 3.8
    endloop
  endfacet
  facet normal 0.412882 -0.910785 0
    outer loop
      vertex -30.0127 70.5407 3.8
      vertex -30.1766 70.4664 0
      vertex -30.0127 70.5407 0
    endloop
  endfacet
  facet normal 0.995147 0.0984028 0
    outer loop
      vertex -31.6868 67.6411 3.8
      vertex -31.7045 67.8201 0
      vertex -31.7045 67.8201 3.8
    endloop
  endfacet
  facet normal 0.995147 0.0984028 0
    outer loop
      vertex -31.7045 67.8201 0
      vertex -31.6868 67.6411 3.8
      vertex -31.6868 67.6411 0
    endloop
  endfacet
  facet normal 0.097798 -0.995206 0
    outer loop
      vertex -29.3193 70.7265 0
      vertex -29.1402 70.7441 3.8
      vertex -29.3193 70.7265 3.8
    endloop
  endfacet
  facet normal 0.097798 -0.995206 0
    outer loop
      vertex -29.1402 70.7441 3.8
      vertex -29.3193 70.7265 0
      vertex -29.1402 70.7441 0
    endloop
  endfacet
  facet normal -0.412673 0.910879 0
    outer loop
      vertex -27.744 65.5336 0
      vertex -27.908 65.4593 3.8
      vertex -27.744 65.5336 3.8
    endloop
  endfacet
  facet normal -0.412673 0.910879 0
    outer loop
      vertex -27.908 65.4593 3.8
      vertex -27.744 65.5336 0
      vertex -27.908 65.4593 0
    endloop
  endfacet
  facet normal -0.582341 -0.812944 0
    outer loop
      vertex -27.4325 70.2865 0
      vertex -27.2862 70.1817 3.8
      vertex -27.4325 70.2865 3.8
    endloop
  endfacet
  facet normal -0.582341 -0.812944 -0
    outer loop
      vertex -27.2862 70.1817 3.8
      vertex -27.4325 70.2865 0
      vertex -27.2862 70.1817 0
    endloop
  endfacet
  facet normal 0.910785 0.412882 0
    outer loop
      vertex -31.4267 66.7837 3.8
      vertex -31.501 66.9476 0
      vertex -31.501 66.9476 3.8
    endloop
  endfacet
  facet normal 0.910785 0.412882 0
    outer loop
      vertex -31.501 66.9476 0
      vertex -31.4267 66.7837 3.8
      vertex -31.4267 66.7837 0
    endloop
  endfacet
  facet normal -0.973968 0.226685 0
    outer loop
      vertex -26.304 67.2882 0
      vertex -26.2632 67.4635 3.8
      vertex -26.2632 67.4635 0
    endloop
  endfacet
  facet normal -0.973968 0.226685 0
    outer loop
      vertex -26.2632 67.4635 3.8
      vertex -26.304 67.2882 0
      vertex -26.304 67.2882 3.8
    endloop
  endfacet
  facet normal -0.2901 0.956996 0
    outer loop
      vertex -28.0764 65.3959 0
      vertex -28.2486 65.3437 3.8
      vertex -28.0764 65.3959 3.8
    endloop
  endfacet
  facet normal -0.2901 0.956996 0
    outer loop
      vertex -28.2486 65.3437 3.8
      vertex -28.0764 65.3959 0
      vertex -28.2486 65.3437 0
    endloop
  endfacet
  facet normal -0.772892 -0.634538 0
    outer loop
      vertex -26.7786 69.6741 0
      vertex -26.8928 69.8132 3.8
      vertex -26.8928 69.8132 0
    endloop
  endfacet
  facet normal -0.772892 -0.634538 0
    outer loop
      vertex -26.8928 69.8132 3.8
      vertex -26.7786 69.6741 0
      vertex -26.7786 69.6741 3.8
    endloop
  endfacet
  facet normal 0.2901 -0.956996 0
    outer loop
      vertex -29.8443 70.6041 0
      vertex -29.6721 70.6563 3.8
      vertex -29.8443 70.6041 3.8
    endloop
  endfacet
  facet normal 0.2901 -0.956996 0
    outer loop
      vertex -29.6721 70.6563 3.8
      vertex -29.8443 70.6041 0
      vertex -29.6721 70.6563 0
    endloop
  endfacet
  facet normal -0.881752 0.471713 0
    outer loop
      vertex -26.5788 66.625 0
      vertex -26.4939 66.7837 3.8
      vertex -26.4939 66.7837 0
    endloop
  endfacet
  facet normal -0.881752 0.471713 0
    outer loop
      vertex -26.4939 66.7837 3.8
      vertex -26.5788 66.625 0
      vertex -26.5788 66.625 3.8
    endloop
  endfacet
  facet normal 0.47128 0.881983 -0
    outer loop
      vertex -30.1766 65.5336 0
      vertex -30.3353 65.6184 3.8
      vertex -30.1766 65.5336 3.8
    endloop
  endfacet
  facet normal 0.47128 0.881983 0
    outer loop
      vertex -30.3353 65.6184 3.8
      vertex -30.1766 65.5336 0
      vertex -30.3353 65.6184 0
    endloop
  endfacet
  facet normal 0.2901 0.956996 -0
    outer loop
      vertex -29.6721 65.3437 0
      vertex -29.8443 65.3959 3.8
      vertex -29.6721 65.3437 3.8
    endloop
  endfacet
  facet normal 0.2901 0.956996 0
    outer loop
      vertex -29.8443 65.3959 3.8
      vertex -29.6721 65.3437 0
      vertex -29.8443 65.3959 0
    endloop
  endfacet
  facet normal -0.412673 -0.910879 0
    outer loop
      vertex -27.908 70.5407 0
      vertex -27.744 70.4664 3.8
      vertex -27.908 70.5407 3.8
    endloop
  endfacet
  facet normal -0.412673 -0.910879 -0
    outer loop
      vertex -27.744 70.4664 3.8
      vertex -27.908 70.5407 0
      vertex -27.744 70.4664 0
    endloop
  endfacet
  facet normal -0.097798 -0.995206 0
    outer loop
      vertex -28.7805 70.7441 0
      vertex -28.6014 70.7265 3.8
      vertex -28.7805 70.7441 3.8
    endloop
  endfacet
  facet normal -0.097798 -0.995206 -0
    outer loop
      vertex -28.6014 70.7265 3.8
      vertex -28.7805 70.7441 0
      vertex -28.6014 70.7265 0
    endloop
  endfacet
  facet normal -0.47128 0.881983 0
    outer loop
      vertex -27.5853 65.6184 0
      vertex -27.744 65.5336 3.8
      vertex -27.5853 65.6184 3.8
    endloop
  endfacet
  facet normal -0.47128 0.881983 0
    outer loop
      vertex -27.744 65.5336 3.8
      vertex -27.5853 65.6184 0
      vertex -27.744 65.5336 0
    endloop
  endfacet
  facet normal 0.999481 0.0322234 0
    outer loop
      vertex -31.7045 67.8201 3.8
      vertex -31.7103 68 0
      vertex -31.7103 68 3.8
    endloop
  endfacet
  facet normal 0.999481 0.0322234 0
    outer loop
      vertex -31.7103 68 0
      vertex -31.7045 67.8201 3.8
      vertex -31.7045 67.8201 0
    endloop
  endfacet
  facet normal -0.973968 -0.226685 0
    outer loop
      vertex -26.2632 68.5365 0
      vertex -26.304 68.7118 3.8
      vertex -26.304 68.7118 0
    endloop
  endfacet
  facet normal -0.973968 -0.226685 0
    outer loop
      vertex -26.304 68.7118 3.8
      vertex -26.2632 68.5365 0
      vertex -26.2632 68.5365 3.8
    endloop
  endfacet
  facet normal 0.935872 -0.352341 0
    outer loop
      vertex -31.5644 68.884 3.8
      vertex -31.501 69.0524 0
      vertex -31.501 69.0524 3.8
    endloop
  endfacet
  facet normal 0.935872 -0.352341 0
    outer loop
      vertex -31.501 69.0524 0
      vertex -31.5644 68.884 3.8
      vertex -31.5644 68.884 0
    endloop
  endfacet
  facet normal -0.986663 -0.162777 0
    outer loop
      vertex -26.2339 68.3589 0
      vertex -26.2632 68.5365 3.8
      vertex -26.2632 68.5365 0
    endloop
  endfacet
  facet normal -0.986663 -0.162777 0
    outer loop
      vertex -26.2632 68.5365 3.8
      vertex -26.2339 68.3589 0
      vertex -26.2339 68.3589 3.8
    endloop
  endfacet
  facet normal 0.162866 -0.986648 0
    outer loop
      vertex -29.4968 70.6972 0
      vertex -29.3193 70.7265 3.8
      vertex -29.4968 70.6972 3.8
    endloop
  endfacet
  facet normal 0.162866 -0.986648 0
    outer loop
      vertex -29.3193 70.7265 3.8
      vertex -29.4968 70.6972 0
      vertex -29.3193 70.7265 0
    endloop
  endfacet
  facet normal 0.683682 0.72978 -0
    outer loop
      vertex -30.7735 65.9324 0
      vertex -30.9049 66.0555 3.8
      vertex -30.7735 65.9324 3.8
    endloop
  endfacet
  facet normal 0.683682 0.72978 0
    outer loop
      vertex -30.9049 66.0555 3.8
      vertex -30.7735 65.9324 0
      vertex -30.9049 66.0555 0
    endloop
  endfacet
  facet normal 0.849245 -0.527999 0
    outer loop
      vertex -31.3419 69.375 3.8
      vertex -31.2469 69.5278 0
      vertex -31.2469 69.5278 3.8
    endloop
  endfacet
  facet normal 0.849245 -0.527999 0
    outer loop
      vertex -31.2469 69.5278 0
      vertex -31.3419 69.375 3.8
      vertex -31.3419 69.375 0
    endloop
  endfacet
  facet normal 0.729797 -0.683664 0
    outer loop
      vertex -31.0279 69.8132 3.8
      vertex -30.9049 69.9445 0
      vertex -30.9049 69.9445 3.8
    endloop
  endfacet
  facet normal 0.729797 -0.683664 0
    outer loop
      vertex -30.9049 69.9445 0
      vertex -31.0279 69.8132 3.8
      vertex -31.0279 69.8132 0
    endloop
  endfacet
  facet normal 0.683682 -0.72978 0
    outer loop
      vertex -30.9049 69.9445 0
      vertex -30.7735 70.0676 3.8
      vertex -30.9049 69.9445 3.8
    endloop
  endfacet
  facet normal 0.683682 -0.72978 0
    outer loop
      vertex -30.7735 70.0676 3.8
      vertex -30.9049 69.9445 0
      vertex -30.7735 70.0676 0
    endloop
  endfacet
  facet normal 0.582605 0.812756 -0
    outer loop
      vertex -30.4882 65.7135 0
      vertex -30.6344 65.8183 3.8
      vertex -30.4882 65.7135 3.8
    endloop
  endfacet
  facet normal 0.582605 0.812756 0
    outer loop
      vertex -30.6344 65.8183 3.8
      vertex -30.4882 65.7135 0
      vertex -30.6344 65.8183 0
    endloop
  endfacet
  facet normal -0.5284 0.848996 0
    outer loop
      vertex -27.4325 65.7135 0
      vertex -27.5853 65.6184 3.8
      vertex -27.4325 65.7135 3.8
    endloop
  endfacet
  facet normal -0.5284 0.848996 0
    outer loop
      vertex -27.5853 65.6184 3.8
      vertex -27.4325 65.7135 0
      vertex -27.5853 65.6184 0
    endloop
  endfacet
  facet normal 0.973845 0.227212 0
    outer loop
      vertex -31.6166 67.2882 3.8
      vertex -31.6575 67.4635 0
      vertex -31.6575 67.4635 3.8
    endloop
  endfacet
  facet normal 0.973845 0.227212 0
    outer loop
      vertex -31.6575 67.4635 0
      vertex -31.6166 67.2882 3.8
      vertex -31.6166 67.2882 0
    endloop
  endfacet
  facet normal 0.986663 0.162777 0
    outer loop
      vertex -31.6575 67.4635 3.8
      vertex -31.6868 67.6411 0
      vertex -31.6868 67.6411 3.8
    endloop
  endfacet
  facet normal 0.986663 0.162777 0
    outer loop
      vertex -31.6868 67.6411 0
      vertex -31.6575 67.4635 3.8
      vertex -31.6575 67.4635 0
    endloop
  endfacet
  facet normal 0.097798 0.995206 -0
    outer loop
      vertex -29.1402 65.2559 0
      vertex -29.3193 65.2735 3.8
      vertex -29.1402 65.2559 3.8
    endloop
  endfacet
  facet normal 0.097798 0.995206 0
    outer loop
      vertex -29.3193 65.2735 3.8
      vertex -29.1402 65.2559 0
      vertex -29.3193 65.2735 0
    endloop
  endfacet
  facet normal 0.528151 0.849151 -0
    outer loop
      vertex -30.3353 65.6184 0
      vertex -30.4882 65.7135 3.8
      vertex -30.3353 65.6184 3.8
    endloop
  endfacet
  facet normal 0.528151 0.849151 0
    outer loop
      vertex -30.4882 65.7135 3.8
      vertex -30.3353 65.6184 0
      vertex -30.4882 65.7135 0
    endloop
  endfacet
  facet normal 0.412882 0.910785 -0
    outer loop
      vertex -30.0127 65.4593 0
      vertex -30.1766 65.5336 3.8
      vertex -30.0127 65.4593 3.8
    endloop
  endfacet
  facet normal 0.412882 0.910785 0
    outer loop
      vertex -30.1766 65.5336 3.8
      vertex -30.0127 65.4593 0
      vertex -30.1766 65.5336 0
    endloop
  endfacet
  facet normal -0.352341 0.935872 0
    outer loop
      vertex -27.908 65.4593 0
      vertex -28.0764 65.3959 3.8
      vertex -27.908 65.4593 3.8
    endloop
  endfacet
  facet normal -0.352341 0.935872 0
    outer loop
      vertex -28.0764 65.3959 3.8
      vertex -27.908 65.4593 0
      vertex -28.0764 65.3959 0
    endloop
  endfacet
  facet normal -0.162777 -0.986663 0
    outer loop
      vertex -28.6014 70.7265 0
      vertex -28.4238 70.6972 3.8
      vertex -28.6014 70.7265 3.8
    endloop
  endfacet
  facet normal -0.162777 -0.986663 -0
    outer loop
      vertex -28.4238 70.6972 3.8
      vertex -28.6014 70.7265 0
      vertex -28.4238 70.6972 0
    endloop
  endfacet
  facet normal -0.910994 -0.412421 0
    outer loop
      vertex -26.4197 69.0524 0
      vertex -26.4939 69.2163 3.8
      vertex -26.4939 69.2163 0
    endloop
  endfacet
  facet normal -0.910994 -0.412421 0
    outer loop
      vertex -26.4939 69.2163 3.8
      vertex -26.4197 69.0524 0
      vertex -26.4197 69.0524 3.8
    endloop
  endfacet
  facet normal 0.227212 0.973845 -0
    outer loop
      vertex -29.4968 65.3028 0
      vertex -29.6721 65.3437 3.8
      vertex -29.4968 65.3028 3.8
    endloop
  endfacet
  facet normal 0.227212 0.973845 0
    outer loop
      vertex -29.6721 65.3437 3.8
      vertex -29.4968 65.3028 0
      vertex -29.6721 65.3437 0
    endloop
  endfacet
  facet normal 0.910785 -0.412882 0
    outer loop
      vertex -31.501 69.0524 3.8
      vertex -31.4267 69.2163 0
      vertex -31.4267 69.2163 3.8
    endloop
  endfacet
  facet normal 0.910785 -0.412882 0
    outer loop
      vertex -31.4267 69.2163 0
      vertex -31.501 69.0524 3.8
      vertex -31.501 69.0524 0
    endloop
  endfacet
  facet normal 0.849245 0.527999 0
    outer loop
      vertex -31.2469 66.4722 3.8
      vertex -31.3419 66.625 0
      vertex -31.3419 66.625 3.8
    endloop
  endfacet
  facet normal 0.849245 0.527999 0
    outer loop
      vertex -31.3419 66.625 0
      vertex -31.2469 66.4722 3.8
      vertex -31.2469 66.4722 0
    endloop
  endfacet
  facet normal -0.68396 0.72952 0
    outer loop
      vertex -27.0158 66.0555 0
      vertex -27.1471 65.9324 3.8
      vertex -27.0158 66.0555 3.8
    endloop
  endfacet
  facet normal -0.68396 0.72952 0
    outer loop
      vertex -27.1471 65.9324 3.8
      vertex -27.0158 66.0555 0
      vertex -27.1471 65.9324 0
    endloop
  endfacet
  facet normal 0 1 -0
    outer loop
      vertex -26.5932 63.9 3.8
      vertex -31.3275 63.9 8
      vertex -26.5932 63.9 8
    endloop
  endfacet
  facet normal 0 1 0
    outer loop
      vertex -31.3275 63.9 8
      vertex -26.5932 63.9 3.8
      vertex -31.3275 63.9 3.8
    endloop
  endfacet
  facet normal 0 -1 0
    outer loop
      vertex -31.3275 72.1 3.8
      vertex -26.5932 72.1 8
      vertex -31.3275 72.1 8
    endloop
  endfacet
  facet normal 0 -1 -0
    outer loop
      vertex -26.5932 72.1 8
      vertex -31.3275 72.1 3.8
      vertex -26.5932 72.1 3.8
    endloop
  endfacet
  facet normal -0.866029 -0.499994 0
    outer loop
      vertex -24.2261 68 3.8
      vertex -26.5932 72.1 8
      vertex -26.5932 72.1 3.8
    endloop
  endfacet
  facet normal -0.866029 -0.499994 0
    outer loop
      vertex -26.5932 72.1 8
      vertex -24.2261 68 3.8
      vertex -24.2261 68 8
    endloop
  endfacet
  facet normal 0.866029 -0.499994 0
    outer loop
      vertex -33.6946 68 8
      vertex -31.3275 72.1 3.8
      vertex -31.3275 72.1 8
    endloop
  endfacet
  facet normal 0.866029 -0.499994 0
    outer loop
      vertex -31.3275 72.1 3.8
      vertex -33.6946 68 8
      vertex -33.6946 68 3.8
    endloop
  endfacet
  facet normal 0.866029 0.499994 0
    outer loop
      vertex -31.3275 63.9 8
      vertex -33.6946 68 3.8
      vertex -33.6946 68 8
    endloop
  endfacet
  facet normal 0.866029 0.499994 0
    outer loop
      vertex -33.6946 68 3.8
      vertex -31.3275 63.9 8
      vertex -31.3275 63.9 3.8
    endloop
  endfacet
  facet normal -0.866029 0.499994 0
    outer loop
      vertex -26.5932 63.9 3.8
      vertex -24.2261 68 8
      vertex -24.2261 68 3.8
    endloop
  endfacet
  facet normal -0.866029 0.499994 0
    outer loop
      vertex -24.2261 68 8
      vertex -26.5932 63.9 3.8
      vertex -26.5932 63.9 8
    endloop
  endfacet
  facet normal 0 0 1
    outer loop
      vertex -24.2261 68 3.8
      vertex -26.2162 68.1799 3.8
      vertex -26.2103 68 3.8
    endloop
  endfacet
  facet normal 0 0 1
    outer loop
      vertex -24.2261 68 3.8
      vertex -26.2339 68.3589 3.8
      vertex -26.2162 68.1799 3.8
    endloop
  endfacet
  facet normal 0 0 1
    outer loop
      vertex -24.2261 68 3.8
      vertex -26.2632 68.5365 3.8
      vertex -26.2339 68.3589 3.8
    endloop
  endfacet
  facet normal 0 0 1
    outer loop
      vertex -24.2261 68 3.8
      vertex -26.304 68.7118 3.8
      vertex -26.2632 68.5365 3.8
    endloop
  endfacet
  facet normal 0 0 1
    outer loop
      vertex -24.2261 68 3.8
      vertex -26.3563 68.884 3.8
      vertex -26.304 68.7118 3.8
    endloop
  endfacet
  facet normal 0 0 1
    outer loop
      vertex -24.2261 68 3.8
      vertex -26.4197 69.0524 3.8
      vertex -26.3563 68.884 3.8
    endloop
  endfacet
  facet normal 0 0 1
    outer loop
      vertex -24.2261 68 3.8
      vertex -26.4939 69.2163 3.8
      vertex -26.4197 69.0524 3.8
    endloop
  endfacet
  facet normal 0 0 1
    outer loop
      vertex -24.2261 68 3.8
      vertex -26.5788 69.375 3.8
      vertex -26.4939 69.2163 3.8
    endloop
  endfacet
  facet normal 0 0 1
    outer loop
      vertex -26.5932 72.1 3.8
      vertex -26.5788 69.375 3.8
      vertex -24.2261 68 3.8
    endloop
  endfacet
  facet normal 0 0 1
    outer loop
      vertex -26.5932 72.1 3.8
      vertex -26.6738 69.5278 3.8
      vertex -26.5788 69.375 3.8
    endloop
  endfacet
  facet normal 0 0 1
    outer loop
      vertex -26.5932 72.1 3.8
      vertex -26.7786 69.6741 3.8
      vertex -26.6738 69.5278 3.8
    endloop
  endfacet
  facet normal 0 0 1
    outer loop
      vertex -26.5932 72.1 3.8
      vertex -26.8928 69.8132 3.8
      vertex -26.7786 69.6741 3.8
    endloop
  endfacet
  facet normal 0 0 1
    outer loop
      vertex -26.5932 72.1 3.8
      vertex -27.0158 69.9445 3.8
      vertex -26.8928 69.8132 3.8
    endloop
  endfacet
  facet normal 0 0 1
    outer loop
      vertex -26.5932 72.1 3.8
      vertex -27.1471 70.0676 3.8
      vertex -27.0158 69.9445 3.8
    endloop
  endfacet
  facet normal 0 0 1
    outer loop
      vertex -26.5932 72.1 3.8
      vertex -27.2862 70.1817 3.8
      vertex -27.1471 70.0676 3.8
    endloop
  endfacet
  facet normal 0 0 1
    outer loop
      vertex -26.5932 72.1 3.8
      vertex -27.4325 70.2865 3.8
      vertex -27.2862 70.1817 3.8
    endloop
  endfacet
  facet normal 0 0 1
    outer loop
      vertex -26.5932 72.1 3.8
      vertex -27.5853 70.3816 3.8
      vertex -27.4325 70.2865 3.8
    endloop
  endfacet
  facet normal 0 0 1
    outer loop
      vertex -26.5932 72.1 3.8
      vertex -27.744 70.4664 3.8
      vertex -27.5853 70.3816 3.8
    endloop
  endfacet
  facet normal 0 0 1
    outer loop
      vertex -26.5932 72.1 3.8
      vertex -27.908 70.5407 3.8
      vertex -27.744 70.4664 3.8
    endloop
  endfacet
  facet normal 0 0 1
    outer loop
      vertex -26.5932 72.1 3.8
      vertex -28.0764 70.6041 3.8
      vertex -27.908 70.5407 3.8
    endloop
  endfacet
  facet normal 0 0 1
    outer loop
      vertex -26.5932 72.1 3.8
      vertex -28.2486 70.6563 3.8
      vertex -28.0764 70.6041 3.8
    endloop
  endfacet
  facet normal 0 0 1
    outer loop
      vertex -26.5932 72.1 3.8
      vertex -28.4238 70.6972 3.8
      vertex -28.2486 70.6563 3.8
    endloop
  endfacet
  facet normal 0 0 1
    outer loop
      vertex -26.5932 72.1 3.8
      vertex -28.6014 70.7265 3.8
      vertex -28.4238 70.6972 3.8
    endloop
  endfacet
  facet normal 0 0 1
    outer loop
      vertex -26.5932 72.1 3.8
      vertex -28.7805 70.7441 3.8
      vertex -28.6014 70.7265 3.8
    endloop
  endfacet
  facet normal 0 0 1
    outer loop
      vertex -26.5932 72.1 3.8
      vertex -28.9603 70.75 3.8
      vertex -28.7805 70.7441 3.8
    endloop
  endfacet
  facet normal -0 0 1
    outer loop
      vertex -31.3275 72.1 3.8
      vertex -28.9603 70.75 3.8
      vertex -26.5932 72.1 3.8
    endloop
  endfacet
  facet normal 0 0 1
    outer loop
      vertex -28.9603 70.75 3.8
      vertex -31.3275 72.1 3.8
      vertex -29.1402 70.7441 3.8
    endloop
  endfacet
  facet normal 0 0 1
    outer loop
      vertex -29.1402 70.7441 3.8
      vertex -31.3275 72.1 3.8
      vertex -29.3193 70.7265 3.8
    endloop
  endfacet
  facet normal 0 0 1
    outer loop
      vertex -29.3193 70.7265 3.8
      vertex -31.3275 72.1 3.8
      vertex -29.4968 70.6972 3.8
    endloop
  endfacet
  facet normal 0 0 1
    outer loop
      vertex -29.4968 70.6972 3.8
      vertex -31.3275 72.1 3.8
      vertex -29.6721 70.6563 3.8
    endloop
  endfacet
  facet normal 0 0 1
    outer loop
      vertex -29.6721 70.6563 3.8
      vertex -31.3275 72.1 3.8
      vertex -29.8443 70.6041 3.8
    endloop
  endfacet
  facet normal 0 0 1
    outer loop
      vertex -29.8443 70.6041 3.8
      vertex -31.3275 72.1 3.8
      vertex -30.0127 70.5407 3.8
    endloop
  endfacet
  facet normal 0 0 1
    outer loop
      vertex -30.0127 70.5407 3.8
      vertex -31.3275 72.1 3.8
      vertex -30.1766 70.4664 3.8
    endloop
  endfacet
  facet normal 0 0 1
    outer loop
      vertex -31.3275 72.1 3.8
      vertex -30.3353 70.3816 3.8
      vertex -30.1766 70.4664 3.8
    endloop
  endfacet
  facet normal 0 0 1
    outer loop
      vertex -31.3275 72.1 3.8
      vertex -30.4882 70.2865 3.8
      vertex -30.3353 70.3816 3.8
    endloop
  endfacet
  facet normal 0 0 1
    outer loop
      vertex -31.3275 72.1 3.8
      vertex -30.6344 70.1817 3.8
      vertex -30.4882 70.2865 3.8
    endloop
  endfacet
  facet normal 0 0 1
    outer loop
      vertex -31.3275 72.1 3.8
      vertex -30.7735 70.0676 3.8
      vertex -30.6344 70.1817 3.8
    endloop
  endfacet
  facet normal 0 0 1
    outer loop
      vertex -31.3275 72.1 3.8
      vertex -30.9049 69.9445 3.8
      vertex -30.7735 70.0676 3.8
    endloop
  endfacet
  facet normal 0 0 1
    outer loop
      vertex -31.3275 72.1 3.8
      vertex -31.0279 69.8132 3.8
      vertex -30.9049 69.9445 3.8
    endloop
  endfacet
  facet normal 0 0 1
    outer loop
      vertex -31.3275 72.1 3.8
      vertex -31.1421 69.6741 3.8
      vertex -31.0279 69.8132 3.8
    endloop
  endfacet
  facet normal 0 0 1
    outer loop
      vertex -31.3275 72.1 3.8
      vertex -31.2469 69.5278 3.8
      vertex -31.1421 69.6741 3.8
    endloop
  endfacet
  facet normal 0 0 1
    outer loop
      vertex -31.3275 72.1 3.8
      vertex -31.3419 69.375 3.8
      vertex -31.2469 69.5278 3.8
    endloop
  endfacet
  facet normal 0 0 1
    outer loop
      vertex -33.6946 68 3.8
      vertex -31.3419 69.375 3.8
      vertex -31.3275 72.1 3.8
    endloop
  endfacet
  facet normal 0 0 1
    outer loop
      vertex -31.3419 69.375 3.8
      vertex -33.6946 68 3.8
      vertex -31.4267 69.2163 3.8
    endloop
  endfacet
  facet normal 0 0 1
    outer loop
      vertex -31.4267 69.2163 3.8
      vertex -33.6946 68 3.8
      vertex -31.501 69.0524 3.8
    endloop
  endfacet
  facet normal 0 0 1
    outer loop
      vertex -31.501 69.0524 3.8
      vertex -33.6946 68 3.8
      vertex -31.5644 68.884 3.8
    endloop
  endfacet
  facet normal 0 0 1
    outer loop
      vertex -31.5644 68.884 3.8
      vertex -33.6946 68 3.8
      vertex -31.6166 68.7118 3.8
    endloop
  endfacet
  facet normal 0 0 1
    outer loop
      vertex -31.6166 68.7118 3.8
      vertex -33.6946 68 3.8
      vertex -31.6575 68.5365 3.8
    endloop
  endfacet
  facet normal 0 0 1
    outer loop
      vertex -31.6575 68.5365 3.8
      vertex -33.6946 68 3.8
      vertex -31.6868 68.3589 3.8
    endloop
  endfacet
  facet normal 0 0 1
    outer loop
      vertex -31.7045 68.1799 3.8
      vertex -33.6946 68 3.8
      vertex -31.7103 68 3.8
    endloop
  endfacet
  facet normal 0 0 1
    outer loop
      vertex -31.6868 68.3589 3.8
      vertex -33.6946 68 3.8
      vertex -31.7045 68.1799 3.8
    endloop
  endfacet
  facet normal 0 0 1
    outer loop
      vertex -26.2162 67.8201 3.8
      vertex -24.2261 68 3.8
      vertex -26.2103 68 3.8
    endloop
  endfacet
  facet normal 0 0 1
    outer loop
      vertex -26.2339 67.6411 3.8
      vertex -24.2261 68 3.8
      vertex -26.2162 67.8201 3.8
    endloop
  endfacet
  facet normal 0 0 1
    outer loop
      vertex -26.2632 67.4635 3.8
      vertex -24.2261 68 3.8
      vertex -26.2339 67.6411 3.8
    endloop
  endfacet
  facet normal 0 0 1
    outer loop
      vertex -26.304 67.2882 3.8
      vertex -24.2261 68 3.8
      vertex -26.2632 67.4635 3.8
    endloop
  endfacet
  facet normal 0 0 1
    outer loop
      vertex -26.3563 67.116 3.8
      vertex -24.2261 68 3.8
      vertex -26.304 67.2882 3.8
    endloop
  endfacet
  facet normal 0 0 1
    outer loop
      vertex -26.4197 66.9476 3.8
      vertex -24.2261 68 3.8
      vertex -26.3563 67.116 3.8
    endloop
  endfacet
  facet normal 0 0 1
    outer loop
      vertex -26.4939 66.7837 3.8
      vertex -24.2261 68 3.8
      vertex -26.4197 66.9476 3.8
    endloop
  endfacet
  facet normal 0 0 1
    outer loop
      vertex -26.5788 66.625 3.8
      vertex -24.2261 68 3.8
      vertex -26.4939 66.7837 3.8
    endloop
  endfacet
  facet normal -0 0 1
    outer loop
      vertex -26.5788 66.625 3.8
      vertex -26.5932 63.9 3.8
      vertex -24.2261 68 3.8
    endloop
  endfacet
  facet normal -0 0 1
    outer loop
      vertex -26.6738 66.4722 3.8
      vertex -26.5932 63.9 3.8
      vertex -26.5788 66.625 3.8
    endloop
  endfacet
  facet normal -0 0 1
    outer loop
      vertex -26.7786 66.3259 3.8
      vertex -26.5932 63.9 3.8
      vertex -26.6738 66.4722 3.8
    endloop
  endfacet
  facet normal -0 0 1
    outer loop
      vertex -26.8928 66.1868 3.8
      vertex -26.5932 63.9 3.8
      vertex -26.7786 66.3259 3.8
    endloop
  endfacet
  facet normal -0 0 1
    outer loop
      vertex -27.0158 66.0555 3.8
      vertex -26.5932 63.9 3.8
      vertex -26.8928 66.1868 3.8
    endloop
  endfacet
  facet normal -0 0 1
    outer loop
      vertex -27.1471 65.9324 3.8
      vertex -26.5932 63.9 3.8
      vertex -27.0158 66.0555 3.8
    endloop
  endfacet
  facet normal -0 0 1
    outer loop
      vertex -27.2862 65.8183 3.8
      vertex -26.5932 63.9 3.8
      vertex -27.1471 65.9324 3.8
    endloop
  endfacet
  facet normal -0 0 1
    outer loop
      vertex -27.4325 65.7135 3.8
      vertex -26.5932 63.9 3.8
      vertex -27.2862 65.8183 3.8
    endloop
  endfacet
  facet normal -0 0 1
    outer loop
      vertex -27.5853 65.6184 3.8
      vertex -26.5932 63.9 3.8
      vertex -27.4325 65.7135 3.8
    endloop
  endfacet
  facet normal -0 0 1
    outer loop
      vertex -27.744 65.5336 3.8
      vertex -26.5932 63.9 3.8
      vertex -27.5853 65.6184 3.8
    endloop
  endfacet
  facet normal -0 0 1
    outer loop
      vertex -27.908 65.4593 3.8
      vertex -26.5932 63.9 3.8
      vertex -27.744 65.5336 3.8
    endloop
  endfacet
  facet normal -0 0 1
    outer loop
      vertex -28.0764 65.3959 3.8
      vertex -26.5932 63.9 3.8
      vertex -27.908 65.4593 3.8
    endloop
  endfacet
  facet normal -0 0 1
    outer loop
      vertex -28.2486 65.3437 3.8
      vertex -26.5932 63.9 3.8
      vertex -28.0764 65.3959 3.8
    endloop
  endfacet
  facet normal -0 0 1
    outer loop
      vertex -28.4238 65.3028 3.8
      vertex -26.5932 63.9 3.8
      vertex -28.2486 65.3437 3.8
    endloop
  endfacet
  facet normal -0 0 1
    outer loop
      vertex -28.6014 65.2735 3.8
      vertex -26.5932 63.9 3.8
      vertex -28.4238 65.3028 3.8
    endloop
  endfacet
  facet normal -0 0 1
    outer loop
      vertex -28.7805 65.2559 3.8
      vertex -26.5932 63.9 3.8
      vertex -28.6014 65.2735 3.8
    endloop
  endfacet
  facet normal -0 0 1
    outer loop
      vertex -28.9603 65.25 3.8
      vertex -26.5932 63.9 3.8
      vertex -28.7805 65.2559 3.8
    endloop
  endfacet
  facet normal 0 0 1
    outer loop
      vertex -31.3275 63.9 3.8
      vertex -28.9603 65.25 3.8
      vertex -29.1402 65.2559 3.8
    endloop
  endfacet
  facet normal 0 0 1
    outer loop
      vertex -31.3275 63.9 3.8
      vertex -29.1402 65.2559 3.8
      vertex -29.3193 65.2735 3.8
    endloop
  endfacet
  facet normal 0 0 1
    outer loop
      vertex -31.3275 63.9 3.8
      vertex -29.3193 65.2735 3.8
      vertex -29.4968 65.3028 3.8
    endloop
  endfacet
  facet normal 0 0 1
    outer loop
      vertex -31.3275 63.9 3.8
      vertex -29.4968 65.3028 3.8
      vertex -29.6721 65.3437 3.8
    endloop
  endfacet
  facet normal 0 0 1
    outer loop
      vertex -31.3275 63.9 3.8
      vertex -29.6721 65.3437 3.8
      vertex -29.8443 65.3959 3.8
    endloop
  endfacet
  facet normal 0 0 1
    outer loop
      vertex -31.3275 63.9 3.8
      vertex -29.8443 65.3959 3.8
      vertex -30.0127 65.4593 3.8
    endloop
  endfacet
  facet normal 0 0 1
    outer loop
      vertex -31.3275 63.9 3.8
      vertex -30.0127 65.4593 3.8
      vertex -30.1766 65.5336 3.8
    endloop
  endfacet
  facet normal 0 0 1
    outer loop
      vertex -28.9603 65.25 3.8
      vertex -31.3275 63.9 3.8
      vertex -26.5932 63.9 3.8
    endloop
  endfacet
  facet normal 0 0 1
    outer loop
      vertex -30.3353 65.6184 3.8
      vertex -31.3275 63.9 3.8
      vertex -30.1766 65.5336 3.8
    endloop
  endfacet
  facet normal 0 0 1
    outer loop
      vertex -30.4882 65.7135 3.8
      vertex -31.3275 63.9 3.8
      vertex -30.3353 65.6184 3.8
    endloop
  endfacet
  facet normal 0 0 1
    outer loop
      vertex -30.6344 65.8183 3.8
      vertex -31.3275 63.9 3.8
      vertex -30.4882 65.7135 3.8
    endloop
  endfacet
  facet normal 0 0 1
    outer loop
      vertex -30.7735 65.9324 3.8
      vertex -31.3275 63.9 3.8
      vertex -30.6344 65.8183 3.8
    endloop
  endfacet
  facet normal 0 0 1
    outer loop
      vertex -30.9049 66.0555 3.8
      vertex -31.3275 63.9 3.8
      vertex -30.7735 65.9324 3.8
    endloop
  endfacet
  facet normal 0 0 1
    outer loop
      vertex -31.0279 66.1868 3.8
      vertex -31.3275 63.9 3.8
      vertex -30.9049 66.0555 3.8
    endloop
  endfacet
  facet normal 0 0 1
    outer loop
      vertex -31.1421 66.3259 3.8
      vertex -31.3275 63.9 3.8
      vertex -31.0279 66.1868 3.8
    endloop
  endfacet
  facet normal 0 0 1
    outer loop
      vertex -31.2469 66.4722 3.8
      vertex -31.3275 63.9 3.8
      vertex -31.1421 66.3259 3.8
    endloop
  endfacet
  facet normal 0 0 1
    outer loop
      vertex -31.3419 66.625 3.8
      vertex -31.3275 63.9 3.8
      vertex -31.2469 66.4722 3.8
    endloop
  endfacet
  facet normal 0 0 1
    outer loop
      vertex -33.6946 68 3.8
      vertex -31.3419 66.625 3.8
      vertex -31.4267 66.7837 3.8
    endloop
  endfacet
  facet normal 0 0 1
    outer loop
      vertex -33.6946 68 3.8
      vertex -31.4267 66.7837 3.8
      vertex -31.501 66.9476 3.8
    endloop
  endfacet
  facet normal 0 0 1
    outer loop
      vertex -33.6946 68 3.8
      vertex -31.501 66.9476 3.8
      vertex -31.5644 67.116 3.8
    endloop
  endfacet
  facet normal 0 0 1
    outer loop
      vertex -33.6946 68 3.8
      vertex -31.5644 67.116 3.8
      vertex -31.6166 67.2882 3.8
    endloop
  endfacet
  facet normal 0 0 1
    outer loop
      vertex -33.6946 68 3.8
      vertex -31.6166 67.2882 3.8
      vertex -31.6575 67.4635 3.8
    endloop
  endfacet
  facet normal 0 0 1
    outer loop
      vertex -33.6946 68 3.8
      vertex -31.6575 67.4635 3.8
      vertex -31.6868 67.6411 3.8
    endloop
  endfacet
  facet normal 0 0 1
    outer loop
      vertex -33.6946 68 3.8
      vertex -31.6868 67.6411 3.8
      vertex -31.7045 67.8201 3.8
    endloop
  endfacet
  facet normal 0 0 1
    outer loop
      vertex -31.3419 66.625 3.8
      vertex -33.6946 68 3.8
      vertex -31.3275 63.9 3.8
    endloop
  endfacet
  facet normal -0 0 1
    outer loop
      vertex -33.6946 68 3.8
      vertex -31.7045 67.8201 3.8
      vertex -31.7103 68 3.8
    endloop
  endfacet
  facet normal -0.999481 0.0322234 0
    outer loop
      vertex 31.7045 67.8201 0
      vertex 31.7103 68 4.5
      vertex 31.7103 68 0
    endloop
  endfacet
  facet normal -0.999481 0.0322234 0
    outer loop
      vertex 31.7103 68 4.5
      vertex 31.7045 67.8201 0
      vertex 31.7045 67.8201 4.5
    endloop
  endfacet
  facet normal -0.995147 -0.0984028 0
    outer loop
      vertex 31.7045 68.1799 0
      vertex 31.6868 68.3589 4.5
      vertex 31.6868 68.3589 0
    endloop
  endfacet
  facet normal -0.995147 -0.0984028 0
    outer loop
      vertex 31.6868 68.3589 4.5
      vertex 31.7045 68.1799 0
      vertex 31.7045 68.1799 4.5
    endloop
  endfacet
  facet normal -0.999481 -0.0322234 0
    outer loop
      vertex 31.7103 68 0
      vertex 31.7045 68.1799 4.5
      vertex 31.7045 68.1799 0
    endloop
  endfacet
  facet normal -0.999481 -0.0322234 0
    outer loop
      vertex 31.7045 68.1799 4.5
      vertex 31.7103 68 0
      vertex 31.7103 68 4.5
    endloop
  endfacet
  facet normal 0.881752 0.471713 0
    outer loop
      vertex 26.5788 66.625 4.5
      vertex 26.4939 66.7837 0
      vertex 26.4939 66.7837 4.5
    endloop
  endfacet
  facet normal 0.881752 0.471713 0
    outer loop
      vertex 26.4939 66.7837 0
      vertex 26.5788 66.625 4.5
      vertex 26.5788 66.625 0
    endloop
  endfacet
  facet normal -0.582605 0.812756 0
    outer loop
      vertex 30.6344 65.8183 0
      vertex 30.4882 65.7135 4.5
      vertex 30.6344 65.8183 4.5
    endloop
  endfacet
  facet normal -0.582605 0.812756 0
    outer loop
      vertex 30.4882 65.7135 4.5
      vertex 30.6344 65.8183 0
      vertex 30.4882 65.7135 0
    endloop
  endfacet
  facet normal 0.772892 0.634538 0
    outer loop
      vertex 26.8928 66.1868 4.5
      vertex 26.7786 66.3259 0
      vertex 26.7786 66.3259 4.5
    endloop
  endfacet
  facet normal 0.772892 0.634538 0
    outer loop
      vertex 26.7786 66.3259 0
      vertex 26.8928 66.1868 4.5
      vertex 26.8928 66.1868 0
    endloop
  endfacet
  facet normal -0.528151 0.849151 0
    outer loop
      vertex 30.4882 65.7135 0
      vertex 30.3353 65.6184 4.5
      vertex 30.4882 65.7135 4.5
    endloop
  endfacet
  facet normal -0.528151 0.849151 0
    outer loop
      vertex 30.3353 65.6184 4.5
      vertex 30.4882 65.7135 0
      vertex 30.3353 65.6184 0
    endloop
  endfacet
  facet normal -0.227212 0.973845 0
    outer loop
      vertex 29.6721 65.3437 0
      vertex 29.4968 65.3028 4.5
      vertex 29.6721 65.3437 4.5
    endloop
  endfacet
  facet normal -0.227212 0.973845 0
    outer loop
      vertex 29.4968 65.3028 4.5
      vertex 29.6721 65.3437 0
      vertex 29.4968 65.3028 0
    endloop
  endfacet
  facet normal 0.973968 -0.226685 0
    outer loop
      vertex 26.2632 68.5365 4.5
      vertex 26.304 68.7118 0
      vertex 26.304 68.7118 4.5
    endloop
  endfacet
  facet normal 0.973968 -0.226685 0
    outer loop
      vertex 26.304 68.7118 0
      vertex 26.2632 68.5365 4.5
      vertex 26.2632 68.5365 0
    endloop
  endfacet
  facet normal -0.352341 0.935872 0
    outer loop
      vertex 30.0127 65.4593 0
      vertex 29.8443 65.3959 4.5
      vertex 30.0127 65.4593 4.5
    endloop
  endfacet
  facet normal -0.352341 0.935872 0
    outer loop
      vertex 29.8443 65.3959 4.5
      vertex 30.0127 65.4593 0
      vertex 29.8443 65.3959 0
    endloop
  endfacet
  facet normal 0.0327966 0.999462 -0
    outer loop
      vertex 28.9603 65.25 0
      vertex 28.7805 65.2559 4.5
      vertex 28.9603 65.25 4.5
    endloop
  endfacet
  facet normal 0.0327966 0.999462 0
    outer loop
      vertex 28.7805 65.2559 4.5
      vertex 28.9603 65.25 0
      vertex 28.7805 65.2559 0
    endloop
  endfacet
  facet normal -0.683682 0.72978 0
    outer loop
      vertex 30.9049 66.0555 0
      vertex 30.7735 65.9324 4.5
      vertex 30.9049 66.0555 4.5
    endloop
  endfacet
  facet normal -0.683682 0.72978 0
    outer loop
      vertex 30.7735 65.9324 4.5
      vertex 30.9049 66.0555 0
      vertex 30.7735 65.9324 0
    endloop
  endfacet
  facet normal -0.849245 -0.527999 0
    outer loop
      vertex 31.3419 69.375 0
      vertex 31.2469 69.5278 4.5
      vertex 31.2469 69.5278 0
    endloop
  endfacet
  facet normal -0.849245 -0.527999 0
    outer loop
      vertex 31.2469 69.5278 4.5
      vertex 31.3419 69.375 0
      vertex 31.3419 69.375 4.5
    endloop
  endfacet
  facet normal -0.772892 0.634538 0
    outer loop
      vertex 31.0279 66.1868 0
      vertex 31.1421 66.3259 4.5
      vertex 31.1421 66.3259 0
    endloop
  endfacet
  facet normal -0.772892 0.634538 0
    outer loop
      vertex 31.1421 66.3259 4.5
      vertex 31.0279 66.1868 0
      vertex 31.0279 66.1868 4.5
    endloop
  endfacet
  facet normal -0.634206 -0.773164 0
    outer loop
      vertex 30.6344 70.1817 0
      vertex 30.7735 70.0676 4.5
      vertex 30.6344 70.1817 4.5
    endloop
  endfacet
  facet normal -0.634206 -0.773164 -0
    outer loop
      vertex 30.7735 70.0676 4.5
      vertex 30.6344 70.1817 0
      vertex 30.7735 70.0676 0
    endloop
  endfacet
  facet normal 0.935872 -0.352341 0
    outer loop
      vertex 26.3563 68.884 4.5
      vertex 26.4197 69.0524 0
      vertex 26.4197 69.0524 4.5
    endloop
  endfacet
  facet normal 0.935872 -0.352341 0
    outer loop
      vertex 26.4197 69.0524 0
      vertex 26.3563 68.884 4.5
      vertex 26.3563 68.884 0
    endloop
  endfacet
  facet normal -0.352341 -0.935872 0
    outer loop
      vertex 29.8443 70.6041 0
      vertex 30.0127 70.5407 4.5
      vertex 29.8443 70.6041 4.5
    endloop
  endfacet
  facet normal -0.352341 -0.935872 -0
    outer loop
      vertex 30.0127 70.5407 4.5
      vertex 29.8443 70.6041 0
      vertex 30.0127 70.5407 0
    endloop
  endfacet
  facet normal -0.812944 -0.582341 0
    outer loop
      vertex 31.2469 69.5278 0
      vertex 31.1421 69.6741 4.5
      vertex 31.1421 69.6741 0
    endloop
  endfacet
  facet normal -0.812944 -0.582341 0
    outer loop
      vertex 31.1421 69.6741 4.5
      vertex 31.2469 69.5278 0
      vertex 31.2469 69.5278 4.5
    endloop
  endfacet
  facet normal 0.162777 0.986663 -0
    outer loop
      vertex 28.6014 65.2735 0
      vertex 28.4238 65.3028 4.5
      vertex 28.6014 65.2735 4.5
    endloop
  endfacet
  facet normal 0.162777 0.986663 0
    outer loop
      vertex 28.4238 65.3028 4.5
      vertex 28.6014 65.2735 0
      vertex 28.4238 65.3028 0
    endloop
  endfacet
  facet normal 0.68396 -0.72952 0
    outer loop
      vertex 27.0158 69.9445 0
      vertex 27.1471 70.0676 4.5
      vertex 27.0158 69.9445 4.5
    endloop
  endfacet
  facet normal 0.68396 -0.72952 0
    outer loop
      vertex 27.1471 70.0676 4.5
      vertex 27.0158 69.9445 0
      vertex 27.1471 70.0676 0
    endloop
  endfacet
  facet normal 0.849245 0.527999 0
    outer loop
      vertex 26.6738 66.4722 4.5
      vertex 26.5788 66.625 0
      vertex 26.5788 66.625 4.5
    endloop
  endfacet
  facet normal 0.849245 0.527999 0
    outer loop
      vertex 26.5788 66.625 0
      vertex 26.6738 66.4722 4.5
      vertex 26.6738 66.4722 0
    endloop
  endfacet
  facet normal 0.772892 -0.634538 0
    outer loop
      vertex 26.7786 69.6741 4.5
      vertex 26.8928 69.8132 0
      vertex 26.8928 69.8132 4.5
    endloop
  endfacet
  facet normal 0.772892 -0.634538 0
    outer loop
      vertex 26.8928 69.8132 0
      vertex 26.7786 69.6741 4.5
      vertex 26.7786 69.6741 0
    endloop
  endfacet
  facet normal 0.634206 -0.773164 0
    outer loop
      vertex 27.1471 70.0676 0
      vertex 27.2862 70.1817 4.5
      vertex 27.1471 70.0676 4.5
    endloop
  endfacet
  facet normal 0.634206 -0.773164 0
    outer loop
      vertex 27.2862 70.1817 4.5
      vertex 27.1471 70.0676 0
      vertex 27.2862 70.1817 0
    endloop
  endfacet
  facet normal -0.956996 -0.2901 0
    outer loop
      vertex 31.6166 68.7118 0
      vertex 31.5644 68.884 4.5
      vertex 31.5644 68.884 0
    endloop
  endfacet
  facet normal -0.956996 -0.2901 0
    outer loop
      vertex 31.5644 68.884 4.5
      vertex 31.6166 68.7118 0
      vertex 31.6166 68.7118 4.5
    endloop
  endfacet
  facet normal 0.352341 -0.935872 0
    outer loop
      vertex 27.908 70.5407 0
      vertex 28.0764 70.6041 4.5
      vertex 27.908 70.5407 4.5
    endloop
  endfacet
  facet normal 0.352341 -0.935872 0
    outer loop
      vertex 28.0764 70.6041 4.5
      vertex 27.908 70.5407 0
      vertex 28.0764 70.6041 0
    endloop
  endfacet
  facet normal 0.729797 0.683664 0
    outer loop
      vertex 27.0158 66.0555 4.5
      vertex 26.8928 66.1868 0
      vertex 26.8928 66.1868 4.5
    endloop
  endfacet
  facet normal 0.729797 0.683664 0
    outer loop
      vertex 26.8928 66.1868 0
      vertex 27.0158 66.0555 4.5
      vertex 27.0158 66.0555 0
    endloop
  endfacet
  facet normal -0.2901 -0.956996 0
    outer loop
      vertex 29.6721 70.6563 0
      vertex 29.8443 70.6041 4.5
      vertex 29.6721 70.6563 4.5
    endloop
  endfacet
  facet normal -0.2901 -0.956996 -0
    outer loop
      vertex 29.8443 70.6041 4.5
      vertex 29.6721 70.6563 0
      vertex 29.8443 70.6041 0
    endloop
  endfacet
  facet normal 0.995147 -0.0984028 0
    outer loop
      vertex 26.2162 68.1799 4.5
      vertex 26.2339 68.3589 0
      vertex 26.2339 68.3589 4.5
    endloop
  endfacet
  facet normal 0.995147 -0.0984028 0
    outer loop
      vertex 26.2339 68.3589 0
      vertex 26.2162 68.1799 4.5
      vertex 26.2162 68.1799 0
    endloop
  endfacet
  facet normal 0.935872 0.352341 0
    outer loop
      vertex 26.4197 66.9476 4.5
      vertex 26.3563 67.116 0
      vertex 26.3563 67.116 4.5
    endloop
  endfacet
  facet normal 0.935872 0.352341 0
    outer loop
      vertex 26.3563 67.116 0
      vertex 26.4197 66.9476 4.5
      vertex 26.4197 66.9476 0
    endloop
  endfacet
  facet normal 0.634206 0.773164 -0
    outer loop
      vertex 27.2862 65.8183 0
      vertex 27.1471 65.9324 4.5
      vertex 27.2862 65.8183 4.5
    endloop
  endfacet
  facet normal 0.634206 0.773164 0
    outer loop
      vertex 27.1471 65.9324 4.5
      vertex 27.2862 65.8183 0
      vertex 27.1471 65.9324 0
    endloop
  endfacet
  facet normal -0.956996 0.2901 0
    outer loop
      vertex 31.5644 67.116 0
      vertex 31.6166 67.2882 4.5
      vertex 31.6166 67.2882 0
    endloop
  endfacet
  facet normal -0.956996 0.2901 0
    outer loop
      vertex 31.6166 67.2882 4.5
      vertex 31.5644 67.116 0
      vertex 31.5644 67.116 4.5
    endloop
  endfacet
  facet normal 0.910994 -0.412421 0
    outer loop
      vertex 26.4197 69.0524 4.5
      vertex 26.4939 69.2163 0
      vertex 26.4939 69.2163 4.5
    endloop
  endfacet
  facet normal 0.910994 -0.412421 0
    outer loop
      vertex 26.4939 69.2163 0
      vertex 26.4197 69.0524 4.5
      vertex 26.4197 69.0524 0
    endloop
  endfacet
  facet normal 0.47128 -0.881983 0
    outer loop
      vertex 27.5853 70.3816 0
      vertex 27.744 70.4664 4.5
      vertex 27.5853 70.3816 4.5
    endloop
  endfacet
  facet normal 0.47128 -0.881983 0
    outer loop
      vertex 27.744 70.4664 4.5
      vertex 27.5853 70.3816 0
      vertex 27.744 70.4664 0
    endloop
  endfacet
  facet normal -0.227212 -0.973845 0
    outer loop
      vertex 29.4968 70.6972 0
      vertex 29.6721 70.6563 4.5
      vertex 29.4968 70.6972 4.5
    endloop
  endfacet
  facet normal -0.227212 -0.973845 -0
    outer loop
      vertex 29.6721 70.6563 4.5
      vertex 29.4968 70.6972 0
      vertex 29.6721 70.6563 0
    endloop
  endfacet
  facet normal -0.986663 0.162777 0
    outer loop
      vertex 31.6575 67.4635 0
      vertex 31.6868 67.6411 4.5
      vertex 31.6868 67.6411 0
    endloop
  endfacet
  facet normal -0.986663 0.162777 0
    outer loop
      vertex 31.6868 67.6411 4.5
      vertex 31.6575 67.4635 0
      vertex 31.6575 67.4635 4.5
    endloop
  endfacet
  facet normal 0.956842 -0.290609 0
    outer loop
      vertex 26.304 68.7118 4.5
      vertex 26.3563 68.884 0
      vertex 26.3563 68.884 4.5
    endloop
  endfacet
  facet normal 0.956842 -0.290609 0
    outer loop
      vertex 26.3563 68.884 0
      vertex 26.304 68.7118 4.5
      vertex 26.304 68.7118 0
    endloop
  endfacet
  facet normal -0.528151 -0.849151 0
    outer loop
      vertex 30.3353 70.3816 0
      vertex 30.4882 70.2865 4.5
      vertex 30.3353 70.3816 4.5
    endloop
  endfacet
  facet normal -0.528151 -0.849151 -0
    outer loop
      vertex 30.4882 70.2865 4.5
      vertex 30.3353 70.3816 0
      vertex 30.4882 70.2865 0
    endloop
  endfacet
  facet normal -0.995147 0.0984028 0
    outer loop
      vertex 31.6868 67.6411 0
      vertex 31.7045 67.8201 4.5
      vertex 31.7045 67.8201 0
    endloop
  endfacet
  facet normal -0.995147 0.0984028 0
    outer loop
      vertex 31.7045 67.8201 4.5
      vertex 31.6868 67.6411 0
      vertex 31.6868 67.6411 4.5
    endloop
  endfacet
  facet normal -0.097798 0.995206 0
    outer loop
      vertex 29.3193 65.2735 0
      vertex 29.1402 65.2559 4.5
      vertex 29.3193 65.2735 4.5
    endloop
  endfacet
  facet normal -0.097798 0.995206 0
    outer loop
      vertex 29.1402 65.2559 4.5
      vertex 29.3193 65.2735 0
      vertex 29.1402 65.2559 0
    endloop
  endfacet
  facet normal -0.910785 -0.412882 0
    outer loop
      vertex 31.501 69.0524 0
      vertex 31.4267 69.2163 4.5
      vertex 31.4267 69.2163 0
    endloop
  endfacet
  facet normal -0.910785 -0.412882 0
    outer loop
      vertex 31.4267 69.2163 4.5
      vertex 31.501 69.0524 0
      vertex 31.501 69.0524 4.5
    endloop
  endfacet
  facet normal 0.227335 -0.973817 0
    outer loop
      vertex 28.2486 70.6563 0
      vertex 28.4238 70.6972 4.5
      vertex 28.2486 70.6563 4.5
    endloop
  endfacet
  facet normal 0.227335 -0.973817 0
    outer loop
      vertex 28.4238 70.6972 4.5
      vertex 28.2486 70.6563 0
      vertex 28.4238 70.6972 0
    endloop
  endfacet
  facet normal -0.910785 0.412882 0
    outer loop
      vertex 31.4267 66.7837 0
      vertex 31.501 66.9476 4.5
      vertex 31.501 66.9476 0
    endloop
  endfacet
  facet normal -0.910785 0.412882 0
    outer loop
      vertex 31.501 66.9476 4.5
      vertex 31.4267 66.7837 0
      vertex 31.4267 66.7837 4.5
    endloop
  endfacet
  facet normal 0.2901 -0.956996 0
    outer loop
      vertex 28.0764 70.6041 0
      vertex 28.2486 70.6563 4.5
      vertex 28.0764 70.6041 4.5
    endloop
  endfacet
  facet normal 0.2901 -0.956996 0
    outer loop
      vertex 28.2486 70.6563 4.5
      vertex 28.0764 70.6041 0
      vertex 28.2486 70.6563 0
    endloop
  endfacet
  facet normal -0.412882 -0.910785 0
    outer loop
      vertex 30.0127 70.5407 0
      vertex 30.1766 70.4664 4.5
      vertex 30.0127 70.5407 4.5
    endloop
  endfacet
  facet normal -0.412882 -0.910785 -0
    outer loop
      vertex 30.1766 70.4664 4.5
      vertex 30.0127 70.5407 0
      vertex 30.1766 70.4664 0
    endloop
  endfacet
  facet normal 0.956842 0.290609 0
    outer loop
      vertex 26.3563 67.116 4.5
      vertex 26.304 67.2882 0
      vertex 26.304 67.2882 4.5
    endloop
  endfacet
  facet normal 0.956842 0.290609 0
    outer loop
      vertex 26.304 67.2882 0
      vertex 26.3563 67.116 4.5
      vertex 26.3563 67.116 0
    endloop
  endfacet
  facet normal -0.881983 -0.47128 0
    outer loop
      vertex 31.4267 69.2163 0
      vertex 31.3419 69.375 4.5
      vertex 31.3419 69.375 0
    endloop
  endfacet
  facet normal -0.881983 -0.47128 0
    outer loop
      vertex 31.3419 69.375 4.5
      vertex 31.4267 69.2163 0
      vertex 31.4267 69.2163 4.5
    endloop
  endfacet
  facet normal 0.986663 -0.162777 0
    outer loop
      vertex 26.2339 68.3589 4.5
      vertex 26.2632 68.5365 0
      vertex 26.2632 68.5365 4.5
    endloop
  endfacet
  facet normal 0.986663 -0.162777 0
    outer loop
      vertex 26.2632 68.5365 0
      vertex 26.2339 68.3589 4.5
      vertex 26.2339 68.3589 0
    endloop
  endfacet
  facet normal -0.849245 0.527999 0
    outer loop
      vertex 31.2469 66.4722 0
      vertex 31.3419 66.625 4.5
      vertex 31.3419 66.625 0
    endloop
  endfacet
  facet normal -0.849245 0.527999 0
    outer loop
      vertex 31.3419 66.625 4.5
      vertex 31.2469 66.4722 0
      vertex 31.2469 66.4722 4.5
    endloop
  endfacet
  facet normal 0.582341 -0.812944 0
    outer loop
      vertex 27.2862 70.1817 0
      vertex 27.4325 70.2865 4.5
      vertex 27.2862 70.1817 4.5
    endloop
  endfacet
  facet normal 0.582341 -0.812944 0
    outer loop
      vertex 27.4325 70.2865 4.5
      vertex 27.2862 70.1817 0
      vertex 27.4325 70.2865 0
    endloop
  endfacet
  facet normal 0.812944 0.582341 0
    outer loop
      vertex 26.7786 66.3259 4.5
      vertex 26.6738 66.4722 0
      vertex 26.6738 66.4722 4.5
    endloop
  endfacet
  facet normal 0.812944 0.582341 0
    outer loop
      vertex 26.6738 66.4722 0
      vertex 26.7786 66.3259 4.5
      vertex 26.7786 66.3259 0
    endloop
  endfacet
  facet normal 0.881752 -0.471713 0
    outer loop
      vertex 26.4939 69.2163 4.5
      vertex 26.5788 69.375 0
      vertex 26.5788 69.375 4.5
    endloop
  endfacet
  facet normal 0.881752 -0.471713 0
    outer loop
      vertex 26.5788 69.375 0
      vertex 26.4939 69.2163 4.5
      vertex 26.4939 69.2163 0
    endloop
  endfacet
  facet normal 0.412673 -0.910879 0
    outer loop
      vertex 27.744 70.4664 0
      vertex 27.908 70.5407 4.5
      vertex 27.744 70.4664 4.5
    endloop
  endfacet
  facet normal 0.412673 -0.910879 0
    outer loop
      vertex 27.908 70.5407 4.5
      vertex 27.744 70.4664 0
      vertex 27.908 70.5407 0
    endloop
  endfacet
  facet normal 0.995147 0.0984028 0
    outer loop
      vertex 26.2339 67.6411 4.5
      vertex 26.2162 67.8201 0
      vertex 26.2162 67.8201 4.5
    endloop
  endfacet
  facet normal 0.995147 0.0984028 0
    outer loop
      vertex 26.2162 67.8201 0
      vertex 26.2339 67.6411 4.5
      vertex 26.2339 67.6411 0
    endloop
  endfacet
  facet normal -0.0327784 0.999463 0
    outer loop
      vertex 29.1402 65.2559 0
      vertex 28.9603 65.25 4.5
      vertex 29.1402 65.2559 4.5
    endloop
  endfacet
  facet normal -0.0327784 0.999463 0
    outer loop
      vertex 28.9603 65.25 4.5
      vertex 29.1402 65.2559 0
      vertex 28.9603 65.25 0
    endloop
  endfacet
  facet normal 0.097798 -0.995206 0
    outer loop
      vertex 28.6014 70.7265 0
      vertex 28.7805 70.7441 4.5
      vertex 28.6014 70.7265 4.5
    endloop
  endfacet
  facet normal 0.097798 -0.995206 0
    outer loop
      vertex 28.7805 70.7441 4.5
      vertex 28.6014 70.7265 0
      vertex 28.7805 70.7441 0
    endloop
  endfacet
  facet normal 0.999463 -0.0327784 0
    outer loop
      vertex 26.2103 68 4.5
      vertex 26.2162 68.1799 0
      vertex 26.2162 68.1799 4.5
    endloop
  endfacet
  facet normal 0.999463 -0.0327784 0
    outer loop
      vertex 26.2162 68.1799 0
      vertex 26.2103 68 4.5
      vertex 26.2103 68 0
    endloop
  endfacet
  facet normal -0.412882 0.910785 0
    outer loop
      vertex 30.1766 65.5336 0
      vertex 30.0127 65.4593 4.5
      vertex 30.1766 65.5336 4.5
    endloop
  endfacet
  facet normal -0.412882 0.910785 0
    outer loop
      vertex 30.0127 65.4593 4.5
      vertex 30.1766 65.5336 0
      vertex 30.0127 65.4593 0
    endloop
  endfacet
  facet normal -0.812944 0.582341 0
    outer loop
      vertex 31.1421 66.3259 0
      vertex 31.2469 66.4722 4.5
      vertex 31.2469 66.4722 0
    endloop
  endfacet
  facet normal -0.812944 0.582341 0
    outer loop
      vertex 31.2469 66.4722 4.5
      vertex 31.1421 66.3259 0
      vertex 31.1421 66.3259 4.5
    endloop
  endfacet
  facet normal -0.582605 -0.812756 0
    outer loop
      vertex 30.4882 70.2865 0
      vertex 30.6344 70.1817 4.5
      vertex 30.4882 70.2865 4.5
    endloop
  endfacet
  facet normal -0.582605 -0.812756 -0
    outer loop
      vertex 30.6344 70.1817 4.5
      vertex 30.4882 70.2865 0
      vertex 30.6344 70.1817 0
    endloop
  endfacet
  facet normal -0.973845 0.227212 0
    outer loop
      vertex 31.6166 67.2882 0
      vertex 31.6575 67.4635 4.5
      vertex 31.6575 67.4635 0
    endloop
  endfacet
  facet normal -0.973845 0.227212 0
    outer loop
      vertex 31.6575 67.4635 4.5
      vertex 31.6166 67.2882 0
      vertex 31.6166 67.2882 4.5
    endloop
  endfacet
  facet normal -0.2901 0.956996 0
    outer loop
      vertex 29.8443 65.3959 0
      vertex 29.6721 65.3437 4.5
      vertex 29.8443 65.3959 4.5
    endloop
  endfacet
  facet normal -0.2901 0.956996 0
    outer loop
      vertex 29.6721 65.3437 4.5
      vertex 29.8443 65.3959 0
      vertex 29.6721 65.3437 0
    endloop
  endfacet
  facet normal -0.772892 -0.634538 0
    outer loop
      vertex 31.1421 69.6741 0
      vertex 31.0279 69.8132 4.5
      vertex 31.0279 69.8132 0
    endloop
  endfacet
  facet normal -0.772892 -0.634538 0
    outer loop
      vertex 31.0279 69.8132 4.5
      vertex 31.1421 69.6741 0
      vertex 31.1421 69.6741 4.5
    endloop
  endfacet
  facet normal -0.935872 0.352341 0
    outer loop
      vertex 31.501 66.9476 0
      vertex 31.5644 67.116 4.5
      vertex 31.5644 67.116 0
    endloop
  endfacet
  facet normal -0.935872 0.352341 0
    outer loop
      vertex 31.5644 67.116 4.5
      vertex 31.501 66.9476 0
      vertex 31.501 66.9476 4.5
    endloop
  endfacet
  facet normal -0.729797 -0.683664 0
    outer loop
      vertex 31.0279 69.8132 0
      vertex 30.9049 69.9445 4.5
      vertex 30.9049 69.9445 0
    endloop
  endfacet
  facet normal -0.729797 -0.683664 0
    outer loop
      vertex 30.9049 69.9445 4.5
      vertex 31.0279 69.8132 0
      vertex 31.0279 69.8132 4.5
    endloop
  endfacet
  facet normal -0.881983 0.47128 0
    outer loop
      vertex 31.3419 66.625 0
      vertex 31.4267 66.7837 4.5
      vertex 31.4267 66.7837 0
    endloop
  endfacet
  facet normal -0.881983 0.47128 0
    outer loop
      vertex 31.4267 66.7837 4.5
      vertex 31.3419 66.625 0
      vertex 31.3419 66.625 4.5
    endloop
  endfacet
  facet normal -0.162866 0.986648 0
    outer loop
      vertex 29.4968 65.3028 0
      vertex 29.3193 65.2735 4.5
      vertex 29.4968 65.3028 4.5
    endloop
  endfacet
  facet normal -0.162866 0.986648 0
    outer loop
      vertex 29.3193 65.2735 4.5
      vertex 29.4968 65.3028 0
      vertex 29.3193 65.2735 0
    endloop
  endfacet
  facet normal 0.2901 0.956996 -0
    outer loop
      vertex 28.2486 65.3437 0
      vertex 28.0764 65.3959 4.5
      vertex 28.2486 65.3437 4.5
    endloop
  endfacet
  facet normal 0.2901 0.956996 0
    outer loop
      vertex 28.0764 65.3959 4.5
      vertex 28.2486 65.3437 0
      vertex 28.0764 65.3959 0
    endloop
  endfacet
  facet normal 0.849245 -0.527999 0
    outer loop
      vertex 26.5788 69.375 4.5
      vertex 26.6738 69.5278 0
      vertex 26.6738 69.5278 4.5
    endloop
  endfacet
  facet normal 0.849245 -0.527999 0
    outer loop
      vertex 26.6738 69.5278 0
      vertex 26.5788 69.375 4.5
      vertex 26.5788 69.375 0
    endloop
  endfacet
  facet normal -0.097798 -0.995206 0
    outer loop
      vertex 29.1402 70.7441 0
      vertex 29.3193 70.7265 4.5
      vertex 29.1402 70.7441 4.5
    endloop
  endfacet
  facet normal -0.097798 -0.995206 -0
    outer loop
      vertex 29.3193 70.7265 4.5
      vertex 29.1402 70.7441 0
      vertex 29.3193 70.7265 0
    endloop
  endfacet
  facet normal 0.582341 0.812944 -0
    outer loop
      vertex 27.4325 65.7135 0
      vertex 27.2862 65.8183 4.5
      vertex 27.4325 65.7135 4.5
    endloop
  endfacet
  facet normal 0.582341 0.812944 0
    outer loop
      vertex 27.2862 65.8183 4.5
      vertex 27.4325 65.7135 0
      vertex 27.2862 65.8183 0
    endloop
  endfacet
  facet normal -0.683682 -0.72978 0
    outer loop
      vertex 30.7735 70.0676 0
      vertex 30.9049 69.9445 4.5
      vertex 30.7735 70.0676 4.5
    endloop
  endfacet
  facet normal -0.683682 -0.72978 -0
    outer loop
      vertex 30.9049 69.9445 4.5
      vertex 30.7735 70.0676 0
      vertex 30.9049 69.9445 0
    endloop
  endfacet
  facet normal 0.999463 0.0327784 0
    outer loop
      vertex 26.2162 67.8201 4.5
      vertex 26.2103 68 0
      vertex 26.2103 68 4.5
    endloop
  endfacet
  facet normal 0.999463 0.0327784 0
    outer loop
      vertex 26.2103 68 0
      vertex 26.2162 67.8201 4.5
      vertex 26.2162 67.8201 0
    endloop
  endfacet
  facet normal -0.973845 -0.227212 0
    outer loop
      vertex 31.6575 68.5365 0
      vertex 31.6166 68.7118 4.5
      vertex 31.6166 68.7118 0
    endloop
  endfacet
  facet normal -0.973845 -0.227212 0
    outer loop
      vertex 31.6166 68.7118 4.5
      vertex 31.6575 68.5365 0
      vertex 31.6575 68.5365 4.5
    endloop
  endfacet
  facet normal -0.935872 -0.352341 0
    outer loop
      vertex 31.5644 68.884 0
      vertex 31.501 69.0524 4.5
      vertex 31.501 69.0524 0
    endloop
  endfacet
  facet normal -0.935872 -0.352341 0
    outer loop
      vertex 31.501 69.0524 4.5
      vertex 31.5644 68.884 0
      vertex 31.5644 68.884 4.5
    endloop
  endfacet
  facet normal -0.986663 -0.162777 0
    outer loop
      vertex 31.6868 68.3589 0
      vertex 31.6575 68.5365 4.5
      vertex 31.6575 68.5365 0
    endloop
  endfacet
  facet normal -0.986663 -0.162777 0
    outer loop
      vertex 31.6575 68.5365 4.5
      vertex 31.6868 68.3589 0
      vertex 31.6868 68.3589 4.5
    endloop
  endfacet
  facet normal 0.162777 -0.986663 0
    outer loop
      vertex 28.4238 70.6972 0
      vertex 28.6014 70.7265 4.5
      vertex 28.4238 70.6972 4.5
    endloop
  endfacet
  facet normal 0.162777 -0.986663 0
    outer loop
      vertex 28.6014 70.7265 4.5
      vertex 28.4238 70.6972 0
      vertex 28.6014 70.7265 0
    endloop
  endfacet
  facet normal 0.68396 0.72952 -0
    outer loop
      vertex 27.1471 65.9324 0
      vertex 27.0158 66.0555 4.5
      vertex 27.1471 65.9324 4.5
    endloop
  endfacet
  facet normal 0.68396 0.72952 0
    outer loop
      vertex 27.0158 66.0555 4.5
      vertex 27.1471 65.9324 0
      vertex 27.0158 66.0555 0
    endloop
  endfacet
  facet normal 0.729797 -0.683664 0
    outer loop
      vertex 26.8928 69.8132 4.5
      vertex 27.0158 69.9445 0
      vertex 27.0158 69.9445 4.5
    endloop
  endfacet
  facet normal 0.729797 -0.683664 0
    outer loop
      vertex 27.0158 69.9445 0
      vertex 26.8928 69.8132 4.5
      vertex 26.8928 69.8132 0
    endloop
  endfacet
  facet normal 0.47128 0.881983 -0
    outer loop
      vertex 27.744 65.5336 0
      vertex 27.5853 65.6184 4.5
      vertex 27.744 65.5336 4.5
    endloop
  endfacet
  facet normal 0.47128 0.881983 0
    outer loop
      vertex 27.5853 65.6184 4.5
      vertex 27.744 65.5336 0
      vertex 27.5853 65.6184 0
    endloop
  endfacet
  facet normal -0.47128 -0.881983 0
    outer loop
      vertex 30.1766 70.4664 0
      vertex 30.3353 70.3816 4.5
      vertex 30.1766 70.4664 4.5
    endloop
  endfacet
  facet normal -0.47128 -0.881983 -0
    outer loop
      vertex 30.3353 70.3816 4.5
      vertex 30.1766 70.4664 0
      vertex 30.3353 70.3816 0
    endloop
  endfacet
  facet normal 0.910994 0.412421 0
    outer loop
      vertex 26.4939 66.7837 4.5
      vertex 26.4197 66.9476 0
      vertex 26.4197 66.9476 4.5
    endloop
  endfacet
  facet normal 0.910994 0.412421 0
    outer loop
      vertex 26.4197 66.9476 0
      vertex 26.4939 66.7837 4.5
      vertex 26.4939 66.7837 0
    endloop
  endfacet
  facet normal -0.47128 0.881983 0
    outer loop
      vertex 30.3353 65.6184 0
      vertex 30.1766 65.5336 4.5
      vertex 30.3353 65.6184 4.5
    endloop
  endfacet
  facet normal -0.47128 0.881983 0
    outer loop
      vertex 30.1766 65.5336 4.5
      vertex 30.3353 65.6184 0
      vertex 30.1766 65.5336 0
    endloop
  endfacet
  facet normal 0.973968 0.226685 0
    outer loop
      vertex 26.304 67.2882 4.5
      vertex 26.2632 67.4635 0
      vertex 26.2632 67.4635 4.5
    endloop
  endfacet
  facet normal 0.973968 0.226685 0
    outer loop
      vertex 26.2632 67.4635 0
      vertex 26.304 67.2882 4.5
      vertex 26.304 67.2882 0
    endloop
  endfacet
  facet normal 0.986663 0.162777 0
    outer loop
      vertex 26.2632 67.4635 4.5
      vertex 26.2339 67.6411 0
      vertex 26.2339 67.6411 4.5
    endloop
  endfacet
  facet normal 0.986663 0.162777 0
    outer loop
      vertex 26.2339 67.6411 0
      vertex 26.2632 67.4635 4.5
      vertex 26.2632 67.4635 0
    endloop
  endfacet
  facet normal 0.227335 0.973817 -0
    outer loop
      vertex 28.4238 65.3028 0
      vertex 28.2486 65.3437 4.5
      vertex 28.4238 65.3028 4.5
    endloop
  endfacet
  facet normal 0.227335 0.973817 0
    outer loop
      vertex 28.2486 65.3437 4.5
      vertex 28.4238 65.3028 0
      vertex 28.2486 65.3437 0
    endloop
  endfacet
  facet normal 0.097798 0.995206 -0
    outer loop
      vertex 28.7805 65.2559 0
      vertex 28.6014 65.2735 4.5
      vertex 28.7805 65.2559 4.5
    endloop
  endfacet
  facet normal 0.097798 0.995206 0
    outer loop
      vertex 28.6014 65.2735 4.5
      vertex 28.7805 65.2559 0
      vertex 28.6014 65.2735 0
    endloop
  endfacet
  facet normal -0.634206 0.773164 0
    outer loop
      vertex 30.7735 65.9324 0
      vertex 30.6344 65.8183 4.5
      vertex 30.7735 65.9324 4.5
    endloop
  endfacet
  facet normal -0.634206 0.773164 0
    outer loop
      vertex 30.6344 65.8183 4.5
      vertex 30.7735 65.9324 0
      vertex 30.6344 65.8183 0
    endloop
  endfacet
  facet normal -0.0327784 -0.999463 0
    outer loop
      vertex 28.9603 70.75 0
      vertex 29.1402 70.7441 4.5
      vertex 28.9603 70.75 4.5
    endloop
  endfacet
  facet normal -0.0327784 -0.999463 -0
    outer loop
      vertex 29.1402 70.7441 4.5
      vertex 28.9603 70.75 0
      vertex 29.1402 70.7441 0
    endloop
  endfacet
  facet normal 0.0327966 -0.999462 0
    outer loop
      vertex 28.7805 70.7441 0
      vertex 28.9603 70.75 4.5
      vertex 28.7805 70.7441 4.5
    endloop
  endfacet
  facet normal 0.0327966 -0.999462 0
    outer loop
      vertex 28.9603 70.75 4.5
      vertex 28.7805 70.7441 0
      vertex 28.9603 70.75 0
    endloop
  endfacet
  facet normal 0.412673 0.910879 -0
    outer loop
      vertex 27.908 65.4593 0
      vertex 27.744 65.5336 4.5
      vertex 27.908 65.4593 4.5
    endloop
  endfacet
  facet normal 0.412673 0.910879 0
    outer loop
      vertex 27.744 65.5336 4.5
      vertex 27.908 65.4593 0
      vertex 27.744 65.5336 0
    endloop
  endfacet
  facet normal 0.5284 -0.848996 0
    outer loop
      vertex 27.4325 70.2865 0
      vertex 27.5853 70.3816 4.5
      vertex 27.4325 70.2865 4.5
    endloop
  endfacet
  facet normal 0.5284 -0.848996 0
    outer loop
      vertex 27.5853 70.3816 4.5
      vertex 27.4325 70.2865 0
      vertex 27.5853 70.3816 0
    endloop
  endfacet
  facet normal 0.5284 0.848996 -0
    outer loop
      vertex 27.5853 65.6184 0
      vertex 27.4325 65.7135 4.5
      vertex 27.5853 65.6184 4.5
    endloop
  endfacet
  facet normal 0.5284 0.848996 0
    outer loop
      vertex 27.4325 65.7135 4.5
      vertex 27.5853 65.6184 0
      vertex 27.4325 65.7135 0
    endloop
  endfacet
  facet normal 0.812944 -0.582341 0
    outer loop
      vertex 26.6738 69.5278 4.5
      vertex 26.7786 69.6741 0
      vertex 26.7786 69.6741 4.5
    endloop
  endfacet
  facet normal 0.812944 -0.582341 0
    outer loop
      vertex 26.7786 69.6741 0
      vertex 26.6738 69.5278 4.5
      vertex 26.6738 69.5278 0
    endloop
  endfacet
  facet normal -0.162866 -0.986648 0
    outer loop
      vertex 29.3193 70.7265 0
      vertex 29.4968 70.6972 4.5
      vertex 29.3193 70.7265 4.5
    endloop
  endfacet
  facet normal -0.162866 -0.986648 -0
    outer loop
      vertex 29.4968 70.6972 4.5
      vertex 29.3193 70.7265 0
      vertex 29.4968 70.6972 0
    endloop
  endfacet
  facet normal -0.729797 0.683664 0
    outer loop
      vertex 30.9049 66.0555 0
      vertex 31.0279 66.1868 4.5
      vertex 31.0279 66.1868 0
    endloop
  endfacet
  facet normal -0.729797 0.683664 0
    outer loop
      vertex 31.0279 66.1868 4.5
      vertex 30.9049 66.0555 0
      vertex 30.9049 66.0555 4.5
    endloop
  endfacet
  facet normal 0.352341 0.935872 -0
    outer loop
      vertex 28.0764 65.3959 0
      vertex 27.908 65.4593 4.5
      vertex 28.0764 65.3959 4.5
    endloop
  endfacet
  facet normal 0.352341 0.935872 0
    outer loop
      vertex 27.908 65.4593 4.5
      vertex 28.0764 65.3959 0
      vertex 27.908 65.4593 0
    endloop
  endfacet
  facet normal -0.471373 0.881934 0
    outer loop
      vertex 31.3353 63.8864 4.5
      vertex 31.0612 63.7399 8
      vertex 31.3353 63.8864 8
    endloop
  endfacet
  facet normal -0.471373 0.881934 0
    outer loop
      vertex 31.0612 63.7399 8
      vertex 31.3353 63.8864 4.5
      vertex 31.0612 63.7399 4.5
    endloop
  endfacet
  facet normal -0.995173 -0.0981338 0
    outer loop
      vertex 33.7002 68.3107 4.5
      vertex 33.6697 68.62 8
      vertex 33.6697 68.62 4.5
    endloop
  endfacet
  facet normal -0.995173 -0.0981338 0
    outer loop
      vertex 33.6697 68.62 8
      vertex 33.7002 68.3107 4.5
      vertex 33.7002 68.3107 8
    endloop
  endfacet
  facet normal -0.999472 -0.0324901 0
    outer loop
      vertex 33.7103 68 4.5
      vertex 33.7002 68.3107 8
      vertex 33.7002 68.3107 4.5
    endloop
  endfacet
  facet normal -0.999472 -0.0324901 0
    outer loop
      vertex 33.7002 68.3107 8
      vertex 33.7103 68 4.5
      vertex 33.7103 68 8
    endloop
  endfacet
  facet normal -0.986662 -0.162782 0
    outer loop
      vertex 33.6697 68.62 4.5
      vertex 33.6191 68.9267 8
      vertex 33.6191 68.9267 4.5
    endloop
  endfacet
  facet normal -0.986662 -0.162782 0
    outer loop
      vertex 33.6191 68.9267 8
      vertex 33.6697 68.62 4.5
      vertex 33.6697 68.62 8
    endloop
  endfacet
  facet normal 0.773025 0.634376 0
    outer loop
      vertex 25.3891 64.8681 8
      vertex 25.1919 65.1084 4.5
      vertex 25.1919 65.1084 8
    endloop
  endfacet
  facet normal 0.773025 0.634376 0
    outer loop
      vertex 25.1919 65.1084 4.5
      vertex 25.3891 64.8681 8
      vertex 25.3891 64.8681 4.5
    endloop
  endfacet
  facet normal -0.995173 0.0981338 0
    outer loop
      vertex 33.6697 67.38 4.5
      vertex 33.7002 67.6893 8
      vertex 33.7002 67.6893 4.5
    endloop
  endfacet
  facet normal -0.995173 0.0981338 0
    outer loop
      vertex 33.7002 67.6893 8
      vertex 33.6697 67.38 4.5
      vertex 33.6697 67.38 8
    endloop
  endfacet
  facet normal 0.935892 0.352287 0
    outer loop
      vertex 24.5719 66.1823 8
      vertex 24.4624 66.4732 4.5
      vertex 24.4624 66.4732 8
    endloop
  endfacet
  facet normal 0.935892 0.352287 0
    outer loop
      vertex 24.4624 66.4732 4.5
      vertex 24.5719 66.1823 8
      vertex 24.5719 66.1823 4.5
    endloop
  endfacet
  facet normal -0.973863 -0.227138 0
    outer loop
      vertex 33.6191 68.9267 4.5
      vertex 33.5485 69.2294 8
      vertex 33.5485 69.2294 4.5
    endloop
  endfacet
  facet normal -0.973863 -0.227138 0
    outer loop
      vertex 33.5485 69.2294 8
      vertex 33.6191 68.9267 4.5
      vertex 33.6191 68.9267 8
    endloop
  endfacet
  facet normal -0.910883 -0.412664 0
    outer loop
      vertex 33.3488 69.8177 4.5
      vertex 33.2205 70.1009 8
      vertex 33.2205 70.1009 4.5
    endloop
  endfacet
  facet normal -0.910883 -0.412664 0
    outer loop
      vertex 33.2205 70.1009 8
      vertex 33.3488 69.8177 4.5
      vertex 33.3488 69.8177 8
    endloop
  endfacet
  facet normal 0.812863 -0.582455 0
    outer loop
      vertex 25.0109 70.639 8
      vertex 25.1919 70.8916 4.5
      vertex 25.1919 70.8916 8
    endloop
  endfacet
  facet normal 0.812863 -0.582455 0
    outer loop
      vertex 25.1919 70.8916 4.5
      vertex 25.0109 70.639 8
      vertex 25.0109 70.639 4.5
    endloop
  endfacet
  facet normal -0.729888 -0.683567 0
    outer loop
      vertex 32.5316 71.1319 4.5
      vertex 32.3191 71.3588 8
      vertex 32.3191 71.3588 4.5
    endloop
  endfacet
  facet normal -0.729888 -0.683567 0
    outer loop
      vertex 32.3191 71.3588 8
      vertex 32.5316 71.1319 4.5
      vertex 32.5316 71.1319 8
    endloop
  endfacet
  facet normal 0.032822 -0.999461 0
    outer loop
      vertex 28.6497 72.7398 4.5
      vertex 28.9603 72.75 8
      vertex 28.6497 72.7398 8
    endloop
  endfacet
  facet normal 0.032822 -0.999461 0
    outer loop
      vertex 28.9603 72.75 8
      vertex 28.6497 72.7398 4.5
      vertex 28.9603 72.75 4.5
    endloop
  endfacet
  facet normal 0.956954 0.29024 0
    outer loop
      vertex 24.4624 66.4732 8
      vertex 24.3722 66.7706 4.5
      vertex 24.3722 66.7706 8
    endloop
  endfacet
  facet normal 0.956954 0.29024 0
    outer loop
      vertex 24.3722 66.7706 4.5
      vertex 24.4624 66.4732 8
      vertex 24.4624 66.4732 4.5
    endloop
  endfacet
  facet normal 0.412785 -0.910829 0
    outer loop
      vertex 26.8595 72.2601 4.5
      vertex 27.1426 72.3884 8
      vertex 26.8595 72.2601 8
    endloop
  endfacet
  facet normal 0.412785 -0.910829 0
    outer loop
      vertex 27.1426 72.3884 8
      vertex 26.8595 72.2601 4.5
      vertex 27.1426 72.3884 4.5
    endloop
  endfacet
  facet normal 0.163146 0.986602 -0
    outer loop
      vertex 28.3403 63.2906 4.5
      vertex 28.0337 63.3413 8
      vertex 28.3403 63.2906 8
    endloop
  endfacet
  facet normal 0.163146 0.986602 0
    outer loop
      vertex 28.0337 63.3413 8
      vertex 28.3403 63.2906 4.5
      vertex 28.0337 63.3413 4.5
    endloop
  endfacet
  facet normal 0.683556 0.729898 -0
    outer loop
      vertex 25.8284 64.4288 4.5
      vertex 25.6016 64.6412 8
      vertex 25.8284 64.4288 8
    endloop
  endfacet
  facet normal 0.683556 0.729898 0
    outer loop
      vertex 25.6016 64.6412 8
      vertex 25.8284 64.4288 4.5
      vertex 25.6016 64.6412 4.5
    endloop
  endfacet
  facet normal 0.999462 0.0328114 0
    outer loop
      vertex 24.2205 67.6893 8
      vertex 24.2103 68 4.5
      vertex 24.2103 68 8
    endloop
  endfacet
  facet normal 0.999462 0.0328114 0
    outer loop
      vertex 24.2103 68 4.5
      vertex 24.2205 67.6893 8
      vertex 24.2205 67.6893 4.5
    endloop
  endfacet
  facet normal -0.956954 -0.29024 0
    outer loop
      vertex 33.5485 69.2294 4.5
      vertex 33.4583 69.5268 8
      vertex 33.4583 69.5268 4.5
    endloop
  endfacet
  facet normal -0.956954 -0.29024 0
    outer loop
      vertex 33.4583 69.5268 8
      vertex 33.5485 69.2294 4.5
      vertex 33.5485 69.2294 8
    endloop
  endfacet
  facet normal 0.999462 -0.0328114 0
    outer loop
      vertex 24.2103 68 8
      vertex 24.2205 68.3107 4.5
      vertex 24.2205 68.3107 8
    endloop
  endfacet
  facet normal 0.999462 -0.0328114 0
    outer loop
      vertex 24.2205 68.3107 4.5
      vertex 24.2103 68 8
      vertex 24.2103 68 4.5
    endloop
  endfacet
  facet normal 0.582515 -0.81282 0
    outer loop
      vertex 26.0687 71.7684 4.5
      vertex 26.3214 71.9495 8
      vertex 26.0687 71.7684 8
    endloop
  endfacet
  facet normal 0.582515 -0.81282 0
    outer loop
      vertex 26.3214 71.9495 8
      vertex 26.0687 71.7684 4.5
      vertex 26.3214 71.9495 4.5
    endloop
  endfacet
  facet normal -0.412785 0.910829 0
    outer loop
      vertex 31.0612 63.7399 4.5
      vertex 30.7781 63.6116 8
      vertex 31.0612 63.7399 8
    endloop
  endfacet
  facet normal -0.412785 0.910829 0
    outer loop
      vertex 30.7781 63.6116 8
      vertex 31.0612 63.7399 4.5
      vertex 30.7781 63.6116 4.5
    endloop
  endfacet
  facet normal -0.729888 0.683567 0
    outer loop
      vertex 32.3191 64.6412 4.5
      vertex 32.5316 64.8681 8
      vertex 32.5316 64.8681 4.5
    endloop
  endfacet
  facet normal -0.729888 0.683567 0
    outer loop
      vertex 32.5316 64.8681 8
      vertex 32.3191 64.6412 4.5
      vertex 32.3191 64.6412 8
    endloop
  endfacet
  facet normal 0.290534 0.956865 -0
    outer loop
      vertex 27.7309 63.4118 4.5
      vertex 27.4335 63.5021 8
      vertex 27.7309 63.4118 8
    endloop
  endfacet
  facet normal 0.290534 0.956865 0
    outer loop
      vertex 27.4335 63.5021 8
      vertex 27.7309 63.4118 4.5
      vertex 27.4335 63.5021 4.5
    endloop
  endfacet
  facet normal 0.881934 -0.471373 0
    outer loop
      vertex 24.7002 70.1009 8
      vertex 24.8467 70.375 4.5
      vertex 24.8467 70.375 8
    endloop
  endfacet
  facet normal 0.881934 -0.471373 0
    outer loop
      vertex 24.8467 70.375 4.5
      vertex 24.7002 70.1009 8
      vertex 24.7002 70.1009 4.5
    endloop
  endfacet
  facet normal 0.582515 0.81282 -0
    outer loop
      vertex 26.3214 64.0505 4.5
      vertex 26.0687 64.2316 8
      vertex 26.3214 64.0505 8
    endloop
  endfacet
  facet normal 0.582515 0.81282 0
    outer loop
      vertex 26.0687 64.2316 8
      vertex 26.3214 64.0505 4.5
      vertex 26.0687 64.2316 4.5
    endloop
  endfacet
  facet normal 0.910883 0.412664 0
    outer loop
      vertex 24.7002 65.8991 8
      vertex 24.5719 66.1823 4.5
      vertex 24.5719 66.1823 8
    endloop
  endfacet
  facet normal 0.910883 0.412664 0
    outer loop
      vertex 24.5719 66.1823 4.5
      vertex 24.7002 65.8991 8
      vertex 24.7002 65.8991 4.5
    endloop
  endfacet
  facet normal -0.999472 0.0324901 0
    outer loop
      vertex 33.7002 67.6893 4.5
      vertex 33.7103 68 8
      vertex 33.7103 68 4.5
    endloop
  endfacet
  facet normal -0.999472 0.0324901 0
    outer loop
      vertex 33.7103 68 8
      vertex 33.7002 67.6893 4.5
      vertex 33.7002 67.6893 8
    endloop
  endfacet
  facet normal 0.729888 -0.683567 0
    outer loop
      vertex 25.3891 71.1319 8
      vertex 25.6016 71.3588 4.5
      vertex 25.6016 71.3588 8
    endloop
  endfacet
  facet normal 0.729888 -0.683567 0
    outer loop
      vertex 25.6016 71.3588 4.5
      vertex 25.3891 71.1319 8
      vertex 25.3891 71.1319 4.5
    endloop
  endfacet
  facet normal -0.412785 -0.910829 0
    outer loop
      vertex 30.7781 72.3884 4.5
      vertex 31.0612 72.2601 8
      vertex 30.7781 72.3884 8
    endloop
  endfacet
  facet normal -0.412785 -0.910829 -0
    outer loop
      vertex 31.0612 72.2601 8
      vertex 30.7781 72.3884 4.5
      vertex 31.0612 72.2601 4.5
    endloop
  endfacet
  facet normal -0.849153 -0.528147 0
    outer loop
      vertex 33.074 70.375 4.5
      vertex 32.9098 70.639 8
      vertex 32.9098 70.639 4.5
    endloop
  endfacet
  facet normal -0.849153 -0.528147 0
    outer loop
      vertex 32.9098 70.639 8
      vertex 33.074 70.375 4.5
      vertex 33.074 70.375 8
    endloop
  endfacet
  facet normal 0.163146 -0.986602 0
    outer loop
      vertex 28.0337 72.6587 4.5
      vertex 28.3403 72.7094 8
      vertex 28.0337 72.6587 8
    endloop
  endfacet
  facet normal 0.163146 -0.986602 0
    outer loop
      vertex 28.3403 72.7094 8
      vertex 28.0337 72.6587 4.5
      vertex 28.3403 72.7094 4.5
    endloop
  endfacet
  facet normal -0.812863 0.582455 0
    outer loop
      vertex 32.7288 65.1084 4.5
      vertex 32.9098 65.361 8
      vertex 32.9098 65.361 4.5
    endloop
  endfacet
  facet normal -0.812863 0.582455 0
    outer loop
      vertex 32.9098 65.361 8
      vertex 32.7288 65.1084 4.5
      vertex 32.7288 65.1084 8
    endloop
  endfacet
  facet normal -0.881934 -0.471373 0
    outer loop
      vertex 33.2205 70.1009 4.5
      vertex 33.074 70.375 8
      vertex 33.074 70.375 4.5
    endloop
  endfacet
  facet normal -0.881934 -0.471373 0
    outer loop
      vertex 33.074 70.375 8
      vertex 33.2205 70.1009 4.5
      vertex 33.2205 70.1009 8
    endloop
  endfacet
  facet normal -0.226833 -0.973934 0
    outer loop
      vertex 29.887 72.6587 4.5
      vertex 30.1897 72.5882 8
      vertex 29.887 72.6587 8
    endloop
  endfacet
  facet normal -0.226833 -0.973934 -0
    outer loop
      vertex 30.1897 72.5882 8
      vertex 29.887 72.6587 4.5
      vertex 30.1897 72.5882 4.5
    endloop
  endfacet
  facet normal 0.52806 -0.849207 0
    outer loop
      vertex 26.3214 71.9495 4.5
      vertex 26.5853 72.1136 8
      vertex 26.3214 71.9495 8
    endloop
  endfacet
  facet normal 0.52806 -0.849207 0
    outer loop
      vertex 26.5853 72.1136 8
      vertex 26.3214 71.9495 4.5
      vertex 26.5853 72.1136 4.5
    endloop
  endfacet
  facet normal 0.0977838 0.995208 -0
    outer loop
      vertex 28.6497 63.2602 4.5
      vertex 28.3403 63.2906 8
      vertex 28.6497 63.2602 8
    endloop
  endfacet
  facet normal 0.0977838 0.995208 0
    outer loop
      vertex 28.3403 63.2906 8
      vertex 28.6497 63.2602 4.5
      vertex 28.3403 63.2906 4.5
    endloop
  endfacet
  facet normal 0.471239 -0.882005 0
    outer loop
      vertex 26.5853 72.1136 4.5
      vertex 26.8595 72.2601 8
      vertex 26.5853 72.1136 8
    endloop
  endfacet
  facet normal 0.471239 -0.882005 0
    outer loop
      vertex 26.8595 72.2601 8
      vertex 26.5853 72.1136 4.5
      vertex 26.8595 72.2601 4.5
    endloop
  endfacet
  facet normal 0.634376 0.773025 -0
    outer loop
      vertex 26.0687 64.2316 4.5
      vertex 25.8284 64.4288 8
      vertex 26.0687 64.2316 8
    endloop
  endfacet
  facet normal 0.634376 0.773025 0
    outer loop
      vertex 25.8284 64.4288 8
      vertex 26.0687 64.2316 4.5
      vertex 25.8284 64.4288 4.5
    endloop
  endfacet
  facet normal 0.812863 0.582455 0
    outer loop
      vertex 25.1919 65.1084 8
      vertex 25.0109 65.361 4.5
      vertex 25.0109 65.361 8
    endloop
  endfacet
  facet normal 0.812863 0.582455 0
    outer loop
      vertex 25.0109 65.361 4.5
      vertex 25.1919 65.1084 8
      vertex 25.1919 65.1084 4.5
    endloop
  endfacet
  facet normal -0.527915 -0.849297 0
    outer loop
      vertex 31.3353 72.1136 4.5
      vertex 31.5993 71.9495 8
      vertex 31.3353 72.1136 8
    endloop
  endfacet
  facet normal -0.527915 -0.849297 -0
    outer loop
      vertex 31.5993 71.9495 8
      vertex 31.3353 72.1136 4.5
      vertex 31.5993 71.9495 4.5
    endloop
  endfacet
  facet normal 0.032822 0.999461 -0
    outer loop
      vertex 28.9603 63.25 4.5
      vertex 28.6497 63.2602 8
      vertex 28.9603 63.25 8
    endloop
  endfacet
  facet normal 0.032822 0.999461 0
    outer loop
      vertex 28.6497 63.2602 8
      vertex 28.9603 63.25 4.5
      vertex 28.6497 63.2602 4.5
    endloop
  endfacet
  facet normal -0.956954 0.29024 0
    outer loop
      vertex 33.4583 66.4732 4.5
      vertex 33.5485 66.7706 8
      vertex 33.5485 66.7706 4.5
    endloop
  endfacet
  facet normal -0.956954 0.29024 0
    outer loop
      vertex 33.5485 66.7706 8
      vertex 33.4583 66.4732 4.5
      vertex 33.4583 66.4732 8
    endloop
  endfacet
  facet normal 0.0977838 -0.995208 0
    outer loop
      vertex 28.3403 72.7094 4.5
      vertex 28.6497 72.7398 8
      vertex 28.3403 72.7094 8
    endloop
  endfacet
  facet normal 0.0977838 -0.995208 0
    outer loop
      vertex 28.6497 72.7398 8
      vertex 28.3403 72.7094 4.5
      vertex 28.6497 72.7398 4.5
    endloop
  endfacet
  facet normal 0.52806 0.849207 -0
    outer loop
      vertex 26.5853 63.8864 4.5
      vertex 26.3214 64.0505 8
      vertex 26.5853 63.8864 8
    endloop
  endfacet
  facet normal 0.52806 0.849207 0
    outer loop
      vertex 26.3214 64.0505 8
      vertex 26.5853 63.8864 4.5
      vertex 26.3214 64.0505 4.5
    endloop
  endfacet
  facet normal -0.290445 0.956892 0
    outer loop
      vertex 30.4872 63.5021 4.5
      vertex 30.1897 63.4118 8
      vertex 30.4872 63.5021 8
    endloop
  endfacet
  facet normal -0.290445 0.956892 0
    outer loop
      vertex 30.1897 63.4118 8
      vertex 30.4872 63.5021 4.5
      vertex 30.1897 63.4118 4.5
    endloop
  endfacet
  facet normal -0.935892 -0.352287 0
    outer loop
      vertex 33.4583 69.5268 4.5
      vertex 33.3488 69.8177 8
      vertex 33.3488 69.8177 4.5
    endloop
  endfacet
  facet normal -0.935892 -0.352287 0
    outer loop
      vertex 33.3488 69.8177 8
      vertex 33.4583 69.5268 4.5
      vertex 33.4583 69.5268 8
    endloop
  endfacet
  facet normal -0.0978151 0.995205 0
    outer loop
      vertex 29.5803 63.2906 4.5
      vertex 29.271 63.2602 8
      vertex 29.5803 63.2906 8
    endloop
  endfacet
  facet normal -0.0978151 0.995205 0
    outer loop
      vertex 29.271 63.2602 8
      vertex 29.5803 63.2906 4.5
      vertex 29.271 63.2602 4.5
    endloop
  endfacet
  facet normal -0.849153 0.528147 0
    outer loop
      vertex 32.9098 65.361 4.5
      vertex 33.074 65.625 8
      vertex 33.074 65.625 4.5
    endloop
  endfacet
  facet normal -0.849153 0.528147 0
    outer loop
      vertex 33.074 65.625 8
      vertex 32.9098 65.361 4.5
      vertex 32.9098 65.361 8
    endloop
  endfacet
  facet normal -0.582515 -0.81282 0
    outer loop
      vertex 31.5993 71.9495 4.5
      vertex 31.852 71.7684 8
      vertex 31.5993 71.9495 8
    endloop
  endfacet
  facet normal -0.582515 -0.81282 -0
    outer loop
      vertex 31.852 71.7684 8
      vertex 31.5993 71.9495 4.5
      vertex 31.852 71.7684 4.5
    endloop
  endfacet
  facet normal 0.226762 -0.97395 0
    outer loop
      vertex 27.7309 72.5882 4.5
      vertex 28.0337 72.6587 8
      vertex 27.7309 72.5882 8
    endloop
  endfacet
  facet normal 0.226762 -0.97395 0
    outer loop
      vertex 28.0337 72.6587 8
      vertex 27.7309 72.5882 4.5
      vertex 28.0337 72.6587 4.5
    endloop
  endfacet
  facet normal -0.352287 -0.935892 0
    outer loop
      vertex 30.4872 72.4979 4.5
      vertex 30.7781 72.3884 8
      vertex 30.4872 72.4979 8
    endloop
  endfacet
  facet normal -0.352287 -0.935892 -0
    outer loop
      vertex 30.7781 72.3884 8
      vertex 30.4872 72.4979 4.5
      vertex 30.7781 72.3884 4.5
    endloop
  endfacet
  facet normal -0.683395 -0.730049 0
    outer loop
      vertex 32.0922 71.5712 4.5
      vertex 32.3191 71.3588 8
      vertex 32.0922 71.5712 8
    endloop
  endfacet
  facet normal -0.683395 -0.730049 -0
    outer loop
      vertex 32.3191 71.3588 8
      vertex 32.0922 71.5712 4.5
      vertex 32.3191 71.3588 4.5
    endloop
  endfacet
  facet normal -0.773025 0.634376 0
    outer loop
      vertex 32.5316 64.8681 4.5
      vertex 32.7288 65.1084 8
      vertex 32.7288 65.1084 4.5
    endloop
  endfacet
  facet normal -0.773025 0.634376 0
    outer loop
      vertex 32.7288 65.1084 8
      vertex 32.5316 64.8681 4.5
      vertex 32.5316 64.8681 8
    endloop
  endfacet
  facet normal -0.973863 0.227138 0
    outer loop
      vertex 33.5485 66.7706 4.5
      vertex 33.6191 67.0733 8
      vertex 33.6191 67.0733 4.5
    endloop
  endfacet
  facet normal -0.973863 0.227138 0
    outer loop
      vertex 33.6191 67.0733 8
      vertex 33.5485 66.7706 4.5
      vertex 33.5485 66.7706 8
    endloop
  endfacet
  facet normal -0.527915 0.849297 0
    outer loop
      vertex 31.5993 64.0505 4.5
      vertex 31.3353 63.8864 8
      vertex 31.5993 64.0505 8
    endloop
  endfacet
  facet normal -0.527915 0.849297 0
    outer loop
      vertex 31.3353 63.8864 8
      vertex 31.5993 64.0505 4.5
      vertex 31.3353 63.8864 4.5
    endloop
  endfacet
  facet normal 0.881934 0.471373 0
    outer loop
      vertex 24.8467 65.625 8
      vertex 24.7002 65.8991 4.5
      vertex 24.7002 65.8991 8
    endloop
  endfacet
  facet normal 0.881934 0.471373 0
    outer loop
      vertex 24.7002 65.8991 4.5
      vertex 24.8467 65.625 8
      vertex 24.8467 65.625 4.5
    endloop
  endfacet
  facet normal -0.471373 -0.881934 0
    outer loop
      vertex 31.0612 72.2601 4.5
      vertex 31.3353 72.1136 8
      vertex 31.0612 72.2601 8
    endloop
  endfacet
  facet normal -0.471373 -0.881934 -0
    outer loop
      vertex 31.3353 72.1136 8
      vertex 31.0612 72.2601 4.5
      vertex 31.3353 72.1136 4.5
    endloop
  endfacet
  facet normal -0.582515 0.81282 0
    outer loop
      vertex 31.852 64.2316 4.5
      vertex 31.5993 64.0505 8
      vertex 31.852 64.2316 8
    endloop
  endfacet
  facet normal -0.582515 0.81282 0
    outer loop
      vertex 31.5993 64.0505 8
      vertex 31.852 64.2316 4.5
      vertex 31.5993 64.0505 4.5
    endloop
  endfacet
  facet normal -0.163095 -0.98661 0
    outer loop
      vertex 29.5803 72.7094 4.5
      vertex 29.887 72.6587 8
      vertex 29.5803 72.7094 8
    endloop
  endfacet
  facet normal -0.163095 -0.98661 -0
    outer loop
      vertex 29.887 72.6587 8
      vertex 29.5803 72.7094 4.5
      vertex 29.887 72.6587 4.5
    endloop
  endfacet
  facet normal 0.973863 0.227138 0
    outer loop
      vertex 24.3722 66.7706 8
      vertex 24.3016 67.0733 4.5
      vertex 24.3016 67.0733 8
    endloop
  endfacet
  facet normal 0.973863 0.227138 0
    outer loop
      vertex 24.3016 67.0733 4.5
      vertex 24.3722 66.7706 8
      vertex 24.3722 66.7706 4.5
    endloop
  endfacet
  facet normal 0 0 1
    outer loop
      vertex 31.7103 68 4.5
      vertex 33.7103 68 4.5
      vertex 33.7002 68.3107 4.5
    endloop
  endfacet
  facet normal 0 0 1
    outer loop
      vertex 31.7045 68.1799 4.5
      vertex 33.7002 68.3107 4.5
      vertex 33.6697 68.62 4.5
    endloop
  endfacet
  facet normal 0 0 1
    outer loop
      vertex 33.7103 68 4.5
      vertex 31.7103 68 4.5
      vertex 33.7002 67.6893 4.5
    endloop
  endfacet
  facet normal 0 0 1
    outer loop
      vertex 31.6868 68.3589 4.5
      vertex 33.6697 68.62 4.5
      vertex 33.6191 68.9267 4.5
    endloop
  endfacet
  facet normal -0 0 1
    outer loop
      vertex 31.7045 67.8201 4.5
      vertex 33.7002 67.6893 4.5
      vertex 31.7103 68 4.5
    endloop
  endfacet
  facet normal 0 0 1
    outer loop
      vertex 31.6575 68.5365 4.5
      vertex 33.6191 68.9267 4.5
      vertex 33.5485 69.2294 4.5
    endloop
  endfacet
  facet normal 0 0 1
    outer loop
      vertex 33.7002 67.6893 4.5
      vertex 31.7045 67.8201 4.5
      vertex 33.6697 67.38 4.5
    endloop
  endfacet
  facet normal 0 0 1
    outer loop
      vertex 31.6166 68.7118 4.5
      vertex 33.5485 69.2294 4.5
      vertex 33.4583 69.5268 4.5
    endloop
  endfacet
  facet normal -0 0 1
    outer loop
      vertex 31.6868 67.6411 4.5
      vertex 33.6697 67.38 4.5
      vertex 31.7045 67.8201 4.5
    endloop
  endfacet
  facet normal 0 0 1
    outer loop
      vertex 31.5644 68.884 4.5
      vertex 33.4583 69.5268 4.5
      vertex 33.3488 69.8177 4.5
    endloop
  endfacet
  facet normal 0 0 1
    outer loop
      vertex 33.6697 67.38 4.5
      vertex 31.6868 67.6411 4.5
      vertex 33.6191 67.0733 4.5
    endloop
  endfacet
  facet normal 0 0 1
    outer loop
      vertex 31.501 69.0524 4.5
      vertex 33.3488 69.8177 4.5
      vertex 33.2205 70.1009 4.5
    endloop
  endfacet
  facet normal -0 0 1
    outer loop
      vertex 31.6575 67.4635 4.5
      vertex 33.6191 67.0733 4.5
      vertex 31.6868 67.6411 4.5
    endloop
  endfacet
  facet normal 0 0 1
    outer loop
      vertex 31.4267 69.2163 4.5
      vertex 33.2205 70.1009 4.5
      vertex 33.074 70.375 4.5
    endloop
  endfacet
  facet normal 0 0 1
    outer loop
      vertex 33.6191 67.0733 4.5
      vertex 31.6575 67.4635 4.5
      vertex 33.5485 66.7706 4.5
    endloop
  endfacet
  facet normal 0 0 1
    outer loop
      vertex 31.3419 69.375 4.5
      vertex 33.074 70.375 4.5
      vertex 32.9098 70.639 4.5
    endloop
  endfacet
  facet normal -0 0 1
    outer loop
      vertex 31.6166 67.2882 4.5
      vertex 33.5485 66.7706 4.5
      vertex 31.6575 67.4635 4.5
    endloop
  endfacet
  facet normal 0 0 1
    outer loop
      vertex 31.2469 69.5278 4.5
      vertex 32.9098 70.639 4.5
      vertex 32.7288 70.8916 4.5
    endloop
  endfacet
  facet normal 0 0 1
    outer loop
      vertex 33.5485 66.7706 4.5
      vertex 31.6166 67.2882 4.5
      vertex 33.4583 66.4732 4.5
    endloop
  endfacet
  facet normal 0 0 1
    outer loop
      vertex 31.1421 69.6741 4.5
      vertex 32.7288 70.8916 4.5
      vertex 32.5316 71.1319 4.5
    endloop
  endfacet
  facet normal -0 0 1
    outer loop
      vertex 31.5644 67.116 4.5
      vertex 33.4583 66.4732 4.5
      vertex 31.6166 67.2882 4.5
    endloop
  endfacet
  facet normal 0 0 1
    outer loop
      vertex 31.0279 69.8132 4.5
      vertex 32.5316 71.1319 4.5
      vertex 32.3191 71.3588 4.5
    endloop
  endfacet
  facet normal 0 0 1
    outer loop
      vertex 33.4583 66.4732 4.5
      vertex 31.5644 67.116 4.5
      vertex 33.3488 66.1823 4.5
    endloop
  endfacet
  facet normal 0 0 1
    outer loop
      vertex 30.9049 69.9445 4.5
      vertex 32.3191 71.3588 4.5
      vertex 32.0922 71.5712 4.5
    endloop
  endfacet
  facet normal -0 0 1
    outer loop
      vertex 31.501 66.9476 4.5
      vertex 33.3488 66.1823 4.5
      vertex 31.5644 67.116 4.5
    endloop
  endfacet
  facet normal 0 0 1
    outer loop
      vertex 30.7735 70.0676 4.5
      vertex 32.0922 71.5712 4.5
      vertex 31.852 71.7684 4.5
    endloop
  endfacet
  facet normal 0 0 1
    outer loop
      vertex 33.3488 66.1823 4.5
      vertex 31.501 66.9476 4.5
      vertex 33.2205 65.8991 4.5
    endloop
  endfacet
  facet normal -0 0 1
    outer loop
      vertex 31.4267 66.7837 4.5
      vertex 33.2205 65.8991 4.5
      vertex 31.501 66.9476 4.5
    endloop
  endfacet
  facet normal 0 0 1
    outer loop
      vertex 33.7002 68.3107 4.5
      vertex 31.7045 68.1799 4.5
      vertex 31.7103 68 4.5
    endloop
  endfacet
  facet normal 0 0 1
    outer loop
      vertex 33.6697 68.62 4.5
      vertex 31.6868 68.3589 4.5
      vertex 31.7045 68.1799 4.5
    endloop
  endfacet
  facet normal 0 0 1
    outer loop
      vertex 33.6191 68.9267 4.5
      vertex 31.6575 68.5365 4.5
      vertex 31.6868 68.3589 4.5
    endloop
  endfacet
  facet normal 0 0 1
    outer loop
      vertex 33.5485 69.2294 4.5
      vertex 31.6166 68.7118 4.5
      vertex 31.6575 68.5365 4.5
    endloop
  endfacet
  facet normal 0 0 1
    outer loop
      vertex 30.6344 70.1817 4.5
      vertex 31.852 71.7684 4.5
      vertex 31.5993 71.9495 4.5
    endloop
  endfacet
  facet normal 0 0 1
    outer loop
      vertex 33.4583 69.5268 4.5
      vertex 31.5644 68.884 4.5
      vertex 31.6166 68.7118 4.5
    endloop
  endfacet
  facet normal 0 0 1
    outer loop
      vertex 33.3488 69.8177 4.5
      vertex 31.501 69.0524 4.5
      vertex 31.5644 68.884 4.5
    endloop
  endfacet
  facet normal 0 0 1
    outer loop
      vertex 33.2205 70.1009 4.5
      vertex 31.4267 69.2163 4.5
      vertex 31.501 69.0524 4.5
    endloop
  endfacet
  facet normal 0 0 1
    outer loop
      vertex 33.074 70.375 4.5
      vertex 31.3419 69.375 4.5
      vertex 31.4267 69.2163 4.5
    endloop
  endfacet
  facet normal 0 0 1
    outer loop
      vertex 30.4882 70.2865 4.5
      vertex 31.5993 71.9495 4.5
      vertex 31.3353 72.1136 4.5
    endloop
  endfacet
  facet normal 0 0 1
    outer loop
      vertex 32.9098 70.639 4.5
      vertex 31.2469 69.5278 4.5
      vertex 31.3419 69.375 4.5
    endloop
  endfacet
  facet normal 0 0 1
    outer loop
      vertex 32.7288 70.8916 4.5
      vertex 31.1421 69.6741 4.5
      vertex 31.2469 69.5278 4.5
    endloop
  endfacet
  facet normal 0 0 1
    outer loop
      vertex 30.3353 70.3816 4.5
      vertex 31.3353 72.1136 4.5
      vertex 31.0612 72.2601 4.5
    endloop
  endfacet
  facet normal 0 0 1
    outer loop
      vertex 32.5316 71.1319 4.5
      vertex 31.0279 69.8132 4.5
      vertex 31.1421 69.6741 4.5
    endloop
  endfacet
  facet normal 0 0 1
    outer loop
      vertex 32.3191 71.3588 4.5
      vertex 30.9049 69.9445 4.5
      vertex 31.0279 69.8132 4.5
    endloop
  endfacet
  facet normal 0 0 1
    outer loop
      vertex 30.1766 70.4664 4.5
      vertex 31.0612 72.2601 4.5
      vertex 30.7781 72.3884 4.5
    endloop
  endfacet
  facet normal 0 0 1
    outer loop
      vertex 32.0922 71.5712 4.5
      vertex 30.7735 70.0676 4.5
      vertex 30.9049 69.9445 4.5
    endloop
  endfacet
  facet normal 0 0 1
    outer loop
      vertex 31.852 71.7684 4.5
      vertex 30.6344 70.1817 4.5
      vertex 30.7735 70.0676 4.5
    endloop
  endfacet
  facet normal 0 0 1
    outer loop
      vertex 31.5993 71.9495 4.5
      vertex 30.4882 70.2865 4.5
      vertex 30.6344 70.1817 4.5
    endloop
  endfacet
  facet normal 0 0 1
    outer loop
      vertex 30.0127 70.5407 4.5
      vertex 30.7781 72.3884 4.5
      vertex 30.4872 72.4979 4.5
    endloop
  endfacet
  facet normal 0 0 1
    outer loop
      vertex 31.3353 72.1136 4.5
      vertex 30.3353 70.3816 4.5
      vertex 30.4882 70.2865 4.5
    endloop
  endfacet
  facet normal 0 0 1
    outer loop
      vertex 29.8443 70.6041 4.5
      vertex 30.4872 72.4979 4.5
      vertex 30.1897 72.5882 4.5
    endloop
  endfacet
  facet normal 0 0 1
    outer loop
      vertex 31.0612 72.2601 4.5
      vertex 30.1766 70.4664 4.5
      vertex 30.3353 70.3816 4.5
    endloop
  endfacet
  facet normal 0 0 1
    outer loop
      vertex 30.7781 72.3884 4.5
      vertex 30.0127 70.5407 4.5
      vertex 30.1766 70.4664 4.5
    endloop
  endfacet
  facet normal 0 0 1
    outer loop
      vertex 29.6721 70.6563 4.5
      vertex 30.1897 72.5882 4.5
      vertex 29.887 72.6587 4.5
    endloop
  endfacet
  facet normal 0 0 1
    outer loop
      vertex 30.4872 72.4979 4.5
      vertex 29.8443 70.6041 4.5
      vertex 30.0127 70.5407 4.5
    endloop
  endfacet
  facet normal 0 0 1
    outer loop
      vertex 30.1897 72.5882 4.5
      vertex 29.6721 70.6563 4.5
      vertex 29.8443 70.6041 4.5
    endloop
  endfacet
  facet normal 0 0 1
    outer loop
      vertex 29.4968 70.6972 4.5
      vertex 29.887 72.6587 4.5
      vertex 29.5803 72.7094 4.5
    endloop
  endfacet
  facet normal 0 0 1
    outer loop
      vertex 29.887 72.6587 4.5
      vertex 29.4968 70.6972 4.5
      vertex 29.6721 70.6563 4.5
    endloop
  endfacet
  facet normal 0 0 1
    outer loop
      vertex 29.5803 72.7094 4.5
      vertex 29.3193 70.7265 4.5
      vertex 29.4968 70.6972 4.5
    endloop
  endfacet
  facet normal 0 0 1
    outer loop
      vertex 29.271 72.7398 4.5
      vertex 29.3193 70.7265 4.5
      vertex 29.5803 72.7094 4.5
    endloop
  endfacet
  facet normal 0 0 1
    outer loop
      vertex 29.271 72.7398 4.5
      vertex 29.1402 70.7441 4.5
      vertex 29.3193 70.7265 4.5
    endloop
  endfacet
  facet normal 0 0 1
    outer loop
      vertex 28.9603 72.75 4.5
      vertex 29.1402 70.7441 4.5
      vertex 29.271 72.7398 4.5
    endloop
  endfacet
  facet normal 0 0 1
    outer loop
      vertex 28.9603 72.75 4.5
      vertex 28.9603 70.75 4.5
      vertex 29.1402 70.7441 4.5
    endloop
  endfacet
  facet normal 0 0 1
    outer loop
      vertex 28.9603 72.75 4.5
      vertex 28.7805 70.7441 4.5
      vertex 28.9603 70.75 4.5
    endloop
  endfacet
  facet normal -0 0 1
    outer loop
      vertex 28.6497 72.7398 4.5
      vertex 28.7805 70.7441 4.5
      vertex 28.9603 72.75 4.5
    endloop
  endfacet
  facet normal 0 0 1
    outer loop
      vertex 28.6497 72.7398 4.5
      vertex 28.6014 70.7265 4.5
      vertex 28.7805 70.7441 4.5
    endloop
  endfacet
  facet normal -0 0 1
    outer loop
      vertex 28.3403 72.7094 4.5
      vertex 28.6014 70.7265 4.5
      vertex 28.6497 72.7398 4.5
    endloop
  endfacet
  facet normal 0 0 1
    outer loop
      vertex 28.6014 70.7265 4.5
      vertex 28.3403 72.7094 4.5
      vertex 28.4238 70.6972 4.5
    endloop
  endfacet
  facet normal -0 0 1
    outer loop
      vertex 28.0337 72.6587 4.5
      vertex 28.4238 70.6972 4.5
      vertex 28.3403 72.7094 4.5
    endloop
  endfacet
  facet normal 0 0 1
    outer loop
      vertex 28.4238 70.6972 4.5
      vertex 28.0337 72.6587 4.5
      vertex 28.2486 70.6563 4.5
    endloop
  endfacet
  facet normal -0 0 1
    outer loop
      vertex 27.7309 72.5882 4.5
      vertex 28.2486 70.6563 4.5
      vertex 28.0337 72.6587 4.5
    endloop
  endfacet
  facet normal 0 0 1
    outer loop
      vertex 28.2486 70.6563 4.5
      vertex 27.7309 72.5882 4.5
      vertex 28.0764 70.6041 4.5
    endloop
  endfacet
  facet normal -0 0 1
    outer loop
      vertex 27.4335 72.4979 4.5
      vertex 28.0764 70.6041 4.5
      vertex 27.7309 72.5882 4.5
    endloop
  endfacet
  facet normal 0 0 1
    outer loop
      vertex 28.0764 70.6041 4.5
      vertex 27.4335 72.4979 4.5
      vertex 27.908 70.5407 4.5
    endloop
  endfacet
  facet normal -0 0 1
    outer loop
      vertex 27.1426 72.3884 4.5
      vertex 27.908 70.5407 4.5
      vertex 27.4335 72.4979 4.5
    endloop
  endfacet
  facet normal 0 0 1
    outer loop
      vertex 27.908 70.5407 4.5
      vertex 27.1426 72.3884 4.5
      vertex 27.744 70.4664 4.5
    endloop
  endfacet
  facet normal -0 0 1
    outer loop
      vertex 26.8595 72.2601 4.5
      vertex 27.744 70.4664 4.5
      vertex 27.1426 72.3884 4.5
    endloop
  endfacet
  facet normal 0 0 1
    outer loop
      vertex 27.744 70.4664 4.5
      vertex 26.8595 72.2601 4.5
      vertex 27.5853 70.3816 4.5
    endloop
  endfacet
  facet normal -0 0 1
    outer loop
      vertex 26.5853 72.1136 4.5
      vertex 27.5853 70.3816 4.5
      vertex 26.8595 72.2601 4.5
    endloop
  endfacet
  facet normal 0 0 1
    outer loop
      vertex 27.5853 70.3816 4.5
      vertex 26.5853 72.1136 4.5
      vertex 27.4325 70.2865 4.5
    endloop
  endfacet
  facet normal -0 0 1
    outer loop
      vertex 26.3214 71.9495 4.5
      vertex 27.4325 70.2865 4.5
      vertex 26.5853 72.1136 4.5
    endloop
  endfacet
  facet normal 0 0 1
    outer loop
      vertex 27.4325 70.2865 4.5
      vertex 26.3214 71.9495 4.5
      vertex 27.2862 70.1817 4.5
    endloop
  endfacet
  facet normal -0 0 1
    outer loop
      vertex 26.0687 71.7684 4.5
      vertex 27.2862 70.1817 4.5
      vertex 26.3214 71.9495 4.5
    endloop
  endfacet
  facet normal 0 0 1
    outer loop
      vertex 27.2862 70.1817 4.5
      vertex 26.0687 71.7684 4.5
      vertex 27.1471 70.0676 4.5
    endloop
  endfacet
  facet normal -0 0 1
    outer loop
      vertex 25.8284 71.5712 4.5
      vertex 27.1471 70.0676 4.5
      vertex 26.0687 71.7684 4.5
    endloop
  endfacet
  facet normal 0 0 1
    outer loop
      vertex 27.1471 70.0676 4.5
      vertex 25.8284 71.5712 4.5
      vertex 27.0158 69.9445 4.5
    endloop
  endfacet
  facet normal -0 0 1
    outer loop
      vertex 25.6016 71.3588 4.5
      vertex 27.0158 69.9445 4.5
      vertex 25.8284 71.5712 4.5
    endloop
  endfacet
  facet normal 0 0 1
    outer loop
      vertex 27.0158 69.9445 4.5
      vertex 25.6016 71.3588 4.5
      vertex 26.8928 69.8132 4.5
    endloop
  endfacet
  facet normal -0 0 1
    outer loop
      vertex 25.3891 71.1319 4.5
      vertex 26.8928 69.8132 4.5
      vertex 25.6016 71.3588 4.5
    endloop
  endfacet
  facet normal 0 0 1
    outer loop
      vertex 26.8928 69.8132 4.5
      vertex 25.3891 71.1319 4.5
      vertex 26.7786 69.6741 4.5
    endloop
  endfacet
  facet normal -0 0 1
    outer loop
      vertex 25.1919 70.8916 4.5
      vertex 26.7786 69.6741 4.5
      vertex 25.3891 71.1319 4.5
    endloop
  endfacet
  facet normal 0 0 1
    outer loop
      vertex 26.7786 69.6741 4.5
      vertex 25.1919 70.8916 4.5
      vertex 26.6738 69.5278 4.5
    endloop
  endfacet
  facet normal -0 0 1
    outer loop
      vertex 25.0109 70.639 4.5
      vertex 26.6738 69.5278 4.5
      vertex 25.1919 70.8916 4.5
    endloop
  endfacet
  facet normal 0 0 1
    outer loop
      vertex 26.6738 69.5278 4.5
      vertex 25.0109 70.639 4.5
      vertex 26.5788 69.375 4.5
    endloop
  endfacet
  facet normal -0 0 1
    outer loop
      vertex 24.8467 70.375 4.5
      vertex 26.5788 69.375 4.5
      vertex 25.0109 70.639 4.5
    endloop
  endfacet
  facet normal 0 0 1
    outer loop
      vertex 26.5788 69.375 4.5
      vertex 24.8467 70.375 4.5
      vertex 26.4939 69.2163 4.5
    endloop
  endfacet
  facet normal -0 0 1
    outer loop
      vertex 24.7002 70.1009 4.5
      vertex 26.4939 69.2163 4.5
      vertex 24.8467 70.375 4.5
    endloop
  endfacet
  facet normal 0 0 1
    outer loop
      vertex 33.2205 65.8991 4.5
      vertex 31.4267 66.7837 4.5
      vertex 33.074 65.625 4.5
    endloop
  endfacet
  facet normal -0 0 1
    outer loop
      vertex 31.3419 66.625 4.5
      vertex 33.074 65.625 4.5
      vertex 31.4267 66.7837 4.5
    endloop
  endfacet
  facet normal 0 0 1
    outer loop
      vertex 33.074 65.625 4.5
      vertex 31.3419 66.625 4.5
      vertex 32.9098 65.361 4.5
    endloop
  endfacet
  facet normal -0 0 1
    outer loop
      vertex 31.2469 66.4722 4.5
      vertex 32.9098 65.361 4.5
      vertex 31.3419 66.625 4.5
    endloop
  endfacet
  facet normal 0 0 1
    outer loop
      vertex 32.9098 65.361 4.5
      vertex 31.2469 66.4722 4.5
      vertex 32.7288 65.1084 4.5
    endloop
  endfacet
  facet normal -0 0 1
    outer loop
      vertex 31.1421 66.3259 4.5
      vertex 32.7288 65.1084 4.5
      vertex 31.2469 66.4722 4.5
    endloop
  endfacet
  facet normal 0 0 1
    outer loop
      vertex 32.7288 65.1084 4.5
      vertex 31.1421 66.3259 4.5
      vertex 32.5316 64.8681 4.5
    endloop
  endfacet
  facet normal -0 0 1
    outer loop
      vertex 31.0279 66.1868 4.5
      vertex 32.5316 64.8681 4.5
      vertex 31.1421 66.3259 4.5
    endloop
  endfacet
  facet normal 0 0 1
    outer loop
      vertex 32.5316 64.8681 4.5
      vertex 31.0279 66.1868 4.5
      vertex 32.3191 64.6412 4.5
    endloop
  endfacet
  facet normal -0 0 1
    outer loop
      vertex 30.9049 66.0555 4.5
      vertex 32.3191 64.6412 4.5
      vertex 31.0279 66.1868 4.5
    endloop
  endfacet
  facet normal 0 0 1
    outer loop
      vertex 32.3191 64.6412 4.5
      vertex 30.9049 66.0555 4.5
      vertex 32.0922 64.4288 4.5
    endloop
  endfacet
  facet normal -0 0 1
    outer loop
      vertex 30.7735 65.9324 4.5
      vertex 32.0922 64.4288 4.5
      vertex 30.9049 66.0555 4.5
    endloop
  endfacet
  facet normal 0 0 1
    outer loop
      vertex 32.0922 64.4288 4.5
      vertex 30.7735 65.9324 4.5
      vertex 31.852 64.2316 4.5
    endloop
  endfacet
  facet normal -0 0 1
    outer loop
      vertex 30.6344 65.8183 4.5
      vertex 31.852 64.2316 4.5
      vertex 30.7735 65.9324 4.5
    endloop
  endfacet
  facet normal 0 0 1
    outer loop
      vertex 31.852 64.2316 4.5
      vertex 30.6344 65.8183 4.5
      vertex 31.5993 64.0505 4.5
    endloop
  endfacet
  facet normal -0 0 1
    outer loop
      vertex 30.4882 65.7135 4.5
      vertex 31.5993 64.0505 4.5
      vertex 30.6344 65.8183 4.5
    endloop
  endfacet
  facet normal 0 0 1
    outer loop
      vertex 31.5993 64.0505 4.5
      vertex 30.4882 65.7135 4.5
      vertex 31.3353 63.8864 4.5
    endloop
  endfacet
  facet normal -0 0 1
    outer loop
      vertex 30.3353 65.6184 4.5
      vertex 31.3353 63.8864 4.5
      vertex 30.4882 65.7135 4.5
    endloop
  endfacet
  facet normal 0 0 1
    outer loop
      vertex 31.3353 63.8864 4.5
      vertex 30.3353 65.6184 4.5
      vertex 31.0612 63.7399 4.5
    endloop
  endfacet
  facet normal -0 0 1
    outer loop
      vertex 30.1766 65.5336 4.5
      vertex 31.0612 63.7399 4.5
      vertex 30.3353 65.6184 4.5
    endloop
  endfacet
  facet normal 0 0 1
    outer loop
      vertex 31.0612 63.7399 4.5
      vertex 30.1766 65.5336 4.5
      vertex 30.7781 63.6116 4.5
    endloop
  endfacet
  facet normal -0 0 1
    outer loop
      vertex 30.0127 65.4593 4.5
      vertex 30.7781 63.6116 4.5
      vertex 30.1766 65.5336 4.5
    endloop
  endfacet
  facet normal 0 0 1
    outer loop
      vertex 30.7781 63.6116 4.5
      vertex 30.0127 65.4593 4.5
      vertex 30.4872 63.5021 4.5
    endloop
  endfacet
  facet normal -0 0 1
    outer loop
      vertex 29.8443 65.3959 4.5
      vertex 30.4872 63.5021 4.5
      vertex 30.0127 65.4593 4.5
    endloop
  endfacet
  facet normal 0 0 1
    outer loop
      vertex 30.4872 63.5021 4.5
      vertex 29.8443 65.3959 4.5
      vertex 30.1897 63.4118 4.5
    endloop
  endfacet
  facet normal -0 0 1
    outer loop
      vertex 29.6721 65.3437 4.5
      vertex 30.1897 63.4118 4.5
      vertex 29.8443 65.3959 4.5
    endloop
  endfacet
  facet normal 0 0 1
    outer loop
      vertex 30.1897 63.4118 4.5
      vertex 29.6721 65.3437 4.5
      vertex 29.887 63.3413 4.5
    endloop
  endfacet
  facet normal -0 0 1
    outer loop
      vertex 29.4968 65.3028 4.5
      vertex 29.887 63.3413 4.5
      vertex 29.6721 65.3437 4.5
    endloop
  endfacet
  facet normal 0 0 1
    outer loop
      vertex 29.887 63.3413 4.5
      vertex 29.4968 65.3028 4.5
      vertex 29.5803 63.2906 4.5
    endloop
  endfacet
  facet normal -0 0 1
    outer loop
      vertex 29.3193 65.2735 4.5
      vertex 29.5803 63.2906 4.5
      vertex 29.4968 65.3028 4.5
    endloop
  endfacet
  facet normal 0 0 1
    outer loop
      vertex 29.3193 65.2735 4.5
      vertex 29.271 63.2602 4.5
      vertex 29.5803 63.2906 4.5
    endloop
  endfacet
  facet normal -0 0 1
    outer loop
      vertex 29.1402 65.2559 4.5
      vertex 29.271 63.2602 4.5
      vertex 29.3193 65.2735 4.5
    endloop
  endfacet
  facet normal -0 0 1
    outer loop
      vertex 28.9603 65.25 4.5
      vertex 29.271 63.2602 4.5
      vertex 29.1402 65.2559 4.5
    endloop
  endfacet
  facet normal 0 0 1
    outer loop
      vertex 28.9603 65.25 4.5
      vertex 28.9603 63.25 4.5
      vertex 29.271 63.2602 4.5
    endloop
  endfacet
  facet normal 0 0 1
    outer loop
      vertex 28.7805 65.2559 4.5
      vertex 28.9603 63.25 4.5
      vertex 28.9603 65.25 4.5
    endloop
  endfacet
  facet normal 0 0 1
    outer loop
      vertex 28.7805 65.2559 4.5
      vertex 28.6497 63.2602 4.5
      vertex 28.9603 63.25 4.5
    endloop
  endfacet
  facet normal 0 0 1
    outer loop
      vertex 28.6014 65.2735 4.5
      vertex 28.6497 63.2602 4.5
      vertex 28.7805 65.2559 4.5
    endloop
  endfacet
  facet normal 0 0 1
    outer loop
      vertex 28.3403 63.2906 4.5
      vertex 28.6014 65.2735 4.5
      vertex 28.4238 65.3028 4.5
    endloop
  endfacet
  facet normal 0 0 1
    outer loop
      vertex 28.6014 65.2735 4.5
      vertex 28.3403 63.2906 4.5
      vertex 28.6497 63.2602 4.5
    endloop
  endfacet
  facet normal 0 0 1
    outer loop
      vertex 28.0337 63.3413 4.5
      vertex 28.4238 65.3028 4.5
      vertex 28.2486 65.3437 4.5
    endloop
  endfacet
  facet normal 0 0 1
    outer loop
      vertex 27.7309 63.4118 4.5
      vertex 28.2486 65.3437 4.5
      vertex 28.0764 65.3959 4.5
    endloop
  endfacet
  facet normal 0 0 1
    outer loop
      vertex 28.4238 65.3028 4.5
      vertex 28.0337 63.3413 4.5
      vertex 28.3403 63.2906 4.5
    endloop
  endfacet
  facet normal 0 0 1
    outer loop
      vertex 27.4335 63.5021 4.5
      vertex 28.0764 65.3959 4.5
      vertex 27.908 65.4593 4.5
    endloop
  endfacet
  facet normal 0 0 1
    outer loop
      vertex 27.1426 63.6116 4.5
      vertex 27.908 65.4593 4.5
      vertex 27.744 65.5336 4.5
    endloop
  endfacet
  facet normal 0 0 1
    outer loop
      vertex 28.2486 65.3437 4.5
      vertex 27.7309 63.4118 4.5
      vertex 28.0337 63.3413 4.5
    endloop
  endfacet
  facet normal 0 0 1
    outer loop
      vertex 26.8595 63.7399 4.5
      vertex 27.744 65.5336 4.5
      vertex 27.5853 65.6184 4.5
    endloop
  endfacet
  facet normal 0 0 1
    outer loop
      vertex 28.0764 65.3959 4.5
      vertex 27.4335 63.5021 4.5
      vertex 27.7309 63.4118 4.5
    endloop
  endfacet
  facet normal 0 0 1
    outer loop
      vertex 26.5853 63.8864 4.5
      vertex 27.5853 65.6184 4.5
      vertex 27.4325 65.7135 4.5
    endloop
  endfacet
  facet normal 0 0 1
    outer loop
      vertex 26.3214 64.0505 4.5
      vertex 27.4325 65.7135 4.5
      vertex 27.2862 65.8183 4.5
    endloop
  endfacet
  facet normal 0 0 1
    outer loop
      vertex 26.0687 64.2316 4.5
      vertex 27.2862 65.8183 4.5
      vertex 27.1471 65.9324 4.5
    endloop
  endfacet
  facet normal 0 0 1
    outer loop
      vertex 27.908 65.4593 4.5
      vertex 27.1426 63.6116 4.5
      vertex 27.4335 63.5021 4.5
    endloop
  endfacet
  facet normal 0 0 1
    outer loop
      vertex 25.8284 64.4288 4.5
      vertex 27.1471 65.9324 4.5
      vertex 27.0158 66.0555 4.5
    endloop
  endfacet
  facet normal 0 0 1
    outer loop
      vertex 25.6016 64.6412 4.5
      vertex 27.0158 66.0555 4.5
      vertex 26.8928 66.1868 4.5
    endloop
  endfacet
  facet normal 0 0 1
    outer loop
      vertex 27.744 65.5336 4.5
      vertex 26.8595 63.7399 4.5
      vertex 27.1426 63.6116 4.5
    endloop
  endfacet
  facet normal 0 0 1
    outer loop
      vertex 25.3891 64.8681 4.5
      vertex 26.8928 66.1868 4.5
      vertex 26.7786 66.3259 4.5
    endloop
  endfacet
  facet normal 0 0 1
    outer loop
      vertex 25.1919 65.1084 4.5
      vertex 26.7786 66.3259 4.5
      vertex 26.6738 66.4722 4.5
    endloop
  endfacet
  facet normal 0 0 1
    outer loop
      vertex 27.5853 65.6184 4.5
      vertex 26.5853 63.8864 4.5
      vertex 26.8595 63.7399 4.5
    endloop
  endfacet
  facet normal 0 0 1
    outer loop
      vertex 25.0109 65.361 4.5
      vertex 26.6738 66.4722 4.5
      vertex 26.5788 66.625 4.5
    endloop
  endfacet
  facet normal 0 0 1
    outer loop
      vertex 24.8467 65.625 4.5
      vertex 26.5788 66.625 4.5
      vertex 26.4939 66.7837 4.5
    endloop
  endfacet
  facet normal 0 0 1
    outer loop
      vertex 24.7002 65.8991 4.5
      vertex 26.4939 66.7837 4.5
      vertex 26.4197 66.9476 4.5
    endloop
  endfacet
  facet normal 0 0 1
    outer loop
      vertex 24.5719 66.1823 4.5
      vertex 26.4197 66.9476 4.5
      vertex 26.3563 67.116 4.5
    endloop
  endfacet
  facet normal 0 0 1
    outer loop
      vertex 27.4325 65.7135 4.5
      vertex 26.3214 64.0505 4.5
      vertex 26.5853 63.8864 4.5
    endloop
  endfacet
  facet normal 0 0 1
    outer loop
      vertex 24.4624 66.4732 4.5
      vertex 26.3563 67.116 4.5
      vertex 26.304 67.2882 4.5
    endloop
  endfacet
  facet normal 0 0 1
    outer loop
      vertex 24.3722 66.7706 4.5
      vertex 26.304 67.2882 4.5
      vertex 26.2632 67.4635 4.5
    endloop
  endfacet
  facet normal 0 0 1
    outer loop
      vertex 24.3016 67.0733 4.5
      vertex 26.2632 67.4635 4.5
      vertex 26.2339 67.6411 4.5
    endloop
  endfacet
  facet normal 0 0 1
    outer loop
      vertex 24.251 67.38 4.5
      vertex 26.2339 67.6411 4.5
      vertex 26.2162 67.8201 4.5
    endloop
  endfacet
  facet normal 0 0 1
    outer loop
      vertex 24.2205 67.6893 4.5
      vertex 26.2162 67.8201 4.5
      vertex 26.2103 68 4.5
    endloop
  endfacet
  facet normal 0 0 1
    outer loop
      vertex 26.4939 69.2163 4.5
      vertex 24.7002 70.1009 4.5
      vertex 26.4197 69.0524 4.5
    endloop
  endfacet
  facet normal 0 0 1
    outer loop
      vertex 27.2862 65.8183 4.5
      vertex 26.0687 64.2316 4.5
      vertex 26.3214 64.0505 4.5
    endloop
  endfacet
  facet normal -0 0 1
    outer loop
      vertex 24.5719 69.8177 4.5
      vertex 26.4197 69.0524 4.5
      vertex 24.7002 70.1009 4.5
    endloop
  endfacet
  facet normal 0 0 1
    outer loop
      vertex 27.1471 65.9324 4.5
      vertex 25.8284 64.4288 4.5
      vertex 26.0687 64.2316 4.5
    endloop
  endfacet
  facet normal 0 0 1
    outer loop
      vertex 26.4197 69.0524 4.5
      vertex 24.5719 69.8177 4.5
      vertex 26.3563 68.884 4.5
    endloop
  endfacet
  facet normal 0 0 1
    outer loop
      vertex 27.0158 66.0555 4.5
      vertex 25.6016 64.6412 4.5
      vertex 25.8284 64.4288 4.5
    endloop
  endfacet
  facet normal -0 0 1
    outer loop
      vertex 24.4624 69.5268 4.5
      vertex 26.3563 68.884 4.5
      vertex 24.5719 69.8177 4.5
    endloop
  endfacet
  facet normal 0 0 1
    outer loop
      vertex 26.8928 66.1868 4.5
      vertex 25.3891 64.8681 4.5
      vertex 25.6016 64.6412 4.5
    endloop
  endfacet
  facet normal 0 0 1
    outer loop
      vertex 26.3563 68.884 4.5
      vertex 24.4624 69.5268 4.5
      vertex 26.304 68.7118 4.5
    endloop
  endfacet
  facet normal 0 0 1
    outer loop
      vertex 26.7786 66.3259 4.5
      vertex 25.1919 65.1084 4.5
      vertex 25.3891 64.8681 4.5
    endloop
  endfacet
  facet normal -0 0 1
    outer loop
      vertex 24.3722 69.2294 4.5
      vertex 26.304 68.7118 4.5
      vertex 24.4624 69.5268 4.5
    endloop
  endfacet
  facet normal 0 0 1
    outer loop
      vertex 26.6738 66.4722 4.5
      vertex 25.0109 65.361 4.5
      vertex 25.1919 65.1084 4.5
    endloop
  endfacet
  facet normal 0 0 1
    outer loop
      vertex 26.304 68.7118 4.5
      vertex 24.3722 69.2294 4.5
      vertex 26.2632 68.5365 4.5
    endloop
  endfacet
  facet normal 0 0 1
    outer loop
      vertex 26.5788 66.625 4.5
      vertex 24.8467 65.625 4.5
      vertex 25.0109 65.361 4.5
    endloop
  endfacet
  facet normal -0 0 1
    outer loop
      vertex 24.3016 68.9267 4.5
      vertex 26.2632 68.5365 4.5
      vertex 24.3722 69.2294 4.5
    endloop
  endfacet
  facet normal 0 0 1
    outer loop
      vertex 26.4939 66.7837 4.5
      vertex 24.7002 65.8991 4.5
      vertex 24.8467 65.625 4.5
    endloop
  endfacet
  facet normal 0 0 1
    outer loop
      vertex 26.2632 68.5365 4.5
      vertex 24.3016 68.9267 4.5
      vertex 26.2339 68.3589 4.5
    endloop
  endfacet
  facet normal 0 0 1
    outer loop
      vertex 26.4197 66.9476 4.5
      vertex 24.5719 66.1823 4.5
      vertex 24.7002 65.8991 4.5
    endloop
  endfacet
  facet normal -0 0 1
    outer loop
      vertex 24.251 68.62 4.5
      vertex 26.2339 68.3589 4.5
      vertex 24.3016 68.9267 4.5
    endloop
  endfacet
  facet normal 0 0 1
    outer loop
      vertex 26.3563 67.116 4.5
      vertex 24.4624 66.4732 4.5
      vertex 24.5719 66.1823 4.5
    endloop
  endfacet
  facet normal 0 0 1
    outer loop
      vertex 26.2339 68.3589 4.5
      vertex 24.251 68.62 4.5
      vertex 26.2162 68.1799 4.5
    endloop
  endfacet
  facet normal 0 0 1
    outer loop
      vertex 26.304 67.2882 4.5
      vertex 24.3722 66.7706 4.5
      vertex 24.4624 66.4732 4.5
    endloop
  endfacet
  facet normal -0 0 1
    outer loop
      vertex 24.2205 68.3107 4.5
      vertex 26.2162 68.1799 4.5
      vertex 24.251 68.62 4.5
    endloop
  endfacet
  facet normal 0 0 1
    outer loop
      vertex 26.2632 67.4635 4.5
      vertex 24.3016 67.0733 4.5
      vertex 24.3722 66.7706 4.5
    endloop
  endfacet
  facet normal 0 0 1
    outer loop
      vertex 26.2162 68.1799 4.5
      vertex 24.2205 68.3107 4.5
      vertex 26.2103 68 4.5
    endloop
  endfacet
  facet normal 0 0 1
    outer loop
      vertex 26.2339 67.6411 4.5
      vertex 24.251 67.38 4.5
      vertex 24.3016 67.0733 4.5
    endloop
  endfacet
  facet normal 0 0 1
    outer loop
      vertex 24.2103 68 4.5
      vertex 26.2103 68 4.5
      vertex 24.2205 68.3107 4.5
    endloop
  endfacet
  facet normal 0 0 1
    outer loop
      vertex 26.2162 67.8201 4.5
      vertex 24.2205 67.6893 4.5
      vertex 24.251 67.38 4.5
    endloop
  endfacet
  facet normal 0 0 1
    outer loop
      vertex 26.2103 68 4.5
      vertex 24.2103 68 4.5
      vertex 24.2205 67.6893 4.5
    endloop
  endfacet
  facet normal -0.773025 -0.634376 0
    outer loop
      vertex 32.7288 70.8916 4.5
      vertex 32.5316 71.1319 8
      vertex 32.5316 71.1319 4.5
    endloop
  endfacet
  facet normal -0.773025 -0.634376 0
    outer loop
      vertex 32.5316 71.1319 8
      vertex 32.7288 70.8916 4.5
      vertex 32.7288 70.8916 8
    endloop
  endfacet
  facet normal 0.849153 -0.528147 0
    outer loop
      vertex 24.8467 70.375 8
      vertex 25.0109 70.639 4.5
      vertex 25.0109 70.639 8
    endloop
  endfacet
  facet normal 0.849153 -0.528147 0
    outer loop
      vertex 25.0109 70.639 4.5
      vertex 24.8467 70.375 8
      vertex 24.8467 70.375 4.5
    endloop
  endfacet
  facet normal -0.352287 0.935892 0
    outer loop
      vertex 30.7781 63.6116 4.5
      vertex 30.4872 63.5021 8
      vertex 30.7781 63.6116 8
    endloop
  endfacet
  facet normal -0.352287 0.935892 0
    outer loop
      vertex 30.4872 63.5021 8
      vertex 30.7781 63.6116 4.5
      vertex 30.4872 63.5021 4.5
    endloop
  endfacet
  facet normal -0.634534 -0.772895 0
    outer loop
      vertex 31.852 71.7684 4.5
      vertex 32.0922 71.5712 8
      vertex 31.852 71.7684 8
    endloop
  endfacet
  facet normal -0.634534 -0.772895 -0
    outer loop
      vertex 32.0922 71.5712 8
      vertex 31.852 71.7684 4.5
      vertex 32.0922 71.5712 4.5
    endloop
  endfacet
  facet normal -0.812863 -0.582455 0
    outer loop
      vertex 32.9098 70.639 4.5
      vertex 32.7288 70.8916 8
      vertex 32.7288 70.8916 4.5
    endloop
  endfacet
  facet normal -0.812863 -0.582455 0
    outer loop
      vertex 32.7288 70.8916 8
      vertex 32.9098 70.639 4.5
      vertex 32.9098 70.639 8
    endloop
  endfacet
  facet normal -0.634534 0.772895 0
    outer loop
      vertex 32.0922 64.4288 4.5
      vertex 31.852 64.2316 8
      vertex 32.0922 64.4288 8
    endloop
  endfacet
  facet normal -0.634534 0.772895 0
    outer loop
      vertex 31.852 64.2316 8
      vertex 32.0922 64.4288 4.5
      vertex 31.852 64.2316 4.5
    endloop
  endfacet
  facet normal -0.0978151 -0.995205 0
    outer loop
      vertex 29.271 72.7398 4.5
      vertex 29.5803 72.7094 8
      vertex 29.271 72.7398 8
    endloop
  endfacet
  facet normal -0.0978151 -0.995205 -0
    outer loop
      vertex 29.5803 72.7094 8
      vertex 29.271 72.7398 4.5
      vertex 29.5803 72.7094 4.5
    endloop
  endfacet
  facet normal 0.986662 -0.162782 0
    outer loop
      vertex 24.251 68.62 8
      vertex 24.3016 68.9267 4.5
      vertex 24.3016 68.9267 8
    endloop
  endfacet
  facet normal 0.986662 -0.162782 0
    outer loop
      vertex 24.3016 68.9267 4.5
      vertex 24.251 68.62 8
      vertex 24.251 68.62 4.5
    endloop
  endfacet
  facet normal -0.935892 0.352287 0
    outer loop
      vertex 33.3488 66.1823 4.5
      vertex 33.4583 66.4732 8
      vertex 33.4583 66.4732 4.5
    endloop
  endfacet
  facet normal -0.935892 0.352287 0
    outer loop
      vertex 33.4583 66.4732 8
      vertex 33.3488 66.1823 4.5
      vertex 33.3488 66.1823 8
    endloop
  endfacet
  facet normal 0.973863 -0.227138 0
    outer loop
      vertex 24.3016 68.9267 8
      vertex 24.3722 69.2294 4.5
      vertex 24.3722 69.2294 8
    endloop
  endfacet
  facet normal 0.973863 -0.227138 0
    outer loop
      vertex 24.3722 69.2294 4.5
      vertex 24.3016 68.9267 8
      vertex 24.3016 68.9267 4.5
    endloop
  endfacet
  facet normal -0.881934 0.471373 0
    outer loop
      vertex 33.074 65.625 4.5
      vertex 33.2205 65.8991 8
      vertex 33.2205 65.8991 4.5
    endloop
  endfacet
  facet normal -0.881934 0.471373 0
    outer loop
      vertex 33.2205 65.8991 8
      vertex 33.074 65.625 4.5
      vertex 33.074 65.625 8
    endloop
  endfacet
  facet normal 0.995173 -0.0981338 0
    outer loop
      vertex 24.2205 68.3107 8
      vertex 24.251 68.62 4.5
      vertex 24.251 68.62 8
    endloop
  endfacet
  facet normal 0.995173 -0.0981338 0
    outer loop
      vertex 24.251 68.62 4.5
      vertex 24.2205 68.3107 8
      vertex 24.2205 68.3107 4.5
    endloop
  endfacet
  facet normal -0.683395 0.730049 0
    outer loop
      vertex 32.3191 64.6412 4.5
      vertex 32.0922 64.4288 8
      vertex 32.3191 64.6412 8
    endloop
  endfacet
  facet normal -0.683395 0.730049 0
    outer loop
      vertex 32.0922 64.4288 8
      vertex 32.3191 64.6412 4.5
      vertex 32.0922 64.4288 4.5
    endloop
  endfacet
  facet normal 0.986662 0.162782 0
    outer loop
      vertex 24.3016 67.0733 8
      vertex 24.251 67.38 4.5
      vertex 24.251 67.38 8
    endloop
  endfacet
  facet normal 0.986662 0.162782 0
    outer loop
      vertex 24.251 67.38 4.5
      vertex 24.3016 67.0733 8
      vertex 24.3016 67.0733 4.5
    endloop
  endfacet
  facet normal 0.995173 0.0981338 0
    outer loop
      vertex 24.251 67.38 8
      vertex 24.2205 67.6893 4.5
      vertex 24.2205 67.6893 8
    endloop
  endfacet
  facet normal 0.995173 0.0981338 0
    outer loop
      vertex 24.2205 67.6893 4.5
      vertex 24.251 67.38 8
      vertex 24.251 67.38 4.5
    endloop
  endfacet
  facet normal -0.986662 0.162782 0
    outer loop
      vertex 33.6191 67.0733 4.5
      vertex 33.6697 67.38 8
      vertex 33.6697 67.38 4.5
    endloop
  endfacet
  facet normal -0.986662 0.162782 0
    outer loop
      vertex 33.6697 67.38 8
      vertex 33.6191 67.0733 4.5
      vertex 33.6191 67.0733 8
    endloop
  endfacet
  facet normal -0.163095 0.98661 0
    outer loop
      vertex 29.887 63.3413 4.5
      vertex 29.5803 63.2906 8
      vertex 29.887 63.3413 8
    endloop
  endfacet
  facet normal -0.163095 0.98661 0
    outer loop
      vertex 29.5803 63.2906 8
      vertex 29.887 63.3413 4.5
      vertex 29.5803 63.2906 4.5
    endloop
  endfacet
  facet normal -0.910883 0.412664 0
    outer loop
      vertex 33.2205 65.8991 4.5
      vertex 33.3488 66.1823 8
      vertex 33.3488 66.1823 4.5
    endloop
  endfacet
  facet normal -0.910883 0.412664 0
    outer loop
      vertex 33.3488 66.1823 8
      vertex 33.2205 65.8991 4.5
      vertex 33.2205 65.8991 8
    endloop
  endfacet
  facet normal 0.729888 0.683567 0
    outer loop
      vertex 25.6016 64.6412 8
      vertex 25.3891 64.8681 4.5
      vertex 25.3891 64.8681 8
    endloop
  endfacet
  facet normal 0.729888 0.683567 0
    outer loop
      vertex 25.3891 64.8681 4.5
      vertex 25.6016 64.6412 8
      vertex 25.6016 64.6412 4.5
    endloop
  endfacet
  facet normal -0.0328114 0.999462 0
    outer loop
      vertex 29.271 63.2602 4.5
      vertex 28.9603 63.25 8
      vertex 29.271 63.2602 8
    endloop
  endfacet
  facet normal -0.0328114 0.999462 0
    outer loop
      vertex 28.9603 63.25 8
      vertex 29.271 63.2602 4.5
      vertex 28.9603 63.25 4.5
    endloop
  endfacet
  facet normal -0.226833 0.973934 0
    outer loop
      vertex 30.1897 63.4118 4.5
      vertex 29.887 63.3413 8
      vertex 30.1897 63.4118 8
    endloop
  endfacet
  facet normal -0.226833 0.973934 0
    outer loop
      vertex 29.887 63.3413 8
      vertex 30.1897 63.4118 4.5
      vertex 29.887 63.3413 4.5
    endloop
  endfacet
  facet normal -0.0328114 -0.999462 0
    outer loop
      vertex 28.9603 72.75 4.5
      vertex 29.271 72.7398 8
      vertex 28.9603 72.75 8
    endloop
  endfacet
  facet normal -0.0328114 -0.999462 -0
    outer loop
      vertex 29.271 72.7398 8
      vertex 28.9603 72.75 4.5
      vertex 29.271 72.7398 4.5
    endloop
  endfacet
  facet normal -0.290445 -0.956892 0
    outer loop
      vertex 30.1897 72.5882 4.5
      vertex 30.4872 72.4979 8
      vertex 30.1897 72.5882 8
    endloop
  endfacet
  facet normal -0.290445 -0.956892 -0
    outer loop
      vertex 30.4872 72.4979 8
      vertex 30.1897 72.5882 4.5
      vertex 30.4872 72.4979 4.5
    endloop
  endfacet
  facet normal 0.226762 0.97395 -0
    outer loop
      vertex 28.0337 63.3413 4.5
      vertex 27.7309 63.4118 8
      vertex 28.0337 63.3413 8
    endloop
  endfacet
  facet normal 0.226762 0.97395 0
    outer loop
      vertex 27.7309 63.4118 8
      vertex 28.0337 63.3413 4.5
      vertex 27.7309 63.4118 4.5
    endloop
  endfacet
  facet normal 0.956954 -0.29024 0
    outer loop
      vertex 24.3722 69.2294 8
      vertex 24.4624 69.5268 4.5
      vertex 24.4624 69.5268 8
    endloop
  endfacet
  facet normal 0.956954 -0.29024 0
    outer loop
      vertex 24.4624 69.5268 4.5
      vertex 24.3722 69.2294 8
      vertex 24.3722 69.2294 4.5
    endloop
  endfacet
  facet normal 0.773025 -0.634376 0
    outer loop
      vertex 25.1919 70.8916 8
      vertex 25.3891 71.1319 4.5
      vertex 25.3891 71.1319 8
    endloop
  endfacet
  facet normal 0.773025 -0.634376 0
    outer loop
      vertex 25.3891 71.1319 4.5
      vertex 25.1919 70.8916 8
      vertex 25.1919 70.8916 4.5
    endloop
  endfacet
  facet normal 0.910883 -0.412664 0
    outer loop
      vertex 24.5719 69.8177 8
      vertex 24.7002 70.1009 4.5
      vertex 24.7002 70.1009 8
    endloop
  endfacet
  facet normal 0.910883 -0.412664 0
    outer loop
      vertex 24.7002 70.1009 4.5
      vertex 24.5719 69.8177 8
      vertex 24.5719 69.8177 4.5
    endloop
  endfacet
  facet normal 0.352287 -0.935892 0
    outer loop
      vertex 27.1426 72.3884 4.5
      vertex 27.4335 72.4979 8
      vertex 27.1426 72.3884 8
    endloop
  endfacet
  facet normal 0.352287 -0.935892 0
    outer loop
      vertex 27.4335 72.4979 8
      vertex 27.1426 72.3884 4.5
      vertex 27.4335 72.4979 4.5
    endloop
  endfacet
  facet normal 0.290534 -0.956865 0
    outer loop
      vertex 27.4335 72.4979 4.5
      vertex 27.7309 72.5882 8
      vertex 27.4335 72.4979 8
    endloop
  endfacet
  facet normal 0.290534 -0.956865 0
    outer loop
      vertex 27.7309 72.5882 8
      vertex 27.4335 72.4979 4.5
      vertex 27.7309 72.5882 4.5
    endloop
  endfacet
  facet normal 0.471239 0.882005 -0
    outer loop
      vertex 26.8595 63.7399 4.5
      vertex 26.5853 63.8864 8
      vertex 26.8595 63.7399 8
    endloop
  endfacet
  facet normal 0.471239 0.882005 0
    outer loop
      vertex 26.5853 63.8864 8
      vertex 26.8595 63.7399 4.5
      vertex 26.5853 63.8864 4.5
    endloop
  endfacet
  facet normal 0.683556 -0.729898 0
    outer loop
      vertex 25.6016 71.3588 4.5
      vertex 25.8284 71.5712 8
      vertex 25.6016 71.3588 8
    endloop
  endfacet
  facet normal 0.683556 -0.729898 0
    outer loop
      vertex 25.8284 71.5712 8
      vertex 25.6016 71.3588 4.5
      vertex 25.8284 71.5712 4.5
    endloop
  endfacet
  facet normal 0.634376 -0.773025 0
    outer loop
      vertex 25.8284 71.5712 4.5
      vertex 26.0687 71.7684 8
      vertex 25.8284 71.5712 8
    endloop
  endfacet
  facet normal 0.634376 -0.773025 0
    outer loop
      vertex 26.0687 71.7684 8
      vertex 25.8284 71.5712 4.5
      vertex 26.0687 71.7684 4.5
    endloop
  endfacet
  facet normal 0.412785 0.910829 -0
    outer loop
      vertex 27.1426 63.6116 4.5
      vertex 26.8595 63.7399 8
      vertex 27.1426 63.6116 8
    endloop
  endfacet
  facet normal 0.412785 0.910829 0
    outer loop
      vertex 26.8595 63.7399 8
      vertex 27.1426 63.6116 4.5
      vertex 26.8595 63.7399 4.5
    endloop
  endfacet
  facet normal 0.352287 0.935892 -0
    outer loop
      vertex 27.4335 63.5021 4.5
      vertex 27.1426 63.6116 8
      vertex 27.4335 63.5021 8
    endloop
  endfacet
  facet normal 0.352287 0.935892 0
    outer loop
      vertex 27.1426 63.6116 8
      vertex 27.4335 63.5021 4.5
      vertex 27.1426 63.6116 4.5
    endloop
  endfacet
  facet normal 0.935892 -0.352287 0
    outer loop
      vertex 24.4624 69.5268 8
      vertex 24.5719 69.8177 4.5
      vertex 24.5719 69.8177 8
    endloop
  endfacet
  facet normal 0.935892 -0.352287 0
    outer loop
      vertex 24.5719 69.8177 4.5
      vertex 24.4624 69.5268 8
      vertex 24.4624 69.5268 4.5
    endloop
  endfacet
  facet normal 0.849153 0.528147 0
    outer loop
      vertex 25.0109 65.361 8
      vertex 24.8467 65.625 4.5
      vertex 24.8467 65.625 8
    endloop
  endfacet
  facet normal 0.849153 0.528147 0
    outer loop
      vertex 24.8467 65.625 4.5
      vertex 25.0109 65.361 8
      vertex 25.0109 65.361 4.5
    endloop
  endfacet
  facet normal -0.995183 -0.0980371 0
    outer loop
      vertex 49.4464 68.4251 0
      vertex 49.4047 68.8484 8
      vertex 49.4047 68.8484 0
    endloop
  endfacet
  facet normal -0.995183 -0.0980371 0
    outer loop
      vertex 49.4047 68.8484 8
      vertex 49.4464 68.4251 0
      vertex 49.4464 68.4251 8
    endloop
  endfacet
  facet normal -0.999466 -0.0326807 0
    outer loop
      vertex 49.4603 68 0
      vertex 49.4464 68.4251 8
      vertex 49.4464 68.4251 0
    endloop
  endfacet
  facet normal -0.999466 -0.0326807 0
    outer loop
      vertex 49.4464 68.4251 8
      vertex 49.4603 68 0
      vertex 49.4603 68 8
    endloop
  endfacet
  facet normal 0.910841 0.412758 0
    outer loop
      vertex 37.1307 65.1251 8
      vertex 36.9551 65.5126 0
      vertex 36.9551 65.5126 8
    endloop
  endfacet
  facet normal 0.910841 0.412758 0
    outer loop
      vertex 36.9551 65.5126 0
      vertex 37.1307 65.1251 8
      vertex 37.1307 65.1251 0
    endloop
  endfacet
  facet normal 0.956935 0.290301 0
    outer loop
      vertex 36.8053 65.9106 8
      vertex 36.6818 66.3177 0
      vertex 36.6818 66.3177 8
    endloop
  endfacet
  facet normal 0.956935 0.290301 0
    outer loop
      vertex 36.6818 66.3177 0
      vertex 36.8053 65.9106 8
      vertex 36.8053 65.9106 0
    endloop
  endfacet
  facet normal 0.227074 -0.973878 0
    outer loop
      vertex 41.278 74.2785 0
      vertex 41.6923 74.3751 8
      vertex 41.278 74.2785 8
    endloop
  endfacet
  facet normal 0.227074 -0.973878 0
    outer loop
      vertex 41.6923 74.3751 8
      vertex 41.278 74.2785 0
      vertex 41.6923 74.3751 0
    endloop
  endfacet
  facet normal 0.881917 0.471406 0
    outer loop
      vertex 37.3312 64.75 8
      vertex 37.1307 65.1251 0
      vertex 37.1307 65.1251 8
    endloop
  endfacet
  facet normal 0.881917 0.471406 0
    outer loop
      vertex 37.1307 65.1251 0
      vertex 37.3312 64.75 8
      vertex 37.3312 64.75 0
    endloop
  endfacet
  facet normal 0.773035 -0.634363 0
    outer loop
      vertex 37.8035 71.9569 8
      vertex 38.0734 72.2858 0
      vertex 38.0734 72.2858 8
    endloop
  endfacet
  facet normal 0.773035 -0.634363 0
    outer loop
      vertex 38.0734 72.2858 0
      vertex 37.8035 71.9569 8
      vertex 37.8035 71.9569 0
    endloop
  endfacet
  facet normal -0.683691 -0.729772 0
    outer loop
      vertex 47.2461 72.887 0
      vertex 47.5565 72.5962 8
      vertex 47.2461 72.887 8
    endloop
  endfacet
  facet normal -0.683691 -0.729772 -0
    outer loop
      vertex 47.5565 72.5962 8
      vertex 47.2461 72.887 0
      vertex 47.5565 72.5962 0
    endloop
  endfacet
  facet normal -0.986641 0.162912 0
    outer loop
      vertex 49.3354 66.7319 0
      vertex 49.4047 67.1516 8
      vertex 49.4047 67.1516 0
    endloop
  endfacet
  facet normal -0.986641 0.162912 0
    outer loop
      vertex 49.4047 67.1516 8
      vertex 49.3354 66.7319 0
      vertex 49.3354 66.7319 8
    endloop
  endfacet
  facet normal 0.881917 -0.471406 0
    outer loop
      vertex 37.1307 70.8749 8
      vertex 37.3312 71.25 0
      vertex 37.3312 71.25 8
    endloop
  endfacet
  facet normal 0.881917 -0.471406 0
    outer loop
      vertex 37.3312 71.25 0
      vertex 37.1307 70.8749 8
      vertex 37.1307 70.8749 0
    endloop
  endfacet
  facet normal -0.290366 0.956916 0
    outer loop
      vertex 45.0497 61.845 0
      vertex 44.6427 61.7215 8
      vertex 45.0497 61.845 8
    endloop
  endfacet
  facet normal -0.290366 0.956916 0
    outer loop
      vertex 44.6427 61.7215 8
      vertex 45.0497 61.845 0
      vertex 44.6427 61.7215 0
    endloop
  endfacet
  facet normal 0.935903 -0.352257 0
    outer loop
      vertex 36.8053 70.0894 8
      vertex 36.9551 70.4874 0
      vertex 36.9551 70.4874 8
    endloop
  endfacet
  facet normal 0.935903 -0.352257 0
    outer loop
      vertex 36.9551 70.4874 0
      vertex 36.8053 70.0894 8
      vertex 36.8053 70.0894 0
    endloop
  endfacet
  facet normal 0.729889 -0.683566 0
    outer loop
      vertex 38.0734 72.2858 8
      vertex 38.3641 72.5962 0
      vertex 38.3641 72.5962 8
    endloop
  endfacet
  facet normal 0.729889 -0.683566 0
    outer loop
      vertex 38.3641 72.5962 0
      vertex 38.0734 72.2858 8
      vertex 38.0734 72.2858 0
    endloop
  endfacet
  facet normal 0.35218 0.935932 -0
    outer loop
      vertex 40.871 61.845 0
      vertex 40.4729 61.9948 8
      vertex 40.871 61.845 8
    endloop
  endfacet
  facet normal 0.35218 0.935932 0
    outer loop
      vertex 40.4729 61.9948 8
      vertex 40.871 61.845 0
      vertex 40.4729 61.9948 0
    endloop
  endfacet
  facet normal -0.412651 0.910889 0
    outer loop
      vertex 45.8352 62.1703 0
      vertex 45.4478 61.9948 8
      vertex 45.8352 62.1703 8
    endloop
  endfacet
  facet normal -0.412651 0.910889 0
    outer loop
      vertex 45.4478 61.9948 8
      vertex 45.8352 62.1703 0
      vertex 45.4478 61.9948 0
    endloop
  endfacet
  facet normal 0.812875 -0.582439 0
    outer loop
      vertex 37.5558 71.6112 8
      vertex 37.8035 71.9569 0
      vertex 37.8035 71.9569 8
    endloop
  endfacet
  facet normal 0.812875 -0.582439 0
    outer loop
      vertex 37.8035 71.9569 0
      vertex 37.5558 71.6112 8
      vertex 37.5558 71.6112 0
    endloop
  endfacet
  facet normal -0.999466 0.0326807 0
    outer loop
      vertex 49.4464 67.5749 0
      vertex 49.4603 68 8
      vertex 49.4603 68 0
    endloop
  endfacet
  facet normal -0.999466 0.0326807 0
    outer loop
      vertex 49.4603 68 8
      vertex 49.4464 67.5749 0
      vertex 49.4464 67.5749 8
    endloop
  endfacet
  facet normal -0.290366 -0.956916 0
    outer loop
      vertex 44.6427 74.2785 0
      vertex 45.0497 74.155 8
      vertex 44.6427 74.2785 8
    endloop
  endfacet
  facet normal -0.290366 -0.956916 -0
    outer loop
      vertex 45.0497 74.155 8
      vertex 44.6427 74.2785 0
      vertex 45.0497 74.155 0
    endloop
  endfacet
  facet normal -0.812763 -0.582594 0
    outer loop
      vertex 48.3649 71.6112 0
      vertex 48.1171 71.9569 8
      vertex 48.1171 71.9569 0
    endloop
  endfacet
  facet normal -0.812763 -0.582594 0
    outer loop
      vertex 48.1171 71.9569 8
      vertex 48.3649 71.6112 0
      vertex 48.3649 71.6112 8
    endloop
  endfacet
  facet normal -0.881917 -0.471406 0
    outer loop
      vertex 48.79 70.8749 0
      vertex 48.5895 71.25 8
      vertex 48.5895 71.25 0
    endloop
  endfacet
  facet normal -0.881917 -0.471406 0
    outer loop
      vertex 48.5895 71.25 8
      vertex 48.79 70.8749 0
      vertex 48.79 70.8749 8
    endloop
  endfacet
  facet normal 0.0326807 -0.999466 0
    outer loop
      vertex 42.5352 74.4861 0
      vertex 42.9603 74.5 8
      vertex 42.5352 74.4861 8
    endloop
  endfacet
  facet normal 0.0326807 -0.999466 0
    outer loop
      vertex 42.9603 74.5 8
      vertex 42.5352 74.4861 0
      vertex 42.9603 74.5 0
    endloop
  endfacet
  facet normal 0.582594 -0.812763 0
    outer loop
      vertex 39.0034 73.1568 0
      vertex 39.3491 73.4046 8
      vertex 39.0034 73.1568 8
    endloop
  endfacet
  facet normal 0.582594 -0.812763 0
    outer loop
      vertex 39.3491 73.4046 8
      vertex 39.0034 73.1568 0
      vertex 39.3491 73.4046 0
    endloop
  endfacet
  facet normal 0.986641 0.162912 0
    outer loop
      vertex 36.5852 66.7319 8
      vertex 36.5159 67.1516 0
      vertex 36.5159 67.1516 8
    endloop
  endfacet
  facet normal 0.986641 0.162912 0
    outer loop
      vertex 36.5159 67.1516 0
      vertex 36.5852 66.7319 8
      vertex 36.5852 66.7319 0
    endloop
  endfacet
  facet normal -0.634338 -0.773056 0
    outer loop
      vertex 46.9173 73.1568 0
      vertex 47.2461 72.887 8
      vertex 46.9173 73.1568 8
    endloop
  endfacet
  facet normal -0.634338 -0.773056 -0
    outer loop
      vertex 47.2461 72.887 8
      vertex 46.9173 73.1568 0
      vertex 47.2461 72.887 0
    endloop
  endfacet
  facet normal -0.35218 -0.935932 0
    outer loop
      vertex 45.0497 74.155 0
      vertex 45.4478 74.0052 8
      vertex 45.0497 74.155 8
    endloop
  endfacet
  facet normal -0.35218 -0.935932 -0
    outer loop
      vertex 45.4478 74.0052 8
      vertex 45.0497 74.155 0
      vertex 45.4478 74.0052 0
    endloop
  endfacet
  facet normal -0.582483 -0.812843 0
    outer loop
      vertex 46.5715 73.4046 0
      vertex 46.9173 73.1568 8
      vertex 46.5715 73.4046 8
    endloop
  endfacet
  facet normal -0.582483 -0.812843 -0
    outer loop
      vertex 46.9173 73.1568 8
      vertex 46.5715 73.4046 0
      vertex 46.9173 73.1568 0
    endloop
  endfacet
  facet normal 0.935903 0.352257 0
    outer loop
      vertex 36.9551 65.5126 8
      vertex 36.8053 65.9106 0
      vertex 36.8053 65.9106 8
    endloop
  endfacet
  facet normal 0.935903 0.352257 0
    outer loop
      vertex 36.8053 65.9106 0
      vertex 36.9551 65.5126 8
      vertex 36.9551 65.5126 0
    endloop
  endfacet
  facet normal 0.634338 -0.773056 0
    outer loop
      vertex 38.6746 72.887 0
      vertex 39.0034 73.1568 8
      vertex 38.6746 72.887 8
    endloop
  endfacet
  facet normal 0.634338 -0.773056 0
    outer loop
      vertex 39.0034 73.1568 8
      vertex 38.6746 72.887 0
      vertex 39.0034 73.1568 0
    endloop
  endfacet
  facet normal -0.973917 -0.226903 0
    outer loop
      vertex 49.3354 69.2681 0
      vertex 49.2389 69.6823 8
      vertex 49.2389 69.6823 0
    endloop
  endfacet
  facet normal -0.973917 -0.226903 0
    outer loop
      vertex 49.2389 69.6823 8
      vertex 49.3354 69.2681 0
      vertex 49.3354 69.2681 8
    endloop
  endfacet
  facet normal -0.935903 -0.352257 0
    outer loop
      vertex 49.1154 70.0894 0
      vertex 48.9656 70.4874 8
      vertex 48.9656 70.4874 0
    endloop
  endfacet
  facet normal -0.935903 -0.352257 0
    outer loop
      vertex 48.9656 70.4874 8
      vertex 49.1154 70.0894 0
      vertex 49.1154 70.0894 8
    endloop
  endfacet
  facet normal 0.683574 0.729882 -0
    outer loop
      vertex 38.6746 63.113 0
      vertex 38.3641 63.4038 8
      vertex 38.6746 63.113 8
    endloop
  endfacet
  facet normal 0.683574 0.729882 0
    outer loop
      vertex 38.3641 63.4038 8
      vertex 38.6746 63.113 0
      vertex 38.3641 63.4038 0
    endloop
  endfacet
  facet normal -0.227074 -0.973878 0
    outer loop
      vertex 44.2284 74.3751 0
      vertex 44.6427 74.2785 8
      vertex 44.2284 74.3751 8
    endloop
  endfacet
  facet normal -0.227074 -0.973878 -0
    outer loop
      vertex 44.6427 74.2785 8
      vertex 44.2284 74.3751 0
      vertex 44.6427 74.2785 0
    endloop
  endfacet
  facet normal 0.35218 -0.935932 0
    outer loop
      vertex 40.4729 74.0052 0
      vertex 40.871 74.155 8
      vertex 40.4729 74.0052 8
    endloop
  endfacet
  facet normal 0.35218 -0.935932 0
    outer loop
      vertex 40.871 74.155 8
      vertex 40.4729 74.0052 0
      vertex 40.871 74.155 0
    endloop
  endfacet
  facet normal 0.0980371 -0.995183 0
    outer loop
      vertex 42.1119 74.4444 0
      vertex 42.5352 74.4861 8
      vertex 42.1119 74.4444 8
    endloop
  endfacet
  facet normal 0.0980371 -0.995183 0
    outer loop
      vertex 42.5352 74.4861 8
      vertex 42.1119 74.4444 0
      vertex 42.5352 74.4861 0
    endloop
  endfacet
  facet normal -0.16295 -0.986634 0
    outer loop
      vertex 43.8088 74.4444 0
      vertex 44.2284 74.3751 8
      vertex 43.8088 74.4444 8
    endloop
  endfacet
  facet normal -0.16295 -0.986634 -0
    outer loop
      vertex 44.2284 74.3751 8
      vertex 43.8088 74.4444 0
      vertex 44.2284 74.3751 0
    endloop
  endfacet
  facet normal -0.956935 0.290301 0
    outer loop
      vertex 49.1154 65.9106 0
      vertex 49.2389 66.3177 8
      vertex 49.2389 66.3177 0
    endloop
  endfacet
  facet normal -0.956935 0.290301 0
    outer loop
      vertex 49.2389 66.3177 8
      vertex 49.1154 65.9106 0
      vertex 49.1154 65.9106 8
    endloop
  endfacet
  facet normal 0.812875 0.582439 0
    outer loop
      vertex 37.8035 64.0431 8
      vertex 37.5558 64.3888 0
      vertex 37.5558 64.3888 8
    endloop
  endfacet
  facet normal 0.812875 0.582439 0
    outer loop
      vertex 37.5558 64.3888 0
      vertex 37.8035 64.0431 8
      vertex 37.8035 64.0431 0
    endloop
  endfacet
  facet normal -0.812763 0.582594 0
    outer loop
      vertex 48.1171 64.0431 0
      vertex 48.3649 64.3888 8
      vertex 48.3649 64.3888 0
    endloop
  endfacet
  facet normal -0.812763 0.582594 0
    outer loop
      vertex 48.3649 64.3888 8
      vertex 48.1171 64.0431 0
      vertex 48.1171 64.0431 8
    endloop
  endfacet
  facet normal -0.471406 -0.881917 0
    outer loop
      vertex 45.8352 73.8297 0
      vertex 46.2103 73.6292 8
      vertex 45.8352 73.8297 8
    endloop
  endfacet
  facet normal -0.471406 -0.881917 -0
    outer loop
      vertex 46.2103 73.6292 8
      vertex 45.8352 73.8297 0
      vertex 46.2103 73.6292 0
    endloop
  endfacet
  facet normal -0.0980371 0.995183 0
    outer loop
      vertex 43.8088 61.5556 0
      vertex 43.3855 61.5139 8
      vertex 43.8088 61.5556 8
    endloop
  endfacet
  facet normal -0.0980371 0.995183 0
    outer loop
      vertex 43.3855 61.5139 8
      vertex 43.8088 61.5556 0
      vertex 43.3855 61.5139 0
    endloop
  endfacet
  facet normal -0.849211 0.528053 0
    outer loop
      vertex 48.3649 64.3888 0
      vertex 48.5895 64.75 8
      vertex 48.5895 64.75 0
    endloop
  endfacet
  facet normal -0.849211 0.528053 0
    outer loop
      vertex 48.5895 64.75 8
      vertex 48.3649 64.3888 0
      vertex 48.3649 64.3888 8
    endloop
  endfacet
  facet normal 0.290366 -0.956916 0
    outer loop
      vertex 40.871 74.155 0
      vertex 41.278 74.2785 8
      vertex 40.871 74.155 8
    endloop
  endfacet
  facet normal 0.290366 -0.956916 0
    outer loop
      vertex 41.278 74.2785 8
      vertex 40.871 74.155 0
      vertex 41.278 74.2785 0
    endloop
  endfacet
  facet normal -0.995183 0.0980371 0
    outer loop
      vertex 49.4047 67.1516 0
      vertex 49.4464 67.5749 8
      vertex 49.4464 67.5749 0
    endloop
  endfacet
  facet normal -0.995183 0.0980371 0
    outer loop
      vertex 49.4464 67.5749 8
      vertex 49.4047 67.1516 0
      vertex 49.4047 67.1516 8
    endloop
  endfacet
  facet normal -0.956935 -0.290301 0
    outer loop
      vertex 49.2389 69.6823 0
      vertex 49.1154 70.0894 8
      vertex 49.1154 70.0894 0
    endloop
  endfacet
  facet normal -0.956935 -0.290301 0
    outer loop
      vertex 49.1154 70.0894 8
      vertex 49.2389 69.6823 0
      vertex 49.2389 69.6823 8
    endloop
  endfacet
  facet normal -0.910841 -0.412758 0
    outer loop
      vertex 48.9656 70.4874 0
      vertex 48.79 70.8749 8
      vertex 48.79 70.8749 0
    endloop
  endfacet
  facet normal -0.910841 -0.412758 0
    outer loop
      vertex 48.79 70.8749 8
      vertex 48.9656 70.4874 0
      vertex 48.9656 70.4874 8
    endloop
  endfacet
  facet normal 0.0326807 0.999466 -0
    outer loop
      vertex 42.9603 61.5 0
      vertex 42.5352 61.5139 8
      vertex 42.9603 61.5 8
    endloop
  endfacet
  facet normal 0.0326807 0.999466 0
    outer loop
      vertex 42.5352 61.5139 8
      vertex 42.9603 61.5 0
      vertex 42.5352 61.5139 0
    endloop
  endfacet
  facet normal -0.729772 -0.683691 0
    outer loop
      vertex 47.8473 72.2858 0
      vertex 47.5565 72.5962 8
      vertex 47.5565 72.5962 0
    endloop
  endfacet
  facet normal -0.729772 -0.683691 0
    outer loop
      vertex 47.5565 72.5962 8
      vertex 47.8473 72.2858 0
      vertex 47.8473 72.2858 8
    endloop
  endfacet
  facet normal 0.986641 -0.162912 0
    outer loop
      vertex 36.5159 68.8484 8
      vertex 36.5852 69.2681 0
      vertex 36.5852 69.2681 8
    endloop
  endfacet
  facet normal 0.986641 -0.162912 0
    outer loop
      vertex 36.5852 69.2681 0
      vertex 36.5159 68.8484 8
      vertex 36.5159 68.8484 0
    endloop
  endfacet
  facet normal 0.77294 0.634479 0
    outer loop
      vertex 38.0734 63.7143 8
      vertex 37.8035 64.0431 0
      vertex 37.8035 64.0431 8
    endloop
  endfacet
  facet normal 0.77294 0.634479 0
    outer loop
      vertex 37.8035 64.0431 0
      vertex 38.0734 63.7143 8
      vertex 38.0734 63.7143 0
    endloop
  endfacet
  facet normal -0.582483 0.812843 0
    outer loop
      vertex 46.9173 62.8432 0
      vertex 46.5715 62.5954 8
      vertex 46.9173 62.8432 8
    endloop
  endfacet
  facet normal -0.582483 0.812843 0
    outer loop
      vertex 46.5715 62.5954 8
      vertex 46.9173 62.8432 0
      vertex 46.5715 62.5954 0
    endloop
  endfacet
  facet normal 0.956935 -0.290301 0
    outer loop
      vertex 36.6818 69.6823 8
      vertex 36.8053 70.0894 0
      vertex 36.8053 70.0894 8
    endloop
  endfacet
  facet normal 0.956935 -0.290301 0
    outer loop
      vertex 36.8053 70.0894 0
      vertex 36.6818 69.6823 8
      vertex 36.6818 69.6823 0
    endloop
  endfacet
  facet normal 0.16295 -0.986634 0
    outer loop
      vertex 41.6923 74.3751 0
      vertex 42.1119 74.4444 8
      vertex 41.6923 74.3751 8
    endloop
  endfacet
  facet normal 0.16295 -0.986634 0
    outer loop
      vertex 42.1119 74.4444 8
      vertex 41.6923 74.3751 0
      vertex 42.1119 74.4444 0
    endloop
  endfacet
  facet normal 0.995206 0.0978043 0
    outer loop
      vertex 36.5159 67.1516 8
      vertex 36.4743 67.5749 0
      vertex 36.4743 67.5749 8
    endloop
  endfacet
  facet normal 0.995206 0.0978043 0
    outer loop
      vertex 36.4743 67.5749 0
      vertex 36.5159 67.1516 8
      vertex 36.5159 67.1516 0
    endloop
  endfacet
  facet normal 0.683574 -0.729882 0
    outer loop
      vertex 38.3641 72.5962 0
      vertex 38.6746 72.887 8
      vertex 38.3641 72.5962 8
    endloop
  endfacet
  facet normal 0.683574 -0.729882 0
    outer loop
      vertex 38.6746 72.887 8
      vertex 38.3641 72.5962 0
      vertex 38.6746 72.887 0
    endloop
  endfacet
  facet normal -0.528053 0.849211 0
    outer loop
      vertex 46.5715 62.5954 0
      vertex 46.2103 62.3708 8
      vertex 46.5715 62.5954 8
    endloop
  endfacet
  facet normal -0.528053 0.849211 0
    outer loop
      vertex 46.2103 62.3708 8
      vertex 46.5715 62.5954 0
      vertex 46.2103 62.3708 0
    endloop
  endfacet
  facet normal -0.528053 -0.849211 0
    outer loop
      vertex 46.2103 73.6292 0
      vertex 46.5715 73.4046 8
      vertex 46.2103 73.6292 8
    endloop
  endfacet
  facet normal -0.528053 -0.849211 -0
    outer loop
      vertex 46.5715 73.4046 8
      vertex 46.2103 73.6292 0
      vertex 46.5715 73.4046 0
    endloop
  endfacet
  facet normal -0.35218 0.935932 0
    outer loop
      vertex 45.4478 61.9948 0
      vertex 45.0497 61.845 8
      vertex 45.4478 61.9948 8
    endloop
  endfacet
  facet normal -0.35218 0.935932 0
    outer loop
      vertex 45.0497 61.845 8
      vertex 45.4478 61.9948 0
      vertex 45.0497 61.845 0
    endloop
  endfacet
  facet normal -0.412651 -0.910889 0
    outer loop
      vertex 45.4478 74.0052 0
      vertex 45.8352 73.8297 8
      vertex 45.4478 74.0052 8
    endloop
  endfacet
  facet normal -0.412651 -0.910889 -0
    outer loop
      vertex 45.8352 73.8297 8
      vertex 45.4478 74.0052 0
      vertex 45.8352 73.8297 0
    endloop
  endfacet
  facet normal -0.471406 0.881917 0
    outer loop
      vertex 46.2103 62.3708 0
      vertex 45.8352 62.1703 8
      vertex 46.2103 62.3708 8
    endloop
  endfacet
  facet normal -0.471406 0.881917 0
    outer loop
      vertex 45.8352 62.1703 8
      vertex 46.2103 62.3708 0
      vertex 45.8352 62.1703 0
    endloop
  endfacet
  facet normal -0.849211 -0.528053 0
    outer loop
      vertex 48.5895 71.25 0
      vertex 48.3649 71.6112 8
      vertex 48.3649 71.6112 0
    endloop
  endfacet
  facet normal -0.849211 -0.528053 0
    outer loop
      vertex 48.3649 71.6112 8
      vertex 48.5895 71.25 0
      vertex 48.5895 71.25 8
    endloop
  endfacet
  facet normal 0.849211 -0.528053 0
    outer loop
      vertex 37.3312 71.25 8
      vertex 37.5558 71.6112 0
      vertex 37.5558 71.6112 8
    endloop
  endfacet
  facet normal 0.849211 -0.528053 0
    outer loop
      vertex 37.5558 71.6112 0
      vertex 37.3312 71.25 8
      vertex 37.3312 71.25 0
    endloop
  endfacet
  facet normal -0.773056 0.634338 0
    outer loop
      vertex 47.8473 63.7143 0
      vertex 48.1171 64.0431 8
      vertex 48.1171 64.0431 0
    endloop
  endfacet
  facet normal -0.773056 0.634338 0
    outer loop
      vertex 48.1171 64.0431 8
      vertex 47.8473 63.7143 0
      vertex 47.8473 63.7143 8
    endloop
  endfacet
  facet normal -0.973917 0.226903 0
    outer loop
      vertex 49.2389 66.3177 0
      vertex 49.3354 66.7319 8
      vertex 49.3354 66.7319 0
    endloop
  endfacet
  facet normal -0.973917 0.226903 0
    outer loop
      vertex 49.3354 66.7319 8
      vertex 49.2389 66.3177 0
      vertex 49.2389 66.3177 8
    endloop
  endfacet
  facet normal -0.881917 0.471406 0
    outer loop
      vertex 48.5895 64.75 0
      vertex 48.79 65.1251 8
      vertex 48.79 65.1251 0
    endloop
  endfacet
  facet normal -0.881917 0.471406 0
    outer loop
      vertex 48.79 65.1251 8
      vertex 48.5895 64.75 0
      vertex 48.5895 64.75 8
    endloop
  endfacet
  facet normal -0.935903 0.352257 0
    outer loop
      vertex 48.9656 65.5126 0
      vertex 49.1154 65.9106 8
      vertex 49.1154 65.9106 0
    endloop
  endfacet
  facet normal -0.935903 0.352257 0
    outer loop
      vertex 49.1154 65.9106 8
      vertex 48.9656 65.5126 0
      vertex 48.9656 65.5126 8
    endloop
  endfacet
  facet normal -0.910841 0.412758 0
    outer loop
      vertex 48.79 65.1251 0
      vertex 48.9656 65.5126 8
      vertex 48.9656 65.5126 0
    endloop
  endfacet
  facet normal -0.910841 0.412758 0
    outer loop
      vertex 48.9656 65.5126 8
      vertex 48.79 65.1251 0
      vertex 48.79 65.1251 8
    endloop
  endfacet
  facet normal 0.471308 -0.881969 0
    outer loop
      vertex 39.7103 73.6292 0
      vertex 40.0855 73.8297 8
      vertex 39.7103 73.6292 8
    endloop
  endfacet
  facet normal 0.471308 -0.881969 0
    outer loop
      vertex 40.0855 73.8297 8
      vertex 39.7103 73.6292 0
      vertex 40.0855 73.8297 0
    endloop
  endfacet
  facet normal -0.77315 -0.634223 0
    outer loop
      vertex 48.1171 71.9569 0
      vertex 47.8473 72.2858 8
      vertex 47.8473 72.2858 0
    endloop
  endfacet
  facet normal -0.77315 -0.634223 0
    outer loop
      vertex 47.8473 72.2858 8
      vertex 48.1171 71.9569 0
      vertex 48.1171 71.9569 8
    endloop
  endfacet
  facet normal 0.290366 0.956916 -0
    outer loop
      vertex 41.278 61.7215 0
      vertex 40.871 61.845 8
      vertex 41.278 61.7215 8
    endloop
  endfacet
  facet normal 0.290366 0.956916 0
    outer loop
      vertex 40.871 61.845 8
      vertex 41.278 61.7215 0
      vertex 40.871 61.845 0
    endloop
  endfacet
  facet normal -0.986641 -0.162912 0
    outer loop
      vertex 49.4047 68.8484 0
      vertex 49.3354 69.2681 8
      vertex 49.3354 69.2681 0
    endloop
  endfacet
  facet normal -0.986641 -0.162912 0
    outer loop
      vertex 49.3354 69.2681 8
      vertex 49.4047 68.8484 0
      vertex 49.4047 68.8484 8
    endloop
  endfacet
  facet normal -0.634338 0.773056 0
    outer loop
      vertex 47.2461 63.113 0
      vertex 46.9173 62.8432 8
      vertex 47.2461 63.113 8
    endloop
  endfacet
  facet normal -0.634338 0.773056 0
    outer loop
      vertex 46.9173 62.8432 8
      vertex 47.2461 63.113 0
      vertex 46.9173 62.8432 0
    endloop
  endfacet
  facet normal 0.412651 -0.910889 0
    outer loop
      vertex 40.0855 73.8297 0
      vertex 40.4729 74.0052 8
      vertex 40.0855 73.8297 8
    endloop
  endfacet
  facet normal 0.412651 -0.910889 0
    outer loop
      vertex 40.4729 74.0052 8
      vertex 40.0855 73.8297 0
      vertex 40.4729 74.0052 0
    endloop
  endfacet
  facet normal 0.995206 -0.0978043 0
    outer loop
      vertex 36.4743 68.4251 8
      vertex 36.5159 68.8484 0
      vertex 36.5159 68.8484 8
    endloop
  endfacet
  facet normal 0.995206 -0.0978043 0
    outer loop
      vertex 36.5159 68.8484 0
      vertex 36.4743 68.4251 8
      vertex 36.4743 68.4251 0
    endloop
  endfacet
  facet normal -0.032673 0.999466 0
    outer loop
      vertex 43.3855 61.5139 0
      vertex 42.9603 61.5 8
      vertex 43.3855 61.5139 8
    endloop
  endfacet
  facet normal -0.032673 0.999466 0
    outer loop
      vertex 42.9603 61.5 8
      vertex 43.3855 61.5139 0
      vertex 42.9603 61.5 0
    endloop
  endfacet
  facet normal 0.973865 -0.227126 0
    outer loop
      vertex 36.5852 69.2681 8
      vertex 36.6818 69.6823 0
      vertex 36.6818 69.6823 8
    endloop
  endfacet
  facet normal 0.973865 -0.227126 0
    outer loop
      vertex 36.6818 69.6823 0
      vertex 36.5852 69.2681 8
      vertex 36.5852 69.2681 0
    endloop
  endfacet
  facet normal 0.582594 0.812763 -0
    outer loop
      vertex 39.3491 62.5954 0
      vertex 39.0034 62.8432 8
      vertex 39.3491 62.5954 8
    endloop
  endfacet
  facet normal 0.582594 0.812763 0
    outer loop
      vertex 39.0034 62.8432 8
      vertex 39.3491 62.5954 0
      vertex 39.0034 62.8432 0
    endloop
  endfacet
  facet normal 0.528053 0.849211 -0
    outer loop
      vertex 39.7103 62.3708 0
      vertex 39.3491 62.5954 8
      vertex 39.7103 62.3708 8
    endloop
  endfacet
  facet normal 0.528053 0.849211 0
    outer loop
      vertex 39.3491 62.5954 8
      vertex 39.7103 62.3708 0
      vertex 39.3491 62.5954 0
    endloop
  endfacet
  facet normal 0.634338 0.773056 -0
    outer loop
      vertex 39.0034 62.8432 0
      vertex 38.6746 63.113 8
      vertex 39.0034 62.8432 8
    endloop
  endfacet
  facet normal 0.634338 0.773056 0
    outer loop
      vertex 38.6746 63.113 8
      vertex 39.0034 62.8432 0
      vertex 38.6746 63.113 0
    endloop
  endfacet
  facet normal -0.227074 0.973878 0
    outer loop
      vertex 44.6427 61.7215 0
      vertex 44.2284 61.6249 8
      vertex 44.6427 61.7215 8
    endloop
  endfacet
  facet normal -0.227074 0.973878 0
    outer loop
      vertex 44.2284 61.6249 8
      vertex 44.6427 61.7215 0
      vertex 44.2284 61.6249 0
    endloop
  endfacet
  facet normal 0.471308 0.881969 -0
    outer loop
      vertex 40.0855 62.1703 0
      vertex 39.7103 62.3708 8
      vertex 40.0855 62.1703 8
    endloop
  endfacet
  facet normal 0.471308 0.881969 0
    outer loop
      vertex 39.7103 62.3708 8
      vertex 40.0855 62.1703 0
      vertex 39.7103 62.3708 0
    endloop
  endfacet
  facet normal 0.973865 0.227126 0
    outer loop
      vertex 36.6818 66.3177 8
      vertex 36.5852 66.7319 0
      vertex 36.5852 66.7319 8
    endloop
  endfacet
  facet normal 0.973865 0.227126 0
    outer loop
      vertex 36.5852 66.7319 0
      vertex 36.6818 66.3177 8
      vertex 36.6818 66.3177 0
    endloop
  endfacet
  facet normal 0.0980371 0.995183 -0
    outer loop
      vertex 42.5352 61.5139 0
      vertex 42.1119 61.5556 8
      vertex 42.5352 61.5139 8
    endloop
  endfacet
  facet normal 0.0980371 0.995183 0
    outer loop
      vertex 42.1119 61.5556 8
      vertex 42.5352 61.5139 0
      vertex 42.1119 61.5556 0
    endloop
  endfacet
  facet normal -0.16295 0.986634 0
    outer loop
      vertex 44.2284 61.6249 0
      vertex 43.8088 61.5556 8
      vertex 44.2284 61.6249 8
    endloop
  endfacet
  facet normal -0.16295 0.986634 0
    outer loop
      vertex 43.8088 61.5556 8
      vertex 44.2284 61.6249 0
      vertex 43.8088 61.5556 0
    endloop
  endfacet
  facet normal 0.729999 0.683448 0
    outer loop
      vertex 38.3641 63.4038 8
      vertex 38.0734 63.7143 0
      vertex 38.0734 63.7143 8
    endloop
  endfacet
  facet normal 0.729999 0.683448 0
    outer loop
      vertex 38.0734 63.7143 0
      vertex 38.3641 63.4038 8
      vertex 38.3641 63.4038 0
    endloop
  endfacet
  facet normal -0.729882 0.683574 0
    outer loop
      vertex 47.5565 63.4038 0
      vertex 47.8473 63.7143 8
      vertex 47.8473 63.7143 0
    endloop
  endfacet
  facet normal -0.729882 0.683574 0
    outer loop
      vertex 47.8473 63.7143 8
      vertex 47.5565 63.4038 0
      vertex 47.5565 63.4038 8
    endloop
  endfacet
  facet normal -0.0980371 -0.995183 0
    outer loop
      vertex 43.3855 74.4861 0
      vertex 43.8088 74.4444 8
      vertex 43.3855 74.4861 8
    endloop
  endfacet
  facet normal -0.0980371 -0.995183 -0
    outer loop
      vertex 43.8088 74.4444 8
      vertex 43.3855 74.4861 0
      vertex 43.8088 74.4444 0
    endloop
  endfacet
  facet normal -0.032673 -0.999466 0
    outer loop
      vertex 42.9603 74.5 0
      vertex 43.3855 74.4861 8
      vertex 42.9603 74.5 8
    endloop
  endfacet
  facet normal -0.032673 -0.999466 -0
    outer loop
      vertex 43.3855 74.4861 8
      vertex 42.9603 74.5 0
      vertex 43.3855 74.4861 0
    endloop
  endfacet
  facet normal 0.999458 -0.0329156 0
    outer loop
      vertex 36.4603 68 8
      vertex 36.4743 68.4251 0
      vertex 36.4743 68.4251 8
    endloop
  endfacet
  facet normal 0.999458 -0.0329156 0
    outer loop
      vertex 36.4743 68.4251 0
      vertex 36.4603 68 8
      vertex 36.4603 68 0
    endloop
  endfacet
  facet normal 0.999458 0.0329156 0
    outer loop
      vertex 36.4743 67.5749 8
      vertex 36.4603 68 0
      vertex 36.4603 68 8
    endloop
  endfacet
  facet normal 0.999458 0.0329156 0
    outer loop
      vertex 36.4603 68 0
      vertex 36.4743 67.5749 8
      vertex 36.4743 67.5749 0
    endloop
  endfacet
  facet normal -0.683691 0.729772 0
    outer loop
      vertex 47.5565 63.4038 0
      vertex 47.2461 63.113 8
      vertex 47.5565 63.4038 8
    endloop
  endfacet
  facet normal -0.683691 0.729772 0
    outer loop
      vertex 47.2461 63.113 8
      vertex 47.5565 63.4038 0
      vertex 47.2461 63.113 0
    endloop
  endfacet
  facet normal 0.910841 -0.412758 0
    outer loop
      vertex 36.9551 70.4874 8
      vertex 37.1307 70.8749 0
      vertex 37.1307 70.8749 8
    endloop
  endfacet
  facet normal 0.910841 -0.412758 0
    outer loop
      vertex 37.1307 70.8749 0
      vertex 36.9551 70.4874 8
      vertex 36.9551 70.4874 0
    endloop
  endfacet
  facet normal 0.528053 -0.849211 0
    outer loop
      vertex 39.3491 73.4046 0
      vertex 39.7103 73.6292 8
      vertex 39.3491 73.4046 8
    endloop
  endfacet
  facet normal 0.528053 -0.849211 0
    outer loop
      vertex 39.7103 73.6292 8
      vertex 39.3491 73.4046 0
      vertex 39.7103 73.6292 0
    endloop
  endfacet
  facet normal 0.227074 0.973878 -0
    outer loop
      vertex 41.6923 61.6249 0
      vertex 41.278 61.7215 8
      vertex 41.6923 61.6249 8
    endloop
  endfacet
  facet normal 0.227074 0.973878 0
    outer loop
      vertex 41.278 61.7215 8
      vertex 41.6923 61.6249 0
      vertex 41.278 61.7215 0
    endloop
  endfacet
  facet normal 0.16295 0.986634 -0
    outer loop
      vertex 42.1119 61.5556 0
      vertex 41.6923 61.6249 8
      vertex 42.1119 61.5556 8
    endloop
  endfacet
  facet normal 0.16295 0.986634 0
    outer loop
      vertex 41.6923 61.6249 8
      vertex 42.1119 61.5556 0
      vertex 41.6923 61.6249 0
    endloop
  endfacet
  facet normal 0.849211 0.528053 0
    outer loop
      vertex 37.5558 64.3888 8
      vertex 37.3312 64.75 0
      vertex 37.3312 64.75 8
    endloop
  endfacet
  facet normal 0.849211 0.528053 0
    outer loop
      vertex 37.3312 64.75 0
      vertex 37.5558 64.3888 8
      vertex 37.5558 64.3888 0
    endloop
  endfacet
  facet normal 0.412651 0.910889 -0
    outer loop
      vertex 40.4729 61.9948 0
      vertex 40.0855 62.1703 8
      vertex 40.4729 61.9948 8
    endloop
  endfacet
  facet normal 0.412651 0.910889 0
    outer loop
      vertex 40.0855 62.1703 8
      vertex 40.4729 61.9948 0
      vertex 40.0855 62.1703 0
    endloop
  endfacet
endsolid OpenSCAD_Model
