solid OpenSCAD_Model
  facet normal -0.52251 -0.852633 0
    outer loop
      vertex -0.116028 -0.91246 0
      vertex 0.365631 -1.20763 16.4
      vertex -0.116028 -0.91246 16.4
    endloop
  endfacet
  facet normal -0.52251 -0.852633 -0
    outer loop
      vertex 0.365631 -1.20763 16.4
      vertex -0.116028 -0.91246 0
      vertex 0.365631 -1.20763 0
    endloop
  endfacet
  facet normal 0.852688 -0.52242 0
    outer loop
      vertex 78.3125 -0.116028 16.4
      vertex 78.6076 0.365631 0
      vertex 78.6076 0.365631 16.4
    endloop
  endfacet
  facet normal 0.852688 -0.52242 0
    outer loop
      vertex 78.6076 0.365631 0
      vertex 78.3125 -0.116028 16.4
      vertex 78.3125 -0.116028 0
    endloop
  endfacet
  facet normal 0.0784682 -0.996917 0
    outer loop
      vertex 75.4 -1.60001 0
      vertex 75.9632 -1.55568 16.4
      vertex 75.4 -1.60001 16.4
    endloop
  endfacet
  facet normal 0.0784682 -0.996917 0
    outer loop
      vertex 75.9632 -1.55568 16.4
      vertex 75.4 -1.60001 0
      vertex 75.9632 -1.55568 0
    endloop
  endfacet
  facet normal 0.522557 -0.852605 0
    outer loop
      vertex 77.0344 -1.20763 0
      vertex 77.516 -0.91246 16.4
      vertex 77.0344 -1.20763 16.4
    endloop
  endfacet
  facet normal 0.522557 -0.852605 0
    outer loop
      vertex 77.516 -0.91246 16.4
      vertex 77.0344 -1.20763 0
      vertex 77.516 -0.91246 0
    endloop
  endfacet
  facet normal 0 -1 0
    outer loop
      vertex 2 -1.60001 0
      vertex 75.4 -1.60001 16.4
      vertex 2 -1.60001 16.4
    endloop
  endfacet
  facet normal 0 -1 -0
    outer loop
      vertex 75.4 -1.60001 16.4
      vertex 2 -1.60001 0
      vertex 75.4 -1.60001 0
    endloop
  endfacet
  facet normal -0.852633 -0.52251 0
    outer loop
      vertex -0.91246 -0.116028 0
      vertex -1.20763 0.365631 16.4
      vertex -1.20763 0.365631 0
    endloop
  endfacet
  facet normal -0.852633 -0.52251 0
    outer loop
      vertex -1.20763 0.365631 16.4
      vertex -0.91246 -0.116028 0
      vertex -0.91246 -0.116028 16.4
    endloop
  endfacet
  facet normal -0.972367 -0.233459 0
    outer loop
      vertex -1.4238 0.887543 0
      vertex -1.55568 1.43683 16.4
      vertex -1.55568 1.43683 0
    endloop
  endfacet
  facet normal -0.972367 -0.233459 0
    outer loop
      vertex -1.55568 1.43683 16.4
      vertex -1.4238 0.887543 0
      vertex -1.4238 0.887543 16.4
    endloop
  endfacet
  facet normal -0.923885 0.382671 0
    outer loop
      vertex -1.4238 76.5125 0
      vertex -1.20763 77.0344 16.4
      vertex -1.20763 77.0344 0
    endloop
  endfacet
  facet normal -0.923885 0.382671 0
    outer loop
      vertex -1.20763 77.0344 16.4
      vertex -1.4238 76.5125 0
      vertex -1.4238 76.5125 16.4
    endloop
  endfacet
  facet normal -0.923888 -0.382664 0
    outer loop
      vertex -1.20763 0.365631 0
      vertex -1.4238 0.887543 16.4
      vertex -1.4238 0.887543 0
    endloop
  endfacet
  facet normal -0.923888 -0.382664 0
    outer loop
      vertex -1.4238 0.887543 16.4
      vertex -1.20763 0.365631 0
      vertex -1.20763 0.365631 16.4
    endloop
  endfacet
  facet normal -0.0784724 -0.996916 0
    outer loop
      vertex 1.43683 -1.55568 0
      vertex 2 -1.60001 16.4
      vertex 1.43683 -1.55568 16.4
    endloop
  endfacet
  facet normal -0.0784724 -0.996916 -0
    outer loop
      vertex 2 -1.60001 16.4
      vertex 1.43683 -1.55568 0
      vertex 2 -1.60001 0
    endloop
  endfacet
  facet normal 1 -0 0
    outer loop
      vertex 79 2 16.4
      vertex 79 75.4 0
      vertex 79 75.4 16.4
    endloop
  endfacet
  facet normal 1 0 0
    outer loop
      vertex 79 75.4 0
      vertex 79 2 16.4
      vertex 79 2 0
    endloop
  endfacet
  facet normal -1 0 0
    outer loop
      vertex -1.60001 2 0
      vertex -1.60001 75.4 16.4
      vertex -1.60001 75.4 0
    endloop
  endfacet
  facet normal -1 -0 0
    outer loop
      vertex -1.60001 75.4 16.4
      vertex -1.60001 2 0
      vertex -1.60001 2 16.4
    endloop
  endfacet
  facet normal 0.233453 -0.972368 0
    outer loop
      vertex 75.9632 -1.55568 0
      vertex 76.5125 -1.4238 16.4
      vertex 75.9632 -1.55568 16.4
    endloop
  endfacet
  facet normal 0.233453 -0.972368 0
    outer loop
      vertex 76.5125 -1.4238 16.4
      vertex 75.9632 -1.55568 0
      vertex 76.5125 -1.4238 0
    endloop
  endfacet
  facet normal -0.760396 -0.64946 0
    outer loop
      vertex -0.545578 -0.545578 0
      vertex -0.91246 -0.116028 16.4
      vertex -0.91246 -0.116028 0
    endloop
  endfacet
  facet normal -0.760396 -0.64946 0
    outer loop
      vertex -0.91246 -0.116028 16.4
      vertex -0.545578 -0.545578 0
      vertex -0.545578 -0.545578 16.4
    endloop
  endfacet
  facet normal 0.382671 -0.923885 0
    outer loop
      vertex 76.5125 -1.4238 0
      vertex 77.0344 -1.20763 16.4
      vertex 76.5125 -1.4238 16.4
    endloop
  endfacet
  facet normal 0.382671 -0.923885 0
    outer loop
      vertex 77.0344 -1.20763 16.4
      vertex 76.5125 -1.4238 0
      vertex 77.0344 -1.20763 0
    endloop
  endfacet
  facet normal -0.996917 0.0784682 0
    outer loop
      vertex -1.60001 75.4 0
      vertex -1.55568 75.9632 16.4
      vertex -1.55568 75.9632 0
    endloop
  endfacet
  facet normal -0.996917 0.0784682 0
    outer loop
      vertex -1.55568 75.9632 16.4
      vertex -1.60001 75.4 0
      vertex -1.60001 75.4 16.4
    endloop
  endfacet
  facet normal -0.382664 -0.923888 0
    outer loop
      vertex 0.365631 -1.20763 0
      vertex 0.887543 -1.4238 16.4
      vertex 0.365631 -1.20763 16.4
    endloop
  endfacet
  facet normal -0.382664 -0.923888 -0
    outer loop
      vertex 0.887543 -1.4238 16.4
      vertex 0.365631 -1.20763 0
      vertex 0.887543 -1.4238 0
    endloop
  endfacet
  facet normal 0.972359 -0.233492 0
    outer loop
      vertex 78.8238 0.887543 16.4
      vertex 78.9557 1.43683 0
      vertex 78.9557 1.43683 16.4
    endloop
  endfacet
  facet normal 0.972359 -0.233492 0
    outer loop
      vertex 78.9557 1.43683 0
      vertex 78.8238 0.887543 16.4
      vertex 78.8238 0.887543 0
    endloop
  endfacet
  facet normal 0.996921 0.0784155 0
    outer loop
      vertex 79 75.4 16.4
      vertex 78.9557 75.9632 0
      vertex 78.9557 75.9632 16.4
    endloop
  endfacet
  facet normal 0.996921 0.0784155 0
    outer loop
      vertex 78.9557 75.9632 0
      vertex 79 75.4 16.4
      vertex 79 75.4 0
    endloop
  endfacet
  facet normal -0.64946 -0.760396 0
    outer loop
      vertex -0.545578 -0.545578 0
      vertex -0.116028 -0.91246 16.4
      vertex -0.545578 -0.545578 16.4
    endloop
  endfacet
  facet normal -0.64946 -0.760396 -0
    outer loop
      vertex -0.116028 -0.91246 16.4
      vertex -0.545578 -0.545578 0
      vertex -0.116028 -0.91246 0
    endloop
  endfacet
  facet normal -0.760433 0.649416 0
    outer loop
      vertex -0.91246 77.516 0
      vertex -0.545578 77.9456 16.4
      vertex -0.545578 77.9456 0
    endloop
  endfacet
  facet normal -0.760433 0.649416 0
    outer loop
      vertex -0.545578 77.9456 16.4
      vertex -0.91246 77.516 0
      vertex -0.91246 77.516 16.4
    endloop
  endfacet
  facet normal 0.923869 -0.382709 0
    outer loop
      vertex 78.6076 0.365631 16.4
      vertex 78.8238 0.887543 0
      vertex 78.8238 0.887543 16.4
    endloop
  endfacet
  facet normal 0.923869 -0.382709 0
    outer loop
      vertex 78.8238 0.887543 0
      vertex 78.6076 0.365631 16.4
      vertex 78.6076 0.365631 0
    endloop
  endfacet
  facet normal 0.99692 -0.0784196 0
    outer loop
      vertex 78.9557 1.43683 16.4
      vertex 79 2 0
      vertex 79 2 16.4
    endloop
  endfacet
  facet normal 0.99692 -0.0784196 0
    outer loop
      vertex 79 2 0
      vertex 78.9557 1.43683 16.4
      vertex 78.9557 1.43683 0
    endloop
  endfacet
  facet normal -0.233459 -0.972367 0
    outer loop
      vertex 0.887543 -1.4238 0
      vertex 1.43683 -1.55568 16.4
      vertex 0.887543 -1.4238 16.4
    endloop
  endfacet
  facet normal -0.233459 -0.972367 -0
    outer loop
      vertex 1.43683 -1.55568 16.4
      vertex 0.887543 -1.4238 0
      vertex 1.43683 -1.55568 0
    endloop
  endfacet
  facet normal -0.649423 0.760427 0
    outer loop
      vertex -0.247694 78.2 0
      vertex -0.545578 77.9456 16.4
      vertex -0.247694 78.2 16.4
    endloop
  endfacet
  facet normal -0.649423 0.760427 0
    outer loop
      vertex -0.545578 77.9456 16.4
      vertex -0.247694 78.2 0
      vertex -0.545578 77.9456 0
    endloop
  endfacet
  facet normal -0.996916 -0.0784724 0
    outer loop
      vertex -1.55568 1.43683 0
      vertex -1.60001 2 16.4
      vertex -1.60001 2 0
    endloop
  endfacet
  facet normal -0.996916 -0.0784724 0
    outer loop
      vertex -1.60001 2 16.4
      vertex -1.55568 1.43683 0
      vertex -1.55568 1.43683 16.4
    endloop
  endfacet
  facet normal -0.852605 0.522557 0
    outer loop
      vertex -1.20763 77.0344 0
      vertex -0.91246 77.516 16.4
      vertex -0.91246 77.516 0
    endloop
  endfacet
  facet normal -0.852605 0.522557 0
    outer loop
      vertex -0.91246 77.516 16.4
      vertex -1.20763 77.0344 0
      vertex -1.20763 77.0344 16.4
    endloop
  endfacet
  facet normal 0.76038 -0.649478 0
    outer loop
      vertex 77.9456 -0.545578 16.4
      vertex 78.3125 -0.116028 0
      vertex 78.3125 -0.116028 16.4
    endloop
  endfacet
  facet normal 0.76038 -0.649478 0
    outer loop
      vertex 78.3125 -0.116028 0
      vertex 77.9456 -0.545578 16.4
      vertex 77.9456 -0.545578 0
    endloop
  endfacet
  facet normal 0.97236 0.233487 0
    outer loop
      vertex 78.9557 75.9632 16.4
      vertex 78.8238 76.5125 0
      vertex 78.8238 76.5125 16.4
    endloop
  endfacet
  facet normal 0.97236 0.233487 0
    outer loop
      vertex 78.8238 76.5125 0
      vertex 78.9557 75.9632 16.4
      vertex 78.9557 75.9632 0
    endloop
  endfacet
  facet normal -0.972368 0.233453 0
    outer loop
      vertex -1.55568 75.9632 0
      vertex -1.4238 76.5125 16.4
      vertex -1.4238 76.5125 0
    endloop
  endfacet
  facet normal -0.972368 0.233453 0
    outer loop
      vertex -1.4238 76.5125 16.4
      vertex -1.55568 75.9632 0
      vertex -1.55568 75.9632 16.4
    endloop
  endfacet
  facet normal 0.852682 0.522431 0
    outer loop
      vertex 78.6076 77.0344 16.4
      vertex 78.3836 77.4 0
      vertex 78.3836 77.4 16.4
    endloop
  endfacet
  facet normal 0.852682 0.522431 0
    outer loop
      vertex 78.3836 77.4 0
      vertex 78.6076 77.0344 16.4
      vertex 78.6076 77.0344 0
    endloop
  endfacet
  facet normal 0.923866 0.382717 0
    outer loop
      vertex 78.8238 76.5125 16.4
      vertex 78.6076 77.0344 0
      vertex 78.6076 77.0344 16.4
    endloop
  endfacet
  facet normal 0.923866 0.382717 0
    outer loop
      vertex 78.6076 77.0344 0
      vertex 78.8238 76.5125 16.4
      vertex 78.8238 76.5125 0
    endloop
  endfacet
  facet normal 0 0 1
    outer loop
      vertex 1.43683 77.4443 16.4
      vertex 1.68713 77.3754 16.4
      vertex 2 77.4 16.4
    endloop
  endfacet
  facet normal 0 0 1
    outer loop
      vertex 1.43683 77.4443 16.4
      vertex 1.38197 77.3021 16.4
      vertex 1.68713 77.3754 16.4
    endloop
  endfacet
  facet normal 0 0 1
    outer loop
      vertex 0.887543 77.5762 16.4
      vertex 1.38197 77.3021 16.4
      vertex 1.43683 77.4443 16.4
    endloop
  endfacet
  facet normal 0 0 1
    outer loop
      vertex 1.38197 77.3021 16.4
      vertex 0.887543 77.5762 16.4
      vertex 1.09203 77.182 16.4
    endloop
  endfacet
  facet normal 0 0 1
    outer loop
      vertex 0.887543 77.5762 16.4
      vertex 0.824432 77.018 16.4
      vertex 1.09203 77.182 16.4
    endloop
  endfacet
  facet normal 0 0 1
    outer loop
      vertex 0.365631 77.7924 16.4
      vertex 0.824432 77.018 16.4
      vertex 0.887543 77.5762 16.4
    endloop
  endfacet
  facet normal 0 0 1
    outer loop
      vertex 0.824432 77.018 16.4
      vertex 0.365631 77.7924 16.4
      vertex 0.585785 76.8142 16.4
    endloop
  endfacet
  facet normal 0 0 1
    outer loop
      vertex 0.585785 76.8142 16.4
      vertex 0.365631 77.7924 16.4
      vertex 0.381973 76.5756 16.4
    endloop
  endfacet
  facet normal -0 0 1
    outer loop
      vertex -0.91246 77.516 16.4
      vertex 0.381973 76.5756 16.4
      vertex 0.365631 77.7924 16.4
    endloop
  endfacet
  facet normal 0 0 1
    outer loop
      vertex 0.381973 76.5756 16.4
      vertex -0.91246 77.516 16.4
      vertex 0.217987 76.308 16.4
    endloop
  endfacet
  facet normal -0 0 1
    outer loop
      vertex -1.20763 77.0344 16.4
      vertex 0.217987 76.308 16.4
      vertex -0.91246 77.516 16.4
    endloop
  endfacet
  facet normal -0 0 1
    outer loop
      vertex -1.4238 76.5125 16.4
      vertex 0.0978851 76.018 16.4
      vertex -1.20763 77.0344 16.4
    endloop
  endfacet
  facet normal 0 0 1
    outer loop
      vertex 0.217987 76.308 16.4
      vertex -1.20763 77.0344 16.4
      vertex 0.0978851 76.018 16.4
    endloop
  endfacet
  facet normal 0 0 1
    outer loop
      vertex -0.91246 77.516 16.4
      vertex 0.365631 77.7924 16.4
      vertex -0.116028 78.0875 16.4
    endloop
  endfacet
  facet normal 0 0 1
    outer loop
      vertex 77.4 75.4 16.4
      vertex 79 75.4 16.4
      vertex 78.9557 75.9632 16.4
    endloop
  endfacet
  facet normal 0 0 1
    outer loop
      vertex 79 75.4 16.4
      vertex 77.4 75.4 16.4
      vertex 79 2 16.4
    endloop
  endfacet
  facet normal 0 0 1
    outer loop
      vertex 77.3754 75.7129 16.4
      vertex 78.9557 75.9632 16.4
      vertex 78.8238 76.5125 16.4
    endloop
  endfacet
  facet normal 0 0 1
    outer loop
      vertex 77.4 2 16.4
      vertex 79 2 16.4
      vertex 77.4 75.4 16.4
    endloop
  endfacet
  facet normal 0 0 1
    outer loop
      vertex 77.3021 76.018 16.4
      vertex 78.8238 76.5125 16.4
      vertex 78.6076 77.0344 16.4
    endloop
  endfacet
  facet normal 0 0 1
    outer loop
      vertex 79 2 16.4
      vertex 77.4 2 16.4
      vertex 78.9557 1.43683 16.4
    endloop
  endfacet
  facet normal 0 0 1
    outer loop
      vertex 77.182 76.308 16.4
      vertex 78.6076 77.0344 16.4
      vertex 78.3836 77.4 16.4
    endloop
  endfacet
  facet normal -0 0 1
    outer loop
      vertex 77.3754 1.68713 16.4
      vertex 78.9557 1.43683 16.4
      vertex 77.4 2 16.4
    endloop
  endfacet
  facet normal -0 0 1
    outer loop
      vertex 77.3021 1.38197 16.4
      vertex 78.8238 0.887543 16.4
      vertex 77.3754 1.68713 16.4
    endloop
  endfacet
  facet normal 0 0 1
    outer loop
      vertex 78.8238 0.887543 16.4
      vertex 77.3021 1.38197 16.4
      vertex 78.6076 0.365631 16.4
    endloop
  endfacet
  facet normal 0 0 1
    outer loop
      vertex 78.9557 1.43683 16.4
      vertex 77.3754 1.68713 16.4
      vertex 78.8238 0.887543 16.4
    endloop
  endfacet
  facet normal 0 0 1
    outer loop
      vertex 78.9557 75.9632 16.4
      vertex 77.3754 75.7129 16.4
      vertex 77.4 75.4 16.4
    endloop
  endfacet
  facet normal 0 0 1
    outer loop
      vertex 78.8238 76.5125 16.4
      vertex 77.3021 76.018 16.4
      vertex 77.3754 75.7129 16.4
    endloop
  endfacet
  facet normal 0 0 1
    outer loop
      vertex 78.6076 77.0344 16.4
      vertex 77.182 76.308 16.4
      vertex 77.3021 76.018 16.4
    endloop
  endfacet
  facet normal 0 0 1
    outer loop
      vertex 78.3836 77.4 16.4
      vertex 77.018 76.5756 16.4
      vertex 77.182 76.308 16.4
    endloop
  endfacet
  facet normal 0 0 1
    outer loop
      vertex 78.3836 77.4 16.4
      vertex 76.8142 76.8142 16.4
      vertex 77.018 76.5756 16.4
    endloop
  endfacet
  facet normal 0 0 1
    outer loop
      vertex 78.3836 77.4 16.4
      vertex 76.5756 77.018 16.4
      vertex 76.8142 76.8142 16.4
    endloop
  endfacet
  facet normal 0 0 1
    outer loop
      vertex 78.3836 77.4 16.4
      vertex 76.308 77.182 16.4
      vertex 76.5756 77.018 16.4
    endloop
  endfacet
  facet normal 0 0 1
    outer loop
      vertex 78.3836 77.4 16.4
      vertex 76.018 77.3021 16.4
      vertex 76.308 77.182 16.4
    endloop
  endfacet
  facet normal 0 0 1
    outer loop
      vertex 78.3836 77.4 16.4
      vertex 75.7129 77.3754 16.4
      vertex 76.018 77.3021 16.4
    endloop
  endfacet
  facet normal 0 -0 1
    outer loop
      vertex 75.7129 77.3754 16.4
      vertex 78.3836 77.4 16.4
      vertex 75.4 77.4 16.4
    endloop
  endfacet
  facet normal -0 0 1
    outer loop
      vertex 77.182 1.09203 16.4
      vertex 78.6076 0.365631 16.4
      vertex 77.3021 1.38197 16.4
    endloop
  endfacet
  facet normal 0 0 1
    outer loop
      vertex 78.6076 0.365631 16.4
      vertex 77.182 1.09203 16.4
      vertex 78.3125 -0.116028 16.4
    endloop
  endfacet
  facet normal -0 0 1
    outer loop
      vertex 77.018 0.824432 16.4
      vertex 78.3125 -0.116028 16.4
      vertex 77.182 1.09203 16.4
    endloop
  endfacet
  facet normal 0 0 1
    outer loop
      vertex 78.3125 -0.116028 16.4
      vertex 77.018 0.824432 16.4
      vertex 77.9456 -0.545578 16.4
    endloop
  endfacet
  facet normal -0 0 1
    outer loop
      vertex 76.8142 0.585785 16.4
      vertex 77.9456 -0.545578 16.4
      vertex 77.018 0.824432 16.4
    endloop
  endfacet
  facet normal 0 0 1
    outer loop
      vertex 77.9456 -0.545578 16.4
      vertex 76.8142 0.585785 16.4
      vertex 77.516 -0.91246 16.4
    endloop
  endfacet
  facet normal -0 0 1
    outer loop
      vertex 76.5756 0.381973 16.4
      vertex 77.516 -0.91246 16.4
      vertex 76.8142 0.585785 16.4
    endloop
  endfacet
  facet normal 0 0 1
    outer loop
      vertex 77.516 -0.91246 16.4
      vertex 76.5756 0.381973 16.4
      vertex 77.0344 -1.20763 16.4
    endloop
  endfacet
  facet normal -0 0 1
    outer loop
      vertex 76.308 0.217987 16.4
      vertex 77.0344 -1.20763 16.4
      vertex 76.5756 0.381973 16.4
    endloop
  endfacet
  facet normal 0 0 1
    outer loop
      vertex 77.0344 -1.20763 16.4
      vertex 76.308 0.217987 16.4
      vertex 76.5125 -1.4238 16.4
    endloop
  endfacet
  facet normal -0 0 1
    outer loop
      vertex 76.018 0.0978851 16.4
      vertex 76.5125 -1.4238 16.4
      vertex 76.308 0.217987 16.4
    endloop
  endfacet
  facet normal 0 0 1
    outer loop
      vertex 76.018 0.0978851 16.4
      vertex 75.9632 -1.55568 16.4
      vertex 76.5125 -1.4238 16.4
    endloop
  endfacet
  facet normal -0 0 1
    outer loop
      vertex 75.7129 0.0246277 16.4
      vertex 75.9632 -1.55568 16.4
      vertex 76.018 0.0978851 16.4
    endloop
  endfacet
  facet normal -0 0 1
    outer loop
      vertex 75.4 0 16.4
      vertex 75.9632 -1.55568 16.4
      vertex 75.7129 0.0246277 16.4
    endloop
  endfacet
  facet normal 0 0 1
    outer loop
      vertex 75.4 0 16.4
      vertex 75.4 -1.60001 16.4
      vertex 75.9632 -1.55568 16.4
    endloop
  endfacet
  facet normal -0 0 1
    outer loop
      vertex 2 0 16.4
      vertex 75.4 -1.60001 16.4
      vertex 75.4 0 16.4
    endloop
  endfacet
  facet normal 0 0 1
    outer loop
      vertex 2 0 16.4
      vertex 2 -1.60001 16.4
      vertex 75.4 -1.60001 16.4
    endloop
  endfacet
  facet normal 0 0 1
    outer loop
      vertex 1.68713 0.0246277 16.4
      vertex 2 -1.60001 16.4
      vertex 2 0 16.4
    endloop
  endfacet
  facet normal 0 0 1
    outer loop
      vertex 1.68713 0.0246277 16.4
      vertex 1.43683 -1.55568 16.4
      vertex 2 -1.60001 16.4
    endloop
  endfacet
  facet normal 0 0 1
    outer loop
      vertex 1.38197 0.0978851 16.4
      vertex 1.43683 -1.55568 16.4
      vertex 1.68713 0.0246277 16.4
    endloop
  endfacet
  facet normal 0 0 1
    outer loop
      vertex 0.887543 -1.4238 16.4
      vertex 1.38197 0.0978851 16.4
      vertex 1.09203 0.217987 16.4
    endloop
  endfacet
  facet normal 0 0 1
    outer loop
      vertex 1.38197 0.0978851 16.4
      vertex 0.887543 -1.4238 16.4
      vertex 1.43683 -1.55568 16.4
    endloop
  endfacet
  facet normal 0 0 1
    outer loop
      vertex 0.365631 -1.20763 16.4
      vertex 1.09203 0.217987 16.4
      vertex 0.824432 0.381973 16.4
    endloop
  endfacet
  facet normal 0 0 1
    outer loop
      vertex -0.116028 -0.91246 16.4
      vertex 0.824432 0.381973 16.4
      vertex 0.585785 0.585785 16.4
    endloop
  endfacet
  facet normal 0 0 1
    outer loop
      vertex -0.545578 -0.545578 16.4
      vertex 0.585785 0.585785 16.4
      vertex 0.381973 0.824432 16.4
    endloop
  endfacet
  facet normal 0 0 1
    outer loop
      vertex 1.09203 0.217987 16.4
      vertex 0.365631 -1.20763 16.4
      vertex 0.887543 -1.4238 16.4
    endloop
  endfacet
  facet normal 0 0 1
    outer loop
      vertex -0.91246 -0.116028 16.4
      vertex 0.381973 0.824432 16.4
      vertex 0.217987 1.09203 16.4
    endloop
  endfacet
  facet normal 0 0 1
    outer loop
      vertex -1.20763 0.365631 16.4
      vertex 0.217987 1.09203 16.4
      vertex 0.0978851 1.38197 16.4
    endloop
  endfacet
  facet normal 0 0 1
    outer loop
      vertex -1.4238 0.887543 16.4
      vertex 0.0978851 1.38197 16.4
      vertex 0.0246277 1.68713 16.4
    endloop
  endfacet
  facet normal 0 0 1
    outer loop
      vertex 0.824432 0.381973 16.4
      vertex -0.116028 -0.91246 16.4
      vertex 0.365631 -1.20763 16.4
    endloop
  endfacet
  facet normal 0 0 1
    outer loop
      vertex -1.55568 1.43683 16.4
      vertex 0.0246277 1.68713 16.4
      vertex 0 2 16.4
    endloop
  endfacet
  facet normal 0 0 1
    outer loop
      vertex 0 75.4 16.4
      vertex -1.60001 75.4 16.4
      vertex 0 2 16.4
    endloop
  endfacet
  facet normal 0 0 1
    outer loop
      vertex -0.545578 77.9456 16.4
      vertex -0.116028 78.0875 16.4
      vertex -0.247694 78.2 16.4
    endloop
  endfacet
  facet normal 0 0 1
    outer loop
      vertex -0.116028 78.0875 16.4
      vertex -0.545578 77.9456 16.4
      vertex -0.91246 77.516 16.4
    endloop
  endfacet
  facet normal 0 0 1
    outer loop
      vertex 0 2 16.4
      vertex -1.60001 75.4 16.4
      vertex -1.60001 2 16.4
    endloop
  endfacet
  facet normal 0 0 1
    outer loop
      vertex 0.0978851 76.018 16.4
      vertex -1.4238 76.5125 16.4
      vertex 0.0246277 75.7129 16.4
    endloop
  endfacet
  facet normal 0 -0 1
    outer loop
      vertex -1.55568 1.43683 16.4
      vertex 0 2 16.4
      vertex -1.60001 2 16.4
    endloop
  endfacet
  facet normal -0 0 1
    outer loop
      vertex -1.55568 75.9632 16.4
      vertex 0.0246277 75.7129 16.4
      vertex -1.4238 76.5125 16.4
    endloop
  endfacet
  facet normal 0 0 1
    outer loop
      vertex 0.585785 0.585785 16.4
      vertex -0.545578 -0.545578 16.4
      vertex -0.116028 -0.91246 16.4
    endloop
  endfacet
  facet normal 0 0 1
    outer loop
      vertex 0.0246277 75.7129 16.4
      vertex -1.55568 75.9632 16.4
      vertex 0 75.4 16.4
    endloop
  endfacet
  facet normal 0 0 1
    outer loop
      vertex 0.381973 0.824432 16.4
      vertex -0.91246 -0.116028 16.4
      vertex -0.545578 -0.545578 16.4
    endloop
  endfacet
  facet normal 0 0 1
    outer loop
      vertex 0 75.4 16.4
      vertex -1.55568 75.9632 16.4
      vertex -1.60001 75.4 16.4
    endloop
  endfacet
  facet normal 0 0 1
    outer loop
      vertex 0.217987 1.09203 16.4
      vertex -1.20763 0.365631 16.4
      vertex -0.91246 -0.116028 16.4
    endloop
  endfacet
  facet normal 0 0 1
    outer loop
      vertex 0.0978851 1.38197 16.4
      vertex -1.4238 0.887543 16.4
      vertex -1.20763 0.365631 16.4
    endloop
  endfacet
  facet normal 0 0 1
    outer loop
      vertex 0.0246277 1.68713 16.4
      vertex -1.55568 1.43683 16.4
      vertex -1.4238 0.887543 16.4
    endloop
  endfacet
  facet normal 0.649416 -0.760433 0
    outer loop
      vertex 77.516 -0.91246 0
      vertex 77.9456 -0.545578 16.4
      vertex 77.516 -0.91246 16.4
    endloop
  endfacet
  facet normal 0.649416 -0.760433 0
    outer loop
      vertex 77.9456 -0.545578 16.4
      vertex 77.516 -0.91246 0
      vertex 77.9456 -0.545578 0
    endloop
  endfacet
  facet normal 0 0 -1
    outer loop
      vertex 75.4 -1.60001 0
      vertex 79 2 0
      vertex 78.9557 1.43683 0
    endloop
  endfacet
  facet normal -0 0 -1
    outer loop
      vertex 79 2 0
      vertex 75.4 -1.60001 0
      vertex 79 75.4 0
    endloop
  endfacet
  facet normal 0 0 -1
    outer loop
      vertex 75.4 -1.60001 0
      vertex 78.9557 1.43683 0
      vertex 78.8238 0.887543 0
    endloop
  endfacet
  facet normal 0 0 -1
    outer loop
      vertex -1.60001 75.4 0
      vertex 79 75.4 0
      vertex 75.4 -1.60001 0
    endloop
  endfacet
  facet normal 0 0 -1
    outer loop
      vertex 75.4 -1.60001 0
      vertex 78.8238 0.887543 0
      vertex 78.6076 0.365631 0
    endloop
  endfacet
  facet normal 0 -0 -1
    outer loop
      vertex -0.247694 78.2 0
      vertex 79 75.4 0
      vertex -1.60001 75.4 0
    endloop
  endfacet
  facet normal -0 -0 -1
    outer loop
      vertex 78.3836 77.4 0
      vertex 79 75.4 0
      vertex -0.247694 78.2 0
    endloop
  endfacet
  facet normal 0 0 -1
    outer loop
      vertex 75.4 -1.60001 0
      vertex 78.6076 0.365631 0
      vertex 78.3125 -0.116028 0
    endloop
  endfacet
  facet normal 0 0 -1
    outer loop
      vertex 137.6 -1.60001 0
      vertex 141.2 2 0
      vertex 141.156 1.43683 0
    endloop
  endfacet
  facet normal -0 0 -1
    outer loop
      vertex 141.2 2 0
      vertex 137.6 -1.60001 0
      vertex 141.2 46 0
    endloop
  endfacet
  facet normal 0 0 -1
    outer loop
      vertex 137.6 -1.60001 0
      vertex 141.156 1.43683 0
      vertex 141.024 0.887543 0
    endloop
  endfacet
  facet normal 0 0 -1
    outer loop
      vertex 90 46 0
      vertex 141.2 46 0
      vertex 137.6 -1.60001 0
    endloop
  endfacet
  facet normal 0 0 -1
    outer loop
      vertex 137.6 -1.60001 0
      vertex 141.024 0.887543 0
      vertex 140.808 0.365631 0
    endloop
  endfacet
  facet normal 0 -0 -1
    outer loop
      vertex 139.848 48.8 0
      vertex 141.2 46 0
      vertex 90 46 0
    endloop
  endfacet
  facet normal 0 0 -1
    outer loop
      vertex 137.6 -1.60001 0
      vertex 140.808 0.365631 0
      vertex 140.512 -0.116028 0
    endloop
  endfacet
  facet normal 0 0 -1
    outer loop
      vertex 141.2 46 0
      vertex 139.848 48.8 0
      vertex 141.156 46.5632 0
    endloop
  endfacet
  facet normal 0 0 -1
    outer loop
      vertex 137.6 -1.60001 0
      vertex 140.512 -0.116028 0
      vertex 140.146 -0.545578 0
    endloop
  endfacet
  facet normal 0 0 -1
    outer loop
      vertex 141.156 46.5632 0
      vertex 139.848 48.8 0
      vertex 141.024 47.1125 0
    endloop
  endfacet
  facet normal 0 0 -1
    outer loop
      vertex 141.024 47.1125 0
      vertex 139.848 48.8 0
      vertex 140.808 47.6344 0
    endloop
  endfacet
  facet normal 0 0 -1
    outer loop
      vertex 137.6 -1.60001 0
      vertex 140.146 -0.545578 0
      vertex 139.716 -0.91246 0
    endloop
  endfacet
  facet normal 0 0 -1
    outer loop
      vertex 139.848 48.8 0
      vertex 141.2 51.6 0
      vertex 141.156 51.0368 0
    endloop
  endfacet
  facet normal 0 0 -1
    outer loop
      vertex 141.2 51.6 0
      vertex 90 78.0164 0
      vertex 141.2 95.6 0
    endloop
  endfacet
  facet normal 0 0 -1
    outer loop
      vertex 139.848 48.8 0
      vertex 141.156 51.0368 0
      vertex 141.024 50.4875 0
    endloop
  endfacet
  facet normal 0 -0 -1
    outer loop
      vertex 137.6 99.2 0
      vertex 141.2 95.6 0
      vertex 90 78.0164 0
    endloop
  endfacet
  facet normal 0 0 -1
    outer loop
      vertex 139.848 48.8 0
      vertex 141.024 50.4875 0
      vertex 140.808 49.9656 0
    endloop
  endfacet
  facet normal 0 0 -1
    outer loop
      vertex 141.156 96.1632 0
      vertex 137.6 99.2 0
      vertex 141.024 96.7125 0
    endloop
  endfacet
  facet normal 0 0 -1
    outer loop
      vertex 139.848 48.8 0
      vertex 140.808 49.9656 0
      vertex 140.512 49.484 0
    endloop
  endfacet
  facet normal 0 0 -1
    outer loop
      vertex 141.024 96.7125 0
      vertex 137.6 99.2 0
      vertex 140.808 97.2344 0
    endloop
  endfacet
  facet normal 0 0 -1
    outer loop
      vertex 139.848 48.8 0
      vertex 140.512 49.484 0
      vertex 140.146 49.0544 0
    endloop
  endfacet
  facet normal 0 0 -1
    outer loop
      vertex 140.808 97.2344 0
      vertex 137.6 99.2 0
      vertex 140.512 97.716 0
    endloop
  endfacet
  facet normal -0 0 -1
    outer loop
      vertex 141.2 51.6 0
      vertex 139.848 48.8 0
      vertex 90 51.6 0
    endloop
  endfacet
  facet normal 0 0 -1
    outer loop
      vertex 140.512 97.716 0
      vertex 137.6 99.2 0
      vertex 140.146 98.1456 0
    endloop
  endfacet
  facet normal 0 0 -1
    outer loop
      vertex 140.512 48.116 0
      vertex 139.848 48.8 0
      vertex 140.146 48.5456 0
    endloop
  endfacet
  facet normal 0 0 -1
    outer loop
      vertex 137.6 -1.60001 0
      vertex 139.716 -0.91246 0
      vertex 139.234 -1.20763 0
    endloop
  endfacet
  facet normal 0 0 -1
    outer loop
      vertex 90 51.6 0
      vertex 139.848 48.8 0
      vertex 91.3523 48.8 0
    endloop
  endfacet
  facet normal 0 0 -1
    outer loop
      vertex 137.6 -1.60001 0
      vertex 139.234 -1.20763 0
      vertex 138.712 -1.4238 0
    endloop
  endfacet
  facet normal 0 0 -1
    outer loop
      vertex 140.146 98.1456 0
      vertex 137.6 99.2 0
      vertex 139.716 98.5125 0
    endloop
  endfacet
  facet normal 0 0 -1
    outer loop
      vertex 137.6 -1.60001 0
      vertex 138.712 -1.4238 0
      vertex 138.163 -1.55568 0
    endloop
  endfacet
  facet normal 0 0 -1
    outer loop
      vertex 139.716 98.5125 0
      vertex 137.6 99.2 0
      vertex 139.234 98.8076 0
    endloop
  endfacet
  facet normal 0 0 -1
    outer loop
      vertex 140.808 47.6344 0
      vertex 139.848 48.8 0
      vertex 140.512 48.116 0
    endloop
  endfacet
  facet normal 0 0 -1
    outer loop
      vertex 139.234 98.8076 0
      vertex 137.6 99.2 0
      vertex 138.712 99.0238 0
    endloop
  endfacet
  facet normal 0 0 -1
    outer loop
      vertex 90 46 0
      vertex 137.6 -1.60001 0
      vertex 93.6 -1.60001 0
    endloop
  endfacet
  facet normal 0 0 -1
    outer loop
      vertex 138.712 99.0238 0
      vertex 137.6 99.2 0
      vertex 138.163 99.1557 0
    endloop
  endfacet
  facet normal 0 0 -1
    outer loop
      vertex 90 2 0
      vertex 93.6 -1.60001 0
      vertex 93.0368 -1.55568 0
    endloop
  endfacet
  facet normal 0 0 -1
    outer loop
      vertex 141.2 95.6 0
      vertex 137.6 99.2 0
      vertex 141.156 96.1632 0
    endloop
  endfacet
  facet normal 0 0 -1
    outer loop
      vertex 90 2 0
      vertex 93.0368 -1.55568 0
      vertex 92.4875 -1.4238 0
    endloop
  endfacet
  facet normal 0 0 -1
    outer loop
      vertex 90 88.9836 0
      vertex 137.6 99.2 0
      vertex 90 78.0164 0
    endloop
  endfacet
  facet normal 0 0 -1
    outer loop
      vertex 90 2 0
      vertex 92.4875 -1.4238 0
      vertex 91.9656 -1.20763 0
    endloop
  endfacet
  facet normal -0 0 -1
    outer loop
      vertex 137.6 99.2 0
      vertex 90 88.9836 0
      vertex 93.6 99.2 0
    endloop
  endfacet
  facet normal 0 0 -1
    outer loop
      vertex 90 2 0
      vertex 91.9656 -1.20763 0
      vertex 91.484 -0.91246 0
    endloop
  endfacet
  facet normal 0 0 -1
    outer loop
      vertex 90 95.6 0
      vertex 93.6 99.2 0
      vertex 90 88.9836 0
    endloop
  endfacet
  facet normal 0 0 -1
    outer loop
      vertex 93.6 99.2 0
      vertex 90 95.6 0
      vertex 93.0368 99.1557 0
    endloop
  endfacet
  facet normal 0 0 -1
    outer loop
      vertex 90 2 0
      vertex 91.484 -0.91246 0
      vertex 91.0544 -0.545578 0
    endloop
  endfacet
  facet normal 0 0 -1
    outer loop
      vertex 93.6 -1.60001 0
      vertex 90 2 0
      vertex 90 46 0
    endloop
  endfacet
  facet normal 0 0 -1
    outer loop
      vertex 90 2 0
      vertex 91.0544 -0.545578 0
      vertex 90.6875 -0.116028 0
    endloop
  endfacet
  facet normal -0 0 -1
    outer loop
      vertex 139.848 48.8 0
      vertex 90 46 0
      vertex 91.3523 48.8 0
    endloop
  endfacet
  facet normal 0 0 -1
    outer loop
      vertex 90 2 0
      vertex 90.6875 -0.116028 0
      vertex 90.3924 0.365631 0
    endloop
  endfacet
  facet normal 0 -0 -1
    outer loop
      vertex 90.6875 48.116 0
      vertex 91.3523 48.8 0
      vertex 90 46 0
    endloop
  endfacet
  facet normal 0 0 -1
    outer loop
      vertex 90 2 0
      vertex 90.3924 0.365631 0
      vertex 90.1762 0.887543 0
    endloop
  endfacet
  facet normal 0 0 -1
    outer loop
      vertex 91.3523 48.8 0
      vertex 90.6875 48.116 0
      vertex 91.0544 48.5456 0
    endloop
  endfacet
  facet normal 0 0 -1
    outer loop
      vertex 90 2 0
      vertex 90.1762 0.887543 0
      vertex 90.0443 1.43683 0
    endloop
  endfacet
  facet normal 0 0 -1
    outer loop
      vertex 90.6875 48.116 0
      vertex 90 46 0
      vertex 90.3924 47.6344 0
    endloop
  endfacet
  facet normal 0 0 -1
    outer loop
      vertex 90.3924 47.6344 0
      vertex 90 46 0
      vertex 90.1762 47.1125 0
    endloop
  endfacet
  facet normal 0 0 -1
    outer loop
      vertex 90.1762 47.1125 0
      vertex 90 46 0
      vertex 90.0443 46.5632 0
    endloop
  endfacet
  facet normal 0 0 -1
    outer loop
      vertex 89.1125 77.5762 0
      vertex 90 78.0164 0
      vertex 89.6344 77.7924 0
    endloop
  endfacet
  facet normal -0 0 -1
    outer loop
      vertex 90 78.0164 0
      vertex 88 77.4 0
      vertex 90 88.9836 0
    endloop
  endfacet
  facet normal 0 0 -1
    outer loop
      vertex 90 78.0164 0
      vertex 89.1125 77.5762 0
      vertex 88 77.4 0
    endloop
  endfacet
  facet normal 0 0 -1
    outer loop
      vertex 88 89.6 0
      vertex 90 88.9836 0
      vertex 88 77.4 0
    endloop
  endfacet
  facet normal 0 0 -1
    outer loop
      vertex 88 77.4 0
      vertex 89.1125 77.5762 0
      vertex 88.5632 77.4443 0
    endloop
  endfacet
  facet normal -0 -0 -1
    outer loop
      vertex 89.1125 89.4238 0
      vertex 90 88.9836 0
      vertex 88 89.6 0
    endloop
  endfacet
  facet normal 0 0 -1
    outer loop
      vertex 90 88.9836 0
      vertex 89.1125 89.4238 0
      vertex 89.6344 89.2076 0
    endloop
  endfacet
  facet normal 0 0 -1
    outer loop
      vertex 89.1125 89.4238 0
      vertex 88 89.6 0
      vertex 88.5632 89.5557 0
    endloop
  endfacet
  facet normal 0 0 -1
    outer loop
      vertex 78.3836 77.4 0
      vertex 88 89.6 0
      vertex 88 77.4 0
    endloop
  endfacet
  facet normal 0 0 -1
    outer loop
      vertex 75.4 -1.60001 0
      vertex 78.3125 -0.116028 0
      vertex 77.9456 -0.545578 0
    endloop
  endfacet
  facet normal 0 0 -1
    outer loop
      vertex 75.4 -1.60001 0
      vertex 77.9456 -0.545578 0
      vertex 77.516 -0.91246 0
    endloop
  endfacet
  facet normal 0 0 -1
    outer loop
      vertex 75.4 -1.60001 0
      vertex 77.516 -0.91246 0
      vertex 77.0344 -1.20763 0
    endloop
  endfacet
  facet normal 0 0 -1
    outer loop
      vertex 75.4 -1.60001 0
      vertex 77.0344 -1.20763 0
      vertex 76.5125 -1.4238 0
    endloop
  endfacet
  facet normal 0 0 -1
    outer loop
      vertex 75.4 -1.60001 0
      vertex 76.5125 -1.4238 0
      vertex 75.9632 -1.55568 0
    endloop
  endfacet
  facet normal 0 0 -1
    outer loop
      vertex 78.9557 75.9632 0
      vertex 78.3836 77.4 0
      vertex 78.8238 76.5125 0
    endloop
  endfacet
  facet normal 0 0 -1
    outer loop
      vertex -1.60001 75.4 0
      vertex 75.4 -1.60001 0
      vertex 2 -1.60001 0
    endloop
  endfacet
  facet normal 0 0 -1
    outer loop
      vertex 78.8238 76.5125 0
      vertex 78.3836 77.4 0
      vertex 78.6076 77.0344 0
    endloop
  endfacet
  facet normal 0 0 -1
    outer loop
      vertex 79 75.4 0
      vertex 78.3836 77.4 0
      vertex 78.9557 75.9632 0
    endloop
  endfacet
  facet normal 0 0 -1
    outer loop
      vertex -1.60001 2 0
      vertex 2 -1.60001 0
      vertex 1.43683 -1.55568 0
    endloop
  endfacet
  facet normal 0 0 -1
    outer loop
      vertex 78.3836 77.4 0
      vertex 2 89.6 0
      vertex 88 89.6 0
    endloop
  endfacet
  facet normal 0 0 -1
    outer loop
      vertex -1.60001 2 0
      vertex 1.43683 -1.55568 0
      vertex 0.887543 -1.4238 0
    endloop
  endfacet
  facet normal 0 0 -1
    outer loop
      vertex -1.60001 81 0
      vertex 2 89.6 0
      vertex -0.247694 78.2 0
    endloop
  endfacet
  facet normal 0 0 -1
    outer loop
      vertex -1.60001 2 0
      vertex 0.887543 -1.4238 0
      vertex 0.365631 -1.20763 0
    endloop
  endfacet
  facet normal 0 0 -1
    outer loop
      vertex -1.60001 86 0
      vertex 2 89.6 0
      vertex -1.60001 81 0
    endloop
  endfacet
  facet normal 0 0 -1
    outer loop
      vertex -1.60001 2 0
      vertex 0.365631 -1.20763 0
      vertex -0.116028 -0.91246 0
    endloop
  endfacet
  facet normal 0 0 -1
    outer loop
      vertex 2 89.6 0
      vertex -1.60001 86 0
      vertex 1.43683 89.5557 0
    endloop
  endfacet
  facet normal 0 0 -1
    outer loop
      vertex 1.43683 89.5557 0
      vertex -1.60001 86 0
      vertex 0.887543 89.4238 0
    endloop
  endfacet
  facet normal 0 0 -1
    outer loop
      vertex -1.60001 2 0
      vertex -0.116028 -0.91246 0
      vertex -0.545578 -0.545578 0
    endloop
  endfacet
  facet normal 0 0 -1
    outer loop
      vertex 2 -1.60001 0
      vertex -1.60001 2 0
      vertex -1.60001 75.4 0
    endloop
  endfacet
  facet normal 0 0 -1
    outer loop
      vertex -1.60001 2 0
      vertex -0.545578 -0.545578 0
      vertex -0.91246 -0.116028 0
    endloop
  endfacet
  facet normal 0 -0 -1
    outer loop
      vertex 2 89.6 0
      vertex 78.3836 77.4 0
      vertex -0.247694 78.2 0
    endloop
  endfacet
  facet normal 0 0 -1
    outer loop
      vertex -1.60001 2 0
      vertex -0.91246 -0.116028 0
      vertex -1.20763 0.365631 0
    endloop
  endfacet
  facet normal 0 -0 -1
    outer loop
      vertex -0.91246 77.516 0
      vertex -0.247694 78.2 0
      vertex -1.60001 75.4 0
    endloop
  endfacet
  facet normal 0 0 -1
    outer loop
      vertex -1.60001 2 0
      vertex -1.20763 0.365631 0
      vertex -1.4238 0.887543 0
    endloop
  endfacet
  facet normal 0 0 -1
    outer loop
      vertex -0.247694 78.2 0
      vertex -0.91246 77.516 0
      vertex -0.545578 77.9456 0
    endloop
  endfacet
  facet normal 0 0 -1
    outer loop
      vertex -1.60001 2 0
      vertex -1.4238 0.887543 0
      vertex -1.55568 1.43683 0
    endloop
  endfacet
  facet normal 0 0 -1
    outer loop
      vertex -0.91246 77.516 0
      vertex -1.60001 75.4 0
      vertex -1.20763 77.0344 0
    endloop
  endfacet
  facet normal 0 0 -1
    outer loop
      vertex -1.20763 77.0344 0
      vertex -1.60001 75.4 0
      vertex -1.4238 76.5125 0
    endloop
  endfacet
  facet normal 0 0 -1
    outer loop
      vertex -1.4238 76.5125 0
      vertex -1.60001 75.4 0
      vertex -1.55568 75.9632 0
    endloop
  endfacet
  facet normal 0 0 -1
    outer loop
      vertex 90.6875 49.484 0
      vertex 91.3523 48.8 0
      vertex 91.0544 49.0544 0
    endloop
  endfacet
  facet normal 0 0 -1
    outer loop
      vertex 93.0368 99.1557 0
      vertex 90 95.6 0
      vertex 92.4875 99.0238 0
    endloop
  endfacet
  facet normal 0 0 -1
    outer loop
      vertex 91.3523 48.8 0
      vertex 90.6875 49.484 0
      vertex 90 51.6 0
    endloop
  endfacet
  facet normal 0 0 -1
    outer loop
      vertex 92.4875 99.0238 0
      vertex 90 95.6 0
      vertex 91.9656 98.8076 0
    endloop
  endfacet
  facet normal 0 0 -1
    outer loop
      vertex 90 51.6 0
      vertex 90.6875 49.484 0
      vertex 90.3924 49.9656 0
    endloop
  endfacet
  facet normal 0 0 -1
    outer loop
      vertex 91.9656 98.8076 0
      vertex 90 95.6 0
      vertex 91.484 98.5125 0
    endloop
  endfacet
  facet normal 0 0 -1
    outer loop
      vertex 90 51.6 0
      vertex 90.3924 49.9656 0
      vertex 90.1762 50.4875 0
    endloop
  endfacet
  facet normal 0 0 -1
    outer loop
      vertex 91.484 98.5125 0
      vertex 90 95.6 0
      vertex 91.0544 98.1456 0
    endloop
  endfacet
  facet normal 0 0 -1
    outer loop
      vertex 90 51.6 0
      vertex 90.1762 50.4875 0
      vertex 90.0443 51.0368 0
    endloop
  endfacet
  facet normal 0 0 -1
    outer loop
      vertex 91.0544 98.1456 0
      vertex 90 95.6 0
      vertex 90.6875 97.716 0
    endloop
  endfacet
  facet normal 0 0 -1
    outer loop
      vertex 141.2 51.6 0
      vertex 90 51.6 0
      vertex 90 78.0164 0
    endloop
  endfacet
  facet normal 0 0 -1
    outer loop
      vertex 90.6875 97.716 0
      vertex 90 95.6 0
      vertex 90.3924 97.2344 0
    endloop
  endfacet
  facet normal 0 0 -1
    outer loop
      vertex 90.3924 97.2344 0
      vertex 90 95.6 0
      vertex 90.1762 96.7125 0
    endloop
  endfacet
  facet normal 0 0 -1
    outer loop
      vertex 90.1762 96.7125 0
      vertex 90 95.6 0
      vertex 90.0443 96.1632 0
    endloop
  endfacet
  facet normal 0 0 -1
    outer loop
      vertex -0.91246 78.884 0
      vertex -0.247694 78.2 0
      vertex -0.545578 78.4544 0
    endloop
  endfacet
  facet normal 0 0 -1
    outer loop
      vertex 0.887543 89.4238 0
      vertex -1.60001 86 0
      vertex 0.365631 89.2076 0
    endloop
  endfacet
  facet normal 0 0 -1
    outer loop
      vertex -0.247694 78.2 0
      vertex -0.91246 78.884 0
      vertex -1.60001 81 0
    endloop
  endfacet
  facet normal 0 0 -1
    outer loop
      vertex 0.365631 89.2076 0
      vertex -1.60001 86 0
      vertex -0.116028 88.9124 0
    endloop
  endfacet
  facet normal 0 0 -1
    outer loop
      vertex -1.60001 81 0
      vertex -0.91246 78.884 0
      vertex -1.20763 79.3656 0
    endloop
  endfacet
  facet normal 0 0 -1
    outer loop
      vertex -0.116028 88.9124 0
      vertex -1.60001 86 0
      vertex -0.545578 88.5456 0
    endloop
  endfacet
  facet normal 0 0 -1
    outer loop
      vertex -1.60001 81 0
      vertex -1.20763 79.3656 0
      vertex -1.4238 79.8875 0
    endloop
  endfacet
  facet normal 0 0 -1
    outer loop
      vertex -0.545578 88.5456 0
      vertex -1.60001 86 0
      vertex -0.91246 88.116 0
    endloop
  endfacet
  facet normal 0 0 -1
    outer loop
      vertex -1.60001 81 0
      vertex -1.4238 79.8875 0
      vertex -1.55568 80.4368 0
    endloop
  endfacet
  facet normal 0 0 -1
    outer loop
      vertex -0.91246 88.116 0
      vertex -1.60001 86 0
      vertex -1.20763 87.6344 0
    endloop
  endfacet
  facet normal 0 0 -1
    outer loop
      vertex -1.20763 87.6344 0
      vertex -1.60001 86 0
      vertex -1.4238 87.1124 0
    endloop
  endfacet
  facet normal 0 0 -1
    outer loop
      vertex -1.4238 87.1124 0
      vertex -1.60001 86 0
      vertex -1.55568 86.5632 0
    endloop
  endfacet
  facet normal 0.0784155 -0.996921 0
    outer loop
      vertex 88 77.4 0
      vertex 88.5632 77.4443 32.4
      vertex 88 77.4 32.4
    endloop
  endfacet
  facet normal 0.0784155 -0.996921 0
    outer loop
      vertex 88.5632 77.4443 32.4
      vertex 88 77.4 0
      vertex 88.5632 77.4443 0
    endloop
  endfacet
  facet normal 0.0784155 0.996921 -0
    outer loop
      vertex 88.5632 89.5557 0
      vertex 88 89.6 32.4
      vertex 88.5632 89.5557 32.4
    endloop
  endfacet
  facet normal 0.0784155 0.996921 0
    outer loop
      vertex 88 89.6 32.4
      vertex 88.5632 89.5557 0
      vertex 88 89.6 0
    endloop
  endfacet
  facet normal 0 1 -0
    outer loop
      vertex 88 89.6 0
      vertex 2 89.6 32.4
      vertex 88 89.6 32.4
    endloop
  endfacet
  facet normal 0 1 0
    outer loop
      vertex 2 89.6 32.4
      vertex 88 89.6 0
      vertex 2 89.6 0
    endloop
  endfacet
  facet normal -0.0784196 0.99692 0
    outer loop
      vertex 2 89.6 0
      vertex 1.43683 89.5557 32.4
      vertex 2 89.6 32.4
    endloop
  endfacet
  facet normal -0.0784196 0.99692 0
    outer loop
      vertex 1.43683 89.5557 32.4
      vertex 2 89.6 0
      vertex 1.43683 89.5557 0
    endloop
  endfacet
  facet normal -0.52242 -0.852688 0
    outer loop
      vertex -0.116028 78.0875 16.4
      vertex 0.365631 77.7924 32.4
      vertex -0.116028 78.0875 32.4
    endloop
  endfacet
  facet normal -0.52242 -0.852688 -0
    outer loop
      vertex 0.365631 77.7924 32.4
      vertex -0.116028 78.0875 16.4
      vertex 0.365631 77.7924 16.4
    endloop
  endfacet
  facet normal 0 -1 0
    outer loop
      vertex 75.4 77.4 17.4
      vertex 2 77.4 32.4
      vertex 2 77.4 17.4
    endloop
  endfacet
  facet normal 0 -1 0
    outer loop
      vertex 2 77.4 32.4
      vertex 75.4 77.4 17.4
      vertex 88 77.4 32.4
    endloop
  endfacet
  facet normal 0 -1 0
    outer loop
      vertex 78.3836 77.4 16.4
      vertex 75.4 77.4 17.4
      vertex 75.4 77.4 16.4
    endloop
  endfacet
  facet normal 0 -1 0
    outer loop
      vertex 75.4 77.4 17.4
      vertex 78.3836 77.4 16.4
      vertex 88 77.4 32.4
    endloop
  endfacet
  facet normal 0 -1 0
    outer loop
      vertex 88 77.4 0
      vertex 78.3836 77.4 16.4
      vertex 78.3836 77.4 0
    endloop
  endfacet
  facet normal 0 -1 0
    outer loop
      vertex 78.3836 77.4 16.4
      vertex 88 77.4 0
      vertex 88 77.4 32.4
    endloop
  endfacet
  facet normal 0 -1 0
    outer loop
      vertex 2 77.4 16.4
      vertex 75.4 77.4 17.4
      vertex 2 77.4 17.4
    endloop
  endfacet
  facet normal 0 -1 0
    outer loop
      vertex 2 77.4 16.4
      vertex 75.4 77.4 16.4
      vertex 75.4 77.4 17.4
    endloop
  endfacet
  facet normal 0 -1 0
    outer loop
      vertex 2 77.4 2.4
      vertex 75.4 77.4 16.4
      vertex 2 77.4 16.4
    endloop
  endfacet
  facet normal 0 -1 -0
    outer loop
      vertex 75.4 77.4 16.4
      vertex 2 77.4 2.4
      vertex 75.4 77.4 2.4
    endloop
  endfacet
  facet normal -0.996917 0.0784682 0
    outer loop
      vertex -1.60001 86 0
      vertex -1.55568 86.5632 32.4
      vertex -1.55568 86.5632 0
    endloop
  endfacet
  facet normal -0.996917 0.0784682 0
    outer loop
      vertex -1.55568 86.5632 32.4
      vertex -1.60001 86 0
      vertex -1.60001 86 32.4
    endloop
  endfacet
  facet normal -0.649376 0.760467 0
    outer loop
      vertex -0.116028 88.9124 0
      vertex -0.545578 88.5456 32.4
      vertex -0.116028 88.9124 32.4
    endloop
  endfacet
  facet normal -0.649376 0.760467 0
    outer loop
      vertex -0.545578 88.5456 32.4
      vertex -0.116028 88.9124 0
      vertex -0.545578 88.5456 0
    endloop
  endfacet
  facet normal -0.0784196 -0.99692 0
    outer loop
      vertex 1.43683 77.4443 32.4
      vertex 2 77.4 17.4
      vertex 2 77.4 32.4
    endloop
  endfacet
  facet normal -0.0784196 -0.99692 0
    outer loop
      vertex 1.43683 77.4443 16.4
      vertex 2 77.4 17.4
      vertex 1.43683 77.4443 32.4
    endloop
  endfacet
  facet normal -0.0784196 -0.99692 -0
    outer loop
      vertex 2 77.4 17.4
      vertex 1.43683 77.4443 16.4
      vertex 2 77.4 16.4
    endloop
  endfacet
  facet normal -1 0 0
    outer loop
      vertex -1.60001 81 0
      vertex -1.60001 86 32.4
      vertex -1.60001 86 0
    endloop
  endfacet
  facet normal -1 -0 0
    outer loop
      vertex -1.60001 86 32.4
      vertex -1.60001 81 0
      vertex -1.60001 81 32.4
    endloop
  endfacet
  facet normal -0.649478 -0.76038 -1.78341e-06
    outer loop
      vertex -0.545578 78.4544 32.4
      vertex -0.247694 78.2 16.4
      vertex -0.116028 78.0875 32.4
    endloop
  endfacet
  facet normal -0.649423 -0.760427 0
    outer loop
      vertex -0.545578 78.4544 0
      vertex -0.247694 78.2 16.4
      vertex -0.545578 78.4544 32.4
    endloop
  endfacet
  facet normal -0.649423 -0.760427 -0
    outer loop
      vertex -0.247694 78.2 16.4
      vertex -0.545578 78.4544 0
      vertex -0.247694 78.2 0
    endloop
  endfacet
  facet normal -0.649604 -0.760273 -0
    outer loop
      vertex -0.116028 78.0875 32.4
      vertex -0.247694 78.2 16.4
      vertex -0.116028 78.0875 16.4
    endloop
  endfacet
  facet normal -0.522549 0.852609 0
    outer loop
      vertex 0.365631 89.2076 0
      vertex -0.116028 88.9124 32.4
      vertex 0.365631 89.2076 32.4
    endloop
  endfacet
  facet normal -0.522549 0.852609 0
    outer loop
      vertex -0.116028 88.9124 32.4
      vertex 0.365631 89.2076 0
      vertex -0.116028 88.9124 0
    endloop
  endfacet
  facet normal -0.996917 -0.0784682 0
    outer loop
      vertex -1.55568 80.4368 0
      vertex -1.60001 81 32.4
      vertex -1.60001 81 0
    endloop
  endfacet
  facet normal -0.996917 -0.0784682 0
    outer loop
      vertex -1.60001 81 32.4
      vertex -1.55568 80.4368 0
      vertex -1.55568 80.4368 32.4
    endloop
  endfacet
  facet normal -0.382709 -0.923869 0
    outer loop
      vertex 0.365631 77.7924 16.4
      vertex 0.887543 77.5762 32.4
      vertex 0.365631 77.7924 32.4
    endloop
  endfacet
  facet normal -0.382709 -0.923869 -0
    outer loop
      vertex 0.887543 77.5762 32.4
      vertex 0.365631 77.7924 16.4
      vertex 0.887543 77.5762 16.4
    endloop
  endfacet
  facet normal -0.760433 0.649416 0
    outer loop
      vertex -0.91246 88.116 0
      vertex -0.545578 88.5456 32.4
      vertex -0.545578 88.5456 0
    endloop
  endfacet
  facet normal -0.760433 0.649416 0
    outer loop
      vertex -0.545578 88.5456 32.4
      vertex -0.91246 88.116 0
      vertex -0.91246 88.116 32.4
    endloop
  endfacet
  facet normal -0.852605 0.522557 0
    outer loop
      vertex -1.20763 87.6344 0
      vertex -0.91246 88.116 32.4
      vertex -0.91246 88.116 0
    endloop
  endfacet
  facet normal -0.852605 0.522557 0
    outer loop
      vertex -0.91246 88.116 32.4
      vertex -1.20763 87.6344 0
      vertex -1.20763 87.6344 32.4
    endloop
  endfacet
  facet normal 0.233487 0.97236 -0
    outer loop
      vertex 89.1125 89.4238 0
      vertex 88.5632 89.5557 32.4
      vertex 89.1125 89.4238 32.4
    endloop
  endfacet
  facet normal 0.233487 0.97236 0
    outer loop
      vertex 88.5632 89.5557 32.4
      vertex 89.1125 89.4238 0
      vertex 88.5632 89.5557 0
    endloop
  endfacet
  facet normal -0.972368 -0.233453 0
    outer loop
      vertex -1.4238 79.8875 0
      vertex -1.55568 80.4368 32.4
      vertex -1.55568 80.4368 0
    endloop
  endfacet
  facet normal -0.972368 -0.233453 0
    outer loop
      vertex -1.55568 80.4368 32.4
      vertex -1.4238 79.8875 0
      vertex -1.4238 79.8875 32.4
    endloop
  endfacet
  facet normal -0.382709 0.923869 0
    outer loop
      vertex 0.887543 89.4238 0
      vertex 0.365631 89.2076 32.4
      vertex 0.887543 89.4238 32.4
    endloop
  endfacet
  facet normal -0.382709 0.923869 0
    outer loop
      vertex 0.365631 89.2076 32.4
      vertex 0.887543 89.4238 0
      vertex 0.365631 89.2076 0
    endloop
  endfacet
  facet normal -0.233492 -0.972359 0
    outer loop
      vertex 0.887543 77.5762 16.4
      vertex 1.43683 77.4443 32.4
      vertex 0.887543 77.5762 32.4
    endloop
  endfacet
  facet normal -0.233492 -0.972359 -0
    outer loop
      vertex 1.43683 77.4443 32.4
      vertex 0.887543 77.5762 16.4
      vertex 1.43683 77.4443 16.4
    endloop
  endfacet
  facet normal -0.852605 -0.522557 0
    outer loop
      vertex -0.91246 78.884 0
      vertex -1.20763 79.3656 32.4
      vertex -1.20763 79.3656 0
    endloop
  endfacet
  facet normal -0.852605 -0.522557 0
    outer loop
      vertex -1.20763 79.3656 32.4
      vertex -0.91246 78.884 0
      vertex -0.91246 78.884 32.4
    endloop
  endfacet
  facet normal -0.760433 -0.649416 0
    outer loop
      vertex -0.545578 78.4544 0
      vertex -0.91246 78.884 32.4
      vertex -0.91246 78.884 0
    endloop
  endfacet
  facet normal -0.760433 -0.649416 0
    outer loop
      vertex -0.91246 78.884 32.4
      vertex -0.545578 78.4544 0
      vertex -0.545578 78.4544 32.4
    endloop
  endfacet
  facet normal -0.92391 0.382609 0
    outer loop
      vertex -1.4238 87.1124 0
      vertex -1.20763 87.6344 32.4
      vertex -1.20763 87.6344 0
    endloop
  endfacet
  facet normal -0.92391 0.382609 0
    outer loop
      vertex -1.20763 87.6344 32.4
      vertex -1.4238 87.1124 0
      vertex -1.4238 87.1124 32.4
    endloop
  endfacet
  facet normal 0 0 1
    outer loop
      vertex 90 88.9836 32.4
      vertex 89.9754 86.3129 32.4
      vertex 90 86.0001 32.4
    endloop
  endfacet
  facet normal 0 0 1
    outer loop
      vertex 90 88.9836 32.4
      vertex 89.9021 86.618 32.4
      vertex 89.9754 86.3129 32.4
    endloop
  endfacet
  facet normal 0 0 1
    outer loop
      vertex 90 88.9836 32.4
      vertex 89.782 86.908 32.4
      vertex 89.9021 86.618 32.4
    endloop
  endfacet
  facet normal 0 0 1
    outer loop
      vertex 88.908 87.782 32.4
      vertex 90 88.9836 32.4
      vertex 89.6344 89.2076 32.4
    endloop
  endfacet
  facet normal 0 0 1
    outer loop
      vertex 90 88.9836 32.4
      vertex 89.618 87.1756 32.4
      vertex 89.782 86.908 32.4
    endloop
  endfacet
  facet normal 0 0 1
    outer loop
      vertex 90 88.9836 32.4
      vertex 89.4142 87.4142 32.4
      vertex 89.618 87.1756 32.4
    endloop
  endfacet
  facet normal 0 0 1
    outer loop
      vertex 90 88.9836 32.4
      vertex 89.1756 87.618 32.4
      vertex 89.4142 87.4142 32.4
    endloop
  endfacet
  facet normal 0 0 1
    outer loop
      vertex 88.908 87.782 32.4
      vertex 89.6344 89.2076 32.4
      vertex 89.1125 89.4238 32.4
    endloop
  endfacet
  facet normal 0 0 1
    outer loop
      vertex 90 88.9836 32.4
      vertex 88.908 87.782 32.4
      vertex 89.1756 87.618 32.4
    endloop
  endfacet
  facet normal 0 0 1
    outer loop
      vertex 89.1125 89.4238 32.4
      vertex 88.618 87.9021 32.4
      vertex 88.908 87.782 32.4
    endloop
  endfacet
  facet normal 0 0 1
    outer loop
      vertex 88.5632 89.5557 32.4
      vertex 88.618 87.9021 32.4
      vertex 89.1125 89.4238 32.4
    endloop
  endfacet
  facet normal 0 0 1
    outer loop
      vertex 88.5632 89.5557 32.4
      vertex 88.3129 87.9754 32.4
      vertex 88.618 87.9021 32.4
    endloop
  endfacet
  facet normal 0 0 1
    outer loop
      vertex 88 89.6 32.4
      vertex 88.3129 87.9754 32.4
      vertex 88.5632 89.5557 32.4
    endloop
  endfacet
  facet normal 0 0 1
    outer loop
      vertex 88 89.6 32.4
      vertex 88 88 32.4
      vertex 88.3129 87.9754 32.4
    endloop
  endfacet
  facet normal -0 0 1
    outer loop
      vertex 2 89.6 32.4
      vertex 88 88 32.4
      vertex 88 89.6 32.4
    endloop
  endfacet
  facet normal 0 0 1
    outer loop
      vertex 2 89.6 32.4
      vertex 2 88 32.4
      vertex 88 88 32.4
    endloop
  endfacet
  facet normal 0 0 1
    outer loop
      vertex 2 89.6 32.4
      vertex 1.68713 87.9754 32.4
      vertex 2 88 32.4
    endloop
  endfacet
  facet normal -0 0 1
    outer loop
      vertex 1.43683 89.5557 32.4
      vertex 1.68713 87.9754 32.4
      vertex 2 89.6 32.4
    endloop
  endfacet
  facet normal 0 0 1
    outer loop
      vertex 1.43683 89.5557 32.4
      vertex 1.38197 87.9021 32.4
      vertex 1.68713 87.9754 32.4
    endloop
  endfacet
  facet normal -0 0 1
    outer loop
      vertex 0.887543 89.4238 32.4
      vertex 1.38197 87.9021 32.4
      vertex 1.43683 89.5557 32.4
    endloop
  endfacet
  facet normal 0 0 1
    outer loop
      vertex 1.38197 87.9021 32.4
      vertex 0.887543 89.4238 32.4
      vertex 1.09203 87.782 32.4
    endloop
  endfacet
  facet normal -0 0 1
    outer loop
      vertex 0.365631 89.2076 32.4
      vertex 1.09203 87.782 32.4
      vertex 0.887543 89.4238 32.4
    endloop
  endfacet
  facet normal 0 0 1
    outer loop
      vertex 1.09203 87.782 32.4
      vertex 0.365631 89.2076 32.4
      vertex 0.824432 87.618 32.4
    endloop
  endfacet
  facet normal -0 0 1
    outer loop
      vertex -0.116028 88.9124 32.4
      vertex 0.824432 87.618 32.4
      vertex 0.365631 89.2076 32.4
    endloop
  endfacet
  facet normal 0 0 1
    outer loop
      vertex 0.824432 87.618 32.4
      vertex -0.116028 88.9124 32.4
      vertex 0.585785 87.4142 32.4
    endloop
  endfacet
  facet normal -0 0 1
    outer loop
      vertex -0.545578 88.5456 32.4
      vertex 0.585785 87.4142 32.4
      vertex -0.116028 88.9124 32.4
    endloop
  endfacet
  facet normal 0 0 1
    outer loop
      vertex 0.585785 87.4142 32.4
      vertex -0.545578 88.5456 32.4
      vertex 0.381973 87.1756 32.4
    endloop
  endfacet
  facet normal -0 0 1
    outer loop
      vertex -0.91246 88.116 32.4
      vertex 0.381973 87.1756 32.4
      vertex -0.545578 88.5456 32.4
    endloop
  endfacet
  facet normal 0 0 1
    outer loop
      vertex 0.217987 86.908 32.4
      vertex -1.20763 87.6344 32.4
      vertex 0.0978851 86.618 32.4
    endloop
  endfacet
  facet normal -0 0 1
    outer loop
      vertex -1.20763 87.6344 32.4
      vertex 0.217987 86.908 32.4
      vertex -0.91246 88.116 32.4
    endloop
  endfacet
  facet normal 0 0 1
    outer loop
      vertex 0.381973 87.1756 32.4
      vertex -0.91246 88.116 32.4
      vertex 0.217987 86.908 32.4
    endloop
  endfacet
  facet normal -0 0 1
    outer loop
      vertex 89.9754 80.6871 32.4
      vertex 90 78.0164 32.4
      vertex 90 80.9999 32.4
    endloop
  endfacet
  facet normal -0 0 1
    outer loop
      vertex 89.9021 80.382 32.4
      vertex 90 78.0164 32.4
      vertex 89.9754 80.6871 32.4
    endloop
  endfacet
  facet normal -0 0 1
    outer loop
      vertex 89.782 80.092 32.4
      vertex 90 78.0164 32.4
      vertex 89.9021 80.382 32.4
    endloop
  endfacet
  facet normal -0 0 1
    outer loop
      vertex 89.618 79.8244 32.4
      vertex 90 78.0164 32.4
      vertex 89.782 80.092 32.4
    endloop
  endfacet
  facet normal -0 0 1
    outer loop
      vertex 89.4142 79.5858 32.4
      vertex 90 78.0164 32.4
      vertex 89.618 79.8244 32.4
    endloop
  endfacet
  facet normal -0 0 1
    outer loop
      vertex 89.1756 79.382 32.4
      vertex 90 78.0164 32.4
      vertex 89.4142 79.5858 32.4
    endloop
  endfacet
  facet normal -0 0 1
    outer loop
      vertex 88.908 79.218 32.4
      vertex 90 78.0164 32.4
      vertex 89.1756 79.382 32.4
    endloop
  endfacet
  facet normal 0 0 1
    outer loop
      vertex 90 78.0164 32.4
      vertex 88.908 79.218 32.4
      vertex 89.6344 77.7924 32.4
    endloop
  endfacet
  facet normal 0 0 1
    outer loop
      vertex 89.6344 77.7924 32.4
      vertex 88.908 79.218 32.4
      vertex 89.1125 77.5762 32.4
    endloop
  endfacet
  facet normal -0 0 1
    outer loop
      vertex 88.618 79.0979 32.4
      vertex 89.1125 77.5762 32.4
      vertex 88.908 79.218 32.4
    endloop
  endfacet
  facet normal 0 0 1
    outer loop
      vertex 88.618 79.0979 32.4
      vertex 88.5632 77.4443 32.4
      vertex 89.1125 77.5762 32.4
    endloop
  endfacet
  facet normal -0 0 1
    outer loop
      vertex 88.3129 79.0246 32.4
      vertex 88.5632 77.4443 32.4
      vertex 88.618 79.0979 32.4
    endloop
  endfacet
  facet normal -0 0 1
    outer loop
      vertex 88 79 32.4
      vertex 88.5632 77.4443 32.4
      vertex 88.3129 79.0246 32.4
    endloop
  endfacet
  facet normal 0 0 1
    outer loop
      vertex 88 79 32.4
      vertex 88 77.4 32.4
      vertex 88.5632 77.4443 32.4
    endloop
  endfacet
  facet normal -0 0 1
    outer loop
      vertex 2 79 32.4
      vertex 88 77.4 32.4
      vertex 88 79 32.4
    endloop
  endfacet
  facet normal 0 0 1
    outer loop
      vertex 2 79 32.4
      vertex 2 77.4 32.4
      vertex 88 77.4 32.4
    endloop
  endfacet
  facet normal 0 0 1
    outer loop
      vertex 1.68713 79.0246 32.4
      vertex 2 77.4 32.4
      vertex 2 79 32.4
    endloop
  endfacet
  facet normal 0 0 1
    outer loop
      vertex 1.68713 79.0246 32.4
      vertex 1.43683 77.4443 32.4
      vertex 2 77.4 32.4
    endloop
  endfacet
  facet normal 0 0 1
    outer loop
      vertex 1.38197 79.0979 32.4
      vertex 1.43683 77.4443 32.4
      vertex 1.68713 79.0246 32.4
    endloop
  endfacet
  facet normal 0 0 1
    outer loop
      vertex 0.887543 77.5762 32.4
      vertex 1.38197 79.0979 32.4
      vertex 1.09203 79.218 32.4
    endloop
  endfacet
  facet normal 0 0 1
    outer loop
      vertex 1.38197 79.0979 32.4
      vertex 0.887543 77.5762 32.4
      vertex 1.43683 77.4443 32.4
    endloop
  endfacet
  facet normal 0 0 1
    outer loop
      vertex 0.365631 77.7924 32.4
      vertex 1.09203 79.218 32.4
      vertex 0.824432 79.382 32.4
    endloop
  endfacet
  facet normal 0 0 1
    outer loop
      vertex -0.116028 78.0875 32.4
      vertex 0.824432 79.382 32.4
      vertex 0.585785 79.5858 32.4
    endloop
  endfacet
  facet normal 0 0 1
    outer loop
      vertex -0.545578 78.4544 32.4
      vertex 0.585785 79.5858 32.4
      vertex 0.381973 79.8244 32.4
    endloop
  endfacet
  facet normal 0 0 1
    outer loop
      vertex 1.09203 79.218 32.4
      vertex 0.365631 77.7924 32.4
      vertex 0.887543 77.5762 32.4
    endloop
  endfacet
  facet normal 0 0 1
    outer loop
      vertex -0.91246 78.884 32.4
      vertex 0.381973 79.8244 32.4
      vertex 0.217987 80.092 32.4
    endloop
  endfacet
  facet normal 0 0 1
    outer loop
      vertex -1.20763 79.3656 32.4
      vertex 0.217987 80.092 32.4
      vertex 0.0978851 80.382 32.4
    endloop
  endfacet
  facet normal 0 0 1
    outer loop
      vertex -1.4238 79.8875 32.4
      vertex 0.0978851 80.382 32.4
      vertex 0.0246277 80.6871 32.4
    endloop
  endfacet
  facet normal 0 0 1
    outer loop
      vertex 0.824432 79.382 32.4
      vertex -0.116028 78.0875 32.4
      vertex 0.365631 77.7924 32.4
    endloop
  endfacet
  facet normal 0 0 1
    outer loop
      vertex -1.55568 80.4368 32.4
      vertex 0.0246277 80.6871 32.4
      vertex 0 81 32.4
    endloop
  endfacet
  facet normal 0 0 1
    outer loop
      vertex 0 86 32.4
      vertex -1.60001 86 32.4
      vertex 0 81 32.4
    endloop
  endfacet
  facet normal -0 0 1
    outer loop
      vertex -1.4238 87.1124 32.4
      vertex 0.0978851 86.618 32.4
      vertex -1.20763 87.6344 32.4
    endloop
  endfacet
  facet normal 0 0 1
    outer loop
      vertex -1.60001 81 32.4
      vertex 0 81 32.4
      vertex -1.60001 86 32.4
    endloop
  endfacet
  facet normal 0 0 1
    outer loop
      vertex 0.0978851 86.618 32.4
      vertex -1.4238 87.1124 32.4
      vertex 0.0246277 86.3129 32.4
    endloop
  endfacet
  facet normal 0 -0 1
    outer loop
      vertex -1.55568 80.4368 32.4
      vertex 0 81 32.4
      vertex -1.60001 81 32.4
    endloop
  endfacet
  facet normal -0 0 1
    outer loop
      vertex -1.55568 86.5632 32.4
      vertex 0.0246277 86.3129 32.4
      vertex -1.4238 87.1124 32.4
    endloop
  endfacet
  facet normal 0 0 1
    outer loop
      vertex 0.585785 79.5858 32.4
      vertex -0.545578 78.4544 32.4
      vertex -0.116028 78.0875 32.4
    endloop
  endfacet
  facet normal 0 0 1
    outer loop
      vertex 0.0246277 86.3129 32.4
      vertex -1.55568 86.5632 32.4
      vertex 0 86 32.4
    endloop
  endfacet
  facet normal 0 0 1
    outer loop
      vertex 0.381973 79.8244 32.4
      vertex -0.91246 78.884 32.4
      vertex -0.545578 78.4544 32.4
    endloop
  endfacet
  facet normal 0 0 1
    outer loop
      vertex 0 86 32.4
      vertex -1.55568 86.5632 32.4
      vertex -1.60001 86 32.4
    endloop
  endfacet
  facet normal 0 0 1
    outer loop
      vertex 0.217987 80.092 32.4
      vertex -1.20763 79.3656 32.4
      vertex -0.91246 78.884 32.4
    endloop
  endfacet
  facet normal 0 0 1
    outer loop
      vertex 0.0978851 80.382 32.4
      vertex -1.4238 79.8875 32.4
      vertex -1.20763 79.3656 32.4
    endloop
  endfacet
  facet normal 0 0 1
    outer loop
      vertex 0.0246277 80.6871 32.4
      vertex -1.55568 80.4368 32.4
      vertex -1.4238 79.8875 32.4
    endloop
  endfacet
  facet normal 0.522431 0.852682 -0
    outer loop
      vertex 90 88.9836 0
      vertex 89.6344 89.2076 32.4
      vertex 90 88.9836 32.4
    endloop
  endfacet
  facet normal 0.522431 0.852682 0
    outer loop
      vertex 89.6344 89.2076 32.4
      vertex 90 88.9836 0
      vertex 89.6344 89.2076 0
    endloop
  endfacet
  facet normal -0.233492 0.972359 0
    outer loop
      vertex 1.43683 89.5557 0
      vertex 0.887543 89.4238 32.4
      vertex 1.43683 89.5557 32.4
    endloop
  endfacet
  facet normal -0.233492 0.972359 0
    outer loop
      vertex 0.887543 89.4238 32.4
      vertex 1.43683 89.5557 0
      vertex 0.887543 89.4238 0
    endloop
  endfacet
  facet normal -0.972358 0.233493 0
    outer loop
      vertex -1.55568 86.5632 0
      vertex -1.4238 87.1124 32.4
      vertex -1.4238 87.1124 0
    endloop
  endfacet
  facet normal -0.972358 0.233493 0
    outer loop
      vertex -1.4238 87.1124 32.4
      vertex -1.55568 86.5632 0
      vertex -1.55568 86.5632 32.4
    endloop
  endfacet
  facet normal -0.923885 -0.382671 0
    outer loop
      vertex -1.20763 79.3656 0
      vertex -1.4238 79.8875 32.4
      vertex -1.4238 79.8875 0
    endloop
  endfacet
  facet normal -0.923885 -0.382671 0
    outer loop
      vertex -1.4238 79.8875 32.4
      vertex -1.20763 79.3656 0
      vertex -1.20763 79.3656 32.4
    endloop
  endfacet
  facet normal 0.382717 -0.923866 0
    outer loop
      vertex 89.1125 77.5762 0
      vertex 89.6344 77.7924 32.4
      vertex 89.1125 77.5762 32.4
    endloop
  endfacet
  facet normal 0.382717 -0.923866 0
    outer loop
      vertex 89.6344 77.7924 32.4
      vertex 89.1125 77.5762 0
      vertex 89.6344 77.7924 0
    endloop
  endfacet
  facet normal 0.382717 0.923866 -0
    outer loop
      vertex 89.6344 89.2076 0
      vertex 89.1125 89.4238 32.4
      vertex 89.6344 89.2076 32.4
    endloop
  endfacet
  facet normal 0.382717 0.923866 0
    outer loop
      vertex 89.1125 89.4238 32.4
      vertex 89.6344 89.2076 0
      vertex 89.1125 89.4238 0
    endloop
  endfacet
  facet normal 0.233487 -0.97236 0
    outer loop
      vertex 88.5632 77.4443 0
      vertex 89.1125 77.5762 32.4
      vertex 88.5632 77.4443 32.4
    endloop
  endfacet
  facet normal 0.233487 -0.97236 0
    outer loop
      vertex 89.1125 77.5762 32.4
      vertex 88.5632 77.4443 0
      vertex 89.1125 77.5762 0
    endloop
  endfacet
  facet normal 0.522431 -0.852682 0
    outer loop
      vertex 89.6344 77.7924 0
      vertex 90 78.0164 32.4
      vertex 89.6344 77.7924 32.4
    endloop
  endfacet
  facet normal 0.522431 -0.852682 0
    outer loop
      vertex 90 78.0164 32.4
      vertex 89.6344 77.7924 0
      vertex 90 78.0164 0
    endloop
  endfacet
  facet normal 0.0784959 -0.996914 0
    outer loop
      vertex 137.6 -1.60001 0
      vertex 138.163 -1.55568 92.4
      vertex 137.6 -1.60001 92.4
    endloop
  endfacet
  facet normal 0.0784959 -0.996914 0
    outer loop
      vertex 138.163 -1.55568 92.4
      vertex 137.6 -1.60001 0
      vertex 138.163 -1.55568 0
    endloop
  endfacet
  facet normal -0.923866 0.382717 0
    outer loop
      vertex 90.1762 47.1125 0
      vertex 90.3924 47.6344 92.4
      vertex 90.3924 47.6344 0
    endloop
  endfacet
  facet normal -0.923866 0.382717 0
    outer loop
      vertex 90.3924 47.6344 92.4
      vertex 90.1762 47.1125 0
      vertex 90.1762 47.1125 92.4
    endloop
  endfacet
  facet normal 1 -0 0
    outer loop
      vertex 141.2 2 92.4
      vertex 141.2 46 0
      vertex 141.2 46 92.4
    endloop
  endfacet
  facet normal 1 0 0
    outer loop
      vertex 141.2 46 0
      vertex 141.2 2 92.4
      vertex 141.2 2 0
    endloop
  endfacet
  facet normal 0.761204 0.648512 0
    outer loop
      vertex 140.512 48.116 92.4
      vertex 140.146 48.5456 0
      vertex 140.146 48.5456 92.4
    endloop
  endfacet
  facet normal 0.761204 0.648512 0
    outer loop
      vertex 140.146 48.5456 0
      vertex 140.512 48.116 92.4
      vertex 140.512 48.116 0
    endloop
  endfacet
  facet normal -1 0 0
    outer loop
      vertex 90 2 0
      vertex 90 46 92.4
      vertex 90 46 0
    endloop
  endfacet
  facet normal -1 -0 0
    outer loop
      vertex 90 46 92.4
      vertex 90 2 0
      vertex 90 2 92.4
    endloop
  endfacet
  facet normal -0.522467 0.85266 0
    outer loop
      vertex 91.9656 49.2076 82.4
      vertex 91.484 48.9125 92.4
      vertex 91.9656 49.2076 92.4
    endloop
  endfacet
  facet normal -0.522467 0.85266 0
    outer loop
      vertex 91.484 48.9125 92.4
      vertex 91.9656 49.2076 82.4
      vertex 91.484 48.9125 82.4
    endloop
  endfacet
  facet normal 0.761167 -0.648556 0
    outer loop
      vertex 140.146 -0.545578 92.4
      vertex 140.512 -0.116028 0
      vertex 140.512 -0.116028 92.4
    endloop
  endfacet
  facet normal 0.761167 -0.648556 0
    outer loop
      vertex 140.512 -0.116028 0
      vertex 140.146 -0.545578 92.4
      vertex 140.146 -0.545578 0
    endloop
  endfacet
  facet normal -0.233453 -0.972368 0
    outer loop
      vertex 92.4875 -1.4238 0
      vertex 93.0368 -1.55568 92.4
      vertex 92.4875 -1.4238 92.4
    endloop
  endfacet
  facet normal -0.233453 -0.972368 -0
    outer loop
      vertex 93.0368 -1.55568 92.4
      vertex 92.4875 -1.4238 0
      vertex 93.0368 -1.55568 0
    endloop
  endfacet
  facet normal -0.99692 -0.0784196 0
    outer loop
      vertex 90.0443 1.43683 0
      vertex 90 2 92.4
      vertex 90 2 0
    endloop
  endfacet
  facet normal -0.99692 -0.0784196 0
    outer loop
      vertex 90 2 92.4
      vertex 90.0443 1.43683 0
      vertex 90.0443 1.43683 92.4
    endloop
  endfacet
  facet normal 0.97232 0.233654 0
    outer loop
      vertex 141.156 46.5632 92.4
      vertex 141.024 47.1125 0
      vertex 141.024 47.1125 92.4
    endloop
  endfacet
  facet normal 0.97232 0.233654 0
    outer loop
      vertex 141.024 47.1125 0
      vertex 141.156 46.5632 92.4
      vertex 141.156 46.5632 0
    endloop
  endfacet
  facet normal 0 -1 0
    outer loop
      vertex 93.6 -1.60001 0
      vertex 137.6 -1.60001 92.4
      vertex 93.6 -1.60001 92.4
    endloop
  endfacet
  facet normal 0 -1 -0
    outer loop
      vertex 137.6 -1.60001 92.4
      vertex 93.6 -1.60001 0
      vertex 137.6 -1.60001 0
    endloop
  endfacet
  facet normal 0.85195 0.523624 0
    outer loop
      vertex 140.808 47.6344 92.4
      vertex 140.512 48.116 0
      vertex 140.512 48.116 92.4
    endloop
  endfacet
  facet normal 0.85195 0.523624 0
    outer loop
      vertex 140.512 48.116 0
      vertex 140.808 47.6344 92.4
      vertex 140.808 47.6344 0
    endloop
  endfacet
  facet normal -0.996921 0.0784155 0
    outer loop
      vertex 90 46 0
      vertex 90.0443 46.5632 92.4
      vertex 90.0443 46.5632 0
    endloop
  endfacet
  facet normal -0.996921 0.0784155 0
    outer loop
      vertex 90.0443 46.5632 92.4
      vertex 90 46 0
      vertex 90 46 92.4
    endloop
  endfacet
  facet normal 0 1 -0
    outer loop
      vertex 137.6 49.6 83.4
      vertex 93.6 49.6 92.4
      vertex 137.6 49.6 92.4
    endloop
  endfacet
  facet normal 0 1 0
    outer loop
      vertex 93.6 49.6 92.4
      vertex 137.6 49.6 83.4
      vertex 93.6 49.6 83.4
    endloop
  endfacet
  facet normal -0.97236 0.233487 0
    outer loop
      vertex 90.0443 46.5632 0
      vertex 90.1762 47.1125 92.4
      vertex 90.1762 47.1125 0
    endloop
  endfacet
  facet normal -0.97236 0.233487 0
    outer loop
      vertex 90.1762 47.1125 92.4
      vertex 90.0443 46.5632 0
      vertex 90.0443 46.5632 92.4
    endloop
  endfacet
  facet normal -0.760417 0.649435 0
    outer loop
      vertex 90.6875 48.116 0
      vertex 91.0544 48.5456 92.4
      vertex 91.0544 48.5456 0
    endloop
  endfacet
  facet normal -0.760417 0.649435 0
    outer loop
      vertex 91.0544 48.5456 92.4
      vertex 90.6875 48.116 0
      vertex 90.6875 48.116 92.4
    endloop
  endfacet
  facet normal -0.852688 -0.52242 0
    outer loop
      vertex 90.6875 -0.116028 0
      vertex 90.3924 0.365631 92.4
      vertex 90.3924 0.365631 0
    endloop
  endfacet
  facet normal -0.852688 -0.52242 0
    outer loop
      vertex 90.3924 0.365631 92.4
      vertex 90.6875 -0.116028 0
      vertex 90.6875 -0.116028 92.4
    endloop
  endfacet
  facet normal 0.522241 -0.852798 0
    outer loop
      vertex 139.234 -1.20763 0
      vertex 139.716 -0.91246 92.4
      vertex 139.234 -1.20763 92.4
    endloop
  endfacet
  facet normal 0.522241 -0.852798 0
    outer loop
      vertex 139.716 -0.91246 92.4
      vertex 139.234 -1.20763 0
      vertex 139.716 -0.91246 0
    endloop
  endfacet
  facet normal -0.76038 -0.649478 0
    outer loop
      vertex 91.0544 -0.545578 0
      vertex 90.6875 -0.116028 92.4
      vertex 90.6875 -0.116028 0
    endloop
  endfacet
  facet normal -0.76038 -0.649478 0
    outer loop
      vertex 90.6875 -0.116028 92.4
      vertex 91.0544 -0.545578 0
      vertex 91.0544 -0.545578 92.4
    endloop
  endfacet
  facet normal -0.522557 -0.852605 0
    outer loop
      vertex 91.484 -0.91246 0
      vertex 91.9656 -1.20763 92.4
      vertex 91.484 -0.91246 92.4
    endloop
  endfacet
  facet normal -0.522557 -0.852605 -0
    outer loop
      vertex 91.9656 -1.20763 92.4
      vertex 91.484 -0.91246 0
      vertex 91.9656 -1.20763 0
    endloop
  endfacet
  facet normal -0.382671 -0.923885 0
    outer loop
      vertex 91.9656 -1.20763 0
      vertex 92.4875 -1.4238 92.4
      vertex 91.9656 -1.20763 92.4
    endloop
  endfacet
  facet normal -0.382671 -0.923885 -0
    outer loop
      vertex 92.4875 -1.4238 92.4
      vertex 91.9656 -1.20763 0
      vertex 92.4875 -1.4238 0
    endloop
  endfacet
  facet normal -0.0784682 -0.996917 0
    outer loop
      vertex 93.0368 -1.55568 0
      vertex 93.6 -1.60001 92.4
      vertex 93.0368 -1.55568 92.4
    endloop
  endfacet
  facet normal -0.0784682 -0.996917 -0
    outer loop
      vertex 93.6 -1.60001 92.4
      vertex 93.0368 -1.55568 0
      vertex 93.6 -1.60001 0
    endloop
  endfacet
  facet normal -0.0784155 0.996921 0
    outer loop
      vertex 93.6 49.6 92.4
      vertex 93.6 49.6 83.4
      vertex 93.0368 49.5557 92.4
    endloop
  endfacet
  facet normal -0.0784155 0.996921 0
    outer loop
      vertex 93.0368 49.5557 82.4
      vertex 93.6 49.6 83.4
      vertex 93.6 49.6 82.4
    endloop
  endfacet
  facet normal -0.0784155 0.996921 0
    outer loop
      vertex 93.6 49.6 83.4
      vertex 93.0368 49.5557 82.4
      vertex 93.0368 49.5557 92.4
    endloop
  endfacet
  facet normal -0.382717 0.923866 0
    outer loop
      vertex 92.4875 49.4238 82.4
      vertex 91.9656 49.2076 92.4
      vertex 92.4875 49.4238 92.4
    endloop
  endfacet
  facet normal -0.382717 0.923866 0
    outer loop
      vertex 91.9656 49.2076 92.4
      vertex 92.4875 49.4238 82.4
      vertex 91.9656 49.2076 82.4
    endloop
  endfacet
  facet normal 0.649067 -0.760731 0
    outer loop
      vertex 139.716 -0.91246 0
      vertex 140.146 -0.545578 92.4
      vertex 139.716 -0.91246 92.4
    endloop
  endfacet
  facet normal 0.649067 -0.760731 0
    outer loop
      vertex 140.146 -0.545578 92.4
      vertex 139.716 -0.91246 0
      vertex 140.146 -0.545578 0
    endloop
  endfacet
  facet normal 0.522151 0.852853 -0
    outer loop
      vertex 139.716 48.9125 82.4
      vertex 139.234 49.2076 92.4
      vertex 139.716 48.9125 92.4
    endloop
  endfacet
  facet normal 0.522151 0.852853 0
    outer loop
      vertex 139.234 49.2076 92.4
      vertex 139.716 48.9125 82.4
      vertex 139.234 49.2076 82.4
    endloop
  endfacet
  facet normal 0.649085 0.760716 9.87161e-06
    outer loop
      vertex 140.146 48.5456 92.4
      vertex 139.848 48.8 82.4
      vertex 139.716 48.9125 92.4
    endloop
  endfacet
  facet normal 0.649277 0.760552 -0
    outer loop
      vertex 140.146 48.5456 0
      vertex 139.848 48.8 82.4
      vertex 140.146 48.5456 92.4
    endloop
  endfacet
  facet normal 0.649277 0.760552 0
    outer loop
      vertex 139.848 48.8 82.4
      vertex 140.146 48.5456 0
      vertex 139.848 48.8 0
    endloop
  endfacet
  facet normal 0.648652 0.761085 0
    outer loop
      vertex 139.716 48.9125 92.4
      vertex 139.848 48.8 82.4
      vertex 139.716 48.9125 82.4
    endloop
  endfacet
  facet normal -0.923869 -0.382709 0
    outer loop
      vertex 90.3924 0.365631 0
      vertex 90.1762 0.887543 92.4
      vertex 90.1762 0.887543 0
    endloop
  endfacet
  facet normal -0.923869 -0.382709 0
    outer loop
      vertex 90.1762 0.887543 92.4
      vertex 90.3924 0.365631 0
      vertex 90.3924 0.365631 92.4
    endloop
  endfacet
  facet normal -0.85266 0.522467 0
    outer loop
      vertex 90.3924 47.6344 0
      vertex 90.6875 48.116 92.4
      vertex 90.6875 48.116 0
    endloop
  endfacet
  facet normal -0.85266 0.522467 0
    outer loop
      vertex 90.6875 48.116 92.4
      vertex 90.3924 47.6344 0
      vertex 90.3924 47.6344 92.4
    endloop
  endfacet
  facet normal 0.0784432 0.996919 0
    outer loop
      vertex 138.163 49.5557 92.4
      vertex 137.6 49.6 83.4
      vertex 137.6 49.6 92.4
    endloop
  endfacet
  facet normal 0.0784432 0.996919 -0
    outer loop
      vertex 138.163 49.5557 82.4
      vertex 137.6 49.6 83.4
      vertex 138.163 49.5557 92.4
    endloop
  endfacet
  facet normal 0.0784432 0.996919 0
    outer loop
      vertex 137.6 49.6 83.4
      vertex 138.163 49.5557 82.4
      vertex 137.6 49.6 82.4
    endloop
  endfacet
  facet normal -0.649416 -0.760433 0
    outer loop
      vertex 91.0544 -0.545578 0
      vertex 91.484 -0.91246 92.4
      vertex 91.0544 -0.545578 92.4
    endloop
  endfacet
  facet normal -0.649416 -0.760433 -0
    outer loop
      vertex 91.484 -0.91246 92.4
      vertex 91.0544 -0.545578 0
      vertex 91.484 -0.91246 0
    endloop
  endfacet
  facet normal 0.233607 0.972331 -0
    outer loop
      vertex 138.712 49.4238 82.4
      vertex 138.163 49.5557 92.4
      vertex 138.712 49.4238 92.4
    endloop
  endfacet
  facet normal 0.233607 0.972331 0
    outer loop
      vertex 138.163 49.5557 92.4
      vertex 138.712 49.4238 82.4
      vertex 138.163 49.5557 82.4
    endloop
  endfacet
  facet normal -0.233487 0.97236 0
    outer loop
      vertex 93.0368 49.5557 82.4
      vertex 92.4875 49.4238 92.4
      vertex 93.0368 49.5557 92.4
    endloop
  endfacet
  facet normal -0.233487 0.97236 0
    outer loop
      vertex 92.4875 49.4238 92.4
      vertex 93.0368 49.5557 82.4
      vertex 92.4875 49.4238 82.4
    endloop
  endfacet
  facet normal -0.972359 -0.233492 0
    outer loop
      vertex 90.1762 0.887543 0
      vertex 90.0443 1.43683 92.4
      vertex 90.0443 1.43683 0
    endloop
  endfacet
  facet normal -0.972359 -0.233492 0
    outer loop
      vertex 90.0443 1.43683 92.4
      vertex 90.1762 0.887543 0
      vertex 90.1762 0.887543 92.4
    endloop
  endfacet
  facet normal -0.649507 0.760356 0
    outer loop
      vertex 91.3523 48.8 82.4
      vertex 91.484 48.9125 92.4
      vertex 91.484 48.9125 82.4
    endloop
  endfacet
  facet normal -0.649435 0.760417 -1.64084e-06
    outer loop
      vertex 91.484 48.9125 92.4
      vertex 91.3523 48.8 82.4
      vertex 91.0544 48.5456 92.4
    endloop
  endfacet
  facet normal -0.649403 0.760445 0
    outer loop
      vertex 91.0544 48.5456 0
      vertex 91.3523 48.8 82.4
      vertex 91.3523 48.8 0
    endloop
  endfacet
  facet normal -0.649403 0.760445 0
    outer loop
      vertex 91.3523 48.8 82.4
      vertex 91.0544 48.5456 0
      vertex 91.0544 48.5456 92.4
    endloop
  endfacet
  facet normal 0 0 1
    outer loop
      vertex 139.6 46 92.4
      vertex 141.2 46 92.4
      vertex 141.156 46.5632 92.4
    endloop
  endfacet
  facet normal 0 0 1
    outer loop
      vertex 141.2 46 92.4
      vertex 139.6 46 92.4
      vertex 141.2 2 92.4
    endloop
  endfacet
  facet normal 0 0 1
    outer loop
      vertex 139.575 46.3129 92.4
      vertex 141.156 46.5632 92.4
      vertex 141.024 47.1125 92.4
    endloop
  endfacet
  facet normal 0 0 1
    outer loop
      vertex 139.6 2 92.4
      vertex 141.2 2 92.4
      vertex 139.6 46 92.4
    endloop
  endfacet
  facet normal 0 0 1
    outer loop
      vertex 139.502 46.618 92.4
      vertex 141.024 47.1125 92.4
      vertex 140.808 47.6344 92.4
    endloop
  endfacet
  facet normal 0 0 1
    outer loop
      vertex 141.2 2 92.4
      vertex 139.6 2 92.4
      vertex 141.156 1.43683 92.4
    endloop
  endfacet
  facet normal 0 0 1
    outer loop
      vertex 139.382 46.908 92.4
      vertex 140.808 47.6344 92.4
      vertex 140.512 48.116 92.4
    endloop
  endfacet
  facet normal -0 0 1
    outer loop
      vertex 139.575 1.68713 92.4
      vertex 141.156 1.43683 92.4
      vertex 139.6 2 92.4
    endloop
  endfacet
  facet normal 0 0 1
    outer loop
      vertex 139.218 47.1756 92.4
      vertex 140.512 48.116 92.4
      vertex 140.146 48.5456 92.4
    endloop
  endfacet
  facet normal 0 0 1
    outer loop
      vertex 141.156 1.43683 92.4
      vertex 139.575 1.68713 92.4
      vertex 141.024 0.887543 92.4
    endloop
  endfacet
  facet normal 0 0 1
    outer loop
      vertex 139.014 47.4142 92.4
      vertex 140.146 48.5456 92.4
      vertex 139.716 48.9125 92.4
    endloop
  endfacet
  facet normal -0 0 1
    outer loop
      vertex 139.502 1.38197 92.4
      vertex 141.024 0.887543 92.4
      vertex 139.575 1.68713 92.4
    endloop
  endfacet
  facet normal 0 0 1
    outer loop
      vertex 141.024 0.887543 92.4
      vertex 139.502 1.38197 92.4
      vertex 140.808 0.365631 92.4
    endloop
  endfacet
  facet normal 0 0 1
    outer loop
      vertex 141.156 46.5632 92.4
      vertex 139.575 46.3129 92.4
      vertex 139.6 46 92.4
    endloop
  endfacet
  facet normal 0 0 1
    outer loop
      vertex 141.024 47.1125 92.4
      vertex 139.502 46.618 92.4
      vertex 139.575 46.3129 92.4
    endloop
  endfacet
  facet normal 0 0 1
    outer loop
      vertex 140.808 47.6344 92.4
      vertex 139.382 46.908 92.4
      vertex 139.502 46.618 92.4
    endloop
  endfacet
  facet normal 0 0 1
    outer loop
      vertex 138.776 47.618 92.4
      vertex 139.716 48.9125 92.4
      vertex 139.234 49.2076 92.4
    endloop
  endfacet
  facet normal 0 0 1
    outer loop
      vertex 140.512 48.116 92.4
      vertex 139.218 47.1756 92.4
      vertex 139.382 46.908 92.4
    endloop
  endfacet
  facet normal 0 0 1
    outer loop
      vertex 140.146 48.5456 92.4
      vertex 139.014 47.4142 92.4
      vertex 139.218 47.1756 92.4
    endloop
  endfacet
  facet normal 0 0 1
    outer loop
      vertex 139.716 48.9125 92.4
      vertex 138.776 47.618 92.4
      vertex 139.014 47.4142 92.4
    endloop
  endfacet
  facet normal 0 0 1
    outer loop
      vertex 138.508 47.782 92.4
      vertex 139.234 49.2076 92.4
      vertex 138.712 49.4238 92.4
    endloop
  endfacet
  facet normal 0 0 1
    outer loop
      vertex 139.234 49.2076 92.4
      vertex 138.508 47.782 92.4
      vertex 138.776 47.618 92.4
    endloop
  endfacet
  facet normal 0 0 1
    outer loop
      vertex 138.712 49.4238 92.4
      vertex 138.218 47.9021 92.4
      vertex 138.508 47.782 92.4
    endloop
  endfacet
  facet normal 0 0 1
    outer loop
      vertex 138.163 49.5557 92.4
      vertex 138.218 47.9021 92.4
      vertex 138.712 49.4238 92.4
    endloop
  endfacet
  facet normal 0 0 1
    outer loop
      vertex 138.163 49.5557 92.4
      vertex 137.913 47.9754 92.4
      vertex 138.218 47.9021 92.4
    endloop
  endfacet
  facet normal 0 0 1
    outer loop
      vertex 137.6 49.6 92.4
      vertex 137.913 47.9754 92.4
      vertex 138.163 49.5557 92.4
    endloop
  endfacet
  facet normal 0 0 1
    outer loop
      vertex 137.6 49.6 92.4
      vertex 137.6 48 92.4
      vertex 137.913 47.9754 92.4
    endloop
  endfacet
  facet normal -0 0 1
    outer loop
      vertex 93.6 49.6 92.4
      vertex 137.6 48 92.4
      vertex 137.6 49.6 92.4
    endloop
  endfacet
  facet normal 0 0 1
    outer loop
      vertex 93.6 49.6 92.4
      vertex 93.6 48 92.4
      vertex 137.6 48 92.4
    endloop
  endfacet
  facet normal 0 0 1
    outer loop
      vertex 93.6 49.6 92.4
      vertex 93.2871 47.9754 92.4
      vertex 93.6 48 92.4
    endloop
  endfacet
  facet normal -0 0 1
    outer loop
      vertex 93.0368 49.5557 92.4
      vertex 93.2871 47.9754 92.4
      vertex 93.6 49.6 92.4
    endloop
  endfacet
  facet normal 0 0 1
    outer loop
      vertex 93.0368 49.5557 92.4
      vertex 92.982 47.9021 92.4
      vertex 93.2871 47.9754 92.4
    endloop
  endfacet
  facet normal -0 0 1
    outer loop
      vertex 92.4875 49.4238 92.4
      vertex 92.982 47.9021 92.4
      vertex 93.0368 49.5557 92.4
    endloop
  endfacet
  facet normal 0 0 1
    outer loop
      vertex 92.982 47.9021 92.4
      vertex 92.4875 49.4238 92.4
      vertex 92.692 47.782 92.4
    endloop
  endfacet
  facet normal -0 0 1
    outer loop
      vertex 91.9656 49.2076 92.4
      vertex 92.692 47.782 92.4
      vertex 92.4875 49.4238 92.4
    endloop
  endfacet
  facet normal 0 0 1
    outer loop
      vertex 92.692 47.782 92.4
      vertex 91.9656 49.2076 92.4
      vertex 92.4244 47.618 92.4
    endloop
  endfacet
  facet normal -0 0 1
    outer loop
      vertex 91.484 48.9125 92.4
      vertex 92.4244 47.618 92.4
      vertex 91.9656 49.2076 92.4
    endloop
  endfacet
  facet normal 0 0 1
    outer loop
      vertex 92.4244 47.618 92.4
      vertex 91.484 48.9125 92.4
      vertex 92.1858 47.4142 92.4
    endloop
  endfacet
  facet normal -0 0 1
    outer loop
      vertex 91.0544 48.5456 92.4
      vertex 92.1858 47.4142 92.4
      vertex 91.484 48.9125 92.4
    endloop
  endfacet
  facet normal 0 0 1
    outer loop
      vertex 92.1858 47.4142 92.4
      vertex 91.0544 48.5456 92.4
      vertex 91.982 47.1756 92.4
    endloop
  endfacet
  facet normal -0 0 1
    outer loop
      vertex 90.6875 48.116 92.4
      vertex 91.982 47.1756 92.4
      vertex 91.0544 48.5456 92.4
    endloop
  endfacet
  facet normal 0 0 1
    outer loop
      vertex 91.818 46.908 92.4
      vertex 90.3924 47.6344 92.4
      vertex 91.6979 46.618 92.4
    endloop
  endfacet
  facet normal -0 0 1
    outer loop
      vertex 90.3924 47.6344 92.4
      vertex 91.818 46.908 92.4
      vertex 90.6875 48.116 92.4
    endloop
  endfacet
  facet normal 0 0 1
    outer loop
      vertex 91.982 47.1756 92.4
      vertex 90.6875 48.116 92.4
      vertex 91.818 46.908 92.4
    endloop
  endfacet
  facet normal -0 0 1
    outer loop
      vertex 139.382 1.09203 92.4
      vertex 140.808 0.365631 92.4
      vertex 139.502 1.38197 92.4
    endloop
  endfacet
  facet normal 0 0 1
    outer loop
      vertex 140.808 0.365631 92.4
      vertex 139.382 1.09203 92.4
      vertex 140.512 -0.116028 92.4
    endloop
  endfacet
  facet normal -0 0 1
    outer loop
      vertex 139.218 0.824432 92.4
      vertex 140.512 -0.116028 92.4
      vertex 139.382 1.09203 92.4
    endloop
  endfacet
  facet normal 0 0 1
    outer loop
      vertex 140.512 -0.116028 92.4
      vertex 139.218 0.824432 92.4
      vertex 140.146 -0.545578 92.4
    endloop
  endfacet
  facet normal -0 0 1
    outer loop
      vertex 139.014 0.585785 92.4
      vertex 140.146 -0.545578 92.4
      vertex 139.218 0.824432 92.4
    endloop
  endfacet
  facet normal 0 0 1
    outer loop
      vertex 140.146 -0.545578 92.4
      vertex 139.014 0.585785 92.4
      vertex 139.716 -0.91246 92.4
    endloop
  endfacet
  facet normal -0 0 1
    outer loop
      vertex 138.776 0.381973 92.4
      vertex 139.716 -0.91246 92.4
      vertex 139.014 0.585785 92.4
    endloop
  endfacet
  facet normal 0 0 1
    outer loop
      vertex 139.716 -0.91246 92.4
      vertex 138.776 0.381973 92.4
      vertex 139.234 -1.20763 92.4
    endloop
  endfacet
  facet normal -0 0 1
    outer loop
      vertex 138.508 0.217987 92.4
      vertex 139.234 -1.20763 92.4
      vertex 138.776 0.381973 92.4
    endloop
  endfacet
  facet normal 0 0 1
    outer loop
      vertex 139.234 -1.20763 92.4
      vertex 138.508 0.217987 92.4
      vertex 138.712 -1.4238 92.4
    endloop
  endfacet
  facet normal -0 0 1
    outer loop
      vertex 138.218 0.0978851 92.4
      vertex 138.712 -1.4238 92.4
      vertex 138.508 0.217987 92.4
    endloop
  endfacet
  facet normal 0 0 1
    outer loop
      vertex 138.218 0.0978851 92.4
      vertex 138.163 -1.55568 92.4
      vertex 138.712 -1.4238 92.4
    endloop
  endfacet
  facet normal -0 0 1
    outer loop
      vertex 137.913 0.0246277 92.4
      vertex 138.163 -1.55568 92.4
      vertex 138.218 0.0978851 92.4
    endloop
  endfacet
  facet normal -0 0 1
    outer loop
      vertex 137.6 0 92.4
      vertex 138.163 -1.55568 92.4
      vertex 137.913 0.0246277 92.4
    endloop
  endfacet
  facet normal 0 0 1
    outer loop
      vertex 137.6 0 92.4
      vertex 137.6 -1.60001 92.4
      vertex 138.163 -1.55568 92.4
    endloop
  endfacet
  facet normal -0 0 1
    outer loop
      vertex 93.6 0 92.4
      vertex 137.6 -1.60001 92.4
      vertex 137.6 0 92.4
    endloop
  endfacet
  facet normal 0 0 1
    outer loop
      vertex 93.6 0 92.4
      vertex 93.6 -1.60001 92.4
      vertex 137.6 -1.60001 92.4
    endloop
  endfacet
  facet normal 0 0 1
    outer loop
      vertex 93.2871 0.0246277 92.4
      vertex 93.6 -1.60001 92.4
      vertex 93.6 0 92.4
    endloop
  endfacet
  facet normal 0 0 1
    outer loop
      vertex 93.2871 0.0246277 92.4
      vertex 93.0368 -1.55568 92.4
      vertex 93.6 -1.60001 92.4
    endloop
  endfacet
  facet normal 0 0 1
    outer loop
      vertex 92.982 0.0978851 92.4
      vertex 93.0368 -1.55568 92.4
      vertex 93.2871 0.0246277 92.4
    endloop
  endfacet
  facet normal 0 0 1
    outer loop
      vertex 92.4875 -1.4238 92.4
      vertex 92.982 0.0978851 92.4
      vertex 92.692 0.217987 92.4
    endloop
  endfacet
  facet normal 0 0 1
    outer loop
      vertex 92.982 0.0978851 92.4
      vertex 92.4875 -1.4238 92.4
      vertex 93.0368 -1.55568 92.4
    endloop
  endfacet
  facet normal 0 0 1
    outer loop
      vertex 91.9656 -1.20763 92.4
      vertex 92.692 0.217987 92.4
      vertex 92.4244 0.381973 92.4
    endloop
  endfacet
  facet normal 0 0 1
    outer loop
      vertex 91.484 -0.91246 92.4
      vertex 92.4244 0.381973 92.4
      vertex 92.1858 0.585785 92.4
    endloop
  endfacet
  facet normal 0 0 1
    outer loop
      vertex 91.0544 -0.545578 92.4
      vertex 92.1858 0.585785 92.4
      vertex 91.982 0.824432 92.4
    endloop
  endfacet
  facet normal 0 0 1
    outer loop
      vertex 92.692 0.217987 92.4
      vertex 91.9656 -1.20763 92.4
      vertex 92.4875 -1.4238 92.4
    endloop
  endfacet
  facet normal 0 0 1
    outer loop
      vertex 90.6875 -0.116028 92.4
      vertex 91.982 0.824432 92.4
      vertex 91.818 1.09203 92.4
    endloop
  endfacet
  facet normal 0 0 1
    outer loop
      vertex 90.3924 0.365631 92.4
      vertex 91.818 1.09203 92.4
      vertex 91.6979 1.38197 92.4
    endloop
  endfacet
  facet normal 0 0 1
    outer loop
      vertex 90.1762 0.887543 92.4
      vertex 91.6979 1.38197 92.4
      vertex 91.6246 1.68713 92.4
    endloop
  endfacet
  facet normal 0 0 1
    outer loop
      vertex 92.4244 0.381973 92.4
      vertex 91.484 -0.91246 92.4
      vertex 91.9656 -1.20763 92.4
    endloop
  endfacet
  facet normal 0 0 1
    outer loop
      vertex 90.0443 1.43683 92.4
      vertex 91.6246 1.68713 92.4
      vertex 91.6 2 92.4
    endloop
  endfacet
  facet normal 0 0 1
    outer loop
      vertex 91.6 46 92.4
      vertex 90 46 92.4
      vertex 91.6 2 92.4
    endloop
  endfacet
  facet normal -0 0 1
    outer loop
      vertex 90.1762 47.1125 92.4
      vertex 91.6979 46.618 92.4
      vertex 90.3924 47.6344 92.4
    endloop
  endfacet
  facet normal 0 0 1
    outer loop
      vertex 90 2 92.4
      vertex 91.6 2 92.4
      vertex 90 46 92.4
    endloop
  endfacet
  facet normal 0 0 1
    outer loop
      vertex 91.6979 46.618 92.4
      vertex 90.1762 47.1125 92.4
      vertex 91.6246 46.3129 92.4
    endloop
  endfacet
  facet normal 0 -0 1
    outer loop
      vertex 90.0443 1.43683 92.4
      vertex 91.6 2 92.4
      vertex 90 2 92.4
    endloop
  endfacet
  facet normal -0 0 1
    outer loop
      vertex 90.0443 46.5632 92.4
      vertex 91.6246 46.3129 92.4
      vertex 90.1762 47.1125 92.4
    endloop
  endfacet
  facet normal 0 0 1
    outer loop
      vertex 92.1858 0.585785 92.4
      vertex 91.0544 -0.545578 92.4
      vertex 91.484 -0.91246 92.4
    endloop
  endfacet
  facet normal 0 0 1
    outer loop
      vertex 91.6246 46.3129 92.4
      vertex 90.0443 46.5632 92.4
      vertex 91.6 46 92.4
    endloop
  endfacet
  facet normal 0 0 1
    outer loop
      vertex 91.982 0.824432 92.4
      vertex 90.6875 -0.116028 92.4
      vertex 91.0544 -0.545578 92.4
    endloop
  endfacet
  facet normal 0 0 1
    outer loop
      vertex 91.6 46 92.4
      vertex 90.0443 46.5632 92.4
      vertex 90 46 92.4
    endloop
  endfacet
  facet normal 0 0 1
    outer loop
      vertex 91.818 1.09203 92.4
      vertex 90.3924 0.365631 92.4
      vertex 90.6875 -0.116028 92.4
    endloop
  endfacet
  facet normal 0 0 1
    outer loop
      vertex 91.6979 1.38197 92.4
      vertex 90.1762 0.887543 92.4
      vertex 90.3924 0.365631 92.4
    endloop
  endfacet
  facet normal 0 0 1
    outer loop
      vertex 91.6246 1.68713 92.4
      vertex 90.0443 1.43683 92.4
      vertex 90.1762 0.887543 92.4
    endloop
  endfacet
  facet normal 0.233574 -0.972339 0
    outer loop
      vertex 138.163 -1.55568 0
      vertex 138.712 -1.4238 92.4
      vertex 138.163 -1.55568 92.4
    endloop
  endfacet
  facet normal 0.233574 -0.972339 0
    outer loop
      vertex 138.712 -1.4238 92.4
      vertex 138.163 -1.55568 0
      vertex 138.712 -1.4238 0
    endloop
  endfacet
  facet normal 0.923991 0.382414 0
    outer loop
      vertex 141.024 47.1125 92.4
      vertex 140.808 47.6344 0
      vertex 140.808 47.6344 92.4
    endloop
  endfacet
  facet normal 0.923991 0.382414 0
    outer loop
      vertex 140.808 47.6344 0
      vertex 141.024 47.1125 92.4
      vertex 141.024 47.1125 0
    endloop
  endfacet
  facet normal 0.851978 -0.523577 0
    outer loop
      vertex 140.512 -0.116028 92.4
      vertex 140.808 0.365631 0
      vertex 140.808 0.365631 92.4
    endloop
  endfacet
  facet normal 0.851978 -0.523577 0
    outer loop
      vertex 140.808 0.365631 0
      vertex 140.512 -0.116028 92.4
      vertex 140.512 -0.116028 0
    endloop
  endfacet
  facet normal 0.923994 -0.382407 0
    outer loop
      vertex 140.808 0.365631 92.4
      vertex 141.024 0.887543 0
      vertex 141.024 0.887543 92.4
    endloop
  endfacet
  facet normal 0.923994 -0.382407 0
    outer loop
      vertex 141.024 0.887543 0
      vertex 140.808 0.365631 92.4
      vertex 140.808 0.365631 0
    endloop
  endfacet
  facet normal 0.382654 0.923892 -0
    outer loop
      vertex 139.234 49.2076 82.4
      vertex 138.712 49.4238 92.4
      vertex 139.234 49.2076 92.4
    endloop
  endfacet
  facet normal 0.382654 0.923892 0
    outer loop
      vertex 138.712 49.4238 92.4
      vertex 139.234 49.2076 82.4
      vertex 138.712 49.4238 82.4
    endloop
  endfacet
  facet normal 0.996962 -0.0778918 0
    outer loop
      vertex 141.156 1.43683 92.4
      vertex 141.2 2 0
      vertex 141.2 2 92.4
    endloop
  endfacet
  facet normal 0.996962 -0.0778918 0
    outer loop
      vertex 141.2 2 0
      vertex 141.156 1.43683 92.4
      vertex 141.156 1.43683 0
    endloop
  endfacet
  facet normal 0.996962 0.0778877 0
    outer loop
      vertex 141.2 46 92.4
      vertex 141.156 46.5632 0
      vertex 141.156 46.5632 92.4
    endloop
  endfacet
  facet normal 0.996962 0.0778877 0
    outer loop
      vertex 141.156 46.5632 0
      vertex 141.2 46 92.4
      vertex 141.2 46 0
    endloop
  endfacet
  facet normal 0.382609 -0.92391 0
    outer loop
      vertex 138.712 -1.4238 0
      vertex 139.234 -1.20763 92.4
      vertex 138.712 -1.4238 92.4
    endloop
  endfacet
  facet normal 0.382609 -0.92391 0
    outer loop
      vertex 139.234 -1.20763 92.4
      vertex 138.712 -1.4238 0
      vertex 139.234 -1.20763 0
    endloop
  endfacet
  facet normal 0.972319 -0.233659 0
    outer loop
      vertex 141.024 0.887543 92.4
      vertex 141.156 1.43683 0
      vertex 141.156 1.43683 92.4
    endloop
  endfacet
  facet normal 0.972319 -0.233659 0
    outer loop
      vertex 141.156 1.43683 0
      vertex 141.024 0.887543 92.4
      vertex 141.024 0.887543 0
    endloop
  endfacet
  facet normal -0.923866 0.382717 0
    outer loop
      vertex 90.1762 96.7125 0
      vertex 90.3924 97.2344 82.4
      vertex 90.3924 97.2344 0
    endloop
  endfacet
  facet normal -0.923866 0.382717 0
    outer loop
      vertex 90.3924 97.2344 82.4
      vertex 90.1762 96.7125 0
      vertex 90.1762 96.7125 82.4
    endloop
  endfacet
  facet normal 0 0 1
    outer loop
      vertex 139.6 95.6 82.4
      vertex 141.2 95.6 82.4
      vertex 141.156 96.1632 82.4
    endloop
  endfacet
  facet normal 0 0 1
    outer loop
      vertex 141.2 95.6 82.4
      vertex 139.6 95.6 82.4
      vertex 141.2 51.6 82.4
    endloop
  endfacet
  facet normal 0 0 1
    outer loop
      vertex 139.575 95.9129 82.4
      vertex 141.156 96.1632 82.4
      vertex 141.024 96.7125 82.4
    endloop
  endfacet
  facet normal 0 0 1
    outer loop
      vertex 139.6 51.6 82.4
      vertex 141.2 51.6 82.4
      vertex 139.6 95.6 82.4
    endloop
  endfacet
  facet normal 0 0 1
    outer loop
      vertex 139.502 96.218 82.4
      vertex 141.024 96.7125 82.4
      vertex 140.808 97.2344 82.4
    endloop
  endfacet
  facet normal 0 0 1
    outer loop
      vertex 141.2 51.6 82.4
      vertex 139.6 51.6 82.4
      vertex 141.156 51.0368 82.4
    endloop
  endfacet
  facet normal 0 0 1
    outer loop
      vertex 139.382 96.508 82.4
      vertex 140.808 97.2344 82.4
      vertex 140.512 97.716 82.4
    endloop
  endfacet
  facet normal -0 0 1
    outer loop
      vertex 139.575 51.2871 82.4
      vertex 141.156 51.0368 82.4
      vertex 139.6 51.6 82.4
    endloop
  endfacet
  facet normal 0 0 1
    outer loop
      vertex 139.218 96.7756 82.4
      vertex 140.512 97.716 82.4
      vertex 140.146 98.1456 82.4
    endloop
  endfacet
  facet normal 0 0 1
    outer loop
      vertex 141.156 51.0368 82.4
      vertex 139.575 51.2871 82.4
      vertex 141.024 50.4875 82.4
    endloop
  endfacet
  facet normal 0 0 1
    outer loop
      vertex 141.024 50.4875 82.4
      vertex 139.502 50.982 82.4
      vertex 140.808 49.9656 82.4
    endloop
  endfacet
  facet normal 0 0 1
    outer loop
      vertex 139.014 97.0142 82.4
      vertex 140.146 98.1456 82.4
      vertex 139.716 98.5125 82.4
    endloop
  endfacet
  facet normal -0 0 1
    outer loop
      vertex 139.502 50.982 82.4
      vertex 141.024 50.4875 82.4
      vertex 139.575 51.2871 82.4
    endloop
  endfacet
  facet normal -0 0 1
    outer loop
      vertex 139.382 50.692 82.4
      vertex 140.808 49.9656 82.4
      vertex 139.502 50.982 82.4
    endloop
  endfacet
  facet normal 0 0 1
    outer loop
      vertex 141.156 96.1632 82.4
      vertex 139.575 95.9129 82.4
      vertex 139.6 95.6 82.4
    endloop
  endfacet
  facet normal 0 0 1
    outer loop
      vertex 141.024 96.7125 82.4
      vertex 139.502 96.218 82.4
      vertex 139.575 95.9129 82.4
    endloop
  endfacet
  facet normal 0 0 1
    outer loop
      vertex 140.808 97.2344 82.4
      vertex 139.382 96.508 82.4
      vertex 139.502 96.218 82.4
    endloop
  endfacet
  facet normal 0 0 1
    outer loop
      vertex 138.776 97.218 82.4
      vertex 139.716 98.5125 82.4
      vertex 139.234 98.8076 82.4
    endloop
  endfacet
  facet normal 0 0 1
    outer loop
      vertex 140.512 97.716 82.4
      vertex 139.218 96.7756 82.4
      vertex 139.382 96.508 82.4
    endloop
  endfacet
  facet normal 0 0 1
    outer loop
      vertex 140.146 98.1456 82.4
      vertex 139.014 97.0142 82.4
      vertex 139.218 96.7756 82.4
    endloop
  endfacet
  facet normal 0 0 1
    outer loop
      vertex 139.716 98.5125 82.4
      vertex 138.776 97.218 82.4
      vertex 139.014 97.0142 82.4
    endloop
  endfacet
  facet normal 0 0 1
    outer loop
      vertex 138.508 97.382 82.4
      vertex 139.234 98.8076 82.4
      vertex 138.712 99.0238 82.4
    endloop
  endfacet
  facet normal 0 0 1
    outer loop
      vertex 139.234 98.8076 82.4
      vertex 138.508 97.382 82.4
      vertex 138.776 97.218 82.4
    endloop
  endfacet
  facet normal 0 0 1
    outer loop
      vertex 138.712 99.0238 82.4
      vertex 138.218 97.5021 82.4
      vertex 138.508 97.382 82.4
    endloop
  endfacet
  facet normal 0 0 1
    outer loop
      vertex 138.163 99.1557 82.4
      vertex 138.218 97.5021 82.4
      vertex 138.712 99.0238 82.4
    endloop
  endfacet
  facet normal 0 0 1
    outer loop
      vertex 138.163 99.1557 82.4
      vertex 137.913 97.5754 82.4
      vertex 138.218 97.5021 82.4
    endloop
  endfacet
  facet normal 0 0 1
    outer loop
      vertex 137.6 99.2 82.4
      vertex 137.913 97.5754 82.4
      vertex 138.163 99.1557 82.4
    endloop
  endfacet
  facet normal 0 0 1
    outer loop
      vertex 137.6 99.2 82.4
      vertex 137.6 97.6 82.4
      vertex 137.913 97.5754 82.4
    endloop
  endfacet
  facet normal -0 0 1
    outer loop
      vertex 93.6 99.2 82.4
      vertex 137.6 97.6 82.4
      vertex 137.6 99.2 82.4
    endloop
  endfacet
  facet normal 0 0 1
    outer loop
      vertex 93.6 99.2 82.4
      vertex 93.6 97.6 82.4
      vertex 137.6 97.6 82.4
    endloop
  endfacet
  facet normal 0 0 1
    outer loop
      vertex 93.6 99.2 82.4
      vertex 93.2871 97.5754 82.4
      vertex 93.6 97.6 82.4
    endloop
  endfacet
  facet normal -0 0 1
    outer loop
      vertex 93.0368 99.1557 82.4
      vertex 93.2871 97.5754 82.4
      vertex 93.6 99.2 82.4
    endloop
  endfacet
  facet normal 0 0 1
    outer loop
      vertex 93.0368 99.1557 82.4
      vertex 92.982 97.5021 82.4
      vertex 93.2871 97.5754 82.4
    endloop
  endfacet
  facet normal -0 0 1
    outer loop
      vertex 92.4875 99.0238 82.4
      vertex 92.982 97.5021 82.4
      vertex 93.0368 99.1557 82.4
    endloop
  endfacet
  facet normal 0 0 1
    outer loop
      vertex 92.982 97.5021 82.4
      vertex 92.4875 99.0238 82.4
      vertex 92.692 97.382 82.4
    endloop
  endfacet
  facet normal -0 0 1
    outer loop
      vertex 91.9656 98.8076 82.4
      vertex 92.692 97.382 82.4
      vertex 92.4875 99.0238 82.4
    endloop
  endfacet
  facet normal 0 0 1
    outer loop
      vertex 92.692 97.382 82.4
      vertex 91.9656 98.8076 82.4
      vertex 92.4244 97.218 82.4
    endloop
  endfacet
  facet normal -0 0 1
    outer loop
      vertex 91.484 98.5125 82.4
      vertex 92.4244 97.218 82.4
      vertex 91.9656 98.8076 82.4
    endloop
  endfacet
  facet normal 0 0 1
    outer loop
      vertex 92.4244 97.218 82.4
      vertex 91.484 98.5125 82.4
      vertex 92.1858 97.0142 82.4
    endloop
  endfacet
  facet normal -0 0 1
    outer loop
      vertex 91.0544 98.1456 82.4
      vertex 92.1858 97.0142 82.4
      vertex 91.484 98.5125 82.4
    endloop
  endfacet
  facet normal 0 0 1
    outer loop
      vertex 92.1858 97.0142 82.4
      vertex 91.0544 98.1456 82.4
      vertex 91.982 96.7756 82.4
    endloop
  endfacet
  facet normal -0 0 1
    outer loop
      vertex 90.6875 97.716 82.4
      vertex 91.982 96.7756 82.4
      vertex 91.0544 98.1456 82.4
    endloop
  endfacet
  facet normal 0 0 1
    outer loop
      vertex 91.818 96.508 82.4
      vertex 90.3924 97.2344 82.4
      vertex 91.6979 96.218 82.4
    endloop
  endfacet
  facet normal -0 0 1
    outer loop
      vertex 90.3924 97.2344 82.4
      vertex 91.818 96.508 82.4
      vertex 90.6875 97.716 82.4
    endloop
  endfacet
  facet normal 0 0 1
    outer loop
      vertex 91.982 96.7756 82.4
      vertex 90.6875 97.716 82.4
      vertex 91.818 96.508 82.4
    endloop
  endfacet
  facet normal 0 0 1
    outer loop
      vertex 140.808 49.9656 82.4
      vertex 139.382 50.692 82.4
      vertex 140.512 49.484 82.4
    endloop
  endfacet
  facet normal -0 0 1
    outer loop
      vertex 139.218 50.4244 82.4
      vertex 140.512 49.484 82.4
      vertex 139.382 50.692 82.4
    endloop
  endfacet
  facet normal 0 -0 1
    outer loop
      vertex 139.234 49.2076 82.4
      vertex 140.512 49.484 82.4
      vertex 139.218 50.4244 82.4
    endloop
  endfacet
  facet normal 0 0 1
    outer loop
      vertex 140.146 49.0544 82.4
      vertex 139.716 48.9125 82.4
      vertex 139.848 48.8 82.4
    endloop
  endfacet
  facet normal 0 0 1
    outer loop
      vertex 140.512 49.484 82.4
      vertex 139.234 49.2076 82.4
      vertex 140.146 49.0544 82.4
    endloop
  endfacet
  facet normal 0 0 1
    outer loop
      vertex 140.146 49.0544 82.4
      vertex 139.234 49.2076 82.4
      vertex 139.716 48.9125 82.4
    endloop
  endfacet
  facet normal -0 0 1
    outer loop
      vertex 139.014 50.1858 82.4
      vertex 139.234 49.2076 82.4
      vertex 139.218 50.4244 82.4
    endloop
  endfacet
  facet normal -0 0 1
    outer loop
      vertex 138.776 49.982 82.4
      vertex 139.234 49.2076 82.4
      vertex 139.014 50.1858 82.4
    endloop
  endfacet
  facet normal 0 0 1
    outer loop
      vertex 138.776 49.982 82.4
      vertex 138.712 49.4238 82.4
      vertex 139.234 49.2076 82.4
    endloop
  endfacet
  facet normal -0 0 1
    outer loop
      vertex 138.508 49.818 82.4
      vertex 138.712 49.4238 82.4
      vertex 138.776 49.982 82.4
    endloop
  endfacet
  facet normal -0 0 1
    outer loop
      vertex 138.218 49.6979 82.4
      vertex 138.712 49.4238 82.4
      vertex 138.508 49.818 82.4
    endloop
  endfacet
  facet normal 0 0 1
    outer loop
      vertex 138.218 49.6979 82.4
      vertex 138.163 49.5557 82.4
      vertex 138.712 49.4238 82.4
    endloop
  endfacet
  facet normal -0 0 1
    outer loop
      vertex 137.913 49.6246 82.4
      vertex 138.163 49.5557 82.4
      vertex 138.218 49.6979 82.4
    endloop
  endfacet
  facet normal 0 0 1
    outer loop
      vertex 138.163 49.5557 82.4
      vertex 137.913 49.6246 82.4
      vertex 137.6 49.6 82.4
    endloop
  endfacet
  facet normal 0 0 1
    outer loop
      vertex 93.2871 49.6246 82.4
      vertex 93.0368 49.5557 82.4
      vertex 93.6 49.6 82.4
    endloop
  endfacet
  facet normal 0 0 1
    outer loop
      vertex 92.982 49.6979 82.4
      vertex 93.0368 49.5557 82.4
      vertex 93.2871 49.6246 82.4
    endloop
  endfacet
  facet normal 0 0 1
    outer loop
      vertex 92.4875 49.4238 82.4
      vertex 92.982 49.6979 82.4
      vertex 92.692 49.818 82.4
    endloop
  endfacet
  facet normal 0 0 1
    outer loop
      vertex 92.982 49.6979 82.4
      vertex 92.4875 49.4238 82.4
      vertex 93.0368 49.5557 82.4
    endloop
  endfacet
  facet normal 0 0 1
    outer loop
      vertex 92.4244 49.982 82.4
      vertex 92.4875 49.4238 82.4
      vertex 92.692 49.818 82.4
    endloop
  endfacet
  facet normal 0 0 1
    outer loop
      vertex 91.9656 49.2076 82.4
      vertex 92.4244 49.982 82.4
      vertex 92.1858 50.1858 82.4
    endloop
  endfacet
  facet normal 0 0 1
    outer loop
      vertex 91.9656 49.2076 82.4
      vertex 92.1858 50.1858 82.4
      vertex 91.982 50.4244 82.4
    endloop
  endfacet
  facet normal 0 0 1
    outer loop
      vertex 92.4244 49.982 82.4
      vertex 91.9656 49.2076 82.4
      vertex 92.4875 49.4238 82.4
    endloop
  endfacet
  facet normal 0 0 1
    outer loop
      vertex 90.6875 49.484 82.4
      vertex 91.982 50.4244 82.4
      vertex 91.818 50.692 82.4
    endloop
  endfacet
  facet normal 0 0 1
    outer loop
      vertex 90.3924 49.9656 82.4
      vertex 91.818 50.692 82.4
      vertex 91.6979 50.982 82.4
    endloop
  endfacet
  facet normal 0 0 1
    outer loop
      vertex 90.1762 50.4875 82.4
      vertex 91.6979 50.982 82.4
      vertex 91.6246 51.2871 82.4
    endloop
  endfacet
  facet normal 0 0 1
    outer loop
      vertex 91.982 50.4244 82.4
      vertex 90.6875 49.484 82.4
      vertex 91.9656 49.2076 82.4
    endloop
  endfacet
  facet normal 0 0 1
    outer loop
      vertex 90.0443 51.0368 82.4
      vertex 91.6246 51.2871 82.4
      vertex 91.6 51.6 82.4
    endloop
  endfacet
  facet normal 0 0 1
    outer loop
      vertex 91.6 95.6 82.4
      vertex 90 95.6 82.4
      vertex 91.6 51.6 82.4
    endloop
  endfacet
  facet normal 0 0 1
    outer loop
      vertex 90 51.6 82.4
      vertex 91.6 51.6 82.4
      vertex 90 95.6 82.4
    endloop
  endfacet
  facet normal -0 0 1
    outer loop
      vertex 90.1762 96.7125 82.4
      vertex 91.6979 96.218 82.4
      vertex 90.3924 97.2344 82.4
    endloop
  endfacet
  facet normal 0 -0 1
    outer loop
      vertex 90.0443 51.0368 82.4
      vertex 91.6 51.6 82.4
      vertex 90 51.6 82.4
    endloop
  endfacet
  facet normal 0 0 1
    outer loop
      vertex 91.6979 96.218 82.4
      vertex 90.1762 96.7125 82.4
      vertex 91.6246 95.9129 82.4
    endloop
  endfacet
  facet normal 0 0 1
    outer loop
      vertex 91.6246 51.2871 82.4
      vertex 90.0443 51.0368 82.4
      vertex 90.1762 50.4875 82.4
    endloop
  endfacet
  facet normal -0 0 1
    outer loop
      vertex 90.0443 96.1632 82.4
      vertex 91.6246 95.9129 82.4
      vertex 90.1762 96.7125 82.4
    endloop
  endfacet
  facet normal 0 0 1
    outer loop
      vertex 91.9656 49.2076 82.4
      vertex 91.0544 49.0544 82.4
      vertex 91.484 48.9125 82.4
    endloop
  endfacet
  facet normal 0 0 1
    outer loop
      vertex 91.6246 95.9129 82.4
      vertex 90.0443 96.1632 82.4
      vertex 91.6 95.6 82.4
    endloop
  endfacet
  facet normal 0 0 1
    outer loop
      vertex 91.484 48.9125 82.4
      vertex 91.0544 49.0544 82.4
      vertex 91.3523 48.8 82.4
    endloop
  endfacet
  facet normal 0 0 1
    outer loop
      vertex 91.6 95.6 82.4
      vertex 90.0443 96.1632 82.4
      vertex 90 95.6 82.4
    endloop
  endfacet
  facet normal 0 -0 1
    outer loop
      vertex 91.0544 49.0544 82.4
      vertex 91.9656 49.2076 82.4
      vertex 90.6875 49.484 82.4
    endloop
  endfacet
  facet normal 0 0 1
    outer loop
      vertex 91.818 50.692 82.4
      vertex 90.3924 49.9656 82.4
      vertex 90.6875 49.484 82.4
    endloop
  endfacet
  facet normal 0 0 1
    outer loop
      vertex 91.6979 50.982 82.4
      vertex 90.1762 50.4875 82.4
      vertex 90.3924 49.9656 82.4
    endloop
  endfacet
  facet normal 1 -0 0
    outer loop
      vertex 141.2 51.6 82.4
      vertex 141.2 95.6 0
      vertex 141.2 95.6 82.4
    endloop
  endfacet
  facet normal 1 0 0
    outer loop
      vertex 141.2 95.6 0
      vertex 141.2 51.6 82.4
      vertex 141.2 51.6 0
    endloop
  endfacet
  facet normal 0.761204 0.648512 0
    outer loop
      vertex 140.512 97.716 82.4
      vertex 140.146 98.1456 0
      vertex 140.146 98.1456 82.4
    endloop
  endfacet
  facet normal 0.761204 0.648512 0
    outer loop
      vertex 140.146 98.1456 0
      vertex 140.512 97.716 82.4
      vertex 140.512 97.716 0
    endloop
  endfacet
  facet normal -1 0 0
    outer loop
      vertex 90 78.0164 0
      vertex 90 51.6 0
      vertex 90 78.0164 32.4
    endloop
  endfacet
  facet normal -1 0 0
    outer loop
      vertex 90 80.9999 32.4
      vertex 90 78.0164 32.4
      vertex 90 80.9999 33.4
    endloop
  endfacet
  facet normal -1 0 0
    outer loop
      vertex 90 88.9836 32.4
      vertex 90 95.6 0
      vertex 90 88.9836 0
    endloop
  endfacet
  facet normal -1 0 0
    outer loop
      vertex 90 95.6 0
      vertex 90 88.9836 32.4
      vertex 90 95.6 82.4
    endloop
  endfacet
  facet normal -1 0 0
    outer loop
      vertex 90 86.0001 33.4
      vertex 90 88.9836 32.4
      vertex 90 86.0001 32.4
    endloop
  endfacet
  facet normal -1 0 0
    outer loop
      vertex 90 88.9836 32.4
      vertex 90 86.0001 33.4
      vertex 90 95.6 82.4
    endloop
  endfacet
  facet normal -1 0 0
    outer loop
      vertex 90 80.9999 33.4
      vertex 90 95.6 82.4
      vertex 90 86.0001 33.4
    endloop
  endfacet
  facet normal -1 0 0
    outer loop
      vertex 90 51.6 82.4
      vertex 90 80.9999 33.4
      vertex 90 78.0164 32.4
    endloop
  endfacet
  facet normal -1 0 0
    outer loop
      vertex 90 51.6 82.4
      vertex 90 78.0164 32.4
      vertex 90 51.6 0
    endloop
  endfacet
  facet normal -1 0 0
    outer loop
      vertex 90 80.9999 33.4
      vertex 90 51.6 82.4
      vertex 90 95.6 82.4
    endloop
  endfacet
  facet normal -0.522467 0.85266 0
    outer loop
      vertex 91.9656 98.8076 0
      vertex 91.484 98.5125 82.4
      vertex 91.9656 98.8076 82.4
    endloop
  endfacet
  facet normal -0.522467 0.85266 0
    outer loop
      vertex 91.484 98.5125 82.4
      vertex 91.9656 98.8076 0
      vertex 91.484 98.5125 0
    endloop
  endfacet
  facet normal 0.761204 -0.648512 0
    outer loop
      vertex 140.146 49.0544 82.4
      vertex 140.512 49.484 0
      vertex 140.512 49.484 82.4
    endloop
  endfacet
  facet normal 0.761204 -0.648512 0
    outer loop
      vertex 140.512 49.484 0
      vertex 140.146 49.0544 82.4
      vertex 140.146 49.0544 0
    endloop
  endfacet
  facet normal -0.996921 -0.0784155 0
    outer loop
      vertex 90.0443 51.0368 0
      vertex 90 51.6 82.4
      vertex 90 51.6 0
    endloop
  endfacet
  facet normal -0.996921 -0.0784155 0
    outer loop
      vertex 90 51.6 82.4
      vertex 90.0443 51.0368 0
      vertex 90.0443 51.0368 82.4
    endloop
  endfacet
  facet normal 0.97232 0.233654 0
    outer loop
      vertex 141.156 96.1632 82.4
      vertex 141.024 96.7125 0
      vertex 141.024 96.7125 82.4
    endloop
  endfacet
  facet normal 0.97232 0.233654 0
    outer loop
      vertex 141.024 96.7125 0
      vertex 141.156 96.1632 82.4
      vertex 141.156 96.1632 0
    endloop
  endfacet
  facet normal 0.85195 0.523624 0
    outer loop
      vertex 140.808 97.2344 82.4
      vertex 140.512 97.716 0
      vertex 140.512 97.716 82.4
    endloop
  endfacet
  facet normal 0.85195 0.523624 0
    outer loop
      vertex 140.512 97.716 0
      vertex 140.808 97.2344 82.4
      vertex 140.808 97.2344 0
    endloop
  endfacet
  facet normal -0.996921 0.0784155 0
    outer loop
      vertex 90 95.6 0
      vertex 90.0443 96.1632 82.4
      vertex 90.0443 96.1632 0
    endloop
  endfacet
  facet normal -0.996921 0.0784155 0
    outer loop
      vertex 90.0443 96.1632 82.4
      vertex 90 95.6 0
      vertex 90 95.6 82.4
    endloop
  endfacet
  facet normal 0 1 -0
    outer loop
      vertex 137.6 99.2 0
      vertex 93.6 99.2 82.4
      vertex 137.6 99.2 82.4
    endloop
  endfacet
  facet normal 0 1 0
    outer loop
      vertex 93.6 99.2 82.4
      vertex 137.6 99.2 0
      vertex 93.6 99.2 0
    endloop
  endfacet
  facet normal -0.97236 0.233487 0
    outer loop
      vertex 90.0443 96.1632 0
      vertex 90.1762 96.7125 82.4
      vertex 90.1762 96.7125 0
    endloop
  endfacet
  facet normal -0.97236 0.233487 0
    outer loop
      vertex 90.1762 96.7125 82.4
      vertex 90.0443 96.1632 0
      vertex 90.0443 96.1632 82.4
    endloop
  endfacet
  facet normal -0.760417 0.649435 0
    outer loop
      vertex 90.6875 97.716 0
      vertex 91.0544 98.1456 82.4
      vertex 91.0544 98.1456 0
    endloop
  endfacet
  facet normal -0.760417 0.649435 0
    outer loop
      vertex 91.0544 98.1456 82.4
      vertex 90.6875 97.716 0
      vertex 90.6875 97.716 82.4
    endloop
  endfacet
  facet normal -0.85266 -0.522467 0
    outer loop
      vertex 90.6875 49.484 0
      vertex 90.3924 49.9656 82.4
      vertex 90.3924 49.9656 0
    endloop
  endfacet
  facet normal -0.85266 -0.522467 0
    outer loop
      vertex 90.3924 49.9656 82.4
      vertex 90.6875 49.484 0
      vertex 90.6875 49.484 82.4
    endloop
  endfacet
  facet normal -0.760417 -0.649435 0
    outer loop
      vertex 91.0544 49.0544 0
      vertex 90.6875 49.484 82.4
      vertex 90.6875 49.484 0
    endloop
  endfacet
  facet normal -0.760417 -0.649435 0
    outer loop
      vertex 90.6875 49.484 82.4
      vertex 91.0544 49.0544 0
      vertex 91.0544 49.0544 82.4
    endloop
  endfacet
  facet normal -0.0784155 0.996921 0
    outer loop
      vertex 93.6 99.2 0
      vertex 93.0368 99.1557 82.4
      vertex 93.6 99.2 82.4
    endloop
  endfacet
  facet normal -0.0784155 0.996921 0
    outer loop
      vertex 93.0368 99.1557 82.4
      vertex 93.6 99.2 0
      vertex 93.0368 99.1557 0
    endloop
  endfacet
  facet normal -0.382717 0.923866 0
    outer loop
      vertex 92.4875 99.0238 0
      vertex 91.9656 98.8076 82.4
      vertex 92.4875 99.0238 82.4
    endloop
  endfacet
  facet normal -0.382717 0.923866 0
    outer loop
      vertex 91.9656 98.8076 82.4
      vertex 92.4875 99.0238 0
      vertex 91.9656 98.8076 0
    endloop
  endfacet
  facet normal 0.649277 -0.760552 0
    outer loop
      vertex 139.848 48.8 0
      vertex 140.146 49.0544 82.4
      vertex 139.848 48.8 82.4
    endloop
  endfacet
  facet normal 0.649277 -0.760552 0
    outer loop
      vertex 140.146 49.0544 82.4
      vertex 139.848 48.8 0
      vertex 140.146 49.0544 0
    endloop
  endfacet
  facet normal 0.522151 0.852853 -0
    outer loop
      vertex 139.716 98.5125 0
      vertex 139.234 98.8076 82.4
      vertex 139.716 98.5125 82.4
    endloop
  endfacet
  facet normal 0.522151 0.852853 0
    outer loop
      vertex 139.234 98.8076 82.4
      vertex 139.716 98.5125 0
      vertex 139.234 98.8076 0
    endloop
  endfacet
  facet normal 0.649085 0.760716 -0
    outer loop
      vertex 140.146 98.1456 0
      vertex 139.716 98.5125 82.4
      vertex 140.146 98.1456 82.4
    endloop
  endfacet
  facet normal 0.649085 0.760716 0
    outer loop
      vertex 139.716 98.5125 82.4
      vertex 140.146 98.1456 0
      vertex 139.716 98.5125 0
    endloop
  endfacet
  facet normal -0.923866 -0.382717 0
    outer loop
      vertex 90.3924 49.9656 0
      vertex 90.1762 50.4875 82.4
      vertex 90.1762 50.4875 0
    endloop
  endfacet
  facet normal -0.923866 -0.382717 0
    outer loop
      vertex 90.1762 50.4875 82.4
      vertex 90.3924 49.9656 0
      vertex 90.3924 49.9656 82.4
    endloop
  endfacet
  facet normal -0.85266 0.522467 0
    outer loop
      vertex 90.3924 97.2344 0
      vertex 90.6875 97.716 82.4
      vertex 90.6875 97.716 0
    endloop
  endfacet
  facet normal -0.85266 0.522467 0
    outer loop
      vertex 90.6875 97.716 82.4
      vertex 90.3924 97.2344 0
      vertex 90.3924 97.2344 82.4
    endloop
  endfacet
  facet normal 0.0784432 0.996919 -0
    outer loop
      vertex 138.163 99.1557 0
      vertex 137.6 99.2 82.4
      vertex 138.163 99.1557 82.4
    endloop
  endfacet
  facet normal 0.0784432 0.996919 0
    outer loop
      vertex 137.6 99.2 82.4
      vertex 138.163 99.1557 0
      vertex 137.6 99.2 0
    endloop
  endfacet
  facet normal -0.649403 -0.760445 0
    outer loop
      vertex 91.0544 49.0544 0
      vertex 91.3523 48.8 82.4
      vertex 91.0544 49.0544 82.4
    endloop
  endfacet
  facet normal -0.649403 -0.760445 -0
    outer loop
      vertex 91.3523 48.8 82.4
      vertex 91.0544 49.0544 0
      vertex 91.3523 48.8 0
    endloop
  endfacet
  facet normal 0.233607 0.972331 -0
    outer loop
      vertex 138.712 99.0238 0
      vertex 138.163 99.1557 82.4
      vertex 138.712 99.0238 82.4
    endloop
  endfacet
  facet normal 0.233607 0.972331 0
    outer loop
      vertex 138.163 99.1557 82.4
      vertex 138.712 99.0238 0
      vertex 138.163 99.1557 0
    endloop
  endfacet
  facet normal -0.233487 0.97236 0
    outer loop
      vertex 93.0368 99.1557 0
      vertex 92.4875 99.0238 82.4
      vertex 93.0368 99.1557 82.4
    endloop
  endfacet
  facet normal -0.233487 0.97236 0
    outer loop
      vertex 92.4875 99.0238 82.4
      vertex 93.0368 99.1557 0
      vertex 92.4875 99.0238 0
    endloop
  endfacet
  facet normal -0.97236 -0.233487 0
    outer loop
      vertex 90.1762 50.4875 0
      vertex 90.0443 51.0368 82.4
      vertex 90.0443 51.0368 0
    endloop
  endfacet
  facet normal -0.97236 -0.233487 0
    outer loop
      vertex 90.0443 51.0368 82.4
      vertex 90.1762 50.4875 0
      vertex 90.1762 50.4875 82.4
    endloop
  endfacet
  facet normal -0.649435 0.760417 0
    outer loop
      vertex 91.484 98.5125 0
      vertex 91.0544 98.1456 82.4
      vertex 91.484 98.5125 82.4
    endloop
  endfacet
  facet normal -0.649435 0.760417 0
    outer loop
      vertex 91.0544 98.1456 82.4
      vertex 91.484 98.5125 0
      vertex 91.0544 98.1456 0
    endloop
  endfacet
  facet normal 0.923991 0.382414 0
    outer loop
      vertex 141.024 96.7125 82.4
      vertex 140.808 97.2344 0
      vertex 140.808 97.2344 82.4
    endloop
  endfacet
  facet normal 0.923991 0.382414 0
    outer loop
      vertex 140.808 97.2344 0
      vertex 141.024 96.7125 82.4
      vertex 141.024 96.7125 0
    endloop
  endfacet
  facet normal 0.85195 -0.523624 0
    outer loop
      vertex 140.512 49.484 82.4
      vertex 140.808 49.9656 0
      vertex 140.808 49.9656 82.4
    endloop
  endfacet
  facet normal 0.85195 -0.523624 0
    outer loop
      vertex 140.808 49.9656 0
      vertex 140.512 49.484 82.4
      vertex 140.512 49.484 0
    endloop
  endfacet
  facet normal 0.923991 -0.382414 0
    outer loop
      vertex 140.808 49.9656 82.4
      vertex 141.024 50.4875 0
      vertex 141.024 50.4875 82.4
    endloop
  endfacet
  facet normal 0.923991 -0.382414 0
    outer loop
      vertex 141.024 50.4875 0
      vertex 140.808 49.9656 82.4
      vertex 140.808 49.9656 0
    endloop
  endfacet
  facet normal 0.382654 0.923892 -0
    outer loop
      vertex 139.234 98.8076 0
      vertex 138.712 99.0238 82.4
      vertex 139.234 98.8076 82.4
    endloop
  endfacet
  facet normal 0.382654 0.923892 0
    outer loop
      vertex 138.712 99.0238 82.4
      vertex 139.234 98.8076 0
      vertex 138.712 99.0238 0
    endloop
  endfacet
  facet normal 0.996962 -0.0778877 0
    outer loop
      vertex 141.156 51.0368 82.4
      vertex 141.2 51.6 0
      vertex 141.2 51.6 82.4
    endloop
  endfacet
  facet normal 0.996962 -0.0778877 0
    outer loop
      vertex 141.2 51.6 0
      vertex 141.156 51.0368 82.4
      vertex 141.156 51.0368 0
    endloop
  endfacet
  facet normal 0.996962 0.0778877 0
    outer loop
      vertex 141.2 95.6 82.4
      vertex 141.156 96.1632 0
      vertex 141.156 96.1632 82.4
    endloop
  endfacet
  facet normal 0.996962 0.0778877 0
    outer loop
      vertex 141.156 96.1632 0
      vertex 141.2 95.6 82.4
      vertex 141.2 95.6 0
    endloop
  endfacet
  facet normal 0.97232 -0.233654 0
    outer loop
      vertex 141.024 50.4875 82.4
      vertex 141.156 51.0368 0
      vertex 141.156 51.0368 82.4
    endloop
  endfacet
  facet normal 0.97232 -0.233654 0
    outer loop
      vertex 141.156 51.0368 0
      vertex 141.024 50.4875 82.4
      vertex 141.024 50.4875 0
    endloop
  endfacet
  facet normal -0.382629 0.923902 0
    outer loop
      vertex 76.308 0.217987 2.4
      vertex 76.018 0.0978851 16.4
      vertex 76.308 0.217987 16.4
    endloop
  endfacet
  facet normal -0.382629 0.923902 0
    outer loop
      vertex 76.018 0.0978851 16.4
      vertex 76.308 0.217987 2.4
      vertex 76.018 0.0978851 2.4
    endloop
  endfacet
  facet normal 0 1 -0
    outer loop
      vertex 75.4 0 2.4
      vertex 2 0 16.4
      vertex 75.4 0 16.4
    endloop
  endfacet
  facet normal 0 1 0
    outer loop
      vertex 2 0 16.4
      vertex 75.4 0 2.4
      vertex 2 0 2.4
    endloop
  endfacet
  facet normal -0.233474 0.972363 0
    outer loop
      vertex 76.018 0.0978851 2.4
      vertex 75.7129 0.0246277 16.4
      vertex 76.018 0.0978851 16.4
    endloop
  endfacet
  facet normal -0.233474 0.972363 0
    outer loop
      vertex 75.7129 0.0246277 16.4
      vertex 76.018 0.0978851 2.4
      vertex 75.7129 0.0246277 2.4
    endloop
  endfacet
  facet normal -0.972332 -0.233602 0
    outer loop
      vertex 77.3754 75.7129 2.4
      vertex 77.3021 76.018 16.4
      vertex 77.3021 76.018 2.4
    endloop
  endfacet
  facet normal -0.972332 -0.233602 0
    outer loop
      vertex 77.3021 76.018 16.4
      vertex 77.3754 75.7129 2.4
      vertex 77.3754 75.7129 16.4
    endloop
  endfacet
  facet normal -0.0784652 0.996917 0
    outer loop
      vertex 75.7129 0.0246277 2.4
      vertex 75.4 0 16.4
      vertex 75.7129 0.0246277 16.4
    endloop
  endfacet
  facet normal -0.0784652 0.996917 0
    outer loop
      vertex 75.4 0 16.4
      vertex 75.7129 0.0246277 2.4
      vertex 75.4 0 2.4
    endloop
  endfacet
  facet normal 0.382697 0.923874 -0
    outer loop
      vertex 1.38197 0.0978851 2.4
      vertex 1.09203 0.217987 16.4
      vertex 1.38197 0.0978851 16.4
    endloop
  endfacet
  facet normal 0.382697 0.923874 0
    outer loop
      vertex 1.09203 0.217987 16.4
      vertex 1.38197 0.0978851 2.4
      vertex 1.09203 0.217987 2.4
    endloop
  endfacet
  facet normal 0.649426 0.760425 -0
    outer loop
      vertex 0.824432 0.381973 2.4
      vertex 0.585785 0.585785 16.4
      vertex 0.824432 0.381973 16.4
    endloop
  endfacet
  facet normal 0.649426 0.760425 0
    outer loop
      vertex 0.585785 0.585785 16.4
      vertex 0.824432 0.381973 2.4
      vertex 0.585785 0.585785 2.4
    endloop
  endfacet
  facet normal 0.522503 0.852638 -0
    outer loop
      vertex 1.09203 0.217987 2.4
      vertex 0.824432 0.381973 16.4
      vertex 1.09203 0.217987 16.4
    endloop
  endfacet
  facet normal 0.522503 0.852638 0
    outer loop
      vertex 0.824432 0.381973 16.4
      vertex 1.09203 0.217987 2.4
      vertex 0.824432 0.381973 2.4
    endloop
  endfacet
  facet normal 0.996917 -0.0784652 0
    outer loop
      vertex 0 75.4 16.4
      vertex 0.0246277 75.7129 2.4
      vertex 0.0246277 75.7129 16.4
    endloop
  endfacet
  facet normal 0.996917 -0.0784652 0
    outer loop
      vertex 0.0246277 75.7129 2.4
      vertex 0 75.4 16.4
      vertex 0 75.4 2.4
    endloop
  endfacet
  facet normal -0.923876 0.382691 0
    outer loop
      vertex 77.182 1.09203 2.4
      vertex 77.3021 1.38197 16.4
      vertex 77.3021 1.38197 2.4
    endloop
  endfacet
  facet normal -0.923876 0.382691 0
    outer loop
      vertex 77.3021 1.38197 16.4
      vertex 77.182 1.09203 2.4
      vertex 77.182 1.09203 16.4
    endloop
  endfacet
  facet normal -1 0 0
    outer loop
      vertex 77.4 2 2.4
      vertex 77.4 75.4 16.4
      vertex 77.4 75.4 2.4
    endloop
  endfacet
  facet normal -1 -0 0
    outer loop
      vertex 77.4 75.4 16.4
      vertex 77.4 2 2.4
      vertex 77.4 2 16.4
    endloop
  endfacet
  facet normal 1 -0 0
    outer loop
      vertex 0 2 16.4
      vertex 0 75.4 2.4
      vertex 0 75.4 16.4
    endloop
  endfacet
  facet normal 1 0 0
    outer loop
      vertex 0 75.4 2.4
      vertex 0 2 16.4
      vertex 0 2 2.4
    endloop
  endfacet
  facet normal 0.522535 -0.852618 0
    outer loop
      vertex 0.824432 77.018 2.4
      vertex 1.09203 77.182 16.4
      vertex 0.824432 77.018 16.4
    endloop
  endfacet
  facet normal 0.522535 -0.852618 0
    outer loop
      vertex 1.09203 77.182 16.4
      vertex 0.824432 77.018 2.4
      vertex 1.09203 77.182 2.4
    endloop
  endfacet
  facet normal 0.923902 -0.382629 0
    outer loop
      vertex 0.0978851 76.018 16.4
      vertex 0.217987 76.308 2.4
      vertex 0.217987 76.308 16.4
    endloop
  endfacet
  facet normal 0.923902 -0.382629 0
    outer loop
      vertex 0.217987 76.308 2.4
      vertex 0.0978851 76.018 16.4
      vertex 0.0978851 76.018 2.4
    endloop
  endfacet
  facet normal 0.852638 0.522503 0
    outer loop
      vertex 0.381973 0.824432 16.4
      vertex 0.217987 1.09203 2.4
      vertex 0.217987 1.09203 16.4
    endloop
  endfacet
  facet normal 0.852638 0.522503 0
    outer loop
      vertex 0.217987 1.09203 2.4
      vertex 0.381973 0.824432 16.4
      vertex 0.381973 0.824432 2.4
    endloop
  endfacet
  facet normal -0.972343 0.233559 0
    outer loop
      vertex 77.3021 1.38197 2.4
      vertex 77.3754 1.68713 16.4
      vertex 77.3754 1.68713 2.4
    endloop
  endfacet
  facet normal -0.972343 0.233559 0
    outer loop
      vertex 77.3754 1.68713 16.4
      vertex 77.3021 1.38197 2.4
      vertex 77.3021 1.38197 16.4
    endloop
  endfacet
  facet normal 0.23343 0.972374 -0
    outer loop
      vertex 1.68713 0.0246277 2.4
      vertex 1.38197 0.0978851 16.4
      vertex 1.68713 0.0246277 16.4
    endloop
  endfacet
  facet normal 0.23343 0.972374 0
    outer loop
      vertex 1.38197 0.0978851 16.4
      vertex 1.68713 0.0246277 2.4
      vertex 1.38197 0.0978851 2.4
    endloop
  endfacet
  facet normal 0.0784727 0.996916 -0
    outer loop
      vertex 2 0 2.4
      vertex 1.68713 0.0246277 16.4
      vertex 2 0 16.4
    endloop
  endfacet
  facet normal 0.0784727 0.996916 0
    outer loop
      vertex 1.68713 0.0246277 16.4
      vertex 2 0 2.4
      vertex 1.68713 0.0246277 2.4
    endloop
  endfacet
  facet normal 0.649404 -0.760443 0
    outer loop
      vertex 0.585785 76.8142 2.4
      vertex 0.824432 77.018 16.4
      vertex 0.585785 76.8142 16.4
    endloop
  endfacet
  facet normal 0.649404 -0.760443 0
    outer loop
      vertex 0.824432 77.018 16.4
      vertex 0.585785 76.8142 2.4
      vertex 0.824432 77.018 2.4
    endloop
  endfacet
  facet normal 0.972363 -0.233474 0
    outer loop
      vertex 0.0246277 75.7129 16.4
      vertex 0.0978851 76.018 2.4
      vertex 0.0978851 76.018 16.4
    endloop
  endfacet
  facet normal 0.972363 -0.233474 0
    outer loop
      vertex 0.0978851 76.018 2.4
      vertex 0.0246277 75.7129 16.4
      vertex 0.0246277 75.7129 2.4
    endloop
  endfacet
  facet normal 0.996916 0.0784727 0
    outer loop
      vertex 0.0246277 1.68713 16.4
      vertex 0 2 2.4
      vertex 0 2 16.4
    endloop
  endfacet
  facet normal 0.996916 0.0784727 0
    outer loop
      vertex 0 2 2.4
      vertex 0.0246277 1.68713 16.4
      vertex 0.0246277 1.68713 2.4
    endloop
  endfacet
  facet normal 0.382691 -0.923876 0
    outer loop
      vertex 1.09203 77.182 2.4
      vertex 1.38197 77.3021 16.4
      vertex 1.09203 77.182 16.4
    endloop
  endfacet
  facet normal 0.382691 -0.923876 0
    outer loop
      vertex 1.38197 77.3021 16.4
      vertex 1.09203 77.182 2.4
      vertex 1.38197 77.3021 2.4
    endloop
  endfacet
  facet normal 0.852639 -0.5225 0
    outer loop
      vertex 0.217987 76.308 16.4
      vertex 0.381973 76.5756 2.4
      vertex 0.381973 76.5756 16.4
    endloop
  endfacet
  facet normal 0.852639 -0.5225 0
    outer loop
      vertex 0.381973 76.5756 2.4
      vertex 0.217987 76.308 16.4
      vertex 0.217987 76.308 2.4
    endloop
  endfacet
  facet normal 0.078385 -0.996923 0
    outer loop
      vertex 1.68713 77.3754 2.4
      vertex 2 77.4 16.4
      vertex 1.68713 77.3754 16.4
    endloop
  endfacet
  facet normal 0.078385 -0.996923 0
    outer loop
      vertex 2 77.4 16.4
      vertex 1.68713 77.3754 2.4
      vertex 2 77.4 2.4
    endloop
  endfacet
  facet normal -0.996923 0.078385 0
    outer loop
      vertex 77.3754 1.68713 2.4
      vertex 77.4 2 16.4
      vertex 77.4 2 2.4
    endloop
  endfacet
  facet normal -0.996923 0.078385 0
    outer loop
      vertex 77.4 2 16.4
      vertex 77.3754 1.68713 2.4
      vertex 77.3754 1.68713 16.4
    endloop
  endfacet
  facet normal -0.996924 -0.0783775 0
    outer loop
      vertex 77.4 75.4 2.4
      vertex 77.3754 75.7129 16.4
      vertex 77.3754 75.7129 2.4
    endloop
  endfacet
  facet normal -0.996924 -0.0783775 0
    outer loop
      vertex 77.3754 75.7129 16.4
      vertex 77.4 75.4 2.4
      vertex 77.4 75.4 16.4
    endloop
  endfacet
  facet normal -0.233602 -0.972332 0
    outer loop
      vertex 75.7129 77.3754 2.4
      vertex 76.018 77.3021 16.4
      vertex 75.7129 77.3754 16.4
    endloop
  endfacet
  facet normal -0.233602 -0.972332 -0
    outer loop
      vertex 76.018 77.3021 16.4
      vertex 75.7129 77.3754 2.4
      vertex 76.018 77.3021 2.4
    endloop
  endfacet
  facet normal 0.760361 -0.6495 0
    outer loop
      vertex 0.381973 76.5756 16.4
      vertex 0.585785 76.8142 2.4
      vertex 0.585785 76.8142 16.4
    endloop
  endfacet
  facet normal 0.760361 -0.6495 0
    outer loop
      vertex 0.585785 76.8142 2.4
      vertex 0.381973 76.5756 16.4
      vertex 0.381973 76.5756 2.4
    endloop
  endfacet
  facet normal -0.382624 -0.923904 0
    outer loop
      vertex 76.018 77.3021 2.4
      vertex 76.308 77.182 16.4
      vertex 76.018 77.3021 16.4
    endloop
  endfacet
  facet normal -0.382624 -0.923904 -0
    outer loop
      vertex 76.308 77.182 16.4
      vertex 76.018 77.3021 2.4
      vertex 76.308 77.182 2.4
    endloop
  endfacet
  facet normal 0.233559 -0.972343 0
    outer loop
      vertex 1.38197 77.3021 2.4
      vertex 1.68713 77.3754 16.4
      vertex 1.38197 77.3021 16.4
    endloop
  endfacet
  facet normal 0.233559 -0.972343 0
    outer loop
      vertex 1.68713 77.3754 16.4
      vertex 1.38197 77.3021 2.4
      vertex 1.68713 77.3754 2.4
    endloop
  endfacet
  facet normal -0.923904 -0.382624 0
    outer loop
      vertex 77.3021 76.018 2.4
      vertex 77.182 76.308 16.4
      vertex 77.182 76.308 2.4
    endloop
  endfacet
  facet normal -0.923904 -0.382624 0
    outer loop
      vertex 77.182 76.308 16.4
      vertex 77.3021 76.018 2.4
      vertex 77.3021 76.018 16.4
    endloop
  endfacet
  facet normal -0.522532 -0.85262 0
    outer loop
      vertex 76.308 77.182 2.4
      vertex 76.5756 77.018 16.4
      vertex 76.308 77.182 16.4
    endloop
  endfacet
  facet normal -0.522532 -0.85262 -0
    outer loop
      vertex 76.5756 77.018 16.4
      vertex 76.308 77.182 2.4
      vertex 76.5756 77.018 2.4
    endloop
  endfacet
  facet normal -0.76038 -0.649478 0
    outer loop
      vertex 77.018 76.5756 2.4
      vertex 76.8142 76.8142 16.4
      vertex 76.8142 76.8142 2.4
    endloop
  endfacet
  facet normal -0.76038 -0.649478 0
    outer loop
      vertex 76.8142 76.8142 16.4
      vertex 77.018 76.5756 2.4
      vertex 77.018 76.5756 16.4
    endloop
  endfacet
  facet normal -0.852618 0.522535 0
    outer loop
      vertex 77.018 0.824432 2.4
      vertex 77.182 1.09203 16.4
      vertex 77.182 1.09203 2.4
    endloop
  endfacet
  facet normal -0.852618 0.522535 0
    outer loop
      vertex 77.182 1.09203 16.4
      vertex 77.018 0.824432 2.4
      vertex 77.018 0.824432 16.4
    endloop
  endfacet
  facet normal 0.972374 0.23343 0
    outer loop
      vertex 0.0978851 1.38197 16.4
      vertex 0.0246277 1.68713 2.4
      vertex 0.0246277 1.68713 16.4
    endloop
  endfacet
  facet normal 0.972374 0.23343 0
    outer loop
      vertex 0.0246277 1.68713 2.4
      vertex 0.0978851 1.38197 16.4
      vertex 0.0978851 1.38197 2.4
    endloop
  endfacet
  facet normal -0.649478 -0.76038 0
    outer loop
      vertex 76.5756 77.018 2.4
      vertex 76.8142 76.8142 16.4
      vertex 76.5756 77.018 16.4
    endloop
  endfacet
  facet normal -0.649478 -0.76038 -0
    outer loop
      vertex 76.8142 76.8142 16.4
      vertex 76.5756 77.018 2.4
      vertex 76.8142 76.8142 2.4
    endloop
  endfacet
  facet normal -0.6495 0.760361 0
    outer loop
      vertex 76.8142 0.585785 2.4
      vertex 76.5756 0.381973 16.4
      vertex 76.8142 0.585785 16.4
    endloop
  endfacet
  facet normal -0.6495 0.760361 0
    outer loop
      vertex 76.5756 0.381973 16.4
      vertex 76.8142 0.585785 2.4
      vertex 76.5756 0.381973 2.4
    endloop
  endfacet
  facet normal -0.760443 0.649404 0
    outer loop
      vertex 76.8142 0.585785 2.4
      vertex 77.018 0.824432 16.4
      vertex 77.018 0.824432 2.4
    endloop
  endfacet
  facet normal -0.760443 0.649404 0
    outer loop
      vertex 77.018 0.824432 16.4
      vertex 76.8142 0.585785 2.4
      vertex 76.8142 0.585785 16.4
    endloop
  endfacet
  facet normal -0.0783775 -0.996924 0
    outer loop
      vertex 75.4 77.4 2.4
      vertex 75.7129 77.3754 16.4
      vertex 75.4 77.4 16.4
    endloop
  endfacet
  facet normal -0.0783775 -0.996924 -0
    outer loop
      vertex 75.7129 77.3754 16.4
      vertex 75.4 77.4 2.4
      vertex 75.7129 77.3754 2.4
    endloop
  endfacet
  facet normal 0.760425 0.649426 0
    outer loop
      vertex 0.585785 0.585785 16.4
      vertex 0.381973 0.824432 2.4
      vertex 0.381973 0.824432 16.4
    endloop
  endfacet
  facet normal 0.760425 0.649426 0
    outer loop
      vertex 0.381973 0.824432 2.4
      vertex 0.585785 0.585785 16.4
      vertex 0.585785 0.585785 2.4
    endloop
  endfacet
  facet normal -0.85262 -0.522532 0
    outer loop
      vertex 77.182 76.308 2.4
      vertex 77.018 76.5756 16.4
      vertex 77.018 76.5756 2.4
    endloop
  endfacet
  facet normal -0.85262 -0.522532 0
    outer loop
      vertex 77.018 76.5756 16.4
      vertex 77.182 76.308 2.4
      vertex 77.182 76.308 16.4
    endloop
  endfacet
  facet normal 0.923874 0.382697 0
    outer loop
      vertex 0.217987 1.09203 16.4
      vertex 0.0978851 1.38197 2.4
      vertex 0.0978851 1.38197 16.4
    endloop
  endfacet
  facet normal 0.923874 0.382697 0
    outer loop
      vertex 0.0978851 1.38197 2.4
      vertex 0.217987 1.09203 16.4
      vertex 0.217987 1.09203 2.4
    endloop
  endfacet
  facet normal 0 0 1
    outer loop
      vertex 75.4 77.4 2.4
      vertex 77.4 75.4 2.4
      vertex 77.3754 75.7129 2.4
    endloop
  endfacet
  facet normal 0 0 1
    outer loop
      vertex 77.4 75.4 2.4
      vertex 75.4 77.4 2.4
      vertex 77.4 2 2.4
    endloop
  endfacet
  facet normal 0 0 1
    outer loop
      vertex 75.4 77.4 2.4
      vertex 77.3754 75.7129 2.4
      vertex 77.3021 76.018 2.4
    endloop
  endfacet
  facet normal 0 0 1
    outer loop
      vertex 75.4 0 2.4
      vertex 77.4 2 2.4
      vertex 75.4 77.4 2.4
    endloop
  endfacet
  facet normal 0 0 1
    outer loop
      vertex 75.4 77.4 2.4
      vertex 77.3021 76.018 2.4
      vertex 77.182 76.308 2.4
    endloop
  endfacet
  facet normal 0 0 1
    outer loop
      vertex 77.4 2 2.4
      vertex 75.4 0 2.4
      vertex 77.3754 1.68713 2.4
    endloop
  endfacet
  facet normal 0 0 1
    outer loop
      vertex 75.4 77.4 2.4
      vertex 77.182 76.308 2.4
      vertex 77.018 76.5756 2.4
    endloop
  endfacet
  facet normal 0 0 1
    outer loop
      vertex 77.3754 1.68713 2.4
      vertex 75.4 0 2.4
      vertex 77.3021 1.38197 2.4
    endloop
  endfacet
  facet normal 0 0 1
    outer loop
      vertex 75.4 77.4 2.4
      vertex 77.018 76.5756 2.4
      vertex 76.8142 76.8142 2.4
    endloop
  endfacet
  facet normal 0 0 1
    outer loop
      vertex 77.3021 1.38197 2.4
      vertex 75.4 0 2.4
      vertex 77.182 1.09203 2.4
    endloop
  endfacet
  facet normal 0 0 1
    outer loop
      vertex 75.4 77.4 2.4
      vertex 76.8142 76.8142 2.4
      vertex 76.5756 77.018 2.4
    endloop
  endfacet
  facet normal 0 0 1
    outer loop
      vertex 77.182 1.09203 2.4
      vertex 75.4 0 2.4
      vertex 77.018 0.824432 2.4
    endloop
  endfacet
  facet normal 0 0 1
    outer loop
      vertex 75.4 77.4 2.4
      vertex 76.5756 77.018 2.4
      vertex 76.308 77.182 2.4
    endloop
  endfacet
  facet normal 0 0 1
    outer loop
      vertex 77.018 0.824432 2.4
      vertex 75.4 0 2.4
      vertex 76.8142 0.585785 2.4
    endloop
  endfacet
  facet normal 0 0 1
    outer loop
      vertex 75.4 77.4 2.4
      vertex 76.308 77.182 2.4
      vertex 76.018 77.3021 2.4
    endloop
  endfacet
  facet normal 0 0 1
    outer loop
      vertex 76.8142 0.585785 2.4
      vertex 75.4 0 2.4
      vertex 76.5756 0.381973 2.4
    endloop
  endfacet
  facet normal 0 0 1
    outer loop
      vertex 75.4 77.4 2.4
      vertex 76.018 77.3021 2.4
      vertex 75.7129 77.3754 2.4
    endloop
  endfacet
  facet normal 0 0 1
    outer loop
      vertex 76.5756 0.381973 2.4
      vertex 75.4 0 2.4
      vertex 76.308 0.217987 2.4
    endloop
  endfacet
  facet normal 0 0 1
    outer loop
      vertex 76.308 0.217987 2.4
      vertex 75.4 0 2.4
      vertex 76.018 0.0978851 2.4
    endloop
  endfacet
  facet normal 0 0 1
    outer loop
      vertex 76.018 0.0978851 2.4
      vertex 75.4 0 2.4
      vertex 75.7129 0.0246277 2.4
    endloop
  endfacet
  facet normal -0 0 1
    outer loop
      vertex 2 77.4 2.4
      vertex 75.4 0 2.4
      vertex 75.4 77.4 2.4
    endloop
  endfacet
  facet normal 0 0 1
    outer loop
      vertex 2 77.4 2.4
      vertex 2 0 2.4
      vertex 75.4 0 2.4
    endloop
  endfacet
  facet normal 0 0 1
    outer loop
      vertex 0 75.4 2.4
      vertex 2 77.4 2.4
      vertex 1.68713 77.3754 2.4
    endloop
  endfacet
  facet normal 0 0 1
    outer loop
      vertex 2 77.4 2.4
      vertex 0 75.4 2.4
      vertex 2 0 2.4
    endloop
  endfacet
  facet normal 0 0 1
    outer loop
      vertex 0 75.4 2.4
      vertex 1.68713 77.3754 2.4
      vertex 1.38197 77.3021 2.4
    endloop
  endfacet
  facet normal -0 0 1
    outer loop
      vertex 0 2 2.4
      vertex 2 0 2.4
      vertex 0 75.4 2.4
    endloop
  endfacet
  facet normal 0 0 1
    outer loop
      vertex 0 75.4 2.4
      vertex 1.38197 77.3021 2.4
      vertex 1.09203 77.182 2.4
    endloop
  endfacet
  facet normal 0 0 1
    outer loop
      vertex 2 0 2.4
      vertex 0 2 2.4
      vertex 1.68713 0.0246277 2.4
    endloop
  endfacet
  facet normal 0 0 1
    outer loop
      vertex 0 75.4 2.4
      vertex 1.09203 77.182 2.4
      vertex 0.824432 77.018 2.4
    endloop
  endfacet
  facet normal 0 0 1
    outer loop
      vertex 1.68713 0.0246277 2.4
      vertex 0 2 2.4
      vertex 1.38197 0.0978851 2.4
    endloop
  endfacet
  facet normal 0 0 1
    outer loop
      vertex 0 75.4 2.4
      vertex 0.824432 77.018 2.4
      vertex 0.585785 76.8142 2.4
    endloop
  endfacet
  facet normal 0 0 1
    outer loop
      vertex 1.38197 0.0978851 2.4
      vertex 0 2 2.4
      vertex 1.09203 0.217987 2.4
    endloop
  endfacet
  facet normal 0 0 1
    outer loop
      vertex 0 75.4 2.4
      vertex 0.585785 76.8142 2.4
      vertex 0.381973 76.5756 2.4
    endloop
  endfacet
  facet normal 0 0 1
    outer loop
      vertex 1.09203 0.217987 2.4
      vertex 0 2 2.4
      vertex 0.824432 0.381973 2.4
    endloop
  endfacet
  facet normal 0 0 1
    outer loop
      vertex 0 75.4 2.4
      vertex 0.381973 76.5756 2.4
      vertex 0.217987 76.308 2.4
    endloop
  endfacet
  facet normal 0 0 1
    outer loop
      vertex 0.824432 0.381973 2.4
      vertex 0 2 2.4
      vertex 0.585785 0.585785 2.4
    endloop
  endfacet
  facet normal 0 0 1
    outer loop
      vertex 0 75.4 2.4
      vertex 0.217987 76.308 2.4
      vertex 0.0978851 76.018 2.4
    endloop
  endfacet
  facet normal 0 0 1
    outer loop
      vertex 0.585785 0.585785 2.4
      vertex 0 2 2.4
      vertex 0.381973 0.824432 2.4
    endloop
  endfacet
  facet normal 0 0 1
    outer loop
      vertex 0 75.4 2.4
      vertex 0.0978851 76.018 2.4
      vertex 0.0246277 75.7129 2.4
    endloop
  endfacet
  facet normal 0 0 1
    outer loop
      vertex 0.381973 0.824432 2.4
      vertex 0 2 2.4
      vertex 0.217987 1.09203 2.4
    endloop
  endfacet
  facet normal 0 0 1
    outer loop
      vertex 0.217987 1.09203 2.4
      vertex 0 2 2.4
      vertex 0.0978851 1.38197 2.4
    endloop
  endfacet
  facet normal 0 0 1
    outer loop
      vertex 0.0978851 1.38197 2.4
      vertex 0 2 2.4
      vertex 0.0246277 1.68713 2.4
    endloop
  endfacet
  facet normal -0.5225 0.852639 0
    outer loop
      vertex 76.5756 0.381973 2.4
      vertex 76.308 0.217987 16.4
      vertex 76.5756 0.381973 16.4
    endloop
  endfacet
  facet normal -0.5225 0.852639 0
    outer loop
      vertex 76.308 0.217987 16.4
      vertex 76.5756 0.381973 2.4
      vertex 76.308 0.217987 2.4
    endloop
  endfacet
  facet normal -0.382624 0.923904 0
    outer loop
      vertex 88.908 79.218 2.4
      vertex 88.618 79.0979 32.4
      vertex 88.908 79.218 32.4
    endloop
  endfacet
  facet normal -0.382624 0.923904 0
    outer loop
      vertex 88.618 79.0979 32.4
      vertex 88.908 79.218 2.4
      vertex 88.618 79.0979 2.4
    endloop
  endfacet
  facet normal -0.233602 0.972332 0
    outer loop
      vertex 88.618 79.0979 2.4
      vertex 88.3129 79.0246 32.4
      vertex 88.618 79.0979 32.4
    endloop
  endfacet
  facet normal -0.233602 0.972332 0
    outer loop
      vertex 88.3129 79.0246 32.4
      vertex 88.618 79.0979 2.4
      vertex 88.3129 79.0246 2.4
    endloop
  endfacet
  facet normal -0.522532 -0.85262 0
    outer loop
      vertex 88.908 87.782 2.4
      vertex 89.1756 87.618 32.4
      vertex 88.908 87.782 32.4
    endloop
  endfacet
  facet normal -0.522532 -0.85262 -0
    outer loop
      vertex 89.1756 87.618 32.4
      vertex 88.908 87.782 2.4
      vertex 89.1756 87.618 2.4
    endloop
  endfacet
  facet normal -0.0783775 0.996924 0
    outer loop
      vertex 88.3129 79.0246 2.4
      vertex 88 79 32.4
      vertex 88.3129 79.0246 32.4
    endloop
  endfacet
  facet normal -0.0783775 0.996924 0
    outer loop
      vertex 88 79 32.4
      vertex 88.3129 79.0246 2.4
      vertex 88 79 2.4
    endloop
  endfacet
  facet normal -0.972332 0.233602 0
    outer loop
      vertex 89.9021 80.382 2.4
      vertex 89.9754 80.6871 32.4
      vertex 89.9754 80.6871 2.4
    endloop
  endfacet
  facet normal -0.972332 0.233602 0
    outer loop
      vertex 89.9754 80.6871 32.4
      vertex 89.9021 80.382 2.4
      vertex 89.9021 80.382 32.4
    endloop
  endfacet
  facet normal 0 1 -0
    outer loop
      vertex 88 79 2.4
      vertex 2 79 32.4
      vertex 88 79 32.4
    endloop
  endfacet
  facet normal 0 1 0
    outer loop
      vertex 2 79 32.4
      vertex 88 79 2.4
      vertex 2 79 2.4
    endloop
  endfacet
  facet normal -0.233602 -0.972332 0
    outer loop
      vertex 88.3129 87.9754 2.4
      vertex 88.618 87.9021 32.4
      vertex 88.3129 87.9754 32.4
    endloop
  endfacet
  facet normal -0.233602 -0.972332 -0
    outer loop
      vertex 88.618 87.9021 32.4
      vertex 88.3129 87.9754 2.4
      vertex 88.618 87.9021 2.4
    endloop
  endfacet
  facet normal -0.996922 -0.0784024 0
    outer loop
      vertex 89.9754 86.3129 2.4
      vertex 90 86.0001 32.4
      vertex 89.9754 86.3129 32.4
    endloop
  endfacet
  facet normal -0.996924 -0.0783775 2.61258e-07
    outer loop
      vertex 90 86 2.4
      vertex 90 86.0001 32.4
      vertex 89.9754 86.3129 2.4
    endloop
  endfacet
  facet normal -1 0 0
    outer loop
      vertex 90 86 33.4
      vertex 90 86.0001 32.4
      vertex 90 86 2.4
    endloop
  endfacet
  facet normal -1 0 0
    outer loop
      vertex 90 86.0001 32.4
      vertex 90 86 33.4
      vertex 90 86.0001 33.4
    endloop
  endfacet
  facet normal 0.923902 0.382629 0
    outer loop
      vertex 0.217987 80.092 32.4
      vertex 0.0978851 80.382 2.4
      vertex 0.0978851 80.382 32.4
    endloop
  endfacet
  facet normal 0.923902 0.382629 0
    outer loop
      vertex 0.0978851 80.382 2.4
      vertex 0.217987 80.092 32.4
      vertex 0.217987 80.092 2.4
    endloop
  endfacet
  facet normal 0.649404 0.760443 -0
    outer loop
      vertex 0.824432 79.382 2.4
      vertex 0.585785 79.5858 32.4
      vertex 0.824432 79.382 32.4
    endloop
  endfacet
  facet normal 0.649404 0.760443 0
    outer loop
      vertex 0.585785 79.5858 32.4
      vertex 0.824432 79.382 2.4
      vertex 0.585785 79.5858 2.4
    endloop
  endfacet
  facet normal 0 -1 0
    outer loop
      vertex 2 88 2.4
      vertex 88 88 32.4
      vertex 2 88 32.4
    endloop
  endfacet
  facet normal 0 -1 -0
    outer loop
      vertex 88 88 32.4
      vertex 2 88 2.4
      vertex 88 88 2.4
    endloop
  endfacet
  facet normal 0.078385 0.996923 -0
    outer loop
      vertex 2 79 2.4
      vertex 1.68713 79.0246 32.4
      vertex 2 79 32.4
    endloop
  endfacet
  facet normal 0.078385 0.996923 0
    outer loop
      vertex 1.68713 79.0246 32.4
      vertex 2 79 2.4
      vertex 1.68713 79.0246 2.4
    endloop
  endfacet
  facet normal 0.923902 -0.382629 0
    outer loop
      vertex 0.0978851 86.618 32.4
      vertex 0.217987 86.908 2.4
      vertex 0.217987 86.908 32.4
    endloop
  endfacet
  facet normal 0.923902 -0.382629 0
    outer loop
      vertex 0.217987 86.908 2.4
      vertex 0.0978851 86.618 32.4
      vertex 0.0978851 86.618 2.4
    endloop
  endfacet
  facet normal 0.078385 -0.996923 0
    outer loop
      vertex 1.68713 87.9754 2.4
      vertex 2 88 32.4
      vertex 1.68713 87.9754 32.4
    endloop
  endfacet
  facet normal 0.078385 -0.996923 0
    outer loop
      vertex 2 88 32.4
      vertex 1.68713 87.9754 2.4
      vertex 2 88 2.4
    endloop
  endfacet
  facet normal -0.0783775 -0.996924 0
    outer loop
      vertex 88 88 2.4
      vertex 88.3129 87.9754 32.4
      vertex 88 88 32.4
    endloop
  endfacet
  facet normal -0.0783775 -0.996924 -0
    outer loop
      vertex 88.3129 87.9754 32.4
      vertex 88 88 2.4
      vertex 88.3129 87.9754 2.4
    endloop
  endfacet
  facet normal 0.233559 0.972343 -0
    outer loop
      vertex 1.68713 79.0246 2.4
      vertex 1.38197 79.0979 32.4
      vertex 1.68713 79.0246 32.4
    endloop
  endfacet
  facet normal 0.233559 0.972343 0
    outer loop
      vertex 1.38197 79.0979 32.4
      vertex 1.68713 79.0246 2.4
      vertex 1.38197 79.0979 2.4
    endloop
  endfacet
  facet normal 0.852639 -0.5225 0
    outer loop
      vertex 0.217987 86.908 32.4
      vertex 0.381973 87.1756 2.4
      vertex 0.381973 87.1756 32.4
    endloop
  endfacet
  facet normal 0.852639 -0.5225 0
    outer loop
      vertex 0.381973 87.1756 2.4
      vertex 0.217987 86.908 32.4
      vertex 0.217987 86.908 2.4
    endloop
  endfacet
  facet normal 0.233559 -0.972343 0
    outer loop
      vertex 1.38197 87.9021 2.4
      vertex 1.68713 87.9754 32.4
      vertex 1.38197 87.9021 32.4
    endloop
  endfacet
  facet normal 0.233559 -0.972343 0
    outer loop
      vertex 1.68713 87.9754 32.4
      vertex 1.38197 87.9021 2.4
      vertex 1.68713 87.9754 2.4
    endloop
  endfacet
  facet normal 1 -0 0
    outer loop
      vertex 0 81 32.4
      vertex 0 86 2.4
      vertex 0 86 32.4
    endloop
  endfacet
  facet normal 1 0 0
    outer loop
      vertex 0 86 2.4
      vertex 0 81 32.4
      vertex 0 81 2.4
    endloop
  endfacet
  facet normal 0.522535 0.852618 -0
    outer loop
      vertex 1.09203 79.218 2.4
      vertex 0.824432 79.382 32.4
      vertex 1.09203 79.218 32.4
    endloop
  endfacet
  facet normal 0.522535 0.852618 0
    outer loop
      vertex 0.824432 79.382 32.4
      vertex 1.09203 79.218 2.4
      vertex 0.824432 79.382 2.4
    endloop
  endfacet
  facet normal -0.85262 0.522532 0
    outer loop
      vertex 89.618 79.8244 2.4
      vertex 89.782 80.092 32.4
      vertex 89.782 80.092 2.4
    endloop
  endfacet
  facet normal -0.85262 0.522532 0
    outer loop
      vertex 89.782 80.092 32.4
      vertex 89.618 79.8244 2.4
      vertex 89.618 79.8244 32.4
    endloop
  endfacet
  facet normal 0.382691 -0.923876 0
    outer loop
      vertex 1.09203 87.782 2.4
      vertex 1.38197 87.9021 32.4
      vertex 1.09203 87.782 32.4
    endloop
  endfacet
  facet normal 0.382691 -0.923876 0
    outer loop
      vertex 1.38197 87.9021 32.4
      vertex 1.09203 87.782 2.4
      vertex 1.38197 87.9021 2.4
    endloop
  endfacet
  facet normal 0.996917 -0.0784652 0
    outer loop
      vertex 0 86 32.4
      vertex 0.0246277 86.3129 2.4
      vertex 0.0246277 86.3129 32.4
    endloop
  endfacet
  facet normal 0.996917 -0.0784652 0
    outer loop
      vertex 0.0246277 86.3129 2.4
      vertex 0 86 32.4
      vertex 0 86 2.4
    endloop
  endfacet
  facet normal 0.972363 0.233474 0
    outer loop
      vertex 0.0978851 80.382 32.4
      vertex 0.0246277 80.6871 2.4
      vertex 0.0246277 80.6871 32.4
    endloop
  endfacet
  facet normal 0.972363 0.233474 0
    outer loop
      vertex 0.0246277 80.6871 2.4
      vertex 0.0978851 80.382 32.4
      vertex 0.0978851 80.382 2.4
    endloop
  endfacet
  facet normal 0.760361 -0.6495 0
    outer loop
      vertex 0.381973 87.1756 32.4
      vertex 0.585785 87.4142 2.4
      vertex 0.585785 87.4142 32.4
    endloop
  endfacet
  facet normal 0.760361 -0.6495 0
    outer loop
      vertex 0.585785 87.4142 2.4
      vertex 0.381973 87.1756 32.4
      vertex 0.381973 87.1756 2.4
    endloop
  endfacet
  facet normal 0.852639 0.5225 0
    outer loop
      vertex 0.381973 79.8244 32.4
      vertex 0.217987 80.092 2.4
      vertex 0.217987 80.092 32.4
    endloop
  endfacet
  facet normal 0.852639 0.5225 0
    outer loop
      vertex 0.217987 80.092 2.4
      vertex 0.381973 79.8244 32.4
      vertex 0.381973 79.8244 2.4
    endloop
  endfacet
  facet normal -0.382624 -0.923904 0
    outer loop
      vertex 88.618 87.9021 2.4
      vertex 88.908 87.782 32.4
      vertex 88.618 87.9021 32.4
    endloop
  endfacet
  facet normal -0.382624 -0.923904 -0
    outer loop
      vertex 88.908 87.782 32.4
      vertex 88.618 87.9021 2.4
      vertex 88.908 87.782 2.4
    endloop
  endfacet
  facet normal -0.649478 -0.76038 0
    outer loop
      vertex 89.1756 87.618 2.4
      vertex 89.4142 87.4142 32.4
      vertex 89.1756 87.618 32.4
    endloop
  endfacet
  facet normal -0.649478 -0.76038 -0
    outer loop
      vertex 89.4142 87.4142 32.4
      vertex 89.1756 87.618 2.4
      vertex 89.4142 87.4142 2.4
    endloop
  endfacet
  facet normal -1 0 0
    outer loop
      vertex 90 81 2.4
      vertex 90 80.9999 32.4
      vertex 90 81 33.4
    endloop
  endfacet
  facet normal -0.996924 0.0783775 2.61258e-07
    outer loop
      vertex 89.9754 80.6871 2.4
      vertex 90 80.9999 32.4
      vertex 90 81 2.4
    endloop
  endfacet
  facet normal -0.996922 0.0784024 0
    outer loop
      vertex 90 80.9999 32.4
      vertex 89.9754 80.6871 2.4
      vertex 89.9754 80.6871 32.4
    endloop
  endfacet
  facet normal -1 -0 0
    outer loop
      vertex 90 81 33.4
      vertex 90 80.9999 32.4
      vertex 90 80.9999 33.4
    endloop
  endfacet
  facet normal -0.522532 0.85262 0
    outer loop
      vertex 89.1756 79.382 2.4
      vertex 88.908 79.218 32.4
      vertex 89.1756 79.382 32.4
    endloop
  endfacet
  facet normal -0.522532 0.85262 0
    outer loop
      vertex 88.908 79.218 32.4
      vertex 89.1756 79.382 2.4
      vertex 88.908 79.218 2.4
    endloop
  endfacet
  facet normal 0.522535 -0.852618 0
    outer loop
      vertex 0.824432 87.618 2.4
      vertex 1.09203 87.782 32.4
      vertex 0.824432 87.618 32.4
    endloop
  endfacet
  facet normal 0.522535 -0.852618 0
    outer loop
      vertex 1.09203 87.782 32.4
      vertex 0.824432 87.618 2.4
      vertex 1.09203 87.782 2.4
    endloop
  endfacet
  facet normal 0.996917 0.0784652 0
    outer loop
      vertex 0.0246277 80.6871 32.4
      vertex 0 81 2.4
      vertex 0 81 32.4
    endloop
  endfacet
  facet normal 0.996917 0.0784652 0
    outer loop
      vertex 0 81 2.4
      vertex 0.0246277 80.6871 32.4
      vertex 0.0246277 80.6871 2.4
    endloop
  endfacet
  facet normal -0.972332 -0.233602 0
    outer loop
      vertex 89.9754 86.3129 2.4
      vertex 89.9021 86.618 32.4
      vertex 89.9021 86.618 2.4
    endloop
  endfacet
  facet normal -0.972332 -0.233602 0
    outer loop
      vertex 89.9021 86.618 32.4
      vertex 89.9754 86.3129 2.4
      vertex 89.9754 86.3129 32.4
    endloop
  endfacet
  facet normal -0.923904 0.382624 0
    outer loop
      vertex 89.782 80.092 2.4
      vertex 89.9021 80.382 32.4
      vertex 89.9021 80.382 2.4
    endloop
  endfacet
  facet normal -0.923904 0.382624 0
    outer loop
      vertex 89.9021 80.382 32.4
      vertex 89.782 80.092 2.4
      vertex 89.782 80.092 32.4
    endloop
  endfacet
  facet normal -1 0 0
    outer loop
      vertex 90 81 2.4
      vertex 90 86 33.4
      vertex 90 86 2.4
    endloop
  endfacet
  facet normal -1 -0 0
    outer loop
      vertex 90 86 33.4
      vertex 90 81 2.4
      vertex 90 81 33.4
    endloop
  endfacet
  facet normal -0.76038 0.649478 0
    outer loop
      vertex 89.4142 79.5858 2.4
      vertex 89.618 79.8244 32.4
      vertex 89.618 79.8244 2.4
    endloop
  endfacet
  facet normal -0.76038 0.649478 0
    outer loop
      vertex 89.618 79.8244 32.4
      vertex 89.4142 79.5858 2.4
      vertex 89.4142 79.5858 32.4
    endloop
  endfacet
  facet normal 0.649404 -0.760443 0
    outer loop
      vertex 0.585785 87.4142 2.4
      vertex 0.824432 87.618 32.4
      vertex 0.585785 87.4142 32.4
    endloop
  endfacet
  facet normal 0.649404 -0.760443 0
    outer loop
      vertex 0.824432 87.618 32.4
      vertex 0.585785 87.4142 2.4
      vertex 0.824432 87.618 2.4
    endloop
  endfacet
  facet normal 0.760361 0.6495 0
    outer loop
      vertex 0.585785 79.5858 32.4
      vertex 0.381973 79.8244 2.4
      vertex 0.381973 79.8244 32.4
    endloop
  endfacet
  facet normal 0.760361 0.6495 0
    outer loop
      vertex 0.381973 79.8244 2.4
      vertex 0.585785 79.5858 32.4
      vertex 0.585785 79.5858 2.4
    endloop
  endfacet
  facet normal 0 0 1
    outer loop
      vertex 88 88 2.4
      vertex 90 86 2.4
      vertex 89.9754 86.3129 2.4
    endloop
  endfacet
  facet normal 0 0 1
    outer loop
      vertex 90 86 2.4
      vertex 88 88 2.4
      vertex 90 81 2.4
    endloop
  endfacet
  facet normal 0 0 1
    outer loop
      vertex 88 88 2.4
      vertex 89.9754 86.3129 2.4
      vertex 89.9021 86.618 2.4
    endloop
  endfacet
  facet normal 0 0 1
    outer loop
      vertex 88 79 2.4
      vertex 90 81 2.4
      vertex 88 88 2.4
    endloop
  endfacet
  facet normal 0 0 1
    outer loop
      vertex 88 88 2.4
      vertex 89.9021 86.618 2.4
      vertex 89.782 86.908 2.4
    endloop
  endfacet
  facet normal 0 0 1
    outer loop
      vertex 90 81 2.4
      vertex 88 79 2.4
      vertex 89.9754 80.6871 2.4
    endloop
  endfacet
  facet normal 0 0 1
    outer loop
      vertex 88 88 2.4
      vertex 89.782 86.908 2.4
      vertex 89.618 87.1756 2.4
    endloop
  endfacet
  facet normal 0 0 1
    outer loop
      vertex 89.9754 80.6871 2.4
      vertex 88 79 2.4
      vertex 89.9021 80.382 2.4
    endloop
  endfacet
  facet normal 0 0 1
    outer loop
      vertex 88 88 2.4
      vertex 89.618 87.1756 2.4
      vertex 89.4142 87.4142 2.4
    endloop
  endfacet
  facet normal 0 0 1
    outer loop
      vertex 89.9021 80.382 2.4
      vertex 88 79 2.4
      vertex 89.782 80.092 2.4
    endloop
  endfacet
  facet normal 0 0 1
    outer loop
      vertex 88 88 2.4
      vertex 89.4142 87.4142 2.4
      vertex 89.1756 87.618 2.4
    endloop
  endfacet
  facet normal 0 0 1
    outer loop
      vertex 89.782 80.092 2.4
      vertex 88 79 2.4
      vertex 89.618 79.8244 2.4
    endloop
  endfacet
  facet normal 0 0 1
    outer loop
      vertex 88 88 2.4
      vertex 89.1756 87.618 2.4
      vertex 88.908 87.782 2.4
    endloop
  endfacet
  facet normal 0 0 1
    outer loop
      vertex 89.618 79.8244 2.4
      vertex 88 79 2.4
      vertex 89.4142 79.5858 2.4
    endloop
  endfacet
  facet normal 0 0 1
    outer loop
      vertex 88 88 2.4
      vertex 88.908 87.782 2.4
      vertex 88.618 87.9021 2.4
    endloop
  endfacet
  facet normal 0 0 1
    outer loop
      vertex 89.4142 79.5858 2.4
      vertex 88 79 2.4
      vertex 89.1756 79.382 2.4
    endloop
  endfacet
  facet normal 0 0 1
    outer loop
      vertex 88 88 2.4
      vertex 88.618 87.9021 2.4
      vertex 88.3129 87.9754 2.4
    endloop
  endfacet
  facet normal 0 0 1
    outer loop
      vertex 89.1756 79.382 2.4
      vertex 88 79 2.4
      vertex 88.908 79.218 2.4
    endloop
  endfacet
  facet normal 0 0 1
    outer loop
      vertex 88.908 79.218 2.4
      vertex 88 79 2.4
      vertex 88.618 79.0979 2.4
    endloop
  endfacet
  facet normal 0 0 1
    outer loop
      vertex 88.618 79.0979 2.4
      vertex 88 79 2.4
      vertex 88.3129 79.0246 2.4
    endloop
  endfacet
  facet normal -0 0 1
    outer loop
      vertex 2 88 2.4
      vertex 88 79 2.4
      vertex 88 88 2.4
    endloop
  endfacet
  facet normal 0 0 1
    outer loop
      vertex 2 88 2.4
      vertex 2 79 2.4
      vertex 88 79 2.4
    endloop
  endfacet
  facet normal 0 0 1
    outer loop
      vertex 0 86 2.4
      vertex 2 88 2.4
      vertex 1.68713 87.9754 2.4
    endloop
  endfacet
  facet normal 0 0 1
    outer loop
      vertex 2 88 2.4
      vertex 0 86 2.4
      vertex 2 79 2.4
    endloop
  endfacet
  facet normal 0 0 1
    outer loop
      vertex 0 86 2.4
      vertex 1.68713 87.9754 2.4
      vertex 1.38197 87.9021 2.4
    endloop
  endfacet
  facet normal -0 0 1
    outer loop
      vertex 0 81 2.4
      vertex 2 79 2.4
      vertex 0 86 2.4
    endloop
  endfacet
  facet normal 0 0 1
    outer loop
      vertex 0 86 2.4
      vertex 1.38197 87.9021 2.4
      vertex 1.09203 87.782 2.4
    endloop
  endfacet
  facet normal 0 0 1
    outer loop
      vertex 2 79 2.4
      vertex 0 81 2.4
      vertex 1.68713 79.0246 2.4
    endloop
  endfacet
  facet normal 0 0 1
    outer loop
      vertex 0 86 2.4
      vertex 1.09203 87.782 2.4
      vertex 0.824432 87.618 2.4
    endloop
  endfacet
  facet normal 0 0 1
    outer loop
      vertex 1.68713 79.0246 2.4
      vertex 0 81 2.4
      vertex 1.38197 79.0979 2.4
    endloop
  endfacet
  facet normal 0 0 1
    outer loop
      vertex 0 86 2.4
      vertex 0.824432 87.618 2.4
      vertex 0.585785 87.4142 2.4
    endloop
  endfacet
  facet normal 0 0 1
    outer loop
      vertex 1.38197 79.0979 2.4
      vertex 0 81 2.4
      vertex 1.09203 79.218 2.4
    endloop
  endfacet
  facet normal 0 0 1
    outer loop
      vertex 0 86 2.4
      vertex 0.585785 87.4142 2.4
      vertex 0.381973 87.1756 2.4
    endloop
  endfacet
  facet normal 0 0 1
    outer loop
      vertex 1.09203 79.218 2.4
      vertex 0 81 2.4
      vertex 0.824432 79.382 2.4
    endloop
  endfacet
  facet normal 0 0 1
    outer loop
      vertex 0 86 2.4
      vertex 0.381973 87.1756 2.4
      vertex 0.217987 86.908 2.4
    endloop
  endfacet
  facet normal 0 0 1
    outer loop
      vertex 0.824432 79.382 2.4
      vertex 0 81 2.4
      vertex 0.585785 79.5858 2.4
    endloop
  endfacet
  facet normal 0 0 1
    outer loop
      vertex 0 86 2.4
      vertex 0.217987 86.908 2.4
      vertex 0.0978851 86.618 2.4
    endloop
  endfacet
  facet normal 0 0 1
    outer loop
      vertex 0.585785 79.5858 2.4
      vertex 0 81 2.4
      vertex 0.381973 79.8244 2.4
    endloop
  endfacet
  facet normal 0 0 1
    outer loop
      vertex 0 86 2.4
      vertex 0.0978851 86.618 2.4
      vertex 0.0246277 86.3129 2.4
    endloop
  endfacet
  facet normal 0 0 1
    outer loop
      vertex 0.381973 79.8244 2.4
      vertex 0 81 2.4
      vertex 0.217987 80.092 2.4
    endloop
  endfacet
  facet normal 0 0 1
    outer loop
      vertex 0.217987 80.092 2.4
      vertex 0 81 2.4
      vertex 0.0978851 80.382 2.4
    endloop
  endfacet
  facet normal 0 0 1
    outer loop
      vertex 0.0978851 80.382 2.4
      vertex 0 81 2.4
      vertex 0.0246277 80.6871 2.4
    endloop
  endfacet
  facet normal -0.85262 -0.522532 0
    outer loop
      vertex 89.782 86.908 2.4
      vertex 89.618 87.1756 32.4
      vertex 89.618 87.1756 2.4
    endloop
  endfacet
  facet normal -0.85262 -0.522532 0
    outer loop
      vertex 89.618 87.1756 32.4
      vertex 89.782 86.908 2.4
      vertex 89.782 86.908 32.4
    endloop
  endfacet
  facet normal 0.382691 0.923876 -0
    outer loop
      vertex 1.38197 79.0979 2.4
      vertex 1.09203 79.218 32.4
      vertex 1.38197 79.0979 32.4
    endloop
  endfacet
  facet normal 0.382691 0.923876 0
    outer loop
      vertex 1.09203 79.218 32.4
      vertex 1.38197 79.0979 2.4
      vertex 1.09203 79.218 2.4
    endloop
  endfacet
  facet normal 0.972363 -0.233474 0
    outer loop
      vertex 0.0246277 86.3129 32.4
      vertex 0.0978851 86.618 2.4
      vertex 0.0978851 86.618 32.4
    endloop
  endfacet
  facet normal 0.972363 -0.233474 0
    outer loop
      vertex 0.0978851 86.618 2.4
      vertex 0.0246277 86.3129 32.4
      vertex 0.0246277 86.3129 2.4
    endloop
  endfacet
  facet normal -0.923904 -0.382624 0
    outer loop
      vertex 89.9021 86.618 2.4
      vertex 89.782 86.908 32.4
      vertex 89.782 86.908 2.4
    endloop
  endfacet
  facet normal -0.923904 -0.382624 0
    outer loop
      vertex 89.782 86.908 32.4
      vertex 89.9021 86.618 2.4
      vertex 89.9021 86.618 32.4
    endloop
  endfacet
  facet normal 0 0 0
    outer loop
      vertex 90 80.9999 33.4
      vertex 90 86 33.4
      vertex 90 81 33.4
    endloop
  endfacet
  facet normal -0 0 0
    outer loop
      vertex 90 86 33.4
      vertex 90 80.9999 33.4
      vertex 90 86.0001 33.4
    endloop
  endfacet
  facet normal -0.76038 -0.649478 0
    outer loop
      vertex 89.618 87.1756 2.4
      vertex 89.4142 87.4142 32.4
      vertex 89.4142 87.4142 2.4
    endloop
  endfacet
  facet normal -0.76038 -0.649478 0
    outer loop
      vertex 89.4142 87.4142 32.4
      vertex 89.618 87.1756 2.4
      vertex 89.618 87.1756 32.4
    endloop
  endfacet
  facet normal -0.649478 0.76038 0
    outer loop
      vertex 89.4142 79.5858 2.4
      vertex 89.1756 79.382 32.4
      vertex 89.4142 79.5858 32.4
    endloop
  endfacet
  facet normal -0.649478 0.76038 0
    outer loop
      vertex 89.1756 79.382 32.4
      vertex 89.4142 79.5858 2.4
      vertex 89.1756 79.382 2.4
    endloop
  endfacet
  facet normal 0.0784652 0.996917 -0
    outer loop
      vertex 93.6 0 2.4
      vertex 93.2871 0.0246277 92.4
      vertex 93.6 0 92.4
    endloop
  endfacet
  facet normal 0.0784652 0.996917 0
    outer loop
      vertex 93.2871 0.0246277 92.4
      vertex 93.6 0 2.4
      vertex 93.2871 0.0246277 2.4
    endloop
  endfacet
  facet normal -0.382629 0.923902 0
    outer loop
      vertex 138.508 0.217987 2.4
      vertex 138.218 0.0978851 92.4
      vertex 138.508 0.217987 92.4
    endloop
  endfacet
  facet normal -0.382629 0.923902 0
    outer loop
      vertex 138.218 0.0978851 92.4
      vertex 138.508 0.217987 2.4
      vertex 138.218 0.0978851 2.4
    endloop
  endfacet
  facet normal 0 1 -0
    outer loop
      vertex 137.6 0 2.4
      vertex 93.6 0 92.4
      vertex 137.6 0 92.4
    endloop
  endfacet
  facet normal 0 1 0
    outer loop
      vertex 93.6 0 92.4
      vertex 137.6 0 2.4
      vertex 93.6 0 2.4
    endloop
  endfacet
  facet normal -0.233546 0.972346 0
    outer loop
      vertex 138.218 0.0978851 2.4
      vertex 137.913 0.0246277 92.4
      vertex 138.218 0.0978851 92.4
    endloop
  endfacet
  facet normal -0.233546 0.972346 0
    outer loop
      vertex 137.913 0.0246277 92.4
      vertex 138.218 0.0978851 2.4
      vertex 137.913 0.0246277 2.4
    endloop
  endfacet
  facet normal -0.972549 -0.232698 0
    outer loop
      vertex 139.575 46.3129 2.4
      vertex 139.502 46.618 92.4
      vertex 139.502 46.618 2.4
    endloop
  endfacet
  facet normal -0.972549 -0.232698 0
    outer loop
      vertex 139.502 46.618 92.4
      vertex 139.575 46.3129 2.4
      vertex 139.575 46.3129 92.4
    endloop
  endfacet
  facet normal -0.0784403 0.996919 0
    outer loop
      vertex 137.913 0.0246277 2.4
      vertex 137.6 0 92.4
      vertex 137.913 0.0246277 92.4
    endloop
  endfacet
  facet normal -0.0784403 0.996919 0
    outer loop
      vertex 137.6 0 92.4
      vertex 137.913 0.0246277 2.4
      vertex 137.6 0 2.4
    endloop
  endfacet
  facet normal 0.760443 0.649404 0
    outer loop
      vertex 92.1858 0.585785 92.4
      vertex 91.982 0.824432 2.4
      vertex 91.982 0.824432 92.4
    endloop
  endfacet
  facet normal 0.760443 0.649404 0
    outer loop
      vertex 91.982 0.824432 2.4
      vertex 92.1858 0.585785 92.4
      vertex 92.1858 0.585785 2.4
    endloop
  endfacet
  facet normal 0.382629 0.923902 -0
    outer loop
      vertex 92.982 0.0978851 2.4
      vertex 92.692 0.217987 92.4
      vertex 92.982 0.0978851 92.4
    endloop
  endfacet
  facet normal 0.382629 0.923902 0
    outer loop
      vertex 92.692 0.217987 92.4
      vertex 92.982 0.0978851 2.4
      vertex 92.692 0.217987 2.4
    endloop
  endfacet
  facet normal 0.5225 0.852639 -0
    outer loop
      vertex 92.692 0.217987 2.4
      vertex 92.4244 0.381973 92.4
      vertex 92.692 0.217987 92.4
    endloop
  endfacet
  facet normal 0.5225 0.852639 0
    outer loop
      vertex 92.4244 0.381973 92.4
      vertex 92.692 0.217987 2.4
      vertex 92.4244 0.381973 2.4
    endloop
  endfacet
  facet normal 0.85262 -0.522532 0
    outer loop
      vertex 91.818 46.908 92.4
      vertex 91.982 47.1756 2.4
      vertex 91.982 47.1756 92.4
    endloop
  endfacet
  facet normal 0.85262 -0.522532 0
    outer loop
      vertex 91.982 47.1756 2.4
      vertex 91.818 46.908 92.4
      vertex 91.818 46.908 2.4
    endloop
  endfacet
  facet normal -1 0 0
    outer loop
      vertex 139.6 2 2.4
      vertex 139.6 46 92.4
      vertex 139.6 46 2.4
    endloop
  endfacet
  facet normal -1 -0 0
    outer loop
      vertex 139.6 46 92.4
      vertex 139.6 2 2.4
      vertex 139.6 2 92.4
    endloop
  endfacet
  facet normal 1 -0 0
    outer loop
      vertex 91.6 2 92.4
      vertex 91.6 46 2.4
      vertex 91.6 46 92.4
    endloop
  endfacet
  facet normal 1 0 0
    outer loop
      vertex 91.6 46 2.4
      vertex 91.6 2 92.4
      vertex 91.6 2 2.4
    endloop
  endfacet
  facet normal 0.522532 -0.85262 0
    outer loop
      vertex 92.4244 47.618 2.4
      vertex 92.692 47.782 92.4
      vertex 92.4244 47.618 92.4
    endloop
  endfacet
  facet normal 0.522532 -0.85262 0
    outer loop
      vertex 92.692 47.782 92.4
      vertex 92.4244 47.618 2.4
      vertex 92.692 47.782 2.4
    endloop
  endfacet
  facet normal -0.996823 -0.0796439 0
    outer loop
      vertex 139.6 46 2.4
      vertex 139.575 46.3129 92.4
      vertex 139.575 46.3129 2.4
    endloop
  endfacet
  facet normal -0.996823 -0.0796439 0
    outer loop
      vertex 139.575 46.3129 92.4
      vertex 139.6 46 2.4
      vertex 139.6 46 92.4
    endloop
  endfacet
  facet normal 0.649478 -0.76038 0
    outer loop
      vertex 92.1858 47.4142 2.4
      vertex 92.4244 47.618 92.4
      vertex 92.1858 47.4142 92.4
    endloop
  endfacet
  facet normal 0.649478 -0.76038 0
    outer loop
      vertex 92.4244 47.618 92.4
      vertex 92.1858 47.4142 2.4
      vertex 92.4244 47.618 2.4
    endloop
  endfacet
  facet normal -0.0783526 -0.996926 0
    outer loop
      vertex 137.6 48 2.4
      vertex 137.913 47.9754 92.4
      vertex 137.6 48 92.4
    endloop
  endfacet
  facet normal -0.0783526 -0.996926 -0
    outer loop
      vertex 137.913 47.9754 92.4
      vertex 137.6 48 2.4
      vertex 137.913 47.9754 2.4
    endloop
  endfacet
  facet normal -0.382624 -0.923904 0
    outer loop
      vertex 138.218 47.9021 2.4
      vertex 138.508 47.782 92.4
      vertex 138.218 47.9021 92.4
    endloop
  endfacet
  facet normal -0.382624 -0.923904 -0
    outer loop
      vertex 138.508 47.782 92.4
      vertex 138.218 47.9021 2.4
      vertex 138.508 47.782 2.4
    endloop
  endfacet
  facet normal -0.852618 0.522535 0
    outer loop
      vertex 139.218 0.824432 2.4
      vertex 139.382 1.09203 92.4
      vertex 139.382 1.09203 2.4
    endloop
  endfacet
  facet normal -0.852618 0.522535 0
    outer loop
      vertex 139.382 1.09203 92.4
      vertex 139.218 0.824432 2.4
      vertex 139.218 0.824432 92.4
    endloop
  endfacet
  facet normal 0.996924 -0.0783775 0
    outer loop
      vertex 91.6 46 92.4
      vertex 91.6246 46.3129 2.4
      vertex 91.6246 46.3129 92.4
    endloop
  endfacet
  facet normal 0.996924 -0.0783775 0
    outer loop
      vertex 91.6246 46.3129 2.4
      vertex 91.6 46 92.4
      vertex 91.6 46 2.4
    endloop
  endfacet
  facet normal 0.923876 0.382691 0
    outer loop
      vertex 91.818 1.09203 92.4
      vertex 91.6979 1.38197 2.4
      vertex 91.6979 1.38197 92.4
    endloop
  endfacet
  facet normal 0.923876 0.382691 0
    outer loop
      vertex 91.6979 1.38197 2.4
      vertex 91.818 1.09203 92.4
      vertex 91.818 1.09203 2.4
    endloop
  endfacet
  facet normal 0.996923 0.078385 0
    outer loop
      vertex 91.6246 1.68713 92.4
      vertex 91.6 2 2.4
      vertex 91.6 2 92.4
    endloop
  endfacet
  facet normal 0.996923 0.078385 0
    outer loop
      vertex 91.6 2 2.4
      vertex 91.6246 1.68713 92.4
      vertex 91.6246 1.68713 2.4
    endloop
  endfacet
  facet normal 0 -1 0
    outer loop
      vertex 93.6 48 2.4
      vertex 137.6 48 92.4
      vertex 93.6 48 92.4
    endloop
  endfacet
  facet normal 0 -1 -0
    outer loop
      vertex 137.6 48 92.4
      vertex 93.6 48 2.4
      vertex 137.6 48 2.4
    endloop
  endfacet
  facet normal 0.0783775 -0.996924 0
    outer loop
      vertex 93.2871 47.9754 2.4
      vertex 93.6 48 92.4
      vertex 93.2871 47.9754 92.4
    endloop
  endfacet
  facet normal 0.0783775 -0.996924 0
    outer loop
      vertex 93.6 48 92.4
      vertex 93.2871 47.9754 2.4
      vertex 93.6 48 2.4
    endloop
  endfacet
  facet normal 0.382624 -0.923904 0
    outer loop
      vertex 92.692 47.782 2.4
      vertex 92.982 47.9021 92.4
      vertex 92.692 47.782 92.4
    endloop
  endfacet
  facet normal 0.382624 -0.923904 0
    outer loop
      vertex 92.982 47.9021 92.4
      vertex 92.692 47.782 2.4
      vertex 92.982 47.9021 2.4
    endloop
  endfacet
  facet normal 0.233474 0.972363 -0
    outer loop
      vertex 93.2871 0.0246277 2.4
      vertex 92.982 0.0978851 92.4
      vertex 93.2871 0.0246277 92.4
    endloop
  endfacet
  facet normal 0.233474 0.972363 0
    outer loop
      vertex 92.982 0.0978851 92.4
      vertex 93.2871 0.0246277 2.4
      vertex 92.982 0.0978851 2.4
    endloop
  endfacet
  facet normal 0.6495 0.760361 -0
    outer loop
      vertex 92.4244 0.381973 2.4
      vertex 92.1858 0.585785 92.4
      vertex 92.4244 0.381973 92.4
    endloop
  endfacet
  facet normal 0.6495 0.760361 0
    outer loop
      vertex 92.1858 0.585785 92.4
      vertex 92.4244 0.381973 2.4
      vertex 92.1858 0.585785 2.4
    endloop
  endfacet
  facet normal -0.233674 -0.972315 0
    outer loop
      vertex 137.913 47.9754 2.4
      vertex 138.218 47.9021 92.4
      vertex 137.913 47.9754 92.4
    endloop
  endfacet
  facet normal -0.233674 -0.972315 -0
    outer loop
      vertex 138.218 47.9021 92.4
      vertex 137.913 47.9754 2.4
      vertex 138.218 47.9021 2.4
    endloop
  endfacet
  facet normal 0.972332 -0.233602 0
    outer loop
      vertex 91.6246 46.3129 92.4
      vertex 91.6979 46.618 2.4
      vertex 91.6979 46.618 92.4
    endloop
  endfacet
  facet normal 0.972332 -0.233602 0
    outer loop
      vertex 91.6979 46.618 2.4
      vertex 91.6246 46.3129 92.4
      vertex 91.6246 46.3129 2.4
    endloop
  endfacet
  facet normal -0.972559 0.232654 0
    outer loop
      vertex 139.502 1.38197 2.4
      vertex 139.575 1.68713 92.4
      vertex 139.575 1.68713 2.4
    endloop
  endfacet
  facet normal -0.972559 0.232654 0
    outer loop
      vertex 139.575 1.68713 92.4
      vertex 139.502 1.38197 2.4
      vertex 139.502 1.38197 92.4
    endloop
  endfacet
  facet normal 0.233602 -0.972332 0
    outer loop
      vertex 92.982 47.9021 2.4
      vertex 93.2871 47.9754 92.4
      vertex 92.982 47.9021 92.4
    endloop
  endfacet
  facet normal 0.233602 -0.972332 0
    outer loop
      vertex 93.2871 47.9754 92.4
      vertex 92.982 47.9021 2.4
      vertex 93.2871 47.9754 2.4
    endloop
  endfacet
  facet normal -0.760129 0.649773 0
    outer loop
      vertex 139.014 0.585785 2.4
      vertex 139.218 0.824432 92.4
      vertex 139.218 0.824432 2.4
    endloop
  endfacet
  facet normal -0.760129 0.649773 0
    outer loop
      vertex 139.218 0.824432 92.4
      vertex 139.014 0.585785 2.4
      vertex 139.014 0.585785 92.4
    endloop
  endfacet
  facet normal -0.650423 -0.759572 0
    outer loop
      vertex 138.776 47.618 2.4
      vertex 139.014 47.4142 92.4
      vertex 138.776 47.618 92.4
    endloop
  endfacet
  facet normal -0.650423 -0.759572 -0
    outer loop
      vertex 139.014 47.4142 92.4
      vertex 138.776 47.618 2.4
      vertex 139.014 47.4142 2.4
    endloop
  endfacet
  facet normal -0.924017 -0.382352 0
    outer loop
      vertex 139.502 46.618 2.4
      vertex 139.382 46.908 92.4
      vertex 139.382 46.908 2.4
    endloop
  endfacet
  facet normal -0.924017 -0.382352 0
    outer loop
      vertex 139.382 46.908 92.4
      vertex 139.502 46.618 2.4
      vertex 139.502 46.618 92.4
    endloop
  endfacet
  facet normal 0.76038 -0.649478 0
    outer loop
      vertex 91.982 47.1756 92.4
      vertex 92.1858 47.4142 2.4
      vertex 92.1858 47.4142 92.4
    endloop
  endfacet
  facet normal 0.76038 -0.649478 0
    outer loop
      vertex 92.1858 47.4142 2.4
      vertex 91.982 47.1756 92.4
      vertex 91.982 47.1756 2.4
    endloop
  endfacet
  facet normal 0.923904 -0.382624 0
    outer loop
      vertex 91.6979 46.618 92.4
      vertex 91.818 46.908 2.4
      vertex 91.818 46.908 92.4
    endloop
  endfacet
  facet normal 0.923904 -0.382624 0
    outer loop
      vertex 91.818 46.908 2.4
      vertex 91.6979 46.618 92.4
      vertex 91.6979 46.618 2.4
    endloop
  endfacet
  facet normal -0.760066 -0.649846 0
    outer loop
      vertex 139.218 47.1756 2.4
      vertex 139.014 47.4142 92.4
      vertex 139.014 47.4142 2.4
    endloop
  endfacet
  facet normal -0.760066 -0.649846 0
    outer loop
      vertex 139.014 47.4142 92.4
      vertex 139.218 47.1756 2.4
      vertex 139.218 47.1756 92.4
    endloop
  endfacet
  facet normal -0.521932 0.852987 0
    outer loop
      vertex 138.776 0.381973 2.4
      vertex 138.508 0.217987 92.4
      vertex 138.776 0.381973 92.4
    endloop
  endfacet
  facet normal -0.521932 0.852987 0
    outer loop
      vertex 138.508 0.217987 92.4
      vertex 138.776 0.381973 2.4
      vertex 138.508 0.217987 2.4
    endloop
  endfacet
  facet normal -0.521965 -0.852967 0
    outer loop
      vertex 138.508 47.782 2.4
      vertex 138.776 47.618 92.4
      vertex 138.508 47.782 92.4
    endloop
  endfacet
  facet normal -0.521965 -0.852967 -0
    outer loop
      vertex 138.776 47.618 92.4
      vertex 138.508 47.782 2.4
      vertex 138.776 47.618 2.4
    endloop
  endfacet
  facet normal -0.650445 0.759553 0
    outer loop
      vertex 139.014 0.585785 2.4
      vertex 138.776 0.381973 92.4
      vertex 139.014 0.585785 92.4
    endloop
  endfacet
  facet normal -0.650445 0.759553 0
    outer loop
      vertex 138.776 0.381973 92.4
      vertex 139.014 0.585785 2.4
      vertex 138.776 0.381973 2.4
    endloop
  endfacet
  facet normal -0.85262 -0.522532 0
    outer loop
      vertex 139.382 46.908 2.4
      vertex 139.218 47.1756 92.4
      vertex 139.218 47.1756 2.4
    endloop
  endfacet
  facet normal -0.85262 -0.522532 0
    outer loop
      vertex 139.218 47.1756 92.4
      vertex 139.382 46.908 2.4
      vertex 139.382 46.908 92.4
    endloop
  endfacet
  facet normal -0.923989 0.382419 0
    outer loop
      vertex 139.382 1.09203 2.4
      vertex 139.502 1.38197 92.4
      vertex 139.502 1.38197 2.4
    endloop
  endfacet
  facet normal -0.923989 0.382419 0
    outer loop
      vertex 139.502 1.38197 92.4
      vertex 139.382 1.09203 2.4
      vertex 139.382 1.09203 92.4
    endloop
  endfacet
  facet normal 0.852618 0.522535 0
    outer loop
      vertex 91.982 0.824432 92.4
      vertex 91.818 1.09203 2.4
      vertex 91.818 1.09203 92.4
    endloop
  endfacet
  facet normal 0.852618 0.522535 0
    outer loop
      vertex 91.818 1.09203 2.4
      vertex 91.982 0.824432 92.4
      vertex 91.982 0.824432 2.4
    endloop
  endfacet
  facet normal -0.996823 0.0796515 0
    outer loop
      vertex 139.575 1.68713 2.4
      vertex 139.6 2 92.4
      vertex 139.6 2 2.4
    endloop
  endfacet
  facet normal -0.996823 0.0796515 0
    outer loop
      vertex 139.6 2 92.4
      vertex 139.575 1.68713 2.4
      vertex 139.575 1.68713 92.4
    endloop
  endfacet
  facet normal 0.972343 0.233559 0
    outer loop
      vertex 91.6979 1.38197 92.4
      vertex 91.6246 1.68713 2.4
      vertex 91.6246 1.68713 92.4
    endloop
  endfacet
  facet normal 0.972343 0.233559 0
    outer loop
      vertex 91.6246 1.68713 2.4
      vertex 91.6979 1.38197 92.4
      vertex 91.6979 1.38197 2.4
    endloop
  endfacet
  facet normal 0 0 1
    outer loop
      vertex 137.6 48 2.4
      vertex 139.6 46 2.4
      vertex 139.575 46.3129 2.4
    endloop
  endfacet
  facet normal 0 0 1
    outer loop
      vertex 139.6 46 2.4
      vertex 137.6 48 2.4
      vertex 139.6 2 2.4
    endloop
  endfacet
  facet normal 0 0 1
    outer loop
      vertex 137.6 48 2.4
      vertex 139.575 46.3129 2.4
      vertex 139.502 46.618 2.4
    endloop
  endfacet
  facet normal 0 0 1
    outer loop
      vertex 137.6 0 2.4
      vertex 139.6 2 2.4
      vertex 137.6 48 2.4
    endloop
  endfacet
  facet normal 0 0 1
    outer loop
      vertex 137.6 48 2.4
      vertex 139.502 46.618 2.4
      vertex 139.382 46.908 2.4
    endloop
  endfacet
  facet normal 0 0 1
    outer loop
      vertex 139.6 2 2.4
      vertex 137.6 0 2.4
      vertex 139.575 1.68713 2.4
    endloop
  endfacet
  facet normal 0 0 1
    outer loop
      vertex 137.6 48 2.4
      vertex 139.382 46.908 2.4
      vertex 139.218 47.1756 2.4
    endloop
  endfacet
  facet normal 0 0 1
    outer loop
      vertex 139.575 1.68713 2.4
      vertex 137.6 0 2.4
      vertex 139.502 1.38197 2.4
    endloop
  endfacet
  facet normal 0 0 1
    outer loop
      vertex 137.6 48 2.4
      vertex 139.218 47.1756 2.4
      vertex 139.014 47.4142 2.4
    endloop
  endfacet
  facet normal 0 0 1
    outer loop
      vertex 139.502 1.38197 2.4
      vertex 137.6 0 2.4
      vertex 139.382 1.09203 2.4
    endloop
  endfacet
  facet normal 0 0 1
    outer loop
      vertex 137.6 48 2.4
      vertex 139.014 47.4142 2.4
      vertex 138.776 47.618 2.4
    endloop
  endfacet
  facet normal 0 0 1
    outer loop
      vertex 139.382 1.09203 2.4
      vertex 137.6 0 2.4
      vertex 139.218 0.824432 2.4
    endloop
  endfacet
  facet normal 0 0 1
    outer loop
      vertex 137.6 48 2.4
      vertex 138.776 47.618 2.4
      vertex 138.508 47.782 2.4
    endloop
  endfacet
  facet normal 0 0 1
    outer loop
      vertex 139.218 0.824432 2.4
      vertex 137.6 0 2.4
      vertex 139.014 0.585785 2.4
    endloop
  endfacet
  facet normal 0 0 1
    outer loop
      vertex 137.6 48 2.4
      vertex 138.508 47.782 2.4
      vertex 138.218 47.9021 2.4
    endloop
  endfacet
  facet normal 0 0 1
    outer loop
      vertex 139.014 0.585785 2.4
      vertex 137.6 0 2.4
      vertex 138.776 0.381973 2.4
    endloop
  endfacet
  facet normal 0 0 1
    outer loop
      vertex 137.6 48 2.4
      vertex 138.218 47.9021 2.4
      vertex 137.913 47.9754 2.4
    endloop
  endfacet
  facet normal 0 0 1
    outer loop
      vertex 138.776 0.381973 2.4
      vertex 137.6 0 2.4
      vertex 138.508 0.217987 2.4
    endloop
  endfacet
  facet normal 0 0 1
    outer loop
      vertex 138.508 0.217987 2.4
      vertex 137.6 0 2.4
      vertex 138.218 0.0978851 2.4
    endloop
  endfacet
  facet normal 0 0 1
    outer loop
      vertex 138.218 0.0978851 2.4
      vertex 137.6 0 2.4
      vertex 137.913 0.0246277 2.4
    endloop
  endfacet
  facet normal -0 0 1
    outer loop
      vertex 93.6 48 2.4
      vertex 137.6 0 2.4
      vertex 137.6 48 2.4
    endloop
  endfacet
  facet normal 0 0 1
    outer loop
      vertex 93.6 48 2.4
      vertex 93.6 0 2.4
      vertex 137.6 0 2.4
    endloop
  endfacet
  facet normal 0 0 1
    outer loop
      vertex 91.6 46 2.4
      vertex 93.6 48 2.4
      vertex 93.2871 47.9754 2.4
    endloop
  endfacet
  facet normal 0 0 1
    outer loop
      vertex 93.6 48 2.4
      vertex 91.6 46 2.4
      vertex 93.6 0 2.4
    endloop
  endfacet
  facet normal 0 0 1
    outer loop
      vertex 91.6 46 2.4
      vertex 93.2871 47.9754 2.4
      vertex 92.982 47.9021 2.4
    endloop
  endfacet
  facet normal -0 0 1
    outer loop
      vertex 91.6 2 2.4
      vertex 93.6 0 2.4
      vertex 91.6 46 2.4
    endloop
  endfacet
  facet normal 0 0 1
    outer loop
      vertex 91.6 46 2.4
      vertex 92.982 47.9021 2.4
      vertex 92.692 47.782 2.4
    endloop
  endfacet
  facet normal 0 0 1
    outer loop
      vertex 93.6 0 2.4
      vertex 91.6 2 2.4
      vertex 93.2871 0.0246277 2.4
    endloop
  endfacet
  facet normal 0 0 1
    outer loop
      vertex 91.6 46 2.4
      vertex 92.692 47.782 2.4
      vertex 92.4244 47.618 2.4
    endloop
  endfacet
  facet normal 0 0 1
    outer loop
      vertex 93.2871 0.0246277 2.4
      vertex 91.6 2 2.4
      vertex 92.982 0.0978851 2.4
    endloop
  endfacet
  facet normal 0 0 1
    outer loop
      vertex 91.6 46 2.4
      vertex 92.4244 47.618 2.4
      vertex 92.1858 47.4142 2.4
    endloop
  endfacet
  facet normal 0 0 1
    outer loop
      vertex 92.982 0.0978851 2.4
      vertex 91.6 2 2.4
      vertex 92.692 0.217987 2.4
    endloop
  endfacet
  facet normal 0 0 1
    outer loop
      vertex 91.6 46 2.4
      vertex 92.1858 47.4142 2.4
      vertex 91.982 47.1756 2.4
    endloop
  endfacet
  facet normal 0 0 1
    outer loop
      vertex 92.692 0.217987 2.4
      vertex 91.6 2 2.4
      vertex 92.4244 0.381973 2.4
    endloop
  endfacet
  facet normal 0 0 1
    outer loop
      vertex 91.6 46 2.4
      vertex 91.982 47.1756 2.4
      vertex 91.818 46.908 2.4
    endloop
  endfacet
  facet normal 0 0 1
    outer loop
      vertex 92.4244 0.381973 2.4
      vertex 91.6 2 2.4
      vertex 92.1858 0.585785 2.4
    endloop
  endfacet
  facet normal 0 0 1
    outer loop
      vertex 91.6 46 2.4
      vertex 91.818 46.908 2.4
      vertex 91.6979 46.618 2.4
    endloop
  endfacet
  facet normal 0 0 1
    outer loop
      vertex 92.1858 0.585785 2.4
      vertex 91.6 2 2.4
      vertex 91.982 0.824432 2.4
    endloop
  endfacet
  facet normal 0 0 1
    outer loop
      vertex 91.6 46 2.4
      vertex 91.6979 46.618 2.4
      vertex 91.6246 46.3129 2.4
    endloop
  endfacet
  facet normal 0 0 1
    outer loop
      vertex 91.982 0.824432 2.4
      vertex 91.6 2 2.4
      vertex 91.818 1.09203 2.4
    endloop
  endfacet
  facet normal 0 0 1
    outer loop
      vertex 91.818 1.09203 2.4
      vertex 91.6 2 2.4
      vertex 91.6979 1.38197 2.4
    endloop
  endfacet
  facet normal 0 0 1
    outer loop
      vertex 91.6979 1.38197 2.4
      vertex 91.6 2 2.4
      vertex 91.6246 1.68713 2.4
    endloop
  endfacet
  facet normal -0.382624 0.923904 0
    outer loop
      vertex 138.508 49.818 2.4
      vertex 138.218 49.6979 82.4
      vertex 138.508 49.818 82.4
    endloop
  endfacet
  facet normal -0.382624 0.923904 0
    outer loop
      vertex 138.218 49.6979 82.4
      vertex 138.508 49.818 2.4
      vertex 138.218 49.6979 2.4
    endloop
  endfacet
  facet normal 0 1 -0
    outer loop
      vertex 137.6 49.6 2.4
      vertex 93.6 49.6 83.4
      vertex 137.6 49.6 83.4
    endloop
  endfacet
  facet normal 0 1 0
    outer loop
      vertex 93.6 49.6 83.4
      vertex 137.6 49.6 2.4
      vertex 93.6 49.6 2.4
    endloop
  endfacet
  facet normal -0.233674 0.972315 0
    outer loop
      vertex 138.218 49.6979 2.4
      vertex 137.913 49.6246 82.4
      vertex 138.218 49.6979 82.4
    endloop
  endfacet
  facet normal -0.233674 0.972315 0
    outer loop
      vertex 137.913 49.6246 82.4
      vertex 138.218 49.6979 2.4
      vertex 137.913 49.6246 2.4
    endloop
  endfacet
  facet normal -0.972549 -0.232698 0
    outer loop
      vertex 139.575 95.9129 2.4
      vertex 139.502 96.218 82.4
      vertex 139.502 96.218 2.4
    endloop
  endfacet
  facet normal -0.972549 -0.232698 0
    outer loop
      vertex 139.502 96.218 82.4
      vertex 139.575 95.9129 2.4
      vertex 139.575 95.9129 82.4
    endloop
  endfacet
  facet normal -0.0783526 0.996926 0
    outer loop
      vertex 137.913 49.6246 82.4
      vertex 137.913 49.6246 2.4
      vertex 137.6 49.6 82.4
    endloop
  endfacet
  facet normal 0 -0 0
    outer loop
      vertex 137.6 49.6 82.4
      vertex 137.6 49.6 2.4
      vertex 137.6 49.6 83.4
    endloop
  endfacet
  facet normal -0.0783526 0.996926 0
    outer loop
      vertex 137.6 49.6 2.4
      vertex 137.6 49.6 82.4
      vertex 137.913 49.6246 2.4
    endloop
  endfacet
  facet normal 0.382624 0.923904 -0
    outer loop
      vertex 92.982 49.6979 2.4
      vertex 92.692 49.818 82.4
      vertex 92.982 49.6979 82.4
    endloop
  endfacet
  facet normal 0.382624 0.923904 0
    outer loop
      vertex 92.692 49.818 82.4
      vertex 92.982 49.6979 2.4
      vertex 92.692 49.818 2.4
    endloop
  endfacet
  facet normal 0.649478 0.76038 -0
    outer loop
      vertex 92.4244 49.982 2.4
      vertex 92.1858 50.1858 82.4
      vertex 92.4244 49.982 82.4
    endloop
  endfacet
  facet normal 0.649478 0.76038 0
    outer loop
      vertex 92.1858 50.1858 82.4
      vertex 92.4244 49.982 2.4
      vertex 92.1858 50.1858 2.4
    endloop
  endfacet
  facet normal 0.522532 0.85262 -0
    outer loop
      vertex 92.692 49.818 2.4
      vertex 92.4244 49.982 82.4
      vertex 92.692 49.818 82.4
    endloop
  endfacet
  facet normal 0.522532 0.85262 0
    outer loop
      vertex 92.4244 49.982 82.4
      vertex 92.692 49.818 2.4
      vertex 92.4244 49.982 2.4
    endloop
  endfacet
  facet normal 0.996924 -0.0783775 0
    outer loop
      vertex 91.6 95.6 82.4
      vertex 91.6246 95.9129 2.4
      vertex 91.6246 95.9129 82.4
    endloop
  endfacet
  facet normal 0.996924 -0.0783775 0
    outer loop
      vertex 91.6246 95.9129 2.4
      vertex 91.6 95.6 82.4
      vertex 91.6 95.6 2.4
    endloop
  endfacet
  facet normal -0.924017 0.382352 0
    outer loop
      vertex 139.382 50.692 2.4
      vertex 139.502 50.982 82.4
      vertex 139.502 50.982 2.4
    endloop
  endfacet
  facet normal -0.924017 0.382352 0
    outer loop
      vertex 139.502 50.982 82.4
      vertex 139.382 50.692 2.4
      vertex 139.382 50.692 82.4
    endloop
  endfacet
  facet normal -1 0 0
    outer loop
      vertex 139.6 51.6 2.4
      vertex 139.6 95.6 82.4
      vertex 139.6 95.6 2.4
    endloop
  endfacet
  facet normal -1 -0 0
    outer loop
      vertex 139.6 95.6 82.4
      vertex 139.6 51.6 2.4
      vertex 139.6 51.6 82.4
    endloop
  endfacet
  facet normal 1 -0 0
    outer loop
      vertex 91.6 51.6 82.4
      vertex 91.6 95.6 2.4
      vertex 91.6 95.6 82.4
    endloop
  endfacet
  facet normal 1 0 0
    outer loop
      vertex 91.6 95.6 2.4
      vertex 91.6 51.6 82.4
      vertex 91.6 51.6 2.4
    endloop
  endfacet
  facet normal 0.522532 -0.85262 0
    outer loop
      vertex 92.4244 97.218 2.4
      vertex 92.692 97.382 82.4
      vertex 92.4244 97.218 82.4
    endloop
  endfacet
  facet normal 0.522532 -0.85262 0
    outer loop
      vertex 92.692 97.382 82.4
      vertex 92.4244 97.218 2.4
      vertex 92.692 97.382 2.4
    endloop
  endfacet
  facet normal 0.923904 -0.382624 0
    outer loop
      vertex 91.6979 96.218 82.4
      vertex 91.818 96.508 2.4
      vertex 91.818 96.508 82.4
    endloop
  endfacet
  facet normal 0.923904 -0.382624 0
    outer loop
      vertex 91.818 96.508 2.4
      vertex 91.6979 96.218 82.4
      vertex 91.6979 96.218 2.4
    endloop
  endfacet
  facet normal 0.85262 0.522532 0
    outer loop
      vertex 91.982 50.4244 82.4
      vertex 91.818 50.692 2.4
      vertex 91.818 50.692 82.4
    endloop
  endfacet
  facet normal 0.85262 0.522532 0
    outer loop
      vertex 91.818 50.692 2.4
      vertex 91.982 50.4244 82.4
      vertex 91.982 50.4244 2.4
    endloop
  endfacet
  facet normal -0.972549 0.232698 0
    outer loop
      vertex 139.502 50.982 2.4
      vertex 139.575 51.2871 82.4
      vertex 139.575 51.2871 2.4
    endloop
  endfacet
  facet normal -0.972549 0.232698 0
    outer loop
      vertex 139.575 51.2871 82.4
      vertex 139.502 50.982 2.4
      vertex 139.502 50.982 82.4
    endloop
  endfacet
  facet normal 0.233602 0.972332 -0
    outer loop
      vertex 93.2871 49.6246 2.4
      vertex 92.982 49.6979 82.4
      vertex 93.2871 49.6246 82.4
    endloop
  endfacet
  facet normal 0.233602 0.972332 0
    outer loop
      vertex 92.982 49.6979 82.4
      vertex 93.2871 49.6246 2.4
      vertex 92.982 49.6979 2.4
    endloop
  endfacet
  facet normal 0 0 0
    outer loop
      vertex 93.6 49.6 2.4
      vertex 93.6 49.6 82.4
      vertex 93.6 49.6 83.4
    endloop
  endfacet
  facet normal 0.0783775 0.996924 -0
    outer loop
      vertex 93.6 49.6 2.4
      vertex 93.2871 49.6246 82.4
      vertex 93.6 49.6 82.4
    endloop
  endfacet
  facet normal 0.0783775 0.996924 0
    outer loop
      vertex 93.2871 49.6246 82.4
      vertex 93.6 49.6 2.4
      vertex 93.2871 49.6246 2.4
    endloop
  endfacet
  facet normal 0.649478 -0.76038 0
    outer loop
      vertex 92.1858 97.0142 2.4
      vertex 92.4244 97.218 82.4
      vertex 92.1858 97.0142 82.4
    endloop
  endfacet
  facet normal 0.649478 -0.76038 0
    outer loop
      vertex 92.4244 97.218 82.4
      vertex 92.1858 97.0142 2.4
      vertex 92.4244 97.218 2.4
    endloop
  endfacet
  facet normal 0 -1 0
    outer loop
      vertex 93.6 97.6 2.4
      vertex 137.6 97.6 82.4
      vertex 93.6 97.6 82.4
    endloop
  endfacet
  facet normal 0 -1 -0
    outer loop
      vertex 137.6 97.6 82.4
      vertex 93.6 97.6 2.4
      vertex 137.6 97.6 2.4
    endloop
  endfacet
  facet normal 0.972332 -0.233602 0
    outer loop
      vertex 91.6246 95.9129 82.4
      vertex 91.6979 96.218 2.4
      vertex 91.6979 96.218 82.4
    endloop
  endfacet
  facet normal 0.972332 -0.233602 0
    outer loop
      vertex 91.6979 96.218 2.4
      vertex 91.6246 95.9129 82.4
      vertex 91.6246 95.9129 2.4
    endloop
  endfacet
  facet normal 0.996924 0.0783775 0
    outer loop
      vertex 91.6246 51.2871 82.4
      vertex 91.6 51.6 2.4
      vertex 91.6 51.6 82.4
    endloop
  endfacet
  facet normal 0.996924 0.0783775 0
    outer loop
      vertex 91.6 51.6 2.4
      vertex 91.6246 51.2871 82.4
      vertex 91.6246 51.2871 2.4
    endloop
  endfacet
  facet normal 0.382624 -0.923904 0
    outer loop
      vertex 92.692 97.382 2.4
      vertex 92.982 97.5021 82.4
      vertex 92.692 97.382 82.4
    endloop
  endfacet
  facet normal 0.382624 -0.923904 0
    outer loop
      vertex 92.982 97.5021 82.4
      vertex 92.692 97.382 2.4
      vertex 92.982 97.5021 2.4
    endloop
  endfacet
  facet normal 0.85262 -0.522532 0
    outer loop
      vertex 91.818 96.508 82.4
      vertex 91.982 96.7756 2.4
      vertex 91.982 96.7756 82.4
    endloop
  endfacet
  facet normal 0.85262 -0.522532 0
    outer loop
      vertex 91.982 96.7756 2.4
      vertex 91.818 96.508 82.4
      vertex 91.818 96.508 2.4
    endloop
  endfacet
  facet normal 0.0783775 -0.996924 0
    outer loop
      vertex 93.2871 97.5754 2.4
      vertex 93.6 97.6 82.4
      vertex 93.2871 97.5754 82.4
    endloop
  endfacet
  facet normal 0.0783775 -0.996924 0
    outer loop
      vertex 93.6 97.6 82.4
      vertex 93.2871 97.5754 2.4
      vertex 93.6 97.6 2.4
    endloop
  endfacet
  facet normal -0.996823 0.0796439 0
    outer loop
      vertex 139.575 51.2871 2.4
      vertex 139.6 51.6 82.4
      vertex 139.6 51.6 2.4
    endloop
  endfacet
  facet normal -0.996823 0.0796439 0
    outer loop
      vertex 139.6 51.6 82.4
      vertex 139.575 51.2871 2.4
      vertex 139.575 51.2871 82.4
    endloop
  endfacet
  facet normal -0.996823 -0.0796439 0
    outer loop
      vertex 139.6 95.6 2.4
      vertex 139.575 95.9129 82.4
      vertex 139.575 95.9129 2.4
    endloop
  endfacet
  facet normal -0.996823 -0.0796439 0
    outer loop
      vertex 139.575 95.9129 82.4
      vertex 139.6 95.6 2.4
      vertex 139.6 95.6 82.4
    endloop
  endfacet
  facet normal -0.233674 -0.972315 0
    outer loop
      vertex 137.913 97.5754 2.4
      vertex 138.218 97.5021 82.4
      vertex 137.913 97.5754 82.4
    endloop
  endfacet
  facet normal -0.233674 -0.972315 -0
    outer loop
      vertex 138.218 97.5021 82.4
      vertex 137.913 97.5754 2.4
      vertex 138.218 97.5021 2.4
    endloop
  endfacet
  facet normal 0.76038 -0.649478 0
    outer loop
      vertex 91.982 96.7756 82.4
      vertex 92.1858 97.0142 2.4
      vertex 92.1858 97.0142 82.4
    endloop
  endfacet
  facet normal 0.76038 -0.649478 0
    outer loop
      vertex 92.1858 97.0142 2.4
      vertex 91.982 96.7756 82.4
      vertex 91.982 96.7756 2.4
    endloop
  endfacet
  facet normal -0.382624 -0.923904 0
    outer loop
      vertex 138.218 97.5021 2.4
      vertex 138.508 97.382 82.4
      vertex 138.218 97.5021 82.4
    endloop
  endfacet
  facet normal -0.382624 -0.923904 -0
    outer loop
      vertex 138.508 97.382 82.4
      vertex 138.218 97.5021 2.4
      vertex 138.508 97.382 2.4
    endloop
  endfacet
  facet normal 0.233602 -0.972332 0
    outer loop
      vertex 92.982 97.5021 2.4
      vertex 93.2871 97.5754 82.4
      vertex 92.982 97.5021 82.4
    endloop
  endfacet
  facet normal 0.233602 -0.972332 0
    outer loop
      vertex 93.2871 97.5754 82.4
      vertex 92.982 97.5021 2.4
      vertex 93.2871 97.5754 2.4
    endloop
  endfacet
  facet normal -0.924017 -0.382352 0
    outer loop
      vertex 139.502 96.218 2.4
      vertex 139.382 96.508 82.4
      vertex 139.382 96.508 2.4
    endloop
  endfacet
  facet normal -0.924017 -0.382352 0
    outer loop
      vertex 139.382 96.508 82.4
      vertex 139.502 96.218 2.4
      vertex 139.502 96.218 82.4
    endloop
  endfacet
  facet normal -0.521965 -0.852967 0
    outer loop
      vertex 138.508 97.382 2.4
      vertex 138.776 97.218 82.4
      vertex 138.508 97.382 82.4
    endloop
  endfacet
  facet normal -0.521965 -0.852967 -0
    outer loop
      vertex 138.776 97.218 82.4
      vertex 138.508 97.382 2.4
      vertex 138.776 97.218 2.4
    endloop
  endfacet
  facet normal -0.760066 -0.649846 0
    outer loop
      vertex 139.218 96.7756 2.4
      vertex 139.014 97.0142 82.4
      vertex 139.014 97.0142 2.4
    endloop
  endfacet
  facet normal -0.760066 -0.649846 0
    outer loop
      vertex 139.014 97.0142 82.4
      vertex 139.218 96.7756 2.4
      vertex 139.218 96.7756 82.4
    endloop
  endfacet
  facet normal -0.85262 0.522532 0
    outer loop
      vertex 139.218 50.4244 2.4
      vertex 139.382 50.692 82.4
      vertex 139.382 50.692 2.4
    endloop
  endfacet
  facet normal -0.85262 0.522532 0
    outer loop
      vertex 139.382 50.692 82.4
      vertex 139.218 50.4244 2.4
      vertex 139.218 50.4244 82.4
    endloop
  endfacet
  facet normal 0.972332 0.233602 0
    outer loop
      vertex 91.6979 50.982 82.4
      vertex 91.6246 51.2871 2.4
      vertex 91.6246 51.2871 82.4
    endloop
  endfacet
  facet normal 0.972332 0.233602 0
    outer loop
      vertex 91.6246 51.2871 2.4
      vertex 91.6979 50.982 82.4
      vertex 91.6979 50.982 2.4
    endloop
  endfacet
  facet normal -0.650423 -0.759572 0
    outer loop
      vertex 138.776 97.218 2.4
      vertex 139.014 97.0142 82.4
      vertex 138.776 97.218 82.4
    endloop
  endfacet
  facet normal -0.650423 -0.759572 -0
    outer loop
      vertex 139.014 97.0142 82.4
      vertex 138.776 97.218 2.4
      vertex 139.014 97.0142 2.4
    endloop
  endfacet
  facet normal -0.650423 0.759572 0
    outer loop
      vertex 139.014 50.1858 2.4
      vertex 138.776 49.982 82.4
      vertex 139.014 50.1858 82.4
    endloop
  endfacet
  facet normal -0.650423 0.759572 0
    outer loop
      vertex 138.776 49.982 82.4
      vertex 139.014 50.1858 2.4
      vertex 138.776 49.982 2.4
    endloop
  endfacet
  facet normal -0.760066 0.649846 0
    outer loop
      vertex 139.014 50.1858 2.4
      vertex 139.218 50.4244 82.4
      vertex 139.218 50.4244 2.4
    endloop
  endfacet
  facet normal -0.760066 0.649846 0
    outer loop
      vertex 139.218 50.4244 82.4
      vertex 139.014 50.1858 2.4
      vertex 139.014 50.1858 82.4
    endloop
  endfacet
  facet normal -0.0783526 -0.996926 0
    outer loop
      vertex 137.6 97.6 2.4
      vertex 137.913 97.5754 82.4
      vertex 137.6 97.6 82.4
    endloop
  endfacet
  facet normal -0.0783526 -0.996926 -0
    outer loop
      vertex 137.913 97.5754 82.4
      vertex 137.6 97.6 2.4
      vertex 137.913 97.5754 2.4
    endloop
  endfacet
  facet normal 0.76038 0.649478 0
    outer loop
      vertex 92.1858 50.1858 82.4
      vertex 91.982 50.4244 2.4
      vertex 91.982 50.4244 82.4
    endloop
  endfacet
  facet normal 0.76038 0.649478 0
    outer loop
      vertex 91.982 50.4244 2.4
      vertex 92.1858 50.1858 82.4
      vertex 92.1858 50.1858 2.4
    endloop
  endfacet
  facet normal -0.85262 -0.522532 0
    outer loop
      vertex 139.382 96.508 2.4
      vertex 139.218 96.7756 82.4
      vertex 139.218 96.7756 2.4
    endloop
  endfacet
  facet normal -0.85262 -0.522532 0
    outer loop
      vertex 139.218 96.7756 82.4
      vertex 139.382 96.508 2.4
      vertex 139.382 96.508 82.4
    endloop
  endfacet
  facet normal 0.923904 0.382624 0
    outer loop
      vertex 91.818 50.692 82.4
      vertex 91.6979 50.982 2.4
      vertex 91.6979 50.982 82.4
    endloop
  endfacet
  facet normal 0.923904 0.382624 0
    outer loop
      vertex 91.6979 50.982 2.4
      vertex 91.818 50.692 82.4
      vertex 91.818 50.692 2.4
    endloop
  endfacet
  facet normal 0 0 1
    outer loop
      vertex 137.6 97.6 2.4
      vertex 139.6 95.6 2.4
      vertex 139.575 95.9129 2.4
    endloop
  endfacet
  facet normal 0 0 1
    outer loop
      vertex 139.6 95.6 2.4
      vertex 137.6 97.6 2.4
      vertex 139.6 51.6 2.4
    endloop
  endfacet
  facet normal 0 0 1
    outer loop
      vertex 137.6 97.6 2.4
      vertex 139.575 95.9129 2.4
      vertex 139.502 96.218 2.4
    endloop
  endfacet
  facet normal 0 0 1
    outer loop
      vertex 137.6 49.6 2.4
      vertex 139.6 51.6 2.4
      vertex 137.6 97.6 2.4
    endloop
  endfacet
  facet normal 0 0 1
    outer loop
      vertex 137.6 97.6 2.4
      vertex 139.502 96.218 2.4
      vertex 139.382 96.508 2.4
    endloop
  endfacet
  facet normal 0 0 1
    outer loop
      vertex 139.6 51.6 2.4
      vertex 137.6 49.6 2.4
      vertex 139.575 51.2871 2.4
    endloop
  endfacet
  facet normal 0 0 1
    outer loop
      vertex 137.6 97.6 2.4
      vertex 139.382 96.508 2.4
      vertex 139.218 96.7756 2.4
    endloop
  endfacet
  facet normal 0 0 1
    outer loop
      vertex 139.575 51.2871 2.4
      vertex 137.6 49.6 2.4
      vertex 139.502 50.982 2.4
    endloop
  endfacet
  facet normal 0 0 1
    outer loop
      vertex 137.6 97.6 2.4
      vertex 139.218 96.7756 2.4
      vertex 139.014 97.0142 2.4
    endloop
  endfacet
  facet normal 0 0 1
    outer loop
      vertex 139.502 50.982 2.4
      vertex 137.6 49.6 2.4
      vertex 139.382 50.692 2.4
    endloop
  endfacet
  facet normal 0 0 1
    outer loop
      vertex 137.6 97.6 2.4
      vertex 139.014 97.0142 2.4
      vertex 138.776 97.218 2.4
    endloop
  endfacet
  facet normal 0 0 1
    outer loop
      vertex 139.382 50.692 2.4
      vertex 137.6 49.6 2.4
      vertex 139.218 50.4244 2.4
    endloop
  endfacet
  facet normal 0 0 1
    outer loop
      vertex 137.6 97.6 2.4
      vertex 138.776 97.218 2.4
      vertex 138.508 97.382 2.4
    endloop
  endfacet
  facet normal 0 0 1
    outer loop
      vertex 139.218 50.4244 2.4
      vertex 137.6 49.6 2.4
      vertex 139.014 50.1858 2.4
    endloop
  endfacet
  facet normal 0 0 1
    outer loop
      vertex 137.6 97.6 2.4
      vertex 138.508 97.382 2.4
      vertex 138.218 97.5021 2.4
    endloop
  endfacet
  facet normal 0 0 1
    outer loop
      vertex 139.014 50.1858 2.4
      vertex 137.6 49.6 2.4
      vertex 138.776 49.982 2.4
    endloop
  endfacet
  facet normal 0 0 1
    outer loop
      vertex 137.6 97.6 2.4
      vertex 138.218 97.5021 2.4
      vertex 137.913 97.5754 2.4
    endloop
  endfacet
  facet normal 0 0 1
    outer loop
      vertex 138.776 49.982 2.4
      vertex 137.6 49.6 2.4
      vertex 138.508 49.818 2.4
    endloop
  endfacet
  facet normal 0 0 1
    outer loop
      vertex 138.508 49.818 2.4
      vertex 137.6 49.6 2.4
      vertex 138.218 49.6979 2.4
    endloop
  endfacet
  facet normal 0 0 1
    outer loop
      vertex 138.218 49.6979 2.4
      vertex 137.6 49.6 2.4
      vertex 137.913 49.6246 2.4
    endloop
  endfacet
  facet normal -0 0 1
    outer loop
      vertex 93.6 97.6 2.4
      vertex 137.6 49.6 2.4
      vertex 137.6 97.6 2.4
    endloop
  endfacet
  facet normal 0 0 1
    outer loop
      vertex 93.6 97.6 2.4
      vertex 93.6 49.6 2.4
      vertex 137.6 49.6 2.4
    endloop
  endfacet
  facet normal 0 0 1
    outer loop
      vertex 91.6 95.6 2.4
      vertex 93.6 97.6 2.4
      vertex 93.2871 97.5754 2.4
    endloop
  endfacet
  facet normal 0 0 1
    outer loop
      vertex 93.6 97.6 2.4
      vertex 91.6 95.6 2.4
      vertex 93.6 49.6 2.4
    endloop
  endfacet
  facet normal 0 0 1
    outer loop
      vertex 91.6 95.6 2.4
      vertex 93.2871 97.5754 2.4
      vertex 92.982 97.5021 2.4
    endloop
  endfacet
  facet normal -0 0 1
    outer loop
      vertex 91.6 51.6 2.4
      vertex 93.6 49.6 2.4
      vertex 91.6 95.6 2.4
    endloop
  endfacet
  facet normal 0 0 1
    outer loop
      vertex 91.6 95.6 2.4
      vertex 92.982 97.5021 2.4
      vertex 92.692 97.382 2.4
    endloop
  endfacet
  facet normal 0 0 1
    outer loop
      vertex 93.6 49.6 2.4
      vertex 91.6 51.6 2.4
      vertex 93.2871 49.6246 2.4
    endloop
  endfacet
  facet normal 0 0 1
    outer loop
      vertex 91.6 95.6 2.4
      vertex 92.692 97.382 2.4
      vertex 92.4244 97.218 2.4
    endloop
  endfacet
  facet normal 0 0 1
    outer loop
      vertex 93.2871 49.6246 2.4
      vertex 91.6 51.6 2.4
      vertex 92.982 49.6979 2.4
    endloop
  endfacet
  facet normal 0 0 1
    outer loop
      vertex 91.6 95.6 2.4
      vertex 92.4244 97.218 2.4
      vertex 92.1858 97.0142 2.4
    endloop
  endfacet
  facet normal 0 0 1
    outer loop
      vertex 92.982 49.6979 2.4
      vertex 91.6 51.6 2.4
      vertex 92.692 49.818 2.4
    endloop
  endfacet
  facet normal 0 0 1
    outer loop
      vertex 91.6 95.6 2.4
      vertex 92.1858 97.0142 2.4
      vertex 91.982 96.7756 2.4
    endloop
  endfacet
  facet normal 0 0 1
    outer loop
      vertex 92.692 49.818 2.4
      vertex 91.6 51.6 2.4
      vertex 92.4244 49.982 2.4
    endloop
  endfacet
  facet normal 0 0 1
    outer loop
      vertex 91.6 95.6 2.4
      vertex 91.982 96.7756 2.4
      vertex 91.818 96.508 2.4
    endloop
  endfacet
  facet normal 0 0 1
    outer loop
      vertex 92.4244 49.982 2.4
      vertex 91.6 51.6 2.4
      vertex 92.1858 50.1858 2.4
    endloop
  endfacet
  facet normal 0 0 1
    outer loop
      vertex 91.6 95.6 2.4
      vertex 91.818 96.508 2.4
      vertex 91.6979 96.218 2.4
    endloop
  endfacet
  facet normal 0 0 1
    outer loop
      vertex 92.1858 50.1858 2.4
      vertex 91.6 51.6 2.4
      vertex 91.982 50.4244 2.4
    endloop
  endfacet
  facet normal 0 0 1
    outer loop
      vertex 91.6 95.6 2.4
      vertex 91.6979 96.218 2.4
      vertex 91.6246 95.9129 2.4
    endloop
  endfacet
  facet normal 0 0 1
    outer loop
      vertex 91.982 50.4244 2.4
      vertex 91.6 51.6 2.4
      vertex 91.818 50.692 2.4
    endloop
  endfacet
  facet normal 0 0 1
    outer loop
      vertex 91.818 50.692 2.4
      vertex 91.6 51.6 2.4
      vertex 91.6979 50.982 2.4
    endloop
  endfacet
  facet normal 0 0 1
    outer loop
      vertex 91.6979 50.982 2.4
      vertex 91.6 51.6 2.4
      vertex 91.6246 51.2871 2.4
    endloop
  endfacet
  facet normal -0.521965 0.852967 0
    outer loop
      vertex 138.776 49.982 2.4
      vertex 138.508 49.818 82.4
      vertex 138.776 49.982 82.4
    endloop
  endfacet
  facet normal -0.521965 0.852967 0
    outer loop
      vertex 138.508 49.818 82.4
      vertex 138.776 49.982 2.4
      vertex 138.508 49.818 2.4
    endloop
  endfacet
endsolid OpenSCAD_Model
