solid OpenSCAD_Model
  facet normal -0.980787 -0.195082 0
    outer loop
      vertex 35.0784 23.5278 1.6
      vertex 35.4701 21.5585 2.83556
      vertex 35.0784 23.5278 2.83556
    endloop
  endfacet
  facet normal -0.980791 -0.195063 3.08514e-05
    outer loop
      vertex 35.4952 21.4321 1.6
      vertex 35.4701 21.5585 2.83556
      vertex 35.0784 23.5278 1.6
    endloop
  endfacet
  facet normal -0.980848 -0.194773 0
    outer loop
      vertex 35.4701 21.5585 2.83556
      vertex 35.4952 21.4321 1.6
      vertex 35.4952 21.4321 2.83556
    endloop
  endfacet
  facet normal -0.997819 -0.0660036 0
    outer loop
      vertex 35.4952 21.4321 1.6
      vertex 35.5037 21.3036 2.83556
      vertex 35.4952 21.4321 2.83556
    endloop
  endfacet
  facet normal -0.997857 -0.0654287 6.00569e-05
    outer loop
      vertex 35.635 19.3 1.6
      vertex 35.5037 21.3036 2.83556
      vertex 35.4952 21.4321 1.6
    endloop
  endfacet
  facet normal -0.99786 -0.0653918 0
    outer loop
      vertex 35.5037 21.3036 2.83556
      vertex 35.635 19.3 1.6
      vertex 35.635 19.3 2.83556
    endloop
  endfacet
  facet normal -0.555562 0.831475 0
    outer loop
      vertex 29.2441 6.34059 1.6
      vertex 27.5746 5.22509 2.83556
      vertex 29.2441 6.34059 2.83556
    endloop
  endfacet
  facet normal -0.555571 0.831469 -1.87328e-05
    outer loop
      vertex 27.4675 5.1535 1.6
      vertex 27.5746 5.22509 2.83556
      vertex 29.2441 6.34059 1.6
    endloop
  endfacet
  facet normal -0.555721 0.831369 0
    outer loop
      vertex 27.5746 5.22509 2.83556
      vertex 27.4675 5.1535 1.6
      vertex 27.4675 5.1535 2.83556
    endloop
  endfacet
  facet normal 0.195082 -0.980787 0
    outer loop
      vertex 15.0722 35.0784 1.6
      vertex 17.0415 35.4701 2.83556
      vertex 15.0722 35.0784 2.83556
    endloop
  endfacet
  facet normal 0.195063 -0.980791 3.08514e-05
    outer loop
      vertex 17.1679 35.4952 1.6
      vertex 17.0415 35.4701 2.83556
      vertex 15.0722 35.0784 1.6
    endloop
  endfacet
  facet normal 0.194773 -0.980848 0
    outer loop
      vertex 17.0415 35.4701 2.83556
      vertex 17.1679 35.4952 1.6
      vertex 17.1679 35.4952 2.83556
    endloop
  endfacet
  facet normal 0.946931 -0.321438 0
    outer loop
      vertex 3.56305 23.6498 2.83556
      vertex 4.20845 25.5511 1.6
      vertex 4.20845 25.5511 2.83556
    endloop
  endfacet
  facet normal 0.946915 -0.321485 0
    outer loop
      vertex 3.52163 23.5278 1.6
      vertex 3.56305 23.6498 2.83556
      vertex 3.52163 23.5278 2.83556
    endloop
  endfacet
  facet normal 0.94693 -0.32144 -4.94164e-06
    outer loop
      vertex 3.56305 23.6498 2.83556
      vertex 3.52163 23.5278 1.6
      vertex 4.20845 25.5511 1.6
    endloop
  endfacet
  facet normal 0 0 1
    outer loop
      vertex 35.4952 21.4321 1.6
      vertex 35.4952 17.1679 1.6
      vertex 35.635 19.3 1.6
    endloop
  endfacet
  facet normal 0 0 1
    outer loop
      vertex 35.0784 23.5278 1.6
      vertex 35.4952 17.1679 1.6
      vertex 35.4952 21.4321 1.6
    endloop
  endfacet
  facet normal 0 0 1
    outer loop
      vertex 35.0784 23.5278 1.6
      vertex 35.0784 15.0722 1.6
      vertex 35.4952 17.1679 1.6
    endloop
  endfacet
  facet normal 0 0 1
    outer loop
      vertex 34.3915 25.5511 1.6
      vertex 35.0784 15.0722 1.6
      vertex 35.0784 23.5278 1.6
    endloop
  endfacet
  facet normal 0 0 1
    outer loop
      vertex 34.3915 25.5511 1.6
      vertex 34.3915 13.0489 1.6
      vertex 35.0784 15.0722 1.6
    endloop
  endfacet
  facet normal 0 0 1
    outer loop
      vertex 33.4465 27.4675 1.6
      vertex 34.3915 13.0489 1.6
      vertex 34.3915 25.5511 1.6
    endloop
  endfacet
  facet normal 0 0 1
    outer loop
      vertex 33.4465 27.4675 1.6
      vertex 33.4465 11.1325 1.6
      vertex 34.3915 13.0489 1.6
    endloop
  endfacet
  facet normal 0 0 1
    outer loop
      vertex 32.2594 29.2441 1.6
      vertex 33.4465 11.1325 1.6
      vertex 33.4465 27.4675 1.6
    endloop
  endfacet
  facet normal 0 0 1
    outer loop
      vertex 32.2594 29.2441 1.6
      vertex 32.2594 9.3559 1.6
      vertex 33.4465 11.1325 1.6
    endloop
  endfacet
  facet normal 0 0 1
    outer loop
      vertex 30.8506 30.8506 1.6
      vertex 32.2594 9.3559 1.6
      vertex 32.2594 29.2441 1.6
    endloop
  endfacet
  facet normal 0 0 1
    outer loop
      vertex 30.8506 30.8506 1.6
      vertex 30.8506 7.74943 1.6
      vertex 32.2594 9.3559 1.6
    endloop
  endfacet
  facet normal 0 0 1
    outer loop
      vertex 29.2441 32.2594 1.6
      vertex 30.8506 7.74943 1.6
      vertex 30.8506 30.8506 1.6
    endloop
  endfacet
  facet normal 0 0 1
    outer loop
      vertex 29.2441 32.2594 1.6
      vertex 29.2441 6.34059 1.6
      vertex 30.8506 7.74943 1.6
    endloop
  endfacet
  facet normal 0 0 1
    outer loop
      vertex 27.4675 33.4465 1.6
      vertex 29.2441 6.34059 1.6
      vertex 29.2441 32.2594 1.6
    endloop
  endfacet
  facet normal 0 0 1
    outer loop
      vertex 27.4675 33.4465 1.6
      vertex 27.4675 5.1535 1.6
      vertex 29.2441 6.34059 1.6
    endloop
  endfacet
  facet normal 0 0 1
    outer loop
      vertex 25.5511 34.3915 1.6
      vertex 27.4675 5.1535 1.6
      vertex 27.4675 33.4465 1.6
    endloop
  endfacet
  facet normal 0 0 1
    outer loop
      vertex 25.5511 34.3915 1.6
      vertex 25.5511 4.20845 1.6
      vertex 27.4675 5.1535 1.6
    endloop
  endfacet
  facet normal 0 0 1
    outer loop
      vertex 23.5278 35.0784 1.6
      vertex 25.5511 4.20845 1.6
      vertex 25.5511 34.3915 1.6
    endloop
  endfacet
  facet normal 0 0 1
    outer loop
      vertex 23.5278 35.0784 1.6
      vertex 23.5278 3.52163 1.6
      vertex 25.5511 4.20845 1.6
    endloop
  endfacet
  facet normal 0 0 1
    outer loop
      vertex 21.4321 35.4952 1.6
      vertex 23.5278 3.52163 1.6
      vertex 23.5278 35.0784 1.6
    endloop
  endfacet
  facet normal 0 0 1
    outer loop
      vertex 21.4321 35.4952 1.6
      vertex 21.4321 3.10477 1.6
      vertex 23.5278 3.52163 1.6
    endloop
  endfacet
  facet normal 0 0 1
    outer loop
      vertex 19.3 35.635 1.6
      vertex 21.4321 3.10477 1.6
      vertex 21.4321 35.4952 1.6
    endloop
  endfacet
  facet normal 0 0 1
    outer loop
      vertex 19.3 35.635 1.6
      vertex 19.3 2.96503 1.6
      vertex 21.4321 3.10477 1.6
    endloop
  endfacet
  facet normal -0 0 1
    outer loop
      vertex 17.1679 35.4952 1.6
      vertex 19.3 2.96503 1.6
      vertex 19.3 35.635 1.6
    endloop
  endfacet
  facet normal 0 0 1
    outer loop
      vertex 17.1679 35.4952 1.6
      vertex 17.1679 3.10477 1.6
      vertex 19.3 2.96503 1.6
    endloop
  endfacet
  facet normal -0 0 1
    outer loop
      vertex 15.0722 35.0784 1.6
      vertex 17.1679 3.10477 1.6
      vertex 17.1679 35.4952 1.6
    endloop
  endfacet
  facet normal 0 0 1
    outer loop
      vertex 15.0722 35.0784 1.6
      vertex 15.0722 3.52163 1.6
      vertex 17.1679 3.10477 1.6
    endloop
  endfacet
  facet normal -0 0 1
    outer loop
      vertex 13.0489 34.3915 1.6
      vertex 15.0722 3.52163 1.6
      vertex 15.0722 35.0784 1.6
    endloop
  endfacet
  facet normal 0 0 1
    outer loop
      vertex 13.0489 34.3915 1.6
      vertex 13.0489 4.20845 1.6
      vertex 15.0722 3.52163 1.6
    endloop
  endfacet
  facet normal -0 0 1
    outer loop
      vertex 11.1325 33.4465 1.6
      vertex 13.0489 4.20845 1.6
      vertex 13.0489 34.3915 1.6
    endloop
  endfacet
  facet normal 0 0 1
    outer loop
      vertex 11.1325 33.4465 1.6
      vertex 11.1325 5.1535 1.6
      vertex 13.0489 4.20845 1.6
    endloop
  endfacet
  facet normal -0 0 1
    outer loop
      vertex 9.3559 32.2594 1.6
      vertex 11.1325 5.1535 1.6
      vertex 11.1325 33.4465 1.6
    endloop
  endfacet
  facet normal 0 0 1
    outer loop
      vertex 9.3559 32.2594 1.6
      vertex 9.3559 6.34059 1.6
      vertex 11.1325 5.1535 1.6
    endloop
  endfacet
  facet normal -0 0 1
    outer loop
      vertex 7.74943 30.8506 1.6
      vertex 9.3559 6.34059 1.6
      vertex 9.3559 32.2594 1.6
    endloop
  endfacet
  facet normal 0 0 1
    outer loop
      vertex 7.74943 30.8506 1.6
      vertex 7.74943 7.74943 1.6
      vertex 9.3559 6.34059 1.6
    endloop
  endfacet
  facet normal -0 0 1
    outer loop
      vertex 6.34059 29.2441 1.6
      vertex 7.74943 7.74943 1.6
      vertex 7.74943 30.8506 1.6
    endloop
  endfacet
  facet normal 0 0 1
    outer loop
      vertex 6.34059 29.2441 1.6
      vertex 6.34059 9.3559 1.6
      vertex 7.74943 7.74943 1.6
    endloop
  endfacet
  facet normal -0 0 1
    outer loop
      vertex 5.1535 27.4675 1.6
      vertex 6.34059 9.3559 1.6
      vertex 6.34059 29.2441 1.6
    endloop
  endfacet
  facet normal 0 0 1
    outer loop
      vertex 5.1535 27.4675 1.6
      vertex 5.1535 11.1325 1.6
      vertex 6.34059 9.3559 1.6
    endloop
  endfacet
  facet normal -0 0 1
    outer loop
      vertex 4.20845 25.5511 1.6
      vertex 5.1535 11.1325 1.6
      vertex 5.1535 27.4675 1.6
    endloop
  endfacet
  facet normal 0 0 1
    outer loop
      vertex 4.20845 25.5511 1.6
      vertex 4.20845 13.0489 1.6
      vertex 5.1535 11.1325 1.6
    endloop
  endfacet
  facet normal -0 0 1
    outer loop
      vertex 3.52163 23.5278 1.6
      vertex 4.20845 13.0489 1.6
      vertex 4.20845 25.5511 1.6
    endloop
  endfacet
  facet normal 0 0 1
    outer loop
      vertex 3.52163 23.5278 1.6
      vertex 3.52163 15.0722 1.6
      vertex 4.20845 13.0489 1.6
    endloop
  endfacet
  facet normal -0 0 1
    outer loop
      vertex 3.10477 21.4321 1.6
      vertex 3.52163 15.0722 1.6
      vertex 3.52163 23.5278 1.6
    endloop
  endfacet
  facet normal 0 0 1
    outer loop
      vertex 3.10477 21.4321 1.6
      vertex 3.10477 17.1679 1.6
      vertex 3.52163 15.0722 1.6
    endloop
  endfacet
  facet normal 0 -0 1
    outer loop
      vertex 3.10477 17.1679 1.6
      vertex 3.10477 21.4321 1.6
      vertex 2.96503 19.3 1.6
    endloop
  endfacet
  facet normal 0.442286 0.896874 0
    outer loop
      vertex 13.0489 4.20845 2.83556
      vertex 13.0489 4.20845 1.6
      vertex 11.2481 5.0965 2.83556
    endloop
  endfacet
  facet normal 0.442283 0.896875 -4.91651e-06
    outer loop
      vertex 11.1325 5.1535 1.6
      vertex 11.2481 5.0965 2.83556
      vertex 13.0489 4.20845 1.6
    endloop
  endfacet
  facet normal 0.442241 0.896896 0
    outer loop
      vertex 11.2481 5.0965 2.83556
      vertex 11.1325 5.1535 1.6
      vertex 11.1325 5.1535 2.83556
    endloop
  endfacet
  facet normal 0.321482 -0.946916 0
    outer loop
      vertex 13.0489 34.3915 1.6
      vertex 14.9502 35.037 2.83556
      vertex 13.0489 34.3915 2.83556
    endloop
  endfacet
  facet normal 0.321474 -0.946918 1.40831e-05
    outer loop
      vertex 15.0722 35.0784 1.6
      vertex 14.9502 35.037 2.83556
      vertex 13.0489 34.3915 1.6
    endloop
  endfacet
  facet normal 0.321346 -0.946962 0
    outer loop
      vertex 14.9502 35.037 2.83556
      vertex 15.0722 35.0784 1.6
      vertex 15.0722 35.0784 2.83556
    endloop
  endfacet
  facet normal 0.0654017 0.997859 -0
    outer loop
      vertex 19.3 2.96503 1.6
      vertex 17.2964 3.09635 2.83556
      vertex 19.3 2.96503 2.83556
    endloop
  endfacet
  facet normal 0.0654007 0.997859 -1.63182e-06
    outer loop
      vertex 17.1679 3.10477 1.6
      vertex 17.2964 3.09635 2.83556
      vertex 19.3 2.96503 1.6
    endloop
  endfacet
  facet normal 0.0653851 0.99786 0
    outer loop
      vertex 17.2964 3.09635 2.83556
      vertex 17.1679 3.10477 1.6
      vertex 17.1679 3.10477 2.83556
    endloop
  endfacet
  facet normal 0.442241 -0.896896 0
    outer loop
      vertex 11.1325 33.4465 1.6
      vertex 11.2481 33.5035 2.83556
      vertex 11.1325 33.4465 2.83556
    endloop
  endfacet
  facet normal 0.442265 -0.896885 -2.72721e-06
    outer loop
      vertex 13.0489 34.3915 1.6
      vertex 11.2481 33.5035 2.83556
      vertex 11.1325 33.4465 1.6
    endloop
  endfacet
  facet normal 0.442266 -0.896884 0
    outer loop
      vertex 11.2481 33.5035 2.83556
      vertex 13.0489 34.3915 1.6
      vertex 13.0489 34.3915 2.83556
    endloop
  endfacet
  facet normal -0.19509 0.980785 1.9719e-06
    outer loop
      vertex 21.4321 3.10477 1.6
      vertex 21.5585 3.12991 2.83556
      vertex 23.5278 3.52163 1.6
    endloop
  endfacet
  facet normal -0.195091 0.980785 0
    outer loop
      vertex 23.5278 3.52163 1.6
      vertex 21.5585 3.12991 2.83556
      vertex 23.5278 3.52163 2.83556
    endloop
  endfacet
  facet normal -0.195071 0.980789 0
    outer loop
      vertex 21.5585 3.12991 2.83556
      vertex 21.4321 3.10477 1.6
      vertex 21.4321 3.10477 2.83556
    endloop
  endfacet
  facet normal -0.752144 -0.658999 0
    outer loop
      vertex 30.8506 30.8506 1.6
      vertex 30.9355 30.7537 2.83556
      vertex 30.8506 30.8506 2.83556
    endloop
  endfacet
  facet normal -0.751854 -0.659329 -4.57834e-05
    outer loop
      vertex 32.2594 29.2441 1.6
      vertex 30.9355 30.7537 2.83556
      vertex 30.8506 30.8506 1.6
    endloop
  endfacet
  facet normal -0.751836 -0.65935 0
    outer loop
      vertex 30.9355 30.7537 2.83556
      vertex 32.2594 29.2441 1.6
      vertex 32.2594 29.2441 2.83556
    endloop
  endfacet
  facet normal 0.980789 0.195071 0
    outer loop
      vertex 3.12991 17.0415 2.83556
      vertex 3.10477 17.1679 1.6
      vertex 3.10477 17.1679 2.83556
    endloop
  endfacet
  facet normal 0.980785 0.195091 -0
    outer loop
      vertex 3.52163 15.0722 1.6
      vertex 3.12991 17.0415 2.83556
      vertex 3.52163 15.0722 2.83556
    endloop
  endfacet
  facet normal 0.980785 0.19509 1.9719e-06
    outer loop
      vertex 3.12991 17.0415 2.83556
      vertex 3.52163 15.0722 1.6
      vertex 3.10477 17.1679 1.6
    endloop
  endfacet
  facet normal 0.195071 0.980789 0
    outer loop
      vertex 17.1679 3.10477 2.83556
      vertex 17.1679 3.10477 1.6
      vertex 17.0415 3.12991 2.83556
    endloop
  endfacet
  facet normal 0.19509 0.980785 1.9719e-06
    outer loop
      vertex 15.0722 3.52163 1.6
      vertex 17.0415 3.12991 2.83556
      vertex 17.1679 3.10477 1.6
    endloop
  endfacet
  facet normal 0.195091 0.980785 0
    outer loop
      vertex 17.0415 3.12991 2.83556
      vertex 15.0722 3.52163 1.6
      vertex 15.0722 3.52163 2.83556
    endloop
  endfacet
  facet normal 0.896896 -0.442241 0
    outer loop
      vertex 5.0965 27.3519 2.83556
      vertex 5.1535 27.4675 1.6
      vertex 5.1535 27.4675 2.83556
    endloop
  endfacet
  facet normal 0.896874 -0.442286 0
    outer loop
      vertex 4.20845 25.5511 1.6
      vertex 5.0965 27.3519 2.83556
      vertex 4.20845 25.5511 2.83556
    endloop
  endfacet
  facet normal 0.896875 -0.442283 -4.91651e-06
    outer loop
      vertex 5.0965 27.3519 2.83556
      vertex 4.20845 25.5511 1.6
      vertex 5.1535 27.4675 1.6
    endloop
  endfacet
  facet normal 0.946915 0.321485 0
    outer loop
      vertex 3.56305 14.9502 2.83556
      vertex 3.52163 15.0722 1.6
      vertex 3.52163 15.0722 2.83556
    endloop
  endfacet
  facet normal 0.946931 0.321438 -0
    outer loop
      vertex 4.20845 13.0489 1.6
      vertex 3.56305 14.9502 2.83556
      vertex 4.20845 13.0489 2.83556
    endloop
  endfacet
  facet normal 0.94693 0.32144 -4.94164e-06
    outer loop
      vertex 3.56305 14.9502 2.83556
      vertex 4.20845 13.0489 1.6
      vertex 3.52163 15.0722 1.6
    endloop
  endfacet
  facet normal 0.659076 -0.752076 0
    outer loop
      vertex 7.74943 30.8506 2.83556
      vertex 7.74943 30.8506 1.6
      vertex 7.84631 30.9355 2.83556
    endloop
  endfacet
  facet normal 0.659336 -0.751848 -3.60759e-05
    outer loop
      vertex 9.3559 32.2594 1.6
      vertex 7.84631 30.9355 2.83556
      vertex 7.74943 30.8506 1.6
    endloop
  endfacet
  facet normal 0.659353 -0.751834 0
    outer loop
      vertex 7.84631 30.9355 2.83556
      vertex 9.3559 32.2594 1.6
      vertex 9.3559 32.2594 2.83556
    endloop
  endfacet
  facet normal -0.99786 0.0653918 0
    outer loop
      vertex 35.635 19.3 1.6
      vertex 35.5037 17.2964 2.83556
      vertex 35.635 19.3 2.83556
    endloop
  endfacet
  facet normal -0.997857 0.0654287 6.00569e-05
    outer loop
      vertex 35.4952 17.1679 1.6
      vertex 35.5037 17.2964 2.83556
      vertex 35.635 19.3 1.6
    endloop
  endfacet
  facet normal -0.997819 0.0660036 0
    outer loop
      vertex 35.5037 17.2964 2.83556
      vertex 35.4952 17.1679 1.6
      vertex 35.4952 17.1679 2.83556
    endloop
  endfacet
  facet normal -0.831333 0.555775 0
    outer loop
      vertex 33.4465 11.1325 1.6
      vertex 33.3749 11.0254 2.83556
      vertex 33.4465 11.1325 2.83556
    endloop
  endfacet
  facet normal -0.831467 0.555575 -2.50565e-05
    outer loop
      vertex 32.2594 9.3559 1.6
      vertex 33.3749 11.0254 2.83556
      vertex 33.4465 11.1325 1.6
    endloop
  endfacet
  facet normal -0.831475 0.555562 0
    outer loop
      vertex 33.3749 11.0254 2.83556
      vertex 32.2594 9.3559 1.6
      vertex 32.2594 9.3559 2.83556
    endloop
  endfacet
  facet normal -0.831475 -0.555562 0
    outer loop
      vertex 32.2594 29.2441 1.6
      vertex 33.3749 27.5746 2.83556
      vertex 32.2594 29.2441 2.83556
    endloop
  endfacet
  facet normal -0.831467 -0.555575 -2.50565e-05
    outer loop
      vertex 33.4465 27.4675 1.6
      vertex 33.3749 27.5746 2.83556
      vertex 32.2594 29.2441 1.6
    endloop
  endfacet
  facet normal -0.831333 -0.555775 0
    outer loop
      vertex 33.3749 27.5746 2.83556
      vertex 33.4465 27.4675 1.6
      vertex 33.4465 27.4675 2.83556
    endloop
  endfacet
  facet normal -0.0653851 0.99786 0
    outer loop
      vertex 21.4321 3.10477 2.83556
      vertex 21.4321 3.10477 1.6
      vertex 21.3036 3.09635 2.83556
    endloop
  endfacet
  facet normal -0.0654007 0.997859 -1.63182e-06
    outer loop
      vertex 19.3 2.96503 1.6
      vertex 21.3036 3.09635 2.83556
      vertex 21.4321 3.10477 1.6
    endloop
  endfacet
  facet normal -0.0654017 0.997859 0
    outer loop
      vertex 21.3036 3.09635 2.83556
      vertex 19.3 2.96503 1.6
      vertex 19.3 2.96503 2.83556
    endloop
  endfacet
  facet normal 0.831369 0.555721 0
    outer loop
      vertex 5.22509 11.0254 2.83556
      vertex 5.1535 11.1325 1.6
      vertex 5.1535 11.1325 2.83556
    endloop
  endfacet
  facet normal 0.831475 0.555562 -0
    outer loop
      vertex 6.34059 9.3559 1.6
      vertex 5.22509 11.0254 2.83556
      vertex 6.34059 9.3559 2.83556
    endloop
  endfacet
  facet normal 0.831469 0.555571 -1.87328e-05
    outer loop
      vertex 5.22509 11.0254 2.83556
      vertex 6.34059 9.3559 1.6
      vertex 5.1535 11.1325 1.6
    endloop
  endfacet
  facet normal -0.946916 -0.321482 0
    outer loop
      vertex 34.3915 25.5511 1.6
      vertex 35.037 23.6498 2.83556
      vertex 34.3915 25.5511 2.83556
    endloop
  endfacet
  facet normal -0.946918 -0.321474 1.40831e-05
    outer loop
      vertex 35.0784 23.5278 1.6
      vertex 35.037 23.6498 2.83556
      vertex 34.3915 25.5511 1.6
    endloop
  endfacet
  facet normal -0.946962 -0.321346 0
    outer loop
      vertex 35.037 23.6498 2.83556
      vertex 35.0784 23.5278 1.6
      vertex 35.0784 23.5278 2.83556
    endloop
  endfacet
  facet normal -0.442266 -0.896884 -0
    outer loop
      vertex 25.5511 34.3915 2.83556
      vertex 25.5511 34.3915 1.6
      vertex 27.3519 33.5035 2.83556
    endloop
  endfacet
  facet normal -0.442265 -0.896885 -2.72721e-06
    outer loop
      vertex 27.4675 33.4465 1.6
      vertex 27.3519 33.5035 2.83556
      vertex 25.5511 34.3915 1.6
    endloop
  endfacet
  facet normal -0.442241 -0.896896 0
    outer loop
      vertex 27.3519 33.5035 2.83556
      vertex 27.4675 33.4465 1.6
      vertex 27.4675 33.4465 2.83556
    endloop
  endfacet
  facet normal -0.946962 0.321346 0
    outer loop
      vertex 35.0784 15.0722 1.6
      vertex 35.037 14.9502 2.83556
      vertex 35.0784 15.0722 2.83556
    endloop
  endfacet
  facet normal -0.946918 0.321474 1.40831e-05
    outer loop
      vertex 34.3915 13.0489 1.6
      vertex 35.037 14.9502 2.83556
      vertex 35.0784 15.0722 1.6
    endloop
  endfacet
  facet normal -0.946916 0.321482 0
    outer loop
      vertex 35.037 14.9502 2.83556
      vertex 34.3915 13.0489 1.6
      vertex 34.3915 13.0489 2.83556
    endloop
  endfacet
  facet normal 0.0660036 -0.997819 0
    outer loop
      vertex 17.1679 35.4952 2.83556
      vertex 17.1679 35.4952 1.6
      vertex 17.2964 35.5037 2.83556
    endloop
  endfacet
  facet normal 0.0654287 -0.997857 6.00569e-05
    outer loop
      vertex 19.3 35.635 1.6
      vertex 17.2964 35.5037 2.83556
      vertex 17.1679 35.4952 1.6
    endloop
  endfacet
  facet normal 0.0653918 -0.99786 0
    outer loop
      vertex 17.2964 35.5037 2.83556
      vertex 19.3 35.635 1.6
      vertex 19.3 35.635 2.83556
    endloop
  endfacet
  facet normal 0.997859 0.0654017 0
    outer loop
      vertex 3.09635 17.2964 2.83556
      vertex 2.96503 19.3 1.6
      vertex 2.96503 19.3 2.83556
    endloop
  endfacet
  facet normal 0.99786 0.0653851 -0
    outer loop
      vertex 3.10477 17.1679 1.6
      vertex 3.09635 17.2964 2.83556
      vertex 3.10477 17.1679 2.83556
    endloop
  endfacet
  facet normal 0.997859 0.0654007 -1.63182e-06
    outer loop
      vertex 3.09635 17.2964 2.83556
      vertex 3.10477 17.1679 1.6
      vertex 2.96503 19.3 1.6
    endloop
  endfacet
  facet normal -0.555775 -0.831333 -0
    outer loop
      vertex 27.4675 33.4465 2.83556
      vertex 27.4675 33.4465 1.6
      vertex 27.5746 33.3749 2.83556
    endloop
  endfacet
  facet normal -0.555575 -0.831467 -2.50565e-05
    outer loop
      vertex 29.2441 32.2594 1.6
      vertex 27.5746 33.3749 2.83556
      vertex 27.4675 33.4465 1.6
    endloop
  endfacet
  facet normal -0.555562 -0.831475 0
    outer loop
      vertex 27.5746 33.3749 2.83556
      vertex 29.2441 32.2594 1.6
      vertex 29.2441 32.2594 2.83556
    endloop
  endfacet
  facet normal 0.659347 0.751839 -0
    outer loop
      vertex 9.3559 6.34059 1.6
      vertex 7.84631 7.66447 2.83556
      vertex 9.3559 6.34059 2.83556
    endloop
  endfacet
  facet normal 0.659347 0.751839 -1.03332e-06
    outer loop
      vertex 7.74943 7.74943 1.6
      vertex 7.84631 7.66447 2.83556
      vertex 9.3559 6.34059 1.6
    endloop
  endfacet
  facet normal 0.659339 0.751846 0
    outer loop
      vertex 7.84631 7.66447 2.83556
      vertex 7.74943 7.74943 1.6
      vertex 7.74943 7.74943 2.83556
    endloop
  endfacet
  facet normal 0.980785 -0.195091 0
    outer loop
      vertex 3.12991 21.5585 2.83556
      vertex 3.52163 23.5278 1.6
      vertex 3.52163 23.5278 2.83556
    endloop
  endfacet
  facet normal 0.980789 -0.195071 0
    outer loop
      vertex 3.10477 21.4321 1.6
      vertex 3.12991 21.5585 2.83556
      vertex 3.10477 21.4321 2.83556
    endloop
  endfacet
  facet normal 0.980785 -0.19509 1.9719e-06
    outer loop
      vertex 3.12991 21.5585 2.83556
      vertex 3.10477 21.4321 1.6
      vertex 3.52163 23.5278 1.6
    endloop
  endfacet
  facet normal -0.896896 -0.442241 0
    outer loop
      vertex 33.4465 27.4675 1.6
      vertex 33.5035 27.3519 2.83556
      vertex 33.4465 27.4675 2.83556
    endloop
  endfacet
  facet normal -0.896885 -0.442265 -2.72721e-06
    outer loop
      vertex 34.3915 25.5511 1.6
      vertex 33.5035 27.3519 2.83556
      vertex 33.4465 27.4675 1.6
    endloop
  endfacet
  facet normal -0.896884 -0.442266 0
    outer loop
      vertex 33.5035 27.3519 2.83556
      vertex 34.3915 25.5511 1.6
      vertex 34.3915 25.5511 2.83556
    endloop
  endfacet
  facet normal 0.896874 0.442286 0
    outer loop
      vertex 5.0965 11.2481 2.83556
      vertex 4.20845 13.0489 1.6
      vertex 4.20845 13.0489 2.83556
    endloop
  endfacet
  facet normal 0.896896 0.442241 -0
    outer loop
      vertex 5.1535 11.1325 1.6
      vertex 5.0965 11.2481 2.83556
      vertex 5.1535 11.1325 2.83556
    endloop
  endfacet
  facet normal 0.896875 0.442283 -4.91651e-06
    outer loop
      vertex 5.0965 11.2481 2.83556
      vertex 5.1535 11.1325 1.6
      vertex 4.20845 13.0489 1.6
    endloop
  endfacet
  facet normal 0.99786 -0.0653851 0
    outer loop
      vertex 3.09635 21.3036 2.83556
      vertex 3.10477 21.4321 1.6
      vertex 3.10477 21.4321 2.83556
    endloop
  endfacet
  facet normal 0.997859 -0.0654017 0
    outer loop
      vertex 2.96503 19.3 1.6
      vertex 3.09635 21.3036 2.83556
      vertex 2.96503 19.3 2.83556
    endloop
  endfacet
  facet normal 0.997859 -0.0654007 -1.63182e-06
    outer loop
      vertex 3.09635 21.3036 2.83556
      vertex 2.96503 19.3 1.6
      vertex 3.10477 21.4321 1.6
    endloop
  endfacet
  facet normal 0.751913 -0.659262 0
    outer loop
      vertex 7.66447 30.7537 2.83556
      vertex 7.74943 30.8506 1.6
      vertex 7.74943 30.8506 2.83556
    endloop
  endfacet
  facet normal 0.751841 -0.659345 0
    outer loop
      vertex 6.34059 29.2441 1.6
      vertex 7.66447 30.7537 2.83556
      vertex 6.34059 29.2441 2.83556
    endloop
  endfacet
  facet normal 0.751845 -0.65934 -1.07406e-05
    outer loop
      vertex 7.66447 30.7537 2.83556
      vertex 6.34059 29.2441 1.6
      vertex 7.74943 30.8506 1.6
    endloop
  endfacet
  facet normal 0.555562 -0.831475 0
    outer loop
      vertex 9.3559 32.2594 1.6
      vertex 11.0254 33.3749 2.83556
      vertex 9.3559 32.2594 2.83556
    endloop
  endfacet
  facet normal 0.555575 -0.831467 -2.50565e-05
    outer loop
      vertex 11.1325 33.4465 1.6
      vertex 11.0254 33.3749 2.83556
      vertex 9.3559 32.2594 1.6
    endloop
  endfacet
  facet normal 0.555775 -0.831333 0
    outer loop
      vertex 11.0254 33.3749 2.83556
      vertex 11.1325 33.4465 1.6
      vertex 11.1325 33.4465 2.83556
    endloop
  endfacet
  facet normal 0.321485 0.946915 0
    outer loop
      vertex 15.0722 3.52163 2.83556
      vertex 15.0722 3.52163 1.6
      vertex 14.9502 3.56305 2.83556
    endloop
  endfacet
  facet normal 0.32144 0.94693 -4.94164e-06
    outer loop
      vertex 13.0489 4.20845 1.6
      vertex 14.9502 3.56305 2.83556
      vertex 15.0722 3.52163 1.6
    endloop
  endfacet
  facet normal 0.321438 0.946931 0
    outer loop
      vertex 14.9502 3.56305 2.83556
      vertex 13.0489 4.20845 1.6
      vertex 13.0489 4.20845 2.83556
    endloop
  endfacet
  facet normal -0.896884 0.442266 0
    outer loop
      vertex 34.3915 13.0489 1.6
      vertex 33.5035 11.2481 2.83556
      vertex 34.3915 13.0489 2.83556
    endloop
  endfacet
  facet normal -0.896885 0.442265 -2.72721e-06
    outer loop
      vertex 33.4465 11.1325 1.6
      vertex 33.5035 11.2481 2.83556
      vertex 34.3915 13.0489 1.6
    endloop
  endfacet
  facet normal -0.896896 0.442241 0
    outer loop
      vertex 33.5035 11.2481 2.83556
      vertex 33.4465 11.1325 1.6
      vertex 33.4465 11.1325 2.83556
    endloop
  endfacet
  facet normal -0.65935 -0.751836 0
    outer loop
      vertex 29.2441 32.2594 1.6
      vertex 30.7537 30.9355 2.83556
      vertex 29.2441 32.2594 2.83556
    endloop
  endfacet
  facet normal -0.659329 -0.751854 -4.57834e-05
    outer loop
      vertex 30.8506 30.8506 1.6
      vertex 30.7537 30.9355 2.83556
      vertex 29.2441 32.2594 1.6
    endloop
  endfacet
  facet normal -0.658999 -0.752144 0
    outer loop
      vertex 30.7537 30.9355 2.83556
      vertex 30.8506 30.8506 1.6
      vertex 30.8506 30.8506 2.83556
    endloop
  endfacet
  facet normal -0.980848 0.194773 0
    outer loop
      vertex 35.4952 17.1679 1.6
      vertex 35.4701 17.0415 2.83556
      vertex 35.4952 17.1679 2.83556
    endloop
  endfacet
  facet normal -0.980791 0.195063 3.08514e-05
    outer loop
      vertex 35.0784 15.0722 1.6
      vertex 35.4701 17.0415 2.83556
      vertex 35.4952 17.1679 1.6
    endloop
  endfacet
  facet normal -0.980787 0.195082 0
    outer loop
      vertex 35.4701 17.0415 2.83556
      vertex 35.0784 15.0722 1.6
      vertex 35.0784 15.0722 2.83556
    endloop
  endfacet
  facet normal 0.751839 0.659347 0
    outer loop
      vertex 7.66447 7.84631 2.83556
      vertex 6.34059 9.3559 1.6
      vertex 6.34059 9.3559 2.83556
    endloop
  endfacet
  facet normal 0.751846 0.659339 -0
    outer loop
      vertex 7.74943 7.74943 1.6
      vertex 7.66447 7.84631 2.83556
      vertex 7.74943 7.74943 2.83556
    endloop
  endfacet
  facet normal 0.751839 0.659347 -1.03332e-06
    outer loop
      vertex 7.66447 7.84631 2.83556
      vertex 7.74943 7.74943 1.6
      vertex 6.34059 9.3559 1.6
    endloop
  endfacet
  facet normal -0.659262 0.751913 0
    outer loop
      vertex 30.8506 7.74943 2.83556
      vertex 30.8506 7.74943 1.6
      vertex 30.7537 7.66447 2.83556
    endloop
  endfacet
  facet normal -0.65934 0.751845 -1.07406e-05
    outer loop
      vertex 29.2441 6.34059 1.6
      vertex 30.7537 7.66447 2.83556
      vertex 30.8506 7.74943 1.6
    endloop
  endfacet
  facet normal -0.659345 0.751841 0
    outer loop
      vertex 30.7537 7.66447 2.83556
      vertex 29.2441 6.34059 1.6
      vertex 29.2441 6.34059 2.83556
    endloop
  endfacet
  facet normal -0.321346 -0.946962 -0
    outer loop
      vertex 23.5278 35.0784 2.83556
      vertex 23.5278 35.0784 1.6
      vertex 23.6498 35.037 2.83556
    endloop
  endfacet
  facet normal -0.321474 -0.946918 1.40831e-05
    outer loop
      vertex 25.5511 34.3915 1.6
      vertex 23.6498 35.037 2.83556
      vertex 23.5278 35.0784 1.6
    endloop
  endfacet
  facet normal -0.321482 -0.946916 0
    outer loop
      vertex 23.6498 35.037 2.83556
      vertex 25.5511 34.3915 1.6
      vertex 25.5511 34.3915 2.83556
    endloop
  endfacet
  facet normal -0.321438 0.946931 0
    outer loop
      vertex 25.5511 4.20845 1.6
      vertex 23.6498 3.56305 2.83556
      vertex 25.5511 4.20845 2.83556
    endloop
  endfacet
  facet normal -0.32144 0.94693 -4.94164e-06
    outer loop
      vertex 23.5278 3.52163 1.6
      vertex 23.6498 3.56305 2.83556
      vertex 25.5511 4.20845 1.6
    endloop
  endfacet
  facet normal -0.321485 0.946915 0
    outer loop
      vertex 23.6498 3.56305 2.83556
      vertex 23.5278 3.52163 1.6
      vertex 23.5278 3.52163 2.83556
    endloop
  endfacet
  facet normal -0.442241 0.896896 0
    outer loop
      vertex 27.4675 5.1535 1.6
      vertex 27.3519 5.0965 2.83556
      vertex 27.4675 5.1535 2.83556
    endloop
  endfacet
  facet normal -0.442283 0.896875 -4.91651e-06
    outer loop
      vertex 25.5511 4.20845 1.6
      vertex 27.3519 5.0965 2.83556
      vertex 27.4675 5.1535 1.6
    endloop
  endfacet
  facet normal -0.442286 0.896874 0
    outer loop
      vertex 27.3519 5.0965 2.83556
      vertex 25.5511 4.20845 1.6
      vertex 25.5511 4.20845 2.83556
    endloop
  endfacet
  facet normal -0.0653918 -0.99786 0
    outer loop
      vertex 19.3 35.635 1.6
      vertex 21.3036 35.5037 2.83556
      vertex 19.3 35.635 2.83556
    endloop
  endfacet
  facet normal -0.0654287 -0.997857 6.00569e-05
    outer loop
      vertex 21.4321 35.4952 1.6
      vertex 21.3036 35.5037 2.83556
      vertex 19.3 35.635 1.6
    endloop
  endfacet
  facet normal -0.0660036 -0.997819 0
    outer loop
      vertex 21.3036 35.5037 2.83556
      vertex 21.4321 35.4952 1.6
      vertex 21.4321 35.4952 2.83556
    endloop
  endfacet
  facet normal 0.555721 0.831369 0
    outer loop
      vertex 11.1325 5.1535 2.83556
      vertex 11.1325 5.1535 1.6
      vertex 11.0254 5.22509 2.83556
    endloop
  endfacet
  facet normal 0.555571 0.831469 -1.87328e-05
    outer loop
      vertex 9.3559 6.34059 1.6
      vertex 11.0254 5.22509 2.83556
      vertex 11.1325 5.1535 1.6
    endloop
  endfacet
  facet normal 0.555562 0.831475 0
    outer loop
      vertex 11.0254 5.22509 2.83556
      vertex 9.3559 6.34059 1.6
      vertex 9.3559 6.34059 2.83556
    endloop
  endfacet
  facet normal -0.194773 -0.980848 -0
    outer loop
      vertex 21.4321 35.4952 2.83556
      vertex 21.4321 35.4952 1.6
      vertex 21.5585 35.4701 2.83556
    endloop
  endfacet
  facet normal -0.195063 -0.980791 3.08514e-05
    outer loop
      vertex 23.5278 35.0784 1.6
      vertex 21.5585 35.4701 2.83556
      vertex 21.4321 35.4952 1.6
    endloop
  endfacet
  facet normal -0.195082 -0.980787 0
    outer loop
      vertex 21.5585 35.4701 2.83556
      vertex 23.5278 35.0784 1.6
      vertex 23.5278 35.0784 2.83556
    endloop
  endfacet
  facet normal 0.831475 -0.555562 0
    outer loop
      vertex 5.22509 27.5746 2.83556
      vertex 6.34059 29.2441 1.6
      vertex 6.34059 29.2441 2.83556
    endloop
  endfacet
  facet normal 0.831369 -0.555721 0
    outer loop
      vertex 5.1535 27.4675 1.6
      vertex 5.22509 27.5746 2.83556
      vertex 5.1535 27.4675 2.83556
    endloop
  endfacet
  facet normal 0.831469 -0.555571 -1.87328e-05
    outer loop
      vertex 5.22509 27.5746 2.83556
      vertex 5.1535 27.4675 1.6
      vertex 6.34059 29.2441 1.6
    endloop
  endfacet
  facet normal -0.751834 0.659353 0
    outer loop
      vertex 32.2594 9.3559 1.6
      vertex 30.9355 7.84631 2.83556
      vertex 32.2594 9.3559 2.83556
    endloop
  endfacet
  facet normal -0.751848 0.659336 -3.60759e-05
    outer loop
      vertex 30.8506 7.74943 1.6
      vertex 30.9355 7.84631 2.83556
      vertex 32.2594 9.3559 1.6
    endloop
  endfacet
  facet normal -0.752076 0.659076 0
    outer loop
      vertex 30.9355 7.84631 2.83556
      vertex 30.8506 7.74943 1.6
      vertex 30.8506 7.74943 2.83556
    endloop
  endfacet
  facet normal -0.712149 -0.0466686 0.700475
    outer loop
      vertex 35.635 19.3 2.83556
      vertex 36.1879 19.3349 3.4
      vertex 35.5037 21.3036 2.83556
    endloop
  endfacet
  facet normal -0.712132 -0.0469314 0.700475
    outer loop
      vertex 36.1879 19.3349 3.4
      vertex 35.635 19.3 2.83556
      vertex 36.1902 19.3 3.4
    endloop
  endfacet
  facet normal 0.536559 -0.470548 0.700492
    outer loop
      vertex 5.92318 29.6084 3.4
      vertex 6.34059 29.2441 2.83556
      vertex 7.66447 30.7537 2.83556
    endloop
  endfacet
  facet normal 0.536704 -0.470382 0.700492
    outer loop
      vertex 6.34059 29.2441 2.83556
      vertex 5.92318 29.6084 3.4
      vertex 5.90013 29.5821 3.4
    endloop
  endfacet
  facet normal -0.675861 0.22935 0.700436
    outer loop
      vertex 35.037 14.9502 2.83556
      vertex 35.6146 14.9285 3.4
      vertex 35.0784 15.0722 2.83556
    endloop
  endfacet
  facet normal -0.67585 0.229408 0.700427
    outer loop
      vertex 35.6146 14.9285 3.4
      vertex 35.037 14.9502 2.83556
      vertex 34.9157 12.8695 3.4
    endloop
  endfacet
  facet normal 0.139232 0.699964 0.700474
    outer loop
      vertex 15.0722 3.52163 2.83556
      vertex 14.9628 2.97854 3.4
      vertex 17.0415 3.12991 2.83556
    endloop
  endfacet
  facet normal 0.138982 0.700014 0.700474
    outer loop
      vertex 14.9628 2.97854 3.4
      vertex 15.0722 3.52163 2.83556
      vertex 14.9285 2.98535 3.4
    endloop
  endfacet
  facet normal 0.712152 -0.0465246 0.700482
    outer loop
      vertex 2.96503 19.3 2.83556
      vertex 2.41212 19.3349 3.4
      vertex 2.40984 19.3 3.4
    endloop
  endfacet
  facet normal 0.712143 -0.0466753 0.700481
    outer loop
      vertex 2.41212 19.3349 3.4
      vertex 2.96503 19.3 2.83556
      vertex 3.09635 21.3036 2.83556
    endloop
  endfacet
  facet normal -0.229293 0.675833 0.700482
    outer loop
      vertex 25.5511 4.20845 2.83556
      vertex 25.7305 3.68429 3.4
      vertex 25.7636 3.69552 3.4
    endloop
  endfacet
  facet normal -0.2294 0.675796 0.700482
    outer loop
      vertex 25.7305 3.68429 3.4
      vertex 25.5511 4.20845 2.83556
      vertex 23.6498 3.56305 2.83556
    endloop
  endfacet
  facet normal 0.0469314 -0.712132 0.700475
    outer loop
      vertex 19.2651 36.1879 3.4
      vertex 19.3 35.635 2.83556
      vertex 19.3 36.1902 3.4
    endloop
  endfacet
  facet normal 0.0466686 -0.712149 0.700475
    outer loop
      vertex 19.3 35.635 2.83556
      vertex 19.2651 36.1879 3.4
      vertex 17.2964 35.5037 2.83556
    endloop
  endfacet
  facet normal -0.593309 -0.396647 0.700468
    outer loop
      vertex 33.9273 27.7451 3.4
      vertex 33.3749 27.5746 2.83556
      vertex 33.4465 27.4675 2.83556
    endloop
  endfacet
  facet normal -0.593385 -0.396487 0.700494
    outer loop
      vertex 33.3749 27.5746 2.83556
      vertex 33.9273 27.7451 3.4
      vertex 32.7193 29.553 3.4
    endloop
  endfacet
  facet normal -0.53657 0.470568 0.70047
    outer loop
      vertex 30.9355 7.84631 2.83556
      vertex 31.2431 7.35685 3.4
      vertex 32.6768 8.99164 3.4
    endloop
  endfacet
  facet normal -0.536772 0.470396 0.700431
    outer loop
      vertex 31.2431 7.35685 3.4
      vertex 30.9355 7.84631 2.83556
      vertex 30.8506 7.74943 2.83556
    endloop
  endfacet
  facet normal -0.229401 0.675791 0.700486
    outer loop
      vertex 23.6498 3.56305 2.83556
      vertex 23.6715 2.98535 3.4
      vertex 25.7305 3.68429 3.4
    endloop
  endfacet
  facet normal -0.229435 0.675785 0.700481
    outer loop
      vertex 23.6715 2.98535 3.4
      vertex 23.6498 3.56305 2.83556
      vertex 23.5278 3.52163 2.83556
    endloop
  endfacet
  facet normal 0.699961 0.139217 0.700481
    outer loop
      vertex 2.55433 17.0954 3.4
      vertex 3.12991 17.0415 2.83556
      vertex 3.10477 17.1679 2.83556
    endloop
  endfacet
  facet normal 0.69996 0.139234 0.700479
    outer loop
      vertex 3.12991 17.0415 2.83556
      vertex 2.55433 17.0954 3.4
      vertex 2.97854 14.9628 3.4
    endloop
  endfacet
  facet normal 0.536648 -0.470522 0.700441
    outer loop
      vertex 7.35685 31.2431 3.4
      vertex 7.66447 30.7537 2.83556
      vertex 7.74943 30.8506 2.83556
    endloop
  endfacet
  facet normal 0.536572 -0.470586 0.700456
    outer loop
      vertex 7.66447 30.7537 2.83556
      vertex 7.35685 31.2431 3.4
      vertex 5.92318 29.6084 3.4
    endloop
  endfacet
  facet normal 0.640092 0.315616 0.700478
    outer loop
      vertex 5.0965 11.2481 2.83556
      vertex 4.67269 10.8549 3.4
      vertex 5.1535 11.1325 2.83556
    endloop
  endfacet
  facet normal 0.640074 0.315642 0.700482
    outer loop
      vertex 4.67269 10.8549 3.4
      vertex 5.0965 11.2481 2.83556
      vertex 3.71098 12.8051 3.4
    endloop
  endfacet
  facet normal 0.593631 -0.396162 0.70047
    outer loop
      vertex 5.88071 29.553 3.4
      vertex 6.34059 29.2441 2.83556
      vertex 5.90013 29.5821 3.4
    endloop
  endfacet
  facet normal 0.593408 -0.396494 0.700471
    outer loop
      vertex 6.34059 29.2441 2.83556
      vertex 5.88071 29.553 3.4
      vertex 5.22509 27.5746 2.83556
    endloop
  endfacet
  facet normal -0.470962 -0.536203 0.700486
    outer loop
      vertex 29.2441 32.2594 2.83556
      vertex 29.6084 32.6768 3.4
      vertex 29.5821 32.6999 3.4
    endloop
  endfacet
  facet normal -0.470555 -0.536559 0.700487
    outer loop
      vertex 29.6084 32.6768 3.4
      vertex 29.2441 32.2594 2.83556
      vertex 30.7537 30.9355 2.83556
    endloop
  endfacet
  facet normal -0.315619 -0.640097 0.700472
    outer loop
      vertex 27.7451 33.9273 3.4
      vertex 27.3519 33.5035 2.83556
      vertex 27.4675 33.4465 2.83556
    endloop
  endfacet
  facet normal -0.315642 -0.640081 0.700476
    outer loop
      vertex 27.3519 33.5035 2.83556
      vertex 27.7451 33.9273 3.4
      vertex 25.7949 34.889 3.4
    endloop
  endfacet
  facet normal 0.316705 -0.639541 0.700489
    outer loop
      vertex 12.8051 34.889 3.4
      vertex 13.0489 34.3915 2.83556
      vertex 12.8364 34.9045 3.4
    endloop
  endfacet
  facet normal 0.315628 -0.640071 0.700491
    outer loop
      vertex 13.0489 34.3915 2.83556
      vertex 12.8051 34.889 3.4
      vertex 11.2481 33.5035 2.83556
    endloop
  endfacet
  facet normal -0.69996 0.138995 0.700526
    outer loop
      vertex 35.4701 17.0415 2.83556
      vertex 36.0457 17.0954 3.4
      vertex 35.4952 17.1679 2.83556
    endloop
  endfacet
  facet normal -0.699948 0.139228 0.700492
    outer loop
      vertex 36.0457 17.0954 3.4
      vertex 35.4701 17.0415 2.83556
      vertex 35.6215 14.9628 3.4
    endloop
  endfacet
  facet normal 0.675833 -0.229293 0.700482
    outer loop
      vertex 3.68429 25.7305 3.4
      vertex 4.20845 25.5511 2.83556
      vertex 3.69552 25.7636 3.4
    endloop
  endfacet
  facet normal 0.675796 -0.2294 0.700482
    outer loop
      vertex 4.20845 25.5511 2.83556
      vertex 3.68429 25.7305 3.4
      vertex 3.56305 23.6498 2.83556
    endloop
  endfacet
  facet normal -0.639541 0.316705 0.700489
    outer loop
      vertex 34.3915 13.0489 2.83556
      vertex 34.889 12.8051 3.4
      vertex 34.9045 12.8364 3.4
    endloop
  endfacet
  facet normal -0.640071 0.315628 0.700491
    outer loop
      vertex 34.889 12.8051 3.4
      vertex 34.3915 13.0489 2.83556
      vertex 33.5035 11.2481 2.83556
    endloop
  endfacet
  facet normal 0.396647 -0.593309 0.700468
    outer loop
      vertex 10.8549 33.9273 3.4
      vertex 11.0254 33.3749 2.83556
      vertex 11.1325 33.4465 2.83556
    endloop
  endfacet
  facet normal 0.396484 -0.593387 0.700495
    outer loop
      vertex 11.0254 33.3749 2.83556
      vertex 10.8549 33.9273 3.4
      vertex 9.04698 32.7193 3.4
    endloop
  endfacet
  facet normal 0.640092 -0.315616 0.700478
    outer loop
      vertex 4.67269 27.7451 3.4
      vertex 5.0965 27.3519 2.83556
      vertex 5.1535 27.4675 2.83556
    endloop
  endfacet
  facet normal 0.640074 -0.315642 0.700482
    outer loop
      vertex 5.0965 27.3519 2.83556
      vertex 4.67269 27.7451 3.4
      vertex 3.71098 25.7949 3.4
    endloop
  endfacet
  facet normal -0.675997 -0.228736 0.700505
    outer loop
      vertex 34.3915 25.5511 2.83556
      vertex 34.9157 25.7305 3.4
      vertex 34.9045 25.7636 3.4
    endloop
  endfacet
  facet normal -0.675763 -0.229425 0.700506
    outer loop
      vertex 34.9157 25.7305 3.4
      vertex 34.3915 25.5511 2.83556
      vertex 35.037 23.6498 2.83556
    endloop
  endfacet
  facet normal 0.396484 -0.593394 0.700488
    outer loop
      vertex 9.04698 32.7193 3.4
      vertex 9.3559 32.2594 2.83556
      vertex 11.0254 33.3749 2.83556
    endloop
  endfacet
  facet normal 0.396247 -0.593553 0.700488
    outer loop
      vertex 9.3559 32.2594 2.83556
      vertex 9.04698 32.7193 3.4
      vertex 9.01792 32.6999 3.4
    endloop
  endfacet
  facet normal -0.536203 -0.470962 0.700486
    outer loop
      vertex 32.6768 29.6084 3.4
      vertex 32.2594 29.2441 2.83556
      vertex 32.6999 29.5821 3.4
    endloop
  endfacet
  facet normal -0.536559 -0.470555 0.700487
    outer loop
      vertex 32.2594 29.2441 2.83556
      vertex 32.6768 29.6084 3.4
      vertex 30.9355 30.7537 2.83556
    endloop
  endfacet
  facet normal 0.69996 -0.139234 0.700479
    outer loop
      vertex 2.55433 21.5046 3.4
      vertex 3.12991 21.5585 2.83556
      vertex 2.97854 23.6372 3.4
    endloop
  endfacet
  facet normal 0.699961 -0.139217 0.700481
    outer loop
      vertex 3.12991 21.5585 2.83556
      vertex 2.55433 21.5046 3.4
      vertex 3.10477 21.4321 2.83556
    endloop
  endfacet
  facet normal 0.699964 0.139232 0.700474
    outer loop
      vertex 2.97854 14.9628 3.4
      vertex 3.52163 15.0722 2.83556
      vertex 3.12991 17.0415 2.83556
    endloop
  endfacet
  facet normal 0.700014 0.138982 0.700474
    outer loop
      vertex 3.52163 15.0722 2.83556
      vertex 2.97854 14.9628 3.4
      vertex 2.98535 14.9285 3.4
    endloop
  endfacet
  facet normal 0.471175 -0.536038 0.700469
    outer loop
      vertex 8.99164 32.6768 3.4
      vertex 9.3559 32.2594 2.83556
      vertex 9.01792 32.6999 3.4
    endloop
  endfacet
  facet normal 0.470568 -0.53657 0.70047
    outer loop
      vertex 9.3559 32.2594 2.83556
      vertex 8.99164 32.6768 3.4
      vertex 7.84631 30.9355 2.83556
    endloop
  endfacet
  facet normal -0.699948 -0.139228 0.700492
    outer loop
      vertex 35.4701 21.5585 2.83556
      vertex 36.0457 21.5046 3.4
      vertex 35.6215 23.6372 3.4
    endloop
  endfacet
  facet normal -0.69996 -0.138995 0.700526
    outer loop
      vertex 36.0457 21.5046 3.4
      vertex 35.4701 21.5585 2.83556
      vertex 35.4952 21.4321 2.83556
    endloop
  endfacet
  facet normal -0.69996 0.139224 0.700481
    outer loop
      vertex 35.0784 15.0722 2.83556
      vertex 35.6215 14.9628 3.4
      vertex 35.4701 17.0415 2.83556
    endloop
  endfacet
  facet normal -0.699654 0.140747 0.700482
    outer loop
      vertex 35.6215 14.9628 3.4
      vertex 35.0784 15.0722 2.83556
      vertex 35.6146 14.9285 3.4
    endloop
  endfacet
  facet normal 0.712147 -0.0466637 0.700477
    outer loop
      vertex 2.55433 21.5046 3.4
      vertex 3.09635 21.3036 2.83556
      vertex 3.10477 21.4321 2.83556
    endloop
  endfacet
  facet normal 0.712145 -0.0466765 0.700479
    outer loop
      vertex 3.09635 21.3036 2.83556
      vertex 2.55433 21.5046 3.4
      vertex 2.41212 19.3349 3.4
    endloop
  endfacet
  facet normal 0.593373 0.396535 0.700478
    outer loop
      vertex 6.34059 9.3559 2.83556
      vertex 5.88071 9.04698 3.4
      vertex 5.90013 9.01792 3.4
    endloop
  endfacet
  facet normal 0.593402 0.39649 0.700478
    outer loop
      vertex 5.88071 9.04698 3.4
      vertex 6.34059 9.3559 2.83556
      vertex 5.22509 11.0254 2.83556
    endloop
  endfacet
  facet normal 0.700014 -0.138982 0.700474
    outer loop
      vertex 2.97854 23.6372 3.4
      vertex 3.52163 23.5278 2.83556
      vertex 2.98535 23.6715 3.4
    endloop
  endfacet
  facet normal 0.699964 -0.139232 0.700474
    outer loop
      vertex 3.52163 23.5278 2.83556
      vertex 2.97854 23.6372 3.4
      vertex 3.12991 21.5585 2.83556
    endloop
  endfacet
  facet normal 0.675791 -0.229401 0.700486
    outer loop
      vertex 2.98535 23.6715 3.4
      vertex 3.56305 23.6498 2.83556
      vertex 3.68429 25.7305 3.4
    endloop
  endfacet
  facet normal 0.675785 -0.229435 0.700481
    outer loop
      vertex 3.56305 23.6498 2.83556
      vertex 2.98535 23.6715 3.4
      vertex 3.52163 23.5278 2.83556
    endloop
  endfacet
  facet normal -0.470522 0.536648 0.700441
    outer loop
      vertex 30.7537 7.66447 2.83556
      vertex 31.2431 7.35685 3.4
      vertex 30.8506 7.74943 2.83556
    endloop
  endfacet
  facet normal -0.470586 0.536572 0.700456
    outer loop
      vertex 31.2431 7.35685 3.4
      vertex 30.7537 7.66447 2.83556
      vertex 29.6084 5.92318 3.4
    endloop
  endfacet
  facet normal 0.2294 0.675796 0.700482
    outer loop
      vertex 13.0489 4.20845 2.83556
      vertex 12.8695 3.68429 3.4
      vertex 14.9502 3.56305 2.83556
    endloop
  endfacet
  facet normal 0.229293 0.675833 0.700482
    outer loop
      vertex 12.8695 3.68429 3.4
      vertex 13.0489 4.20845 2.83556
      vertex 12.8364 3.69552 3.4
    endloop
  endfacet
  facet normal 0.0466765 0.712145 0.700479
    outer loop
      vertex 17.2964 3.09635 2.83556
      vertex 17.0954 2.55433 3.4
      vertex 19.2651 2.41212 3.4
    endloop
  endfacet
  facet normal 0.0466637 0.712147 0.700477
    outer loop
      vertex 17.1679 3.10477 2.83556
      vertex 17.0954 2.55433 3.4
      vertex 17.2964 3.09635 2.83556
    endloop
  endfacet
  facet normal 0.470554 0.536573 0.700478
    outer loop
      vertex 7.35685 7.35685 3.4
      vertex 7.84631 7.66447 2.83556
      vertex 7.74943 7.74943 2.83556
    endloop
  endfacet
  facet normal 0.470557 0.536568 0.700479
    outer loop
      vertex 7.84631 7.66447 2.83556
      vertex 7.35685 7.35685 3.4
      vertex 8.99164 5.92318 3.4
    endloop
  endfacet
  facet normal 0.593383 -0.396492 0.700493
    outer loop
      vertex 4.67269 27.7451 3.4
      vertex 5.22509 27.5746 2.83556
      vertex 5.88071 29.553 3.4
    endloop
  endfacet
  facet normal 0.593329 -0.396605 0.700475
    outer loop
      vertex 5.1535 27.4675 2.83556
      vertex 5.22509 27.5746 2.83556
      vertex 4.67269 27.7451 3.4
    endloop
  endfacet
  facet normal -0.31565 0.640079 0.700474
    outer loop
      vertex 25.5511 4.20845 2.83556
      vertex 25.7949 3.71098 3.4
      vertex 27.3519 5.0965 2.83556
    endloop
  endfacet
  facet normal -0.316056 0.63988 0.700473
    outer loop
      vertex 25.7949 3.71098 3.4
      vertex 25.5511 4.20845 2.83556
      vertex 25.7636 3.69552 3.4
    endloop
  endfacet
  facet normal 0.39649 0.593402 0.700478
    outer loop
      vertex 9.3559 6.34059 2.83556
      vertex 9.04698 5.88071 3.4
      vertex 11.0254 5.22509 2.83556
    endloop
  endfacet
  facet normal 0.396535 0.593373 0.700478
    outer loop
      vertex 9.04698 5.88071 3.4
      vertex 9.3559 6.34059 2.83556
      vertex 9.01792 5.90013 3.4
    endloop
  endfacet
  facet normal -0.593394 0.396484 0.700488
    outer loop
      vertex 32.2594 9.3559 2.83556
      vertex 32.7193 9.04698 3.4
      vertex 33.3749 11.0254 2.83556
    endloop
  endfacet
  facet normal -0.593553 0.396247 0.700488
    outer loop
      vertex 32.7193 9.04698 3.4
      vertex 32.2594 9.3559 2.83556
      vertex 32.6999 9.01792 3.4
    endloop
  endfacet
  facet normal -0.536038 0.471175 0.700469
    outer loop
      vertex 32.2594 9.3559 2.83556
      vertex 32.6768 8.99164 3.4
      vertex 32.6999 9.01792 3.4
    endloop
  endfacet
  facet normal -0.53657 0.470568 0.70047
    outer loop
      vertex 32.6768 8.99164 3.4
      vertex 32.2594 9.3559 2.83556
      vertex 30.9355 7.84631 2.83556
    endloop
  endfacet
  facet normal -0.712132 0.0469314 0.700475
    outer loop
      vertex 35.635 19.3 2.83556
      vertex 36.1879 19.2651 3.4
      vertex 36.1902 19.3 3.4
    endloop
  endfacet
  facet normal -0.712149 0.0466686 0.700475
    outer loop
      vertex 36.1879 19.2651 3.4
      vertex 35.635 19.3 2.83556
      vertex 35.5037 17.2964 2.83556
    endloop
  endfacet
  facet normal -0.395874 -0.593811 0.70048
    outer loop
      vertex 29.553 32.7193 3.4
      vertex 29.2441 32.2594 2.83556
      vertex 29.5821 32.6999 3.4
    endloop
  endfacet
  facet normal -0.396488 -0.5934 0.700481
    outer loop
      vertex 29.2441 32.2594 2.83556
      vertex 29.553 32.7193 3.4
      vertex 27.5746 33.3749 2.83556
    endloop
  endfacet
  facet normal -0.675763 0.229425 0.700506
    outer loop
      vertex 34.3915 13.0489 2.83556
      vertex 34.9157 12.8695 3.4
      vertex 35.037 14.9502 2.83556
    endloop
  endfacet
  facet normal -0.675997 0.228736 0.700505
    outer loop
      vertex 34.9157 12.8695 3.4
      vertex 34.3915 13.0489 2.83556
      vertex 34.9045 12.8364 3.4
    endloop
  endfacet
  facet normal 0.712152 0.0465246 0.700482
    outer loop
      vertex 2.41212 19.2651 3.4
      vertex 2.96503 19.3 2.83556
      vertex 2.40984 19.3 3.4
    endloop
  endfacet
  facet normal 0.712143 0.0466753 0.700481
    outer loop
      vertex 2.96503 19.3 2.83556
      vertex 2.41212 19.2651 3.4
      vertex 3.09635 17.2964 2.83556
    endloop
  endfacet
  facet normal -0.712066 -0.0471017 0.70053
    outer loop
      vertex 35.5037 21.3036 2.83556
      vertex 36.0457 21.5046 3.4
      vertex 35.4952 21.4321 2.83556
    endloop
  endfacet
  facet normal -0.712158 -0.0466741 0.700466
    outer loop
      vertex 36.0457 21.5046 3.4
      vertex 35.5037 21.3036 2.83556
      vertex 36.1879 19.3349 3.4
    endloop
  endfacet
  facet normal -0.712066 0.0471017 0.70053
    outer loop
      vertex 36.0457 17.0954 3.4
      vertex 35.5037 17.2964 2.83556
      vertex 35.4952 17.1679 2.83556
    endloop
  endfacet
  facet normal -0.712158 0.0466741 0.700466
    outer loop
      vertex 35.5037 17.2964 2.83556
      vertex 36.0457 17.0954 3.4
      vertex 36.1879 19.2651 3.4
    endloop
  endfacet
  facet normal 0.138995 -0.69996 0.700526
    outer loop
      vertex 17.0954 36.0457 3.4
      vertex 17.0415 35.4701 2.83556
      vertex 17.1679 35.4952 2.83556
    endloop
  endfacet
  facet normal 0.139228 -0.699948 0.700492
    outer loop
      vertex 17.0415 35.4701 2.83556
      vertex 17.0954 36.0457 3.4
      vertex 14.9628 35.6215 3.4
    endloop
  endfacet
  facet normal -0.229408 -0.67585 0.700427
    outer loop
      vertex 23.6715 35.6146 3.4
      vertex 23.6498 35.037 2.83556
      vertex 25.7305 34.9157 3.4
    endloop
  endfacet
  facet normal -0.22935 -0.675861 0.700436
    outer loop
      vertex 23.6498 35.037 2.83556
      vertex 23.6715 35.6146 3.4
      vertex 23.5278 35.0784 2.83556
    endloop
  endfacet
  facet normal -0.138982 0.700014 0.700474
    outer loop
      vertex 23.5278 3.52163 2.83556
      vertex 23.6372 2.97854 3.4
      vertex 23.6715 2.98535 3.4
    endloop
  endfacet
  facet normal -0.139232 0.699964 0.700474
    outer loop
      vertex 23.6372 2.97854 3.4
      vertex 23.5278 3.52163 2.83556
      vertex 21.5585 3.12991 2.83556
    endloop
  endfacet
  facet normal -0.139234 0.69996 0.700479
    outer loop
      vertex 21.5585 3.12991 2.83556
      vertex 21.5046 2.55433 3.4
      vertex 23.6372 2.97854 3.4
    endloop
  endfacet
  facet normal -0.139217 0.699961 0.700481
    outer loop
      vertex 21.5046 2.55433 3.4
      vertex 21.5585 3.12991 2.83556
      vertex 21.4321 3.10477 2.83556
    endloop
  endfacet
  facet normal 0.640079 -0.31565 0.700474
    outer loop
      vertex 3.71098 25.7949 3.4
      vertex 4.20845 25.5511 2.83556
      vertex 5.0965 27.3519 2.83556
    endloop
  endfacet
  facet normal 0.63988 -0.316056 0.700473
    outer loop
      vertex 4.20845 25.5511 2.83556
      vertex 3.71098 25.7949 3.4
      vertex 3.69552 25.7636 3.4
    endloop
  endfacet
  facet normal -0.640081 -0.315642 0.700476
    outer loop
      vertex 33.9273 27.7451 3.4
      vertex 33.5035 27.3519 2.83556
      vertex 34.889 25.7949 3.4
    endloop
  endfacet
  facet normal -0.640097 -0.315619 0.700472
    outer loop
      vertex 33.5035 27.3519 2.83556
      vertex 33.9273 27.7451 3.4
      vertex 33.4465 27.4675 2.83556
    endloop
  endfacet
  facet normal -0.639541 -0.316705 0.700489
    outer loop
      vertex 34.889 25.7949 3.4
      vertex 34.3915 25.5511 2.83556
      vertex 34.9045 25.7636 3.4
    endloop
  endfacet
  facet normal -0.640071 -0.315628 0.700491
    outer loop
      vertex 34.3915 25.5511 2.83556
      vertex 34.889 25.7949 3.4
      vertex 33.5035 27.3519 2.83556
    endloop
  endfacet
  facet normal 0.675833 0.229293 0.700482
    outer loop
      vertex 4.20845 13.0489 2.83556
      vertex 3.68429 12.8695 3.4
      vertex 3.69552 12.8364 3.4
    endloop
  endfacet
  facet normal 0.675796 0.2294 0.700482
    outer loop
      vertex 3.68429 12.8695 3.4
      vertex 4.20845 13.0489 2.83556
      vertex 3.56305 14.9502 2.83556
    endloop
  endfacet
  facet normal 0.315616 0.640092 0.700478
    outer loop
      vertex 10.8549 4.67269 3.4
      vertex 11.2481 5.0965 2.83556
      vertex 11.1325 5.1535 2.83556
    endloop
  endfacet
  facet normal 0.315642 0.640074 0.700482
    outer loop
      vertex 11.2481 5.0965 2.83556
      vertex 10.8549 4.67269 3.4
      vertex 12.8051 3.71098 3.4
    endloop
  endfacet
  facet normal -0.470548 0.536559 0.700492
    outer loop
      vertex 29.2441 6.34059 2.83556
      vertex 29.6084 5.92318 3.4
      vertex 30.7537 7.66447 2.83556
    endloop
  endfacet
  facet normal -0.470382 0.536704 0.700492
    outer loop
      vertex 29.6084 5.92318 3.4
      vertex 29.2441 6.34059 2.83556
      vertex 29.5821 5.90013 3.4
    endloop
  endfacet
  facet normal -0.396492 0.593383 0.700493
    outer loop
      vertex 27.5746 5.22509 2.83556
      vertex 27.7451 4.67269 3.4
      vertex 29.553 5.88071 3.4
    endloop
  endfacet
  facet normal -0.396605 0.593329 0.700475
    outer loop
      vertex 27.5746 5.22509 2.83556
      vertex 27.4675 5.1535 2.83556
      vertex 27.7451 4.67269 3.4
    endloop
  endfacet
  facet normal -0.316705 -0.639541 0.700489
    outer loop
      vertex 25.5511 34.3915 2.83556
      vertex 25.7949 34.889 3.4
      vertex 25.7636 34.9045 3.4
    endloop
  endfacet
  facet normal -0.315628 -0.640071 0.700491
    outer loop
      vertex 25.7949 34.889 3.4
      vertex 25.5511 34.3915 2.83556
      vertex 27.3519 33.5035 2.83556
    endloop
  endfacet
  facet normal 0.470568 -0.53657 0.70047
    outer loop
      vertex 7.35685 31.2431 3.4
      vertex 7.84631 30.9355 2.83556
      vertex 8.99164 32.6768 3.4
    endloop
  endfacet
  facet normal 0.470396 -0.536772 0.700431
    outer loop
      vertex 7.84631 30.9355 2.83556
      vertex 7.35685 31.2431 3.4
      vertex 7.74943 30.8506 2.83556
    endloop
  endfacet
  facet normal 0.53657 0.470561 0.700475
    outer loop
      vertex 6.34059 9.3559 2.83556
      vertex 5.92318 8.99164 3.4
      vertex 7.66447 7.84631 2.83556
    endloop
  endfacet
  facet normal 0.53654 0.470595 0.700475
    outer loop
      vertex 5.92318 8.99164 3.4
      vertex 6.34059 9.3559 2.83556
      vertex 5.90013 9.01792 3.4
    endloop
  endfacet
  facet normal -0.396162 0.593631 0.70047
    outer loop
      vertex 29.2441 6.34059 2.83556
      vertex 29.553 5.88071 3.4
      vertex 29.5821 5.90013 3.4
    endloop
  endfacet
  facet normal -0.396494 0.593408 0.700471
    outer loop
      vertex 29.553 5.88071 3.4
      vertex 29.2441 6.34059 2.83556
      vertex 27.5746 5.22509 2.83556
    endloop
  endfacet
  facet normal -0.0469314 -0.712132 0.700475
    outer loop
      vertex 19.3 35.635 2.83556
      vertex 19.3349 36.1879 3.4
      vertex 19.3 36.1902 3.4
    endloop
  endfacet
  facet normal -0.0466686 -0.712149 0.700475
    outer loop
      vertex 19.3349 36.1879 3.4
      vertex 19.3 35.635 2.83556
      vertex 21.3036 35.5037 2.83556
    endloop
  endfacet
  facet normal -0.593309 0.396647 0.700468
    outer loop
      vertex 33.3749 11.0254 2.83556
      vertex 33.9273 10.8549 3.4
      vertex 33.4465 11.1325 2.83556
    endloop
  endfacet
  facet normal -0.593387 0.396484 0.700495
    outer loop
      vertex 33.9273 10.8549 3.4
      vertex 33.3749 11.0254 2.83556
      vertex 32.7193 9.04698 3.4
    endloop
  endfacet
  facet normal -0.640081 0.315642 0.700476
    outer loop
      vertex 33.5035 11.2481 2.83556
      vertex 33.9273 10.8549 3.4
      vertex 34.889 12.8051 3.4
    endloop
  endfacet
  facet normal -0.640097 0.315619 0.700472
    outer loop
      vertex 33.9273 10.8549 3.4
      vertex 33.5035 11.2481 2.83556
      vertex 33.4465 11.1325 2.83556
    endloop
  endfacet
  facet normal 0.712145 0.0466765 0.700479
    outer loop
      vertex 2.55433 17.0954 3.4
      vertex 3.09635 17.2964 2.83556
      vertex 2.41212 19.2651 3.4
    endloop
  endfacet
  facet normal 0.712147 0.0466637 0.700477
    outer loop
      vertex 3.09635 17.2964 2.83556
      vertex 2.55433 17.0954 3.4
      vertex 3.10477 17.1679 2.83556
    endloop
  endfacet
  facet normal -0.675861 -0.22935 0.700436
    outer loop
      vertex 35.6146 23.6715 3.4
      vertex 35.037 23.6498 2.83556
      vertex 35.0784 23.5278 2.83556
    endloop
  endfacet
  facet normal -0.67585 -0.229408 0.700427
    outer loop
      vertex 35.037 23.6498 2.83556
      vertex 35.6146 23.6715 3.4
      vertex 34.9157 25.7305 3.4
    endloop
  endfacet
  facet normal -0.699654 -0.140747 0.700482
    outer loop
      vertex 35.0784 23.5278 2.83556
      vertex 35.6215 23.6372 3.4
      vertex 35.6146 23.6715 3.4
    endloop
  endfacet
  facet normal -0.69996 -0.139224 0.700481
    outer loop
      vertex 35.6215 23.6372 3.4
      vertex 35.0784 23.5278 2.83556
      vertex 35.4701 21.5585 2.83556
    endloop
  endfacet
  facet normal -0.228736 -0.675997 0.700505
    outer loop
      vertex 25.7305 34.9157 3.4
      vertex 25.5511 34.3915 2.83556
      vertex 25.7636 34.9045 3.4
    endloop
  endfacet
  facet normal -0.229425 -0.675763 0.700506
    outer loop
      vertex 25.5511 34.3915 2.83556
      vertex 25.7305 34.9157 3.4
      vertex 23.6498 35.037 2.83556
    endloop
  endfacet
  facet normal -0.0466741 -0.712158 0.700466
    outer loop
      vertex 21.3036 35.5037 2.83556
      vertex 21.5046 36.0457 3.4
      vertex 19.3349 36.1879 3.4
    endloop
  endfacet
  facet normal -0.0471017 -0.712066 0.70053
    outer loop
      vertex 21.4321 35.4952 2.83556
      vertex 21.5046 36.0457 3.4
      vertex 21.3036 35.5037 2.83556
    endloop
  endfacet
  facet normal 0.229435 0.675785 0.700481
    outer loop
      vertex 14.9502 3.56305 2.83556
      vertex 14.9285 2.98535 3.4
      vertex 15.0722 3.52163 2.83556
    endloop
  endfacet
  facet normal 0.229401 0.675791 0.700486
    outer loop
      vertex 14.9285 2.98535 3.4
      vertex 14.9502 3.56305 2.83556
      vertex 12.8695 3.68429 3.4
    endloop
  endfacet
  facet normal -0.396487 -0.593385 0.700494
    outer loop
      vertex 27.7451 33.9273 3.4
      vertex 27.5746 33.3749 2.83556
      vertex 29.553 32.7193 3.4
    endloop
  endfacet
  facet normal -0.396647 -0.593309 0.700468
    outer loop
      vertex 27.5746 33.3749 2.83556
      vertex 27.7451 33.9273 3.4
      vertex 27.4675 33.4465 2.83556
    endloop
  endfacet
  facet normal 0.22935 -0.675861 0.700436
    outer loop
      vertex 14.9285 35.6146 3.4
      vertex 14.9502 35.037 2.83556
      vertex 15.0722 35.0784 2.83556
    endloop
  endfacet
  facet normal 0.229408 -0.67585 0.700427
    outer loop
      vertex 14.9502 35.037 2.83556
      vertex 14.9285 35.6146 3.4
      vertex 12.8695 34.9157 3.4
    endloop
  endfacet
  facet normal 0.0465246 0.712152 0.700482
    outer loop
      vertex 19.3 2.96503 2.83556
      vertex 19.2651 2.41212 3.4
      vertex 19.3 2.40984 3.4
    endloop
  endfacet
  facet normal 0.0466753 0.712143 0.700481
    outer loop
      vertex 19.2651 2.41212 3.4
      vertex 19.3 2.96503 2.83556
      vertex 17.2964 3.09635 2.83556
    endloop
  endfacet
  facet normal -0.139228 -0.699948 0.700492
    outer loop
      vertex 21.5046 36.0457 3.4
      vertex 21.5585 35.4701 2.83556
      vertex 23.6372 35.6215 3.4
    endloop
  endfacet
  facet normal -0.138995 -0.69996 0.700526
    outer loop
      vertex 21.5585 35.4701 2.83556
      vertex 21.5046 36.0457 3.4
      vertex 21.4321 35.4952 2.83556
    endloop
  endfacet
  facet normal 0.640079 0.31565 0.700474
    outer loop
      vertex 4.20845 13.0489 2.83556
      vertex 3.71098 12.8051 3.4
      vertex 5.0965 11.2481 2.83556
    endloop
  endfacet
  facet normal 0.63988 0.316056 0.700473
    outer loop
      vertex 3.71098 12.8051 3.4
      vertex 4.20845 13.0489 2.83556
      vertex 3.69552 12.8364 3.4
    endloop
  endfacet
  facet normal 0.470595 0.53654 0.700475
    outer loop
      vertex 9.3559 6.34059 2.83556
      vertex 8.99164 5.92318 3.4
      vertex 9.01792 5.90013 3.4
    endloop
  endfacet
  facet normal 0.470561 0.53657 0.700475
    outer loop
      vertex 8.99164 5.92318 3.4
      vertex 9.3559 6.34059 2.83556
      vertex 7.84631 7.66447 2.83556
    endloop
  endfacet
  facet normal -0.593811 -0.395874 0.70048
    outer loop
      vertex 32.2594 29.2441 2.83556
      vertex 32.7193 29.553 3.4
      vertex 32.6999 29.5821 3.4
    endloop
  endfacet
  facet normal -0.5934 -0.396488 0.700481
    outer loop
      vertex 32.7193 29.553 3.4
      vertex 32.2594 29.2441 2.83556
      vertex 33.3749 27.5746 2.83556
    endloop
  endfacet
  facet normal -0.140747 -0.699654 0.700482
    outer loop
      vertex 23.6372 35.6215 3.4
      vertex 23.5278 35.0784 2.83556
      vertex 23.6715 35.6146 3.4
    endloop
  endfacet
  facet normal -0.139224 -0.69996 0.700481
    outer loop
      vertex 23.5278 35.0784 2.83556
      vertex 23.6372 35.6215 3.4
      vertex 21.5585 35.4701 2.83556
    endloop
  endfacet
  facet normal -0.0465246 0.712152 0.700482
    outer loop
      vertex 19.3349 2.41212 3.4
      vertex 19.3 2.96503 2.83556
      vertex 19.3 2.40984 3.4
    endloop
  endfacet
  facet normal -0.0466753 0.712143 0.700481
    outer loop
      vertex 19.3 2.96503 2.83556
      vertex 19.3349 2.41212 3.4
      vertex 21.3036 3.09635 2.83556
    endloop
  endfacet
  facet normal 0.536573 0.470554 0.700478
    outer loop
      vertex 7.66447 7.84631 2.83556
      vertex 7.35685 7.35685 3.4
      vertex 7.74943 7.74943 2.83556
    endloop
  endfacet
  facet normal 0.536568 0.470557 0.700479
    outer loop
      vertex 7.35685 7.35685 3.4
      vertex 7.66447 7.84631 2.83556
      vertex 5.92318 8.99164 3.4
    endloop
  endfacet
  facet normal -0.470365 -0.536847 0.700394
    outer loop
      vertex 31.2431 31.2431 3.4
      vertex 30.7537 30.9355 2.83556
      vertex 30.8506 30.8506 2.83556
    endloop
  endfacet
  facet normal -0.470598 -0.536574 0.700447
    outer loop
      vertex 30.7537 30.9355 2.83556
      vertex 31.2431 31.2431 3.4
      vertex 29.6084 32.6768 3.4
    endloop
  endfacet
  facet normal -0.536574 -0.470598 0.700447
    outer loop
      vertex 31.2431 31.2431 3.4
      vertex 30.9355 30.7537 2.83556
      vertex 32.6768 29.6084 3.4
    endloop
  endfacet
  facet normal -0.536847 -0.470365 0.700394
    outer loop
      vertex 30.9355 30.7537 2.83556
      vertex 31.2431 31.2431 3.4
      vertex 30.8506 30.8506 2.83556
    endloop
  endfacet
  facet normal 0.593329 0.396605 0.700475
    outer loop
      vertex 5.22509 11.0254 2.83556
      vertex 5.1535 11.1325 2.83556
      vertex 4.67269 10.8549 3.4
    endloop
  endfacet
  facet normal 0.593384 0.396489 0.700494
    outer loop
      vertex 5.22509 11.0254 2.83556
      vertex 4.67269 10.8549 3.4
      vertex 5.88071 9.04698 3.4
    endloop
  endfacet
  facet normal -0.315616 0.640092 0.700478
    outer loop
      vertex 27.3519 5.0965 2.83556
      vertex 27.7451 4.67269 3.4
      vertex 27.4675 5.1535 2.83556
    endloop
  endfacet
  facet normal -0.315642 0.640074 0.700482
    outer loop
      vertex 27.7451 4.67269 3.4
      vertex 27.3519 5.0965 2.83556
      vertex 25.7949 3.71098 3.4
    endloop
  endfacet
  facet normal 0.0471017 -0.712066 0.70053
    outer loop
      vertex 17.2964 35.5037 2.83556
      vertex 17.0954 36.0457 3.4
      vertex 17.1679 35.4952 2.83556
    endloop
  endfacet
  facet normal 0.0466741 -0.712158 0.700466
    outer loop
      vertex 17.0954 36.0457 3.4
      vertex 17.2964 35.5037 2.83556
      vertex 19.2651 36.1879 3.4
    endloop
  endfacet
  facet normal 0.139224 -0.69996 0.700481
    outer loop
      vertex 14.9628 35.6215 3.4
      vertex 15.0722 35.0784 2.83556
      vertex 17.0415 35.4701 2.83556
    endloop
  endfacet
  facet normal 0.140747 -0.699654 0.700482
    outer loop
      vertex 15.0722 35.0784 2.83556
      vertex 14.9628 35.6215 3.4
      vertex 14.9285 35.6146 3.4
    endloop
  endfacet
  facet normal 0.229425 -0.675763 0.700506
    outer loop
      vertex 12.8695 34.9157 3.4
      vertex 13.0489 34.3915 2.83556
      vertex 14.9502 35.037 2.83556
    endloop
  endfacet
  facet normal 0.228736 -0.675997 0.700505
    outer loop
      vertex 13.0489 34.3915 2.83556
      vertex 12.8695 34.9157 3.4
      vertex 12.8364 34.9045 3.4
    endloop
  endfacet
  facet normal -0.0466637 0.712147 0.700477
    outer loop
      vertex 21.3036 3.09635 2.83556
      vertex 21.5046 2.55433 3.4
      vertex 21.4321 3.10477 2.83556
    endloop
  endfacet
  facet normal -0.0466765 0.712145 0.700479
    outer loop
      vertex 21.5046 2.55433 3.4
      vertex 21.3036 3.09635 2.83556
      vertex 19.3349 2.41212 3.4
    endloop
  endfacet
  facet normal 0.315642 -0.640081 0.700476
    outer loop
      vertex 10.8549 33.9273 3.4
      vertex 11.2481 33.5035 2.83556
      vertex 12.8051 34.889 3.4
    endloop
  endfacet
  facet normal 0.315619 -0.640097 0.700472
    outer loop
      vertex 11.2481 33.5035 2.83556
      vertex 10.8549 33.9273 3.4
      vertex 11.1325 33.4465 2.83556
    endloop
  endfacet
  facet normal 0.675785 0.229435 0.700481
    outer loop
      vertex 2.98535 14.9285 3.4
      vertex 3.56305 14.9502 2.83556
      vertex 3.52163 15.0722 2.83556
    endloop
  endfacet
  facet normal 0.675791 0.229401 0.700486
    outer loop
      vertex 3.56305 14.9502 2.83556
      vertex 2.98535 14.9285 3.4
      vertex 3.68429 12.8695 3.4
    endloop
  endfacet
  facet normal 0.139217 0.699961 0.700481
    outer loop
      vertex 17.0415 3.12991 2.83556
      vertex 17.0954 2.55433 3.4
      vertex 17.1679 3.10477 2.83556
    endloop
  endfacet
  facet normal 0.139234 0.69996 0.700479
    outer loop
      vertex 17.0954 2.55433 3.4
      vertex 17.0415 3.12991 2.83556
      vertex 14.9628 2.97854 3.4
    endloop
  endfacet
  facet normal 0.396605 0.593329 0.700475
    outer loop
      vertex 11.0254 5.22509 2.83556
      vertex 10.8549 4.67269 3.4
      vertex 11.1325 5.1535 2.83556
    endloop
  endfacet
  facet normal 0.396489 0.593384 0.700494
    outer loop
      vertex 10.8549 4.67269 3.4
      vertex 11.0254 5.22509 2.83556
      vertex 9.04698 5.88071 3.4
    endloop
  endfacet
  facet normal 0.316056 0.63988 0.700473
    outer loop
      vertex 13.0489 4.20845 2.83556
      vertex 12.8051 3.71098 3.4
      vertex 12.8364 3.69552 3.4
    endloop
  endfacet
  facet normal 0.31565 0.640079 0.700474
    outer loop
      vertex 12.8051 3.71098 3.4
      vertex 13.0489 4.20845 2.83556
      vertex 11.2481 5.0965 2.83556
    endloop
  endfacet
  facet normal -0.980787 -0.195082 0
    outer loop
      vertex 51.9784 57.3278 1.6
      vertex 52.3701 55.3585 2.83556
      vertex 51.9784 57.3278 2.83556
    endloop
  endfacet
  facet normal -0.980791 -0.195063 3.08514e-05
    outer loop
      vertex 52.3952 55.2321 1.6
      vertex 52.3701 55.3585 2.83556
      vertex 51.9784 57.3278 1.6
    endloop
  endfacet
  facet normal -0.980848 -0.194773 0
    outer loop
      vertex 52.3701 55.3585 2.83556
      vertex 52.3952 55.2321 1.6
      vertex 52.3952 55.2321 2.83556
    endloop
  endfacet
  facet normal -0.997819 -0.0660036 0
    outer loop
      vertex 52.3952 55.2321 1.6
      vertex 52.4037 55.1036 2.83556
      vertex 52.3952 55.2321 2.83556
    endloop
  endfacet
  facet normal -0.997857 -0.0654287 6.00569e-05
    outer loop
      vertex 52.535 53.1 1.6
      vertex 52.4037 55.1036 2.83556
      vertex 52.3952 55.2321 1.6
    endloop
  endfacet
  facet normal -0.99786 -0.0653918 0
    outer loop
      vertex 52.4037 55.1036 2.83556
      vertex 52.535 53.1 1.6
      vertex 52.535 53.1 2.83556
    endloop
  endfacet
  facet normal -0.555562 0.831475 0
    outer loop
      vertex 46.1441 40.1406 2.83556
      vertex 46.1441 40.1406 1.6
      vertex 44.4746 39.0251 2.83556
    endloop
  endfacet
  facet normal -0.555575 0.831467 -2.50565e-05
    outer loop
      vertex 44.3675 38.9535 1.6
      vertex 44.4746 39.0251 2.83556
      vertex 46.1441 40.1406 1.6
    endloop
  endfacet
  facet normal -0.555775 0.831333 0
    outer loop
      vertex 44.4746 39.0251 2.83556
      vertex 44.3675 38.9535 1.6
      vertex 44.3675 38.9535 2.83556
    endloop
  endfacet
  facet normal 0.195082 -0.980787 0
    outer loop
      vertex 31.9722 68.8784 1.6
      vertex 33.9415 69.2701 2.83556
      vertex 31.9722 68.8784 2.83556
    endloop
  endfacet
  facet normal 0.195063 -0.980791 3.08514e-05
    outer loop
      vertex 34.0679 69.2952 1.6
      vertex 33.9415 69.2701 2.83556
      vertex 31.9722 68.8784 1.6
    endloop
  endfacet
  facet normal 0.194773 -0.980848 0
    outer loop
      vertex 33.9415 69.2701 2.83556
      vertex 34.0679 69.2952 1.6
      vertex 34.0679 69.2952 2.83556
    endloop
  endfacet
  facet normal 0.946916 -0.321482 0
    outer loop
      vertex 20.463 57.4498 2.83556
      vertex 21.1085 59.3511 1.6
      vertex 21.1085 59.3511 2.83556
    endloop
  endfacet
  facet normal 0.946962 -0.321346 0
    outer loop
      vertex 20.4216 57.3278 1.6
      vertex 20.463 57.4498 2.83556
      vertex 20.4216 57.3278 2.83556
    endloop
  endfacet
  facet normal 0.946918 -0.321474 1.40831e-05
    outer loop
      vertex 20.463 57.4498 2.83556
      vertex 20.4216 57.3278 1.6
      vertex 21.1085 59.3511 1.6
    endloop
  endfacet
  facet normal 0 0 1
    outer loop
      vertex 52.3952 55.2321 1.6
      vertex 52.3952 50.9679 1.6
      vertex 52.535 53.1 1.6
    endloop
  endfacet
  facet normal 0 0 1
    outer loop
      vertex 51.9784 57.3278 1.6
      vertex 52.3952 50.9679 1.6
      vertex 52.3952 55.2321 1.6
    endloop
  endfacet
  facet normal 0 0 1
    outer loop
      vertex 51.9784 57.3278 1.6
      vertex 51.9784 48.8722 1.6
      vertex 52.3952 50.9679 1.6
    endloop
  endfacet
  facet normal 0 0 1
    outer loop
      vertex 51.2915 59.3511 1.6
      vertex 51.9784 48.8722 1.6
      vertex 51.9784 57.3278 1.6
    endloop
  endfacet
  facet normal 0 0 1
    outer loop
      vertex 51.2915 59.3511 1.6
      vertex 51.2915 46.8489 1.6
      vertex 51.9784 48.8722 1.6
    endloop
  endfacet
  facet normal 0 0 1
    outer loop
      vertex 50.3465 61.2675 1.6
      vertex 51.2915 46.8489 1.6
      vertex 51.2915 59.3511 1.6
    endloop
  endfacet
  facet normal 0 0 1
    outer loop
      vertex 50.3465 61.2675 1.6
      vertex 50.3465 44.9325 1.6
      vertex 51.2915 46.8489 1.6
    endloop
  endfacet
  facet normal 0 0 1
    outer loop
      vertex 49.1594 63.0441 1.6
      vertex 50.3465 44.9325 1.6
      vertex 50.3465 61.2675 1.6
    endloop
  endfacet
  facet normal 0 0 1
    outer loop
      vertex 49.1594 63.0441 1.6
      vertex 49.1594 43.1559 1.6
      vertex 50.3465 44.9325 1.6
    endloop
  endfacet
  facet normal 0 0 1
    outer loop
      vertex 47.7506 64.6506 1.6
      vertex 49.1594 43.1559 1.6
      vertex 49.1594 63.0441 1.6
    endloop
  endfacet
  facet normal 0 0 1
    outer loop
      vertex 47.7506 64.6506 1.6
      vertex 47.7506 41.5494 1.6
      vertex 49.1594 43.1559 1.6
    endloop
  endfacet
  facet normal 0 0 1
    outer loop
      vertex 46.1441 66.0594 1.6
      vertex 47.7506 41.5494 1.6
      vertex 47.7506 64.6506 1.6
    endloop
  endfacet
  facet normal 0 0 1
    outer loop
      vertex 46.1441 66.0594 1.6
      vertex 46.1441 40.1406 1.6
      vertex 47.7506 41.5494 1.6
    endloop
  endfacet
  facet normal 0 0 1
    outer loop
      vertex 44.3675 67.2465 1.6
      vertex 46.1441 40.1406 1.6
      vertex 46.1441 66.0594 1.6
    endloop
  endfacet
  facet normal 0 0 1
    outer loop
      vertex 44.3675 67.2465 1.6
      vertex 44.3675 38.9535 1.6
      vertex 46.1441 40.1406 1.6
    endloop
  endfacet
  facet normal 0 0 1
    outer loop
      vertex 42.4511 68.1916 1.6
      vertex 44.3675 38.9535 1.6
      vertex 44.3675 67.2465 1.6
    endloop
  endfacet
  facet normal 0 0 1
    outer loop
      vertex 42.4511 68.1916 1.6
      vertex 42.4511 38.0085 1.6
      vertex 44.3675 38.9535 1.6
    endloop
  endfacet
  facet normal 0 0 1
    outer loop
      vertex 40.4278 68.8784 1.6
      vertex 42.4511 38.0085 1.6
      vertex 42.4511 68.1916 1.6
    endloop
  endfacet
  facet normal 0 0 1
    outer loop
      vertex 40.4278 68.8784 1.6
      vertex 40.4278 37.3216 1.6
      vertex 42.4511 38.0085 1.6
    endloop
  endfacet
  facet normal 0 0 1
    outer loop
      vertex 38.3321 69.2952 1.6
      vertex 40.4278 37.3216 1.6
      vertex 40.4278 68.8784 1.6
    endloop
  endfacet
  facet normal 0 0 1
    outer loop
      vertex 38.3321 69.2952 1.6
      vertex 38.3321 36.9048 1.6
      vertex 40.4278 37.3216 1.6
    endloop
  endfacet
  facet normal 0 0 1
    outer loop
      vertex 36.2 69.435 1.6
      vertex 38.3321 36.9048 1.6
      vertex 38.3321 69.2952 1.6
    endloop
  endfacet
  facet normal 0 0 1
    outer loop
      vertex 36.2 69.435 1.6
      vertex 36.2 36.765 1.6
      vertex 38.3321 36.9048 1.6
    endloop
  endfacet
  facet normal -0 0 1
    outer loop
      vertex 34.0679 69.2952 1.6
      vertex 36.2 36.765 1.6
      vertex 36.2 69.435 1.6
    endloop
  endfacet
  facet normal 0 0 1
    outer loop
      vertex 34.0679 69.2952 1.6
      vertex 34.0679 36.9048 1.6
      vertex 36.2 36.765 1.6
    endloop
  endfacet
  facet normal -0 0 1
    outer loop
      vertex 31.9722 68.8784 1.6
      vertex 34.0679 36.9048 1.6
      vertex 34.0679 69.2952 1.6
    endloop
  endfacet
  facet normal 0 0 1
    outer loop
      vertex 31.9722 68.8784 1.6
      vertex 31.9722 37.3216 1.6
      vertex 34.0679 36.9048 1.6
    endloop
  endfacet
  facet normal -0 0 1
    outer loop
      vertex 29.9489 68.1916 1.6
      vertex 31.9722 37.3216 1.6
      vertex 31.9722 68.8784 1.6
    endloop
  endfacet
  facet normal 0 0 1
    outer loop
      vertex 29.9489 68.1916 1.6
      vertex 29.9489 38.0085 1.6
      vertex 31.9722 37.3216 1.6
    endloop
  endfacet
  facet normal -0 0 1
    outer loop
      vertex 28.0325 67.2465 1.6
      vertex 29.9489 38.0085 1.6
      vertex 29.9489 68.1916 1.6
    endloop
  endfacet
  facet normal 0 0 1
    outer loop
      vertex 28.0325 67.2465 1.6
      vertex 28.0325 38.9535 1.6
      vertex 29.9489 38.0085 1.6
    endloop
  endfacet
  facet normal -0 0 1
    outer loop
      vertex 26.2559 66.0594 1.6
      vertex 28.0325 38.9535 1.6
      vertex 28.0325 67.2465 1.6
    endloop
  endfacet
  facet normal 0 0 1
    outer loop
      vertex 26.2559 66.0594 1.6
      vertex 26.2559 40.1406 1.6
      vertex 28.0325 38.9535 1.6
    endloop
  endfacet
  facet normal -0 0 1
    outer loop
      vertex 24.6494 64.6506 1.6
      vertex 26.2559 40.1406 1.6
      vertex 26.2559 66.0594 1.6
    endloop
  endfacet
  facet normal 0 0 1
    outer loop
      vertex 24.6494 64.6506 1.6
      vertex 24.6494 41.5494 1.6
      vertex 26.2559 40.1406 1.6
    endloop
  endfacet
  facet normal -0 0 1
    outer loop
      vertex 23.2406 63.0441 1.6
      vertex 24.6494 41.5494 1.6
      vertex 24.6494 64.6506 1.6
    endloop
  endfacet
  facet normal 0 0 1
    outer loop
      vertex 23.2406 63.0441 1.6
      vertex 23.2406 43.1559 1.6
      vertex 24.6494 41.5494 1.6
    endloop
  endfacet
  facet normal -0 0 1
    outer loop
      vertex 22.0535 61.2675 1.6
      vertex 23.2406 43.1559 1.6
      vertex 23.2406 63.0441 1.6
    endloop
  endfacet
  facet normal 0 0 1
    outer loop
      vertex 22.0535 61.2675 1.6
      vertex 22.0535 44.9325 1.6
      vertex 23.2406 43.1559 1.6
    endloop
  endfacet
  facet normal -0 0 1
    outer loop
      vertex 21.1085 59.3511 1.6
      vertex 22.0535 44.9325 1.6
      vertex 22.0535 61.2675 1.6
    endloop
  endfacet
  facet normal 0 0 1
    outer loop
      vertex 21.1085 59.3511 1.6
      vertex 21.1085 46.8489 1.6
      vertex 22.0535 44.9325 1.6
    endloop
  endfacet
  facet normal -0 0 1
    outer loop
      vertex 20.4216 57.3278 1.6
      vertex 21.1085 46.8489 1.6
      vertex 21.1085 59.3511 1.6
    endloop
  endfacet
  facet normal 0 0 1
    outer loop
      vertex 20.4216 57.3278 1.6
      vertex 20.4216 48.8722 1.6
      vertex 21.1085 46.8489 1.6
    endloop
  endfacet
  facet normal -0 0 1
    outer loop
      vertex 20.0048 55.2321 1.6
      vertex 20.4216 48.8722 1.6
      vertex 20.4216 57.3278 1.6
    endloop
  endfacet
  facet normal 0 0 1
    outer loop
      vertex 20.0048 55.2321 1.6
      vertex 20.0048 50.9679 1.6
      vertex 20.4216 48.8722 1.6
    endloop
  endfacet
  facet normal 0 -0 1
    outer loop
      vertex 20.0048 50.9679 1.6
      vertex 20.0048 55.2321 1.6
      vertex 19.865 53.1 1.6
    endloop
  endfacet
  facet normal 0.442266 0.896884 0
    outer loop
      vertex 29.9489 38.0085 2.83556
      vertex 29.9489 38.0085 1.6
      vertex 28.1481 38.8965 2.83556
    endloop
  endfacet
  facet normal 0.442265 0.896885 -2.72721e-06
    outer loop
      vertex 28.0325 38.9535 1.6
      vertex 28.1481 38.8965 2.83556
      vertex 29.9489 38.0085 1.6
    endloop
  endfacet
  facet normal 0.442241 0.896896 0
    outer loop
      vertex 28.1481 38.8965 2.83556
      vertex 28.0325 38.9535 1.6
      vertex 28.0325 38.9535 2.83556
    endloop
  endfacet
  facet normal 0.321438 -0.946931 0
    outer loop
      vertex 29.9489 68.1916 1.6
      vertex 31.8502 68.837 2.83556
      vertex 29.9489 68.1916 2.83556
    endloop
  endfacet
  facet normal 0.321432 -0.946933 9.4621e-06
    outer loop
      vertex 31.9722 68.8784 1.6
      vertex 31.8502 68.837 2.83556
      vertex 29.9489 68.1916 1.6
    endloop
  endfacet
  facet normal 0.321346 -0.946962 0
    outer loop
      vertex 31.8502 68.837 2.83556
      vertex 31.9722 68.8784 1.6
      vertex 31.9722 68.8784 2.83556
    endloop
  endfacet
  facet normal 0.0653918 0.99786 -0
    outer loop
      vertex 36.2 36.765 1.6
      vertex 34.1964 36.8963 2.83556
      vertex 36.2 36.765 2.83556
    endloop
  endfacet
  facet normal 0.0654287 0.997857 6.00569e-05
    outer loop
      vertex 34.0679 36.9048 1.6
      vertex 34.1964 36.8963 2.83556
      vertex 36.2 36.765 1.6
    endloop
  endfacet
  facet normal 0.0660036 0.997819 0
    outer loop
      vertex 34.1964 36.8963 2.83556
      vertex 34.0679 36.9048 1.6
      vertex 34.0679 36.9048 2.83556
    endloop
  endfacet
  facet normal 0.442241 -0.896896 0
    outer loop
      vertex 28.0325 67.2465 1.6
      vertex 28.1481 67.3035 2.83556
      vertex 28.0325 67.2465 2.83556
    endloop
  endfacet
  facet normal 0.442302 -0.896866 -7.10576e-06
    outer loop
      vertex 29.9489 68.1916 1.6
      vertex 28.1481 67.3035 2.83556
      vertex 28.0325 67.2465 1.6
    endloop
  endfacet
  facet normal 0.442306 -0.896864 0
    outer loop
      vertex 28.1481 67.3035 2.83556
      vertex 29.9489 68.1916 1.6
      vertex 29.9489 68.1916 2.83556
    endloop
  endfacet
  facet normal -0.195082 0.980787 0
    outer loop
      vertex 40.4278 37.3216 1.6
      vertex 38.4585 36.9299 2.83556
      vertex 40.4278 37.3216 2.83556
    endloop
  endfacet
  facet normal -0.195063 0.980791 3.08514e-05
    outer loop
      vertex 38.3321 36.9048 1.6
      vertex 38.4585 36.9299 2.83556
      vertex 40.4278 37.3216 1.6
    endloop
  endfacet
  facet normal -0.194773 0.980848 0
    outer loop
      vertex 38.4585 36.9299 2.83556
      vertex 38.3321 36.9048 1.6
      vertex 38.3321 36.9048 2.83556
    endloop
  endfacet
  facet normal -0.752144 -0.658999 0
    outer loop
      vertex 47.7506 64.6506 1.6
      vertex 47.8355 64.5537 2.83556
      vertex 47.7506 64.6506 2.83556
    endloop
  endfacet
  facet normal -0.751854 -0.659329 -4.57834e-05
    outer loop
      vertex 49.1594 63.0441 1.6
      vertex 47.8355 64.5537 2.83556
      vertex 47.7506 64.6506 1.6
    endloop
  endfacet
  facet normal -0.751836 -0.65935 0
    outer loop
      vertex 47.8355 64.5537 2.83556
      vertex 49.1594 63.0441 1.6
      vertex 49.1594 63.0441 2.83556
    endloop
  endfacet
  facet normal 0.980848 0.194773 0
    outer loop
      vertex 20.0299 50.8415 2.83556
      vertex 20.0048 50.9679 1.6
      vertex 20.0048 50.9679 2.83556
    endloop
  endfacet
  facet normal 0.980787 0.195082 -0
    outer loop
      vertex 20.4216 48.8722 1.6
      vertex 20.0299 50.8415 2.83556
      vertex 20.4216 48.8722 2.83556
    endloop
  endfacet
  facet normal 0.980791 0.195063 3.08514e-05
    outer loop
      vertex 20.0299 50.8415 2.83556
      vertex 20.4216 48.8722 1.6
      vertex 20.0048 50.9679 1.6
    endloop
  endfacet
  facet normal 0.194773 0.980848 0
    outer loop
      vertex 34.0679 36.9048 2.83556
      vertex 34.0679 36.9048 1.6
      vertex 33.9415 36.9299 2.83556
    endloop
  endfacet
  facet normal 0.195063 0.980791 3.08514e-05
    outer loop
      vertex 31.9722 37.3216 1.6
      vertex 33.9415 36.9299 2.83556
      vertex 34.0679 36.9048 1.6
    endloop
  endfacet
  facet normal 0.195082 0.980787 0
    outer loop
      vertex 33.9415 36.9299 2.83556
      vertex 31.9722 37.3216 1.6
      vertex 31.9722 37.3216 2.83556
    endloop
  endfacet
  facet normal 0.896896 -0.442241 0
    outer loop
      vertex 21.9965 61.1519 2.83556
      vertex 22.0535 61.2675 1.6
      vertex 22.0535 61.2675 2.83556
    endloop
  endfacet
  facet normal 0.896884 -0.442266 0
    outer loop
      vertex 21.1085 59.3511 1.6
      vertex 21.9965 61.1519 2.83556
      vertex 21.1085 59.3511 2.83556
    endloop
  endfacet
  facet normal 0.896885 -0.442265 -2.72721e-06
    outer loop
      vertex 21.9965 61.1519 2.83556
      vertex 21.1085 59.3511 1.6
      vertex 22.0535 61.2675 1.6
    endloop
  endfacet
  facet normal 0.946962 0.321346 0
    outer loop
      vertex 20.463 48.7502 2.83556
      vertex 20.4216 48.8722 1.6
      vertex 20.4216 48.8722 2.83556
    endloop
  endfacet
  facet normal 0.946916 0.321482 -0
    outer loop
      vertex 21.1085 46.8489 1.6
      vertex 20.463 48.7502 2.83556
      vertex 21.1085 46.8489 2.83556
    endloop
  endfacet
  facet normal 0.946918 0.321474 1.40831e-05
    outer loop
      vertex 20.463 48.7502 2.83556
      vertex 21.1085 46.8489 1.6
      vertex 20.4216 48.8722 1.6
    endloop
  endfacet
  facet normal 0.658999 -0.752144 0
    outer loop
      vertex 24.6494 64.6506 2.83556
      vertex 24.6494 64.6506 1.6
      vertex 24.7463 64.7355 2.83556
    endloop
  endfacet
  facet normal 0.659329 -0.751854 -4.57834e-05
    outer loop
      vertex 26.2559 66.0594 1.6
      vertex 24.7463 64.7355 2.83556
      vertex 24.6494 64.6506 1.6
    endloop
  endfacet
  facet normal 0.65935 -0.751836 0
    outer loop
      vertex 24.7463 64.7355 2.83556
      vertex 26.2559 66.0594 1.6
      vertex 26.2559 66.0594 2.83556
    endloop
  endfacet
  facet normal -0.99786 0.0653918 0
    outer loop
      vertex 52.535 53.1 1.6
      vertex 52.4037 51.0964 2.83556
      vertex 52.535 53.1 2.83556
    endloop
  endfacet
  facet normal -0.997857 0.0654287 6.00569e-05
    outer loop
      vertex 52.3952 50.9679 1.6
      vertex 52.4037 51.0964 2.83556
      vertex 52.535 53.1 1.6
    endloop
  endfacet
  facet normal -0.997819 0.0660036 0
    outer loop
      vertex 52.4037 51.0964 2.83556
      vertex 52.3952 50.9679 1.6
      vertex 52.3952 50.9679 2.83556
    endloop
  endfacet
  facet normal -0.831333 0.555775 0
    outer loop
      vertex 50.3465 44.9325 1.6
      vertex 50.2749 44.8254 2.83556
      vertex 50.3465 44.9325 2.83556
    endloop
  endfacet
  facet normal -0.831467 0.555575 -2.50565e-05
    outer loop
      vertex 49.1594 43.1559 1.6
      vertex 50.2749 44.8254 2.83556
      vertex 50.3465 44.9325 1.6
    endloop
  endfacet
  facet normal -0.831475 0.555562 0
    outer loop
      vertex 50.2749 44.8254 2.83556
      vertex 49.1594 43.1559 1.6
      vertex 49.1594 43.1559 2.83556
    endloop
  endfacet
  facet normal -0.831475 -0.555562 0
    outer loop
      vertex 49.1594 63.0441 1.6
      vertex 50.2749 61.3746 2.83556
      vertex 49.1594 63.0441 2.83556
    endloop
  endfacet
  facet normal -0.831467 -0.555575 -2.50565e-05
    outer loop
      vertex 50.3465 61.2675 1.6
      vertex 50.2749 61.3746 2.83556
      vertex 49.1594 63.0441 1.6
    endloop
  endfacet
  facet normal -0.831333 -0.555775 0
    outer loop
      vertex 50.2749 61.3746 2.83556
      vertex 50.3465 61.2675 1.6
      vertex 50.3465 61.2675 2.83556
    endloop
  endfacet
  facet normal -0.0660036 0.997819 0
    outer loop
      vertex 38.3321 36.9048 2.83556
      vertex 38.3321 36.9048 1.6
      vertex 38.2036 36.8963 2.83556
    endloop
  endfacet
  facet normal -0.0654287 0.997857 6.00569e-05
    outer loop
      vertex 36.2 36.765 1.6
      vertex 38.2036 36.8963 2.83556
      vertex 38.3321 36.9048 1.6
    endloop
  endfacet
  facet normal -0.0653918 0.99786 0
    outer loop
      vertex 38.2036 36.8963 2.83556
      vertex 36.2 36.765 1.6
      vertex 36.2 36.765 2.83556
    endloop
  endfacet
  facet normal 0.831333 0.555775 0
    outer loop
      vertex 22.1251 44.8254 2.83556
      vertex 22.0535 44.9325 1.6
      vertex 22.0535 44.9325 2.83556
    endloop
  endfacet
  facet normal 0.831475 0.555562 -0
    outer loop
      vertex 23.2406 43.1559 1.6
      vertex 22.1251 44.8254 2.83556
      vertex 23.2406 43.1559 2.83556
    endloop
  endfacet
  facet normal 0.831467 0.555575 -2.50565e-05
    outer loop
      vertex 22.1251 44.8254 2.83556
      vertex 23.2406 43.1559 1.6
      vertex 22.0535 44.9325 1.6
    endloop
  endfacet
  facet normal -0.946916 -0.321482 0
    outer loop
      vertex 51.2915 59.3511 1.6
      vertex 51.937 57.4498 2.83556
      vertex 51.2915 59.3511 2.83556
    endloop
  endfacet
  facet normal -0.946918 -0.321474 1.40831e-05
    outer loop
      vertex 51.9784 57.3278 1.6
      vertex 51.937 57.4498 2.83556
      vertex 51.2915 59.3511 1.6
    endloop
  endfacet
  facet normal -0.946962 -0.321346 0
    outer loop
      vertex 51.937 57.4498 2.83556
      vertex 51.9784 57.3278 1.6
      vertex 51.9784 57.3278 2.83556
    endloop
  endfacet
  facet normal -0.442306 -0.896864 0
    outer loop
      vertex 42.4511 68.1916 1.6
      vertex 44.2519 67.3035 2.83556
      vertex 42.4511 68.1916 2.83556
    endloop
  endfacet
  facet normal -0.442302 -0.896866 -7.10576e-06
    outer loop
      vertex 44.3675 67.2465 1.6
      vertex 44.2519 67.3035 2.83556
      vertex 42.4511 68.1916 1.6
    endloop
  endfacet
  facet normal -0.442241 -0.896896 0
    outer loop
      vertex 44.2519 67.3035 2.83556
      vertex 44.3675 67.2465 1.6
      vertex 44.3675 67.2465 2.83556
    endloop
  endfacet
  facet normal -0.946962 0.321346 0
    outer loop
      vertex 51.9784 48.8722 1.6
      vertex 51.937 48.7502 2.83556
      vertex 51.9784 48.8722 2.83556
    endloop
  endfacet
  facet normal -0.946918 0.321474 1.40831e-05
    outer loop
      vertex 51.2915 46.8489 1.6
      vertex 51.937 48.7502 2.83556
      vertex 51.9784 48.8722 1.6
    endloop
  endfacet
  facet normal -0.946916 0.321482 0
    outer loop
      vertex 51.937 48.7502 2.83556
      vertex 51.2915 46.8489 1.6
      vertex 51.2915 46.8489 2.83556
    endloop
  endfacet
  facet normal 0.0652304 -0.99787 0
    outer loop
      vertex 34.0679 69.2952 2.83556
      vertex 34.0679 69.2952 1.6
      vertex 34.1964 69.3036 2.83556
    endloop
  endfacet
  facet normal 0.0654287 -0.997857 -2.07046e-05
    outer loop
      vertex 36.2 69.435 1.6
      vertex 34.1964 69.3036 2.83556
      vertex 34.0679 69.2952 1.6
    endloop
  endfacet
  facet normal 0.0654414 -0.997856 0
    outer loop
      vertex 34.1964 69.3036 2.83556
      vertex 36.2 69.435 1.6
      vertex 36.2 69.435 2.83556
    endloop
  endfacet
  facet normal 0.99786 0.0653918 0
    outer loop
      vertex 19.9963 51.0964 2.83556
      vertex 19.865 53.1 1.6
      vertex 19.865 53.1 2.83556
    endloop
  endfacet
  facet normal 0.997819 0.0660036 -0
    outer loop
      vertex 20.0048 50.9679 1.6
      vertex 19.9963 51.0964 2.83556
      vertex 20.0048 50.9679 2.83556
    endloop
  endfacet
  facet normal 0.997857 0.0654287 6.00569e-05
    outer loop
      vertex 19.9963 51.0964 2.83556
      vertex 20.0048 50.9679 1.6
      vertex 19.865 53.1 1.6
    endloop
  endfacet
  facet normal -0.555775 -0.831333 -0
    outer loop
      vertex 44.3675 67.2465 2.83556
      vertex 44.3675 67.2465 1.6
      vertex 44.4746 67.1749 2.83556
    endloop
  endfacet
  facet normal -0.555562 -0.831475 0
    outer loop
      vertex 46.1441 66.0594 1.6
      vertex 46.1441 66.0594 2.83556
      vertex 44.4746 67.1749 2.83556
    endloop
  endfacet
  facet normal -0.555575 -0.831467 -2.50565e-05
    outer loop
      vertex 46.1441 66.0594 1.6
      vertex 44.4746 67.1749 2.83556
      vertex 44.3675 67.2465 1.6
    endloop
  endfacet
  facet normal 0.65935 0.751836 -0
    outer loop
      vertex 26.2559 40.1406 1.6
      vertex 24.7463 41.4645 2.83556
      vertex 26.2559 40.1406 2.83556
    endloop
  endfacet
  facet normal 0.659329 0.751854 -4.57834e-05
    outer loop
      vertex 24.6494 41.5494 1.6
      vertex 24.7463 41.4645 2.83556
      vertex 26.2559 40.1406 1.6
    endloop
  endfacet
  facet normal 0.658999 0.752144 0
    outer loop
      vertex 24.7463 41.4645 2.83556
      vertex 24.6494 41.5494 1.6
      vertex 24.6494 41.5494 2.83556
    endloop
  endfacet
  facet normal 0.980787 -0.195082 0
    outer loop
      vertex 20.0299 55.3585 2.83556
      vertex 20.4216 57.3278 1.6
      vertex 20.4216 57.3278 2.83556
    endloop
  endfacet
  facet normal 0.980848 -0.194773 0
    outer loop
      vertex 20.0048 55.2321 1.6
      vertex 20.0299 55.3585 2.83556
      vertex 20.0048 55.2321 2.83556
    endloop
  endfacet
  facet normal 0.980791 -0.195063 3.08514e-05
    outer loop
      vertex 20.0299 55.3585 2.83556
      vertex 20.0048 55.2321 1.6
      vertex 20.4216 57.3278 1.6
    endloop
  endfacet
  facet normal -0.896896 -0.442241 0
    outer loop
      vertex 50.3465 61.2675 1.6
      vertex 50.4035 61.1519 2.83556
      vertex 50.3465 61.2675 2.83556
    endloop
  endfacet
  facet normal -0.896885 -0.442265 -2.72721e-06
    outer loop
      vertex 51.2915 59.3511 1.6
      vertex 50.4035 61.1519 2.83556
      vertex 50.3465 61.2675 1.6
    endloop
  endfacet
  facet normal -0.896884 -0.442266 0
    outer loop
      vertex 50.4035 61.1519 2.83556
      vertex 51.2915 59.3511 1.6
      vertex 51.2915 59.3511 2.83556
    endloop
  endfacet
  facet normal 0.896884 0.442266 0
    outer loop
      vertex 21.9965 45.0481 2.83556
      vertex 21.1085 46.8489 1.6
      vertex 21.1085 46.8489 2.83556
    endloop
  endfacet
  facet normal 0.896896 0.442241 -0
    outer loop
      vertex 22.0535 44.9325 1.6
      vertex 21.9965 45.0481 2.83556
      vertex 22.0535 44.9325 2.83556
    endloop
  endfacet
  facet normal 0.896885 0.442265 -2.72721e-06
    outer loop
      vertex 21.9965 45.0481 2.83556
      vertex 22.0535 44.9325 1.6
      vertex 21.1085 46.8489 1.6
    endloop
  endfacet
  facet normal 0.752144 -0.658999 0
    outer loop
      vertex 24.5645 64.5537 2.83556
      vertex 24.6494 64.6506 1.6
      vertex 24.6494 64.6506 2.83556
    endloop
  endfacet
  facet normal 0.751836 -0.65935 0
    outer loop
      vertex 23.2406 63.0441 1.6
      vertex 24.5645 64.5537 2.83556
      vertex 23.2406 63.0441 2.83556
    endloop
  endfacet
  facet normal 0.751854 -0.659329 -4.57834e-05
    outer loop
      vertex 24.5645 64.5537 2.83556
      vertex 23.2406 63.0441 1.6
      vertex 24.6494 64.6506 1.6
    endloop
  endfacet
  facet normal 0.555562 -0.831475 0
    outer loop
      vertex 26.2559 66.0594 1.6
      vertex 27.9254 67.1749 2.83556
      vertex 26.2559 66.0594 2.83556
    endloop
  endfacet
  facet normal 0.555575 -0.831467 -2.50565e-05
    outer loop
      vertex 28.0325 67.2465 1.6
      vertex 27.9254 67.1749 2.83556
      vertex 26.2559 66.0594 1.6
    endloop
  endfacet
  facet normal 0.555775 -0.831333 0
    outer loop
      vertex 27.9254 67.1749 2.83556
      vertex 28.0325 67.2465 1.6
      vertex 28.0325 67.2465 2.83556
    endloop
  endfacet
  facet normal 0.321346 0.946962 0
    outer loop
      vertex 31.9722 37.3216 2.83556
      vertex 31.9722 37.3216 1.6
      vertex 31.8502 37.363 2.83556
    endloop
  endfacet
  facet normal 0.321474 0.946918 1.40831e-05
    outer loop
      vertex 29.9489 38.0085 1.6
      vertex 31.8502 37.363 2.83556
      vertex 31.9722 37.3216 1.6
    endloop
  endfacet
  facet normal 0.321482 0.946916 0
    outer loop
      vertex 31.8502 37.363 2.83556
      vertex 29.9489 38.0085 1.6
      vertex 29.9489 38.0085 2.83556
    endloop
  endfacet
  facet normal -0.896884 0.442266 0
    outer loop
      vertex 51.2915 46.8489 1.6
      vertex 50.4035 45.0481 2.83556
      vertex 51.2915 46.8489 2.83556
    endloop
  endfacet
  facet normal -0.896885 0.442265 -2.72721e-06
    outer loop
      vertex 50.3465 44.9325 1.6
      vertex 50.4035 45.0481 2.83556
      vertex 51.2915 46.8489 1.6
    endloop
  endfacet
  facet normal -0.896896 0.442241 0
    outer loop
      vertex 50.4035 45.0481 2.83556
      vertex 50.3465 44.9325 1.6
      vertex 50.3465 44.9325 2.83556
    endloop
  endfacet
  facet normal -0.65935 -0.751836 0
    outer loop
      vertex 46.1441 66.0594 1.6
      vertex 47.6537 64.7355 2.83556
      vertex 46.1441 66.0594 2.83556
    endloop
  endfacet
  facet normal -0.659329 -0.751854 -4.57834e-05
    outer loop
      vertex 47.7506 64.6506 1.6
      vertex 47.6537 64.7355 2.83556
      vertex 46.1441 66.0594 1.6
    endloop
  endfacet
  facet normal -0.658999 -0.752144 0
    outer loop
      vertex 47.6537 64.7355 2.83556
      vertex 47.7506 64.6506 1.6
      vertex 47.7506 64.6506 2.83556
    endloop
  endfacet
  facet normal -0.980848 0.194773 0
    outer loop
      vertex 52.3952 50.9679 1.6
      vertex 52.3701 50.8415 2.83556
      vertex 52.3952 50.9679 2.83556
    endloop
  endfacet
  facet normal -0.980791 0.195063 3.08514e-05
    outer loop
      vertex 51.9784 48.8722 1.6
      vertex 52.3701 50.8415 2.83556
      vertex 52.3952 50.9679 1.6
    endloop
  endfacet
  facet normal -0.980787 0.195082 0
    outer loop
      vertex 52.3701 50.8415 2.83556
      vertex 51.9784 48.8722 1.6
      vertex 51.9784 48.8722 2.83556
    endloop
  endfacet
  facet normal -0.658999 0.752144 0
    outer loop
      vertex 47.7506 41.5494 2.83556
      vertex 47.7506 41.5494 1.6
      vertex 47.6537 41.4645 2.83556
    endloop
  endfacet
  facet normal -0.659329 0.751854 -4.57834e-05
    outer loop
      vertex 46.1441 40.1406 1.6
      vertex 47.6537 41.4645 2.83556
      vertex 47.7506 41.5494 1.6
    endloop
  endfacet
  facet normal -0.65935 0.751836 0
    outer loop
      vertex 47.6537 41.4645 2.83556
      vertex 46.1441 40.1406 1.6
      vertex 46.1441 40.1406 2.83556
    endloop
  endfacet
  facet normal -0.321346 -0.946962 -0
    outer loop
      vertex 40.4278 68.8784 2.83556
      vertex 40.4278 68.8784 1.6
      vertex 40.5498 68.837 2.83556
    endloop
  endfacet
  facet normal -0.321432 -0.946933 9.4621e-06
    outer loop
      vertex 42.4511 68.1916 1.6
      vertex 40.5498 68.837 2.83556
      vertex 40.4278 68.8784 1.6
    endloop
  endfacet
  facet normal -0.321438 -0.946931 0
    outer loop
      vertex 40.5498 68.837 2.83556
      vertex 42.4511 68.1916 1.6
      vertex 42.4511 68.1916 2.83556
    endloop
  endfacet
  facet normal -0.321482 0.946916 0
    outer loop
      vertex 42.4511 38.0085 1.6
      vertex 40.5498 37.363 2.83556
      vertex 42.4511 38.0085 2.83556
    endloop
  endfacet
  facet normal -0.321474 0.946918 1.40831e-05
    outer loop
      vertex 40.4278 37.3216 1.6
      vertex 40.5498 37.363 2.83556
      vertex 42.4511 38.0085 1.6
    endloop
  endfacet
  facet normal -0.321346 0.946962 0
    outer loop
      vertex 40.5498 37.363 2.83556
      vertex 40.4278 37.3216 1.6
      vertex 40.4278 37.3216 2.83556
    endloop
  endfacet
  facet normal -0.442241 0.896896 0
    outer loop
      vertex 44.3675 38.9535 2.83556
      vertex 44.3675 38.9535 1.6
      vertex 44.2519 38.8965 2.83556
    endloop
  endfacet
  facet normal -0.442265 0.896885 -2.72721e-06
    outer loop
      vertex 42.4511 38.0085 1.6
      vertex 44.2519 38.8965 2.83556
      vertex 44.3675 38.9535 1.6
    endloop
  endfacet
  facet normal -0.442266 0.896884 0
    outer loop
      vertex 44.2519 38.8965 2.83556
      vertex 42.4511 38.0085 1.6
      vertex 42.4511 38.0085 2.83556
    endloop
  endfacet
  facet normal -0.0654414 -0.997856 0
    outer loop
      vertex 36.2 69.435 1.6
      vertex 38.2036 69.3036 2.83556
      vertex 36.2 69.435 2.83556
    endloop
  endfacet
  facet normal -0.0654287 -0.997857 -2.07046e-05
    outer loop
      vertex 38.3321 69.2952 1.6
      vertex 38.2036 69.3036 2.83556
      vertex 36.2 69.435 1.6
    endloop
  endfacet
  facet normal -0.0652304 -0.99787 0
    outer loop
      vertex 38.2036 69.3036 2.83556
      vertex 38.3321 69.2952 1.6
      vertex 38.3321 69.2952 2.83556
    endloop
  endfacet
  facet normal 0.751836 0.65935 0
    outer loop
      vertex 24.5645 41.6463 2.83556
      vertex 23.2406 43.1559 1.6
      vertex 23.2406 43.1559 2.83556
    endloop
  endfacet
  facet normal 0.752144 0.658999 -0
    outer loop
      vertex 24.6494 41.5494 1.6
      vertex 24.5645 41.6463 2.83556
      vertex 24.6494 41.5494 2.83556
    endloop
  endfacet
  facet normal 0.751854 0.659329 -4.57834e-05
    outer loop
      vertex 24.5645 41.6463 2.83556
      vertex 24.6494 41.5494 1.6
      vertex 23.2406 43.1559 1.6
    endloop
  endfacet
  facet normal 0.555775 0.831333 0
    outer loop
      vertex 28.0325 38.9535 2.83556
      vertex 28.0325 38.9535 1.6
      vertex 27.9254 39.0251 2.83556
    endloop
  endfacet
  facet normal 0.555575 0.831467 -2.50565e-05
    outer loop
      vertex 26.2559 40.1406 1.6
      vertex 27.9254 39.0251 2.83556
      vertex 28.0325 38.9535 1.6
    endloop
  endfacet
  facet normal 0.555562 0.831475 0
    outer loop
      vertex 27.9254 39.0251 2.83556
      vertex 26.2559 40.1406 1.6
      vertex 26.2559 40.1406 2.83556
    endloop
  endfacet
  facet normal -0.194773 -0.980848 -0
    outer loop
      vertex 38.3321 69.2952 2.83556
      vertex 38.3321 69.2952 1.6
      vertex 38.4585 69.2701 2.83556
    endloop
  endfacet
  facet normal -0.195063 -0.980791 3.08514e-05
    outer loop
      vertex 40.4278 68.8784 1.6
      vertex 38.4585 69.2701 2.83556
      vertex 38.3321 69.2952 1.6
    endloop
  endfacet
  facet normal -0.195082 -0.980787 0
    outer loop
      vertex 38.4585 69.2701 2.83556
      vertex 40.4278 68.8784 1.6
      vertex 40.4278 68.8784 2.83556
    endloop
  endfacet
  facet normal 0.997819 -0.0660036 0
    outer loop
      vertex 19.9963 55.1036 2.83556
      vertex 20.0048 55.2321 1.6
      vertex 20.0048 55.2321 2.83556
    endloop
  endfacet
  facet normal 0.99786 -0.0653918 0
    outer loop
      vertex 19.865 53.1 1.6
      vertex 19.9963 55.1036 2.83556
      vertex 19.865 53.1 2.83556
    endloop
  endfacet
  facet normal 0.997857 -0.0654287 6.00569e-05
    outer loop
      vertex 19.9963 55.1036 2.83556
      vertex 19.865 53.1 1.6
      vertex 20.0048 55.2321 1.6
    endloop
  endfacet
  facet normal 0.831475 -0.555562 0
    outer loop
      vertex 22.1251 61.3746 2.83556
      vertex 23.2406 63.0441 1.6
      vertex 23.2406 63.0441 2.83556
    endloop
  endfacet
  facet normal 0.831333 -0.555775 0
    outer loop
      vertex 22.0535 61.2675 1.6
      vertex 22.1251 61.3746 2.83556
      vertex 22.0535 61.2675 2.83556
    endloop
  endfacet
  facet normal 0.831467 -0.555575 -2.50565e-05
    outer loop
      vertex 22.1251 61.3746 2.83556
      vertex 22.0535 61.2675 1.6
      vertex 23.2406 63.0441 1.6
    endloop
  endfacet
  facet normal -0.751836 0.65935 0
    outer loop
      vertex 49.1594 43.1559 1.6
      vertex 47.8355 41.6463 2.83556
      vertex 49.1594 43.1559 2.83556
    endloop
  endfacet
  facet normal -0.751854 0.659329 -4.57834e-05
    outer loop
      vertex 47.7506 41.5494 1.6
      vertex 47.8355 41.6463 2.83556
      vertex 49.1594 43.1559 1.6
    endloop
  endfacet
  facet normal -0.752144 0.658999 0
    outer loop
      vertex 47.8355 41.6463 2.83556
      vertex 47.7506 41.5494 1.6
      vertex 47.7506 41.5494 2.83556
    endloop
  endfacet
  facet normal -0.712149 -0.0466686 0.700475
    outer loop
      vertex 52.535 53.1 2.83556
      vertex 53.0879 53.1349 3.4
      vertex 52.4037 55.1036 2.83556
    endloop
  endfacet
  facet normal -0.712132 -0.0469314 0.700475
    outer loop
      vertex 53.0879 53.1349 3.4
      vertex 52.535 53.1 2.83556
      vertex 53.0902 53.1 3.4
    endloop
  endfacet
  facet normal 0.536559 -0.470555 0.700487
    outer loop
      vertex 22.8232 63.4084 3.4
      vertex 23.2406 63.0441 2.83556
      vertex 24.5645 64.5537 2.83556
    endloop
  endfacet
  facet normal 0.536203 -0.470962 0.700486
    outer loop
      vertex 23.2406 63.0441 2.83556
      vertex 22.8232 63.4084 3.4
      vertex 22.8001 63.3821 3.4
    endloop
  endfacet
  facet normal -0.675861 0.22935 0.700436
    outer loop
      vertex 51.937 48.7502 2.83556
      vertex 52.5146 48.7285 3.4
      vertex 51.9784 48.8722 2.83556
    endloop
  endfacet
  facet normal -0.67585 0.229408 0.700427
    outer loop
      vertex 52.5146 48.7285 3.4
      vertex 51.937 48.7502 2.83556
      vertex 51.8157 46.6695 3.4
    endloop
  endfacet
  facet normal 0.139224 0.69996 0.700481
    outer loop
      vertex 31.9722 37.3216 2.83556
      vertex 31.8628 36.7785 3.4
      vertex 33.9415 36.9299 2.83556
    endloop
  endfacet
  facet normal 0.140747 0.699654 0.700482
    outer loop
      vertex 31.8628 36.7785 3.4
      vertex 31.9722 37.3216 2.83556
      vertex 31.8285 36.7854 3.4
    endloop
  endfacet
  facet normal 0.712132 -0.0469314 0.700475
    outer loop
      vertex 19.865 53.1 2.83556
      vertex 19.3121 53.1349 3.4
      vertex 19.3098 53.1 3.4
    endloop
  endfacet
  facet normal 0.712149 -0.0466686 0.700475
    outer loop
      vertex 19.3121 53.1349 3.4
      vertex 19.865 53.1 2.83556
      vertex 19.9963 55.1036 2.83556
    endloop
  endfacet
  facet normal -0.228736 0.675997 0.700505
    outer loop
      vertex 42.4511 38.0085 2.83556
      vertex 42.6305 37.4843 3.4
      vertex 42.6636 37.4955 3.4
    endloop
  endfacet
  facet normal -0.229425 0.675763 0.700506
    outer loop
      vertex 42.6305 37.4843 3.4
      vertex 42.4511 38.0085 2.83556
      vertex 40.5498 37.363 2.83556
    endloop
  endfacet
  facet normal 0.0469314 -0.712132 0.700475
    outer loop
      vertex 36.1651 69.9879 3.4
      vertex 36.2 69.435 2.83556
      vertex 36.2 69.9902 3.4
    endloop
  endfacet
  facet normal 0.046704 -0.712147 0.700475
    outer loop
      vertex 36.2 69.435 2.83556
      vertex 36.1651 69.9879 3.4
      vertex 34.1964 69.3036 2.83556
    endloop
  endfacet
  facet normal -0.593309 -0.396647 0.700468
    outer loop
      vertex 50.8273 61.5451 3.4
      vertex 50.2749 61.3746 2.83556
      vertex 50.3465 61.2675 2.83556
    endloop
  endfacet
  facet normal -0.593385 -0.396487 0.700494
    outer loop
      vertex 50.2749 61.3746 2.83556
      vertex 50.8273 61.5451 3.4
      vertex 49.6193 63.353 3.4
    endloop
  endfacet
  facet normal -0.536557 0.47055 0.700492
    outer loop
      vertex 47.8355 41.6463 2.83556
      vertex 48.1432 41.1569 3.4
      vertex 49.5768 42.7916 3.4
    endloop
  endfacet
  facet normal -0.536811 0.470333 0.700443
    outer loop
      vertex 48.1432 41.1569 3.4
      vertex 47.8355 41.6463 2.83556
      vertex 47.7506 41.5494 2.83556
    endloop
  endfacet
  facet normal -0.229408 0.67585 0.700427
    outer loop
      vertex 40.5498 37.363 2.83556
      vertex 40.5715 36.7854 3.4
      vertex 42.6305 37.4843 3.4
    endloop
  endfacet
  facet normal -0.22935 0.675861 0.700436
    outer loop
      vertex 40.5715 36.7854 3.4
      vertex 40.5498 37.363 2.83556
      vertex 40.4278 37.3216 2.83556
    endloop
  endfacet
  facet normal 0.69996 0.138995 0.700526
    outer loop
      vertex 19.4543 50.8954 3.4
      vertex 20.0299 50.8415 2.83556
      vertex 20.0048 50.9679 2.83556
    endloop
  endfacet
  facet normal 0.699948 0.139228 0.700492
    outer loop
      vertex 20.0299 50.8415 2.83556
      vertex 19.4543 50.8954 3.4
      vertex 19.8785 48.7628 3.4
    endloop
  endfacet
  facet normal 0.536816 -0.470337 0.700437
    outer loop
      vertex 24.2569 65.0432 3.4
      vertex 24.5645 64.5537 2.83556
      vertex 24.6494 64.6506 2.83556
    endloop
  endfacet
  facet normal 0.536559 -0.470556 0.700487
    outer loop
      vertex 24.5645 64.5537 2.83556
      vertex 24.2569 65.0432 3.4
      vertex 22.8232 63.4084 3.4
    endloop
  endfacet
  facet normal 0.640097 0.315619 0.700472
    outer loop
      vertex 21.9965 45.0481 2.83556
      vertex 21.5727 44.6549 3.4
      vertex 22.0535 44.9325 2.83556
    endloop
  endfacet
  facet normal 0.640081 0.315642 0.700476
    outer loop
      vertex 21.5727 44.6549 3.4
      vertex 21.9965 45.0481 2.83556
      vertex 20.611 46.6051 3.4
    endloop
  endfacet
  facet normal 0.593811 -0.395874 0.70048
    outer loop
      vertex 22.7807 63.353 3.4
      vertex 23.2406 63.0441 2.83556
      vertex 22.8001 63.3821 3.4
    endloop
  endfacet
  facet normal 0.5934 -0.396488 0.700481
    outer loop
      vertex 23.2406 63.0441 2.83556
      vertex 22.7807 63.353 3.4
      vertex 22.1251 61.3746 2.83556
    endloop
  endfacet
  facet normal -0.470962 -0.536203 0.700486
    outer loop
      vertex 46.1441 66.0594 2.83556
      vertex 46.5084 66.4768 3.4
      vertex 46.4821 66.4999 3.4
    endloop
  endfacet
  facet normal -0.470555 -0.536559 0.700487
    outer loop
      vertex 46.5084 66.4768 3.4
      vertex 46.1441 66.0594 2.83556
      vertex 47.6537 64.7355 2.83556
    endloop
  endfacet
  facet normal -0.315619 -0.640097 0.700472
    outer loop
      vertex 44.6451 67.7273 3.4
      vertex 44.2519 67.3035 2.83556
      vertex 44.3675 67.2465 2.83556
    endloop
  endfacet
  facet normal -0.315642 -0.640081 0.700476
    outer loop
      vertex 44.2519 67.3035 2.83556
      vertex 44.6451 67.7273 3.4
      vertex 42.6949 68.689 3.4
    endloop
  endfacet
  facet normal 0.316731 -0.639591 0.700432
    outer loop
      vertex 29.7051 68.689 3.4
      vertex 29.9489 68.1916 2.83556
      vertex 29.7364 68.7045 3.4
    endloop
  endfacet
  facet normal 0.315682 -0.640108 0.700434
    outer loop
      vertex 29.9489 68.1916 2.83556
      vertex 29.7051 68.689 3.4
      vertex 28.1481 67.3035 2.83556
    endloop
  endfacet
  facet normal -0.69996 0.138995 0.700526
    outer loop
      vertex 52.3701 50.8415 2.83556
      vertex 52.9457 50.8954 3.4
      vertex 52.3952 50.9679 2.83556
    endloop
  endfacet
  facet normal -0.699948 0.139228 0.700492
    outer loop
      vertex 52.9457 50.8954 3.4
      vertex 52.3701 50.8415 2.83556
      vertex 52.5215 48.7628 3.4
    endloop
  endfacet
  facet normal 0.675997 -0.228736 0.700505
    outer loop
      vertex 20.5843 59.5305 3.4
      vertex 21.1085 59.3511 2.83556
      vertex 20.5955 59.5636 3.4
    endloop
  endfacet
  facet normal 0.675763 -0.229425 0.700506
    outer loop
      vertex 21.1085 59.3511 2.83556
      vertex 20.5843 59.5305 3.4
      vertex 20.463 57.4498 2.83556
    endloop
  endfacet
  facet normal -0.639541 0.316705 0.700489
    outer loop
      vertex 51.2915 46.8489 2.83556
      vertex 51.789 46.6051 3.4
      vertex 51.8045 46.6364 3.4
    endloop
  endfacet
  facet normal -0.640071 0.315628 0.700491
    outer loop
      vertex 51.789 46.6051 3.4
      vertex 51.2915 46.8489 2.83556
      vertex 50.4035 45.0481 2.83556
    endloop
  endfacet
  facet normal 0.396647 -0.593309 0.700468
    outer loop
      vertex 27.7549 67.7273 3.4
      vertex 27.9254 67.1749 2.83556
      vertex 28.0325 67.2465 2.83556
    endloop
  endfacet
  facet normal 0.396487 -0.593385 0.700494
    outer loop
      vertex 27.9254 67.1749 2.83556
      vertex 27.7549 67.7273 3.4
      vertex 25.947 66.5193 3.4
    endloop
  endfacet
  facet normal 0.640097 -0.315619 0.700472
    outer loop
      vertex 21.5727 61.5451 3.4
      vertex 21.9965 61.1519 2.83556
      vertex 22.0535 61.2675 2.83556
    endloop
  endfacet
  facet normal 0.640081 -0.315642 0.700476
    outer loop
      vertex 21.9965 61.1519 2.83556
      vertex 21.5727 61.5451 3.4
      vertex 20.611 59.5949 3.4
    endloop
  endfacet
  facet normal -0.675997 -0.228736 0.700505
    outer loop
      vertex 51.2915 59.3511 2.83556
      vertex 51.8157 59.5305 3.4
      vertex 51.8045 59.5636 3.4
    endloop
  endfacet
  facet normal -0.675763 -0.229425 0.700506
    outer loop
      vertex 51.8157 59.5305 3.4
      vertex 51.2915 59.3511 2.83556
      vertex 51.937 57.4498 2.83556
    endloop
  endfacet
  facet normal 0.396488 -0.5934 0.700481
    outer loop
      vertex 25.947 66.5193 3.4
      vertex 26.2559 66.0594 2.83556
      vertex 27.9254 67.1749 2.83556
    endloop
  endfacet
  facet normal 0.395874 -0.593811 0.70048
    outer loop
      vertex 26.2559 66.0594 2.83556
      vertex 25.947 66.5193 3.4
      vertex 25.9179 66.4999 3.4
    endloop
  endfacet
  facet normal -0.536203 -0.470962 0.700486
    outer loop
      vertex 49.5768 63.4084 3.4
      vertex 49.1594 63.0441 2.83556
      vertex 49.5999 63.3821 3.4
    endloop
  endfacet
  facet normal -0.536559 -0.470555 0.700487
    outer loop
      vertex 49.1594 63.0441 2.83556
      vertex 49.5768 63.4084 3.4
      vertex 47.8355 64.5537 2.83556
    endloop
  endfacet
  facet normal 0.699948 -0.139228 0.700492
    outer loop
      vertex 19.4543 55.3046 3.4
      vertex 20.0299 55.3585 2.83556
      vertex 19.8785 57.4372 3.4
    endloop
  endfacet
  facet normal 0.69996 -0.138995 0.700526
    outer loop
      vertex 20.0299 55.3585 2.83556
      vertex 19.4543 55.3046 3.4
      vertex 20.0048 55.2321 2.83556
    endloop
  endfacet
  facet normal 0.69996 0.139224 0.700481
    outer loop
      vertex 19.8785 48.7628 3.4
      vertex 20.4216 48.8722 2.83556
      vertex 20.0299 50.8415 2.83556
    endloop
  endfacet
  facet normal 0.699654 0.140747 0.700482
    outer loop
      vertex 20.4216 48.8722 2.83556
      vertex 19.8785 48.7628 3.4
      vertex 19.8854 48.7285 3.4
    endloop
  endfacet
  facet normal 0.470962 -0.536203 0.700486
    outer loop
      vertex 25.8916 66.4768 3.4
      vertex 26.2559 66.0594 2.83556
      vertex 25.9179 66.4999 3.4
    endloop
  endfacet
  facet normal 0.470555 -0.536559 0.700487
    outer loop
      vertex 26.2559 66.0594 2.83556
      vertex 25.8916 66.4768 3.4
      vertex 24.7463 64.7355 2.83556
    endloop
  endfacet
  facet normal -0.699948 -0.139228 0.700492
    outer loop
      vertex 52.3701 55.3585 2.83556
      vertex 52.9457 55.3046 3.4
      vertex 52.5215 57.4372 3.4
    endloop
  endfacet
  facet normal -0.69996 -0.138995 0.700526
    outer loop
      vertex 52.9457 55.3046 3.4
      vertex 52.3701 55.3585 2.83556
      vertex 52.3952 55.2321 2.83556
    endloop
  endfacet
  facet normal -0.69996 0.139224 0.700481
    outer loop
      vertex 51.9784 48.8722 2.83556
      vertex 52.5215 48.7628 3.4
      vertex 52.3701 50.8415 2.83556
    endloop
  endfacet
  facet normal -0.699654 0.140747 0.700482
    outer loop
      vertex 52.5215 48.7628 3.4
      vertex 51.9784 48.8722 2.83556
      vertex 52.5146 48.7285 3.4
    endloop
  endfacet
  facet normal 0.712066 -0.0471017 0.70053
    outer loop
      vertex 19.4543 55.3046 3.4
      vertex 19.9963 55.1036 2.83556
      vertex 20.0048 55.2321 2.83556
    endloop
  endfacet
  facet normal 0.712158 -0.0466741 0.700466
    outer loop
      vertex 19.9963 55.1036 2.83556
      vertex 19.4543 55.3046 3.4
      vertex 19.3121 53.1349 3.4
    endloop
  endfacet
  facet normal 0.593811 0.395874 0.70048
    outer loop
      vertex 23.2406 43.1559 2.83556
      vertex 22.7807 42.847 3.4
      vertex 22.8001 42.8179 3.4
    endloop
  endfacet
  facet normal 0.5934 0.396488 0.700481
    outer loop
      vertex 22.7807 42.847 3.4
      vertex 23.2406 43.1559 2.83556
      vertex 22.1251 44.8254 2.83556
    endloop
  endfacet
  facet normal 0.699654 -0.140747 0.700482
    outer loop
      vertex 19.8785 57.4372 3.4
      vertex 20.4216 57.3278 2.83556
      vertex 19.8854 57.4715 3.4
    endloop
  endfacet
  facet normal 0.69996 -0.139224 0.700481
    outer loop
      vertex 20.4216 57.3278 2.83556
      vertex 19.8785 57.4372 3.4
      vertex 20.0299 55.3585 2.83556
    endloop
  endfacet
  facet normal 0.67585 -0.229408 0.700427
    outer loop
      vertex 19.8854 57.4715 3.4
      vertex 20.463 57.4498 2.83556
      vertex 20.5843 59.5305 3.4
    endloop
  endfacet
  facet normal 0.675861 -0.22935 0.700436
    outer loop
      vertex 20.463 57.4498 2.83556
      vertex 19.8854 57.4715 3.4
      vertex 20.4216 57.3278 2.83556
    endloop
  endfacet
  facet normal -0.470337 0.536816 0.700437
    outer loop
      vertex 47.6537 41.4645 2.83556
      vertex 48.1432 41.1569 3.4
      vertex 47.7506 41.5494 2.83556
    endloop
  endfacet
  facet normal -0.470556 0.536559 0.700487
    outer loop
      vertex 48.1432 41.1569 3.4
      vertex 47.6537 41.4645 2.83556
      vertex 46.5084 39.7232 3.4
    endloop
  endfacet
  facet normal 0.229425 0.675763 0.700506
    outer loop
      vertex 29.9489 38.0085 2.83556
      vertex 29.7695 37.4843 3.4
      vertex 31.8502 37.363 2.83556
    endloop
  endfacet
  facet normal 0.228736 0.675997 0.700505
    outer loop
      vertex 29.7695 37.4843 3.4
      vertex 29.9489 38.0085 2.83556
      vertex 29.7364 37.4955 3.4
    endloop
  endfacet
  facet normal 0.0466741 0.712158 0.700466
    outer loop
      vertex 34.1964 36.8963 2.83556
      vertex 33.9954 36.3543 3.4
      vertex 36.1651 36.2121 3.4
    endloop
  endfacet
  facet normal 0.0471017 0.712066 0.70053
    outer loop
      vertex 34.0679 36.9048 2.83556
      vertex 33.9954 36.3543 3.4
      vertex 34.1964 36.8963 2.83556
    endloop
  endfacet
  facet normal 0.470365 0.536847 0.700394
    outer loop
      vertex 24.2569 41.1569 3.4
      vertex 24.7463 41.4645 2.83556
      vertex 24.6494 41.5494 2.83556
    endloop
  endfacet
  facet normal 0.470598 0.536574 0.700447
    outer loop
      vertex 24.7463 41.4645 2.83556
      vertex 24.2569 41.1569 3.4
      vertex 25.8916 39.7232 3.4
    endloop
  endfacet
  facet normal 0.593385 -0.396487 0.700494
    outer loop
      vertex 21.5727 61.5451 3.4
      vertex 22.1251 61.3746 2.83556
      vertex 22.7807 63.353 3.4
    endloop
  endfacet
  facet normal 0.593309 -0.396647 0.700468
    outer loop
      vertex 22.1251 61.3746 2.83556
      vertex 21.5727 61.5451 3.4
      vertex 22.0535 61.2675 2.83556
    endloop
  endfacet
  facet normal -0.315628 0.640071 0.700491
    outer loop
      vertex 42.4511 38.0085 2.83556
      vertex 42.6949 37.511 3.4
      vertex 44.2519 38.8965 2.83556
    endloop
  endfacet
  facet normal -0.316705 0.639541 0.700489
    outer loop
      vertex 42.6949 37.511 3.4
      vertex 42.4511 38.0085 2.83556
      vertex 42.6636 37.4955 3.4
    endloop
  endfacet
  facet normal 0.396488 0.5934 0.700481
    outer loop
      vertex 26.2559 40.1406 2.83556
      vertex 25.947 39.6807 3.4
      vertex 27.9254 39.0251 2.83556
    endloop
  endfacet
  facet normal 0.395874 0.593811 0.70048
    outer loop
      vertex 25.947 39.6807 3.4
      vertex 26.2559 40.1406 2.83556
      vertex 25.9179 39.7001 3.4
    endloop
  endfacet
  facet normal -0.5934 0.396488 0.700481
    outer loop
      vertex 49.1594 43.1559 2.83556
      vertex 49.6193 42.847 3.4
      vertex 50.2749 44.8254 2.83556
    endloop
  endfacet
  facet normal -0.593811 0.395874 0.70048
    outer loop
      vertex 49.6193 42.847 3.4
      vertex 49.1594 43.1559 2.83556
      vertex 49.5999 42.8179 3.4
    endloop
  endfacet
  facet normal -0.536203 0.470962 0.700486
    outer loop
      vertex 49.1594 43.1559 2.83556
      vertex 49.5768 42.7916 3.4
      vertex 49.5999 42.8179 3.4
    endloop
  endfacet
  facet normal -0.536559 0.470555 0.700487
    outer loop
      vertex 49.5768 42.7916 3.4
      vertex 49.1594 43.1559 2.83556
      vertex 47.8355 41.6463 2.83556
    endloop
  endfacet
  facet normal -0.712132 0.0469314 0.700475
    outer loop
      vertex 52.535 53.1 2.83556
      vertex 53.0879 53.0651 3.4
      vertex 53.0902 53.1 3.4
    endloop
  endfacet
  facet normal -0.712149 0.0466686 0.700475
    outer loop
      vertex 53.0879 53.0651 3.4
      vertex 52.535 53.1 2.83556
      vertex 52.4037 51.0964 2.83556
    endloop
  endfacet
  facet normal -0.395874 -0.593811 0.70048
    outer loop
      vertex 46.453 66.5193 3.4
      vertex 46.1441 66.0594 2.83556
      vertex 46.4821 66.4999 3.4
    endloop
  endfacet
  facet normal -0.396488 -0.5934 0.700481
    outer loop
      vertex 46.1441 66.0594 2.83556
      vertex 46.453 66.5193 3.4
      vertex 44.4746 67.1749 2.83556
    endloop
  endfacet
  facet normal -0.675763 0.229425 0.700506
    outer loop
      vertex 51.2915 46.8489 2.83556
      vertex 51.8157 46.6695 3.4
      vertex 51.937 48.7502 2.83556
    endloop
  endfacet
  facet normal -0.675997 0.228736 0.700505
    outer loop
      vertex 51.8157 46.6695 3.4
      vertex 51.2915 46.8489 2.83556
      vertex 51.8045 46.6364 3.4
    endloop
  endfacet
  facet normal 0.712132 0.0469314 0.700475
    outer loop
      vertex 19.3121 53.0651 3.4
      vertex 19.865 53.1 2.83556
      vertex 19.3098 53.1 3.4
    endloop
  endfacet
  facet normal 0.712149 0.0466686 0.700475
    outer loop
      vertex 19.865 53.1 2.83556
      vertex 19.3121 53.0651 3.4
      vertex 19.9963 51.0964 2.83556
    endloop
  endfacet
  facet normal -0.712066 -0.0471017 0.70053
    outer loop
      vertex 52.4037 55.1036 2.83556
      vertex 52.9457 55.3046 3.4
      vertex 52.3952 55.2321 2.83556
    endloop
  endfacet
  facet normal -0.712158 -0.0466741 0.700466
    outer loop
      vertex 52.9457 55.3046 3.4
      vertex 52.4037 55.1036 2.83556
      vertex 53.0879 53.1349 3.4
    endloop
  endfacet
  facet normal -0.712066 0.0471017 0.70053
    outer loop
      vertex 52.9457 50.8954 3.4
      vertex 52.4037 51.0964 2.83556
      vertex 52.3952 50.9679 2.83556
    endloop
  endfacet
  facet normal -0.712158 0.0466741 0.700466
    outer loop
      vertex 52.4037 51.0964 2.83556
      vertex 52.9457 50.8954 3.4
      vertex 53.0879 53.0651 3.4
    endloop
  endfacet
  facet normal 0.138995 -0.69996 0.700526
    outer loop
      vertex 33.9954 69.8457 3.4
      vertex 33.9415 69.2701 2.83556
      vertex 34.0679 69.2952 2.83556
    endloop
  endfacet
  facet normal 0.139228 -0.699948 0.700492
    outer loop
      vertex 33.9415 69.2701 2.83556
      vertex 33.9954 69.8457 3.4
      vertex 31.8628 69.4215 3.4
    endloop
  endfacet
  facet normal -0.229408 -0.67585 0.700427
    outer loop
      vertex 40.5715 69.4146 3.4
      vertex 40.5498 68.837 2.83556
      vertex 42.6305 68.7157 3.4
    endloop
  endfacet
  facet normal -0.22935 -0.675861 0.700436
    outer loop
      vertex 40.5498 68.837 2.83556
      vertex 40.5715 69.4146 3.4
      vertex 40.4278 68.8784 2.83556
    endloop
  endfacet
  facet normal -0.140747 0.699654 0.700482
    outer loop
      vertex 40.4278 37.3216 2.83556
      vertex 40.5372 36.7785 3.4
      vertex 40.5715 36.7854 3.4
    endloop
  endfacet
  facet normal -0.139224 0.69996 0.700481
    outer loop
      vertex 40.5372 36.7785 3.4
      vertex 40.4278 37.3216 2.83556
      vertex 38.4585 36.9299 2.83556
    endloop
  endfacet
  facet normal -0.139228 0.699948 0.700492
    outer loop
      vertex 38.4585 36.9299 2.83556
      vertex 38.4046 36.3543 3.4
      vertex 40.5372 36.7785 3.4
    endloop
  endfacet
  facet normal -0.138995 0.69996 0.700526
    outer loop
      vertex 38.4046 36.3543 3.4
      vertex 38.4585 36.9299 2.83556
      vertex 38.3321 36.9048 2.83556
    endloop
  endfacet
  facet normal 0.640071 -0.315628 0.700491
    outer loop
      vertex 20.611 59.5949 3.4
      vertex 21.1085 59.3511 2.83556
      vertex 21.9965 61.1519 2.83556
    endloop
  endfacet
  facet normal 0.639541 -0.316705 0.700489
    outer loop
      vertex 21.1085 59.3511 2.83556
      vertex 20.611 59.5949 3.4
      vertex 20.5955 59.5636 3.4
    endloop
  endfacet
  facet normal -0.640081 -0.315642 0.700476
    outer loop
      vertex 50.8273 61.5451 3.4
      vertex 50.4035 61.1519 2.83556
      vertex 51.789 59.5949 3.4
    endloop
  endfacet
  facet normal -0.640097 -0.315619 0.700472
    outer loop
      vertex 50.4035 61.1519 2.83556
      vertex 50.8273 61.5451 3.4
      vertex 50.3465 61.2675 2.83556
    endloop
  endfacet
  facet normal -0.639541 -0.316705 0.700489
    outer loop
      vertex 51.789 59.5949 3.4
      vertex 51.2915 59.3511 2.83556
      vertex 51.8045 59.5636 3.4
    endloop
  endfacet
  facet normal -0.640071 -0.315628 0.700491
    outer loop
      vertex 51.2915 59.3511 2.83556
      vertex 51.789 59.5949 3.4
      vertex 50.4035 61.1519 2.83556
    endloop
  endfacet
  facet normal 0.675997 0.228736 0.700505
    outer loop
      vertex 21.1085 46.8489 2.83556
      vertex 20.5843 46.6695 3.4
      vertex 20.5955 46.6364 3.4
    endloop
  endfacet
  facet normal 0.675763 0.229425 0.700506
    outer loop
      vertex 20.5843 46.6695 3.4
      vertex 21.1085 46.8489 2.83556
      vertex 20.463 48.7502 2.83556
    endloop
  endfacet
  facet normal 0.315619 0.640097 0.700472
    outer loop
      vertex 27.7549 38.4727 3.4
      vertex 28.1481 38.8965 2.83556
      vertex 28.0325 38.9535 2.83556
    endloop
  endfacet
  facet normal 0.315642 0.640081 0.700476
    outer loop
      vertex 28.1481 38.8965 2.83556
      vertex 27.7549 38.4727 3.4
      vertex 29.7051 37.511 3.4
    endloop
  endfacet
  facet normal -0.470555 0.536559 0.700487
    outer loop
      vertex 46.1441 40.1406 2.83556
      vertex 46.5084 39.7232 3.4
      vertex 47.6537 41.4645 2.83556
    endloop
  endfacet
  facet normal -0.470962 0.536203 0.700486
    outer loop
      vertex 46.5084 39.7232 3.4
      vertex 46.1441 40.1406 2.83556
      vertex 46.4821 39.7001 3.4
    endloop
  endfacet
  facet normal -0.396487 0.593385 0.700494
    outer loop
      vertex 44.4746 39.0251 2.83556
      vertex 44.6451 38.4727 3.4
      vertex 46.453 39.6807 3.4
    endloop
  endfacet
  facet normal -0.396647 0.593309 0.700468
    outer loop
      vertex 44.3675 38.9535 2.83556
      vertex 44.6451 38.4727 3.4
      vertex 44.4746 39.0251 2.83556
    endloop
  endfacet
  facet normal -0.316731 -0.639591 0.700432
    outer loop
      vertex 42.4511 68.1916 2.83556
      vertex 42.6949 68.689 3.4
      vertex 42.6636 68.7045 3.4
    endloop
  endfacet
  facet normal -0.315682 -0.640108 0.700434
    outer loop
      vertex 42.6949 68.689 3.4
      vertex 42.4511 68.1916 2.83556
      vertex 44.2519 67.3035 2.83556
    endloop
  endfacet
  facet normal 0.47055 -0.536557 0.700492
    outer loop
      vertex 24.2569 65.0432 3.4
      vertex 24.7463 64.7355 2.83556
      vertex 25.8916 66.4768 3.4
    endloop
  endfacet
  facet normal 0.470333 -0.536811 0.700443
    outer loop
      vertex 24.7463 64.7355 2.83556
      vertex 24.2569 65.0432 3.4
      vertex 24.6494 64.6506 2.83556
    endloop
  endfacet
  facet normal 0.536559 0.470555 0.700487
    outer loop
      vertex 23.2406 43.1559 2.83556
      vertex 22.8232 42.7916 3.4
      vertex 24.5645 41.6463 2.83556
    endloop
  endfacet
  facet normal 0.536203 0.470962 0.700486
    outer loop
      vertex 22.8232 42.7916 3.4
      vertex 23.2406 43.1559 2.83556
      vertex 22.8001 42.8179 3.4
    endloop
  endfacet
  facet normal -0.395874 0.593811 0.70048
    outer loop
      vertex 46.1441 40.1406 2.83556
      vertex 46.453 39.6807 3.4
      vertex 46.4821 39.7001 3.4
    endloop
  endfacet
  facet normal -0.396488 0.5934 0.700481
    outer loop
      vertex 46.453 39.6807 3.4
      vertex 46.1441 40.1406 2.83556
      vertex 44.4746 39.0251 2.83556
    endloop
  endfacet
  facet normal -0.0469314 -0.712132 0.700475
    outer loop
      vertex 36.2 69.435 2.83556
      vertex 36.2349 69.9879 3.4
      vertex 36.2 69.9902 3.4
    endloop
  endfacet
  facet normal -0.046704 -0.712147 0.700475
    outer loop
      vertex 36.2349 69.9879 3.4
      vertex 36.2 69.435 2.83556
      vertex 38.2036 69.3036 2.83556
    endloop
  endfacet
  facet normal -0.593309 0.396647 0.700468
    outer loop
      vertex 50.2749 44.8254 2.83556
      vertex 50.8273 44.6549 3.4
      vertex 50.3465 44.9325 2.83556
    endloop
  endfacet
  facet normal -0.593385 0.396487 0.700494
    outer loop
      vertex 50.8273 44.6549 3.4
      vertex 50.2749 44.8254 2.83556
      vertex 49.6193 42.847 3.4
    endloop
  endfacet
  facet normal -0.640081 0.315642 0.700476
    outer loop
      vertex 50.4035 45.0481 2.83556
      vertex 50.8273 44.6549 3.4
      vertex 51.789 46.6051 3.4
    endloop
  endfacet
  facet normal -0.640097 0.315619 0.700472
    outer loop
      vertex 50.8273 44.6549 3.4
      vertex 50.4035 45.0481 2.83556
      vertex 50.3465 44.9325 2.83556
    endloop
  endfacet
  facet normal 0.712158 0.0466741 0.700466
    outer loop
      vertex 19.4543 50.8954 3.4
      vertex 19.9963 51.0964 2.83556
      vertex 19.3121 53.0651 3.4
    endloop
  endfacet
  facet normal 0.712066 0.0471017 0.70053
    outer loop
      vertex 19.9963 51.0964 2.83556
      vertex 19.4543 50.8954 3.4
      vertex 20.0048 50.9679 2.83556
    endloop
  endfacet
  facet normal -0.675861 -0.22935 0.700436
    outer loop
      vertex 52.5146 57.4715 3.4
      vertex 51.937 57.4498 2.83556
      vertex 51.9784 57.3278 2.83556
    endloop
  endfacet
  facet normal -0.67585 -0.229408 0.700427
    outer loop
      vertex 51.937 57.4498 2.83556
      vertex 52.5146 57.4715 3.4
      vertex 51.8157 59.5305 3.4
    endloop
  endfacet
  facet normal -0.699654 -0.140747 0.700482
    outer loop
      vertex 51.9784 57.3278 2.83556
      vertex 52.5215 57.4372 3.4
      vertex 52.5146 57.4715 3.4
    endloop
  endfacet
  facet normal -0.69996 -0.139224 0.700481
    outer loop
      vertex 52.5215 57.4372 3.4
      vertex 51.9784 57.3278 2.83556
      vertex 52.3701 55.3585 2.83556
    endloop
  endfacet
  facet normal -0.228755 -0.676054 0.700444
    outer loop
      vertex 42.6305 68.7157 3.4
      vertex 42.4511 68.1916 2.83556
      vertex 42.6636 68.7045 3.4
    endloop
  endfacet
  facet normal -0.229412 -0.67583 0.700445
    outer loop
      vertex 42.4511 68.1916 2.83556
      vertex 42.6305 68.7157 3.4
      vertex 40.5498 68.837 2.83556
    endloop
  endfacet
  facet normal -0.04667 -0.712095 0.70053
    outer loop
      vertex 38.2036 69.3036 2.83556
      vertex 38.4046 69.8457 3.4
      vertex 36.2349 69.9879 3.4
    endloop
  endfacet
  facet normal -0.0465511 -0.71212 0.700512
    outer loop
      vertex 38.3321 69.2952 2.83556
      vertex 38.4046 69.8457 3.4
      vertex 38.2036 69.3036 2.83556
    endloop
  endfacet
  facet normal 0.22935 0.675861 0.700436
    outer loop
      vertex 31.8502 37.363 2.83556
      vertex 31.8285 36.7854 3.4
      vertex 31.9722 37.3216 2.83556
    endloop
  endfacet
  facet normal 0.229408 0.67585 0.700427
    outer loop
      vertex 31.8285 36.7854 3.4
      vertex 31.8502 37.363 2.83556
      vertex 29.7695 37.4843 3.4
    endloop
  endfacet
  facet normal -0.396487 -0.593385 0.700494
    outer loop
      vertex 44.6451 67.7273 3.4
      vertex 44.4746 67.1749 2.83556
      vertex 46.453 66.5193 3.4
    endloop
  endfacet
  facet normal -0.396647 -0.593309 0.700468
    outer loop
      vertex 44.6451 67.7273 3.4
      vertex 44.3675 67.2465 2.83556
      vertex 44.4746 67.1749 2.83556
    endloop
  endfacet
  facet normal 0.22935 -0.675861 0.700436
    outer loop
      vertex 31.8285 69.4146 3.4
      vertex 31.8502 68.837 2.83556
      vertex 31.9722 68.8784 2.83556
    endloop
  endfacet
  facet normal 0.229408 -0.67585 0.700427
    outer loop
      vertex 31.8502 68.837 2.83556
      vertex 31.8285 69.4146 3.4
      vertex 29.7695 68.7157 3.4
    endloop
  endfacet
  facet normal 0.0469314 0.712132 0.700475
    outer loop
      vertex 36.2 36.765 2.83556
      vertex 36.1651 36.2121 3.4
      vertex 36.2 36.2098 3.4
    endloop
  endfacet
  facet normal 0.0466686 0.712149 0.700475
    outer loop
      vertex 36.1651 36.2121 3.4
      vertex 36.2 36.765 2.83556
      vertex 34.1964 36.8963 2.83556
    endloop
  endfacet
  facet normal -0.139228 -0.699948 0.700492
    outer loop
      vertex 38.4046 69.8457 3.4
      vertex 38.4585 69.2701 2.83556
      vertex 40.5372 69.4215 3.4
    endloop
  endfacet
  facet normal -0.138995 -0.69996 0.700526
    outer loop
      vertex 38.4585 69.2701 2.83556
      vertex 38.4046 69.8457 3.4
      vertex 38.3321 69.2952 2.83556
    endloop
  endfacet
  facet normal 0.640071 0.315628 0.700491
    outer loop
      vertex 21.1085 46.8489 2.83556
      vertex 20.611 46.6051 3.4
      vertex 21.9965 45.0481 2.83556
    endloop
  endfacet
  facet normal 0.639541 0.316705 0.700489
    outer loop
      vertex 20.611 46.6051 3.4
      vertex 21.1085 46.8489 2.83556
      vertex 20.5955 46.6364 3.4
    endloop
  endfacet
  facet normal 0.470962 0.536203 0.700486
    outer loop
      vertex 26.2559 40.1406 2.83556
      vertex 25.8916 39.7232 3.4
      vertex 25.9179 39.7001 3.4
    endloop
  endfacet
  facet normal 0.470555 0.536559 0.700487
    outer loop
      vertex 25.8916 39.7232 3.4
      vertex 26.2559 40.1406 2.83556
      vertex 24.7463 41.4645 2.83556
    endloop
  endfacet
  facet normal -0.593811 -0.395874 0.70048
    outer loop
      vertex 49.1594 63.0441 2.83556
      vertex 49.6193 63.353 3.4
      vertex 49.5999 63.3821 3.4
    endloop
  endfacet
  facet normal -0.5934 -0.396488 0.700481
    outer loop
      vertex 49.6193 63.353 3.4
      vertex 49.1594 63.0441 2.83556
      vertex 50.2749 61.3746 2.83556
    endloop
  endfacet
  facet normal -0.140747 -0.699654 0.700482
    outer loop
      vertex 40.5372 69.4215 3.4
      vertex 40.4278 68.8784 2.83556
      vertex 40.5715 69.4146 3.4
    endloop
  endfacet
  facet normal -0.139224 -0.69996 0.700481
    outer loop
      vertex 40.4278 68.8784 2.83556
      vertex 40.5372 69.4215 3.4
      vertex 38.4585 69.2701 2.83556
    endloop
  endfacet
  facet normal -0.0469314 0.712132 0.700475
    outer loop
      vertex 36.2349 36.2121 3.4
      vertex 36.2 36.765 2.83556
      vertex 36.2 36.2098 3.4
    endloop
  endfacet
  facet normal -0.0466686 0.712149 0.700475
    outer loop
      vertex 36.2 36.765 2.83556
      vertex 36.2349 36.2121 3.4
      vertex 38.2036 36.8963 2.83556
    endloop
  endfacet
  facet normal 0.536847 0.470365 0.700394
    outer loop
      vertex 24.5645 41.6463 2.83556
      vertex 24.2569 41.1569 3.4
      vertex 24.6494 41.5494 2.83556
    endloop
  endfacet
  facet normal 0.536574 0.470598 0.700447
    outer loop
      vertex 24.2569 41.1569 3.4
      vertex 24.5645 41.6463 2.83556
      vertex 22.8232 42.7916 3.4
    endloop
  endfacet
  facet normal -0.470306 -0.53678 0.700485
    outer loop
      vertex 48.1432 65.0432 3.4
      vertex 47.6537 64.7355 2.83556
      vertex 47.7506 64.6506 2.83556
    endloop
  endfacet
  facet normal -0.470508 -0.536542 0.700531
    outer loop
      vertex 47.6537 64.7355 2.83556
      vertex 48.1432 65.0432 3.4
      vertex 46.5084 66.4768 3.4
    endloop
  endfacet
  facet normal -0.536542 -0.470508 0.700531
    outer loop
      vertex 48.1432 65.0432 3.4
      vertex 47.8355 64.5537 2.83556
      vertex 49.5768 63.4084 3.4
    endloop
  endfacet
  facet normal -0.53678 -0.470306 0.700485
    outer loop
      vertex 47.8355 64.5537 2.83556
      vertex 48.1432 65.0432 3.4
      vertex 47.7506 64.6506 2.83556
    endloop
  endfacet
  facet normal 0.593309 0.396647 0.700468
    outer loop
      vertex 21.5727 44.6549 3.4
      vertex 22.1251 44.8254 2.83556
      vertex 22.0535 44.9325 2.83556
    endloop
  endfacet
  facet normal 0.593385 0.396487 0.700494
    outer loop
      vertex 22.1251 44.8254 2.83556
      vertex 21.5727 44.6549 3.4
      vertex 22.7807 42.847 3.4
    endloop
  endfacet
  facet normal -0.315619 0.640097 0.700472
    outer loop
      vertex 44.2519 38.8965 2.83556
      vertex 44.6451 38.4727 3.4
      vertex 44.3675 38.9535 2.83556
    endloop
  endfacet
  facet normal -0.315642 0.640081 0.700476
    outer loop
      vertex 44.6451 38.4727 3.4
      vertex 44.2519 38.8965 2.83556
      vertex 42.6949 37.511 3.4
    endloop
  endfacet
  facet normal 0.0465511 -0.71212 0.700512
    outer loop
      vertex 34.1964 69.3036 2.83556
      vertex 33.9954 69.8457 3.4
      vertex 34.0679 69.2952 2.83556
    endloop
  endfacet
  facet normal 0.04667 -0.712095 0.70053
    outer loop
      vertex 33.9954 69.8457 3.4
      vertex 34.1964 69.3036 2.83556
      vertex 36.1651 69.9879 3.4
    endloop
  endfacet
  facet normal 0.139224 -0.69996 0.700481
    outer loop
      vertex 31.8628 69.4215 3.4
      vertex 31.9722 68.8784 2.83556
      vertex 33.9415 69.2701 2.83556
    endloop
  endfacet
  facet normal 0.140747 -0.699654 0.700482
    outer loop
      vertex 31.9722 68.8784 2.83556
      vertex 31.8628 69.4215 3.4
      vertex 31.8285 69.4146 3.4
    endloop
  endfacet
  facet normal 0.229412 -0.67583 0.700445
    outer loop
      vertex 29.7695 68.7157 3.4
      vertex 29.9489 68.1916 2.83556
      vertex 31.8502 68.837 2.83556
    endloop
  endfacet
  facet normal 0.228755 -0.676054 0.700444
    outer loop
      vertex 29.9489 68.1916 2.83556
      vertex 29.7695 68.7157 3.4
      vertex 29.7364 68.7045 3.4
    endloop
  endfacet
  facet normal -0.0471017 0.712066 0.70053
    outer loop
      vertex 38.2036 36.8963 2.83556
      vertex 38.4046 36.3543 3.4
      vertex 38.3321 36.9048 2.83556
    endloop
  endfacet
  facet normal -0.0466741 0.712158 0.700466
    outer loop
      vertex 38.4046 36.3543 3.4
      vertex 38.2036 36.8963 2.83556
      vertex 36.2349 36.2121 3.4
    endloop
  endfacet
  facet normal 0.315642 -0.640081 0.700476
    outer loop
      vertex 27.7549 67.7273 3.4
      vertex 28.1481 67.3035 2.83556
      vertex 29.7051 68.689 3.4
    endloop
  endfacet
  facet normal 0.315619 -0.640097 0.700472
    outer loop
      vertex 28.1481 67.3035 2.83556
      vertex 27.7549 67.7273 3.4
      vertex 28.0325 67.2465 2.83556
    endloop
  endfacet
  facet normal 0.675861 0.22935 0.700436
    outer loop
      vertex 19.8854 48.7285 3.4
      vertex 20.463 48.7502 2.83556
      vertex 20.4216 48.8722 2.83556
    endloop
  endfacet
  facet normal 0.67585 0.229408 0.700427
    outer loop
      vertex 20.463 48.7502 2.83556
      vertex 19.8854 48.7285 3.4
      vertex 20.5843 46.6695 3.4
    endloop
  endfacet
  facet normal 0.138995 0.69996 0.700526
    outer loop
      vertex 33.9415 36.9299 2.83556
      vertex 33.9954 36.3543 3.4
      vertex 34.0679 36.9048 2.83556
    endloop
  endfacet
  facet normal 0.139228 0.699948 0.700492
    outer loop
      vertex 33.9954 36.3543 3.4
      vertex 33.9415 36.9299 2.83556
      vertex 31.8628 36.7785 3.4
    endloop
  endfacet
  facet normal 0.396647 0.593309 0.700468
    outer loop
      vertex 27.9254 39.0251 2.83556
      vertex 27.7549 38.4727 3.4
      vertex 28.0325 38.9535 2.83556
    endloop
  endfacet
  facet normal 0.396487 0.593385 0.700494
    outer loop
      vertex 27.7549 38.4727 3.4
      vertex 27.9254 39.0251 2.83556
      vertex 25.947 39.6807 3.4
    endloop
  endfacet
  facet normal 0.316705 0.639541 0.700489
    outer loop
      vertex 29.9489 38.0085 2.83556
      vertex 29.7051 37.511 3.4
      vertex 29.7364 37.4955 3.4
    endloop
  endfacet
  facet normal 0.315628 0.640071 0.700491
    outer loop
      vertex 29.7051 37.511 3.4
      vertex 29.9489 38.0085 2.83556
      vertex 28.1481 38.8965 2.83556
    endloop
  endfacet
  facet normal -0.980787 -0.195082 0
    outer loop
      vertex 68.8784 23.5278 1.6
      vertex 69.2701 21.5585 2.83556
      vertex 68.8784 23.5278 2.83556
    endloop
  endfacet
  facet normal -0.980791 -0.195063 3.08514e-05
    outer loop
      vertex 69.2952 21.4321 1.6
      vertex 69.2701 21.5585 2.83556
      vertex 68.8784 23.5278 1.6
    endloop
  endfacet
  facet normal -0.980848 -0.194773 0
    outer loop
      vertex 69.2701 21.5585 2.83556
      vertex 69.2952 21.4321 1.6
      vertex 69.2952 21.4321 2.83556
    endloop
  endfacet
  facet normal -0.99787 -0.0652304 0
    outer loop
      vertex 69.2952 21.4321 1.6
      vertex 69.3036 21.3036 2.83556
      vertex 69.2952 21.4321 2.83556
    endloop
  endfacet
  facet normal -0.997857 -0.0654287 -2.07046e-05
    outer loop
      vertex 69.435 19.3 1.6
      vertex 69.3036 21.3036 2.83556
      vertex 69.2952 21.4321 1.6
    endloop
  endfacet
  facet normal -0.997856 -0.0654414 0
    outer loop
      vertex 69.3036 21.3036 2.83556
      vertex 69.435 19.3 1.6
      vertex 69.435 19.3 2.83556
    endloop
  endfacet
  facet normal -0.555562 0.831475 0
    outer loop
      vertex 63.0441 6.34059 1.6
      vertex 61.3746 5.22509 2.83556
      vertex 63.0441 6.34059 2.83556
    endloop
  endfacet
  facet normal -0.555571 0.831469 -1.87328e-05
    outer loop
      vertex 61.2675 5.1535 1.6
      vertex 61.3746 5.22509 2.83556
      vertex 63.0441 6.34059 1.6
    endloop
  endfacet
  facet normal -0.555721 0.831369 0
    outer loop
      vertex 61.3746 5.22509 2.83556
      vertex 61.2675 5.1535 1.6
      vertex 61.2675 5.1535 2.83556
    endloop
  endfacet
  facet normal 0.195082 -0.980787 0
    outer loop
      vertex 48.8722 35.0784 2.83556
      vertex 48.8722 35.0784 1.6
      vertex 50.8415 35.4701 2.83556
    endloop
  endfacet
  facet normal 0.195063 -0.980791 3.08514e-05
    outer loop
      vertex 50.9679 35.4952 1.6
      vertex 50.8415 35.4701 2.83556
      vertex 48.8722 35.0784 1.6
    endloop
  endfacet
  facet normal 0.194773 -0.980848 0
    outer loop
      vertex 50.8415 35.4701 2.83556
      vertex 50.9679 35.4952 1.6
      vertex 50.9679 35.4952 2.83556
    endloop
  endfacet
  facet normal 0.946916 -0.321482 0
    outer loop
      vertex 37.363 23.6498 2.83556
      vertex 38.0085 25.5511 1.6
      vertex 38.0085 25.5511 2.83556
    endloop
  endfacet
  facet normal 0.946962 -0.321346 0
    outer loop
      vertex 37.3216 23.5278 1.6
      vertex 37.363 23.6498 2.83556
      vertex 37.3216 23.5278 2.83556
    endloop
  endfacet
  facet normal 0.946918 -0.321474 1.40831e-05
    outer loop
      vertex 37.363 23.6498 2.83556
      vertex 37.3216 23.5278 1.6
      vertex 38.0085 25.5511 1.6
    endloop
  endfacet
  facet normal 0 0 1
    outer loop
      vertex 69.2952 21.4321 1.6
      vertex 69.2952 17.1679 1.6
      vertex 69.435 19.3 1.6
    endloop
  endfacet
  facet normal 0 0 1
    outer loop
      vertex 68.8784 23.5278 1.6
      vertex 69.2952 17.1679 1.6
      vertex 69.2952 21.4321 1.6
    endloop
  endfacet
  facet normal 0 0 1
    outer loop
      vertex 68.8784 23.5278 1.6
      vertex 68.8784 15.0722 1.6
      vertex 69.2952 17.1679 1.6
    endloop
  endfacet
  facet normal 0 0 1
    outer loop
      vertex 68.1916 25.5511 1.6
      vertex 68.8784 15.0722 1.6
      vertex 68.8784 23.5278 1.6
    endloop
  endfacet
  facet normal 0 0 1
    outer loop
      vertex 68.1916 25.5511 1.6
      vertex 68.1916 13.0489 1.6
      vertex 68.8784 15.0722 1.6
    endloop
  endfacet
  facet normal 0 0 1
    outer loop
      vertex 67.2465 27.4675 1.6
      vertex 68.1916 13.0489 1.6
      vertex 68.1916 25.5511 1.6
    endloop
  endfacet
  facet normal 0 0 1
    outer loop
      vertex 67.2465 27.4675 1.6
      vertex 67.2465 11.1325 1.6
      vertex 68.1916 13.0489 1.6
    endloop
  endfacet
  facet normal 0 0 1
    outer loop
      vertex 66.0594 29.2441 1.6
      vertex 67.2465 11.1325 1.6
      vertex 67.2465 27.4675 1.6
    endloop
  endfacet
  facet normal 0 0 1
    outer loop
      vertex 66.0594 29.2441 1.6
      vertex 66.0594 9.3559 1.6
      vertex 67.2465 11.1325 1.6
    endloop
  endfacet
  facet normal 0 0 1
    outer loop
      vertex 64.6506 30.8506 1.6
      vertex 66.0594 9.3559 1.6
      vertex 66.0594 29.2441 1.6
    endloop
  endfacet
  facet normal 0 0 1
    outer loop
      vertex 64.6506 30.8506 1.6
      vertex 64.6506 7.74943 1.6
      vertex 66.0594 9.3559 1.6
    endloop
  endfacet
  facet normal 0 0 1
    outer loop
      vertex 63.0441 32.2594 1.6
      vertex 64.6506 7.74943 1.6
      vertex 64.6506 30.8506 1.6
    endloop
  endfacet
  facet normal 0 0 1
    outer loop
      vertex 63.0441 32.2594 1.6
      vertex 63.0441 6.34059 1.6
      vertex 64.6506 7.74943 1.6
    endloop
  endfacet
  facet normal 0 0 1
    outer loop
      vertex 61.2675 33.4465 1.6
      vertex 63.0441 6.34059 1.6
      vertex 63.0441 32.2594 1.6
    endloop
  endfacet
  facet normal 0 0 1
    outer loop
      vertex 61.2675 33.4465 1.6
      vertex 61.2675 5.1535 1.6
      vertex 63.0441 6.34059 1.6
    endloop
  endfacet
  facet normal 0 0 1
    outer loop
      vertex 59.3511 34.3915 1.6
      vertex 61.2675 5.1535 1.6
      vertex 61.2675 33.4465 1.6
    endloop
  endfacet
  facet normal 0 0 1
    outer loop
      vertex 59.3511 34.3915 1.6
      vertex 59.3511 4.20845 1.6
      vertex 61.2675 5.1535 1.6
    endloop
  endfacet
  facet normal 0 0 1
    outer loop
      vertex 57.3278 35.0784 1.6
      vertex 59.3511 4.20845 1.6
      vertex 59.3511 34.3915 1.6
    endloop
  endfacet
  facet normal 0 0 1
    outer loop
      vertex 57.3278 35.0784 1.6
      vertex 57.3278 3.52163 1.6
      vertex 59.3511 4.20845 1.6
    endloop
  endfacet
  facet normal 0 0 1
    outer loop
      vertex 55.2321 35.4952 1.6
      vertex 57.3278 3.52163 1.6
      vertex 57.3278 35.0784 1.6
    endloop
  endfacet
  facet normal 0 0 1
    outer loop
      vertex 55.2321 35.4952 1.6
      vertex 55.2321 3.10477 1.6
      vertex 57.3278 3.52163 1.6
    endloop
  endfacet
  facet normal 0 0 1
    outer loop
      vertex 53.1 35.635 1.6
      vertex 55.2321 3.10477 1.6
      vertex 55.2321 35.4952 1.6
    endloop
  endfacet
  facet normal 0 0 1
    outer loop
      vertex 53.1 35.635 1.6
      vertex 53.1 2.96503 1.6
      vertex 55.2321 3.10477 1.6
    endloop
  endfacet
  facet normal -0 0 1
    outer loop
      vertex 50.9679 35.4952 1.6
      vertex 53.1 2.96503 1.6
      vertex 53.1 35.635 1.6
    endloop
  endfacet
  facet normal 0 0 1
    outer loop
      vertex 50.9679 35.4952 1.6
      vertex 50.9679 3.10477 1.6
      vertex 53.1 2.96503 1.6
    endloop
  endfacet
  facet normal -0 0 1
    outer loop
      vertex 48.8722 35.0784 1.6
      vertex 50.9679 3.10477 1.6
      vertex 50.9679 35.4952 1.6
    endloop
  endfacet
  facet normal 0 0 1
    outer loop
      vertex 48.8722 35.0784 1.6
      vertex 48.8722 3.52163 1.6
      vertex 50.9679 3.10477 1.6
    endloop
  endfacet
  facet normal -0 0 1
    outer loop
      vertex 46.8489 34.3915 1.6
      vertex 48.8722 3.52163 1.6
      vertex 48.8722 35.0784 1.6
    endloop
  endfacet
  facet normal 0 0 1
    outer loop
      vertex 46.8489 34.3915 1.6
      vertex 46.8489 4.20845 1.6
      vertex 48.8722 3.52163 1.6
    endloop
  endfacet
  facet normal -0 0 1
    outer loop
      vertex 44.9325 33.4465 1.6
      vertex 46.8489 4.20845 1.6
      vertex 46.8489 34.3915 1.6
    endloop
  endfacet
  facet normal 0 0 1
    outer loop
      vertex 44.9325 33.4465 1.6
      vertex 44.9325 5.1535 1.6
      vertex 46.8489 4.20845 1.6
    endloop
  endfacet
  facet normal -0 0 1
    outer loop
      vertex 43.1559 32.2594 1.6
      vertex 44.9325 5.1535 1.6
      vertex 44.9325 33.4465 1.6
    endloop
  endfacet
  facet normal 0 0 1
    outer loop
      vertex 43.1559 32.2594 1.6
      vertex 43.1559 6.34059 1.6
      vertex 44.9325 5.1535 1.6
    endloop
  endfacet
  facet normal -0 0 1
    outer loop
      vertex 41.5494 30.8506 1.6
      vertex 43.1559 6.34059 1.6
      vertex 43.1559 32.2594 1.6
    endloop
  endfacet
  facet normal 0 0 1
    outer loop
      vertex 41.5494 30.8506 1.6
      vertex 41.5494 7.74943 1.6
      vertex 43.1559 6.34059 1.6
    endloop
  endfacet
  facet normal -0 0 1
    outer loop
      vertex 40.1406 29.2441 1.6
      vertex 41.5494 7.74943 1.6
      vertex 41.5494 30.8506 1.6
    endloop
  endfacet
  facet normal 0 0 1
    outer loop
      vertex 40.1406 29.2441 1.6
      vertex 40.1406 9.3559 1.6
      vertex 41.5494 7.74943 1.6
    endloop
  endfacet
  facet normal -0 0 1
    outer loop
      vertex 38.9535 27.4675 1.6
      vertex 40.1406 9.3559 1.6
      vertex 40.1406 29.2441 1.6
    endloop
  endfacet
  facet normal 0 0 1
    outer loop
      vertex 38.9535 27.4675 1.6
      vertex 38.9535 11.1325 1.6
      vertex 40.1406 9.3559 1.6
    endloop
  endfacet
  facet normal -0 0 1
    outer loop
      vertex 38.0085 25.5511 1.6
      vertex 38.9535 11.1325 1.6
      vertex 38.9535 27.4675 1.6
    endloop
  endfacet
  facet normal 0 0 1
    outer loop
      vertex 38.0085 25.5511 1.6
      vertex 38.0085 13.0489 1.6
      vertex 38.9535 11.1325 1.6
    endloop
  endfacet
  facet normal -0 0 1
    outer loop
      vertex 37.3216 23.5278 1.6
      vertex 38.0085 13.0489 1.6
      vertex 38.0085 25.5511 1.6
    endloop
  endfacet
  facet normal 0 0 1
    outer loop
      vertex 37.3216 23.5278 1.6
      vertex 37.3216 15.0722 1.6
      vertex 38.0085 13.0489 1.6
    endloop
  endfacet
  facet normal -0 0 1
    outer loop
      vertex 36.9048 21.4321 1.6
      vertex 37.3216 15.0722 1.6
      vertex 37.3216 23.5278 1.6
    endloop
  endfacet
  facet normal 0 0 1
    outer loop
      vertex 36.9048 21.4321 1.6
      vertex 36.9048 17.1679 1.6
      vertex 37.3216 15.0722 1.6
    endloop
  endfacet
  facet normal 0 -0 1
    outer loop
      vertex 36.9048 17.1679 1.6
      vertex 36.9048 21.4321 1.6
      vertex 36.765 19.3 1.6
    endloop
  endfacet
  facet normal 0.442286 0.896874 -0
    outer loop
      vertex 46.8489 4.20845 1.6
      vertex 45.0481 5.0965 2.83556
      vertex 46.8489 4.20845 2.83556
    endloop
  endfacet
  facet normal 0.442283 0.896875 -4.91651e-06
    outer loop
      vertex 44.9325 5.1535 1.6
      vertex 45.0481 5.0965 2.83556
      vertex 46.8489 4.20845 1.6
    endloop
  endfacet
  facet normal 0.442241 0.896896 0
    outer loop
      vertex 45.0481 5.0965 2.83556
      vertex 44.9325 5.1535 1.6
      vertex 44.9325 5.1535 2.83556
    endloop
  endfacet
  facet normal 0.321482 -0.946916 0
    outer loop
      vertex 46.8489 34.3915 1.6
      vertex 48.7502 35.037 2.83556
      vertex 46.8489 34.3915 2.83556
    endloop
  endfacet
  facet normal 0.321474 -0.946918 1.40831e-05
    outer loop
      vertex 48.8722 35.0784 1.6
      vertex 48.7502 35.037 2.83556
      vertex 46.8489 34.3915 1.6
    endloop
  endfacet
  facet normal 0.321346 -0.946962 0
    outer loop
      vertex 48.7502 35.037 2.83556
      vertex 48.8722 35.0784 1.6
      vertex 48.8722 35.0784 2.83556
    endloop
  endfacet
  facet normal 0.0654017 0.997859 -0
    outer loop
      vertex 53.1 2.96503 1.6
      vertex 51.0964 3.09635 2.83556
      vertex 53.1 2.96503 2.83556
    endloop
  endfacet
  facet normal 0.0654007 0.997859 -1.63182e-06
    outer loop
      vertex 50.9679 3.10477 1.6
      vertex 51.0964 3.09635 2.83556
      vertex 53.1 2.96503 1.6
    endloop
  endfacet
  facet normal 0.0653851 0.99786 0
    outer loop
      vertex 51.0964 3.09635 2.83556
      vertex 50.9679 3.10477 1.6
      vertex 50.9679 3.10477 2.83556
    endloop
  endfacet
  facet normal 0.442241 -0.896896 0
    outer loop
      vertex 44.9325 33.4465 1.6
      vertex 45.0481 33.5035 2.83556
      vertex 44.9325 33.4465 2.83556
    endloop
  endfacet
  facet normal 0.442265 -0.896885 -2.72721e-06
    outer loop
      vertex 46.8489 34.3915 1.6
      vertex 45.0481 33.5035 2.83556
      vertex 44.9325 33.4465 1.6
    endloop
  endfacet
  facet normal 0.442266 -0.896884 0
    outer loop
      vertex 45.0481 33.5035 2.83556
      vertex 46.8489 34.3915 1.6
      vertex 46.8489 34.3915 2.83556
    endloop
  endfacet
  facet normal -0.19509 0.980785 1.9719e-06
    outer loop
      vertex 55.2321 3.10477 1.6
      vertex 55.3585 3.12991 2.83556
      vertex 57.3278 3.52163 1.6
    endloop
  endfacet
  facet normal -0.195091 0.980785 0
    outer loop
      vertex 57.3278 3.52163 1.6
      vertex 55.3585 3.12991 2.83556
      vertex 57.3278 3.52163 2.83556
    endloop
  endfacet
  facet normal -0.195071 0.980789 0
    outer loop
      vertex 55.3585 3.12991 2.83556
      vertex 55.2321 3.10477 1.6
      vertex 55.2321 3.10477 2.83556
    endloop
  endfacet
  facet normal -0.752144 -0.658999 0
    outer loop
      vertex 64.6506 30.8506 1.6
      vertex 64.7355 30.7537 2.83556
      vertex 64.6506 30.8506 2.83556
    endloop
  endfacet
  facet normal -0.751854 -0.659329 -4.57834e-05
    outer loop
      vertex 66.0594 29.2441 1.6
      vertex 64.7355 30.7537 2.83556
      vertex 64.6506 30.8506 1.6
    endloop
  endfacet
  facet normal -0.751836 -0.65935 0
    outer loop
      vertex 64.7355 30.7537 2.83556
      vertex 66.0594 29.2441 1.6
      vertex 66.0594 29.2441 2.83556
    endloop
  endfacet
  facet normal 0.980848 0.194773 0
    outer loop
      vertex 36.9299 17.0415 2.83556
      vertex 36.9048 17.1679 1.6
      vertex 36.9048 17.1679 2.83556
    endloop
  endfacet
  facet normal 0.980787 0.195082 -0
    outer loop
      vertex 37.3216 15.0722 1.6
      vertex 36.9299 17.0415 2.83556
      vertex 37.3216 15.0722 2.83556
    endloop
  endfacet
  facet normal 0.980791 0.195063 3.08514e-05
    outer loop
      vertex 36.9299 17.0415 2.83556
      vertex 37.3216 15.0722 1.6
      vertex 36.9048 17.1679 1.6
    endloop
  endfacet
  facet normal 0.195071 0.980789 0
    outer loop
      vertex 50.9679 3.10477 2.83556
      vertex 50.9679 3.10477 1.6
      vertex 50.8415 3.12991 2.83556
    endloop
  endfacet
  facet normal 0.195091 0.980785 -0
    outer loop
      vertex 48.8722 3.52163 1.6
      vertex 48.8722 3.52163 2.83556
      vertex 50.8415 3.12991 2.83556
    endloop
  endfacet
  facet normal 0.19509 0.980785 1.9719e-06
    outer loop
      vertex 48.8722 3.52163 1.6
      vertex 50.8415 3.12991 2.83556
      vertex 50.9679 3.10477 1.6
    endloop
  endfacet
  facet normal 0.896896 -0.442241 0
    outer loop
      vertex 38.8965 27.3519 2.83556
      vertex 38.9535 27.4675 1.6
      vertex 38.9535 27.4675 2.83556
    endloop
  endfacet
  facet normal 0.896884 -0.442266 0
    outer loop
      vertex 38.0085 25.5511 1.6
      vertex 38.8965 27.3519 2.83556
      vertex 38.0085 25.5511 2.83556
    endloop
  endfacet
  facet normal 0.896885 -0.442265 -2.72721e-06
    outer loop
      vertex 38.8965 27.3519 2.83556
      vertex 38.0085 25.5511 1.6
      vertex 38.9535 27.4675 1.6
    endloop
  endfacet
  facet normal 0.946962 0.321346 0
    outer loop
      vertex 37.363 14.9502 2.83556
      vertex 37.3216 15.0722 1.6
      vertex 37.3216 15.0722 2.83556
    endloop
  endfacet
  facet normal 0.946916 0.321482 -0
    outer loop
      vertex 38.0085 13.0489 1.6
      vertex 37.363 14.9502 2.83556
      vertex 38.0085 13.0489 2.83556
    endloop
  endfacet
  facet normal 0.946918 0.321474 1.40831e-05
    outer loop
      vertex 37.363 14.9502 2.83556
      vertex 38.0085 13.0489 1.6
      vertex 37.3216 15.0722 1.6
    endloop
  endfacet
  facet normal 0.658999 -0.752144 0
    outer loop
      vertex 41.5494 30.8506 2.83556
      vertex 41.5494 30.8506 1.6
      vertex 41.6463 30.9355 2.83556
    endloop
  endfacet
  facet normal 0.659329 -0.751854 -4.57834e-05
    outer loop
      vertex 43.1559 32.2594 1.6
      vertex 41.6463 30.9355 2.83556
      vertex 41.5494 30.8506 1.6
    endloop
  endfacet
  facet normal 0.65935 -0.751836 0
    outer loop
      vertex 41.6463 30.9355 2.83556
      vertex 43.1559 32.2594 1.6
      vertex 43.1559 32.2594 2.83556
    endloop
  endfacet
  facet normal -0.997856 0.0654414 0
    outer loop
      vertex 69.435 19.3 1.6
      vertex 69.3036 17.2964 2.83556
      vertex 69.435 19.3 2.83556
    endloop
  endfacet
  facet normal -0.997857 0.0654287 -2.07046e-05
    outer loop
      vertex 69.2952 17.1679 1.6
      vertex 69.3036 17.2964 2.83556
      vertex 69.435 19.3 1.6
    endloop
  endfacet
  facet normal -0.99787 0.0652304 0
    outer loop
      vertex 69.3036 17.2964 2.83556
      vertex 69.2952 17.1679 1.6
      vertex 69.2952 17.1679 2.83556
    endloop
  endfacet
  facet normal -0.831333 0.555775 0
    outer loop
      vertex 67.2465 11.1325 1.6
      vertex 67.1749 11.0254 2.83556
      vertex 67.2465 11.1325 2.83556
    endloop
  endfacet
  facet normal -0.831467 0.555575 -2.50565e-05
    outer loop
      vertex 66.0594 9.3559 1.6
      vertex 67.1749 11.0254 2.83556
      vertex 67.2465 11.1325 1.6
    endloop
  endfacet
  facet normal -0.831475 0.555562 0
    outer loop
      vertex 67.1749 11.0254 2.83556
      vertex 66.0594 9.3559 1.6
      vertex 66.0594 9.3559 2.83556
    endloop
  endfacet
  facet normal -0.831475 -0.555562 0
    outer loop
      vertex 66.0594 29.2441 1.6
      vertex 67.1749 27.5746 2.83556
      vertex 66.0594 29.2441 2.83556
    endloop
  endfacet
  facet normal -0.831467 -0.555575 -2.50565e-05
    outer loop
      vertex 67.2465 27.4675 1.6
      vertex 67.1749 27.5746 2.83556
      vertex 66.0594 29.2441 1.6
    endloop
  endfacet
  facet normal -0.831333 -0.555775 0
    outer loop
      vertex 67.1749 27.5746 2.83556
      vertex 67.2465 27.4675 1.6
      vertex 67.2465 27.4675 2.83556
    endloop
  endfacet
  facet normal -0.0653851 0.99786 0
    outer loop
      vertex 55.2321 3.10477 2.83556
      vertex 55.2321 3.10477 1.6
      vertex 55.1036 3.09635 2.83556
    endloop
  endfacet
  facet normal -0.0654007 0.997859 -1.63182e-06
    outer loop
      vertex 53.1 2.96503 1.6
      vertex 55.1036 3.09635 2.83556
      vertex 55.2321 3.10477 1.6
    endloop
  endfacet
  facet normal -0.0654017 0.997859 0
    outer loop
      vertex 55.1036 3.09635 2.83556
      vertex 53.1 2.96503 1.6
      vertex 53.1 2.96503 2.83556
    endloop
  endfacet
  facet normal 0.831333 0.555775 0
    outer loop
      vertex 39.0251 11.0254 2.83556
      vertex 38.9535 11.1325 1.6
      vertex 38.9535 11.1325 2.83556
    endloop
  endfacet
  facet normal 0.831475 0.555562 -0
    outer loop
      vertex 40.1406 9.3559 1.6
      vertex 39.0251 11.0254 2.83556
      vertex 40.1406 9.3559 2.83556
    endloop
  endfacet
  facet normal 0.831467 0.555575 -2.50565e-05
    outer loop
      vertex 39.0251 11.0254 2.83556
      vertex 40.1406 9.3559 1.6
      vertex 38.9535 11.1325 1.6
    endloop
  endfacet
  facet normal -0.946931 -0.321438 0
    outer loop
      vertex 68.1916 25.5511 1.6
      vertex 68.837 23.6498 2.83556
      vertex 68.1916 25.5511 2.83556
    endloop
  endfacet
  facet normal -0.946933 -0.321432 9.4621e-06
    outer loop
      vertex 68.8784 23.5278 1.6
      vertex 68.837 23.6498 2.83556
      vertex 68.1916 25.5511 1.6
    endloop
  endfacet
  facet normal -0.946962 -0.321346 0
    outer loop
      vertex 68.837 23.6498 2.83556
      vertex 68.8784 23.5278 1.6
      vertex 68.8784 23.5278 2.83556
    endloop
  endfacet
  facet normal -0.442266 -0.896884 0
    outer loop
      vertex 59.3511 34.3915 1.6
      vertex 61.1519 33.5035 2.83556
      vertex 59.3511 34.3915 2.83556
    endloop
  endfacet
  facet normal -0.442265 -0.896885 -2.72721e-06
    outer loop
      vertex 61.2675 33.4465 1.6
      vertex 61.1519 33.5035 2.83556
      vertex 59.3511 34.3915 1.6
    endloop
  endfacet
  facet normal -0.442241 -0.896896 0
    outer loop
      vertex 61.1519 33.5035 2.83556
      vertex 61.2675 33.4465 1.6
      vertex 61.2675 33.4465 2.83556
    endloop
  endfacet
  facet normal -0.555775 -0.831333 -0
    outer loop
      vertex 61.2675 33.4465 2.83556
      vertex 61.2675 33.4465 1.6
      vertex 61.3746 33.3749 2.83556
    endloop
  endfacet
  facet normal -0.555575 -0.831467 -2.50565e-05
    outer loop
      vertex 63.0441 32.2594 1.6
      vertex 61.3746 33.3749 2.83556
      vertex 61.2675 33.4465 1.6
    endloop
  endfacet
  facet normal -0.555562 -0.831475 0
    outer loop
      vertex 61.3746 33.3749 2.83556
      vertex 63.0441 32.2594 1.6
      vertex 63.0441 32.2594 2.83556
    endloop
  endfacet
  facet normal -0.946962 0.321346 0
    outer loop
      vertex 68.8784 15.0722 1.6
      vertex 68.837 14.9502 2.83556
      vertex 68.8784 15.0722 2.83556
    endloop
  endfacet
  facet normal -0.946933 0.321432 9.4621e-06
    outer loop
      vertex 68.1916 13.0489 1.6
      vertex 68.837 14.9502 2.83556
      vertex 68.8784 15.0722 1.6
    endloop
  endfacet
  facet normal -0.946931 0.321438 0
    outer loop
      vertex 68.837 14.9502 2.83556
      vertex 68.1916 13.0489 1.6
      vertex 68.1916 13.0489 2.83556
    endloop
  endfacet
  facet normal 0.0660036 -0.997819 0
    outer loop
      vertex 50.9679 35.4952 2.83556
      vertex 50.9679 35.4952 1.6
      vertex 51.0964 35.5037 2.83556
    endloop
  endfacet
  facet normal 0.0654287 -0.997857 6.00569e-05
    outer loop
      vertex 53.1 35.635 1.6
      vertex 51.0964 35.5037 2.83556
      vertex 50.9679 35.4952 1.6
    endloop
  endfacet
  facet normal 0.0653918 -0.99786 0
    outer loop
      vertex 51.0964 35.5037 2.83556
      vertex 53.1 35.635 1.6
      vertex 53.1 35.635 2.83556
    endloop
  endfacet
  facet normal 0.99786 0.0653918 0
    outer loop
      vertex 36.8963 17.2964 2.83556
      vertex 36.765 19.3 1.6
      vertex 36.765 19.3 2.83556
    endloop
  endfacet
  facet normal 0.997819 0.0660036 -0
    outer loop
      vertex 36.9048 17.1679 1.6
      vertex 36.8963 17.2964 2.83556
      vertex 36.9048 17.1679 2.83556
    endloop
  endfacet
  facet normal 0.997857 0.0654287 6.00569e-05
    outer loop
      vertex 36.8963 17.2964 2.83556
      vertex 36.9048 17.1679 1.6
      vertex 36.765 19.3 1.6
    endloop
  endfacet
  facet normal 0.659345 0.751841 -0
    outer loop
      vertex 43.1559 6.34059 1.6
      vertex 41.6463 7.66447 2.83556
      vertex 43.1559 6.34059 2.83556
    endloop
  endfacet
  facet normal 0.65934 0.751845 -1.07406e-05
    outer loop
      vertex 41.5494 7.74943 1.6
      vertex 41.6463 7.66447 2.83556
      vertex 43.1559 6.34059 1.6
    endloop
  endfacet
  facet normal 0.659262 0.751913 0
    outer loop
      vertex 41.6463 7.66447 2.83556
      vertex 41.5494 7.74943 1.6
      vertex 41.5494 7.74943 2.83556
    endloop
  endfacet
  facet normal 0.980787 -0.195082 0
    outer loop
      vertex 36.9299 21.5585 2.83556
      vertex 37.3216 23.5278 1.6
      vertex 37.3216 23.5278 2.83556
    endloop
  endfacet
  facet normal 0.980848 -0.194773 0
    outer loop
      vertex 36.9048 21.4321 1.6
      vertex 36.9299 21.5585 2.83556
      vertex 36.9048 21.4321 2.83556
    endloop
  endfacet
  facet normal 0.980791 -0.195063 3.08514e-05
    outer loop
      vertex 36.9299 21.5585 2.83556
      vertex 36.9048 21.4321 1.6
      vertex 37.3216 23.5278 1.6
    endloop
  endfacet
  facet normal -0.896896 -0.442241 0
    outer loop
      vertex 67.2465 27.4675 1.6
      vertex 67.3035 27.3519 2.83556
      vertex 67.2465 27.4675 2.83556
    endloop
  endfacet
  facet normal -0.896866 -0.442302 -7.10576e-06
    outer loop
      vertex 68.1916 25.5511 1.6
      vertex 67.3035 27.3519 2.83556
      vertex 67.2465 27.4675 1.6
    endloop
  endfacet
  facet normal -0.896864 -0.442306 0
    outer loop
      vertex 67.3035 27.3519 2.83556
      vertex 68.1916 25.5511 1.6
      vertex 68.1916 25.5511 2.83556
    endloop
  endfacet
  facet normal 0.896884 0.442266 0
    outer loop
      vertex 38.8965 11.2481 2.83556
      vertex 38.0085 13.0489 1.6
      vertex 38.0085 13.0489 2.83556
    endloop
  endfacet
  facet normal 0.896896 0.442241 -0
    outer loop
      vertex 38.9535 11.1325 1.6
      vertex 38.8965 11.2481 2.83556
      vertex 38.9535 11.1325 2.83556
    endloop
  endfacet
  facet normal 0.896885 0.442265 -2.72721e-06
    outer loop
      vertex 38.8965 11.2481 2.83556
      vertex 38.9535 11.1325 1.6
      vertex 38.0085 13.0489 1.6
    endloop
  endfacet
  facet normal 0.997819 -0.0660036 0
    outer loop
      vertex 36.8963 21.3036 2.83556
      vertex 36.9048 21.4321 1.6
      vertex 36.9048 21.4321 2.83556
    endloop
  endfacet
  facet normal 0.99786 -0.0653918 0
    outer loop
      vertex 36.765 19.3 1.6
      vertex 36.8963 21.3036 2.83556
      vertex 36.765 19.3 2.83556
    endloop
  endfacet
  facet normal 0.997857 -0.0654287 6.00569e-05
    outer loop
      vertex 36.8963 21.3036 2.83556
      vertex 36.765 19.3 1.6
      vertex 36.9048 21.4321 1.6
    endloop
  endfacet
  facet normal 0.752144 -0.658999 0
    outer loop
      vertex 41.4645 30.7537 2.83556
      vertex 41.5494 30.8506 1.6
      vertex 41.5494 30.8506 2.83556
    endloop
  endfacet
  facet normal 0.751836 -0.65935 0
    outer loop
      vertex 40.1406 29.2441 1.6
      vertex 41.4645 30.7537 2.83556
      vertex 40.1406 29.2441 2.83556
    endloop
  endfacet
  facet normal 0.751854 -0.659329 -4.57834e-05
    outer loop
      vertex 41.4645 30.7537 2.83556
      vertex 40.1406 29.2441 1.6
      vertex 41.5494 30.8506 1.6
    endloop
  endfacet
  facet normal 0.555562 -0.831475 0
    outer loop
      vertex 43.1559 32.2594 1.6
      vertex 44.8254 33.3749 2.83556
      vertex 43.1559 32.2594 2.83556
    endloop
  endfacet
  facet normal 0.555575 -0.831467 -2.50565e-05
    outer loop
      vertex 44.9325 33.4465 1.6
      vertex 44.8254 33.3749 2.83556
      vertex 43.1559 32.2594 1.6
    endloop
  endfacet
  facet normal 0.555775 -0.831333 0
    outer loop
      vertex 44.8254 33.3749 2.83556
      vertex 44.9325 33.4465 1.6
      vertex 44.9325 33.4465 2.83556
    endloop
  endfacet
  facet normal 0.321485 0.946915 0
    outer loop
      vertex 48.8722 3.52163 2.83556
      vertex 48.8722 3.52163 1.6
      vertex 48.7502 3.56305 2.83556
    endloop
  endfacet
  facet normal 0.32144 0.94693 -4.94164e-06
    outer loop
      vertex 46.8489 4.20845 1.6
      vertex 48.7502 3.56305 2.83556
      vertex 48.8722 3.52163 1.6
    endloop
  endfacet
  facet normal 0.321438 0.946931 0
    outer loop
      vertex 48.7502 3.56305 2.83556
      vertex 46.8489 4.20845 1.6
      vertex 46.8489 4.20845 2.83556
    endloop
  endfacet
  facet normal -0.896864 0.442306 0
    outer loop
      vertex 68.1916 13.0489 1.6
      vertex 67.3035 11.2481 2.83556
      vertex 68.1916 13.0489 2.83556
    endloop
  endfacet
  facet normal -0.896866 0.442302 -7.10576e-06
    outer loop
      vertex 67.2465 11.1325 1.6
      vertex 67.3035 11.2481 2.83556
      vertex 68.1916 13.0489 1.6
    endloop
  endfacet
  facet normal -0.896896 0.442241 0
    outer loop
      vertex 67.3035 11.2481 2.83556
      vertex 67.2465 11.1325 1.6
      vertex 67.2465 11.1325 2.83556
    endloop
  endfacet
  facet normal -0.65935 -0.751836 0
    outer loop
      vertex 63.0441 32.2594 1.6
      vertex 64.5537 30.9355 2.83556
      vertex 63.0441 32.2594 2.83556
    endloop
  endfacet
  facet normal -0.659329 -0.751854 -4.57834e-05
    outer loop
      vertex 64.6506 30.8506 1.6
      vertex 64.5537 30.9355 2.83556
      vertex 63.0441 32.2594 1.6
    endloop
  endfacet
  facet normal -0.658999 -0.752144 0
    outer loop
      vertex 64.5537 30.9355 2.83556
      vertex 64.6506 30.8506 1.6
      vertex 64.6506 30.8506 2.83556
    endloop
  endfacet
  facet normal -0.980848 0.194773 0
    outer loop
      vertex 69.2952 17.1679 1.6
      vertex 69.2701 17.0415 2.83556
      vertex 69.2952 17.1679 2.83556
    endloop
  endfacet
  facet normal -0.980791 0.195063 3.08514e-05
    outer loop
      vertex 68.8784 15.0722 1.6
      vertex 69.2701 17.0415 2.83556
      vertex 69.2952 17.1679 1.6
    endloop
  endfacet
  facet normal -0.980787 0.195082 0
    outer loop
      vertex 69.2701 17.0415 2.83556
      vertex 68.8784 15.0722 1.6
      vertex 68.8784 15.0722 2.83556
    endloop
  endfacet
  facet normal -0.659262 0.751913 0
    outer loop
      vertex 64.6506 7.74943 2.83556
      vertex 64.6506 7.74943 1.6
      vertex 64.5537 7.66447 2.83556
    endloop
  endfacet
  facet normal -0.65934 0.751845 -1.07406e-05
    outer loop
      vertex 63.0441 6.34059 1.6
      vertex 64.5537 7.66447 2.83556
      vertex 64.6506 7.74943 1.6
    endloop
  endfacet
  facet normal -0.659345 0.751841 0
    outer loop
      vertex 64.5537 7.66447 2.83556
      vertex 63.0441 6.34059 1.6
      vertex 63.0441 6.34059 2.83556
    endloop
  endfacet
  facet normal -0.321346 -0.946962 -0
    outer loop
      vertex 57.3278 35.0784 2.83556
      vertex 57.3278 35.0784 1.6
      vertex 57.4498 35.037 2.83556
    endloop
  endfacet
  facet normal -0.321474 -0.946918 1.40831e-05
    outer loop
      vertex 59.3511 34.3915 1.6
      vertex 57.4498 35.037 2.83556
      vertex 57.3278 35.0784 1.6
    endloop
  endfacet
  facet normal -0.321482 -0.946916 0
    outer loop
      vertex 57.4498 35.037 2.83556
      vertex 59.3511 34.3915 1.6
      vertex 59.3511 34.3915 2.83556
    endloop
  endfacet
  facet normal -0.321438 0.946931 0
    outer loop
      vertex 59.3511 4.20845 1.6
      vertex 57.4498 3.56305 2.83556
      vertex 59.3511 4.20845 2.83556
    endloop
  endfacet
  facet normal -0.32144 0.94693 -4.94164e-06
    outer loop
      vertex 57.3278 3.52163 1.6
      vertex 57.4498 3.56305 2.83556
      vertex 59.3511 4.20845 1.6
    endloop
  endfacet
  facet normal -0.321485 0.946915 0
    outer loop
      vertex 57.4498 3.56305 2.83556
      vertex 57.3278 3.52163 1.6
      vertex 57.3278 3.52163 2.83556
    endloop
  endfacet
  facet normal -0.442241 0.896896 0
    outer loop
      vertex 61.2675 5.1535 1.6
      vertex 61.1519 5.0965 2.83556
      vertex 61.2675 5.1535 2.83556
    endloop
  endfacet
  facet normal -0.442283 0.896875 -4.91651e-06
    outer loop
      vertex 59.3511 4.20845 1.6
      vertex 61.1519 5.0965 2.83556
      vertex 61.2675 5.1535 1.6
    endloop
  endfacet
  facet normal -0.442286 0.896874 0
    outer loop
      vertex 61.1519 5.0965 2.83556
      vertex 59.3511 4.20845 1.6
      vertex 59.3511 4.20845 2.83556
    endloop
  endfacet
  facet normal -0.0653918 -0.99786 0
    outer loop
      vertex 53.1 35.635 1.6
      vertex 55.1036 35.5037 2.83556
      vertex 53.1 35.635 2.83556
    endloop
  endfacet
  facet normal -0.0654287 -0.997857 6.00569e-05
    outer loop
      vertex 55.2321 35.4952 1.6
      vertex 55.1036 35.5037 2.83556
      vertex 53.1 35.635 1.6
    endloop
  endfacet
  facet normal -0.0660036 -0.997819 0
    outer loop
      vertex 55.1036 35.5037 2.83556
      vertex 55.2321 35.4952 1.6
      vertex 55.2321 35.4952 2.83556
    endloop
  endfacet
  facet normal 0.751834 0.659353 0
    outer loop
      vertex 41.4645 7.84631 2.83556
      vertex 40.1406 9.3559 1.6
      vertex 40.1406 9.3559 2.83556
    endloop
  endfacet
  facet normal 0.752076 0.659076 -0
    outer loop
      vertex 41.5494 7.74943 1.6
      vertex 41.4645 7.84631 2.83556
      vertex 41.5494 7.74943 2.83556
    endloop
  endfacet
  facet normal 0.751848 0.659336 -3.60759e-05
    outer loop
      vertex 41.4645 7.84631 2.83556
      vertex 41.5494 7.74943 1.6
      vertex 40.1406 9.3559 1.6
    endloop
  endfacet
  facet normal 0.555721 0.831369 0
    outer loop
      vertex 44.9325 5.1535 2.83556
      vertex 44.9325 5.1535 1.6
      vertex 44.8254 5.22509 2.83556
    endloop
  endfacet
  facet normal 0.555571 0.831469 -1.87328e-05
    outer loop
      vertex 43.1559 6.34059 1.6
      vertex 44.8254 5.22509 2.83556
      vertex 44.9325 5.1535 1.6
    endloop
  endfacet
  facet normal 0.555562 0.831475 0
    outer loop
      vertex 44.8254 5.22509 2.83556
      vertex 43.1559 6.34059 1.6
      vertex 43.1559 6.34059 2.83556
    endloop
  endfacet
  facet normal -0.194773 -0.980848 -0
    outer loop
      vertex 55.2321 35.4952 2.83556
      vertex 55.2321 35.4952 1.6
      vertex 55.3585 35.4701 2.83556
    endloop
  endfacet
  facet normal -0.195063 -0.980791 3.08514e-05
    outer loop
      vertex 57.3278 35.0784 1.6
      vertex 55.3585 35.4701 2.83556
      vertex 55.2321 35.4952 1.6
    endloop
  endfacet
  facet normal -0.195082 -0.980787 0
    outer loop
      vertex 55.3585 35.4701 2.83556
      vertex 57.3278 35.0784 1.6
      vertex 57.3278 35.0784 2.83556
    endloop
  endfacet
  facet normal 0.831475 -0.555562 0
    outer loop
      vertex 39.0251 27.5746 2.83556
      vertex 40.1406 29.2441 1.6
      vertex 40.1406 29.2441 2.83556
    endloop
  endfacet
  facet normal 0.831333 -0.555775 0
    outer loop
      vertex 38.9535 27.4675 1.6
      vertex 39.0251 27.5746 2.83556
      vertex 38.9535 27.4675 2.83556
    endloop
  endfacet
  facet normal 0.831467 -0.555575 -2.50565e-05
    outer loop
      vertex 39.0251 27.5746 2.83556
      vertex 38.9535 27.4675 1.6
      vertex 40.1406 29.2441 1.6
    endloop
  endfacet
  facet normal -0.751834 0.659353 0
    outer loop
      vertex 66.0594 9.3559 1.6
      vertex 64.7355 7.84631 2.83556
      vertex 66.0594 9.3559 2.83556
    endloop
  endfacet
  facet normal -0.751848 0.659336 -3.60759e-05
    outer loop
      vertex 64.6506 7.74943 1.6
      vertex 64.7355 7.84631 2.83556
      vertex 66.0594 9.3559 1.6
    endloop
  endfacet
  facet normal -0.752076 0.659076 0
    outer loop
      vertex 64.7355 7.84631 2.83556
      vertex 64.6506 7.74943 1.6
      vertex 64.6506 7.74943 2.83556
    endloop
  endfacet
  facet normal -0.712147 -0.046704 0.700475
    outer loop
      vertex 69.435 19.3 2.83556
      vertex 69.9879 19.3349 3.4
      vertex 69.3036 21.3036 2.83556
    endloop
  endfacet
  facet normal -0.712132 -0.0469314 0.700475
    outer loop
      vertex 69.9879 19.3349 3.4
      vertex 69.435 19.3 2.83556
      vertex 69.9902 19.3 3.4
    endloop
  endfacet
  facet normal 0.536559 -0.470555 0.700487
    outer loop
      vertex 39.7232 29.6084 3.4
      vertex 40.1406 29.2441 2.83556
      vertex 41.4645 30.7537 2.83556
    endloop
  endfacet
  facet normal 0.536203 -0.470962 0.700486
    outer loop
      vertex 40.1406 29.2441 2.83556
      vertex 39.7232 29.6084 3.4
      vertex 39.7001 29.5821 3.4
    endloop
  endfacet
  facet normal -0.675861 0.22935 0.700436
    outer loop
      vertex 68.837 14.9502 2.83556
      vertex 69.4146 14.9285 3.4
      vertex 68.8784 15.0722 2.83556
    endloop
  endfacet
  facet normal -0.67585 0.229408 0.700427
    outer loop
      vertex 69.4146 14.9285 3.4
      vertex 68.837 14.9502 2.83556
      vertex 68.7157 12.8695 3.4
    endloop
  endfacet
  facet normal 0.139232 0.699964 0.700474
    outer loop
      vertex 48.8722 3.52163 2.83556
      vertex 48.7628 2.97854 3.4
      vertex 50.8415 3.12991 2.83556
    endloop
  endfacet
  facet normal 0.138982 0.700014 0.700474
    outer loop
      vertex 48.7628 2.97854 3.4
      vertex 48.8722 3.52163 2.83556
      vertex 48.7285 2.98535 3.4
    endloop
  endfacet
  facet normal 0.712132 -0.0469314 0.700475
    outer loop
      vertex 36.765 19.3 2.83556
      vertex 36.2121 19.3349 3.4
      vertex 36.2098 19.3 3.4
    endloop
  endfacet
  facet normal 0.712149 -0.0466686 0.700475
    outer loop
      vertex 36.2121 19.3349 3.4
      vertex 36.765 19.3 2.83556
      vertex 36.8963 21.3036 2.83556
    endloop
  endfacet
  facet normal -0.229293 0.675833 0.700482
    outer loop
      vertex 59.3511 4.20845 2.83556
      vertex 59.5305 3.68429 3.4
      vertex 59.5636 3.69552 3.4
    endloop
  endfacet
  facet normal -0.2294 0.675796 0.700482
    outer loop
      vertex 59.5305 3.68429 3.4
      vertex 59.3511 4.20845 2.83556
      vertex 57.4498 3.56305 2.83556
    endloop
  endfacet
  facet normal 0.0469314 -0.712132 0.700475
    outer loop
      vertex 53.0651 36.1879 3.4
      vertex 53.1 35.635 2.83556
      vertex 53.1 36.1902 3.4
    endloop
  endfacet
  facet normal 0.0466686 -0.712149 0.700475
    outer loop
      vertex 53.1 35.635 2.83556
      vertex 53.0651 36.1879 3.4
      vertex 51.0964 35.5037 2.83556
    endloop
  endfacet
  facet normal -0.593309 -0.396647 0.700468
    outer loop
      vertex 67.7273 27.7451 3.4
      vertex 67.1749 27.5746 2.83556
      vertex 67.2465 27.4675 2.83556
    endloop
  endfacet
  facet normal -0.593385 -0.396487 0.700494
    outer loop
      vertex 67.1749 27.5746 2.83556
      vertex 67.7273 27.7451 3.4
      vertex 66.5193 29.553 3.4
    endloop
  endfacet
  facet normal -0.536553 0.470521 0.700515
    outer loop
      vertex 64.7355 7.84631 2.83556
      vertex 65.0432 7.35685 3.4
      vertex 66.4768 8.99164 3.4
    endloop
  endfacet
  facet normal -0.536736 0.470365 0.700479
    outer loop
      vertex 65.0432 7.35685 3.4
      vertex 64.7355 7.84631 2.83556
      vertex 64.6506 7.74943 2.83556
    endloop
  endfacet
  facet normal -0.229401 0.675791 0.700486
    outer loop
      vertex 57.4498 3.56305 2.83556
      vertex 57.4715 2.98535 3.4
      vertex 59.5305 3.68429 3.4
    endloop
  endfacet
  facet normal -0.229435 0.675785 0.700481
    outer loop
      vertex 57.4715 2.98535 3.4
      vertex 57.4498 3.56305 2.83556
      vertex 57.3278 3.52163 2.83556
    endloop
  endfacet
  facet normal 0.69996 0.138995 0.700526
    outer loop
      vertex 36.3543 17.0954 3.4
      vertex 36.9299 17.0415 2.83556
      vertex 36.9048 17.1679 2.83556
    endloop
  endfacet
  facet normal 0.699948 0.139228 0.700492
    outer loop
      vertex 36.9299 17.0415 2.83556
      vertex 36.3543 17.0954 3.4
      vertex 36.7785 14.9628 3.4
    endloop
  endfacet
  facet normal 0.536847 -0.470365 0.700394
    outer loop
      vertex 41.1569 31.2431 3.4
      vertex 41.4645 30.7537 2.83556
      vertex 41.5494 30.8506 2.83556
    endloop
  endfacet
  facet normal 0.536574 -0.470598 0.700447
    outer loop
      vertex 41.4645 30.7537 2.83556
      vertex 41.1569 31.2431 3.4
      vertex 39.7232 29.6084 3.4
    endloop
  endfacet
  facet normal 0.640097 0.315619 0.700472
    outer loop
      vertex 38.8965 11.2481 2.83556
      vertex 38.4727 10.8549 3.4
      vertex 38.9535 11.1325 2.83556
    endloop
  endfacet
  facet normal 0.640081 0.315642 0.700476
    outer loop
      vertex 38.4727 10.8549 3.4
      vertex 38.8965 11.2481 2.83556
      vertex 37.511 12.8051 3.4
    endloop
  endfacet
  facet normal 0.593811 -0.395874 0.70048
    outer loop
      vertex 39.6807 29.553 3.4
      vertex 40.1406 29.2441 2.83556
      vertex 39.7001 29.5821 3.4
    endloop
  endfacet
  facet normal 0.5934 -0.396488 0.700481
    outer loop
      vertex 40.1406 29.2441 2.83556
      vertex 39.6807 29.553 3.4
      vertex 39.0251 27.5746 2.83556
    endloop
  endfacet
  facet normal -0.470962 -0.536203 0.700486
    outer loop
      vertex 63.0441 32.2594 2.83556
      vertex 63.4084 32.6768 3.4
      vertex 63.3821 32.6999 3.4
    endloop
  endfacet
  facet normal -0.470555 -0.536559 0.700487
    outer loop
      vertex 63.4084 32.6768 3.4
      vertex 63.0441 32.2594 2.83556
      vertex 64.5537 30.9355 2.83556
    endloop
  endfacet
  facet normal -0.315619 -0.640097 0.700472
    outer loop
      vertex 61.5451 33.9273 3.4
      vertex 61.1519 33.5035 2.83556
      vertex 61.2675 33.4465 2.83556
    endloop
  endfacet
  facet normal -0.315642 -0.640081 0.700476
    outer loop
      vertex 61.1519 33.5035 2.83556
      vertex 61.5451 33.9273 3.4
      vertex 59.5949 34.889 3.4
    endloop
  endfacet
  facet normal 0.316705 -0.639541 0.700489
    outer loop
      vertex 46.6051 34.889 3.4
      vertex 46.8489 34.3915 2.83556
      vertex 46.6364 34.9045 3.4
    endloop
  endfacet
  facet normal 0.315628 -0.640071 0.700491
    outer loop
      vertex 46.8489 34.3915 2.83556
      vertex 46.6051 34.889 3.4
      vertex 45.0481 33.5035 2.83556
    endloop
  endfacet
  facet normal -0.69996 0.138995 0.700526
    outer loop
      vertex 69.2701 17.0415 2.83556
      vertex 69.8457 17.0954 3.4
      vertex 69.2952 17.1679 2.83556
    endloop
  endfacet
  facet normal -0.699948 0.139228 0.700492
    outer loop
      vertex 69.8457 17.0954 3.4
      vertex 69.2701 17.0415 2.83556
      vertex 69.4215 14.9628 3.4
    endloop
  endfacet
  facet normal 0.675997 -0.228736 0.700505
    outer loop
      vertex 37.4843 25.7305 3.4
      vertex 38.0085 25.5511 2.83556
      vertex 37.4955 25.7636 3.4
    endloop
  endfacet
  facet normal 0.675763 -0.229425 0.700506
    outer loop
      vertex 38.0085 25.5511 2.83556
      vertex 37.4843 25.7305 3.4
      vertex 37.363 23.6498 2.83556
    endloop
  endfacet
  facet normal -0.639591 0.316731 0.700432
    outer loop
      vertex 68.1916 13.0489 2.83556
      vertex 68.689 12.8051 3.4
      vertex 68.7045 12.8364 3.4
    endloop
  endfacet
  facet normal -0.640108 0.315682 0.700434
    outer loop
      vertex 68.689 12.8051 3.4
      vertex 68.1916 13.0489 2.83556
      vertex 67.3035 11.2481 2.83556
    endloop
  endfacet
  facet normal 0.396647 -0.593309 0.700468
    outer loop
      vertex 44.6549 33.9273 3.4
      vertex 44.8254 33.3749 2.83556
      vertex 44.9325 33.4465 2.83556
    endloop
  endfacet
  facet normal 0.396487 -0.593385 0.700494
    outer loop
      vertex 44.8254 33.3749 2.83556
      vertex 44.6549 33.9273 3.4
      vertex 42.847 32.7193 3.4
    endloop
  endfacet
  facet normal 0.640097 -0.315619 0.700472
    outer loop
      vertex 38.4727 27.7451 3.4
      vertex 38.8965 27.3519 2.83556
      vertex 38.9535 27.4675 2.83556
    endloop
  endfacet
  facet normal 0.640081 -0.315642 0.700476
    outer loop
      vertex 38.8965 27.3519 2.83556
      vertex 38.4727 27.7451 3.4
      vertex 37.511 25.7949 3.4
    endloop
  endfacet
  facet normal -0.676054 -0.228755 0.700444
    outer loop
      vertex 68.1916 25.5511 2.83556
      vertex 68.7157 25.7305 3.4
      vertex 68.7045 25.7636 3.4
    endloop
  endfacet
  facet normal -0.67583 -0.229412 0.700445
    outer loop
      vertex 68.7157 25.7305 3.4
      vertex 68.1916 25.5511 2.83556
      vertex 68.837 23.6498 2.83556
    endloop
  endfacet
  facet normal 0.396488 -0.5934 0.700481
    outer loop
      vertex 42.847 32.7193 3.4
      vertex 43.1559 32.2594 2.83556
      vertex 44.8254 33.3749 2.83556
    endloop
  endfacet
  facet normal 0.395874 -0.593811 0.70048
    outer loop
      vertex 43.1559 32.2594 2.83556
      vertex 42.847 32.7193 3.4
      vertex 42.8179 32.6999 3.4
    endloop
  endfacet
  facet normal -0.536203 -0.470962 0.700486
    outer loop
      vertex 66.4768 29.6084 3.4
      vertex 66.0594 29.2441 2.83556
      vertex 66.4999 29.5821 3.4
    endloop
  endfacet
  facet normal -0.536559 -0.470555 0.700487
    outer loop
      vertex 66.0594 29.2441 2.83556
      vertex 66.4768 29.6084 3.4
      vertex 64.7355 30.7537 2.83556
    endloop
  endfacet
  facet normal 0.699948 -0.139228 0.700492
    outer loop
      vertex 36.3543 21.5046 3.4
      vertex 36.9299 21.5585 2.83556
      vertex 36.7785 23.6372 3.4
    endloop
  endfacet
  facet normal 0.69996 -0.138995 0.700526
    outer loop
      vertex 36.9299 21.5585 2.83556
      vertex 36.3543 21.5046 3.4
      vertex 36.9048 21.4321 2.83556
    endloop
  endfacet
  facet normal 0.69996 0.139224 0.700481
    outer loop
      vertex 36.7785 14.9628 3.4
      vertex 37.3216 15.0722 2.83556
      vertex 36.9299 17.0415 2.83556
    endloop
  endfacet
  facet normal 0.699654 0.140747 0.700482
    outer loop
      vertex 37.3216 15.0722 2.83556
      vertex 36.7785 14.9628 3.4
      vertex 36.7854 14.9285 3.4
    endloop
  endfacet
  facet normal 0.470962 -0.536203 0.700486
    outer loop
      vertex 42.7916 32.6768 3.4
      vertex 43.1559 32.2594 2.83556
      vertex 42.8179 32.6999 3.4
    endloop
  endfacet
  facet normal 0.470555 -0.536559 0.700487
    outer loop
      vertex 43.1559 32.2594 2.83556
      vertex 42.7916 32.6768 3.4
      vertex 41.6463 30.9355 2.83556
    endloop
  endfacet
  facet normal -0.699948 -0.139228 0.700492
    outer loop
      vertex 69.2701 21.5585 2.83556
      vertex 69.8457 21.5046 3.4
      vertex 69.4215 23.6372 3.4
    endloop
  endfacet
  facet normal -0.69996 -0.138995 0.700526
    outer loop
      vertex 69.8457 21.5046 3.4
      vertex 69.2701 21.5585 2.83556
      vertex 69.2952 21.4321 2.83556
    endloop
  endfacet
  facet normal -0.69996 0.139224 0.700481
    outer loop
      vertex 68.8784 15.0722 2.83556
      vertex 69.4215 14.9628 3.4
      vertex 69.2701 17.0415 2.83556
    endloop
  endfacet
  facet normal -0.699654 0.140747 0.700482
    outer loop
      vertex 69.4215 14.9628 3.4
      vertex 68.8784 15.0722 2.83556
      vertex 69.4146 14.9285 3.4
    endloop
  endfacet
  facet normal 0.712066 -0.0471017 0.70053
    outer loop
      vertex 36.3543 21.5046 3.4
      vertex 36.8963 21.3036 2.83556
      vertex 36.9048 21.4321 2.83556
    endloop
  endfacet
  facet normal 0.712158 -0.0466741 0.700466
    outer loop
      vertex 36.8963 21.3036 2.83556
      vertex 36.3543 21.5046 3.4
      vertex 36.2121 19.3349 3.4
    endloop
  endfacet
  facet normal 0.593553 0.396247 0.700488
    outer loop
      vertex 40.1406 9.3559 2.83556
      vertex 39.6807 9.04698 3.4
      vertex 39.7001 9.01792 3.4
    endloop
  endfacet
  facet normal 0.593394 0.396484 0.700488
    outer loop
      vertex 39.6807 9.04698 3.4
      vertex 40.1406 9.3559 2.83556
      vertex 39.0251 11.0254 2.83556
    endloop
  endfacet
  facet normal 0.699654 -0.140747 0.700482
    outer loop
      vertex 36.7785 23.6372 3.4
      vertex 37.3216 23.5278 2.83556
      vertex 36.7854 23.6715 3.4
    endloop
  endfacet
  facet normal 0.69996 -0.139224 0.700481
    outer loop
      vertex 37.3216 23.5278 2.83556
      vertex 36.7785 23.6372 3.4
      vertex 36.9299 21.5585 2.83556
    endloop
  endfacet
  facet normal 0.67585 -0.229408 0.700427
    outer loop
      vertex 36.7854 23.6715 3.4
      vertex 37.363 23.6498 2.83556
      vertex 37.4843 25.7305 3.4
    endloop
  endfacet
  facet normal 0.675861 -0.22935 0.700436
    outer loop
      vertex 37.363 23.6498 2.83556
      vertex 36.7854 23.6715 3.4
      vertex 37.3216 23.5278 2.83556
    endloop
  endfacet
  facet normal -0.470495 0.536616 0.700484
    outer loop
      vertex 64.5537 7.66447 2.83556
      vertex 65.0432 7.35685 3.4
      vertex 64.6506 7.74943 2.83556
    endloop
  endfacet
  facet normal -0.470545 0.536558 0.700495
    outer loop
      vertex 65.0432 7.35685 3.4
      vertex 64.5537 7.66447 2.83556
      vertex 63.4084 5.92318 3.4
    endloop
  endfacet
  facet normal 0.2294 0.675796 0.700482
    outer loop
      vertex 46.8489 4.20845 2.83556
      vertex 46.6695 3.68429 3.4
      vertex 48.7502 3.56305 2.83556
    endloop
  endfacet
  facet normal 0.229293 0.675833 0.700482
    outer loop
      vertex 46.6695 3.68429 3.4
      vertex 46.8489 4.20845 2.83556
      vertex 46.6364 3.69552 3.4
    endloop
  endfacet
  facet normal 0.0466765 0.712145 0.700479
    outer loop
      vertex 51.0964 3.09635 2.83556
      vertex 50.8954 2.55433 3.4
      vertex 53.0651 2.41212 3.4
    endloop
  endfacet
  facet normal 0.0466637 0.712147 0.700477
    outer loop
      vertex 50.9679 3.10477 2.83556
      vertex 50.8954 2.55433 3.4
      vertex 51.0964 3.09635 2.83556
    endloop
  endfacet
  facet normal 0.470522 0.536648 0.700441
    outer loop
      vertex 41.1569 7.35685 3.4
      vertex 41.6463 7.66447 2.83556
      vertex 41.5494 7.74943 2.83556
    endloop
  endfacet
  facet normal 0.470586 0.536572 0.700456
    outer loop
      vertex 41.6463 7.66447 2.83556
      vertex 41.1569 7.35685 3.4
      vertex 42.7916 5.92318 3.4
    endloop
  endfacet
  facet normal 0.593385 -0.396487 0.700494
    outer loop
      vertex 38.4727 27.7451 3.4
      vertex 39.0251 27.5746 2.83556
      vertex 39.6807 29.553 3.4
    endloop
  endfacet
  facet normal 0.593309 -0.396647 0.700468
    outer loop
      vertex 39.0251 27.5746 2.83556
      vertex 38.4727 27.7451 3.4
      vertex 38.9535 27.4675 2.83556
    endloop
  endfacet
  facet normal -0.31565 0.640079 0.700474
    outer loop
      vertex 59.3511 4.20845 2.83556
      vertex 59.5949 3.71098 3.4
      vertex 61.1519 5.0965 2.83556
    endloop
  endfacet
  facet normal -0.316056 0.63988 0.700473
    outer loop
      vertex 59.5949 3.71098 3.4
      vertex 59.3511 4.20845 2.83556
      vertex 59.5636 3.69552 3.4
    endloop
  endfacet
  facet normal 0.396494 0.593408 0.700471
    outer loop
      vertex 43.1559 6.34059 2.83556
      vertex 42.847 5.88071 3.4
      vertex 44.8254 5.22509 2.83556
    endloop
  endfacet
  facet normal 0.396162 0.593631 0.70047
    outer loop
      vertex 42.847 5.88071 3.4
      vertex 43.1559 6.34059 2.83556
      vertex 42.8179 5.90013 3.4
    endloop
  endfacet
  facet normal -0.593394 0.396484 0.700488
    outer loop
      vertex 66.0594 9.3559 2.83556
      vertex 66.5193 9.04698 3.4
      vertex 67.1749 11.0254 2.83556
    endloop
  endfacet
  facet normal -0.593553 0.396247 0.700488
    outer loop
      vertex 66.5193 9.04698 3.4
      vertex 66.0594 9.3559 2.83556
      vertex 66.4999 9.01792 3.4
    endloop
  endfacet
  facet normal -0.536038 0.471175 0.700469
    outer loop
      vertex 66.0594 9.3559 2.83556
      vertex 66.4768 8.99164 3.4
      vertex 66.4999 9.01792 3.4
    endloop
  endfacet
  facet normal -0.53657 0.470568 0.70047
    outer loop
      vertex 66.4768 8.99164 3.4
      vertex 66.0594 9.3559 2.83556
      vertex 64.7355 7.84631 2.83556
    endloop
  endfacet
  facet normal -0.712132 0.0469314 0.700475
    outer loop
      vertex 69.435 19.3 2.83556
      vertex 69.9879 19.2651 3.4
      vertex 69.9902 19.3 3.4
    endloop
  endfacet
  facet normal -0.712147 0.046704 0.700475
    outer loop
      vertex 69.9879 19.2651 3.4
      vertex 69.435 19.3 2.83556
      vertex 69.3036 17.2964 2.83556
    endloop
  endfacet
  facet normal -0.395874 -0.593811 0.70048
    outer loop
      vertex 63.353 32.7193 3.4
      vertex 63.0441 32.2594 2.83556
      vertex 63.3821 32.6999 3.4
    endloop
  endfacet
  facet normal -0.396488 -0.5934 0.700481
    outer loop
      vertex 63.0441 32.2594 2.83556
      vertex 63.353 32.7193 3.4
      vertex 61.3746 33.3749 2.83556
    endloop
  endfacet
  facet normal -0.67583 0.229412 0.700445
    outer loop
      vertex 68.1916 13.0489 2.83556
      vertex 68.7157 12.8695 3.4
      vertex 68.837 14.9502 2.83556
    endloop
  endfacet
  facet normal -0.676054 0.228755 0.700444
    outer loop
      vertex 68.7157 12.8695 3.4
      vertex 68.1916 13.0489 2.83556
      vertex 68.7045 12.8364 3.4
    endloop
  endfacet
  facet normal 0.712132 0.0469314 0.700475
    outer loop
      vertex 36.2121 19.2651 3.4
      vertex 36.765 19.3 2.83556
      vertex 36.2098 19.3 3.4
    endloop
  endfacet
  facet normal 0.712149 0.0466686 0.700475
    outer loop
      vertex 36.765 19.3 2.83556
      vertex 36.2121 19.2651 3.4
      vertex 36.8963 17.2964 2.83556
    endloop
  endfacet
  facet normal -0.71212 -0.0465511 0.700512
    outer loop
      vertex 69.3036 21.3036 2.83556
      vertex 69.8457 21.5046 3.4
      vertex 69.2952 21.4321 2.83556
    endloop
  endfacet
  facet normal -0.712095 -0.04667 0.70053
    outer loop
      vertex 69.8457 21.5046 3.4
      vertex 69.3036 21.3036 2.83556
      vertex 69.9879 19.3349 3.4
    endloop
  endfacet
  facet normal -0.71212 0.0465511 0.700512
    outer loop
      vertex 69.8457 17.0954 3.4
      vertex 69.3036 17.2964 2.83556
      vertex 69.2952 17.1679 2.83556
    endloop
  endfacet
  facet normal -0.712095 0.04667 0.70053
    outer loop
      vertex 69.3036 17.2964 2.83556
      vertex 69.8457 17.0954 3.4
      vertex 69.9879 19.2651 3.4
    endloop
  endfacet
  facet normal 0.138995 -0.69996 0.700526
    outer loop
      vertex 50.8954 36.0457 3.4
      vertex 50.8415 35.4701 2.83556
      vertex 50.9679 35.4952 2.83556
    endloop
  endfacet
  facet normal 0.139228 -0.699948 0.700492
    outer loop
      vertex 50.8415 35.4701 2.83556
      vertex 50.8954 36.0457 3.4
      vertex 48.7628 35.6215 3.4
    endloop
  endfacet
  facet normal -0.229408 -0.67585 0.700427
    outer loop
      vertex 57.4715 35.6146 3.4
      vertex 57.4498 35.037 2.83556
      vertex 59.5305 34.9157 3.4
    endloop
  endfacet
  facet normal -0.22935 -0.675861 0.700436
    outer loop
      vertex 57.4498 35.037 2.83556
      vertex 57.4715 35.6146 3.4
      vertex 57.3278 35.0784 2.83556
    endloop
  endfacet
  facet normal -0.138982 0.700014 0.700474
    outer loop
      vertex 57.3278 3.52163 2.83556
      vertex 57.4372 2.97854 3.4
      vertex 57.4715 2.98535 3.4
    endloop
  endfacet
  facet normal -0.139232 0.699964 0.700474
    outer loop
      vertex 57.4372 2.97854 3.4
      vertex 57.3278 3.52163 2.83556
      vertex 55.3585 3.12991 2.83556
    endloop
  endfacet
  facet normal -0.139234 0.69996 0.700479
    outer loop
      vertex 55.3585 3.12991 2.83556
      vertex 55.3046 2.55433 3.4
      vertex 57.4372 2.97854 3.4
    endloop
  endfacet
  facet normal -0.139217 0.699961 0.700481
    outer loop
      vertex 55.3046 2.55433 3.4
      vertex 55.3585 3.12991 2.83556
      vertex 55.2321 3.10477 2.83556
    endloop
  endfacet
  facet normal 0.640071 -0.315628 0.700491
    outer loop
      vertex 37.511 25.7949 3.4
      vertex 38.0085 25.5511 2.83556
      vertex 38.8965 27.3519 2.83556
    endloop
  endfacet
  facet normal 0.639541 -0.316705 0.700489
    outer loop
      vertex 38.0085 25.5511 2.83556
      vertex 37.511 25.7949 3.4
      vertex 37.4955 25.7636 3.4
    endloop
  endfacet
  facet normal -0.640081 -0.315642 0.700476
    outer loop
      vertex 67.7273 27.7451 3.4
      vertex 67.3035 27.3519 2.83556
      vertex 68.689 25.7949 3.4
    endloop
  endfacet
  facet normal -0.640097 -0.315619 0.700472
    outer loop
      vertex 67.3035 27.3519 2.83556
      vertex 67.7273 27.7451 3.4
      vertex 67.2465 27.4675 2.83556
    endloop
  endfacet
  facet normal -0.639591 -0.316731 0.700432
    outer loop
      vertex 68.689 25.7949 3.4
      vertex 68.1916 25.5511 2.83556
      vertex 68.7045 25.7636 3.4
    endloop
  endfacet
  facet normal -0.640108 -0.315682 0.700434
    outer loop
      vertex 68.1916 25.5511 2.83556
      vertex 68.689 25.7949 3.4
      vertex 67.3035 27.3519 2.83556
    endloop
  endfacet
  facet normal 0.675997 0.228736 0.700505
    outer loop
      vertex 38.0085 13.0489 2.83556
      vertex 37.4843 12.8695 3.4
      vertex 37.4955 12.8364 3.4
    endloop
  endfacet
  facet normal 0.675763 0.229425 0.700506
    outer loop
      vertex 37.4843 12.8695 3.4
      vertex 38.0085 13.0489 2.83556
      vertex 37.363 14.9502 2.83556
    endloop
  endfacet
  facet normal 0.315616 0.640092 0.700478
    outer loop
      vertex 44.6549 4.67269 3.4
      vertex 45.0481 5.0965 2.83556
      vertex 44.9325 5.1535 2.83556
    endloop
  endfacet
  facet normal 0.315642 0.640074 0.700482
    outer loop
      vertex 45.0481 5.0965 2.83556
      vertex 44.6549 4.67269 3.4
      vertex 46.6051 3.71098 3.4
    endloop
  endfacet
  facet normal -0.470548 0.536559 0.700492
    outer loop
      vertex 63.0441 6.34059 2.83556
      vertex 63.4084 5.92318 3.4
      vertex 64.5537 7.66447 2.83556
    endloop
  endfacet
  facet normal -0.470382 0.536704 0.700492
    outer loop
      vertex 63.4084 5.92318 3.4
      vertex 63.0441 6.34059 2.83556
      vertex 63.3821 5.90013 3.4
    endloop
  endfacet
  facet normal -0.396492 0.593383 0.700493
    outer loop
      vertex 61.3746 5.22509 2.83556
      vertex 61.5451 4.67269 3.4
      vertex 63.353 5.88071 3.4
    endloop
  endfacet
  facet normal -0.396605 0.593329 0.700475
    outer loop
      vertex 61.3746 5.22509 2.83556
      vertex 61.2675 5.1535 2.83556
      vertex 61.5451 4.67269 3.4
    endloop
  endfacet
  facet normal -0.316705 -0.639541 0.700489
    outer loop
      vertex 59.3511 34.3915 2.83556
      vertex 59.5949 34.889 3.4
      vertex 59.5636 34.9045 3.4
    endloop
  endfacet
  facet normal -0.315628 -0.640071 0.700491
    outer loop
      vertex 59.5949 34.889 3.4
      vertex 59.3511 34.3915 2.83556
      vertex 61.1519 33.5035 2.83556
    endloop
  endfacet
  facet normal 0.470598 -0.536574 0.700447
    outer loop
      vertex 41.1569 31.2431 3.4
      vertex 41.6463 30.9355 2.83556
      vertex 42.7916 32.6768 3.4
    endloop
  endfacet
  facet normal 0.470365 -0.536847 0.700394
    outer loop
      vertex 41.6463 30.9355 2.83556
      vertex 41.1569 31.2431 3.4
      vertex 41.5494 30.8506 2.83556
    endloop
  endfacet
  facet normal 0.53657 0.470568 0.70047
    outer loop
      vertex 40.1406 9.3559 2.83556
      vertex 39.7232 8.99164 3.4
      vertex 41.4645 7.84631 2.83556
    endloop
  endfacet
  facet normal 0.536038 0.471175 0.700469
    outer loop
      vertex 39.7232 8.99164 3.4
      vertex 40.1406 9.3559 2.83556
      vertex 39.7001 9.01792 3.4
    endloop
  endfacet
  facet normal -0.396162 0.593631 0.70047
    outer loop
      vertex 63.0441 6.34059 2.83556
      vertex 63.353 5.88071 3.4
      vertex 63.3821 5.90013 3.4
    endloop
  endfacet
  facet normal -0.396494 0.593408 0.700471
    outer loop
      vertex 63.353 5.88071 3.4
      vertex 63.0441 6.34059 2.83556
      vertex 61.3746 5.22509 2.83556
    endloop
  endfacet
  facet normal -0.0469314 -0.712132 0.700475
    outer loop
      vertex 53.1 35.635 2.83556
      vertex 53.1349 36.1879 3.4
      vertex 53.1 36.1902 3.4
    endloop
  endfacet
  facet normal -0.0466686 -0.712149 0.700475
    outer loop
      vertex 53.1349 36.1879 3.4
      vertex 53.1 35.635 2.83556
      vertex 55.1036 35.5037 2.83556
    endloop
  endfacet
  facet normal -0.593309 0.396647 0.700468
    outer loop
      vertex 67.1749 11.0254 2.83556
      vertex 67.7273 10.8549 3.4
      vertex 67.2465 11.1325 2.83556
    endloop
  endfacet
  facet normal -0.593387 0.396484 0.700495
    outer loop
      vertex 67.7273 10.8549 3.4
      vertex 67.1749 11.0254 2.83556
      vertex 66.5193 9.04698 3.4
    endloop
  endfacet
  facet normal -0.640081 0.315642 0.700476
    outer loop
      vertex 67.3035 11.2481 2.83556
      vertex 67.7273 10.8549 3.4
      vertex 68.689 12.8051 3.4
    endloop
  endfacet
  facet normal -0.640097 0.315619 0.700472
    outer loop
      vertex 67.7273 10.8549 3.4
      vertex 67.3035 11.2481 2.83556
      vertex 67.2465 11.1325 2.83556
    endloop
  endfacet
  facet normal 0.712158 0.0466741 0.700466
    outer loop
      vertex 36.3543 17.0954 3.4
      vertex 36.8963 17.2964 2.83556
      vertex 36.2121 19.2651 3.4
    endloop
  endfacet
  facet normal 0.712066 0.0471017 0.70053
    outer loop
      vertex 36.8963 17.2964 2.83556
      vertex 36.3543 17.0954 3.4
      vertex 36.9048 17.1679 2.83556
    endloop
  endfacet
  facet normal -0.675861 -0.22935 0.700436
    outer loop
      vertex 69.4146 23.6715 3.4
      vertex 68.837 23.6498 2.83556
      vertex 68.8784 23.5278 2.83556
    endloop
  endfacet
  facet normal -0.67585 -0.229408 0.700427
    outer loop
      vertex 68.837 23.6498 2.83556
      vertex 69.4146 23.6715 3.4
      vertex 68.7157 25.7305 3.4
    endloop
  endfacet
  facet normal -0.699654 -0.140747 0.700482
    outer loop
      vertex 68.8784 23.5278 2.83556
      vertex 69.4215 23.6372 3.4
      vertex 69.4146 23.6715 3.4
    endloop
  endfacet
  facet normal -0.69996 -0.139224 0.700481
    outer loop
      vertex 69.4215 23.6372 3.4
      vertex 68.8784 23.5278 2.83556
      vertex 69.2701 21.5585 2.83556
    endloop
  endfacet
  facet normal -0.228736 -0.675997 0.700505
    outer loop
      vertex 59.5305 34.9157 3.4
      vertex 59.3511 34.3915 2.83556
      vertex 59.5636 34.9045 3.4
    endloop
  endfacet
  facet normal -0.229425 -0.675763 0.700506
    outer loop
      vertex 59.3511 34.3915 2.83556
      vertex 59.5305 34.9157 3.4
      vertex 57.4498 35.037 2.83556
    endloop
  endfacet
  facet normal -0.0466741 -0.712158 0.700466
    outer loop
      vertex 55.1036 35.5037 2.83556
      vertex 55.3046 36.0457 3.4
      vertex 53.1349 36.1879 3.4
    endloop
  endfacet
  facet normal -0.0471017 -0.712066 0.70053
    outer loop
      vertex 55.2321 35.4952 2.83556
      vertex 55.3046 36.0457 3.4
      vertex 55.1036 35.5037 2.83556
    endloop
  endfacet
  facet normal 0.229435 0.675785 0.700481
    outer loop
      vertex 48.7502 3.56305 2.83556
      vertex 48.7285 2.98535 3.4
      vertex 48.8722 3.52163 2.83556
    endloop
  endfacet
  facet normal 0.229401 0.675791 0.700486
    outer loop
      vertex 48.7285 2.98535 3.4
      vertex 48.7502 3.56305 2.83556
      vertex 46.6695 3.68429 3.4
    endloop
  endfacet
  facet normal -0.396487 -0.593385 0.700494
    outer loop
      vertex 61.5451 33.9273 3.4
      vertex 61.3746 33.3749 2.83556
      vertex 63.353 32.7193 3.4
    endloop
  endfacet
  facet normal -0.396647 -0.593309 0.700468
    outer loop
      vertex 61.3746 33.3749 2.83556
      vertex 61.5451 33.9273 3.4
      vertex 61.2675 33.4465 2.83556
    endloop
  endfacet
  facet normal 0.22935 -0.675861 0.700436
    outer loop
      vertex 48.7285 35.6146 3.4
      vertex 48.7502 35.037 2.83556
      vertex 48.8722 35.0784 2.83556
    endloop
  endfacet
  facet normal 0.229408 -0.67585 0.700427
    outer loop
      vertex 48.7502 35.037 2.83556
      vertex 48.7285 35.6146 3.4
      vertex 46.6695 34.9157 3.4
    endloop
  endfacet
  facet normal 0.0465246 0.712152 0.700482
    outer loop
      vertex 53.1 2.96503 2.83556
      vertex 53.0651 2.41212 3.4
      vertex 53.1 2.40984 3.4
    endloop
  endfacet
  facet normal 0.0466753 0.712143 0.700481
    outer loop
      vertex 53.0651 2.41212 3.4
      vertex 53.1 2.96503 2.83556
      vertex 51.0964 3.09635 2.83556
    endloop
  endfacet
  facet normal -0.139228 -0.699948 0.700492
    outer loop
      vertex 55.3046 36.0457 3.4
      vertex 55.3585 35.4701 2.83556
      vertex 57.4372 35.6215 3.4
    endloop
  endfacet
  facet normal -0.138995 -0.69996 0.700526
    outer loop
      vertex 55.3585 35.4701 2.83556
      vertex 55.3046 36.0457 3.4
      vertex 55.2321 35.4952 2.83556
    endloop
  endfacet
  facet normal 0.640071 0.315628 0.700491
    outer loop
      vertex 38.0085 13.0489 2.83556
      vertex 37.511 12.8051 3.4
      vertex 38.8965 11.2481 2.83556
    endloop
  endfacet
  facet normal 0.639541 0.316705 0.700489
    outer loop
      vertex 37.511 12.8051 3.4
      vertex 38.0085 13.0489 2.83556
      vertex 37.4955 12.8364 3.4
    endloop
  endfacet
  facet normal 0.470382 0.536704 0.700492
    outer loop
      vertex 43.1559 6.34059 2.83556
      vertex 42.7916 5.92318 3.4
      vertex 42.8179 5.90013 3.4
    endloop
  endfacet
  facet normal 0.470548 0.536559 0.700492
    outer loop
      vertex 42.7916 5.92318 3.4
      vertex 43.1559 6.34059 2.83556
      vertex 41.6463 7.66447 2.83556
    endloop
  endfacet
  facet normal -0.593811 -0.395874 0.70048
    outer loop
      vertex 66.0594 29.2441 2.83556
      vertex 66.5193 29.553 3.4
      vertex 66.4999 29.5821 3.4
    endloop
  endfacet
  facet normal -0.5934 -0.396488 0.700481
    outer loop
      vertex 66.5193 29.553 3.4
      vertex 66.0594 29.2441 2.83556
      vertex 67.1749 27.5746 2.83556
    endloop
  endfacet
  facet normal -0.140747 -0.699654 0.700482
    outer loop
      vertex 57.4372 35.6215 3.4
      vertex 57.3278 35.0784 2.83556
      vertex 57.4715 35.6146 3.4
    endloop
  endfacet
  facet normal -0.139224 -0.69996 0.700481
    outer loop
      vertex 57.3278 35.0784 2.83556
      vertex 57.4372 35.6215 3.4
      vertex 55.3585 35.4701 2.83556
    endloop
  endfacet
  facet normal -0.0465246 0.712152 0.700482
    outer loop
      vertex 53.1349 2.41212 3.4
      vertex 53.1 2.96503 2.83556
      vertex 53.1 2.40984 3.4
    endloop
  endfacet
  facet normal -0.0466753 0.712143 0.700481
    outer loop
      vertex 53.1 2.96503 2.83556
      vertex 53.1349 2.41212 3.4
      vertex 55.1036 3.09635 2.83556
    endloop
  endfacet
  facet normal 0.536772 0.470396 0.700431
    outer loop
      vertex 41.4645 7.84631 2.83556
      vertex 41.1569 7.35685 3.4
      vertex 41.5494 7.74943 2.83556
    endloop
  endfacet
  facet normal 0.53657 0.470568 0.70047
    outer loop
      vertex 41.1569 7.35685 3.4
      vertex 41.4645 7.84631 2.83556
      vertex 39.7232 8.99164 3.4
    endloop
  endfacet
  facet normal -0.470337 -0.536816 0.700437
    outer loop
      vertex 65.0432 31.2431 3.4
      vertex 64.5537 30.9355 2.83556
      vertex 64.6506 30.8506 2.83556
    endloop
  endfacet
  facet normal -0.470556 -0.536559 0.700487
    outer loop
      vertex 64.5537 30.9355 2.83556
      vertex 65.0432 31.2431 3.4
      vertex 63.4084 32.6768 3.4
    endloop
  endfacet
  facet normal -0.536557 -0.47055 0.700492
    outer loop
      vertex 65.0432 31.2431 3.4
      vertex 64.7355 30.7537 2.83556
      vertex 66.4768 29.6084 3.4
    endloop
  endfacet
  facet normal -0.536811 -0.470333 0.700443
    outer loop
      vertex 64.7355 30.7537 2.83556
      vertex 65.0432 31.2431 3.4
      vertex 64.6506 30.8506 2.83556
    endloop
  endfacet
  facet normal 0.593309 0.396647 0.700468
    outer loop
      vertex 38.4727 10.8549 3.4
      vertex 39.0251 11.0254 2.83556
      vertex 38.9535 11.1325 2.83556
    endloop
  endfacet
  facet normal 0.593387 0.396484 0.700495
    outer loop
      vertex 39.0251 11.0254 2.83556
      vertex 38.4727 10.8549 3.4
      vertex 39.6807 9.04698 3.4
    endloop
  endfacet
  facet normal -0.315616 0.640092 0.700478
    outer loop
      vertex 61.1519 5.0965 2.83556
      vertex 61.5451 4.67269 3.4
      vertex 61.2675 5.1535 2.83556
    endloop
  endfacet
  facet normal -0.315642 0.640074 0.700482
    outer loop
      vertex 61.5451 4.67269 3.4
      vertex 61.1519 5.0965 2.83556
      vertex 59.5949 3.71098 3.4
    endloop
  endfacet
  facet normal 0.0471017 -0.712066 0.70053
    outer loop
      vertex 51.0964 35.5037 2.83556
      vertex 50.8954 36.0457 3.4
      vertex 50.9679 35.4952 2.83556
    endloop
  endfacet
  facet normal 0.0466741 -0.712158 0.700466
    outer loop
      vertex 50.8954 36.0457 3.4
      vertex 51.0964 35.5037 2.83556
      vertex 53.0651 36.1879 3.4
    endloop
  endfacet
  facet normal 0.139224 -0.69996 0.700481
    outer loop
      vertex 48.7628 35.6215 3.4
      vertex 48.8722 35.0784 2.83556
      vertex 50.8415 35.4701 2.83556
    endloop
  endfacet
  facet normal 0.140747 -0.699654 0.700482
    outer loop
      vertex 48.8722 35.0784 2.83556
      vertex 48.7628 35.6215 3.4
      vertex 48.7285 35.6146 3.4
    endloop
  endfacet
  facet normal 0.229425 -0.675763 0.700506
    outer loop
      vertex 46.6695 34.9157 3.4
      vertex 46.8489 34.3915 2.83556
      vertex 48.7502 35.037 2.83556
    endloop
  endfacet
  facet normal 0.228736 -0.675997 0.700505
    outer loop
      vertex 46.8489 34.3915 2.83556
      vertex 46.6695 34.9157 3.4
      vertex 46.6364 34.9045 3.4
    endloop
  endfacet
  facet normal -0.0466637 0.712147 0.700477
    outer loop
      vertex 55.1036 3.09635 2.83556
      vertex 55.3046 2.55433 3.4
      vertex 55.2321 3.10477 2.83556
    endloop
  endfacet
  facet normal -0.0466765 0.712145 0.700479
    outer loop
      vertex 55.3046 2.55433 3.4
      vertex 55.1036 3.09635 2.83556
      vertex 53.1349 2.41212 3.4
    endloop
  endfacet
  facet normal 0.315642 -0.640081 0.700476
    outer loop
      vertex 44.6549 33.9273 3.4
      vertex 45.0481 33.5035 2.83556
      vertex 46.6051 34.889 3.4
    endloop
  endfacet
  facet normal 0.315619 -0.640097 0.700472
    outer loop
      vertex 45.0481 33.5035 2.83556
      vertex 44.6549 33.9273 3.4
      vertex 44.9325 33.4465 2.83556
    endloop
  endfacet
  facet normal 0.675861 0.22935 0.700436
    outer loop
      vertex 36.7854 14.9285 3.4
      vertex 37.363 14.9502 2.83556
      vertex 37.3216 15.0722 2.83556
    endloop
  endfacet
  facet normal 0.67585 0.229408 0.700427
    outer loop
      vertex 37.363 14.9502 2.83556
      vertex 36.7854 14.9285 3.4
      vertex 37.4843 12.8695 3.4
    endloop
  endfacet
  facet normal 0.139217 0.699961 0.700481
    outer loop
      vertex 50.8415 3.12991 2.83556
      vertex 50.8954 2.55433 3.4
      vertex 50.9679 3.10477 2.83556
    endloop
  endfacet
  facet normal 0.139234 0.69996 0.700479
    outer loop
      vertex 50.8954 2.55433 3.4
      vertex 50.8415 3.12991 2.83556
      vertex 48.7628 2.97854 3.4
    endloop
  endfacet
  facet normal 0.396605 0.593329 0.700475
    outer loop
      vertex 44.8254 5.22509 2.83556
      vertex 44.6549 4.67269 3.4
      vertex 44.9325 5.1535 2.83556
    endloop
  endfacet
  facet normal 0.396492 0.593383 0.700493
    outer loop
      vertex 44.6549 4.67269 3.4
      vertex 44.8254 5.22509 2.83556
      vertex 42.847 5.88071 3.4
    endloop
  endfacet
  facet normal 0.316056 0.63988 0.700473
    outer loop
      vertex 46.8489 4.20845 2.83556
      vertex 46.6051 3.71098 3.4
      vertex 46.6364 3.69552 3.4
    endloop
  endfacet
  facet normal 0.31565 0.640079 0.700474
    outer loop
      vertex 46.6051 3.71098 3.4
      vertex 46.8489 4.20845 2.83556
      vertex 45.0481 5.0965 2.83556
    endloop
  endfacet
  facet normal -0.980787 -0.195082 0
    outer loop
      vertex 85.7784 57.3278 1.6
      vertex 86.1701 55.3585 2.83556
      vertex 85.7784 57.3278 2.83556
    endloop
  endfacet
  facet normal -0.980791 -0.195063 3.08514e-05
    outer loop
      vertex 86.1952 55.2321 1.6
      vertex 86.1701 55.3585 2.83556
      vertex 85.7784 57.3278 1.6
    endloop
  endfacet
  facet normal -0.980848 -0.194773 0
    outer loop
      vertex 86.1701 55.3585 2.83556
      vertex 86.1952 55.2321 1.6
      vertex 86.1952 55.2321 2.83556
    endloop
  endfacet
  facet normal -0.997819 -0.0660036 0
    outer loop
      vertex 86.1952 55.2321 1.6
      vertex 86.2037 55.1036 2.83556
      vertex 86.1952 55.2321 2.83556
    endloop
  endfacet
  facet normal -0.997857 -0.0654287 6.00569e-05
    outer loop
      vertex 86.335 53.1 1.6
      vertex 86.2037 55.1036 2.83556
      vertex 86.1952 55.2321 1.6
    endloop
  endfacet
  facet normal -0.99786 -0.0653918 0
    outer loop
      vertex 86.2037 55.1036 2.83556
      vertex 86.335 53.1 1.6
      vertex 86.335 53.1 2.83556
    endloop
  endfacet
  facet normal -0.555562 0.831475 0
    outer loop
      vertex 79.9441 40.1406 1.6
      vertex 78.2746 39.0251 2.83556
      vertex 79.9441 40.1406 2.83556
    endloop
  endfacet
  facet normal -0.555575 0.831467 -2.50565e-05
    outer loop
      vertex 78.1675 38.9535 1.6
      vertex 78.2746 39.0251 2.83556
      vertex 79.9441 40.1406 1.6
    endloop
  endfacet
  facet normal -0.555775 0.831333 0
    outer loop
      vertex 78.2746 39.0251 2.83556
      vertex 78.1675 38.9535 1.6
      vertex 78.1675 38.9535 2.83556
    endloop
  endfacet
  facet normal 0.195082 -0.980787 0
    outer loop
      vertex 65.7722 68.8784 1.6
      vertex 67.7415 69.2701 2.83556
      vertex 65.7722 68.8784 2.83556
    endloop
  endfacet
  facet normal 0.195063 -0.980791 3.08514e-05
    outer loop
      vertex 67.8679 69.2952 1.6
      vertex 67.7415 69.2701 2.83556
      vertex 65.7722 68.8784 1.6
    endloop
  endfacet
  facet normal 0.194773 -0.980848 0
    outer loop
      vertex 67.7415 69.2701 2.83556
      vertex 67.8679 69.2952 1.6
      vertex 67.8679 69.2952 2.83556
    endloop
  endfacet
  facet normal 0.946916 -0.321482 0
    outer loop
      vertex 54.263 57.4498 2.83556
      vertex 54.9085 59.3511 1.6
      vertex 54.9085 59.3511 2.83556
    endloop
  endfacet
  facet normal 0.946962 -0.321346 0
    outer loop
      vertex 54.2216 57.3278 1.6
      vertex 54.263 57.4498 2.83556
      vertex 54.2216 57.3278 2.83556
    endloop
  endfacet
  facet normal 0.946918 -0.321474 1.40831e-05
    outer loop
      vertex 54.263 57.4498 2.83556
      vertex 54.2216 57.3278 1.6
      vertex 54.9085 59.3511 1.6
    endloop
  endfacet
  facet normal 0 0 1
    outer loop
      vertex 86.1952 55.2321 1.6
      vertex 86.1952 50.9679 1.6
      vertex 86.335 53.1 1.6
    endloop
  endfacet
  facet normal 0 0 1
    outer loop
      vertex 85.7784 57.3278 1.6
      vertex 86.1952 50.9679 1.6
      vertex 86.1952 55.2321 1.6
    endloop
  endfacet
  facet normal 0 0 1
    outer loop
      vertex 85.7784 57.3278 1.6
      vertex 85.7784 48.8722 1.6
      vertex 86.1952 50.9679 1.6
    endloop
  endfacet
  facet normal 0 0 1
    outer loop
      vertex 85.0915 59.3511 1.6
      vertex 85.7784 48.8722 1.6
      vertex 85.7784 57.3278 1.6
    endloop
  endfacet
  facet normal 0 0 1
    outer loop
      vertex 85.0915 59.3511 1.6
      vertex 85.0915 46.8489 1.6
      vertex 85.7784 48.8722 1.6
    endloop
  endfacet
  facet normal 0 0 1
    outer loop
      vertex 84.1465 61.2675 1.6
      vertex 85.0915 46.8489 1.6
      vertex 85.0915 59.3511 1.6
    endloop
  endfacet
  facet normal 0 0 1
    outer loop
      vertex 84.1465 61.2675 1.6
      vertex 84.1465 44.9325 1.6
      vertex 85.0915 46.8489 1.6
    endloop
  endfacet
  facet normal 0 0 1
    outer loop
      vertex 82.9594 63.0441 1.6
      vertex 84.1465 44.9325 1.6
      vertex 84.1465 61.2675 1.6
    endloop
  endfacet
  facet normal 0 0 1
    outer loop
      vertex 82.9594 63.0441 1.6
      vertex 82.9594 43.1559 1.6
      vertex 84.1465 44.9325 1.6
    endloop
  endfacet
  facet normal 0 0 1
    outer loop
      vertex 81.5506 64.6506 1.6
      vertex 82.9594 43.1559 1.6
      vertex 82.9594 63.0441 1.6
    endloop
  endfacet
  facet normal 0 0 1
    outer loop
      vertex 81.5506 64.6506 1.6
      vertex 81.5506 41.5494 1.6
      vertex 82.9594 43.1559 1.6
    endloop
  endfacet
  facet normal 0 0 1
    outer loop
      vertex 79.9441 66.0594 1.6
      vertex 81.5506 41.5494 1.6
      vertex 81.5506 64.6506 1.6
    endloop
  endfacet
  facet normal 0 0 1
    outer loop
      vertex 79.9441 66.0594 1.6
      vertex 79.9441 40.1406 1.6
      vertex 81.5506 41.5494 1.6
    endloop
  endfacet
  facet normal 0 0 1
    outer loop
      vertex 78.1675 67.2465 1.6
      vertex 79.9441 40.1406 1.6
      vertex 79.9441 66.0594 1.6
    endloop
  endfacet
  facet normal 0 0 1
    outer loop
      vertex 78.1675 67.2465 1.6
      vertex 78.1675 38.9535 1.6
      vertex 79.9441 40.1406 1.6
    endloop
  endfacet
  facet normal 0 0 1
    outer loop
      vertex 76.2511 68.1916 1.6
      vertex 78.1675 38.9535 1.6
      vertex 78.1675 67.2465 1.6
    endloop
  endfacet
  facet normal 0 0 1
    outer loop
      vertex 76.2511 68.1916 1.6
      vertex 76.2511 38.0085 1.6
      vertex 78.1675 38.9535 1.6
    endloop
  endfacet
  facet normal 0 0 1
    outer loop
      vertex 74.2278 68.8784 1.6
      vertex 76.2511 38.0085 1.6
      vertex 76.2511 68.1916 1.6
    endloop
  endfacet
  facet normal 0 0 1
    outer loop
      vertex 74.2278 68.8784 1.6
      vertex 74.2278 37.3216 1.6
      vertex 76.2511 38.0085 1.6
    endloop
  endfacet
  facet normal 0 0 1
    outer loop
      vertex 72.1321 69.2952 1.6
      vertex 74.2278 37.3216 1.6
      vertex 74.2278 68.8784 1.6
    endloop
  endfacet
  facet normal 0 0 1
    outer loop
      vertex 72.1321 69.2952 1.6
      vertex 72.1321 36.9048 1.6
      vertex 74.2278 37.3216 1.6
    endloop
  endfacet
  facet normal 0 0 1
    outer loop
      vertex 70 69.435 1.6
      vertex 72.1321 36.9048 1.6
      vertex 72.1321 69.2952 1.6
    endloop
  endfacet
  facet normal 0 0 1
    outer loop
      vertex 70 69.435 1.6
      vertex 70 36.765 1.6
      vertex 72.1321 36.9048 1.6
    endloop
  endfacet
  facet normal -0 0 1
    outer loop
      vertex 67.8679 69.2952 1.6
      vertex 70 36.765 1.6
      vertex 70 69.435 1.6
    endloop
  endfacet
  facet normal 0 0 1
    outer loop
      vertex 67.8679 69.2952 1.6
      vertex 67.8679 36.9048 1.6
      vertex 70 36.765 1.6
    endloop
  endfacet
  facet normal -0 0 1
    outer loop
      vertex 65.7722 68.8784 1.6
      vertex 67.8679 36.9048 1.6
      vertex 67.8679 69.2952 1.6
    endloop
  endfacet
  facet normal 0 0 1
    outer loop
      vertex 65.7722 68.8784 1.6
      vertex 65.7722 37.3216 1.6
      vertex 67.8679 36.9048 1.6
    endloop
  endfacet
  facet normal -0 0 1
    outer loop
      vertex 63.7489 68.1916 1.6
      vertex 65.7722 37.3216 1.6
      vertex 65.7722 68.8784 1.6
    endloop
  endfacet
  facet normal 0 0 1
    outer loop
      vertex 63.7489 68.1916 1.6
      vertex 63.7489 38.0085 1.6
      vertex 65.7722 37.3216 1.6
    endloop
  endfacet
  facet normal -0 0 1
    outer loop
      vertex 61.8325 67.2465 1.6
      vertex 63.7489 38.0085 1.6
      vertex 63.7489 68.1916 1.6
    endloop
  endfacet
  facet normal 0 0 1
    outer loop
      vertex 61.8325 67.2465 1.6
      vertex 61.8325 38.9535 1.6
      vertex 63.7489 38.0085 1.6
    endloop
  endfacet
  facet normal -0 0 1
    outer loop
      vertex 60.0559 66.0594 1.6
      vertex 61.8325 38.9535 1.6
      vertex 61.8325 67.2465 1.6
    endloop
  endfacet
  facet normal 0 0 1
    outer loop
      vertex 60.0559 66.0594 1.6
      vertex 60.0559 40.1406 1.6
      vertex 61.8325 38.9535 1.6
    endloop
  endfacet
  facet normal -0 0 1
    outer loop
      vertex 58.4494 64.6506 1.6
      vertex 60.0559 40.1406 1.6
      vertex 60.0559 66.0594 1.6
    endloop
  endfacet
  facet normal 0 0 1
    outer loop
      vertex 58.4494 64.6506 1.6
      vertex 58.4494 41.5494 1.6
      vertex 60.0559 40.1406 1.6
    endloop
  endfacet
  facet normal -0 0 1
    outer loop
      vertex 57.0406 63.0441 1.6
      vertex 58.4494 41.5494 1.6
      vertex 58.4494 64.6506 1.6
    endloop
  endfacet
  facet normal 0 0 1
    outer loop
      vertex 57.0406 63.0441 1.6
      vertex 57.0406 43.1559 1.6
      vertex 58.4494 41.5494 1.6
    endloop
  endfacet
  facet normal -0 0 1
    outer loop
      vertex 55.8535 61.2675 1.6
      vertex 57.0406 43.1559 1.6
      vertex 57.0406 63.0441 1.6
    endloop
  endfacet
  facet normal 0 0 1
    outer loop
      vertex 55.8535 61.2675 1.6
      vertex 55.8535 44.9325 1.6
      vertex 57.0406 43.1559 1.6
    endloop
  endfacet
  facet normal -0 0 1
    outer loop
      vertex 54.9085 59.3511 1.6
      vertex 55.8535 44.9325 1.6
      vertex 55.8535 61.2675 1.6
    endloop
  endfacet
  facet normal 0 0 1
    outer loop
      vertex 54.9085 59.3511 1.6
      vertex 54.9085 46.8489 1.6
      vertex 55.8535 44.9325 1.6
    endloop
  endfacet
  facet normal -0 0 1
    outer loop
      vertex 54.2216 57.3278 1.6
      vertex 54.9085 46.8489 1.6
      vertex 54.9085 59.3511 1.6
    endloop
  endfacet
  facet normal 0 0 1
    outer loop
      vertex 54.2216 57.3278 1.6
      vertex 54.2216 48.8722 1.6
      vertex 54.9085 46.8489 1.6
    endloop
  endfacet
  facet normal -0 0 1
    outer loop
      vertex 53.8048 55.2321 1.6
      vertex 54.2216 48.8722 1.6
      vertex 54.2216 57.3278 1.6
    endloop
  endfacet
  facet normal 0 0 1
    outer loop
      vertex 53.8048 55.2321 1.6
      vertex 53.8048 50.9679 1.6
      vertex 54.2216 48.8722 1.6
    endloop
  endfacet
  facet normal 0 -0 1
    outer loop
      vertex 53.8048 50.9679 1.6
      vertex 53.8048 55.2321 1.6
      vertex 53.665 53.1 1.6
    endloop
  endfacet
  facet normal 0.442266 0.896884 0
    outer loop
      vertex 63.7489 38.0085 2.83556
      vertex 63.7489 38.0085 1.6
      vertex 61.9481 38.8965 2.83556
    endloop
  endfacet
  facet normal 0.442265 0.896885 -2.72721e-06
    outer loop
      vertex 61.8325 38.9535 1.6
      vertex 61.9481 38.8965 2.83556
      vertex 63.7489 38.0085 1.6
    endloop
  endfacet
  facet normal 0.442241 0.896896 0
    outer loop
      vertex 61.9481 38.8965 2.83556
      vertex 61.8325 38.9535 1.6
      vertex 61.8325 38.9535 2.83556
    endloop
  endfacet
  facet normal 0.321438 -0.946931 0
    outer loop
      vertex 63.7489 68.1916 1.6
      vertex 65.6502 68.837 2.83556
      vertex 63.7489 68.1916 2.83556
    endloop
  endfacet
  facet normal 0.321432 -0.946933 9.4621e-06
    outer loop
      vertex 65.7722 68.8784 1.6
      vertex 65.6502 68.837 2.83556
      vertex 63.7489 68.1916 1.6
    endloop
  endfacet
  facet normal 0.321346 -0.946962 0
    outer loop
      vertex 65.6502 68.837 2.83556
      vertex 65.7722 68.8784 1.6
      vertex 65.7722 68.8784 2.83556
    endloop
  endfacet
  facet normal 0.0653918 0.99786 -0
    outer loop
      vertex 70 36.765 1.6
      vertex 67.9964 36.8963 2.83556
      vertex 70 36.765 2.83556
    endloop
  endfacet
  facet normal 0.0654287 0.997857 6.00569e-05
    outer loop
      vertex 67.8679 36.9048 1.6
      vertex 67.9964 36.8963 2.83556
      vertex 70 36.765 1.6
    endloop
  endfacet
  facet normal 0.0660036 0.997819 0
    outer loop
      vertex 67.9964 36.8963 2.83556
      vertex 67.8679 36.9048 1.6
      vertex 67.8679 36.9048 2.83556
    endloop
  endfacet
  facet normal 0.442241 -0.896896 0
    outer loop
      vertex 61.8325 67.2465 1.6
      vertex 61.9481 67.3035 2.83556
      vertex 61.8325 67.2465 2.83556
    endloop
  endfacet
  facet normal 0.442302 -0.896866 -7.10576e-06
    outer loop
      vertex 63.7489 68.1916 1.6
      vertex 61.9481 67.3035 2.83556
      vertex 61.8325 67.2465 1.6
    endloop
  endfacet
  facet normal 0.442306 -0.896864 0
    outer loop
      vertex 61.9481 67.3035 2.83556
      vertex 63.7489 68.1916 1.6
      vertex 63.7489 68.1916 2.83556
    endloop
  endfacet
  facet normal -0.195082 0.980787 0
    outer loop
      vertex 74.2278 37.3216 2.83556
      vertex 74.2278 37.3216 1.6
      vertex 72.2585 36.9299 2.83556
    endloop
  endfacet
  facet normal -0.195063 0.980791 3.08514e-05
    outer loop
      vertex 72.1321 36.9048 1.6
      vertex 72.2585 36.9299 2.83556
      vertex 74.2278 37.3216 1.6
    endloop
  endfacet
  facet normal -0.194773 0.980848 0
    outer loop
      vertex 72.2585 36.9299 2.83556
      vertex 72.1321 36.9048 1.6
      vertex 72.1321 36.9048 2.83556
    endloop
  endfacet
  facet normal -0.752144 -0.658999 0
    outer loop
      vertex 81.5506 64.6506 1.6
      vertex 81.6355 64.5537 2.83556
      vertex 81.5506 64.6506 2.83556
    endloop
  endfacet
  facet normal -0.751854 -0.659329 -4.57834e-05
    outer loop
      vertex 82.9594 63.0441 1.6
      vertex 81.6355 64.5537 2.83556
      vertex 81.5506 64.6506 1.6
    endloop
  endfacet
  facet normal -0.751836 -0.65935 0
    outer loop
      vertex 81.6355 64.5537 2.83556
      vertex 82.9594 63.0441 1.6
      vertex 82.9594 63.0441 2.83556
    endloop
  endfacet
  facet normal 0.980848 0.194773 0
    outer loop
      vertex 53.8299 50.8415 2.83556
      vertex 53.8048 50.9679 1.6
      vertex 53.8048 50.9679 2.83556
    endloop
  endfacet
  facet normal 0.980787 0.195082 -0
    outer loop
      vertex 54.2216 48.8722 1.6
      vertex 53.8299 50.8415 2.83556
      vertex 54.2216 48.8722 2.83556
    endloop
  endfacet
  facet normal 0.980791 0.195063 3.08514e-05
    outer loop
      vertex 53.8299 50.8415 2.83556
      vertex 54.2216 48.8722 1.6
      vertex 53.8048 50.9679 1.6
    endloop
  endfacet
  facet normal 0.194773 0.980848 0
    outer loop
      vertex 67.8679 36.9048 2.83556
      vertex 67.8679 36.9048 1.6
      vertex 67.7415 36.9299 2.83556
    endloop
  endfacet
  facet normal 0.195063 0.980791 3.08514e-05
    outer loop
      vertex 65.7722 37.3216 1.6
      vertex 67.7415 36.9299 2.83556
      vertex 67.8679 36.9048 1.6
    endloop
  endfacet
  facet normal 0.195082 0.980787 0
    outer loop
      vertex 67.7415 36.9299 2.83556
      vertex 65.7722 37.3216 1.6
      vertex 65.7722 37.3216 2.83556
    endloop
  endfacet
  facet normal 0.896896 -0.442241 0
    outer loop
      vertex 55.7965 61.1519 2.83556
      vertex 55.8535 61.2675 1.6
      vertex 55.8535 61.2675 2.83556
    endloop
  endfacet
  facet normal 0.896884 -0.442266 0
    outer loop
      vertex 54.9085 59.3511 1.6
      vertex 55.7965 61.1519 2.83556
      vertex 54.9085 59.3511 2.83556
    endloop
  endfacet
  facet normal 0.896885 -0.442265 -2.72721e-06
    outer loop
      vertex 55.7965 61.1519 2.83556
      vertex 54.9085 59.3511 1.6
      vertex 55.8535 61.2675 1.6
    endloop
  endfacet
  facet normal 0.946962 0.321346 0
    outer loop
      vertex 54.263 48.7502 2.83556
      vertex 54.2216 48.8722 1.6
      vertex 54.2216 48.8722 2.83556
    endloop
  endfacet
  facet normal 0.946916 0.321482 -0
    outer loop
      vertex 54.9085 46.8489 1.6
      vertex 54.263 48.7502 2.83556
      vertex 54.9085 46.8489 2.83556
    endloop
  endfacet
  facet normal 0.946918 0.321474 1.40831e-05
    outer loop
      vertex 54.263 48.7502 2.83556
      vertex 54.9085 46.8489 1.6
      vertex 54.2216 48.8722 1.6
    endloop
  endfacet
  facet normal 0.658999 -0.752144 0
    outer loop
      vertex 58.4494 64.6506 2.83556
      vertex 58.4494 64.6506 1.6
      vertex 58.5463 64.7355 2.83556
    endloop
  endfacet
  facet normal 0.659329 -0.751854 -4.57834e-05
    outer loop
      vertex 60.0559 66.0594 1.6
      vertex 58.5463 64.7355 2.83556
      vertex 58.4494 64.6506 1.6
    endloop
  endfacet
  facet normal 0.65935 -0.751836 0
    outer loop
      vertex 58.5463 64.7355 2.83556
      vertex 60.0559 66.0594 1.6
      vertex 60.0559 66.0594 2.83556
    endloop
  endfacet
  facet normal -0.99786 0.0653918 0
    outer loop
      vertex 86.335 53.1 1.6
      vertex 86.2037 51.0964 2.83556
      vertex 86.335 53.1 2.83556
    endloop
  endfacet
  facet normal -0.997857 0.0654287 6.00569e-05
    outer loop
      vertex 86.1952 50.9679 1.6
      vertex 86.2037 51.0964 2.83556
      vertex 86.335 53.1 1.6
    endloop
  endfacet
  facet normal -0.997819 0.0660036 0
    outer loop
      vertex 86.2037 51.0964 2.83556
      vertex 86.1952 50.9679 1.6
      vertex 86.1952 50.9679 2.83556
    endloop
  endfacet
  facet normal -0.831333 0.555775 0
    outer loop
      vertex 84.1465 44.9325 1.6
      vertex 84.0749 44.8254 2.83556
      vertex 84.1465 44.9325 2.83556
    endloop
  endfacet
  facet normal -0.831467 0.555575 -2.50565e-05
    outer loop
      vertex 82.9594 43.1559 1.6
      vertex 84.0749 44.8254 2.83556
      vertex 84.1465 44.9325 1.6
    endloop
  endfacet
  facet normal -0.831475 0.555562 0
    outer loop
      vertex 84.0749 44.8254 2.83556
      vertex 82.9594 43.1559 1.6
      vertex 82.9594 43.1559 2.83556
    endloop
  endfacet
  facet normal -0.831475 -0.555562 0
    outer loop
      vertex 82.9594 63.0441 1.6
      vertex 84.0749 61.3746 2.83556
      vertex 82.9594 63.0441 2.83556
    endloop
  endfacet
  facet normal -0.831467 -0.555575 -2.50565e-05
    outer loop
      vertex 84.1465 61.2675 1.6
      vertex 84.0749 61.3746 2.83556
      vertex 82.9594 63.0441 1.6
    endloop
  endfacet
  facet normal -0.831333 -0.555775 0
    outer loop
      vertex 84.0749 61.3746 2.83556
      vertex 84.1465 61.2675 1.6
      vertex 84.1465 61.2675 2.83556
    endloop
  endfacet
  facet normal -0.0660036 0.997819 0
    outer loop
      vertex 72.1321 36.9048 2.83556
      vertex 72.1321 36.9048 1.6
      vertex 72.0036 36.8963 2.83556
    endloop
  endfacet
  facet normal -0.0654287 0.997857 6.00569e-05
    outer loop
      vertex 70 36.765 1.6
      vertex 72.0036 36.8963 2.83556
      vertex 72.1321 36.9048 1.6
    endloop
  endfacet
  facet normal -0.0653918 0.99786 0
    outer loop
      vertex 72.0036 36.8963 2.83556
      vertex 70 36.765 1.6
      vertex 70 36.765 2.83556
    endloop
  endfacet
  facet normal 0.831333 0.555775 0
    outer loop
      vertex 55.9251 44.8254 2.83556
      vertex 55.8535 44.9325 1.6
      vertex 55.8535 44.9325 2.83556
    endloop
  endfacet
  facet normal 0.831475 0.555562 -0
    outer loop
      vertex 57.0406 43.1559 1.6
      vertex 55.9251 44.8254 2.83556
      vertex 57.0406 43.1559 2.83556
    endloop
  endfacet
  facet normal 0.831467 0.555575 -2.50565e-05
    outer loop
      vertex 55.9251 44.8254 2.83556
      vertex 57.0406 43.1559 1.6
      vertex 55.8535 44.9325 1.6
    endloop
  endfacet
  facet normal -0.946916 -0.321482 0
    outer loop
      vertex 85.0915 59.3511 1.6
      vertex 85.737 57.4498 2.83556
      vertex 85.0915 59.3511 2.83556
    endloop
  endfacet
  facet normal -0.946918 -0.321474 1.40831e-05
    outer loop
      vertex 85.7784 57.3278 1.6
      vertex 85.737 57.4498 2.83556
      vertex 85.0915 59.3511 1.6
    endloop
  endfacet
  facet normal -0.946962 -0.321346 0
    outer loop
      vertex 85.737 57.4498 2.83556
      vertex 85.7784 57.3278 1.6
      vertex 85.7784 57.3278 2.83556
    endloop
  endfacet
  facet normal -0.442306 -0.896864 0
    outer loop
      vertex 76.2511 68.1916 1.6
      vertex 78.0519 67.3035 2.83556
      vertex 76.2511 68.1916 2.83556
    endloop
  endfacet
  facet normal -0.442302 -0.896866 -7.10576e-06
    outer loop
      vertex 78.1675 67.2465 1.6
      vertex 78.0519 67.3035 2.83556
      vertex 76.2511 68.1916 1.6
    endloop
  endfacet
  facet normal -0.442241 -0.896896 0
    outer loop
      vertex 78.0519 67.3035 2.83556
      vertex 78.1675 67.2465 1.6
      vertex 78.1675 67.2465 2.83556
    endloop
  endfacet
  facet normal -0.555775 -0.831333 -0
    outer loop
      vertex 78.1675 67.2465 2.83556
      vertex 78.1675 67.2465 1.6
      vertex 78.2746 67.1749 2.83556
    endloop
  endfacet
  facet normal -0.555575 -0.831467 -2.50565e-05
    outer loop
      vertex 79.9441 66.0594 1.6
      vertex 78.2746 67.1749 2.83556
      vertex 78.1675 67.2465 1.6
    endloop
  endfacet
  facet normal -0.555562 -0.831475 0
    outer loop
      vertex 78.2746 67.1749 2.83556
      vertex 79.9441 66.0594 1.6
      vertex 79.9441 66.0594 2.83556
    endloop
  endfacet
  facet normal -0.946962 0.321346 0
    outer loop
      vertex 85.7784 48.8722 1.6
      vertex 85.737 48.7502 2.83556
      vertex 85.7784 48.8722 2.83556
    endloop
  endfacet
  facet normal -0.946918 0.321474 1.40831e-05
    outer loop
      vertex 85.0915 46.8489 1.6
      vertex 85.737 48.7502 2.83556
      vertex 85.7784 48.8722 1.6
    endloop
  endfacet
  facet normal -0.946916 0.321482 0
    outer loop
      vertex 85.737 48.7502 2.83556
      vertex 85.0915 46.8489 1.6
      vertex 85.0915 46.8489 2.83556
    endloop
  endfacet
  facet normal 0.0652304 -0.99787 0
    outer loop
      vertex 67.8679 69.2952 2.83556
      vertex 67.8679 69.2952 1.6
      vertex 67.9964 69.3036 2.83556
    endloop
  endfacet
  facet normal 0.0654287 -0.997857 -2.07046e-05
    outer loop
      vertex 70 69.435 1.6
      vertex 67.9964 69.3036 2.83556
      vertex 67.8679 69.2952 1.6
    endloop
  endfacet
  facet normal 0.0654414 -0.997856 0
    outer loop
      vertex 67.9964 69.3036 2.83556
      vertex 70 69.435 1.6
      vertex 70 69.435 2.83556
    endloop
  endfacet
  facet normal 0.99786 0.0653918 0
    outer loop
      vertex 53.7963 51.0964 2.83556
      vertex 53.665 53.1 1.6
      vertex 53.665 53.1 2.83556
    endloop
  endfacet
  facet normal 0.997819 0.0660036 -0
    outer loop
      vertex 53.8048 50.9679 1.6
      vertex 53.7963 51.0964 2.83556
      vertex 53.8048 50.9679 2.83556
    endloop
  endfacet
  facet normal 0.997857 0.0654287 6.00569e-05
    outer loop
      vertex 53.7963 51.0964 2.83556
      vertex 53.8048 50.9679 1.6
      vertex 53.665 53.1 1.6
    endloop
  endfacet
  facet normal 0.65935 0.751836 -0
    outer loop
      vertex 60.0559 40.1406 1.6
      vertex 58.5463 41.4645 2.83556
      vertex 60.0559 40.1406 2.83556
    endloop
  endfacet
  facet normal 0.659329 0.751854 -4.57834e-05
    outer loop
      vertex 58.4494 41.5494 1.6
      vertex 58.5463 41.4645 2.83556
      vertex 60.0559 40.1406 1.6
    endloop
  endfacet
  facet normal 0.658999 0.752144 0
    outer loop
      vertex 58.5463 41.4645 2.83556
      vertex 58.4494 41.5494 1.6
      vertex 58.4494 41.5494 2.83556
    endloop
  endfacet
  facet normal 0.980787 -0.195082 0
    outer loop
      vertex 53.8299 55.3585 2.83556
      vertex 54.2216 57.3278 1.6
      vertex 54.2216 57.3278 2.83556
    endloop
  endfacet
  facet normal 0.980848 -0.194773 0
    outer loop
      vertex 53.8048 55.2321 1.6
      vertex 53.8299 55.3585 2.83556
      vertex 53.8048 55.2321 2.83556
    endloop
  endfacet
  facet normal 0.980791 -0.195063 3.08514e-05
    outer loop
      vertex 53.8299 55.3585 2.83556
      vertex 53.8048 55.2321 1.6
      vertex 54.2216 57.3278 1.6
    endloop
  endfacet
  facet normal -0.896896 -0.442241 0
    outer loop
      vertex 84.1465 61.2675 1.6
      vertex 84.2035 61.1519 2.83556
      vertex 84.1465 61.2675 2.83556
    endloop
  endfacet
  facet normal -0.896885 -0.442265 -2.72721e-06
    outer loop
      vertex 85.0915 59.3511 1.6
      vertex 84.2035 61.1519 2.83556
      vertex 84.1465 61.2675 1.6
    endloop
  endfacet
  facet normal -0.896884 -0.442266 0
    outer loop
      vertex 84.2035 61.1519 2.83556
      vertex 85.0915 59.3511 1.6
      vertex 85.0915 59.3511 2.83556
    endloop
  endfacet
  facet normal 0.896884 0.442266 0
    outer loop
      vertex 55.7965 45.0481 2.83556
      vertex 54.9085 46.8489 1.6
      vertex 54.9085 46.8489 2.83556
    endloop
  endfacet
  facet normal 0.896896 0.442241 -0
    outer loop
      vertex 55.8535 44.9325 1.6
      vertex 55.7965 45.0481 2.83556
      vertex 55.8535 44.9325 2.83556
    endloop
  endfacet
  facet normal 0.896885 0.442265 -2.72721e-06
    outer loop
      vertex 55.7965 45.0481 2.83556
      vertex 55.8535 44.9325 1.6
      vertex 54.9085 46.8489 1.6
    endloop
  endfacet
  facet normal 0.997819 -0.0660036 0
    outer loop
      vertex 53.7963 55.1036 2.83556
      vertex 53.8048 55.2321 1.6
      vertex 53.8048 55.2321 2.83556
    endloop
  endfacet
  facet normal 0.99786 -0.0653918 0
    outer loop
      vertex 53.665 53.1 1.6
      vertex 53.7963 55.1036 2.83556
      vertex 53.665 53.1 2.83556
    endloop
  endfacet
  facet normal 0.997857 -0.0654287 6.00569e-05
    outer loop
      vertex 53.7963 55.1036 2.83556
      vertex 53.665 53.1 1.6
      vertex 53.8048 55.2321 1.6
    endloop
  endfacet
  facet normal 0.752144 -0.658999 0
    outer loop
      vertex 58.3645 64.5537 2.83556
      vertex 58.4494 64.6506 1.6
      vertex 58.4494 64.6506 2.83556
    endloop
  endfacet
  facet normal 0.751836 -0.65935 0
    outer loop
      vertex 57.0406 63.0441 1.6
      vertex 58.3645 64.5537 2.83556
      vertex 57.0406 63.0441 2.83556
    endloop
  endfacet
  facet normal 0.751854 -0.659329 -4.57834e-05
    outer loop
      vertex 58.3645 64.5537 2.83556
      vertex 57.0406 63.0441 1.6
      vertex 58.4494 64.6506 1.6
    endloop
  endfacet
  facet normal 0.555562 -0.831475 0
    outer loop
      vertex 60.0559 66.0594 1.6
      vertex 61.7254 67.1749 2.83556
      vertex 60.0559 66.0594 2.83556
    endloop
  endfacet
  facet normal 0.555575 -0.831467 -2.50565e-05
    outer loop
      vertex 61.8325 67.2465 1.6
      vertex 61.7254 67.1749 2.83556
      vertex 60.0559 66.0594 1.6
    endloop
  endfacet
  facet normal 0.555775 -0.831333 0
    outer loop
      vertex 61.7254 67.1749 2.83556
      vertex 61.8325 67.2465 1.6
      vertex 61.8325 67.2465 2.83556
    endloop
  endfacet
  facet normal 0.321346 0.946962 0
    outer loop
      vertex 65.7722 37.3216 2.83556
      vertex 65.7722 37.3216 1.6
      vertex 65.6502 37.363 2.83556
    endloop
  endfacet
  facet normal 0.321474 0.946918 1.40831e-05
    outer loop
      vertex 63.7489 38.0085 1.6
      vertex 65.6502 37.363 2.83556
      vertex 65.7722 37.3216 1.6
    endloop
  endfacet
  facet normal 0.321482 0.946916 0
    outer loop
      vertex 65.6502 37.363 2.83556
      vertex 63.7489 38.0085 1.6
      vertex 63.7489 38.0085 2.83556
    endloop
  endfacet
  facet normal -0.896884 0.442266 0
    outer loop
      vertex 85.0915 46.8489 1.6
      vertex 84.2035 45.0481 2.83556
      vertex 85.0915 46.8489 2.83556
    endloop
  endfacet
  facet normal -0.896885 0.442265 -2.72721e-06
    outer loop
      vertex 84.1465 44.9325 1.6
      vertex 84.2035 45.0481 2.83556
      vertex 85.0915 46.8489 1.6
    endloop
  endfacet
  facet normal -0.896896 0.442241 0
    outer loop
      vertex 84.2035 45.0481 2.83556
      vertex 84.1465 44.9325 1.6
      vertex 84.1465 44.9325 2.83556
    endloop
  endfacet
  facet normal -0.65935 -0.751836 0
    outer loop
      vertex 79.9441 66.0594 1.6
      vertex 81.4537 64.7355 2.83556
      vertex 79.9441 66.0594 2.83556
    endloop
  endfacet
  facet normal -0.659329 -0.751854 -4.57834e-05
    outer loop
      vertex 81.5506 64.6506 1.6
      vertex 81.4537 64.7355 2.83556
      vertex 79.9441 66.0594 1.6
    endloop
  endfacet
  facet normal -0.658999 -0.752144 0
    outer loop
      vertex 81.4537 64.7355 2.83556
      vertex 81.5506 64.6506 1.6
      vertex 81.5506 64.6506 2.83556
    endloop
  endfacet
  facet normal -0.980848 0.194773 0
    outer loop
      vertex 86.1952 50.9679 1.6
      vertex 86.1701 50.8415 2.83556
      vertex 86.1952 50.9679 2.83556
    endloop
  endfacet
  facet normal -0.980791 0.195063 3.08514e-05
    outer loop
      vertex 85.7784 48.8722 1.6
      vertex 86.1701 50.8415 2.83556
      vertex 86.1952 50.9679 1.6
    endloop
  endfacet
  facet normal -0.980787 0.195082 0
    outer loop
      vertex 86.1701 50.8415 2.83556
      vertex 85.7784 48.8722 1.6
      vertex 85.7784 48.8722 2.83556
    endloop
  endfacet
  facet normal 0.751836 0.65935 0
    outer loop
      vertex 58.3645 41.6463 2.83556
      vertex 57.0406 43.1559 1.6
      vertex 57.0406 43.1559 2.83556
    endloop
  endfacet
  facet normal 0.752144 0.658999 -0
    outer loop
      vertex 58.4494 41.5494 1.6
      vertex 58.3645 41.6463 2.83556
      vertex 58.4494 41.5494 2.83556
    endloop
  endfacet
  facet normal 0.751854 0.659329 -4.57834e-05
    outer loop
      vertex 58.3645 41.6463 2.83556
      vertex 58.4494 41.5494 1.6
      vertex 57.0406 43.1559 1.6
    endloop
  endfacet
  facet normal -0.658999 0.752144 0
    outer loop
      vertex 81.5506 41.5494 2.83556
      vertex 81.5506 41.5494 1.6
      vertex 81.4537 41.4645 2.83556
    endloop
  endfacet
  facet normal -0.659329 0.751854 -4.57834e-05
    outer loop
      vertex 79.9441 40.1406 1.6
      vertex 81.4537 41.4645 2.83556
      vertex 81.5506 41.5494 1.6
    endloop
  endfacet
  facet normal -0.65935 0.751836 0
    outer loop
      vertex 81.4537 41.4645 2.83556
      vertex 79.9441 40.1406 1.6
      vertex 79.9441 40.1406 2.83556
    endloop
  endfacet
  facet normal -0.321346 -0.946962 -0
    outer loop
      vertex 74.2278 68.8784 2.83556
      vertex 74.2278 68.8784 1.6
      vertex 74.3498 68.837 2.83556
    endloop
  endfacet
  facet normal -0.321432 -0.946933 9.4621e-06
    outer loop
      vertex 76.2511 68.1916 1.6
      vertex 74.3498 68.837 2.83556
      vertex 74.2278 68.8784 1.6
    endloop
  endfacet
  facet normal -0.321438 -0.946931 0
    outer loop
      vertex 74.3498 68.837 2.83556
      vertex 76.2511 68.1916 1.6
      vertex 76.2511 68.1916 2.83556
    endloop
  endfacet
  facet normal -0.321482 0.946916 0
    outer loop
      vertex 76.2511 38.0085 1.6
      vertex 74.3498 37.363 2.83556
      vertex 76.2511 38.0085 2.83556
    endloop
  endfacet
  facet normal -0.321474 0.946918 1.40831e-05
    outer loop
      vertex 74.2278 37.3216 1.6
      vertex 74.3498 37.363 2.83556
      vertex 76.2511 38.0085 1.6
    endloop
  endfacet
  facet normal -0.321346 0.946962 0
    outer loop
      vertex 74.3498 37.363 2.83556
      vertex 74.2278 37.3216 1.6
      vertex 74.2278 37.3216 2.83556
    endloop
  endfacet
  facet normal -0.442241 0.896896 0
    outer loop
      vertex 78.1675 38.9535 1.6
      vertex 78.0519 38.8965 2.83556
      vertex 78.1675 38.9535 2.83556
    endloop
  endfacet
  facet normal -0.442265 0.896885 -2.72721e-06
    outer loop
      vertex 76.2511 38.0085 1.6
      vertex 78.0519 38.8965 2.83556
      vertex 78.1675 38.9535 1.6
    endloop
  endfacet
  facet normal -0.442266 0.896884 0
    outer loop
      vertex 78.0519 38.8965 2.83556
      vertex 76.2511 38.0085 1.6
      vertex 76.2511 38.0085 2.83556
    endloop
  endfacet
  facet normal -0.0654414 -0.997856 0
    outer loop
      vertex 70 69.435 1.6
      vertex 72.0036 69.3036 2.83556
      vertex 70 69.435 2.83556
    endloop
  endfacet
  facet normal -0.0654287 -0.997857 -2.07046e-05
    outer loop
      vertex 72.1321 69.2952 1.6
      vertex 72.0036 69.3036 2.83556
      vertex 70 69.435 1.6
    endloop
  endfacet
  facet normal -0.0652304 -0.99787 0
    outer loop
      vertex 72.0036 69.3036 2.83556
      vertex 72.1321 69.2952 1.6
      vertex 72.1321 69.2952 2.83556
    endloop
  endfacet
  facet normal 0.555775 0.831333 0
    outer loop
      vertex 61.8325 38.9535 2.83556
      vertex 61.8325 38.9535 1.6
      vertex 61.7254 39.0251 2.83556
    endloop
  endfacet
  facet normal 0.555575 0.831467 -2.50565e-05
    outer loop
      vertex 60.0559 40.1406 1.6
      vertex 61.7254 39.0251 2.83556
      vertex 61.8325 38.9535 1.6
    endloop
  endfacet
  facet normal 0.555562 0.831475 0
    outer loop
      vertex 61.7254 39.0251 2.83556
      vertex 60.0559 40.1406 1.6
      vertex 60.0559 40.1406 2.83556
    endloop
  endfacet
  facet normal -0.194773 -0.980848 -0
    outer loop
      vertex 72.1321 69.2952 2.83556
      vertex 72.1321 69.2952 1.6
      vertex 72.2585 69.2701 2.83556
    endloop
  endfacet
  facet normal -0.195082 -0.980787 0
    outer loop
      vertex 74.2278 68.8784 1.6
      vertex 74.2278 68.8784 2.83556
      vertex 72.2585 69.2701 2.83556
    endloop
  endfacet
  facet normal -0.195063 -0.980791 3.08514e-05
    outer loop
      vertex 74.2278 68.8784 1.6
      vertex 72.2585 69.2701 2.83556
      vertex 72.1321 69.2952 1.6
    endloop
  endfacet
  facet normal 0.831475 -0.555562 0
    outer loop
      vertex 55.9251 61.3746 2.83556
      vertex 57.0406 63.0441 1.6
      vertex 57.0406 63.0441 2.83556
    endloop
  endfacet
  facet normal 0.831333 -0.555775 0
    outer loop
      vertex 55.8535 61.2675 1.6
      vertex 55.9251 61.3746 2.83556
      vertex 55.8535 61.2675 2.83556
    endloop
  endfacet
  facet normal 0.831467 -0.555575 -2.50565e-05
    outer loop
      vertex 55.9251 61.3746 2.83556
      vertex 55.8535 61.2675 1.6
      vertex 57.0406 63.0441 1.6
    endloop
  endfacet
  facet normal -0.751836 0.65935 0
    outer loop
      vertex 82.9594 43.1559 1.6
      vertex 81.6355 41.6463 2.83556
      vertex 82.9594 43.1559 2.83556
    endloop
  endfacet
  facet normal -0.751854 0.659329 -4.57834e-05
    outer loop
      vertex 81.5506 41.5494 1.6
      vertex 81.6355 41.6463 2.83556
      vertex 82.9594 43.1559 1.6
    endloop
  endfacet
  facet normal -0.752144 0.658999 0
    outer loop
      vertex 81.6355 41.6463 2.83556
      vertex 81.5506 41.5494 1.6
      vertex 81.5506 41.5494 2.83556
    endloop
  endfacet
  facet normal -0.712149 -0.0466686 0.700475
    outer loop
      vertex 86.335 53.1 2.83556
      vertex 86.8879 53.1349 3.4
      vertex 86.2037 55.1036 2.83556
    endloop
  endfacet
  facet normal -0.712132 -0.0469314 0.700475
    outer loop
      vertex 86.8879 53.1349 3.4
      vertex 86.335 53.1 2.83556
      vertex 86.8902 53.1 3.4
    endloop
  endfacet
  facet normal 0.536559 -0.470555 0.700487
    outer loop
      vertex 56.6232 63.4084 3.4
      vertex 57.0406 63.0441 2.83556
      vertex 58.3645 64.5537 2.83556
    endloop
  endfacet
  facet normal 0.536203 -0.470962 0.700486
    outer loop
      vertex 57.0406 63.0441 2.83556
      vertex 56.6232 63.4084 3.4
      vertex 56.6001 63.3821 3.4
    endloop
  endfacet
  facet normal -0.675861 0.22935 0.700436
    outer loop
      vertex 85.737 48.7502 2.83556
      vertex 86.3146 48.7285 3.4
      vertex 85.7784 48.8722 2.83556
    endloop
  endfacet
  facet normal -0.67585 0.229408 0.700427
    outer loop
      vertex 86.3146 48.7285 3.4
      vertex 85.737 48.7502 2.83556
      vertex 85.6157 46.6695 3.4
    endloop
  endfacet
  facet normal 0.139224 0.69996 0.700481
    outer loop
      vertex 65.7722 37.3216 2.83556
      vertex 65.6628 36.7785 3.4
      vertex 67.7415 36.9299 2.83556
    endloop
  endfacet
  facet normal 0.140747 0.699654 0.700482
    outer loop
      vertex 65.6628 36.7785 3.4
      vertex 65.7722 37.3216 2.83556
      vertex 65.6285 36.7854 3.4
    endloop
  endfacet
  facet normal 0.712132 -0.0469314 0.700475
    outer loop
      vertex 53.665 53.1 2.83556
      vertex 53.1121 53.1349 3.4
      vertex 53.1098 53.1 3.4
    endloop
  endfacet
  facet normal 0.712149 -0.0466686 0.700475
    outer loop
      vertex 53.1121 53.1349 3.4
      vertex 53.665 53.1 2.83556
      vertex 53.7963 55.1036 2.83556
    endloop
  endfacet
  facet normal -0.228736 0.675997 0.700505
    outer loop
      vertex 76.2511 38.0085 2.83556
      vertex 76.4305 37.4843 3.4
      vertex 76.4636 37.4955 3.4
    endloop
  endfacet
  facet normal -0.229425 0.675763 0.700506
    outer loop
      vertex 76.4305 37.4843 3.4
      vertex 76.2511 38.0085 2.83556
      vertex 74.3498 37.363 2.83556
    endloop
  endfacet
  facet normal 0.0469314 -0.712132 0.700475
    outer loop
      vertex 69.9651 69.9879 3.4
      vertex 70 69.435 2.83556
      vertex 70 69.9902 3.4
    endloop
  endfacet
  facet normal 0.046704 -0.712147 0.700475
    outer loop
      vertex 70 69.435 2.83556
      vertex 69.9651 69.9879 3.4
      vertex 67.9964 69.3036 2.83556
    endloop
  endfacet
  facet normal -0.593309 -0.396647 0.700468
    outer loop
      vertex 84.6273 61.5451 3.4
      vertex 84.0749 61.3746 2.83556
      vertex 84.1465 61.2675 2.83556
    endloop
  endfacet
  facet normal -0.593385 -0.396487 0.700494
    outer loop
      vertex 84.0749 61.3746 2.83556
      vertex 84.6273 61.5451 3.4
      vertex 83.4193 63.353 3.4
    endloop
  endfacet
  facet normal -0.536574 0.470598 0.700447
    outer loop
      vertex 81.6355 41.6463 2.83556
      vertex 81.9431 41.1569 3.4
      vertex 83.3768 42.7916 3.4
    endloop
  endfacet
  facet normal -0.536847 0.470365 0.700394
    outer loop
      vertex 81.9431 41.1569 3.4
      vertex 81.6355 41.6463 2.83556
      vertex 81.5506 41.5494 2.83556
    endloop
  endfacet
  facet normal -0.229408 0.67585 0.700427
    outer loop
      vertex 74.3498 37.363 2.83556
      vertex 74.3715 36.7854 3.4
      vertex 76.4305 37.4843 3.4
    endloop
  endfacet
  facet normal -0.22935 0.675861 0.700436
    outer loop
      vertex 74.2278 37.3216 2.83556
      vertex 74.3715 36.7854 3.4
      vertex 74.3498 37.363 2.83556
    endloop
  endfacet
  facet normal 0.69996 0.138995 0.700526
    outer loop
      vertex 53.2543 50.8954 3.4
      vertex 53.8299 50.8415 2.83556
      vertex 53.8048 50.9679 2.83556
    endloop
  endfacet
  facet normal 0.699948 0.139228 0.700492
    outer loop
      vertex 53.8299 50.8415 2.83556
      vertex 53.2543 50.8954 3.4
      vertex 53.6785 48.7628 3.4
    endloop
  endfacet
  facet normal 0.536816 -0.470337 0.700437
    outer loop
      vertex 58.0569 65.0432 3.4
      vertex 58.3645 64.5537 2.83556
      vertex 58.4494 64.6506 2.83556
    endloop
  endfacet
  facet normal 0.536559 -0.470556 0.700487
    outer loop
      vertex 58.3645 64.5537 2.83556
      vertex 58.0569 65.0432 3.4
      vertex 56.6232 63.4084 3.4
    endloop
  endfacet
  facet normal 0.640097 0.315619 0.700472
    outer loop
      vertex 55.7965 45.0481 2.83556
      vertex 55.3727 44.6549 3.4
      vertex 55.8535 44.9325 2.83556
    endloop
  endfacet
  facet normal 0.640081 0.315642 0.700476
    outer loop
      vertex 55.3727 44.6549 3.4
      vertex 55.7965 45.0481 2.83556
      vertex 54.411 46.6051 3.4
    endloop
  endfacet
  facet normal 0.593811 -0.395874 0.70048
    outer loop
      vertex 56.5807 63.353 3.4
      vertex 57.0406 63.0441 2.83556
      vertex 56.6001 63.3821 3.4
    endloop
  endfacet
  facet normal 0.5934 -0.396488 0.700481
    outer loop
      vertex 57.0406 63.0441 2.83556
      vertex 56.5807 63.353 3.4
      vertex 55.9251 61.3746 2.83556
    endloop
  endfacet
  facet normal -0.470962 -0.536203 0.700486
    outer loop
      vertex 79.9441 66.0594 2.83556
      vertex 80.3084 66.4768 3.4
      vertex 80.2821 66.4999 3.4
    endloop
  endfacet
  facet normal -0.470555 -0.536559 0.700487
    outer loop
      vertex 80.3084 66.4768 3.4
      vertex 79.9441 66.0594 2.83556
      vertex 81.4537 64.7355 2.83556
    endloop
  endfacet
  facet normal -0.315619 -0.640097 0.700472
    outer loop
      vertex 78.4451 67.7273 3.4
      vertex 78.0519 67.3035 2.83556
      vertex 78.1675 67.2465 2.83556
    endloop
  endfacet
  facet normal -0.315642 -0.640081 0.700476
    outer loop
      vertex 78.0519 67.3035 2.83556
      vertex 78.4451 67.7273 3.4
      vertex 76.4949 68.689 3.4
    endloop
  endfacet
  facet normal 0.316731 -0.639591 0.700432
    outer loop
      vertex 63.5051 68.689 3.4
      vertex 63.7489 68.1916 2.83556
      vertex 63.5364 68.7045 3.4
    endloop
  endfacet
  facet normal 0.315682 -0.640108 0.700434
    outer loop
      vertex 63.7489 68.1916 2.83556
      vertex 63.5051 68.689 3.4
      vertex 61.9481 67.3035 2.83556
    endloop
  endfacet
  facet normal -0.69996 0.138995 0.700526
    outer loop
      vertex 86.1701 50.8415 2.83556
      vertex 86.7457 50.8954 3.4
      vertex 86.1952 50.9679 2.83556
    endloop
  endfacet
  facet normal -0.699948 0.139228 0.700492
    outer loop
      vertex 86.7457 50.8954 3.4
      vertex 86.1701 50.8415 2.83556
      vertex 86.3215 48.7628 3.4
    endloop
  endfacet
  facet normal 0.675997 -0.228736 0.700505
    outer loop
      vertex 54.3843 59.5305 3.4
      vertex 54.9085 59.3511 2.83556
      vertex 54.3955 59.5636 3.4
    endloop
  endfacet
  facet normal 0.675763 -0.229425 0.700506
    outer loop
      vertex 54.9085 59.3511 2.83556
      vertex 54.3843 59.5305 3.4
      vertex 54.263 57.4498 2.83556
    endloop
  endfacet
  facet normal -0.639541 0.316705 0.700489
    outer loop
      vertex 85.0915 46.8489 2.83556
      vertex 85.589 46.6051 3.4
      vertex 85.6045 46.6364 3.4
    endloop
  endfacet
  facet normal -0.640071 0.315628 0.700491
    outer loop
      vertex 85.589 46.6051 3.4
      vertex 85.0915 46.8489 2.83556
      vertex 84.2035 45.0481 2.83556
    endloop
  endfacet
  facet normal 0.396647 -0.593309 0.700468
    outer loop
      vertex 61.5549 67.7273 3.4
      vertex 61.7254 67.1749 2.83556
      vertex 61.8325 67.2465 2.83556
    endloop
  endfacet
  facet normal 0.396487 -0.593385 0.700494
    outer loop
      vertex 61.7254 67.1749 2.83556
      vertex 61.5549 67.7273 3.4
      vertex 59.747 66.5193 3.4
    endloop
  endfacet
  facet normal 0.640097 -0.315619 0.700472
    outer loop
      vertex 55.3727 61.5451 3.4
      vertex 55.7965 61.1519 2.83556
      vertex 55.8535 61.2675 2.83556
    endloop
  endfacet
  facet normal 0.640081 -0.315642 0.700476
    outer loop
      vertex 55.7965 61.1519 2.83556
      vertex 55.3727 61.5451 3.4
      vertex 54.411 59.5949 3.4
    endloop
  endfacet
  facet normal -0.675997 -0.228736 0.700505
    outer loop
      vertex 85.0915 59.3511 2.83556
      vertex 85.6157 59.5305 3.4
      vertex 85.6045 59.5636 3.4
    endloop
  endfacet
  facet normal -0.675763 -0.229425 0.700506
    outer loop
      vertex 85.6157 59.5305 3.4
      vertex 85.0915 59.3511 2.83556
      vertex 85.737 57.4498 2.83556
    endloop
  endfacet
  facet normal 0.396488 -0.5934 0.700481
    outer loop
      vertex 59.747 66.5193 3.4
      vertex 60.0559 66.0594 2.83556
      vertex 61.7254 67.1749 2.83556
    endloop
  endfacet
  facet normal 0.395874 -0.593811 0.70048
    outer loop
      vertex 60.0559 66.0594 2.83556
      vertex 59.747 66.5193 3.4
      vertex 59.7179 66.4999 3.4
    endloop
  endfacet
  facet normal -0.536203 -0.470962 0.700486
    outer loop
      vertex 83.3768 63.4084 3.4
      vertex 82.9594 63.0441 2.83556
      vertex 83.3999 63.3821 3.4
    endloop
  endfacet
  facet normal -0.536559 -0.470555 0.700487
    outer loop
      vertex 82.9594 63.0441 2.83556
      vertex 83.3768 63.4084 3.4
      vertex 81.6355 64.5537 2.83556
    endloop
  endfacet
  facet normal 0.699948 -0.139228 0.700492
    outer loop
      vertex 53.2543 55.3046 3.4
      vertex 53.8299 55.3585 2.83556
      vertex 53.6785 57.4372 3.4
    endloop
  endfacet
  facet normal 0.69996 -0.138995 0.700526
    outer loop
      vertex 53.8299 55.3585 2.83556
      vertex 53.2543 55.3046 3.4
      vertex 53.8048 55.2321 2.83556
    endloop
  endfacet
  facet normal 0.69996 0.139224 0.700481
    outer loop
      vertex 53.6785 48.7628 3.4
      vertex 54.2216 48.8722 2.83556
      vertex 53.8299 50.8415 2.83556
    endloop
  endfacet
  facet normal 0.699654 0.140747 0.700482
    outer loop
      vertex 54.2216 48.8722 2.83556
      vertex 53.6785 48.7628 3.4
      vertex 53.6854 48.7285 3.4
    endloop
  endfacet
  facet normal 0.470962 -0.536203 0.700486
    outer loop
      vertex 59.6916 66.4768 3.4
      vertex 60.0559 66.0594 2.83556
      vertex 59.7179 66.4999 3.4
    endloop
  endfacet
  facet normal 0.470555 -0.536559 0.700487
    outer loop
      vertex 60.0559 66.0594 2.83556
      vertex 59.6916 66.4768 3.4
      vertex 58.5463 64.7355 2.83556
    endloop
  endfacet
  facet normal -0.699948 -0.139228 0.700492
    outer loop
      vertex 86.1701 55.3585 2.83556
      vertex 86.7457 55.3046 3.4
      vertex 86.3215 57.4372 3.4
    endloop
  endfacet
  facet normal -0.69996 -0.138995 0.700526
    outer loop
      vertex 86.7457 55.3046 3.4
      vertex 86.1701 55.3585 2.83556
      vertex 86.1952 55.2321 2.83556
    endloop
  endfacet
  facet normal -0.69996 0.139224 0.700481
    outer loop
      vertex 85.7784 48.8722 2.83556
      vertex 86.3215 48.7628 3.4
      vertex 86.1701 50.8415 2.83556
    endloop
  endfacet
  facet normal -0.699654 0.140747 0.700482
    outer loop
      vertex 86.3215 48.7628 3.4
      vertex 85.7784 48.8722 2.83556
      vertex 86.3146 48.7285 3.4
    endloop
  endfacet
  facet normal 0.712066 -0.0471017 0.70053
    outer loop
      vertex 53.2543 55.3046 3.4
      vertex 53.7963 55.1036 2.83556
      vertex 53.8048 55.2321 2.83556
    endloop
  endfacet
  facet normal 0.712158 -0.0466741 0.700466
    outer loop
      vertex 53.7963 55.1036 2.83556
      vertex 53.2543 55.3046 3.4
      vertex 53.1121 53.1349 3.4
    endloop
  endfacet
  facet normal 0.593811 0.395874 0.70048
    outer loop
      vertex 57.0406 43.1559 2.83556
      vertex 56.5807 42.847 3.4
      vertex 56.6001 42.8179 3.4
    endloop
  endfacet
  facet normal 0.5934 0.396488 0.700481
    outer loop
      vertex 56.5807 42.847 3.4
      vertex 57.0406 43.1559 2.83556
      vertex 55.9251 44.8254 2.83556
    endloop
  endfacet
  facet normal 0.699654 -0.140747 0.700482
    outer loop
      vertex 53.6785 57.4372 3.4
      vertex 54.2216 57.3278 2.83556
      vertex 53.6854 57.4715 3.4
    endloop
  endfacet
  facet normal 0.69996 -0.139224 0.700481
    outer loop
      vertex 54.2216 57.3278 2.83556
      vertex 53.6785 57.4372 3.4
      vertex 53.8299 55.3585 2.83556
    endloop
  endfacet
  facet normal 0.67585 -0.229408 0.700427
    outer loop
      vertex 53.6854 57.4715 3.4
      vertex 54.263 57.4498 2.83556
      vertex 54.3843 59.5305 3.4
    endloop
  endfacet
  facet normal 0.675861 -0.22935 0.700436
    outer loop
      vertex 54.263 57.4498 2.83556
      vertex 53.6854 57.4715 3.4
      vertex 54.2216 57.3278 2.83556
    endloop
  endfacet
  facet normal -0.470365 0.536847 0.700394
    outer loop
      vertex 81.4537 41.4645 2.83556
      vertex 81.9431 41.1569 3.4
      vertex 81.5506 41.5494 2.83556
    endloop
  endfacet
  facet normal -0.470598 0.536574 0.700447
    outer loop
      vertex 81.9431 41.1569 3.4
      vertex 81.4537 41.4645 2.83556
      vertex 80.3084 39.7232 3.4
    endloop
  endfacet
  facet normal 0.229425 0.675763 0.700506
    outer loop
      vertex 63.7489 38.0085 2.83556
      vertex 63.5695 37.4843 3.4
      vertex 65.6502 37.363 2.83556
    endloop
  endfacet
  facet normal 0.228736 0.675997 0.700505
    outer loop
      vertex 63.5695 37.4843 3.4
      vertex 63.7489 38.0085 2.83556
      vertex 63.5364 37.4955 3.4
    endloop
  endfacet
  facet normal 0.0466741 0.712158 0.700466
    outer loop
      vertex 67.9964 36.8963 2.83556
      vertex 67.7954 36.3543 3.4
      vertex 69.9651 36.2121 3.4
    endloop
  endfacet
  facet normal 0.0471017 0.712066 0.70053
    outer loop
      vertex 67.8679 36.9048 2.83556
      vertex 67.7954 36.3543 3.4
      vertex 67.9964 36.8963 2.83556
    endloop
  endfacet
  facet normal 0.470365 0.536847 0.700394
    outer loop
      vertex 58.0569 41.1569 3.4
      vertex 58.5463 41.4645 2.83556
      vertex 58.4494 41.5494 2.83556
    endloop
  endfacet
  facet normal 0.470598 0.536574 0.700447
    outer loop
      vertex 58.5463 41.4645 2.83556
      vertex 58.0569 41.1569 3.4
      vertex 59.6916 39.7232 3.4
    endloop
  endfacet
  facet normal 0.593385 -0.396487 0.700494
    outer loop
      vertex 55.3727 61.5451 3.4
      vertex 55.9251 61.3746 2.83556
      vertex 56.5807 63.353 3.4
    endloop
  endfacet
  facet normal 0.593309 -0.396647 0.700468
    outer loop
      vertex 55.9251 61.3746 2.83556
      vertex 55.3727 61.5451 3.4
      vertex 55.8535 61.2675 2.83556
    endloop
  endfacet
  facet normal -0.315628 0.640071 0.700491
    outer loop
      vertex 76.2511 38.0085 2.83556
      vertex 76.4949 37.511 3.4
      vertex 78.0519 38.8965 2.83556
    endloop
  endfacet
  facet normal -0.316705 0.639541 0.700489
    outer loop
      vertex 76.4949 37.511 3.4
      vertex 76.2511 38.0085 2.83556
      vertex 76.4636 37.4955 3.4
    endloop
  endfacet
  facet normal 0.396488 0.5934 0.700481
    outer loop
      vertex 60.0559 40.1406 2.83556
      vertex 59.747 39.6807 3.4
      vertex 61.7254 39.0251 2.83556
    endloop
  endfacet
  facet normal 0.395874 0.593811 0.70048
    outer loop
      vertex 59.747 39.6807 3.4
      vertex 60.0559 40.1406 2.83556
      vertex 59.7179 39.7001 3.4
    endloop
  endfacet
  facet normal -0.5934 0.396488 0.700481
    outer loop
      vertex 82.9594 43.1559 2.83556
      vertex 83.4193 42.847 3.4
      vertex 84.0749 44.8254 2.83556
    endloop
  endfacet
  facet normal -0.593811 0.395874 0.70048
    outer loop
      vertex 83.4193 42.847 3.4
      vertex 82.9594 43.1559 2.83556
      vertex 83.3999 42.8179 3.4
    endloop
  endfacet
  facet normal -0.536203 0.470962 0.700486
    outer loop
      vertex 82.9594 43.1559 2.83556
      vertex 83.3768 42.7916 3.4
      vertex 83.3999 42.8179 3.4
    endloop
  endfacet
  facet normal -0.536559 0.470555 0.700487
    outer loop
      vertex 83.3768 42.7916 3.4
      vertex 82.9594 43.1559 2.83556
      vertex 81.6355 41.6463 2.83556
    endloop
  endfacet
  facet normal -0.712132 0.0469314 0.700475
    outer loop
      vertex 86.335 53.1 2.83556
      vertex 86.8879 53.0651 3.4
      vertex 86.8902 53.1 3.4
    endloop
  endfacet
  facet normal -0.712149 0.0466686 0.700475
    outer loop
      vertex 86.8879 53.0651 3.4
      vertex 86.335 53.1 2.83556
      vertex 86.2037 51.0964 2.83556
    endloop
  endfacet
  facet normal -0.395874 -0.593811 0.70048
    outer loop
      vertex 80.253 66.5193 3.4
      vertex 79.9441 66.0594 2.83556
      vertex 80.2821 66.4999 3.4
    endloop
  endfacet
  facet normal -0.396488 -0.5934 0.700481
    outer loop
      vertex 79.9441 66.0594 2.83556
      vertex 80.253 66.5193 3.4
      vertex 78.2746 67.1749 2.83556
    endloop
  endfacet
  facet normal -0.675763 0.229425 0.700506
    outer loop
      vertex 85.0915 46.8489 2.83556
      vertex 85.6157 46.6695 3.4
      vertex 85.737 48.7502 2.83556
    endloop
  endfacet
  facet normal -0.675997 0.228736 0.700505
    outer loop
      vertex 85.6157 46.6695 3.4
      vertex 85.0915 46.8489 2.83556
      vertex 85.6045 46.6364 3.4
    endloop
  endfacet
  facet normal 0.712132 0.0469314 0.700475
    outer loop
      vertex 53.1121 53.0651 3.4
      vertex 53.665 53.1 2.83556
      vertex 53.1098 53.1 3.4
    endloop
  endfacet
  facet normal 0.712149 0.0466686 0.700475
    outer loop
      vertex 53.665 53.1 2.83556
      vertex 53.1121 53.0651 3.4
      vertex 53.7963 51.0964 2.83556
    endloop
  endfacet
  facet normal -0.712066 -0.0471017 0.70053
    outer loop
      vertex 86.2037 55.1036 2.83556
      vertex 86.7457 55.3046 3.4
      vertex 86.1952 55.2321 2.83556
    endloop
  endfacet
  facet normal -0.712158 -0.0466741 0.700466
    outer loop
      vertex 86.7457 55.3046 3.4
      vertex 86.2037 55.1036 2.83556
      vertex 86.8879 53.1349 3.4
    endloop
  endfacet
  facet normal -0.712066 0.0471017 0.70053
    outer loop
      vertex 86.7457 50.8954 3.4
      vertex 86.2037 51.0964 2.83556
      vertex 86.1952 50.9679 2.83556
    endloop
  endfacet
  facet normal -0.712158 0.0466741 0.700466
    outer loop
      vertex 86.2037 51.0964 2.83556
      vertex 86.7457 50.8954 3.4
      vertex 86.8879 53.0651 3.4
    endloop
  endfacet
  facet normal 0.138995 -0.69996 0.700526
    outer loop
      vertex 67.7954 69.8457 3.4
      vertex 67.7415 69.2701 2.83556
      vertex 67.8679 69.2952 2.83556
    endloop
  endfacet
  facet normal 0.139228 -0.699948 0.700492
    outer loop
      vertex 67.7415 69.2701 2.83556
      vertex 67.7954 69.8457 3.4
      vertex 65.6628 69.4215 3.4
    endloop
  endfacet
  facet normal -0.229408 -0.67585 0.700427
    outer loop
      vertex 74.3715 69.4146 3.4
      vertex 74.3498 68.837 2.83556
      vertex 76.4305 68.7157 3.4
    endloop
  endfacet
  facet normal -0.22935 -0.675861 0.700436
    outer loop
      vertex 74.3715 69.4146 3.4
      vertex 74.2278 68.8784 2.83556
      vertex 74.3498 68.837 2.83556
    endloop
  endfacet
  facet normal -0.140747 0.699654 0.700482
    outer loop
      vertex 74.2278 37.3216 2.83556
      vertex 74.3372 36.7785 3.4
      vertex 74.3715 36.7854 3.4
    endloop
  endfacet
  facet normal -0.139224 0.69996 0.700481
    outer loop
      vertex 74.3372 36.7785 3.4
      vertex 74.2278 37.3216 2.83556
      vertex 72.2585 36.9299 2.83556
    endloop
  endfacet
  facet normal -0.139228 0.699948 0.700492
    outer loop
      vertex 72.2585 36.9299 2.83556
      vertex 72.2046 36.3543 3.4
      vertex 74.3372 36.7785 3.4
    endloop
  endfacet
  facet normal -0.138995 0.69996 0.700526
    outer loop
      vertex 72.2046 36.3543 3.4
      vertex 72.2585 36.9299 2.83556
      vertex 72.1321 36.9048 2.83556
    endloop
  endfacet
  facet normal 0.640071 -0.315628 0.700491
    outer loop
      vertex 54.411 59.5949 3.4
      vertex 54.9085 59.3511 2.83556
      vertex 55.7965 61.1519 2.83556
    endloop
  endfacet
  facet normal 0.639541 -0.316705 0.700489
    outer loop
      vertex 54.9085 59.3511 2.83556
      vertex 54.411 59.5949 3.4
      vertex 54.3955 59.5636 3.4
    endloop
  endfacet
  facet normal -0.640081 -0.315642 0.700476
    outer loop
      vertex 84.6273 61.5451 3.4
      vertex 84.2035 61.1519 2.83556
      vertex 85.589 59.5949 3.4
    endloop
  endfacet
  facet normal -0.640097 -0.315619 0.700472
    outer loop
      vertex 84.2035 61.1519 2.83556
      vertex 84.6273 61.5451 3.4
      vertex 84.1465 61.2675 2.83556
    endloop
  endfacet
  facet normal -0.639541 -0.316705 0.700489
    outer loop
      vertex 85.589 59.5949 3.4
      vertex 85.0915 59.3511 2.83556
      vertex 85.6045 59.5636 3.4
    endloop
  endfacet
  facet normal -0.640071 -0.315628 0.700491
    outer loop
      vertex 85.0915 59.3511 2.83556
      vertex 85.589 59.5949 3.4
      vertex 84.2035 61.1519 2.83556
    endloop
  endfacet
  facet normal 0.675997 0.228736 0.700505
    outer loop
      vertex 54.9085 46.8489 2.83556
      vertex 54.3843 46.6695 3.4
      vertex 54.3955 46.6364 3.4
    endloop
  endfacet
  facet normal 0.675763 0.229425 0.700506
    outer loop
      vertex 54.3843 46.6695 3.4
      vertex 54.9085 46.8489 2.83556
      vertex 54.263 48.7502 2.83556
    endloop
  endfacet
  facet normal 0.315619 0.640097 0.700472
    outer loop
      vertex 61.5549 38.4727 3.4
      vertex 61.9481 38.8965 2.83556
      vertex 61.8325 38.9535 2.83556
    endloop
  endfacet
  facet normal 0.315642 0.640081 0.700476
    outer loop
      vertex 61.9481 38.8965 2.83556
      vertex 61.5549 38.4727 3.4
      vertex 63.5051 37.511 3.4
    endloop
  endfacet
  facet normal -0.470555 0.536559 0.700487
    outer loop
      vertex 79.9441 40.1406 2.83556
      vertex 80.3084 39.7232 3.4
      vertex 81.4537 41.4645 2.83556
    endloop
  endfacet
  facet normal -0.470962 0.536203 0.700486
    outer loop
      vertex 80.3084 39.7232 3.4
      vertex 79.9441 40.1406 2.83556
      vertex 80.2821 39.7001 3.4
    endloop
  endfacet
  facet normal -0.396487 0.593385 0.700494
    outer loop
      vertex 78.2746 39.0251 2.83556
      vertex 78.4451 38.4727 3.4
      vertex 80.253 39.6807 3.4
    endloop
  endfacet
  facet normal -0.396647 0.593309 0.700468
    outer loop
      vertex 78.4451 38.4727 3.4
      vertex 78.2746 39.0251 2.83556
      vertex 78.1675 38.9535 2.83556
    endloop
  endfacet
  facet normal -0.316731 -0.639591 0.700432
    outer loop
      vertex 76.2511 68.1916 2.83556
      vertex 76.4949 68.689 3.4
      vertex 76.4636 68.7045 3.4
    endloop
  endfacet
  facet normal -0.315682 -0.640108 0.700434
    outer loop
      vertex 76.4949 68.689 3.4
      vertex 76.2511 68.1916 2.83556
      vertex 78.0519 67.3035 2.83556
    endloop
  endfacet
  facet normal 0.47055 -0.536557 0.700492
    outer loop
      vertex 58.0569 65.0432 3.4
      vertex 58.5463 64.7355 2.83556
      vertex 59.6916 66.4768 3.4
    endloop
  endfacet
  facet normal 0.470333 -0.536811 0.700443
    outer loop
      vertex 58.5463 64.7355 2.83556
      vertex 58.0569 65.0432 3.4
      vertex 58.4494 64.6506 2.83556
    endloop
  endfacet
  facet normal 0.536559 0.470555 0.700487
    outer loop
      vertex 57.0406 43.1559 2.83556
      vertex 56.6232 42.7916 3.4
      vertex 58.3645 41.6463 2.83556
    endloop
  endfacet
  facet normal 0.536203 0.470962 0.700486
    outer loop
      vertex 56.6232 42.7916 3.4
      vertex 57.0406 43.1559 2.83556
      vertex 56.6001 42.8179 3.4
    endloop
  endfacet
  facet normal -0.395874 0.593811 0.70048
    outer loop
      vertex 79.9441 40.1406 2.83556
      vertex 80.253 39.6807 3.4
      vertex 80.2821 39.7001 3.4
    endloop
  endfacet
  facet normal -0.396488 0.5934 0.700481
    outer loop
      vertex 80.253 39.6807 3.4
      vertex 79.9441 40.1406 2.83556
      vertex 78.2746 39.0251 2.83556
    endloop
  endfacet
  facet normal -0.0469314 -0.712132 0.700475
    outer loop
      vertex 70 69.435 2.83556
      vertex 70.0349 69.9879 3.4
      vertex 70 69.9902 3.4
    endloop
  endfacet
  facet normal -0.046704 -0.712147 0.700475
    outer loop
      vertex 70.0349 69.9879 3.4
      vertex 70 69.435 2.83556
      vertex 72.0036 69.3036 2.83556
    endloop
  endfacet
  facet normal -0.593309 0.396647 0.700468
    outer loop
      vertex 84.0749 44.8254 2.83556
      vertex 84.6273 44.6549 3.4
      vertex 84.1465 44.9325 2.83556
    endloop
  endfacet
  facet normal -0.593385 0.396487 0.700494
    outer loop
      vertex 84.6273 44.6549 3.4
      vertex 84.0749 44.8254 2.83556
      vertex 83.4193 42.847 3.4
    endloop
  endfacet
  facet normal -0.640081 0.315642 0.700476
    outer loop
      vertex 84.2035 45.0481 2.83556
      vertex 84.6273 44.6549 3.4
      vertex 85.589 46.6051 3.4
    endloop
  endfacet
  facet normal -0.640097 0.315619 0.700472
    outer loop
      vertex 84.6273 44.6549 3.4
      vertex 84.2035 45.0481 2.83556
      vertex 84.1465 44.9325 2.83556
    endloop
  endfacet
  facet normal 0.712158 0.0466741 0.700466
    outer loop
      vertex 53.2543 50.8954 3.4
      vertex 53.7963 51.0964 2.83556
      vertex 53.1121 53.0651 3.4
    endloop
  endfacet
  facet normal 0.712066 0.0471017 0.70053
    outer loop
      vertex 53.7963 51.0964 2.83556
      vertex 53.2543 50.8954 3.4
      vertex 53.8048 50.9679 2.83556
    endloop
  endfacet
  facet normal -0.675861 -0.22935 0.700436
    outer loop
      vertex 86.3146 57.4715 3.4
      vertex 85.737 57.4498 2.83556
      vertex 85.7784 57.3278 2.83556
    endloop
  endfacet
  facet normal -0.67585 -0.229408 0.700427
    outer loop
      vertex 85.737 57.4498 2.83556
      vertex 86.3146 57.4715 3.4
      vertex 85.6157 59.5305 3.4
    endloop
  endfacet
  facet normal -0.699654 -0.140747 0.700482
    outer loop
      vertex 85.7784 57.3278 2.83556
      vertex 86.3215 57.4372 3.4
      vertex 86.3146 57.4715 3.4
    endloop
  endfacet
  facet normal -0.69996 -0.139224 0.700481
    outer loop
      vertex 86.3215 57.4372 3.4
      vertex 85.7784 57.3278 2.83556
      vertex 86.1701 55.3585 2.83556
    endloop
  endfacet
  facet normal -0.228755 -0.676054 0.700444
    outer loop
      vertex 76.4305 68.7157 3.4
      vertex 76.2511 68.1916 2.83556
      vertex 76.4636 68.7045 3.4
    endloop
  endfacet
  facet normal -0.229412 -0.67583 0.700445
    outer loop
      vertex 76.2511 68.1916 2.83556
      vertex 76.4305 68.7157 3.4
      vertex 74.3498 68.837 2.83556
    endloop
  endfacet
  facet normal -0.04667 -0.712095 0.70053
    outer loop
      vertex 72.0036 69.3036 2.83556
      vertex 72.2046 69.8457 3.4
      vertex 70.0349 69.9879 3.4
    endloop
  endfacet
  facet normal -0.0465511 -0.71212 0.700512
    outer loop
      vertex 72.1321 69.2952 2.83556
      vertex 72.2046 69.8457 3.4
      vertex 72.0036 69.3036 2.83556
    endloop
  endfacet
  facet normal 0.22935 0.675861 0.700436
    outer loop
      vertex 65.6502 37.363 2.83556
      vertex 65.6285 36.7854 3.4
      vertex 65.7722 37.3216 2.83556
    endloop
  endfacet
  facet normal 0.229408 0.67585 0.700427
    outer loop
      vertex 65.6285 36.7854 3.4
      vertex 65.6502 37.363 2.83556
      vertex 63.5695 37.4843 3.4
    endloop
  endfacet
  facet normal -0.396487 -0.593385 0.700494
    outer loop
      vertex 78.4451 67.7273 3.4
      vertex 78.2746 67.1749 2.83556
      vertex 80.253 66.5193 3.4
    endloop
  endfacet
  facet normal -0.396647 -0.593309 0.700468
    outer loop
      vertex 78.2746 67.1749 2.83556
      vertex 78.4451 67.7273 3.4
      vertex 78.1675 67.2465 2.83556
    endloop
  endfacet
  facet normal 0.22935 -0.675861 0.700436
    outer loop
      vertex 65.6285 69.4146 3.4
      vertex 65.6502 68.837 2.83556
      vertex 65.7722 68.8784 2.83556
    endloop
  endfacet
  facet normal 0.229408 -0.67585 0.700427
    outer loop
      vertex 65.6502 68.837 2.83556
      vertex 65.6285 69.4146 3.4
      vertex 63.5695 68.7157 3.4
    endloop
  endfacet
  facet normal 0.0469314 0.712132 0.700475
    outer loop
      vertex 70 36.765 2.83556
      vertex 69.9651 36.2121 3.4
      vertex 70 36.2098 3.4
    endloop
  endfacet
  facet normal 0.0466686 0.712149 0.700475
    outer loop
      vertex 69.9651 36.2121 3.4
      vertex 70 36.765 2.83556
      vertex 67.9964 36.8963 2.83556
    endloop
  endfacet
  facet normal -0.139228 -0.699948 0.700492
    outer loop
      vertex 72.2046 69.8457 3.4
      vertex 72.2585 69.2701 2.83556
      vertex 74.3372 69.4215 3.4
    endloop
  endfacet
  facet normal -0.138995 -0.69996 0.700526
    outer loop
      vertex 72.2585 69.2701 2.83556
      vertex 72.2046 69.8457 3.4
      vertex 72.1321 69.2952 2.83556
    endloop
  endfacet
  facet normal 0.640071 0.315628 0.700491
    outer loop
      vertex 54.9085 46.8489 2.83556
      vertex 54.411 46.6051 3.4
      vertex 55.7965 45.0481 2.83556
    endloop
  endfacet
  facet normal 0.639541 0.316705 0.700489
    outer loop
      vertex 54.411 46.6051 3.4
      vertex 54.9085 46.8489 2.83556
      vertex 54.3955 46.6364 3.4
    endloop
  endfacet
  facet normal 0.470962 0.536203 0.700486
    outer loop
      vertex 60.0559 40.1406 2.83556
      vertex 59.6916 39.7232 3.4
      vertex 59.7179 39.7001 3.4
    endloop
  endfacet
  facet normal 0.470555 0.536559 0.700487
    outer loop
      vertex 59.6916 39.7232 3.4
      vertex 60.0559 40.1406 2.83556
      vertex 58.5463 41.4645 2.83556
    endloop
  endfacet
  facet normal -0.593811 -0.395874 0.70048
    outer loop
      vertex 82.9594 63.0441 2.83556
      vertex 83.4193 63.353 3.4
      vertex 83.3999 63.3821 3.4
    endloop
  endfacet
  facet normal -0.5934 -0.396488 0.700481
    outer loop
      vertex 83.4193 63.353 3.4
      vertex 82.9594 63.0441 2.83556
      vertex 84.0749 61.3746 2.83556
    endloop
  endfacet
  facet normal -0.140747 -0.699654 0.700482
    outer loop
      vertex 74.3372 69.4215 3.4
      vertex 74.2278 68.8784 2.83556
      vertex 74.3715 69.4146 3.4
    endloop
  endfacet
  facet normal -0.139224 -0.69996 0.700481
    outer loop
      vertex 74.2278 68.8784 2.83556
      vertex 74.3372 69.4215 3.4
      vertex 72.2585 69.2701 2.83556
    endloop
  endfacet
  facet normal -0.0469314 0.712132 0.700475
    outer loop
      vertex 70.0349 36.2121 3.4
      vertex 70 36.765 2.83556
      vertex 70 36.2098 3.4
    endloop
  endfacet
  facet normal -0.0466686 0.712149 0.700475
    outer loop
      vertex 70 36.765 2.83556
      vertex 70.0349 36.2121 3.4
      vertex 72.0036 36.8963 2.83556
    endloop
  endfacet
  facet normal 0.536847 0.470365 0.700394
    outer loop
      vertex 58.3645 41.6463 2.83556
      vertex 58.0569 41.1569 3.4
      vertex 58.4494 41.5494 2.83556
    endloop
  endfacet
  facet normal 0.536574 0.470598 0.700447
    outer loop
      vertex 58.0569 41.1569 3.4
      vertex 58.3645 41.6463 2.83556
      vertex 56.6232 42.7916 3.4
    endloop
  endfacet
  facet normal -0.470333 -0.536811 0.700443
    outer loop
      vertex 81.9431 65.0432 3.4
      vertex 81.4537 64.7355 2.83556
      vertex 81.5506 64.6506 2.83556
    endloop
  endfacet
  facet normal -0.47055 -0.536557 0.700492
    outer loop
      vertex 81.4537 64.7355 2.83556
      vertex 81.9431 65.0432 3.4
      vertex 80.3084 66.4768 3.4
    endloop
  endfacet
  facet normal -0.536559 -0.470556 0.700487
    outer loop
      vertex 81.9431 65.0432 3.4
      vertex 81.6355 64.5537 2.83556
      vertex 83.3768 63.4084 3.4
    endloop
  endfacet
  facet normal -0.536816 -0.470337 0.700437
    outer loop
      vertex 81.6355 64.5537 2.83556
      vertex 81.9431 65.0432 3.4
      vertex 81.5506 64.6506 2.83556
    endloop
  endfacet
  facet normal 0.593309 0.396647 0.700468
    outer loop
      vertex 55.3727 44.6549 3.4
      vertex 55.9251 44.8254 2.83556
      vertex 55.8535 44.9325 2.83556
    endloop
  endfacet
  facet normal 0.593385 0.396487 0.700494
    outer loop
      vertex 55.9251 44.8254 2.83556
      vertex 55.3727 44.6549 3.4
      vertex 56.5807 42.847 3.4
    endloop
  endfacet
  facet normal -0.315619 0.640097 0.700472
    outer loop
      vertex 78.0519 38.8965 2.83556
      vertex 78.4451 38.4727 3.4
      vertex 78.1675 38.9535 2.83556
    endloop
  endfacet
  facet normal -0.315642 0.640081 0.700476
    outer loop
      vertex 78.4451 38.4727 3.4
      vertex 78.0519 38.8965 2.83556
      vertex 76.4949 37.511 3.4
    endloop
  endfacet
  facet normal 0.0465511 -0.71212 0.700512
    outer loop
      vertex 67.9964 69.3036 2.83556
      vertex 67.7954 69.8457 3.4
      vertex 67.8679 69.2952 2.83556
    endloop
  endfacet
  facet normal 0.04667 -0.712095 0.70053
    outer loop
      vertex 67.7954 69.8457 3.4
      vertex 67.9964 69.3036 2.83556
      vertex 69.9651 69.9879 3.4
    endloop
  endfacet
  facet normal 0.139224 -0.69996 0.700481
    outer loop
      vertex 65.6628 69.4215 3.4
      vertex 65.7722 68.8784 2.83556
      vertex 67.7415 69.2701 2.83556
    endloop
  endfacet
  facet normal 0.140747 -0.699654 0.700482
    outer loop
      vertex 65.7722 68.8784 2.83556
      vertex 65.6628 69.4215 3.4
      vertex 65.6285 69.4146 3.4
    endloop
  endfacet
  facet normal 0.229412 -0.67583 0.700445
    outer loop
      vertex 63.5695 68.7157 3.4
      vertex 63.7489 68.1916 2.83556
      vertex 65.6502 68.837 2.83556
    endloop
  endfacet
  facet normal 0.228755 -0.676054 0.700444
    outer loop
      vertex 63.7489 68.1916 2.83556
      vertex 63.5695 68.7157 3.4
      vertex 63.5364 68.7045 3.4
    endloop
  endfacet
  facet normal -0.0471017 0.712066 0.70053
    outer loop
      vertex 72.0036 36.8963 2.83556
      vertex 72.2046 36.3543 3.4
      vertex 72.1321 36.9048 2.83556
    endloop
  endfacet
  facet normal -0.0466741 0.712158 0.700466
    outer loop
      vertex 72.2046 36.3543 3.4
      vertex 72.0036 36.8963 2.83556
      vertex 70.0349 36.2121 3.4
    endloop
  endfacet
  facet normal 0.315642 -0.640081 0.700476
    outer loop
      vertex 61.5549 67.7273 3.4
      vertex 61.9481 67.3035 2.83556
      vertex 63.5051 68.689 3.4
    endloop
  endfacet
  facet normal 0.315619 -0.640097 0.700472
    outer loop
      vertex 61.9481 67.3035 2.83556
      vertex 61.5549 67.7273 3.4
      vertex 61.8325 67.2465 2.83556
    endloop
  endfacet
  facet normal 0.675861 0.22935 0.700436
    outer loop
      vertex 53.6854 48.7285 3.4
      vertex 54.263 48.7502 2.83556
      vertex 54.2216 48.8722 2.83556
    endloop
  endfacet
  facet normal 0.67585 0.229408 0.700427
    outer loop
      vertex 54.263 48.7502 2.83556
      vertex 53.6854 48.7285 3.4
      vertex 54.3843 46.6695 3.4
    endloop
  endfacet
  facet normal 0.138995 0.69996 0.700526
    outer loop
      vertex 67.7415 36.9299 2.83556
      vertex 67.7954 36.3543 3.4
      vertex 67.8679 36.9048 2.83556
    endloop
  endfacet
  facet normal 0.139228 0.699948 0.700492
    outer loop
      vertex 67.7954 36.3543 3.4
      vertex 67.7415 36.9299 2.83556
      vertex 65.6628 36.7785 3.4
    endloop
  endfacet
  facet normal 0.396647 0.593309 0.700468
    outer loop
      vertex 61.7254 39.0251 2.83556
      vertex 61.5549 38.4727 3.4
      vertex 61.8325 38.9535 2.83556
    endloop
  endfacet
  facet normal 0.396487 0.593385 0.700494
    outer loop
      vertex 61.5549 38.4727 3.4
      vertex 61.7254 39.0251 2.83556
      vertex 59.747 39.6807 3.4
    endloop
  endfacet
  facet normal 0.316705 0.639541 0.700489
    outer loop
      vertex 63.7489 38.0085 2.83556
      vertex 63.5051 37.511 3.4
      vertex 63.5364 37.4955 3.4
    endloop
  endfacet
  facet normal 0.315628 0.640071 0.700491
    outer loop
      vertex 63.5051 37.511 3.4
      vertex 63.7489 38.0085 2.83556
      vertex 61.9481 38.8965 2.83556
    endloop
  endfacet
  facet normal -0.980758 -0.195225 0
    outer loop
      vertex 102.678 23.5278 1.6
      vertex 103.07 21.5585 2.83556
      vertex 102.678 23.5278 2.83556
    endloop
  endfacet
  facet normal -0.980773 -0.195153 0.000119805
    outer loop
      vertex 103.095 21.4321 1.6
      vertex 103.07 21.5585 2.83556
      vertex 102.678 23.5278 1.6
    endloop
  endfacet
  facet normal -0.980996 -0.194026 0
    outer loop
      vertex 103.07 21.5585 2.83556
      vertex 103.095 21.4321 1.6
      vertex 103.095 21.4321 2.83556
    endloop
  endfacet
  facet normal -0.997556 -0.0698678 0
    outer loop
      vertex 103.095 21.4321 1.6
      vertex 103.104 21.3036 2.83556
      vertex 103.095 21.4321 2.83556
    endloop
  endfacet
  facet normal -0.997851 -0.0655219 0.000454127
    outer loop
      vertex 103.235 19.3 1.6
      vertex 103.104 21.3036 2.83556
      vertex 103.095 21.4321 1.6
    endloop
  endfacet
  facet normal -0.997869 -0.065243 0
    outer loop
      vertex 103.104 21.3036 2.83556
      vertex 103.235 19.3 1.6
      vertex 103.235 19.3 2.83556
    endloop
  endfacet
  facet normal -0.555562 0.831475 0
    outer loop
      vertex 96.8441 6.34059 1.6
      vertex 95.1746 5.22509 2.83556
      vertex 96.8441 6.34059 2.83556
    endloop
  endfacet
  facet normal -0.555571 0.831469 -1.87328e-05
    outer loop
      vertex 95.0675 5.1535 1.6
      vertex 95.1746 5.22509 2.83556
      vertex 96.8441 6.34059 1.6
    endloop
  endfacet
  facet normal -0.555721 0.831369 0
    outer loop
      vertex 95.1746 5.22509 2.83556
      vertex 95.0675 5.1535 1.6
      vertex 95.0675 5.1535 2.83556
    endloop
  endfacet
  facet normal 0.195082 -0.980787 0
    outer loop
      vertex 82.6722 35.0784 1.6
      vertex 84.6415 35.4701 2.83556
      vertex 82.6722 35.0784 2.83556
    endloop
  endfacet
  facet normal 0.195063 -0.980791 3.08514e-05
    outer loop
      vertex 84.7679 35.4952 1.6
      vertex 84.6415 35.4701 2.83556
      vertex 82.6722 35.0784 1.6
    endloop
  endfacet
  facet normal 0.194773 -0.980848 0
    outer loop
      vertex 84.6415 35.4701 2.83556
      vertex 84.7679 35.4952 1.6
      vertex 84.7679 35.4952 2.83556
    endloop
  endfacet
  facet normal 0.946931 -0.321438 0
    outer loop
      vertex 71.163 23.6498 2.83556
      vertex 71.8084 25.5511 1.6
      vertex 71.8084 25.5511 2.83556
    endloop
  endfacet
  facet normal 0.946962 -0.321346 0
    outer loop
      vertex 71.1216 23.5278 1.6
      vertex 71.163 23.6498 2.83556
      vertex 71.1216 23.5278 2.83556
    endloop
  endfacet
  facet normal 0.946933 -0.321432 9.4621e-06
    outer loop
      vertex 71.163 23.6498 2.83556
      vertex 71.1216 23.5278 1.6
      vertex 71.8084 25.5511 1.6
    endloop
  endfacet
  facet normal 0 0 1
    outer loop
      vertex 103.095 21.4321 1.6
      vertex 103.095 17.1679 1.6
      vertex 103.235 19.3 1.6
    endloop
  endfacet
  facet normal 0 0 1
    outer loop
      vertex 102.678 23.5278 1.6
      vertex 103.095 17.1679 1.6
      vertex 103.095 21.4321 1.6
    endloop
  endfacet
  facet normal 0 0 1
    outer loop
      vertex 102.678 23.5278 1.6
      vertex 102.678 15.0722 1.6
      vertex 103.095 17.1679 1.6
    endloop
  endfacet
  facet normal 0 0 1
    outer loop
      vertex 101.992 25.5511 1.6
      vertex 102.678 15.0722 1.6
      vertex 102.678 23.5278 1.6
    endloop
  endfacet
  facet normal 0 0 1
    outer loop
      vertex 101.992 25.5511 1.6
      vertex 101.992 13.0489 1.6
      vertex 102.678 15.0722 1.6
    endloop
  endfacet
  facet normal 0 0 1
    outer loop
      vertex 101.047 27.4675 1.6
      vertex 101.992 13.0489 1.6
      vertex 101.992 25.5511 1.6
    endloop
  endfacet
  facet normal 0 0 1
    outer loop
      vertex 101.047 27.4675 1.6
      vertex 101.047 11.1325 1.6
      vertex 101.992 13.0489 1.6
    endloop
  endfacet
  facet normal 0 0 1
    outer loop
      vertex 99.8594 29.2441 1.6
      vertex 101.047 11.1325 1.6
      vertex 101.047 27.4675 1.6
    endloop
  endfacet
  facet normal 0 0 1
    outer loop
      vertex 99.8594 29.2441 1.6
      vertex 99.8594 9.3559 1.6
      vertex 101.047 11.1325 1.6
    endloop
  endfacet
  facet normal 0 0 1
    outer loop
      vertex 98.4506 30.8506 1.6
      vertex 99.8594 9.3559 1.6
      vertex 99.8594 29.2441 1.6
    endloop
  endfacet
  facet normal 0 0 1
    outer loop
      vertex 98.4506 30.8506 1.6
      vertex 98.4506 7.74943 1.6
      vertex 99.8594 9.3559 1.6
    endloop
  endfacet
  facet normal 0 0 1
    outer loop
      vertex 96.8441 32.2594 1.6
      vertex 98.4506 7.74943 1.6
      vertex 98.4506 30.8506 1.6
    endloop
  endfacet
  facet normal 0 0 1
    outer loop
      vertex 96.8441 32.2594 1.6
      vertex 96.8441 6.34059 1.6
      vertex 98.4506 7.74943 1.6
    endloop
  endfacet
  facet normal 0 0 1
    outer loop
      vertex 95.0675 33.4465 1.6
      vertex 96.8441 6.34059 1.6
      vertex 96.8441 32.2594 1.6
    endloop
  endfacet
  facet normal 0 0 1
    outer loop
      vertex 95.0675 33.4465 1.6
      vertex 95.0675 5.1535 1.6
      vertex 96.8441 6.34059 1.6
    endloop
  endfacet
  facet normal 0 0 1
    outer loop
      vertex 93.1511 34.3915 1.6
      vertex 95.0675 5.1535 1.6
      vertex 95.0675 33.4465 1.6
    endloop
  endfacet
  facet normal 0 0 1
    outer loop
      vertex 93.1511 34.3915 1.6
      vertex 93.1511 4.20845 1.6
      vertex 95.0675 5.1535 1.6
    endloop
  endfacet
  facet normal 0 0 1
    outer loop
      vertex 91.1278 35.0784 1.6
      vertex 93.1511 4.20845 1.6
      vertex 93.1511 34.3915 1.6
    endloop
  endfacet
  facet normal 0 0 1
    outer loop
      vertex 91.1278 35.0784 1.6
      vertex 91.1278 3.52163 1.6
      vertex 93.1511 4.20845 1.6
    endloop
  endfacet
  facet normal 0 0 1
    outer loop
      vertex 89.0321 35.4952 1.6
      vertex 91.1278 3.52163 1.6
      vertex 91.1278 35.0784 1.6
    endloop
  endfacet
  facet normal 0 0 1
    outer loop
      vertex 89.0321 35.4952 1.6
      vertex 89.0321 3.10477 1.6
      vertex 91.1278 3.52163 1.6
    endloop
  endfacet
  facet normal 0 0 1
    outer loop
      vertex 86.9 35.635 1.6
      vertex 89.0321 3.10477 1.6
      vertex 89.0321 35.4952 1.6
    endloop
  endfacet
  facet normal 0 0 1
    outer loop
      vertex 86.9 35.635 1.6
      vertex 86.9 2.96503 1.6
      vertex 89.0321 3.10477 1.6
    endloop
  endfacet
  facet normal -0 0 1
    outer loop
      vertex 84.7679 35.4952 1.6
      vertex 86.9 2.96503 1.6
      vertex 86.9 35.635 1.6
    endloop
  endfacet
  facet normal 0 0 1
    outer loop
      vertex 84.7679 35.4952 1.6
      vertex 84.7679 3.10477 1.6
      vertex 86.9 2.96503 1.6
    endloop
  endfacet
  facet normal -0 0 1
    outer loop
      vertex 82.6722 35.0784 1.6
      vertex 84.7679 3.10477 1.6
      vertex 84.7679 35.4952 1.6
    endloop
  endfacet
  facet normal 0 0 1
    outer loop
      vertex 82.6722 35.0784 1.6
      vertex 82.6722 3.52163 1.6
      vertex 84.7679 3.10477 1.6
    endloop
  endfacet
  facet normal -0 0 1
    outer loop
      vertex 80.6489 34.3915 1.6
      vertex 82.6722 3.52163 1.6
      vertex 82.6722 35.0784 1.6
    endloop
  endfacet
  facet normal 0 0 1
    outer loop
      vertex 80.6489 34.3915 1.6
      vertex 80.6489 4.20845 1.6
      vertex 82.6722 3.52163 1.6
    endloop
  endfacet
  facet normal -0 0 1
    outer loop
      vertex 78.7325 33.4465 1.6
      vertex 80.6489 4.20845 1.6
      vertex 80.6489 34.3915 1.6
    endloop
  endfacet
  facet normal 0 0 1
    outer loop
      vertex 78.7325 33.4465 1.6
      vertex 78.7325 5.1535 1.6
      vertex 80.6489 4.20845 1.6
    endloop
  endfacet
  facet normal -0 0 1
    outer loop
      vertex 76.9559 32.2594 1.6
      vertex 78.7325 5.1535 1.6
      vertex 78.7325 33.4465 1.6
    endloop
  endfacet
  facet normal 0 0 1
    outer loop
      vertex 76.9559 32.2594 1.6
      vertex 76.9559 6.34059 1.6
      vertex 78.7325 5.1535 1.6
    endloop
  endfacet
  facet normal -0 0 1
    outer loop
      vertex 75.3494 30.8506 1.6
      vertex 76.9559 6.34059 1.6
      vertex 76.9559 32.2594 1.6
    endloop
  endfacet
  facet normal 0 0 1
    outer loop
      vertex 75.3494 30.8506 1.6
      vertex 75.3494 7.74943 1.6
      vertex 76.9559 6.34059 1.6
    endloop
  endfacet
  facet normal -0 0 1
    outer loop
      vertex 73.9406 29.2441 1.6
      vertex 75.3494 7.74943 1.6
      vertex 75.3494 30.8506 1.6
    endloop
  endfacet
  facet normal 0 0 1
    outer loop
      vertex 73.9406 29.2441 1.6
      vertex 73.9406 9.3559 1.6
      vertex 75.3494 7.74943 1.6
    endloop
  endfacet
  facet normal -0 0 1
    outer loop
      vertex 72.7535 27.4675 1.6
      vertex 73.9406 9.3559 1.6
      vertex 73.9406 29.2441 1.6
    endloop
  endfacet
  facet normal 0 0 1
    outer loop
      vertex 72.7535 27.4675 1.6
      vertex 72.7535 11.1325 1.6
      vertex 73.9406 9.3559 1.6
    endloop
  endfacet
  facet normal -0 0 1
    outer loop
      vertex 71.8084 25.5511 1.6
      vertex 72.7535 11.1325 1.6
      vertex 72.7535 27.4675 1.6
    endloop
  endfacet
  facet normal 0 0 1
    outer loop
      vertex 71.8084 25.5511 1.6
      vertex 71.8084 13.0489 1.6
      vertex 72.7535 11.1325 1.6
    endloop
  endfacet
  facet normal -0 0 1
    outer loop
      vertex 71.1216 23.5278 1.6
      vertex 71.8084 13.0489 1.6
      vertex 71.8084 25.5511 1.6
    endloop
  endfacet
  facet normal 0 0 1
    outer loop
      vertex 71.1216 23.5278 1.6
      vertex 71.1216 15.0722 1.6
      vertex 71.8084 13.0489 1.6
    endloop
  endfacet
  facet normal -0 0 1
    outer loop
      vertex 70.7048 21.4321 1.6
      vertex 71.1216 15.0722 1.6
      vertex 71.1216 23.5278 1.6
    endloop
  endfacet
  facet normal 0 0 1
    outer loop
      vertex 70.7048 21.4321 1.6
      vertex 70.7048 17.1679 1.6
      vertex 71.1216 15.0722 1.6
    endloop
  endfacet
  facet normal 0 -0 1
    outer loop
      vertex 70.7048 17.1679 1.6
      vertex 70.7048 21.4321 1.6
      vertex 70.565 19.3 1.6
    endloop
  endfacet
  facet normal 0.442286 0.896874 -0
    outer loop
      vertex 80.6489 4.20845 1.6
      vertex 78.8481 5.0965 2.83556
      vertex 80.6489 4.20845 2.83556
    endloop
  endfacet
  facet normal 0.442283 0.896875 -4.91651e-06
    outer loop
      vertex 78.7325 5.1535 1.6
      vertex 78.8481 5.0965 2.83556
      vertex 80.6489 4.20845 1.6
    endloop
  endfacet
  facet normal 0.442241 0.896896 0
    outer loop
      vertex 78.8481 5.0965 2.83556
      vertex 78.7325 5.1535 1.6
      vertex 78.7325 5.1535 2.83556
    endloop
  endfacet
  facet normal 0.321482 -0.946916 0
    outer loop
      vertex 80.6489 34.3915 1.6
      vertex 82.5502 35.037 2.83556
      vertex 80.6489 34.3915 2.83556
    endloop
  endfacet
  facet normal 0.321474 -0.946918 1.40831e-05
    outer loop
      vertex 82.6722 35.0784 1.6
      vertex 82.5502 35.037 2.83556
      vertex 80.6489 34.3915 1.6
    endloop
  endfacet
  facet normal 0.321346 -0.946962 0
    outer loop
      vertex 82.5502 35.037 2.83556
      vertex 82.6722 35.0784 1.6
      vertex 82.6722 35.0784 2.83556
    endloop
  endfacet
  facet normal 0.0654017 0.997859 -0
    outer loop
      vertex 86.9 2.96503 1.6
      vertex 84.8964 3.09635 2.83556
      vertex 86.9 2.96503 2.83556
    endloop
  endfacet
  facet normal 0.0654007 0.997859 -1.63182e-06
    outer loop
      vertex 84.7679 3.10477 1.6
      vertex 84.8964 3.09635 2.83556
      vertex 86.9 2.96503 1.6
    endloop
  endfacet
  facet normal 0.0653851 0.99786 0
    outer loop
      vertex 84.8964 3.09635 2.83556
      vertex 84.7679 3.10477 1.6
      vertex 84.7679 3.10477 2.83556
    endloop
  endfacet
  facet normal 0.442241 -0.896896 0
    outer loop
      vertex 78.7325 33.4465 1.6
      vertex 78.8481 33.5035 2.83556
      vertex 78.7325 33.4465 2.83556
    endloop
  endfacet
  facet normal 0.442265 -0.896885 -2.72721e-06
    outer loop
      vertex 80.6489 34.3915 1.6
      vertex 78.8481 33.5035 2.83556
      vertex 78.7325 33.4465 1.6
    endloop
  endfacet
  facet normal 0.442266 -0.896884 0
    outer loop
      vertex 78.8481 33.5035 2.83556
      vertex 80.6489 34.3915 1.6
      vertex 80.6489 34.3915 2.83556
    endloop
  endfacet
  facet normal -0.195091 0.980785 0
    outer loop
      vertex 91.1278 3.52163 1.6
      vertex 89.1585 3.12991 2.83556
      vertex 91.1278 3.52163 2.83556
    endloop
  endfacet
  facet normal -0.19509 0.980785 1.9719e-06
    outer loop
      vertex 89.0321 3.10477 1.6
      vertex 89.1585 3.12991 2.83556
      vertex 91.1278 3.52163 1.6
    endloop
  endfacet
  facet normal -0.195071 0.980789 0
    outer loop
      vertex 89.1585 3.12991 2.83556
      vertex 89.0321 3.10477 1.6
      vertex 89.0321 3.10477 2.83556
    endloop
  endfacet
  facet normal -0.752144 -0.658999 0
    outer loop
      vertex 98.4506 30.8506 1.6
      vertex 98.5355 30.7537 2.83556
      vertex 98.4506 30.8506 2.83556
    endloop
  endfacet
  facet normal -0.751854 -0.659329 -4.57834e-05
    outer loop
      vertex 99.8594 29.2441 1.6
      vertex 98.5355 30.7537 2.83556
      vertex 98.4506 30.8506 1.6
    endloop
  endfacet
  facet normal -0.751836 -0.65935 0
    outer loop
      vertex 98.5355 30.7537 2.83556
      vertex 99.8594 29.2441 1.6
      vertex 99.8594 29.2441 2.83556
    endloop
  endfacet
  facet normal 0.980848 0.194773 0
    outer loop
      vertex 70.7299 17.0415 2.83556
      vertex 70.7048 17.1679 1.6
      vertex 70.7048 17.1679 2.83556
    endloop
  endfacet
  facet normal 0.980787 0.195082 -0
    outer loop
      vertex 71.1216 15.0722 1.6
      vertex 70.7299 17.0415 2.83556
      vertex 71.1216 15.0722 2.83556
    endloop
  endfacet
  facet normal 0.980791 0.195063 3.08514e-05
    outer loop
      vertex 70.7299 17.0415 2.83556
      vertex 71.1216 15.0722 1.6
      vertex 70.7048 17.1679 1.6
    endloop
  endfacet
  facet normal 0.195071 0.980789 0
    outer loop
      vertex 84.7679 3.10477 2.83556
      vertex 84.7679 3.10477 1.6
      vertex 84.6415 3.12991 2.83556
    endloop
  endfacet
  facet normal 0.19509 0.980785 1.9719e-06
    outer loop
      vertex 82.6722 3.52163 1.6
      vertex 84.6415 3.12991 2.83556
      vertex 84.7679 3.10477 1.6
    endloop
  endfacet
  facet normal 0.195091 0.980785 0
    outer loop
      vertex 84.6415 3.12991 2.83556
      vertex 82.6722 3.52163 1.6
      vertex 82.6722 3.52163 2.83556
    endloop
  endfacet
  facet normal 0.896896 -0.442241 0
    outer loop
      vertex 72.6965 27.3519 2.83556
      vertex 72.7535 27.4675 1.6
      vertex 72.7535 27.4675 2.83556
    endloop
  endfacet
  facet normal 0.896864 -0.442306 0
    outer loop
      vertex 71.8084 25.5511 1.6
      vertex 72.6965 27.3519 2.83556
      vertex 71.8084 25.5511 2.83556
    endloop
  endfacet
  facet normal 0.896866 -0.442302 -7.10576e-06
    outer loop
      vertex 72.6965 27.3519 2.83556
      vertex 71.8084 25.5511 1.6
      vertex 72.7535 27.4675 1.6
    endloop
  endfacet
  facet normal 0.946962 0.321346 0
    outer loop
      vertex 71.163 14.9502 2.83556
      vertex 71.1216 15.0722 1.6
      vertex 71.1216 15.0722 2.83556
    endloop
  endfacet
  facet normal 0.946931 0.321438 -0
    outer loop
      vertex 71.8084 13.0489 1.6
      vertex 71.163 14.9502 2.83556
      vertex 71.8084 13.0489 2.83556
    endloop
  endfacet
  facet normal 0.946933 0.321432 9.4621e-06
    outer loop
      vertex 71.163 14.9502 2.83556
      vertex 71.8084 13.0489 1.6
      vertex 71.1216 15.0722 1.6
    endloop
  endfacet
  facet normal 0.658999 -0.752144 0
    outer loop
      vertex 75.3494 30.8506 2.83556
      vertex 75.3494 30.8506 1.6
      vertex 75.4463 30.9355 2.83556
    endloop
  endfacet
  facet normal 0.659329 -0.751854 -4.57834e-05
    outer loop
      vertex 76.9559 32.2594 1.6
      vertex 75.4463 30.9355 2.83556
      vertex 75.3494 30.8506 1.6
    endloop
  endfacet
  facet normal 0.65935 -0.751836 0
    outer loop
      vertex 75.4463 30.9355 2.83556
      vertex 76.9559 32.2594 1.6
      vertex 76.9559 32.2594 2.83556
    endloop
  endfacet
  facet normal -0.997869 0.065243 0
    outer loop
      vertex 103.235 19.3 1.6
      vertex 103.104 17.2964 2.83556
      vertex 103.235 19.3 2.83556
    endloop
  endfacet
  facet normal -0.997851 0.0655219 0.000454127
    outer loop
      vertex 103.095 17.1679 1.6
      vertex 103.104 17.2964 2.83556
      vertex 103.235 19.3 1.6
    endloop
  endfacet
  facet normal -0.997556 0.0698678 0
    outer loop
      vertex 103.104 17.2964 2.83556
      vertex 103.095 17.1679 1.6
      vertex 103.095 17.1679 2.83556
    endloop
  endfacet
  facet normal -0.829898 0.557915 0
    outer loop
      vertex 101.047 11.1325 1.6
      vertex 100.975 11.0254 2.83556
      vertex 101.047 11.1325 2.83556
    endloop
  endfacet
  facet normal -0.831358 0.555736 -0.000273916
    outer loop
      vertex 99.8594 9.3559 1.6
      vertex 100.975 11.0254 2.83556
      vertex 101.047 11.1325 1.6
    endloop
  endfacet
  facet normal -0.831452 0.555596 0
    outer loop
      vertex 100.975 11.0254 2.83556
      vertex 99.8594 9.3559 1.6
      vertex 99.8594 9.3559 2.83556
    endloop
  endfacet
  facet normal -0.831452 -0.555596 0
    outer loop
      vertex 99.8594 29.2441 1.6
      vertex 100.975 27.5746 2.83556
      vertex 99.8594 29.2441 2.83556
    endloop
  endfacet
  facet normal -0.831358 -0.555736 -0.000273916
    outer loop
      vertex 101.047 27.4675 1.6
      vertex 100.975 27.5746 2.83556
      vertex 99.8594 29.2441 1.6
    endloop
  endfacet
  facet normal -0.829898 -0.557915 0
    outer loop
      vertex 100.975 27.5746 2.83556
      vertex 101.047 27.4675 1.6
      vertex 101.047 27.4675 2.83556
    endloop
  endfacet
  facet normal -0.0653851 0.99786 0
    outer loop
      vertex 89.0321 3.10477 2.83556
      vertex 89.0321 3.10477 1.6
      vertex 88.9036 3.09635 2.83556
    endloop
  endfacet
  facet normal -0.0654007 0.997859 -1.63182e-06
    outer loop
      vertex 86.9 2.96503 1.6
      vertex 88.9036 3.09635 2.83556
      vertex 89.0321 3.10477 1.6
    endloop
  endfacet
  facet normal -0.0654017 0.997859 0
    outer loop
      vertex 88.9036 3.09635 2.83556
      vertex 86.9 2.96503 1.6
      vertex 86.9 2.96503 2.83556
    endloop
  endfacet
  facet normal 0.831333 0.555775 0
    outer loop
      vertex 72.8251 11.0254 2.83556
      vertex 72.7535 11.1325 1.6
      vertex 72.7535 11.1325 2.83556
    endloop
  endfacet
  facet normal 0.831475 0.555562 -0
    outer loop
      vertex 73.9406 9.3559 1.6
      vertex 72.8251 11.0254 2.83556
      vertex 73.9406 9.3559 2.83556
    endloop
  endfacet
  facet normal 0.831467 0.555575 -2.50565e-05
    outer loop
      vertex 72.8251 11.0254 2.83556
      vertex 73.9406 9.3559 1.6
      vertex 72.7535 11.1325 1.6
    endloop
  endfacet
  facet normal -0.946991 -0.321259 0
    outer loop
      vertex 101.992 25.5511 1.6
      vertex 102.637 23.6498 2.83556
      vertex 101.992 25.5511 2.83556
    endloop
  endfacet
  facet normal -0.947047 -0.321096 0.000279086
    outer loop
      vertex 102.678 23.5278 1.6
      vertex 102.637 23.6498 2.83556
      vertex 101.992 25.5511 1.6
    endloop
  endfacet
  facet normal -0.947903 -0.318558 0
    outer loop
      vertex 102.637 23.6498 2.83556
      vertex 102.678 23.5278 1.6
      vertex 102.678 23.5278 2.83556
    endloop
  endfacet
  facet normal -0.442266 -0.896884 0
    outer loop
      vertex 93.1511 34.3915 1.6
      vertex 94.9519 33.5035 2.83556
      vertex 93.1511 34.3915 2.83556
    endloop
  endfacet
  facet normal -0.442265 -0.896885 -2.72721e-06
    outer loop
      vertex 95.0675 33.4465 1.6
      vertex 94.9519 33.5035 2.83556
      vertex 93.1511 34.3915 1.6
    endloop
  endfacet
  facet normal -0.442241 -0.896896 0
    outer loop
      vertex 94.9519 33.5035 2.83556
      vertex 95.0675 33.4465 1.6
      vertex 95.0675 33.4465 2.83556
    endloop
  endfacet
  facet normal -0.555775 -0.831333 -0
    outer loop
      vertex 95.0675 33.4465 2.83556
      vertex 95.0675 33.4465 1.6
      vertex 95.1746 33.3749 2.83556
    endloop
  endfacet
  facet normal -0.555575 -0.831467 -2.50565e-05
    outer loop
      vertex 96.8441 32.2594 1.6
      vertex 95.1746 33.3749 2.83556
      vertex 95.0675 33.4465 1.6
    endloop
  endfacet
  facet normal -0.555562 -0.831475 0
    outer loop
      vertex 95.1746 33.3749 2.83556
      vertex 96.8441 32.2594 1.6
      vertex 96.8441 32.2594 2.83556
    endloop
  endfacet
  facet normal -0.947903 0.318558 0
    outer loop
      vertex 102.678 15.0722 1.6
      vertex 102.637 14.9502 2.83556
      vertex 102.678 15.0722 2.83556
    endloop
  endfacet
  facet normal -0.947047 0.321096 0.000279086
    outer loop
      vertex 101.992 13.0489 1.6
      vertex 102.637 14.9502 2.83556
      vertex 102.678 15.0722 1.6
    endloop
  endfacet
  facet normal -0.946991 0.321259 0
    outer loop
      vertex 102.637 14.9502 2.83556
      vertex 101.992 13.0489 1.6
      vertex 101.992 13.0489 2.83556
    endloop
  endfacet
  facet normal 0.0660036 -0.997819 0
    outer loop
      vertex 84.7679 35.4952 2.83556
      vertex 84.7679 35.4952 1.6
      vertex 84.8964 35.5037 2.83556
    endloop
  endfacet
  facet normal 0.0654287 -0.997857 6.00569e-05
    outer loop
      vertex 86.9 35.635 1.6
      vertex 84.8964 35.5037 2.83556
      vertex 84.7679 35.4952 1.6
    endloop
  endfacet
  facet normal 0.0653918 -0.99786 0
    outer loop
      vertex 84.8964 35.5037 2.83556
      vertex 86.9 35.635 1.6
      vertex 86.9 35.635 2.83556
    endloop
  endfacet
  facet normal 0.997856 0.0654414 0
    outer loop
      vertex 70.6964 17.2964 2.83556
      vertex 70.565 19.3 1.6
      vertex 70.565 19.3 2.83556
    endloop
  endfacet
  facet normal 0.99787 0.0652304 -0
    outer loop
      vertex 70.7048 17.1679 1.6
      vertex 70.6964 17.2964 2.83556
      vertex 70.7048 17.1679 2.83556
    endloop
  endfacet
  facet normal 0.997857 0.0654287 -2.07046e-05
    outer loop
      vertex 70.6964 17.2964 2.83556
      vertex 70.7048 17.1679 1.6
      vertex 70.565 19.3 1.6
    endloop
  endfacet
  facet normal 0.659345 0.751841 -0
    outer loop
      vertex 76.9559 6.34059 1.6
      vertex 75.4463 7.66447 2.83556
      vertex 76.9559 6.34059 2.83556
    endloop
  endfacet
  facet normal 0.65934 0.751845 -1.07406e-05
    outer loop
      vertex 75.3494 7.74943 1.6
      vertex 75.4463 7.66447 2.83556
      vertex 76.9559 6.34059 1.6
    endloop
  endfacet
  facet normal 0.659262 0.751913 0
    outer loop
      vertex 75.4463 7.66447 2.83556
      vertex 75.3494 7.74943 1.6
      vertex 75.3494 7.74943 2.83556
    endloop
  endfacet
  facet normal 0.980787 -0.195082 0
    outer loop
      vertex 70.7299 21.5585 2.83556
      vertex 71.1216 23.5278 1.6
      vertex 71.1216 23.5278 2.83556
    endloop
  endfacet
  facet normal 0.980848 -0.194773 0
    outer loop
      vertex 70.7048 21.4321 1.6
      vertex 70.7299 21.5585 2.83556
      vertex 70.7048 21.4321 2.83556
    endloop
  endfacet
  facet normal 0.980791 -0.195063 3.08514e-05
    outer loop
      vertex 70.7299 21.5585 2.83556
      vertex 70.7048 21.4321 1.6
      vertex 71.1216 23.5278 1.6
    endloop
  endfacet
  facet normal -0.899962 -0.435968 0
    outer loop
      vertex 101.047 27.4675 1.6
      vertex 101.103 27.3519 2.83556
      vertex 101.047 27.4675 2.83556
    endloop
  endfacet
  facet normal -0.896884 -0.442265 -0.00072862
    outer loop
      vertex 101.992 25.5511 1.6
      vertex 101.103 27.3519 2.83556
      vertex 101.047 27.4675 1.6
    endloop
  endfacet
  facet normal -0.896686 -0.442667 0
    outer loop
      vertex 101.103 27.3519 2.83556
      vertex 101.992 25.5511 1.6
      vertex 101.992 25.5511 2.83556
    endloop
  endfacet
  facet normal 0.896864 0.442306 0
    outer loop
      vertex 72.6965 11.2481 2.83556
      vertex 71.8084 13.0489 1.6
      vertex 71.8084 13.0489 2.83556
    endloop
  endfacet
  facet normal 0.896896 0.442241 -0
    outer loop
      vertex 72.7535 11.1325 1.6
      vertex 72.6965 11.2481 2.83556
      vertex 72.7535 11.1325 2.83556
    endloop
  endfacet
  facet normal 0.896866 0.442302 -7.10576e-06
    outer loop
      vertex 72.6965 11.2481 2.83556
      vertex 72.7535 11.1325 1.6
      vertex 71.8084 13.0489 1.6
    endloop
  endfacet
  facet normal 0.752144 -0.658999 0
    outer loop
      vertex 75.2645 30.7537 2.83556
      vertex 75.3494 30.8506 1.6
      vertex 75.3494 30.8506 2.83556
    endloop
  endfacet
  facet normal 0.751836 -0.65935 0
    outer loop
      vertex 73.9406 29.2441 1.6
      vertex 75.2645 30.7537 2.83556
      vertex 73.9406 29.2441 2.83556
    endloop
  endfacet
  facet normal 0.751854 -0.659329 -4.57834e-05
    outer loop
      vertex 75.2645 30.7537 2.83556
      vertex 73.9406 29.2441 1.6
      vertex 75.3494 30.8506 1.6
    endloop
  endfacet
  facet normal 0.555562 -0.831475 0
    outer loop
      vertex 76.9559 32.2594 1.6
      vertex 78.6254 33.3749 2.83556
      vertex 76.9559 32.2594 2.83556
    endloop
  endfacet
  facet normal 0.555575 -0.831467 -2.50565e-05
    outer loop
      vertex 78.7325 33.4465 1.6
      vertex 78.6254 33.3749 2.83556
      vertex 76.9559 32.2594 1.6
    endloop
  endfacet
  facet normal 0.555775 -0.831333 0
    outer loop
      vertex 78.6254 33.3749 2.83556
      vertex 78.7325 33.4465 1.6
      vertex 78.7325 33.4465 2.83556
    endloop
  endfacet
  facet normal 0.321485 0.946915 0
    outer loop
      vertex 82.6722 3.52163 2.83556
      vertex 82.6722 3.52163 1.6
      vertex 82.5502 3.56305 2.83556
    endloop
  endfacet
  facet normal 0.32144 0.94693 -4.94164e-06
    outer loop
      vertex 80.6489 4.20845 1.6
      vertex 82.5502 3.56305 2.83556
      vertex 82.6722 3.52163 1.6
    endloop
  endfacet
  facet normal 0.321438 0.946931 0
    outer loop
      vertex 82.5502 3.56305 2.83556
      vertex 80.6489 4.20845 1.6
      vertex 80.6489 4.20845 2.83556
    endloop
  endfacet
  facet normal -0.896686 0.442667 0
    outer loop
      vertex 101.992 13.0489 1.6
      vertex 101.103 11.2481 2.83556
      vertex 101.992 13.0489 2.83556
    endloop
  endfacet
  facet normal -0.896884 0.442265 -0.00072862
    outer loop
      vertex 101.047 11.1325 1.6
      vertex 101.103 11.2481 2.83556
      vertex 101.992 13.0489 1.6
    endloop
  endfacet
  facet normal -0.899962 0.435968 0
    outer loop
      vertex 101.103 11.2481 2.83556
      vertex 101.047 11.1325 1.6
      vertex 101.047 11.1325 2.83556
    endloop
  endfacet
  facet normal -0.65935 -0.751836 0
    outer loop
      vertex 96.8441 32.2594 1.6
      vertex 98.3537 30.9355 2.83556
      vertex 96.8441 32.2594 2.83556
    endloop
  endfacet
  facet normal -0.659329 -0.751854 -4.57834e-05
    outer loop
      vertex 98.4506 30.8506 1.6
      vertex 98.3537 30.9355 2.83556
      vertex 96.8441 32.2594 1.6
    endloop
  endfacet
  facet normal -0.658999 -0.752144 0
    outer loop
      vertex 98.3537 30.9355 2.83556
      vertex 98.4506 30.8506 1.6
      vertex 98.4506 30.8506 2.83556
    endloop
  endfacet
  facet normal -0.980996 0.194026 0
    outer loop
      vertex 103.095 17.1679 1.6
      vertex 103.07 17.0415 2.83556
      vertex 103.095 17.1679 2.83556
    endloop
  endfacet
  facet normal -0.980773 0.195153 0.000119805
    outer loop
      vertex 102.678 15.0722 1.6
      vertex 103.07 17.0415 2.83556
      vertex 103.095 17.1679 1.6
    endloop
  endfacet
  facet normal -0.980758 0.195225 0
    outer loop
      vertex 103.07 17.0415 2.83556
      vertex 102.678 15.0722 1.6
      vertex 102.678 15.0722 2.83556
    endloop
  endfacet
  facet normal -0.659262 0.751913 0
    outer loop
      vertex 98.4506 7.74943 2.83556
      vertex 98.4506 7.74943 1.6
      vertex 98.3537 7.66447 2.83556
    endloop
  endfacet
  facet normal -0.65934 0.751845 -1.07406e-05
    outer loop
      vertex 96.8441 6.34059 1.6
      vertex 98.3537 7.66447 2.83556
      vertex 98.4506 7.74943 1.6
    endloop
  endfacet
  facet normal -0.659345 0.751841 0
    outer loop
      vertex 98.3537 7.66447 2.83556
      vertex 96.8441 6.34059 1.6
      vertex 96.8441 6.34059 2.83556
    endloop
  endfacet
  facet normal -0.321346 -0.946962 -0
    outer loop
      vertex 91.1278 35.0784 2.83556
      vertex 91.1278 35.0784 1.6
      vertex 91.2498 35.037 2.83556
    endloop
  endfacet
  facet normal -0.321474 -0.946918 1.40831e-05
    outer loop
      vertex 93.1511 34.3915 1.6
      vertex 91.2498 35.037 2.83556
      vertex 91.1278 35.0784 1.6
    endloop
  endfacet
  facet normal -0.321482 -0.946916 0
    outer loop
      vertex 91.2498 35.037 2.83556
      vertex 93.1511 34.3915 1.6
      vertex 93.1511 34.3915 2.83556
    endloop
  endfacet
  facet normal -0.321438 0.946931 0
    outer loop
      vertex 93.1511 4.20845 1.6
      vertex 91.2498 3.56305 2.83556
      vertex 93.1511 4.20845 2.83556
    endloop
  endfacet
  facet normal -0.32144 0.94693 -4.94164e-06
    outer loop
      vertex 91.1278 3.52163 1.6
      vertex 91.2498 3.56305 2.83556
      vertex 93.1511 4.20845 1.6
    endloop
  endfacet
  facet normal -0.321485 0.946915 0
    outer loop
      vertex 91.2498 3.56305 2.83556
      vertex 91.1278 3.52163 1.6
      vertex 91.1278 3.52163 2.83556
    endloop
  endfacet
  facet normal -0.442241 0.896896 0
    outer loop
      vertex 95.0675 5.1535 1.6
      vertex 94.9519 5.0965 2.83556
      vertex 95.0675 5.1535 2.83556
    endloop
  endfacet
  facet normal -0.442283 0.896875 -4.91651e-06
    outer loop
      vertex 93.1511 4.20845 1.6
      vertex 94.9519 5.0965 2.83556
      vertex 95.0675 5.1535 1.6
    endloop
  endfacet
  facet normal -0.442286 0.896874 0
    outer loop
      vertex 94.9519 5.0965 2.83556
      vertex 93.1511 4.20845 1.6
      vertex 93.1511 4.20845 2.83556
    endloop
  endfacet
  facet normal -0.0653918 -0.99786 0
    outer loop
      vertex 86.9 35.635 1.6
      vertex 88.9036 35.5037 2.83556
      vertex 86.9 35.635 2.83556
    endloop
  endfacet
  facet normal -0.0654287 -0.997857 6.00569e-05
    outer loop
      vertex 89.0321 35.4952 1.6
      vertex 88.9036 35.5037 2.83556
      vertex 86.9 35.635 1.6
    endloop
  endfacet
  facet normal -0.0660036 -0.997819 0
    outer loop
      vertex 88.9036 35.5037 2.83556
      vertex 89.0321 35.4952 1.6
      vertex 89.0321 35.4952 2.83556
    endloop
  endfacet
  facet normal 0.751834 0.659353 0
    outer loop
      vertex 75.2645 7.84631 2.83556
      vertex 73.9406 9.3559 1.6
      vertex 73.9406 9.3559 2.83556
    endloop
  endfacet
  facet normal 0.752076 0.659076 -0
    outer loop
      vertex 75.3494 7.74943 1.6
      vertex 75.2645 7.84631 2.83556
      vertex 75.3494 7.74943 2.83556
    endloop
  endfacet
  facet normal 0.751848 0.659336 -3.60759e-05
    outer loop
      vertex 75.2645 7.84631 2.83556
      vertex 75.3494 7.74943 1.6
      vertex 73.9406 9.3559 1.6
    endloop
  endfacet
  facet normal 0.555721 0.831369 0
    outer loop
      vertex 78.7325 5.1535 2.83556
      vertex 78.7325 5.1535 1.6
      vertex 78.6254 5.22509 2.83556
    endloop
  endfacet
  facet normal 0.555571 0.831469 -1.87328e-05
    outer loop
      vertex 76.9559 6.34059 1.6
      vertex 78.6254 5.22509 2.83556
      vertex 78.7325 5.1535 1.6
    endloop
  endfacet
  facet normal 0.555562 0.831475 0
    outer loop
      vertex 78.6254 5.22509 2.83556
      vertex 76.9559 6.34059 1.6
      vertex 76.9559 6.34059 2.83556
    endloop
  endfacet
  facet normal -0.194773 -0.980848 -0
    outer loop
      vertex 89.0321 35.4952 2.83556
      vertex 89.0321 35.4952 1.6
      vertex 89.1585 35.4701 2.83556
    endloop
  endfacet
  facet normal -0.195063 -0.980791 3.08514e-05
    outer loop
      vertex 91.1278 35.0784 1.6
      vertex 89.1585 35.4701 2.83556
      vertex 89.0321 35.4952 1.6
    endloop
  endfacet
  facet normal -0.195082 -0.980787 0
    outer loop
      vertex 89.1585 35.4701 2.83556
      vertex 91.1278 35.0784 1.6
      vertex 91.1278 35.0784 2.83556
    endloop
  endfacet
  facet normal 0.99787 -0.0652304 0
    outer loop
      vertex 70.6964 21.3036 2.83556
      vertex 70.7048 21.4321 1.6
      vertex 70.7048 21.4321 2.83556
    endloop
  endfacet
  facet normal 0.997856 -0.0654414 0
    outer loop
      vertex 70.565 19.3 1.6
      vertex 70.6964 21.3036 2.83556
      vertex 70.565 19.3 2.83556
    endloop
  endfacet
  facet normal 0.997857 -0.0654287 -2.07046e-05
    outer loop
      vertex 70.6964 21.3036 2.83556
      vertex 70.565 19.3 1.6
      vertex 70.7048 21.4321 1.6
    endloop
  endfacet
  facet normal 0.831475 -0.555562 0
    outer loop
      vertex 72.8251 27.5746 2.83556
      vertex 73.9406 29.2441 1.6
      vertex 73.9406 29.2441 2.83556
    endloop
  endfacet
  facet normal 0.831333 -0.555775 0
    outer loop
      vertex 72.7535 27.4675 1.6
      vertex 72.8251 27.5746 2.83556
      vertex 72.7535 27.4675 2.83556
    endloop
  endfacet
  facet normal 0.831467 -0.555575 -2.50565e-05
    outer loop
      vertex 72.8251 27.5746 2.83556
      vertex 72.7535 27.4675 1.6
      vertex 73.9406 29.2441 1.6
    endloop
  endfacet
  facet normal -0.751834 0.659353 0
    outer loop
      vertex 99.8594 9.3559 1.6
      vertex 98.5355 7.84631 2.83556
      vertex 99.8594 9.3559 2.83556
    endloop
  endfacet
  facet normal -0.751848 0.659336 -3.60759e-05
    outer loop
      vertex 98.4506 7.74943 1.6
      vertex 98.5355 7.84631 2.83556
      vertex 99.8594 9.3559 1.6
    endloop
  endfacet
  facet normal -0.752076 0.659076 0
    outer loop
      vertex 98.5355 7.84631 2.83556
      vertex 98.4506 7.74943 1.6
      vertex 98.4506 7.74943 2.83556
    endloop
  endfacet
  facet normal -0.712093 -0.0465583 0.700539
    outer loop
      vertex 103.235 19.3 2.83556
      vertex 103.788 19.3349 3.4
      vertex 103.104 21.3036 2.83556
    endloop
  endfacet
  facet normal -0.71245 -0.0408281 0.700534
    outer loop
      vertex 103.788 19.3349 3.4
      vertex 103.235 19.3 2.83556
      vertex 103.79 19.3 3.4
    endloop
  endfacet
  facet normal 0.536559 -0.470555 0.700487
    outer loop
      vertex 73.5232 29.6084 3.4
      vertex 73.9406 29.2441 2.83556
      vertex 75.2645 30.7537 2.83556
    endloop
  endfacet
  facet normal 0.536203 -0.470962 0.700486
    outer loop
      vertex 73.9406 29.2441 2.83556
      vertex 73.5232 29.6084 3.4
      vertex 73.5001 29.5821 3.4
    endloop
  endfacet
  facet normal -0.676016 0.227186 0.700991
    outer loop
      vertex 102.637 14.9502 2.83556
      vertex 103.215 14.9285 3.4
      vertex 102.678 15.0722 2.83556
    endloop
  endfacet
  facet normal -0.675618 0.229362 0.700667
    outer loop
      vertex 103.215 14.9285 3.4
      vertex 102.637 14.9502 2.83556
      vertex 102.516 12.8695 3.4
    endloop
  endfacet
  facet normal 0.139232 0.699964 0.700474
    outer loop
      vertex 82.6722 3.52163 2.83556
      vertex 82.5628 2.97854 3.4
      vertex 84.6415 3.12991 2.83556
    endloop
  endfacet
  facet normal 0.138982 0.700014 0.700474
    outer loop
      vertex 82.5628 2.97854 3.4
      vertex 82.6722 3.52163 2.83556
      vertex 82.5285 2.98535 3.4
    endloop
  endfacet
  facet normal 0.712132 -0.0469314 0.700475
    outer loop
      vertex 70.565 19.3 2.83556
      vertex 70.0121 19.3349 3.4
      vertex 70.0098 19.3 3.4
    endloop
  endfacet
  facet normal 0.712147 -0.046704 0.700475
    outer loop
      vertex 70.0121 19.3349 3.4
      vertex 70.565 19.3 2.83556
      vertex 70.6964 21.3036 2.83556
    endloop
  endfacet
  facet normal -0.229293 0.675833 0.700482
    outer loop
      vertex 93.1511 4.20845 2.83556
      vertex 93.3305 3.68429 3.4
      vertex 93.3636 3.69552 3.4
    endloop
  endfacet
  facet normal -0.2294 0.675796 0.700482
    outer loop
      vertex 93.3305 3.68429 3.4
      vertex 93.1511 4.20845 2.83556
      vertex 91.2498 3.56305 2.83556
    endloop
  endfacet
  facet normal 0.0469314 -0.712132 0.700475
    outer loop
      vertex 86.8651 36.1879 3.4
      vertex 86.9 35.635 2.83556
      vertex 86.9 36.1902 3.4
    endloop
  endfacet
  facet normal 0.0466686 -0.712149 0.700475
    outer loop
      vertex 86.9 35.635 2.83556
      vertex 86.8651 36.1879 3.4
      vertex 84.8964 35.5037 2.83556
    endloop
  endfacet
  facet normal -0.592684 -0.398443 0.699978
    outer loop
      vertex 101.527 27.7451 3.4
      vertex 100.975 27.5746 2.83556
      vertex 101.047 27.4675 2.83556
    endloop
  endfacet
  facet normal -0.59356 -0.396604 0.70028
    outer loop
      vertex 100.975 27.5746 2.83556
      vertex 101.527 27.7451 3.4
      vertex 100.319 29.553 3.4
    endloop
  endfacet
  facet normal -0.536532 0.470601 0.700477
    outer loop
      vertex 98.5355 7.84631 2.83556
      vertex 98.8431 7.35685 3.4
      vertex 100.277 8.99164 3.4
    endloop
  endfacet
  facet normal -0.536772 0.470396 0.700431
    outer loop
      vertex 98.8431 7.35685 3.4
      vertex 98.5355 7.84631 2.83556
      vertex 98.4506 7.74943 2.83556
    endloop
  endfacet
  facet normal -0.229401 0.675791 0.700486
    outer loop
      vertex 91.2498 3.56305 2.83556
      vertex 91.2715 2.98535 3.4
      vertex 93.3305 3.68429 3.4
    endloop
  endfacet
  facet normal -0.229435 0.675785 0.700481
    outer loop
      vertex 91.2715 2.98535 3.4
      vertex 91.2498 3.56305 2.83556
      vertex 91.1278 3.52163 2.83556
    endloop
  endfacet
  facet normal 0.69996 0.138995 0.700526
    outer loop
      vertex 70.1543 17.0954 3.4
      vertex 70.7299 17.0415 2.83556
      vertex 70.7048 17.1679 2.83556
    endloop
  endfacet
  facet normal 0.699948 0.139228 0.700492
    outer loop
      vertex 70.7299 17.0415 2.83556
      vertex 70.1543 17.0954 3.4
      vertex 70.5785 14.9628 3.4
    endloop
  endfacet
  facet normal 0.536811 -0.470333 0.700443
    outer loop
      vertex 74.9568 31.2431 3.4
      vertex 75.2645 30.7537 2.83556
      vertex 75.3494 30.8506 2.83556
    endloop
  endfacet
  facet normal 0.536557 -0.47055 0.700492
    outer loop
      vertex 75.2645 30.7537 2.83556
      vertex 74.9568 31.2431 3.4
      vertex 73.5232 29.6084 3.4
    endloop
  endfacet
  facet normal 0.640097 0.315619 0.700472
    outer loop
      vertex 72.6965 11.2481 2.83556
      vertex 72.2727 10.8549 3.4
      vertex 72.7535 11.1325 2.83556
    endloop
  endfacet
  facet normal 0.640081 0.315642 0.700476
    outer loop
      vertex 72.2727 10.8549 3.4
      vertex 72.6965 11.2481 2.83556
      vertex 71.311 12.8051 3.4
    endloop
  endfacet
  facet normal 0.593811 -0.395874 0.70048
    outer loop
      vertex 73.4807 29.553 3.4
      vertex 73.9406 29.2441 2.83556
      vertex 73.5001 29.5821 3.4
    endloop
  endfacet
  facet normal 0.5934 -0.396488 0.700481
    outer loop
      vertex 73.9406 29.2441 2.83556
      vertex 73.4807 29.553 3.4
      vertex 72.8251 27.5746 2.83556
    endloop
  endfacet
  facet normal -0.470962 -0.536203 0.700486
    outer loop
      vertex 96.8441 32.2594 2.83556
      vertex 97.2084 32.6768 3.4
      vertex 97.1821 32.6999 3.4
    endloop
  endfacet
  facet normal -0.470555 -0.536559 0.700487
    outer loop
      vertex 97.2084 32.6768 3.4
      vertex 96.8441 32.2594 2.83556
      vertex 98.3537 30.9355 2.83556
    endloop
  endfacet
  facet normal -0.315619 -0.640097 0.700472
    outer loop
      vertex 95.3451 33.9273 3.4
      vertex 94.9519 33.5035 2.83556
      vertex 95.0675 33.4465 2.83556
    endloop
  endfacet
  facet normal -0.315642 -0.640081 0.700476
    outer loop
      vertex 94.9519 33.5035 2.83556
      vertex 95.3451 33.9273 3.4
      vertex 93.3949 34.889 3.4
    endloop
  endfacet
  facet normal 0.316705 -0.639541 0.700489
    outer loop
      vertex 80.4051 34.889 3.4
      vertex 80.6489 34.3915 2.83556
      vertex 80.4364 34.9045 3.4
    endloop
  endfacet
  facet normal 0.315628 -0.640071 0.700491
    outer loop
      vertex 80.6489 34.3915 2.83556
      vertex 80.4051 34.889 3.4
      vertex 78.8481 33.5035 2.83556
    endloop
  endfacet
  facet normal -0.699744 0.138399 0.700859
    outer loop
      vertex 103.07 17.0415 2.83556
      vertex 103.646 17.0954 3.4
      vertex 103.095 17.1679 2.83556
    endloop
  endfacet
  facet normal -0.699691 0.13944 0.700706
    outer loop
      vertex 103.646 17.0954 3.4
      vertex 103.07 17.0415 2.83556
      vertex 103.221 14.9628 3.4
    endloop
  endfacet
  facet normal 0.676054 -0.228755 0.700444
    outer loop
      vertex 71.2843 25.7305 3.4
      vertex 71.8084 25.5511 2.83556
      vertex 71.2955 25.7636 3.4
    endloop
  endfacet
  facet normal 0.67583 -0.229412 0.700445
    outer loop
      vertex 71.8084 25.5511 2.83556
      vertex 71.2843 25.7305 3.4
      vertex 71.163 23.6498 2.83556
    endloop
  endfacet
  facet normal -0.643842 0.308551 0.700188
    outer loop
      vertex 101.992 13.0489 2.83556
      vertex 102.489 12.8051 3.4
      vertex 102.504 12.8364 3.4
    endloop
  endfacet
  facet normal -0.640184 0.316039 0.700202
    outer loop
      vertex 102.489 12.8051 3.4
      vertex 101.992 13.0489 2.83556
      vertex 101.103 11.2481 2.83556
    endloop
  endfacet
  facet normal 0.396647 -0.593309 0.700468
    outer loop
      vertex 78.4549 33.9273 3.4
      vertex 78.6254 33.3749 2.83556
      vertex 78.7325 33.4465 2.83556
    endloop
  endfacet
  facet normal 0.396487 -0.593385 0.700494
    outer loop
      vertex 78.6254 33.3749 2.83556
      vertex 78.4549 33.9273 3.4
      vertex 76.647 32.7193 3.4
    endloop
  endfacet
  facet normal 0.640097 -0.315619 0.700472
    outer loop
      vertex 72.2727 27.7451 3.4
      vertex 72.6965 27.3519 2.83556
      vertex 72.7535 27.4675 2.83556
    endloop
  endfacet
  facet normal 0.640081 -0.315642 0.700476
    outer loop
      vertex 72.6965 27.3519 2.83556
      vertex 72.2727 27.7451 3.4
      vertex 71.311 25.7949 3.4
    endloop
  endfacet
  facet normal -0.671081 -0.243292 0.700328
    outer loop
      vertex 101.992 25.5511 2.83556
      vertex 102.516 25.7305 3.4
      vertex 102.504 25.7636 3.4
    endloop
  endfacet
  facet normal -0.675931 -0.229304 0.700384
    outer loop
      vertex 102.516 25.7305 3.4
      vertex 101.992 25.5511 2.83556
      vertex 102.637 23.6498 2.83556
    endloop
  endfacet
  facet normal 0.396488 -0.5934 0.700481
    outer loop
      vertex 76.647 32.7193 3.4
      vertex 76.9559 32.2594 2.83556
      vertex 78.6254 33.3749 2.83556
    endloop
  endfacet
  facet normal 0.395874 -0.593811 0.70048
    outer loop
      vertex 76.9559 32.2594 2.83556
      vertex 76.647 32.7193 3.4
      vertex 76.6179 32.6999 3.4
    endloop
  endfacet
  facet normal -0.537142 -0.469744 0.700585
    outer loop
      vertex 100.277 29.6084 3.4
      vertex 99.8594 29.2441 2.83556
      vertex 100.3 29.5821 3.4
    endloop
  endfacet
  facet normal -0.536487 -0.470493 0.700584
    outer loop
      vertex 99.8594 29.2441 2.83556
      vertex 100.277 29.6084 3.4
      vertex 98.5355 30.7537 2.83556
    endloop
  endfacet
  facet normal 0.699948 -0.139228 0.700492
    outer loop
      vertex 70.1543 21.5046 3.4
      vertex 70.7299 21.5585 2.83556
      vertex 70.5785 23.6372 3.4
    endloop
  endfacet
  facet normal 0.69996 -0.138995 0.700526
    outer loop
      vertex 70.7299 21.5585 2.83556
      vertex 70.1543 21.5046 3.4
      vertex 70.7048 21.4321 2.83556
    endloop
  endfacet
  facet normal 0.69996 0.139224 0.700481
    outer loop
      vertex 70.5785 14.9628 3.4
      vertex 71.1216 15.0722 2.83556
      vertex 70.7299 17.0415 2.83556
    endloop
  endfacet
  facet normal 0.699654 0.140747 0.700482
    outer loop
      vertex 71.1216 15.0722 2.83556
      vertex 70.5785 14.9628 3.4
      vertex 70.5854 14.9285 3.4
    endloop
  endfacet
  facet normal 0.470962 -0.536203 0.700486
    outer loop
      vertex 76.5916 32.6768 3.4
      vertex 76.9559 32.2594 2.83556
      vertex 76.6179 32.6999 3.4
    endloop
  endfacet
  facet normal 0.470555 -0.536559 0.700487
    outer loop
      vertex 76.9559 32.2594 2.83556
      vertex 76.5916 32.6768 3.4
      vertex 75.4463 30.9355 2.83556
    endloop
  endfacet
  facet normal -0.699691 -0.13944 0.700706
    outer loop
      vertex 103.07 21.5585 2.83556
      vertex 103.646 21.5046 3.4
      vertex 103.221 23.6372 3.4
    endloop
  endfacet
  facet normal -0.699744 -0.138399 0.700859
    outer loop
      vertex 103.646 21.5046 3.4
      vertex 103.07 21.5585 2.83556
      vertex 103.095 21.4321 2.83556
    endloop
  endfacet
  facet normal -0.7 0.139339 0.700418
    outer loop
      vertex 102.678 15.0722 2.83556
      vertex 103.221 14.9628 3.4
      vertex 103.07 17.0415 2.83556
    endloop
  endfacet
  facet normal -0.70317 0.123004 0.700301
    outer loop
      vertex 103.221 14.9628 3.4
      vertex 102.678 15.0722 2.83556
      vertex 103.215 14.9285 3.4
    endloop
  endfacet
  facet normal 0.71212 -0.0465511 0.700512
    outer loop
      vertex 70.1543 21.5046 3.4
      vertex 70.6964 21.3036 2.83556
      vertex 70.7048 21.4321 2.83556
    endloop
  endfacet
  facet normal 0.712095 -0.04667 0.70053
    outer loop
      vertex 70.6964 21.3036 2.83556
      vertex 70.1543 21.5046 3.4
      vertex 70.0121 19.3349 3.4
    endloop
  endfacet
  facet normal 0.593553 0.396247 0.700488
    outer loop
      vertex 73.9406 9.3559 2.83556
      vertex 73.4807 9.04698 3.4
      vertex 73.5001 9.01792 3.4
    endloop
  endfacet
  facet normal 0.593394 0.396484 0.700488
    outer loop
      vertex 73.4807 9.04698 3.4
      vertex 73.9406 9.3559 2.83556
      vertex 72.8251 11.0254 2.83556
    endloop
  endfacet
  facet normal 0.699654 -0.140747 0.700482
    outer loop
      vertex 70.5785 23.6372 3.4
      vertex 71.1216 23.5278 2.83556
      vertex 70.5854 23.6715 3.4
    endloop
  endfacet
  facet normal 0.69996 -0.139224 0.700481
    outer loop
      vertex 71.1216 23.5278 2.83556
      vertex 70.5785 23.6372 3.4
      vertex 70.7299 21.5585 2.83556
    endloop
  endfacet
  facet normal 0.67585 -0.229408 0.700427
    outer loop
      vertex 70.5854 23.6715 3.4
      vertex 71.163 23.6498 2.83556
      vertex 71.2843 25.7305 3.4
    endloop
  endfacet
  facet normal 0.675861 -0.22935 0.700436
    outer loop
      vertex 71.163 23.6498 2.83556
      vertex 70.5854 23.6715 3.4
      vertex 71.1216 23.5278 2.83556
    endloop
  endfacet
  facet normal -0.470522 0.536648 0.700441
    outer loop
      vertex 98.3537 7.66447 2.83556
      vertex 98.8431 7.35685 3.4
      vertex 98.4506 7.74943 2.83556
    endloop
  endfacet
  facet normal -0.470586 0.536572 0.700456
    outer loop
      vertex 98.8431 7.35685 3.4
      vertex 98.3537 7.66447 2.83556
      vertex 97.2084 5.92318 3.4
    endloop
  endfacet
  facet normal 0.2294 0.675796 0.700482
    outer loop
      vertex 80.6489 4.20845 2.83556
      vertex 80.4695 3.68429 3.4
      vertex 82.5502 3.56305 2.83556
    endloop
  endfacet
  facet normal 0.229293 0.675833 0.700482
    outer loop
      vertex 80.4695 3.68429 3.4
      vertex 80.6489 4.20845 2.83556
      vertex 80.4364 3.69552 3.4
    endloop
  endfacet
  facet normal 0.0466765 0.712145 0.700479
    outer loop
      vertex 84.8964 3.09635 2.83556
      vertex 84.6954 2.55433 3.4
      vertex 86.8651 2.41212 3.4
    endloop
  endfacet
  facet normal 0.0466637 0.712147 0.700477
    outer loop
      vertex 84.7679 3.10477 2.83556
      vertex 84.6954 2.55433 3.4
      vertex 84.8964 3.09635 2.83556
    endloop
  endfacet
  facet normal 0.470495 0.536616 0.700484
    outer loop
      vertex 74.9568 7.35685 3.4
      vertex 75.4463 7.66447 2.83556
      vertex 75.3494 7.74943 2.83556
    endloop
  endfacet
  facet normal 0.470545 0.536558 0.700495
    outer loop
      vertex 75.4463 7.66447 2.83556
      vertex 74.9568 7.35685 3.4
      vertex 76.5916 5.92318 3.4
    endloop
  endfacet
  facet normal 0.593385 -0.396487 0.700494
    outer loop
      vertex 72.2727 27.7451 3.4
      vertex 72.8251 27.5746 2.83556
      vertex 73.4807 29.553 3.4
    endloop
  endfacet
  facet normal 0.593309 -0.396647 0.700468
    outer loop
      vertex 72.8251 27.5746 2.83556
      vertex 72.2727 27.7451 3.4
      vertex 72.7535 27.4675 2.83556
    endloop
  endfacet
  facet normal -0.31565 0.640079 0.700474
    outer loop
      vertex 93.1511 4.20845 2.83556
      vertex 93.3949 3.71098 3.4
      vertex 94.9519 5.0965 2.83556
    endloop
  endfacet
  facet normal -0.316056 0.63988 0.700473
    outer loop
      vertex 93.3949 3.71098 3.4
      vertex 93.1511 4.20845 2.83556
      vertex 93.3636 3.69552 3.4
    endloop
  endfacet
  facet normal 0.396494 0.593408 0.700471
    outer loop
      vertex 76.9559 6.34059 2.83556
      vertex 76.647 5.88071 3.4
      vertex 78.6254 5.22509 2.83556
    endloop
  endfacet
  facet normal 0.396162 0.593631 0.70047
    outer loop
      vertex 76.647 5.88071 3.4
      vertex 76.9559 6.34059 2.83556
      vertex 76.6179 5.90013 3.4
    endloop
  endfacet
  facet normal -0.593508 0.396597 0.700328
    outer loop
      vertex 99.8594 9.3559 2.83556
      vertex 100.319 9.04698 3.4
      vertex 100.975 11.0254 2.83556
    endloop
  endfacet
  facet normal -0.597477 0.390642 0.7003
    outer loop
      vertex 100.319 9.04698 3.4
      vertex 99.8594 9.3559 2.83556
      vertex 100.3 9.01792 3.4
    endloop
  endfacet
  facet normal -0.536977 0.469957 0.700568
    outer loop
      vertex 99.8594 9.3559 2.83556
      vertex 100.277 8.99164 3.4
      vertex 100.3 9.01792 3.4
    endloop
  endfacet
  facet normal -0.536498 0.470505 0.700567
    outer loop
      vertex 100.277 8.99164 3.4
      vertex 99.8594 9.3559 2.83556
      vertex 98.5355 7.84631 2.83556
    endloop
  endfacet
  facet normal -0.71245 0.0408281 0.700534
    outer loop
      vertex 103.235 19.3 2.83556
      vertex 103.788 19.2651 3.4
      vertex 103.79 19.3 3.4
    endloop
  endfacet
  facet normal -0.712093 0.0465583 0.700539
    outer loop
      vertex 103.788 19.2651 3.4
      vertex 103.235 19.3 2.83556
      vertex 103.104 17.2964 2.83556
    endloop
  endfacet
  facet normal -0.395874 -0.593811 0.70048
    outer loop
      vertex 97.153 32.7193 3.4
      vertex 96.8441 32.2594 2.83556
      vertex 97.1821 32.6999 3.4
    endloop
  endfacet
  facet normal -0.396488 -0.5934 0.700481
    outer loop
      vertex 96.8441 32.2594 2.83556
      vertex 97.153 32.7193 3.4
      vertex 95.1746 33.3749 2.83556
    endloop
  endfacet
  facet normal -0.675931 0.229304 0.700384
    outer loop
      vertex 101.992 13.0489 2.83556
      vertex 102.516 12.8695 3.4
      vertex 102.637 14.9502 2.83556
    endloop
  endfacet
  facet normal -0.671081 0.243292 0.700328
    outer loop
      vertex 102.516 12.8695 3.4
      vertex 101.992 13.0489 2.83556
      vertex 102.504 12.8364 3.4
    endloop
  endfacet
  facet normal 0.712132 0.0469314 0.700475
    outer loop
      vertex 70.0121 19.2651 3.4
      vertex 70.565 19.3 2.83556
      vertex 70.0098 19.3 3.4
    endloop
  endfacet
  facet normal 0.712147 0.046704 0.700475
    outer loop
      vertex 70.565 19.3 2.83556
      vertex 70.0121 19.2651 3.4
      vertex 70.6964 17.2964 2.83556
    endloop
  endfacet
  facet normal -0.711479 -0.0498312 0.700938
    outer loop
      vertex 103.104 21.3036 2.83556
      vertex 103.646 21.5046 3.4
      vertex 103.095 21.4321 2.83556
    endloop
  endfacet
  facet normal -0.712172 -0.0466094 0.700456
    outer loop
      vertex 103.646 21.5046 3.4
      vertex 103.104 21.3036 2.83556
      vertex 103.788 19.3349 3.4
    endloop
  endfacet
  facet normal -0.711479 0.0498312 0.700938
    outer loop
      vertex 103.646 17.0954 3.4
      vertex 103.104 17.2964 2.83556
      vertex 103.095 17.1679 2.83556
    endloop
  endfacet
  facet normal -0.712172 0.0466094 0.700456
    outer loop
      vertex 103.104 17.2964 2.83556
      vertex 103.646 17.0954 3.4
      vertex 103.788 19.2651 3.4
    endloop
  endfacet
  facet normal 0.138995 -0.69996 0.700526
    outer loop
      vertex 84.6954 36.0457 3.4
      vertex 84.6415 35.4701 2.83556
      vertex 84.7679 35.4952 2.83556
    endloop
  endfacet
  facet normal 0.139228 -0.699948 0.700492
    outer loop
      vertex 84.6415 35.4701 2.83556
      vertex 84.6954 36.0457 3.4
      vertex 82.5628 35.6215 3.4
    endloop
  endfacet
  facet normal -0.229408 -0.67585 0.700427
    outer loop
      vertex 91.2715 35.6146 3.4
      vertex 91.2498 35.037 2.83556
      vertex 93.3305 34.9157 3.4
    endloop
  endfacet
  facet normal -0.22935 -0.675861 0.700436
    outer loop
      vertex 91.2498 35.037 2.83556
      vertex 91.2715 35.6146 3.4
      vertex 91.1278 35.0784 2.83556
    endloop
  endfacet
  facet normal -0.138982 0.700014 0.700474
    outer loop
      vertex 91.1278 3.52163 2.83556
      vertex 91.2372 2.97854 3.4
      vertex 91.2715 2.98535 3.4
    endloop
  endfacet
  facet normal -0.139232 0.699964 0.700474
    outer loop
      vertex 91.2372 2.97854 3.4
      vertex 91.1278 3.52163 2.83556
      vertex 89.1585 3.12991 2.83556
    endloop
  endfacet
  facet normal -0.139234 0.69996 0.700479
    outer loop
      vertex 89.1585 3.12991 2.83556
      vertex 89.1046 2.55433 3.4
      vertex 91.2372 2.97854 3.4
    endloop
  endfacet
  facet normal -0.139217 0.699961 0.700481
    outer loop
      vertex 89.1046 2.55433 3.4
      vertex 89.1585 3.12991 2.83556
      vertex 89.0321 3.10477 2.83556
    endloop
  endfacet
  facet normal 0.640108 -0.315682 0.700434
    outer loop
      vertex 71.311 25.7949 3.4
      vertex 71.8084 25.5511 2.83556
      vertex 72.6965 27.3519 2.83556
    endloop
  endfacet
  facet normal 0.639591 -0.316731 0.700432
    outer loop
      vertex 71.8084 25.5511 2.83556
      vertex 71.311 25.7949 3.4
      vertex 71.2955 25.7636 3.4
    endloop
  endfacet
  facet normal -0.639928 -0.315666 0.700605
    outer loop
      vertex 101.527 27.7451 3.4
      vertex 101.103 27.3519 2.83556
      vertex 102.489 25.7949 3.4
    endloop
  endfacet
  facet normal -0.642847 -0.311414 0.699835
    outer loop
      vertex 101.103 27.3519 2.83556
      vertex 101.527 27.7451 3.4
      vertex 101.047 27.4675 2.83556
    endloop
  endfacet
  facet normal -0.643842 -0.308551 0.700188
    outer loop
      vertex 102.489 25.7949 3.4
      vertex 101.992 25.5511 2.83556
      vertex 102.504 25.7636 3.4
    endloop
  endfacet
  facet normal -0.640184 -0.316039 0.700202
    outer loop
      vertex 101.992 25.5511 2.83556
      vertex 102.489 25.7949 3.4
      vertex 101.103 27.3519 2.83556
    endloop
  endfacet
  facet normal 0.676054 0.228755 0.700444
    outer loop
      vertex 71.8084 13.0489 2.83556
      vertex 71.2843 12.8695 3.4
      vertex 71.2955 12.8364 3.4
    endloop
  endfacet
  facet normal 0.67583 0.229412 0.700445
    outer loop
      vertex 71.2843 12.8695 3.4
      vertex 71.8084 13.0489 2.83556
      vertex 71.163 14.9502 2.83556
    endloop
  endfacet
  facet normal 0.315616 0.640092 0.700478
    outer loop
      vertex 78.4549 4.67269 3.4
      vertex 78.8481 5.0965 2.83556
      vertex 78.7325 5.1535 2.83556
    endloop
  endfacet
  facet normal 0.315642 0.640074 0.700482
    outer loop
      vertex 78.8481 5.0965 2.83556
      vertex 78.4549 4.67269 3.4
      vertex 80.4051 3.71098 3.4
    endloop
  endfacet
  facet normal -0.470548 0.536559 0.700492
    outer loop
      vertex 96.8441 6.34059 2.83556
      vertex 97.2084 5.92318 3.4
      vertex 98.3537 7.66447 2.83556
    endloop
  endfacet
  facet normal -0.470382 0.536704 0.700492
    outer loop
      vertex 97.2084 5.92318 3.4
      vertex 96.8441 6.34059 2.83556
      vertex 97.1821 5.90013 3.4
    endloop
  endfacet
  facet normal -0.396492 0.593383 0.700493
    outer loop
      vertex 95.1746 5.22509 2.83556
      vertex 95.3451 4.67269 3.4
      vertex 97.153 5.88071 3.4
    endloop
  endfacet
  facet normal -0.396605 0.593329 0.700475
    outer loop
      vertex 95.1746 5.22509 2.83556
      vertex 95.0675 5.1535 2.83556
      vertex 95.3451 4.67269 3.4
    endloop
  endfacet
  facet normal -0.316705 -0.639541 0.700489
    outer loop
      vertex 93.1511 34.3915 2.83556
      vertex 93.3949 34.889 3.4
      vertex 93.3636 34.9045 3.4
    endloop
  endfacet
  facet normal -0.315628 -0.640071 0.700491
    outer loop
      vertex 93.3949 34.889 3.4
      vertex 93.1511 34.3915 2.83556
      vertex 94.9519 33.5035 2.83556
    endloop
  endfacet
  facet normal 0.470556 -0.536559 0.700487
    outer loop
      vertex 74.9568 31.2431 3.4
      vertex 75.4463 30.9355 2.83556
      vertex 76.5916 32.6768 3.4
    endloop
  endfacet
  facet normal 0.470337 -0.536816 0.700437
    outer loop
      vertex 75.4463 30.9355 2.83556
      vertex 74.9568 31.2431 3.4
      vertex 75.3494 30.8506 2.83556
    endloop
  endfacet
  facet normal 0.53657 0.470568 0.70047
    outer loop
      vertex 73.9406 9.3559 2.83556
      vertex 73.5232 8.99164 3.4
      vertex 75.2645 7.84631 2.83556
    endloop
  endfacet
  facet normal 0.536038 0.471175 0.700469
    outer loop
      vertex 73.5232 8.99164 3.4
      vertex 73.9406 9.3559 2.83556
      vertex 73.5001 9.01792 3.4
    endloop
  endfacet
  facet normal -0.396162 0.593631 0.70047
    outer loop
      vertex 96.8441 6.34059 2.83556
      vertex 97.153 5.88071 3.4
      vertex 97.1821 5.90013 3.4
    endloop
  endfacet
  facet normal -0.396494 0.593408 0.700471
    outer loop
      vertex 97.153 5.88071 3.4
      vertex 96.8441 6.34059 2.83556
      vertex 95.1746 5.22509 2.83556
    endloop
  endfacet
  facet normal -0.0469314 -0.712132 0.700475
    outer loop
      vertex 86.9 35.635 2.83556
      vertex 86.9349 36.1879 3.4
      vertex 86.9 36.1902 3.4
    endloop
  endfacet
  facet normal -0.0466686 -0.712149 0.700475
    outer loop
      vertex 86.9349 36.1879 3.4
      vertex 86.9 35.635 2.83556
      vertex 88.9036 35.5037 2.83556
    endloop
  endfacet
  facet normal -0.592684 0.398443 0.699978
    outer loop
      vertex 100.975 11.0254 2.83556
      vertex 101.527 10.8549 3.4
      vertex 101.047 11.1325 2.83556
    endloop
  endfacet
  facet normal -0.593561 0.396601 0.70028
    outer loop
      vertex 101.527 10.8549 3.4
      vertex 100.975 11.0254 2.83556
      vertex 100.319 9.04698 3.4
    endloop
  endfacet
  facet normal -0.639928 0.315666 0.700605
    outer loop
      vertex 101.103 11.2481 2.83556
      vertex 101.527 10.8549 3.4
      vertex 102.489 12.8051 3.4
    endloop
  endfacet
  facet normal -0.642847 0.311414 0.699835
    outer loop
      vertex 101.527 10.8549 3.4
      vertex 101.103 11.2481 2.83556
      vertex 101.047 11.1325 2.83556
    endloop
  endfacet
  facet normal 0.712095 0.04667 0.70053
    outer loop
      vertex 70.1543 17.0954 3.4
      vertex 70.6964 17.2964 2.83556
      vertex 70.0121 19.2651 3.4
    endloop
  endfacet
  facet normal 0.71212 0.0465511 0.700512
    outer loop
      vertex 70.6964 17.2964 2.83556
      vertex 70.1543 17.0954 3.4
      vertex 70.7048 17.1679 2.83556
    endloop
  endfacet
  facet normal -0.676016 -0.227186 0.700991
    outer loop
      vertex 103.215 23.6715 3.4
      vertex 102.637 23.6498 2.83556
      vertex 102.678 23.5278 2.83556
    endloop
  endfacet
  facet normal -0.675618 -0.229362 0.700667
    outer loop
      vertex 102.637 23.6498 2.83556
      vertex 103.215 23.6715 3.4
      vertex 102.516 25.7305 3.4
    endloop
  endfacet
  facet normal -0.70317 -0.123004 0.700301
    outer loop
      vertex 102.678 23.5278 2.83556
      vertex 103.221 23.6372 3.4
      vertex 103.215 23.6715 3.4
    endloop
  endfacet
  facet normal -0.7 -0.139339 0.700418
    outer loop
      vertex 103.221 23.6372 3.4
      vertex 102.678 23.5278 2.83556
      vertex 103.07 21.5585 2.83556
    endloop
  endfacet
  facet normal -0.228736 -0.675997 0.700505
    outer loop
      vertex 93.3305 34.9157 3.4
      vertex 93.1511 34.3915 2.83556
      vertex 93.3636 34.9045 3.4
    endloop
  endfacet
  facet normal -0.229425 -0.675763 0.700506
    outer loop
      vertex 93.1511 34.3915 2.83556
      vertex 93.3305 34.9157 3.4
      vertex 91.2498 35.037 2.83556
    endloop
  endfacet
  facet normal -0.0466741 -0.712158 0.700466
    outer loop
      vertex 88.9036 35.5037 2.83556
      vertex 89.1046 36.0457 3.4
      vertex 86.9349 36.1879 3.4
    endloop
  endfacet
  facet normal -0.0471017 -0.712066 0.70053
    outer loop
      vertex 89.0321 35.4952 2.83556
      vertex 89.1046 36.0457 3.4
      vertex 88.9036 35.5037 2.83556
    endloop
  endfacet
  facet normal 0.229435 0.675785 0.700481
    outer loop
      vertex 82.5502 3.56305 2.83556
      vertex 82.5285 2.98535 3.4
      vertex 82.6722 3.52163 2.83556
    endloop
  endfacet
  facet normal 0.229401 0.675791 0.700486
    outer loop
      vertex 82.5285 2.98535 3.4
      vertex 82.5502 3.56305 2.83556
      vertex 80.4695 3.68429 3.4
    endloop
  endfacet
  facet normal -0.396487 -0.593385 0.700494
    outer loop
      vertex 95.3451 33.9273 3.4
      vertex 95.1746 33.3749 2.83556
      vertex 97.153 32.7193 3.4
    endloop
  endfacet
  facet normal -0.396647 -0.593309 0.700468
    outer loop
      vertex 95.1746 33.3749 2.83556
      vertex 95.3451 33.9273 3.4
      vertex 95.0675 33.4465 2.83556
    endloop
  endfacet
  facet normal 0.22935 -0.675861 0.700436
    outer loop
      vertex 82.5285 35.6146 3.4
      vertex 82.5502 35.037 2.83556
      vertex 82.6722 35.0784 2.83556
    endloop
  endfacet
  facet normal 0.229408 -0.67585 0.700427
    outer loop
      vertex 82.5502 35.037 2.83556
      vertex 82.5285 35.6146 3.4
      vertex 80.4695 34.9157 3.4
    endloop
  endfacet
  facet normal 0.0465246 0.712152 0.700482
    outer loop
      vertex 86.9 2.96503 2.83556
      vertex 86.8651 2.41212 3.4
      vertex 86.9 2.40984 3.4
    endloop
  endfacet
  facet normal 0.0466753 0.712143 0.700481
    outer loop
      vertex 86.8651 2.41212 3.4
      vertex 86.9 2.96503 2.83556
      vertex 84.8964 3.09635 2.83556
    endloop
  endfacet
  facet normal -0.139228 -0.699948 0.700492
    outer loop
      vertex 89.1046 36.0457 3.4
      vertex 89.1585 35.4701 2.83556
      vertex 91.2372 35.6215 3.4
    endloop
  endfacet
  facet normal -0.138995 -0.69996 0.700526
    outer loop
      vertex 89.1585 35.4701 2.83556
      vertex 89.1046 36.0457 3.4
      vertex 89.0321 35.4952 2.83556
    endloop
  endfacet
  facet normal 0.640108 0.315682 0.700434
    outer loop
      vertex 71.8084 13.0489 2.83556
      vertex 71.311 12.8051 3.4
      vertex 72.6965 11.2481 2.83556
    endloop
  endfacet
  facet normal 0.639591 0.316731 0.700432
    outer loop
      vertex 71.311 12.8051 3.4
      vertex 71.8084 13.0489 2.83556
      vertex 71.2955 12.8364 3.4
    endloop
  endfacet
  facet normal 0.470382 0.536704 0.700492
    outer loop
      vertex 76.9559 6.34059 2.83556
      vertex 76.5916 5.92318 3.4
      vertex 76.6179 5.90013 3.4
    endloop
  endfacet
  facet normal 0.470548 0.536559 0.700492
    outer loop
      vertex 76.5916 5.92318 3.4
      vertex 76.9559 6.34059 2.83556
      vertex 75.4463 7.66447 2.83556
    endloop
  endfacet
  facet normal -0.597731 -0.390271 0.70029
    outer loop
      vertex 99.8594 29.2441 2.83556
      vertex 100.319 29.553 3.4
      vertex 100.3 29.5821 3.4
    endloop
  endfacet
  facet normal -0.593514 -0.3966 0.700321
    outer loop
      vertex 100.319 29.553 3.4
      vertex 99.8594 29.2441 2.83556
      vertex 100.975 27.5746 2.83556
    endloop
  endfacet
  facet normal -0.140747 -0.699654 0.700482
    outer loop
      vertex 91.2372 35.6215 3.4
      vertex 91.1278 35.0784 2.83556
      vertex 91.2715 35.6146 3.4
    endloop
  endfacet
  facet normal -0.139224 -0.69996 0.700481
    outer loop
      vertex 91.1278 35.0784 2.83556
      vertex 91.2372 35.6215 3.4
      vertex 89.1585 35.4701 2.83556
    endloop
  endfacet
  facet normal -0.0465246 0.712152 0.700482
    outer loop
      vertex 86.9349 2.41212 3.4
      vertex 86.9 2.96503 2.83556
      vertex 86.9 2.40984 3.4
    endloop
  endfacet
  facet normal -0.0466753 0.712143 0.700481
    outer loop
      vertex 86.9 2.96503 2.83556
      vertex 86.9349 2.41212 3.4
      vertex 88.9036 3.09635 2.83556
    endloop
  endfacet
  facet normal 0.536736 0.470365 0.700479
    outer loop
      vertex 75.2645 7.84631 2.83556
      vertex 74.9568 7.35685 3.4
      vertex 75.3494 7.74943 2.83556
    endloop
  endfacet
  facet normal 0.536553 0.470521 0.700515
    outer loop
      vertex 74.9568 7.35685 3.4
      vertex 75.2645 7.84631 2.83556
      vertex 73.5232 8.99164 3.4
    endloop
  endfacet
  facet normal -0.470365 -0.536847 0.700394
    outer loop
      vertex 98.8431 31.2431 3.4
      vertex 98.3537 30.9355 2.83556
      vertex 98.4506 30.8506 2.83556
    endloop
  endfacet
  facet normal -0.470598 -0.536574 0.700447
    outer loop
      vertex 98.3537 30.9355 2.83556
      vertex 98.8431 31.2431 3.4
      vertex 97.2084 32.6768 3.4
    endloop
  endfacet
  facet normal -0.536536 -0.47063 0.700455
    outer loop
      vertex 98.8431 31.2431 3.4
      vertex 98.5355 30.7537 2.83556
      vertex 100.277 29.6084 3.4
    endloop
  endfacet
  facet normal -0.536847 -0.470365 0.700394
    outer loop
      vertex 98.5355 30.7537 2.83556
      vertex 98.8431 31.2431 3.4
      vertex 98.4506 30.8506 2.83556
    endloop
  endfacet
  facet normal 0.593309 0.396647 0.700468
    outer loop
      vertex 72.2727 10.8549 3.4
      vertex 72.8251 11.0254 2.83556
      vertex 72.7535 11.1325 2.83556
    endloop
  endfacet
  facet normal 0.593387 0.396484 0.700495
    outer loop
      vertex 72.8251 11.0254 2.83556
      vertex 72.2727 10.8549 3.4
      vertex 73.4807 9.04698 3.4
    endloop
  endfacet
  facet normal -0.315616 0.640092 0.700478
    outer loop
      vertex 94.9519 5.0965 2.83556
      vertex 95.3451 4.67269 3.4
      vertex 95.0675 5.1535 2.83556
    endloop
  endfacet
  facet normal -0.315642 0.640074 0.700482
    outer loop
      vertex 95.3451 4.67269 3.4
      vertex 94.9519 5.0965 2.83556
      vertex 93.3949 3.71098 3.4
    endloop
  endfacet
  facet normal 0.0471017 -0.712066 0.70053
    outer loop
      vertex 84.8964 35.5037 2.83556
      vertex 84.6954 36.0457 3.4
      vertex 84.7679 35.4952 2.83556
    endloop
  endfacet
  facet normal 0.0466741 -0.712158 0.700466
    outer loop
      vertex 84.6954 36.0457 3.4
      vertex 84.8964 35.5037 2.83556
      vertex 86.8651 36.1879 3.4
    endloop
  endfacet
  facet normal 0.139224 -0.69996 0.700481
    outer loop
      vertex 82.5628 35.6215 3.4
      vertex 82.6722 35.0784 2.83556
      vertex 84.6415 35.4701 2.83556
    endloop
  endfacet
  facet normal 0.140747 -0.699654 0.700482
    outer loop
      vertex 82.6722 35.0784 2.83556
      vertex 82.5628 35.6215 3.4
      vertex 82.5285 35.6146 3.4
    endloop
  endfacet
  facet normal 0.229425 -0.675763 0.700506
    outer loop
      vertex 80.4695 34.9157 3.4
      vertex 80.6489 34.3915 2.83556
      vertex 82.5502 35.037 2.83556
    endloop
  endfacet
  facet normal 0.228736 -0.675997 0.700505
    outer loop
      vertex 80.6489 34.3915 2.83556
      vertex 80.4695 34.9157 3.4
      vertex 80.4364 34.9045 3.4
    endloop
  endfacet
  facet normal -0.0466637 0.712147 0.700477
    outer loop
      vertex 88.9036 3.09635 2.83556
      vertex 89.1046 2.55433 3.4
      vertex 89.0321 3.10477 2.83556
    endloop
  endfacet
  facet normal -0.0466765 0.712145 0.700479
    outer loop
      vertex 89.1046 2.55433 3.4
      vertex 88.9036 3.09635 2.83556
      vertex 86.9349 2.41212 3.4
    endloop
  endfacet
  facet normal 0.315642 -0.640081 0.700476
    outer loop
      vertex 78.4549 33.9273 3.4
      vertex 78.8481 33.5035 2.83556
      vertex 80.4051 34.889 3.4
    endloop
  endfacet
  facet normal 0.315619 -0.640097 0.700472
    outer loop
      vertex 78.8481 33.5035 2.83556
      vertex 78.4549 33.9273 3.4
      vertex 78.7325 33.4465 2.83556
    endloop
  endfacet
  facet normal 0.675861 0.22935 0.700436
    outer loop
      vertex 70.5854 14.9285 3.4
      vertex 71.163 14.9502 2.83556
      vertex 71.1216 15.0722 2.83556
    endloop
  endfacet
  facet normal 0.67585 0.229408 0.700427
    outer loop
      vertex 71.163 14.9502 2.83556
      vertex 70.5854 14.9285 3.4
      vertex 71.2843 12.8695 3.4
    endloop
  endfacet
  facet normal 0.139217 0.699961 0.700481
    outer loop
      vertex 84.6415 3.12991 2.83556
      vertex 84.6954 2.55433 3.4
      vertex 84.7679 3.10477 2.83556
    endloop
  endfacet
  facet normal 0.139234 0.69996 0.700479
    outer loop
      vertex 84.6954 2.55433 3.4
      vertex 84.6415 3.12991 2.83556
      vertex 82.5628 2.97854 3.4
    endloop
  endfacet
  facet normal 0.396605 0.593329 0.700475
    outer loop
      vertex 78.6254 5.22509 2.83556
      vertex 78.4549 4.67269 3.4
      vertex 78.7325 5.1535 2.83556
    endloop
  endfacet
  facet normal 0.396492 0.593383 0.700493
    outer loop
      vertex 78.4549 4.67269 3.4
      vertex 78.6254 5.22509 2.83556
      vertex 76.647 5.88071 3.4
    endloop
  endfacet
  facet normal 0.316056 0.63988 0.700473
    outer loop
      vertex 80.6489 4.20845 2.83556
      vertex 80.4051 3.71098 3.4
      vertex 80.4364 3.69552 3.4
    endloop
  endfacet
  facet normal 0.31565 0.640079 0.700474
    outer loop
      vertex 80.4051 3.71098 3.4
      vertex 80.6489 4.20845 2.83556
      vertex 78.8481 5.0965 2.83556
    endloop
  endfacet
  facet normal -0.980758 -0.195225 0
    outer loop
      vertex 119.578 57.3278 1.6
      vertex 119.97 55.3585 2.83556
      vertex 119.578 57.3278 2.83556
    endloop
  endfacet
  facet normal -0.980773 -0.195153 0.000119805
    outer loop
      vertex 119.995 55.2321 1.6
      vertex 119.97 55.3585 2.83556
      vertex 119.578 57.3278 1.6
    endloop
  endfacet
  facet normal -0.980996 -0.194026 0
    outer loop
      vertex 119.97 55.3585 2.83556
      vertex 119.995 55.2321 1.6
      vertex 119.995 55.2321 2.83556
    endloop
  endfacet
  facet normal -0.997556 -0.0698678 0
    outer loop
      vertex 119.995 55.2321 1.6
      vertex 120.004 55.1036 2.83556
      vertex 119.995 55.2321 2.83556
    endloop
  endfacet
  facet normal -0.997851 -0.0655219 0.000454127
    outer loop
      vertex 120.135 53.1 1.6
      vertex 120.004 55.1036 2.83556
      vertex 119.995 55.2321 1.6
    endloop
  endfacet
  facet normal -0.997869 -0.065243 0
    outer loop
      vertex 120.004 55.1036 2.83556
      vertex 120.135 53.1 1.6
      vertex 120.135 53.1 2.83556
    endloop
  endfacet
  facet normal -0.555677 0.831398 0
    outer loop
      vertex 113.744 40.1406 1.6
      vertex 112.075 39.0251 2.83556
      vertex 113.744 40.1406 2.83556
    endloop
  endfacet
  facet normal -0.555488 0.831524 0.000368726
    outer loop
      vertex 111.967 38.9535 1.6
      vertex 112.075 39.0251 2.83556
      vertex 113.744 40.1406 1.6
    endloop
  endfacet
  facet normal -0.552561 0.833472 0
    outer loop
      vertex 112.075 39.0251 2.83556
      vertex 111.967 38.9535 1.6
      vertex 111.967 38.9535 2.83556
    endloop
  endfacet
  facet normal 0.195129 -0.980778 0
    outer loop
      vertex 99.5722 68.8784 1.6
      vertex 101.541 69.2701 2.83556
      vertex 99.5722 68.8784 2.83556
    endloop
  endfacet
  facet normal 0.195054 -0.980792 0.000124619
    outer loop
      vertex 101.668 69.2952 1.6
      vertex 101.541 69.2701 2.83556
      vertex 99.5722 68.8784 1.6
    endloop
  endfacet
  facet normal 0.193887 -0.981024 0
    outer loop
      vertex 101.541 69.2701 2.83556
      vertex 101.668 69.2952 1.6
      vertex 101.668 69.2952 2.83556
    endloop
  endfacet
  facet normal 0.946916 -0.321482 0
    outer loop
      vertex 88.063 57.4498 2.83556
      vertex 88.7085 59.3511 1.6
      vertex 88.7085 59.3511 2.83556
    endloop
  endfacet
  facet normal 0.946962 -0.321346 0
    outer loop
      vertex 88.0216 57.3278 1.6
      vertex 88.063 57.4498 2.83556
      vertex 88.0216 57.3278 2.83556
    endloop
  endfacet
  facet normal 0.946918 -0.321474 1.40831e-05
    outer loop
      vertex 88.063 57.4498 2.83556
      vertex 88.0216 57.3278 1.6
      vertex 88.7085 59.3511 1.6
    endloop
  endfacet
  facet normal 0 0 1
    outer loop
      vertex 119.995 55.2321 1.6
      vertex 119.995 50.9679 1.6
      vertex 120.135 53.1 1.6
    endloop
  endfacet
  facet normal 0 0 1
    outer loop
      vertex 119.578 57.3278 1.6
      vertex 119.995 50.9679 1.6
      vertex 119.995 55.2321 1.6
    endloop
  endfacet
  facet normal 0 0 1
    outer loop
      vertex 119.578 57.3278 1.6
      vertex 119.578 48.8722 1.6
      vertex 119.995 50.9679 1.6
    endloop
  endfacet
  facet normal 0 0 1
    outer loop
      vertex 118.892 59.3511 1.6
      vertex 119.578 48.8722 1.6
      vertex 119.578 57.3278 1.6
    endloop
  endfacet
  facet normal 0 0 1
    outer loop
      vertex 118.892 59.3511 1.6
      vertex 118.892 46.8489 1.6
      vertex 119.578 48.8722 1.6
    endloop
  endfacet
  facet normal 0 0 1
    outer loop
      vertex 117.947 61.2675 1.6
      vertex 118.892 46.8489 1.6
      vertex 118.892 59.3511 1.6
    endloop
  endfacet
  facet normal 0 0 1
    outer loop
      vertex 117.947 61.2675 1.6
      vertex 117.947 44.9325 1.6
      vertex 118.892 46.8489 1.6
    endloop
  endfacet
  facet normal 0 0 1
    outer loop
      vertex 116.759 63.0441 1.6
      vertex 117.947 44.9325 1.6
      vertex 117.947 61.2675 1.6
    endloop
  endfacet
  facet normal 0 0 1
    outer loop
      vertex 116.759 63.0441 1.6
      vertex 116.759 43.1559 1.6
      vertex 117.947 44.9325 1.6
    endloop
  endfacet
  facet normal 0 0 1
    outer loop
      vertex 115.351 64.6506 1.6
      vertex 116.759 43.1559 1.6
      vertex 116.759 63.0441 1.6
    endloop
  endfacet
  facet normal 0 0 1
    outer loop
      vertex 115.351 64.6506 1.6
      vertex 115.351 41.5494 1.6
      vertex 116.759 43.1559 1.6
    endloop
  endfacet
  facet normal 0 0 1
    outer loop
      vertex 113.744 66.0594 1.6
      vertex 115.351 41.5494 1.6
      vertex 115.351 64.6506 1.6
    endloop
  endfacet
  facet normal 0 0 1
    outer loop
      vertex 113.744 66.0594 1.6
      vertex 113.744 40.1406 1.6
      vertex 115.351 41.5494 1.6
    endloop
  endfacet
  facet normal 0 0 1
    outer loop
      vertex 111.967 67.2465 1.6
      vertex 113.744 40.1406 1.6
      vertex 113.744 66.0594 1.6
    endloop
  endfacet
  facet normal 0 0 1
    outer loop
      vertex 111.967 67.2465 1.6
      vertex 111.967 38.9535 1.6
      vertex 113.744 40.1406 1.6
    endloop
  endfacet
  facet normal 0 0 1
    outer loop
      vertex 110.051 68.1916 1.6
      vertex 111.967 38.9535 1.6
      vertex 111.967 67.2465 1.6
    endloop
  endfacet
  facet normal 0 0 1
    outer loop
      vertex 110.051 68.1916 1.6
      vertex 110.051 38.0085 1.6
      vertex 111.967 38.9535 1.6
    endloop
  endfacet
  facet normal 0 0 1
    outer loop
      vertex 108.028 68.8784 1.6
      vertex 110.051 38.0085 1.6
      vertex 110.051 68.1916 1.6
    endloop
  endfacet
  facet normal 0 0 1
    outer loop
      vertex 108.028 68.8784 1.6
      vertex 108.028 37.3216 1.6
      vertex 110.051 38.0085 1.6
    endloop
  endfacet
  facet normal 0 0 1
    outer loop
      vertex 105.932 69.2952 1.6
      vertex 108.028 37.3216 1.6
      vertex 108.028 68.8784 1.6
    endloop
  endfacet
  facet normal 0 0 1
    outer loop
      vertex 105.932 69.2952 1.6
      vertex 105.932 36.9048 1.6
      vertex 108.028 37.3216 1.6
    endloop
  endfacet
  facet normal 0 0 1
    outer loop
      vertex 103.8 69.435 1.6
      vertex 105.932 36.9048 1.6
      vertex 105.932 69.2952 1.6
    endloop
  endfacet
  facet normal 0 0 1
    outer loop
      vertex 103.8 69.435 1.6
      vertex 103.8 36.765 1.6
      vertex 105.932 36.9048 1.6
    endloop
  endfacet
  facet normal -0 0 1
    outer loop
      vertex 101.668 69.2952 1.6
      vertex 103.8 36.765 1.6
      vertex 103.8 69.435 1.6
    endloop
  endfacet
  facet normal 0 0 1
    outer loop
      vertex 101.668 69.2952 1.6
      vertex 101.668 36.9048 1.6
      vertex 103.8 36.765 1.6
    endloop
  endfacet
  facet normal -0 0 1
    outer loop
      vertex 99.5722 68.8784 1.6
      vertex 101.668 36.9048 1.6
      vertex 101.668 69.2952 1.6
    endloop
  endfacet
  facet normal 0 0 1
    outer loop
      vertex 99.5722 68.8784 1.6
      vertex 99.5722 37.3216 1.6
      vertex 101.668 36.9048 1.6
    endloop
  endfacet
  facet normal -0 0 1
    outer loop
      vertex 97.5489 68.1916 1.6
      vertex 99.5722 37.3216 1.6
      vertex 99.5722 68.8784 1.6
    endloop
  endfacet
  facet normal 0 0 1
    outer loop
      vertex 97.5489 68.1916 1.6
      vertex 97.5489 38.0085 1.6
      vertex 99.5722 37.3216 1.6
    endloop
  endfacet
  facet normal -0 0 1
    outer loop
      vertex 95.6325 67.2465 1.6
      vertex 97.5489 38.0085 1.6
      vertex 97.5489 68.1916 1.6
    endloop
  endfacet
  facet normal 0 0 1
    outer loop
      vertex 95.6325 67.2465 1.6
      vertex 95.6325 38.9535 1.6
      vertex 97.5489 38.0085 1.6
    endloop
  endfacet
  facet normal -0 0 1
    outer loop
      vertex 93.8559 66.0594 1.6
      vertex 95.6325 38.9535 1.6
      vertex 95.6325 67.2465 1.6
    endloop
  endfacet
  facet normal 0 0 1
    outer loop
      vertex 93.8559 66.0594 1.6
      vertex 93.8559 40.1406 1.6
      vertex 95.6325 38.9535 1.6
    endloop
  endfacet
  facet normal -0 0 1
    outer loop
      vertex 92.2494 64.6506 1.6
      vertex 93.8559 40.1406 1.6
      vertex 93.8559 66.0594 1.6
    endloop
  endfacet
  facet normal 0 0 1
    outer loop
      vertex 92.2494 64.6506 1.6
      vertex 92.2494 41.5494 1.6
      vertex 93.8559 40.1406 1.6
    endloop
  endfacet
  facet normal -0 0 1
    outer loop
      vertex 90.8406 63.0441 1.6
      vertex 92.2494 41.5494 1.6
      vertex 92.2494 64.6506 1.6
    endloop
  endfacet
  facet normal 0 0 1
    outer loop
      vertex 90.8406 63.0441 1.6
      vertex 90.8406 43.1559 1.6
      vertex 92.2494 41.5494 1.6
    endloop
  endfacet
  facet normal -0 0 1
    outer loop
      vertex 89.6535 61.2675 1.6
      vertex 90.8406 43.1559 1.6
      vertex 90.8406 63.0441 1.6
    endloop
  endfacet
  facet normal 0 0 1
    outer loop
      vertex 89.6535 61.2675 1.6
      vertex 89.6535 44.9325 1.6
      vertex 90.8406 43.1559 1.6
    endloop
  endfacet
  facet normal -0 0 1
    outer loop
      vertex 88.7085 59.3511 1.6
      vertex 89.6535 44.9325 1.6
      vertex 89.6535 61.2675 1.6
    endloop
  endfacet
  facet normal 0 0 1
    outer loop
      vertex 88.7085 59.3511 1.6
      vertex 88.7085 46.8489 1.6
      vertex 89.6535 44.9325 1.6
    endloop
  endfacet
  facet normal -0 0 1
    outer loop
      vertex 88.0216 57.3278 1.6
      vertex 88.7085 46.8489 1.6
      vertex 88.7085 59.3511 1.6
    endloop
  endfacet
  facet normal 0 0 1
    outer loop
      vertex 88.0216 57.3278 1.6
      vertex 88.0216 48.8722 1.6
      vertex 88.7085 46.8489 1.6
    endloop
  endfacet
  facet normal -0 0 1
    outer loop
      vertex 87.6048 55.2321 1.6
      vertex 88.0216 48.8722 1.6
      vertex 88.0216 57.3278 1.6
    endloop
  endfacet
  facet normal 0 0 1
    outer loop
      vertex 87.6048 55.2321 1.6
      vertex 87.6048 50.9679 1.6
      vertex 88.0216 48.8722 1.6
    endloop
  endfacet
  facet normal 0 -0 1
    outer loop
      vertex 87.6048 50.9679 1.6
      vertex 87.6048 55.2321 1.6
      vertex 87.465 53.1 1.6
    endloop
  endfacet
  facet normal 0.442266 0.896884 -0
    outer loop
      vertex 97.5489 38.0085 1.6
      vertex 95.7481 38.8965 2.83556
      vertex 97.5489 38.0085 2.83556
    endloop
  endfacet
  facet normal 0.442265 0.896885 -2.72721e-06
    outer loop
      vertex 95.6325 38.9535 1.6
      vertex 95.7481 38.8965 2.83556
      vertex 97.5489 38.0085 1.6
    endloop
  endfacet
  facet normal 0.442241 0.896896 0
    outer loop
      vertex 95.7481 38.8965 2.83556
      vertex 95.6325 38.9535 1.6
      vertex 95.6325 38.9535 2.83556
    endloop
  endfacet
  facet normal 0.321438 -0.946931 0
    outer loop
      vertex 97.5489 68.1916 1.6
      vertex 99.4502 68.837 2.83556
      vertex 97.5489 68.1916 2.83556
    endloop
  endfacet
  facet normal 0.321432 -0.946933 9.4621e-06
    outer loop
      vertex 99.5722 68.8784 1.6
      vertex 99.4502 68.837 2.83556
      vertex 97.5489 68.1916 1.6
    endloop
  endfacet
  facet normal 0.321346 -0.946962 0
    outer loop
      vertex 99.4502 68.837 2.83556
      vertex 99.5722 68.8784 1.6
      vertex 99.5722 68.8784 2.83556
    endloop
  endfacet
  facet normal 0.0653788 0.997861 -0
    outer loop
      vertex 103.8 36.765 1.6
      vertex 101.796 36.8963 2.83556
      vertex 103.8 36.765 2.83556
    endloop
  endfacet
  facet normal 0.0654317 0.997857 8.62163e-05
    outer loop
      vertex 101.668 36.9048 1.6
      vertex 101.796 36.8963 2.83556
      vertex 103.8 36.765 1.6
    endloop
  endfacet
  facet normal 0.0662603 0.997802 0
    outer loop
      vertex 101.796 36.8963 2.83556
      vertex 101.668 36.9048 1.6
      vertex 101.668 36.9048 2.83556
    endloop
  endfacet
  facet normal 0.442241 -0.896896 0
    outer loop
      vertex 95.6325 67.2465 1.6
      vertex 95.7481 67.3035 2.83556
      vertex 95.6325 67.2465 2.83556
    endloop
  endfacet
  facet normal 0.442302 -0.896866 -7.10576e-06
    outer loop
      vertex 97.5489 68.1916 1.6
      vertex 95.7481 67.3035 2.83556
      vertex 95.6325 67.2465 1.6
    endloop
  endfacet
  facet normal 0.442306 -0.896864 0
    outer loop
      vertex 95.7481 67.3035 2.83556
      vertex 97.5489 68.1916 1.6
      vertex 97.5489 68.1916 2.83556
    endloop
  endfacet
  facet normal -0.19511 0.980781 0
    outer loop
      vertex 108.028 37.3216 1.6
      vertex 106.059 36.9299 2.83556
      vertex 108.028 37.3216 2.83556
    endloop
  endfacet
  facet normal -0.195036 0.980796 0.000122707
    outer loop
      vertex 105.932 36.9048 1.6
      vertex 106.059 36.9299 2.83556
      vertex 108.028 37.3216 1.6
    endloop
  endfacet
  facet normal -0.193887 0.981024 0
    outer loop
      vertex 106.059 36.9299 2.83556
      vertex 105.932 36.9048 1.6
      vertex 105.932 36.9048 2.83556
    endloop
  endfacet
  facet normal -0.751759 -0.659438 0
    outer loop
      vertex 115.351 64.6506 1.6
      vertex 115.436 64.5537 2.83556
      vertex 115.351 64.6506 2.83556
    endloop
  endfacet
  facet normal -0.75204 -0.659118 4.44421e-05
    outer loop
      vertex 116.759 63.0441 1.6
      vertex 115.436 64.5537 2.83556
      vertex 115.351 64.6506 1.6
    endloop
  endfacet
  facet normal -0.752058 -0.659097 0
    outer loop
      vertex 115.436 64.5537 2.83556
      vertex 116.759 63.0441 1.6
      vertex 116.759 63.0441 2.83556
    endloop
  endfacet
  facet normal 0.980848 0.194773 0
    outer loop
      vertex 87.6299 50.8415 2.83556
      vertex 87.6048 50.9679 1.6
      vertex 87.6048 50.9679 2.83556
    endloop
  endfacet
  facet normal 0.980787 0.195082 -0
    outer loop
      vertex 88.0216 48.8722 1.6
      vertex 87.6299 50.8415 2.83556
      vertex 88.0216 48.8722 2.83556
    endloop
  endfacet
  facet normal 0.980791 0.195063 3.08514e-05
    outer loop
      vertex 87.6299 50.8415 2.83556
      vertex 88.0216 48.8722 1.6
      vertex 87.6048 50.9679 1.6
    endloop
  endfacet
  facet normal 0.193887 0.981024 0
    outer loop
      vertex 101.668 36.9048 2.83556
      vertex 101.668 36.9048 1.6
      vertex 101.541 36.9299 2.83556
    endloop
  endfacet
  facet normal 0.195054 0.980792 0.000124619
    outer loop
      vertex 99.5722 37.3216 1.6
      vertex 101.541 36.9299 2.83556
      vertex 101.668 36.9048 1.6
    endloop
  endfacet
  facet normal 0.195129 0.980778 0
    outer loop
      vertex 101.541 36.9299 2.83556
      vertex 99.5722 37.3216 1.6
      vertex 99.5722 37.3216 2.83556
    endloop
  endfacet
  facet normal 0.896896 -0.442241 0
    outer loop
      vertex 89.5965 61.1519 2.83556
      vertex 89.6535 61.2675 1.6
      vertex 89.6535 61.2675 2.83556
    endloop
  endfacet
  facet normal 0.896884 -0.442266 0
    outer loop
      vertex 88.7085 59.3511 1.6
      vertex 89.5965 61.1519 2.83556
      vertex 88.7085 59.3511 2.83556
    endloop
  endfacet
  facet normal 0.896885 -0.442265 -2.72721e-06
    outer loop
      vertex 89.5965 61.1519 2.83556
      vertex 88.7085 59.3511 1.6
      vertex 89.6535 61.2675 1.6
    endloop
  endfacet
  facet normal 0.946962 0.321346 0
    outer loop
      vertex 88.063 48.7502 2.83556
      vertex 88.0216 48.8722 1.6
      vertex 88.0216 48.8722 2.83556
    endloop
  endfacet
  facet normal 0.946916 0.321482 -0
    outer loop
      vertex 88.7085 46.8489 1.6
      vertex 88.063 48.7502 2.83556
      vertex 88.7085 46.8489 2.83556
    endloop
  endfacet
  facet normal 0.946918 0.321474 1.40831e-05
    outer loop
      vertex 88.063 48.7502 2.83556
      vertex 88.7085 46.8489 1.6
      vertex 88.0216 48.8722 1.6
    endloop
  endfacet
  facet normal 0.658999 -0.752144 0
    outer loop
      vertex 92.2494 64.6506 2.83556
      vertex 92.2494 64.6506 1.6
      vertex 92.3463 64.7355 2.83556
    endloop
  endfacet
  facet normal 0.659329 -0.751854 -4.57834e-05
    outer loop
      vertex 93.8559 66.0594 1.6
      vertex 92.3463 64.7355 2.83556
      vertex 92.2494 64.6506 1.6
    endloop
  endfacet
  facet normal 0.65935 -0.751836 0
    outer loop
      vertex 92.3463 64.7355 2.83556
      vertex 93.8559 66.0594 1.6
      vertex 93.8559 66.0594 2.83556
    endloop
  endfacet
  facet normal -0.997869 0.065243 0
    outer loop
      vertex 120.135 53.1 1.6
      vertex 120.004 51.0964 2.83556
      vertex 120.135 53.1 2.83556
    endloop
  endfacet
  facet normal -0.997851 0.0655219 0.000454127
    outer loop
      vertex 119.995 50.9679 1.6
      vertex 120.004 51.0964 2.83556
      vertex 120.135 53.1 1.6
    endloop
  endfacet
  facet normal -0.997556 0.0698678 0
    outer loop
      vertex 120.004 51.0964 2.83556
      vertex 119.995 50.9679 1.6
      vertex 119.995 50.9679 2.83556
    endloop
  endfacet
  facet normal -0.829898 0.557915 0
    outer loop
      vertex 117.947 44.9325 1.6
      vertex 117.875 44.8254 2.83556
      vertex 117.947 44.9325 2.83556
    endloop
  endfacet
  facet normal -0.831272 0.555866 -0.000257664
    outer loop
      vertex 116.759 43.1559 1.6
      vertex 117.875 44.8254 2.83556
      vertex 117.947 44.9325 1.6
    endloop
  endfacet
  facet normal -0.83136 0.555734 0
    outer loop
      vertex 117.875 44.8254 2.83556
      vertex 116.759 43.1559 1.6
      vertex 116.759 43.1559 2.83556
    endloop
  endfacet
  facet normal -0.83136 -0.555734 0
    outer loop
      vertex 116.759 63.0441 1.6
      vertex 117.875 61.3746 2.83556
      vertex 116.759 63.0441 2.83556
    endloop
  endfacet
  facet normal -0.831272 -0.555866 -0.000257664
    outer loop
      vertex 117.947 61.2675 1.6
      vertex 117.875 61.3746 2.83556
      vertex 116.759 63.0441 1.6
    endloop
  endfacet
  facet normal -0.829898 -0.557915 0
    outer loop
      vertex 117.875 61.3746 2.83556
      vertex 117.947 61.2675 1.6
      vertex 117.947 61.2675 2.83556
    endloop
  endfacet
  facet normal -0.0662603 0.997802 0
    outer loop
      vertex 105.932 36.9048 2.83556
      vertex 105.932 36.9048 1.6
      vertex 105.804 36.8963 2.83556
    endloop
  endfacet
  facet normal -0.0654317 0.997857 8.62163e-05
    outer loop
      vertex 103.8 36.765 1.6
      vertex 105.804 36.8963 2.83556
      vertex 105.932 36.9048 1.6
    endloop
  endfacet
  facet normal -0.0653788 0.997861 0
    outer loop
      vertex 105.804 36.8963 2.83556
      vertex 103.8 36.765 1.6
      vertex 103.8 36.765 2.83556
    endloop
  endfacet
  facet normal 0.831333 0.555775 0
    outer loop
      vertex 89.7251 44.8254 2.83556
      vertex 89.6535 44.9325 1.6
      vertex 89.6535 44.9325 2.83556
    endloop
  endfacet
  facet normal 0.831475 0.555562 -0
    outer loop
      vertex 90.8406 43.1559 1.6
      vertex 89.7251 44.8254 2.83556
      vertex 90.8406 43.1559 2.83556
    endloop
  endfacet
  facet normal 0.831467 0.555575 -2.50565e-05
    outer loop
      vertex 89.7251 44.8254 2.83556
      vertex 90.8406 43.1559 1.6
      vertex 89.6535 44.9325 1.6
    endloop
  endfacet
  facet normal -0.946991 -0.321259 0
    outer loop
      vertex 118.892 59.3511 1.6
      vertex 119.537 57.4498 2.83556
      vertex 118.892 59.3511 2.83556
    endloop
  endfacet
  facet normal -0.947047 -0.321096 0.000279086
    outer loop
      vertex 119.578 57.3278 1.6
      vertex 119.537 57.4498 2.83556
      vertex 118.892 59.3511 1.6
    endloop
  endfacet
  facet normal -0.947903 -0.318558 0
    outer loop
      vertex 119.537 57.4498 2.83556
      vertex 119.578 57.3278 1.6
      vertex 119.578 57.3278 2.83556
    endloop
  endfacet
  facet normal -0.442267 -0.896884 0
    outer loop
      vertex 110.051 68.1916 1.6
      vertex 111.852 67.3035 2.83556
      vertex 110.051 68.1916 2.83556
    endloop
  endfacet
  facet normal -0.442377 -0.896829 0.000199078
    outer loop
      vertex 111.967 67.2465 1.6
      vertex 111.852 67.3035 2.83556
      vertex 110.051 68.1916 1.6
    endloop
  endfacet
  facet normal -0.444094 -0.89598 0
    outer loop
      vertex 111.852 67.3035 2.83556
      vertex 111.967 67.2465 1.6
      vertex 111.967 67.2465 2.83556
    endloop
  endfacet
  facet normal -0.947903 0.318558 0
    outer loop
      vertex 119.578 48.8722 1.6
      vertex 119.537 48.7502 2.83556
      vertex 119.578 48.8722 2.83556
    endloop
  endfacet
  facet normal -0.947047 0.321096 0.000279086
    outer loop
      vertex 118.892 46.8489 1.6
      vertex 119.537 48.7502 2.83556
      vertex 119.578 48.8722 1.6
    endloop
  endfacet
  facet normal -0.946991 0.321259 0
    outer loop
      vertex 119.537 48.7502 2.83556
      vertex 118.892 46.8489 1.6
      vertex 118.892 46.8489 2.83556
    endloop
  endfacet
  facet normal 0.0654841 -0.997854 0
    outer loop
      vertex 101.668 69.2952 2.83556
      vertex 101.668 69.2952 1.6
      vertex 101.796 69.3036 2.83556
    endloop
  endfacet
  facet normal 0.0654317 -0.997857 5.45481e-06
    outer loop
      vertex 103.8 69.435 1.6
      vertex 101.796 69.3036 2.83556
      vertex 101.668 69.2952 1.6
    endloop
  endfacet
  facet normal 0.0654284 -0.997857 0
    outer loop
      vertex 101.796 69.3036 2.83556
      vertex 103.8 69.435 1.6
      vertex 103.8 69.435 2.83556
    endloop
  endfacet
  facet normal 0.99786 0.0653918 0
    outer loop
      vertex 87.5963 51.0964 2.83556
      vertex 87.465 53.1 1.6
      vertex 87.465 53.1 2.83556
    endloop
  endfacet
  facet normal 0.997819 0.0660036 -0
    outer loop
      vertex 87.6048 50.9679 1.6
      vertex 87.5963 51.0964 2.83556
      vertex 87.6048 50.9679 2.83556
    endloop
  endfacet
  facet normal 0.997857 0.0654287 6.00569e-05
    outer loop
      vertex 87.5963 51.0964 2.83556
      vertex 87.6048 50.9679 1.6
      vertex 87.465 53.1 1.6
    endloop
  endfacet
  facet normal -0.552561 -0.833472 -0
    outer loop
      vertex 111.967 67.2465 2.83556
      vertex 111.967 67.2465 1.6
      vertex 112.075 67.1749 2.83556
    endloop
  endfacet
  facet normal -0.555488 -0.831524 0.000368726
    outer loop
      vertex 113.744 66.0594 1.6
      vertex 112.075 67.1749 2.83556
      vertex 111.967 67.2465 1.6
    endloop
  endfacet
  facet normal -0.555677 -0.831398 0
    outer loop
      vertex 112.075 67.1749 2.83556
      vertex 113.744 66.0594 1.6
      vertex 113.744 66.0594 2.83556
    endloop
  endfacet
  facet normal 0.65935 0.751836 -0
    outer loop
      vertex 93.8559 40.1406 1.6
      vertex 92.3463 41.4645 2.83556
      vertex 93.8559 40.1406 2.83556
    endloop
  endfacet
  facet normal 0.659329 0.751854 -4.57834e-05
    outer loop
      vertex 92.2494 41.5494 1.6
      vertex 92.3463 41.4645 2.83556
      vertex 93.8559 40.1406 1.6
    endloop
  endfacet
  facet normal 0.658999 0.752144 0
    outer loop
      vertex 92.3463 41.4645 2.83556
      vertex 92.2494 41.5494 1.6
      vertex 92.2494 41.5494 2.83556
    endloop
  endfacet
  facet normal 0.980787 -0.195082 0
    outer loop
      vertex 87.6299 55.3585 2.83556
      vertex 88.0216 57.3278 1.6
      vertex 88.0216 57.3278 2.83556
    endloop
  endfacet
  facet normal 0.980848 -0.194773 0
    outer loop
      vertex 87.6048 55.2321 1.6
      vertex 87.6299 55.3585 2.83556
      vertex 87.6048 55.2321 2.83556
    endloop
  endfacet
  facet normal 0.980791 -0.195063 3.08514e-05
    outer loop
      vertex 87.6299 55.3585 2.83556
      vertex 87.6048 55.2321 1.6
      vertex 88.0216 57.3278 1.6
    endloop
  endfacet
  facet normal -0.899962 -0.435968 0
    outer loop
      vertex 117.947 61.2675 1.6
      vertex 118.003 61.1519 2.83556
      vertex 117.947 61.2675 2.83556
    endloop
  endfacet
  facet normal -0.896884 -0.442265 -0.00072862
    outer loop
      vertex 118.892 59.3511 1.6
      vertex 118.003 61.1519 2.83556
      vertex 117.947 61.2675 1.6
    endloop
  endfacet
  facet normal -0.896686 -0.442667 0
    outer loop
      vertex 118.003 61.1519 2.83556
      vertex 118.892 59.3511 1.6
      vertex 118.892 59.3511 2.83556
    endloop
  endfacet
  facet normal 0.896884 0.442266 0
    outer loop
      vertex 89.5965 45.0481 2.83556
      vertex 88.7085 46.8489 1.6
      vertex 88.7085 46.8489 2.83556
    endloop
  endfacet
  facet normal 0.896896 0.442241 -0
    outer loop
      vertex 89.6535 44.9325 1.6
      vertex 89.5965 45.0481 2.83556
      vertex 89.6535 44.9325 2.83556
    endloop
  endfacet
  facet normal 0.896885 0.442265 -2.72721e-06
    outer loop
      vertex 89.5965 45.0481 2.83556
      vertex 89.6535 44.9325 1.6
      vertex 88.7085 46.8489 1.6
    endloop
  endfacet
  facet normal 0.997819 -0.0660036 0
    outer loop
      vertex 87.5963 55.1036 2.83556
      vertex 87.6048 55.2321 1.6
      vertex 87.6048 55.2321 2.83556
    endloop
  endfacet
  facet normal 0.99786 -0.0653918 0
    outer loop
      vertex 87.465 53.1 1.6
      vertex 87.5963 55.1036 2.83556
      vertex 87.465 53.1 2.83556
    endloop
  endfacet
  facet normal 0.997857 -0.0654287 6.00569e-05
    outer loop
      vertex 87.5963 55.1036 2.83556
      vertex 87.465 53.1 1.6
      vertex 87.6048 55.2321 1.6
    endloop
  endfacet
  facet normal 0.752144 -0.658999 0
    outer loop
      vertex 92.1645 64.5537 2.83556
      vertex 92.2494 64.6506 1.6
      vertex 92.2494 64.6506 2.83556
    endloop
  endfacet
  facet normal 0.751836 -0.65935 0
    outer loop
      vertex 90.8406 63.0441 1.6
      vertex 92.1645 64.5537 2.83556
      vertex 90.8406 63.0441 2.83556
    endloop
  endfacet
  facet normal 0.751854 -0.659329 -4.57834e-05
    outer loop
      vertex 92.1645 64.5537 2.83556
      vertex 90.8406 63.0441 1.6
      vertex 92.2494 64.6506 1.6
    endloop
  endfacet
  facet normal 0.555562 -0.831475 0
    outer loop
      vertex 93.8559 66.0594 1.6
      vertex 95.5254 67.1749 2.83556
      vertex 93.8559 66.0594 2.83556
    endloop
  endfacet
  facet normal 0.555575 -0.831467 -2.50565e-05
    outer loop
      vertex 95.6325 67.2465 1.6
      vertex 95.5254 67.1749 2.83556
      vertex 93.8559 66.0594 1.6
    endloop
  endfacet
  facet normal 0.555775 -0.831333 0
    outer loop
      vertex 95.5254 67.1749 2.83556
      vertex 95.6325 67.2465 1.6
      vertex 95.6325 67.2465 2.83556
    endloop
  endfacet
  facet normal 0.321346 0.946962 0
    outer loop
      vertex 99.5722 37.3216 2.83556
      vertex 99.5722 37.3216 1.6
      vertex 99.4502 37.363 2.83556
    endloop
  endfacet
  facet normal 0.321474 0.946918 1.40831e-05
    outer loop
      vertex 97.5489 38.0085 1.6
      vertex 99.4502 37.363 2.83556
      vertex 99.5722 37.3216 1.6
    endloop
  endfacet
  facet normal 0.321482 0.946916 0
    outer loop
      vertex 99.4502 37.363 2.83556
      vertex 97.5489 38.0085 1.6
      vertex 97.5489 38.0085 2.83556
    endloop
  endfacet
  facet normal -0.896686 0.442667 0
    outer loop
      vertex 118.892 46.8489 1.6
      vertex 118.003 45.0481 2.83556
      vertex 118.892 46.8489 2.83556
    endloop
  endfacet
  facet normal -0.896884 0.442265 -0.00072862
    outer loop
      vertex 117.947 44.9325 1.6
      vertex 118.003 45.0481 2.83556
      vertex 118.892 46.8489 1.6
    endloop
  endfacet
  facet normal -0.899962 0.435968 0
    outer loop
      vertex 118.003 45.0481 2.83556
      vertex 117.947 44.9325 1.6
      vertex 117.947 44.9325 2.83556
    endloop
  endfacet
  facet normal -0.659252 -0.751922 0
    outer loop
      vertex 113.744 66.0594 1.6
      vertex 115.254 64.7355 2.83556
      vertex 113.744 66.0594 2.83556
    endloop
  endfacet
  facet normal -0.659213 -0.751956 -8.30522e-05
    outer loop
      vertex 115.351 64.6506 1.6
      vertex 115.254 64.7355 2.83556
      vertex 113.744 66.0594 1.6
    endloop
  endfacet
  facet normal -0.658614 -0.752481 0
    outer loop
      vertex 115.254 64.7355 2.83556
      vertex 115.351 64.6506 1.6
      vertex 115.351 64.6506 2.83556
    endloop
  endfacet
  facet normal -0.980996 0.194026 0
    outer loop
      vertex 119.995 50.9679 1.6
      vertex 119.97 50.8415 2.83556
      vertex 119.995 50.9679 2.83556
    endloop
  endfacet
  facet normal -0.980773 0.195153 0.000119805
    outer loop
      vertex 119.578 48.8722 1.6
      vertex 119.97 50.8415 2.83556
      vertex 119.995 50.9679 1.6
    endloop
  endfacet
  facet normal -0.980758 0.195225 0
    outer loop
      vertex 119.97 50.8415 2.83556
      vertex 119.578 48.8722 1.6
      vertex 119.578 48.8722 2.83556
    endloop
  endfacet
  facet normal -0.658614 0.752481 0
    outer loop
      vertex 115.351 41.5494 2.83556
      vertex 115.351 41.5494 1.6
      vertex 115.254 41.4645 2.83556
    endloop
  endfacet
  facet normal -0.659213 0.751956 -8.30522e-05
    outer loop
      vertex 113.744 40.1406 1.6
      vertex 115.254 41.4645 2.83556
      vertex 115.351 41.5494 1.6
    endloop
  endfacet
  facet normal -0.659252 0.751922 0
    outer loop
      vertex 115.254 41.4645 2.83556
      vertex 113.744 40.1406 1.6
      vertex 113.744 40.1406 2.83556
    endloop
  endfacet
  facet normal -0.321346 -0.946962 -0
    outer loop
      vertex 108.028 68.8784 2.83556
      vertex 108.028 68.8784 1.6
      vertex 108.15 68.837 2.83556
    endloop
  endfacet
  facet normal -0.321475 -0.946918 1.41685e-05
    outer loop
      vertex 110.051 68.1916 1.6
      vertex 108.15 68.837 2.83556
      vertex 108.028 68.8784 1.6
    endloop
  endfacet
  facet normal -0.321483 -0.946915 0
    outer loop
      vertex 108.15 68.837 2.83556
      vertex 110.051 68.1916 1.6
      vertex 110.051 68.1916 2.83556
    endloop
  endfacet
  facet normal -0.321528 0.9469 0
    outer loop
      vertex 110.051 38.0085 1.6
      vertex 108.15 37.363 2.83556
      vertex 110.051 38.0085 2.83556
    endloop
  endfacet
  facet normal -0.321517 0.946904 1.879e-05
    outer loop
      vertex 108.028 37.3216 1.6
      vertex 108.15 37.363 2.83556
      vertex 110.051 38.0085 1.6
    endloop
  endfacet
  facet normal -0.321346 0.946962 0
    outer loop
      vertex 108.15 37.363 2.83556
      vertex 108.028 37.3216 1.6
      vertex 108.028 37.3216 2.83556
    endloop
  endfacet
  facet normal -0.444094 0.89598 0
    outer loop
      vertex 111.967 38.9535 1.6
      vertex 111.852 38.8965 2.83556
      vertex 111.967 38.9535 2.83556
    endloop
  endfacet
  facet normal -0.442339 0.896848 0.000203439
    outer loop
      vertex 110.051 38.0085 1.6
      vertex 111.852 38.8965 2.83556
      vertex 111.967 38.9535 1.6
    endloop
  endfacet
  facet normal -0.442227 0.896903 0
    outer loop
      vertex 111.852 38.8965 2.83556
      vertex 110.051 38.0085 1.6
      vertex 110.051 38.0085 2.83556
    endloop
  endfacet
  facet normal -0.0654284 -0.997857 0
    outer loop
      vertex 103.8 69.435 1.6
      vertex 105.804 69.3036 2.83556
      vertex 103.8 69.435 2.83556
    endloop
  endfacet
  facet normal -0.0654317 -0.997857 5.45481e-06
    outer loop
      vertex 105.932 69.2952 1.6
      vertex 105.804 69.3036 2.83556
      vertex 103.8 69.435 1.6
    endloop
  endfacet
  facet normal -0.0654841 -0.997854 0
    outer loop
      vertex 105.804 69.3036 2.83556
      vertex 105.932 69.2952 1.6
      vertex 105.932 69.2952 2.83556
    endloop
  endfacet
  facet normal 0.751836 0.65935 0
    outer loop
      vertex 92.1645 41.6463 2.83556
      vertex 90.8406 43.1559 1.6
      vertex 90.8406 43.1559 2.83556
    endloop
  endfacet
  facet normal 0.752144 0.658999 -0
    outer loop
      vertex 92.2494 41.5494 1.6
      vertex 92.1645 41.6463 2.83556
      vertex 92.2494 41.5494 2.83556
    endloop
  endfacet
  facet normal 0.751854 0.659329 -4.57834e-05
    outer loop
      vertex 92.1645 41.6463 2.83556
      vertex 92.2494 41.5494 1.6
      vertex 90.8406 43.1559 1.6
    endloop
  endfacet
  facet normal 0.555775 0.831333 0
    outer loop
      vertex 95.6325 38.9535 2.83556
      vertex 95.6325 38.9535 1.6
      vertex 95.5254 39.0251 2.83556
    endloop
  endfacet
  facet normal 0.555575 0.831467 -2.50565e-05
    outer loop
      vertex 93.8559 40.1406 1.6
      vertex 95.5254 39.0251 2.83556
      vertex 95.6325 38.9535 1.6
    endloop
  endfacet
  facet normal 0.555562 0.831475 0
    outer loop
      vertex 95.5254 39.0251 2.83556
      vertex 93.8559 40.1406 1.6
      vertex 93.8559 40.1406 2.83556
    endloop
  endfacet
  facet normal -0.193887 -0.981024 -0
    outer loop
      vertex 105.932 69.2952 2.83556
      vertex 105.932 69.2952 1.6
      vertex 106.059 69.2701 2.83556
    endloop
  endfacet
  facet normal -0.195036 -0.980796 0.000122707
    outer loop
      vertex 108.028 68.8784 1.6
      vertex 106.059 69.2701 2.83556
      vertex 105.932 69.2952 1.6
    endloop
  endfacet
  facet normal -0.19511 -0.980781 0
    outer loop
      vertex 106.059 69.2701 2.83556
      vertex 108.028 68.8784 1.6
      vertex 108.028 68.8784 2.83556
    endloop
  endfacet
  facet normal 0.831475 -0.555562 0
    outer loop
      vertex 89.7251 61.3746 2.83556
      vertex 90.8406 63.0441 1.6
      vertex 90.8406 63.0441 2.83556
    endloop
  endfacet
  facet normal 0.831333 -0.555775 0
    outer loop
      vertex 89.6535 61.2675 1.6
      vertex 89.7251 61.3746 2.83556
      vertex 89.6535 61.2675 2.83556
    endloop
  endfacet
  facet normal 0.831467 -0.555575 -2.50565e-05
    outer loop
      vertex 89.7251 61.3746 2.83556
      vertex 89.6535 61.2675 1.6
      vertex 90.8406 63.0441 1.6
    endloop
  endfacet
  facet normal -0.752058 0.659097 0
    outer loop
      vertex 116.759 43.1559 1.6
      vertex 115.436 41.6463 2.83556
      vertex 116.759 43.1559 2.83556
    endloop
  endfacet
  facet normal -0.75204 0.659118 4.44421e-05
    outer loop
      vertex 115.351 41.5494 1.6
      vertex 115.436 41.6463 2.83556
      vertex 116.759 43.1559 1.6
    endloop
  endfacet
  facet normal -0.751759 0.659438 0
    outer loop
      vertex 115.436 41.6463 2.83556
      vertex 115.351 41.5494 1.6
      vertex 115.351 41.5494 2.83556
    endloop
  endfacet
  facet normal -0.712093 -0.0465583 0.700539
    outer loop
      vertex 120.135 53.1 2.83556
      vertex 120.688 53.1349 3.4
      vertex 120.004 55.1036 2.83556
    endloop
  endfacet
  facet normal -0.71245 -0.0408281 0.700534
    outer loop
      vertex 120.688 53.1349 3.4
      vertex 120.135 53.1 2.83556
      vertex 120.69 53.1 3.4
    endloop
  endfacet
  facet normal 0.536559 -0.470555 0.700487
    outer loop
      vertex 90.4232 63.4084 3.4
      vertex 90.8406 63.0441 2.83556
      vertex 92.1645 64.5537 2.83556
    endloop
  endfacet
  facet normal 0.536203 -0.470962 0.700486
    outer loop
      vertex 90.8406 63.0441 2.83556
      vertex 90.4232 63.4084 3.4
      vertex 90.4001 63.3821 3.4
    endloop
  endfacet
  facet normal -0.676016 0.227186 0.700991
    outer loop
      vertex 119.537 48.7502 2.83556
      vertex 120.115 48.7285 3.4
      vertex 119.578 48.8722 2.83556
    endloop
  endfacet
  facet normal -0.675618 0.229362 0.700667
    outer loop
      vertex 120.115 48.7285 3.4
      vertex 119.537 48.7502 2.83556
      vertex 119.416 46.6695 3.4
    endloop
  endfacet
  facet normal 0.139258 0.699953 0.700481
    outer loop
      vertex 99.5722 37.3216 2.83556
      vertex 99.4628 36.7785 3.4
      vertex 101.541 36.9299 2.83556
    endloop
  endfacet
  facet normal 0.140747 0.699654 0.700482
    outer loop
      vertex 99.4628 36.7785 3.4
      vertex 99.5722 37.3216 2.83556
      vertex 99.4285 36.7854 3.4
    endloop
  endfacet
  facet normal 0.712132 -0.0469314 0.700475
    outer loop
      vertex 87.465 53.1 2.83556
      vertex 86.9121 53.1349 3.4
      vertex 86.9098 53.1 3.4
    endloop
  endfacet
  facet normal 0.712149 -0.0466686 0.700475
    outer loop
      vertex 86.9121 53.1349 3.4
      vertex 87.465 53.1 2.83556
      vertex 87.5963 55.1036 2.83556
    endloop
  endfacet
  facet normal -0.223313 0.677914 0.700403
    outer loop
      vertex 110.051 38.0085 2.83556
      vertex 110.23 37.4843 3.4
      vertex 110.264 37.4955 3.4
    endloop
  endfacet
  facet normal -0.229483 0.675829 0.700423
    outer loop
      vertex 110.23 37.4843 3.4
      vertex 110.051 38.0085 2.83556
      vertex 108.15 37.363 2.83556
    endloop
  endfacet
  facet normal 0.0467976 -0.712137 0.700479
    outer loop
      vertex 103.765 69.9879 3.4
      vertex 103.8 69.435 2.83556
      vertex 103.8 69.9902 3.4
    endloop
  endfacet
  facet normal 0.0466944 -0.712144 0.700479
    outer loop
      vertex 103.8 69.435 2.83556
      vertex 103.765 69.9879 3.4
      vertex 101.796 69.3036 2.83556
    endloop
  endfacet
  facet normal -0.592684 -0.398443 0.699978
    outer loop
      vertex 118.427 61.5451 3.4
      vertex 117.875 61.3746 2.83556
      vertex 117.947 61.2675 2.83556
    endloop
  endfacet
  facet normal -0.59356 -0.396604 0.70028
    outer loop
      vertex 117.875 61.3746 2.83556
      vertex 118.427 61.5451 3.4
      vertex 117.219 63.353 3.4
    endloop
  endfacet
  facet normal -0.536731 0.470834 0.700168
    outer loop
      vertex 115.436 41.6463 2.83556
      vertex 115.743 41.1569 3.4
      vertex 117.177 42.7916 3.4
    endloop
  endfacet
  facet normal -0.536741 0.470826 0.700166
    outer loop
      vertex 115.743 41.1569 3.4
      vertex 115.436 41.6463 2.83556
      vertex 115.351 41.5494 2.83556
    endloop
  endfacet
  facet normal -0.229454 0.675985 0.700282
    outer loop
      vertex 108.15 37.363 2.83556
      vertex 108.171 36.7854 3.4
      vertex 110.23 37.4843 3.4
    endloop
  endfacet
  facet normal -0.229395 0.675996 0.700291
    outer loop
      vertex 108.171 36.7854 3.4
      vertex 108.15 37.363 2.83556
      vertex 108.028 37.3216 2.83556
    endloop
  endfacet
  facet normal 0.69996 0.138995 0.700526
    outer loop
      vertex 87.0543 50.8954 3.4
      vertex 87.6299 50.8415 2.83556
      vertex 87.6048 50.9679 2.83556
    endloop
  endfacet
  facet normal 0.699948 0.139228 0.700492
    outer loop
      vertex 87.6299 50.8415 2.83556
      vertex 87.0543 50.8954 3.4
      vertex 87.4785 48.7628 3.4
    endloop
  endfacet
  facet normal 0.53678 -0.470306 0.700485
    outer loop
      vertex 91.8568 65.0432 3.4
      vertex 92.1645 64.5537 2.83556
      vertex 92.2494 64.6506 2.83556
    endloop
  endfacet
  facet normal 0.536542 -0.470508 0.700531
    outer loop
      vertex 92.1645 64.5537 2.83556
      vertex 91.8568 65.0432 3.4
      vertex 90.4232 63.4084 3.4
    endloop
  endfacet
  facet normal 0.640097 0.315619 0.700472
    outer loop
      vertex 89.5965 45.0481 2.83556
      vertex 89.1727 44.6549 3.4
      vertex 89.6535 44.9325 2.83556
    endloop
  endfacet
  facet normal 0.640081 0.315642 0.700476
    outer loop
      vertex 89.1727 44.6549 3.4
      vertex 89.5965 45.0481 2.83556
      vertex 88.211 46.6051 3.4
    endloop
  endfacet
  facet normal 0.593811 -0.395874 0.70048
    outer loop
      vertex 90.3807 63.353 3.4
      vertex 90.8406 63.0441 2.83556
      vertex 90.4001 63.3821 3.4
    endloop
  endfacet
  facet normal 0.5934 -0.396488 0.700481
    outer loop
      vertex 90.8406 63.0441 2.83556
      vertex 90.3807 63.353 3.4
      vertex 89.7251 61.3746 2.83556
    endloop
  endfacet
  facet normal -0.474098 -0.533617 0.700346
    outer loop
      vertex 113.744 66.0594 2.83556
      vertex 114.108 66.4768 3.4
      vertex 114.082 66.4999 3.4
    endloop
  endfacet
  facet normal -0.470567 -0.536715 0.70036
    outer loop
      vertex 114.108 66.4768 3.4
      vertex 113.744 66.0594 2.83556
      vertex 115.254 64.7355 2.83556
    endloop
  endfacet
  facet normal -0.316871 -0.639301 0.700634
    outer loop
      vertex 112.245 67.7273 3.4
      vertex 111.852 67.3035 2.83556
      vertex 111.967 67.2465 2.83556
    endloop
  endfacet
  facet normal -0.315691 -0.640114 0.700423
    outer loop
      vertex 111.852 67.3035 2.83556
      vertex 112.245 67.7273 3.4
      vertex 110.295 68.689 3.4
    endloop
  endfacet
  facet normal 0.316731 -0.639591 0.700432
    outer loop
      vertex 97.3051 68.689 3.4
      vertex 97.5489 68.1916 2.83556
      vertex 97.3364 68.7045 3.4
    endloop
  endfacet
  facet normal 0.315682 -0.640108 0.700434
    outer loop
      vertex 97.5489 68.1916 2.83556
      vertex 97.3051 68.689 3.4
      vertex 95.7481 67.3035 2.83556
    endloop
  endfacet
  facet normal -0.699744 0.138399 0.700859
    outer loop
      vertex 119.97 50.8415 2.83556
      vertex 120.546 50.8954 3.4
      vertex 119.995 50.9679 2.83556
    endloop
  endfacet
  facet normal -0.699691 0.13944 0.700706
    outer loop
      vertex 120.546 50.8954 3.4
      vertex 119.97 50.8415 2.83556
      vertex 120.121 48.7628 3.4
    endloop
  endfacet
  facet normal 0.675997 -0.228736 0.700505
    outer loop
      vertex 88.1843 59.5305 3.4
      vertex 88.7085 59.3511 2.83556
      vertex 88.1955 59.5636 3.4
    endloop
  endfacet
  facet normal 0.675763 -0.229425 0.700506
    outer loop
      vertex 88.7085 59.3511 2.83556
      vertex 88.1843 59.5305 3.4
      vertex 88.063 57.4498 2.83556
    endloop
  endfacet
  facet normal -0.643842 0.308551 0.700188
    outer loop
      vertex 118.892 46.8489 2.83556
      vertex 119.389 46.6051 3.4
      vertex 119.404 46.6364 3.4
    endloop
  endfacet
  facet normal -0.640184 0.316039 0.700202
    outer loop
      vertex 119.389 46.6051 3.4
      vertex 118.892 46.8489 2.83556
      vertex 118.003 45.0481 2.83556
    endloop
  endfacet
  facet normal 0.396647 -0.593309 0.700468
    outer loop
      vertex 95.3549 67.7273 3.4
      vertex 95.5254 67.1749 2.83556
      vertex 95.6325 67.2465 2.83556
    endloop
  endfacet
  facet normal 0.396487 -0.593385 0.700494
    outer loop
      vertex 95.5254 67.1749 2.83556
      vertex 95.3549 67.7273 3.4
      vertex 93.547 66.5193 3.4
    endloop
  endfacet
  facet normal 0.640097 -0.315619 0.700472
    outer loop
      vertex 89.1727 61.5451 3.4
      vertex 89.5965 61.1519 2.83556
      vertex 89.6535 61.2675 2.83556
    endloop
  endfacet
  facet normal 0.640081 -0.315642 0.700476
    outer loop
      vertex 89.5965 61.1519 2.83556
      vertex 89.1727 61.5451 3.4
      vertex 88.211 59.5949 3.4
    endloop
  endfacet
  facet normal -0.671081 -0.243292 0.700328
    outer loop
      vertex 118.892 59.3511 2.83556
      vertex 119.416 59.5305 3.4
      vertex 119.404 59.5636 3.4
    endloop
  endfacet
  facet normal -0.675931 -0.229304 0.700384
    outer loop
      vertex 119.416 59.5305 3.4
      vertex 118.892 59.3511 2.83556
      vertex 119.537 57.4498 2.83556
    endloop
  endfacet
  facet normal 0.396488 -0.5934 0.700481
    outer loop
      vertex 93.547 66.5193 3.4
      vertex 93.8559 66.0594 2.83556
      vertex 95.5254 67.1749 2.83556
    endloop
  endfacet
  facet normal 0.395874 -0.593811 0.70048
    outer loop
      vertex 93.8559 66.0594 2.83556
      vertex 93.547 66.5193 3.4
      vertex 93.5179 66.4999 3.4
    endloop
  endfacet
  facet normal -0.536999 -0.469619 0.700779
    outer loop
      vertex 117.177 63.4084 3.4
      vertex 116.759 63.0441 2.83556
      vertex 117.2 63.3821 3.4
    endloop
  endfacet
  facet normal -0.536503 -0.470186 0.700778
    outer loop
      vertex 116.759 63.0441 2.83556
      vertex 117.177 63.4084 3.4
      vertex 115.436 64.5537 2.83556
    endloop
  endfacet
  facet normal 0.699948 -0.139228 0.700492
    outer loop
      vertex 87.0543 55.3046 3.4
      vertex 87.6299 55.3585 2.83556
      vertex 87.4785 57.4372 3.4
    endloop
  endfacet
  facet normal 0.69996 -0.138995 0.700526
    outer loop
      vertex 87.6299 55.3585 2.83556
      vertex 87.0543 55.3046 3.4
      vertex 87.6048 55.2321 2.83556
    endloop
  endfacet
  facet normal 0.69996 0.139224 0.700481
    outer loop
      vertex 87.4785 48.7628 3.4
      vertex 88.0216 48.8722 2.83556
      vertex 87.6299 50.8415 2.83556
    endloop
  endfacet
  facet normal 0.699654 0.140747 0.700482
    outer loop
      vertex 88.0216 48.8722 2.83556
      vertex 87.4785 48.7628 3.4
      vertex 87.4854 48.7285 3.4
    endloop
  endfacet
  facet normal 0.470962 -0.536203 0.700486
    outer loop
      vertex 93.4916 66.4768 3.4
      vertex 93.8559 66.0594 2.83556
      vertex 93.5179 66.4999 3.4
    endloop
  endfacet
  facet normal 0.470555 -0.536559 0.700487
    outer loop
      vertex 93.8559 66.0594 2.83556
      vertex 93.4916 66.4768 3.4
      vertex 92.3463 64.7355 2.83556
    endloop
  endfacet
  facet normal -0.699691 -0.13944 0.700706
    outer loop
      vertex 119.97 55.3585 2.83556
      vertex 120.546 55.3046 3.4
      vertex 120.121 57.4372 3.4
    endloop
  endfacet
  facet normal -0.699744 -0.138399 0.700859
    outer loop
      vertex 120.546 55.3046 3.4
      vertex 119.97 55.3585 2.83556
      vertex 119.995 55.2321 2.83556
    endloop
  endfacet
  facet normal -0.7 0.139339 0.700418
    outer loop
      vertex 119.578 48.8722 2.83556
      vertex 120.121 48.7628 3.4
      vertex 119.97 50.8415 2.83556
    endloop
  endfacet
  facet normal -0.70317 0.123004 0.700301
    outer loop
      vertex 120.121 48.7628 3.4
      vertex 119.578 48.8722 2.83556
      vertex 120.115 48.7285 3.4
    endloop
  endfacet
  facet normal 0.712066 -0.0471017 0.70053
    outer loop
      vertex 87.0543 55.3046 3.4
      vertex 87.5963 55.1036 2.83556
      vertex 87.6048 55.2321 2.83556
    endloop
  endfacet
  facet normal 0.712158 -0.0466741 0.700466
    outer loop
      vertex 87.5963 55.1036 2.83556
      vertex 87.0543 55.3046 3.4
      vertex 86.9121 53.1349 3.4
    endloop
  endfacet
  facet normal 0.593811 0.395874 0.70048
    outer loop
      vertex 90.8406 43.1559 2.83556
      vertex 90.3807 42.847 3.4
      vertex 90.4001 42.8179 3.4
    endloop
  endfacet
  facet normal 0.5934 0.396488 0.700481
    outer loop
      vertex 90.3807 42.847 3.4
      vertex 90.8406 43.1559 2.83556
      vertex 89.7251 44.8254 2.83556
    endloop
  endfacet
  facet normal 0.699654 -0.140747 0.700482
    outer loop
      vertex 87.4785 57.4372 3.4
      vertex 88.0216 57.3278 2.83556
      vertex 87.4854 57.4715 3.4
    endloop
  endfacet
  facet normal 0.69996 -0.139224 0.700481
    outer loop
      vertex 88.0216 57.3278 2.83556
      vertex 87.4785 57.4372 3.4
      vertex 87.6299 55.3585 2.83556
    endloop
  endfacet
  facet normal 0.67585 -0.229408 0.700427
    outer loop
      vertex 87.4854 57.4715 3.4
      vertex 88.063 57.4498 2.83556
      vertex 88.1843 59.5305 3.4
    endloop
  endfacet
  facet normal 0.675861 -0.22935 0.700436
    outer loop
      vertex 88.063 57.4498 2.83556
      vertex 87.4854 57.4715 3.4
      vertex 88.0216 57.3278 2.83556
    endloop
  endfacet
  facet normal -0.470235 0.537253 0.70017
    outer loop
      vertex 115.254 41.4645 2.83556
      vertex 115.743 41.1569 3.4
      vertex 115.351 41.5494 2.83556
    endloop
  endfacet
  facet normal -0.470665 0.536749 0.700268
    outer loop
      vertex 115.743 41.1569 3.4
      vertex 115.254 41.4645 2.83556
      vertex 114.108 39.7232 3.4
    endloop
  endfacet
  facet normal 0.229425 0.675763 0.700506
    outer loop
      vertex 97.5489 38.0085 2.83556
      vertex 97.3695 37.4843 3.4
      vertex 99.4502 37.363 2.83556
    endloop
  endfacet
  facet normal 0.228736 0.675997 0.700505
    outer loop
      vertex 97.3695 37.4843 3.4
      vertex 97.5489 38.0085 2.83556
      vertex 97.3364 37.4955 3.4
    endloop
  endfacet
  facet normal 0.0466678 0.712159 0.700465
    outer loop
      vertex 101.796 36.8963 2.83556
      vertex 101.595 36.3543 3.4
      vertex 103.765 36.2121 3.4
    endloop
  endfacet
  facet normal 0.0472831 0.712028 0.700558
    outer loop
      vertex 101.668 36.9048 2.83556
      vertex 101.595 36.3543 3.4
      vertex 101.796 36.8963 2.83556
    endloop
  endfacet
  facet normal 0.470337 0.536816 0.700437
    outer loop
      vertex 91.8568 41.1569 3.4
      vertex 92.3463 41.4645 2.83556
      vertex 92.2494 41.5494 2.83556
    endloop
  endfacet
  facet normal 0.470556 0.536559 0.700487
    outer loop
      vertex 92.3463 41.4645 2.83556
      vertex 91.8568 41.1569 3.4
      vertex 93.4916 39.7232 3.4
    endloop
  endfacet
  facet normal 0.593385 -0.396487 0.700494
    outer loop
      vertex 89.1727 61.5451 3.4
      vertex 89.7251 61.3746 2.83556
      vertex 90.3807 63.353 3.4
    endloop
  endfacet
  facet normal 0.593309 -0.396647 0.700468
    outer loop
      vertex 89.7251 61.3746 2.83556
      vertex 89.1727 61.5451 3.4
      vertex 89.6535 61.2675 2.83556
    endloop
  endfacet
  facet normal -0.315575 0.640035 0.700548
    outer loop
      vertex 110.051 38.0085 2.83556
      vertex 110.295 37.511 3.4
      vertex 111.852 38.8965 2.83556
    endloop
  endfacet
  facet normal -0.319138 0.638276 0.700539
    outer loop
      vertex 110.295 37.511 3.4
      vertex 110.051 38.0085 2.83556
      vertex 110.264 37.4955 3.4
    endloop
  endfacet
  facet normal 0.396488 0.5934 0.700481
    outer loop
      vertex 93.8559 40.1406 2.83556
      vertex 93.547 39.6807 3.4
      vertex 95.5254 39.0251 2.83556
    endloop
  endfacet
  facet normal 0.395874 0.593811 0.70048
    outer loop
      vertex 93.547 39.6807 3.4
      vertex 93.8559 40.1406 2.83556
      vertex 93.5179 39.7001 3.4
    endloop
  endfacet
  facet normal -0.593274 0.396582 0.700535
    outer loop
      vertex 116.759 43.1559 2.83556
      vertex 117.219 42.847 3.4
      vertex 117.875 44.8254 2.83556
    endloop
  endfacet
  facet normal -0.597554 0.390155 0.700506
    outer loop
      vertex 117.219 42.847 3.4
      vertex 116.759 43.1559 2.83556
      vertex 117.2 42.8179 3.4
    endloop
  endfacet
  facet normal -0.536999 0.469619 0.700779
    outer loop
      vertex 116.759 43.1559 2.83556
      vertex 117.177 42.7916 3.4
      vertex 117.2 42.8179 3.4
    endloop
  endfacet
  facet normal -0.536503 0.470186 0.700778
    outer loop
      vertex 117.177 42.7916 3.4
      vertex 116.759 43.1559 2.83556
      vertex 115.436 41.6463 2.83556
    endloop
  endfacet
  facet normal -0.71245 0.0408281 0.700534
    outer loop
      vertex 120.135 53.1 2.83556
      vertex 120.688 53.0651 3.4
      vertex 120.69 53.1 3.4
    endloop
  endfacet
  facet normal -0.712093 0.0465583 0.700539
    outer loop
      vertex 120.688 53.0651 3.4
      vertex 120.135 53.1 2.83556
      vertex 120.004 51.0964 2.83556
    endloop
  endfacet
  facet normal -0.396797 -0.59315 0.700518
    outer loop
      vertex 114.053 66.5193 3.4
      vertex 113.744 66.0594 2.83556
      vertex 114.082 66.4999 3.4
    endloop
  endfacet
  facet normal -0.396551 -0.593315 0.700517
    outer loop
      vertex 113.744 66.0594 2.83556
      vertex 114.053 66.5193 3.4
      vertex 112.075 67.1749 2.83556
    endloop
  endfacet
  facet normal -0.675931 0.229304 0.700384
    outer loop
      vertex 118.892 46.8489 2.83556
      vertex 119.416 46.6695 3.4
      vertex 119.537 48.7502 2.83556
    endloop
  endfacet
  facet normal -0.671081 0.243292 0.700328
    outer loop
      vertex 119.416 46.6695 3.4
      vertex 118.892 46.8489 2.83556
      vertex 119.404 46.6364 3.4
    endloop
  endfacet
  facet normal 0.712132 0.0469314 0.700475
    outer loop
      vertex 86.9121 53.0651 3.4
      vertex 87.465 53.1 2.83556
      vertex 86.9098 53.1 3.4
    endloop
  endfacet
  facet normal 0.712149 0.0466686 0.700475
    outer loop
      vertex 87.465 53.1 2.83556
      vertex 86.9121 53.0651 3.4
      vertex 87.5963 51.0964 2.83556
    endloop
  endfacet
  facet normal -0.711479 -0.0498312 0.700938
    outer loop
      vertex 120.004 55.1036 2.83556
      vertex 120.546 55.3046 3.4
      vertex 119.995 55.2321 2.83556
    endloop
  endfacet
  facet normal -0.712172 -0.0466094 0.700456
    outer loop
      vertex 120.546 55.3046 3.4
      vertex 120.004 55.1036 2.83556
      vertex 120.688 53.1349 3.4
    endloop
  endfacet
  facet normal -0.711479 0.0498312 0.700938
    outer loop
      vertex 120.546 50.8954 3.4
      vertex 120.004 51.0964 2.83556
      vertex 119.995 50.9679 2.83556
    endloop
  endfacet
  facet normal -0.712172 0.0466094 0.700456
    outer loop
      vertex 120.004 51.0964 2.83556
      vertex 120.546 50.8954 3.4
      vertex 120.688 53.0651 3.4
    endloop
  endfacet
  facet normal 0.138347 -0.700005 0.700609
    outer loop
      vertex 101.595 69.8457 3.4
      vertex 101.541 69.2701 2.83556
      vertex 101.668 69.2952 2.83556
    endloop
  endfacet
  facet normal 0.139256 -0.699959 0.700475
    outer loop
      vertex 101.541 69.2701 2.83556
      vertex 101.595 69.8457 3.4
      vertex 99.4628 69.4215 3.4
    endloop
  endfacet
  facet normal -0.229454 -0.675985 0.700282
    outer loop
      vertex 108.171 69.4146 3.4
      vertex 108.15 68.837 2.83556
      vertex 110.23 68.7157 3.4
    endloop
  endfacet
  facet normal -0.229395 -0.675996 0.700291
    outer loop
      vertex 108.15 68.837 2.83556
      vertex 108.171 69.4146 3.4
      vertex 108.028 68.8784 2.83556
    endloop
  endfacet
  facet normal -0.14195 0.699463 0.70043
    outer loop
      vertex 108.028 37.3216 2.83556
      vertex 108.137 36.7785 3.4
      vertex 108.171 36.7854 3.4
    endloop
  endfacet
  facet normal -0.139254 0.700004 0.70043
    outer loop
      vertex 108.137 36.7785 3.4
      vertex 108.028 37.3216 2.83556
      vertex 106.059 36.9299 2.83556
    endloop
  endfacet
  facet normal -0.139269 0.699958 0.700473
    outer loop
      vertex 106.059 36.9299 2.83556
      vertex 106.005 36.3543 3.4
      vertex 108.137 36.7785 3.4
    endloop
  endfacet
  facet normal -0.138347 0.700005 0.700609
    outer loop
      vertex 106.005 36.3543 3.4
      vertex 106.059 36.9299 2.83556
      vertex 105.932 36.9048 2.83556
    endloop
  endfacet
  facet normal 0.640071 -0.315628 0.700491
    outer loop
      vertex 88.211 59.5949 3.4
      vertex 88.7085 59.3511 2.83556
      vertex 89.5965 61.1519 2.83556
    endloop
  endfacet
  facet normal 0.639541 -0.316705 0.700489
    outer loop
      vertex 88.7085 59.3511 2.83556
      vertex 88.211 59.5949 3.4
      vertex 88.1955 59.5636 3.4
    endloop
  endfacet
  facet normal -0.639928 -0.315666 0.700605
    outer loop
      vertex 118.427 61.5451 3.4
      vertex 118.003 61.1519 2.83556
      vertex 119.389 59.5949 3.4
    endloop
  endfacet
  facet normal -0.642847 -0.311414 0.699835
    outer loop
      vertex 118.003 61.1519 2.83556
      vertex 118.427 61.5451 3.4
      vertex 117.947 61.2675 2.83556
    endloop
  endfacet
  facet normal -0.643842 -0.308551 0.700188
    outer loop
      vertex 119.389 59.5949 3.4
      vertex 118.892 59.3511 2.83556
      vertex 119.404 59.5636 3.4
    endloop
  endfacet
  facet normal -0.640184 -0.316039 0.700202
    outer loop
      vertex 118.892 59.3511 2.83556
      vertex 119.389 59.5949 3.4
      vertex 118.003 61.1519 2.83556
    endloop
  endfacet
  facet normal 0.675997 0.228736 0.700505
    outer loop
      vertex 88.7085 46.8489 2.83556
      vertex 88.1843 46.6695 3.4
      vertex 88.1955 46.6364 3.4
    endloop
  endfacet
  facet normal 0.675763 0.229425 0.700506
    outer loop
      vertex 88.1843 46.6695 3.4
      vertex 88.7085 46.8489 2.83556
      vertex 88.063 48.7502 2.83556
    endloop
  endfacet
  facet normal 0.315619 0.640097 0.700472
    outer loop
      vertex 95.3549 38.4727 3.4
      vertex 95.7481 38.8965 2.83556
      vertex 95.6325 38.9535 2.83556
    endloop
  endfacet
  facet normal 0.315642 0.640081 0.700476
    outer loop
      vertex 95.7481 38.8965 2.83556
      vertex 95.3549 38.4727 3.4
      vertex 97.3051 37.511 3.4
    endloop
  endfacet
  facet normal -0.470567 0.536715 0.70036
    outer loop
      vertex 113.744 40.1406 2.83556
      vertex 114.108 39.7232 3.4
      vertex 115.254 41.4645 2.83556
    endloop
  endfacet
  facet normal -0.474098 0.533617 0.700346
    outer loop
      vertex 114.108 39.7232 3.4
      vertex 113.744 40.1406 2.83556
      vertex 114.082 39.7001 3.4
    endloop
  endfacet
  facet normal -0.396568 0.593539 0.700318
    outer loop
      vertex 112.075 39.0251 2.83556
      vertex 112.245 38.4727 3.4
      vertex 114.053 39.6807 3.4
    endloop
  endfacet
  facet normal -0.394229 0.594647 0.700698
    outer loop
      vertex 112.245 38.4727 3.4
      vertex 112.075 39.0251 2.83556
      vertex 111.967 38.9535 2.83556
    endloop
  endfacet
  facet normal -0.319163 -0.638327 0.700481
    outer loop
      vertex 110.051 68.1916 2.83556
      vertex 110.295 68.689 3.4
      vertex 110.264 68.7045 3.4
    endloop
  endfacet
  facet normal -0.315629 -0.640071 0.700491
    outer loop
      vertex 110.295 68.689 3.4
      vertex 110.051 68.1916 2.83556
      vertex 111.852 67.3035 2.83556
    endloop
  endfacet
  facet normal 0.470508 -0.536542 0.700531
    outer loop
      vertex 91.8568 65.0432 3.4
      vertex 92.3463 64.7355 2.83556
      vertex 93.4916 66.4768 3.4
    endloop
  endfacet
  facet normal 0.470306 -0.53678 0.700485
    outer loop
      vertex 92.3463 64.7355 2.83556
      vertex 91.8568 65.0432 3.4
      vertex 92.2494 64.6506 2.83556
    endloop
  endfacet
  facet normal 0.536559 0.470555 0.700487
    outer loop
      vertex 90.8406 43.1559 2.83556
      vertex 90.4232 42.7916 3.4
      vertex 92.1645 41.6463 2.83556
    endloop
  endfacet
  facet normal 0.536203 0.470962 0.700486
    outer loop
      vertex 90.4232 42.7916 3.4
      vertex 90.8406 43.1559 2.83556
      vertex 90.4001 42.8179 3.4
    endloop
  endfacet
  facet normal -0.396797 0.59315 0.700518
    outer loop
      vertex 113.744 40.1406 2.83556
      vertex 114.053 39.6807 3.4
      vertex 114.082 39.7001 3.4
    endloop
  endfacet
  facet normal -0.396551 0.593315 0.700517
    outer loop
      vertex 114.053 39.6807 3.4
      vertex 113.744 40.1406 2.83556
      vertex 112.075 39.0251 2.83556
    endloop
  endfacet
  facet normal -0.0467976 -0.712137 0.700479
    outer loop
      vertex 103.8 69.435 2.83556
      vertex 103.835 69.9879 3.4
      vertex 103.8 69.9902 3.4
    endloop
  endfacet
  facet normal -0.0466944 -0.712144 0.700479
    outer loop
      vertex 103.835 69.9879 3.4
      vertex 103.8 69.435 2.83556
      vertex 105.804 69.3036 2.83556
    endloop
  endfacet
  facet normal -0.592684 0.398443 0.699978
    outer loop
      vertex 117.875 44.8254 2.83556
      vertex 118.427 44.6549 3.4
      vertex 117.947 44.9325 2.83556
    endloop
  endfacet
  facet normal -0.59356 0.396604 0.70028
    outer loop
      vertex 118.427 44.6549 3.4
      vertex 117.875 44.8254 2.83556
      vertex 117.219 42.847 3.4
    endloop
  endfacet
  facet normal -0.639928 0.315666 0.700605
    outer loop
      vertex 118.003 45.0481 2.83556
      vertex 118.427 44.6549 3.4
      vertex 119.389 46.6051 3.4
    endloop
  endfacet
  facet normal -0.642847 0.311414 0.699835
    outer loop
      vertex 118.427 44.6549 3.4
      vertex 118.003 45.0481 2.83556
      vertex 117.947 44.9325 2.83556
    endloop
  endfacet
  facet normal 0.712158 0.0466741 0.700466
    outer loop
      vertex 87.0543 50.8954 3.4
      vertex 87.5963 51.0964 2.83556
      vertex 86.9121 53.0651 3.4
    endloop
  endfacet
  facet normal 0.712066 0.0471017 0.70053
    outer loop
      vertex 87.5963 51.0964 2.83556
      vertex 87.0543 50.8954 3.4
      vertex 87.6048 50.9679 2.83556
    endloop
  endfacet
  facet normal -0.676016 -0.227186 0.700991
    outer loop
      vertex 120.115 57.4715 3.4
      vertex 119.537 57.4498 2.83556
      vertex 119.578 57.3278 2.83556
    endloop
  endfacet
  facet normal -0.675618 -0.229362 0.700667
    outer loop
      vertex 119.537 57.4498 2.83556
      vertex 120.115 57.4715 3.4
      vertex 119.416 59.5305 3.4
    endloop
  endfacet
  facet normal -0.70317 -0.123004 0.700301
    outer loop
      vertex 119.578 57.3278 2.83556
      vertex 120.121 57.4372 3.4
      vertex 120.115 57.4715 3.4
    endloop
  endfacet
  facet normal -0.7 -0.139339 0.700418
    outer loop
      vertex 120.121 57.4372 3.4
      vertex 119.578 57.3278 2.83556
      vertex 119.97 55.3585 2.83556
    endloop
  endfacet
  facet normal -0.223332 -0.677971 0.700342
    outer loop
      vertex 110.23 68.7157 3.4
      vertex 110.051 68.1916 2.83556
      vertex 110.264 68.7045 3.4
    endloop
  endfacet
  facet normal -0.229471 -0.675896 0.700362
    outer loop
      vertex 110.051 68.1916 2.83556
      vertex 110.23 68.7157 3.4
      vertex 108.15 68.837 2.83556
    endloop
  endfacet
  facet normal -0.0466636 -0.712096 0.700529
    outer loop
      vertex 105.804 69.3036 2.83556
      vertex 106.005 69.8457 3.4
      vertex 103.835 69.9879 3.4
    endloop
  endfacet
  facet normal -0.0467304 -0.712082 0.700539
    outer loop
      vertex 105.932 69.2952 2.83556
      vertex 106.005 69.8457 3.4
      vertex 105.804 69.3036 2.83556
    endloop
  endfacet
  facet normal 0.22935 0.675861 0.700436
    outer loop
      vertex 99.4502 37.363 2.83556
      vertex 99.4285 36.7854 3.4
      vertex 99.5722 37.3216 2.83556
    endloop
  endfacet
  facet normal 0.229408 0.67585 0.700427
    outer loop
      vertex 99.4285 36.7854 3.4
      vertex 99.4502 37.363 2.83556
      vertex 97.3695 37.4843 3.4
    endloop
  endfacet
  facet normal -0.396568 -0.593539 0.700318
    outer loop
      vertex 112.245 67.7273 3.4
      vertex 112.075 67.1749 2.83556
      vertex 114.053 66.5193 3.4
    endloop
  endfacet
  facet normal -0.394229 -0.594647 0.700698
    outer loop
      vertex 112.075 67.1749 2.83556
      vertex 112.245 67.7273 3.4
      vertex 111.967 67.2465 2.83556
    endloop
  endfacet
  facet normal 0.22935 -0.675861 0.700436
    outer loop
      vertex 99.4285 69.4146 3.4
      vertex 99.4502 68.837 2.83556
      vertex 99.5722 68.8784 2.83556
    endloop
  endfacet
  facet normal 0.229408 -0.67585 0.700427
    outer loop
      vertex 99.4502 68.837 2.83556
      vertex 99.4285 69.4146 3.4
      vertex 97.3695 68.7157 3.4
    endloop
  endfacet
  facet normal 0.0467976 0.712137 0.700479
    outer loop
      vertex 103.8 36.765 2.83556
      vertex 103.765 36.2121 3.4
      vertex 103.8 36.2098 3.4
    endloop
  endfacet
  facet normal 0.0466591 0.712146 0.700479
    outer loop
      vertex 103.765 36.2121 3.4
      vertex 103.8 36.765 2.83556
      vertex 101.796 36.8963 2.83556
    endloop
  endfacet
  facet normal -0.139269 -0.699958 0.700473
    outer loop
      vertex 106.005 69.8457 3.4
      vertex 106.059 69.2701 2.83556
      vertex 108.137 69.4215 3.4
    endloop
  endfacet
  facet normal -0.138347 -0.700005 0.700609
    outer loop
      vertex 106.059 69.2701 2.83556
      vertex 106.005 69.8457 3.4
      vertex 105.932 69.2952 2.83556
    endloop
  endfacet
  facet normal 0.640071 0.315628 0.700491
    outer loop
      vertex 88.7085 46.8489 2.83556
      vertex 88.211 46.6051 3.4
      vertex 89.5965 45.0481 2.83556
    endloop
  endfacet
  facet normal 0.639541 0.316705 0.700489
    outer loop
      vertex 88.211 46.6051 3.4
      vertex 88.7085 46.8489 2.83556
      vertex 88.1955 46.6364 3.4
    endloop
  endfacet
  facet normal 0.470962 0.536203 0.700486
    outer loop
      vertex 93.8559 40.1406 2.83556
      vertex 93.4916 39.7232 3.4
      vertex 93.5179 39.7001 3.4
    endloop
  endfacet
  facet normal 0.470555 0.536559 0.700487
    outer loop
      vertex 93.4916 39.7232 3.4
      vertex 93.8559 40.1406 2.83556
      vertex 92.3463 41.4645 2.83556
    endloop
  endfacet
  facet normal -0.597554 -0.390155 0.700506
    outer loop
      vertex 116.759 63.0441 2.83556
      vertex 117.219 63.353 3.4
      vertex 117.2 63.3821 3.4
    endloop
  endfacet
  facet normal -0.593274 -0.396582 0.700535
    outer loop
      vertex 117.219 63.353 3.4
      vertex 116.759 63.0441 2.83556
      vertex 117.875 61.3746 2.83556
    endloop
  endfacet
  facet normal -0.14195 -0.699463 0.70043
    outer loop
      vertex 108.137 69.4215 3.4
      vertex 108.028 68.8784 2.83556
      vertex 108.171 69.4146 3.4
    endloop
  endfacet
  facet normal -0.139254 -0.700004 0.70043
    outer loop
      vertex 108.028 68.8784 2.83556
      vertex 108.137 69.4215 3.4
      vertex 106.059 69.2701 2.83556
    endloop
  endfacet
  facet normal -0.0467976 0.712137 0.700479
    outer loop
      vertex 103.835 36.2121 3.4
      vertex 103.8 36.765 2.83556
      vertex 103.8 36.2098 3.4
    endloop
  endfacet
  facet normal -0.0466591 0.712146 0.700479
    outer loop
      vertex 103.8 36.765 2.83556
      vertex 103.835 36.2121 3.4
      vertex 105.804 36.8963 2.83556
    endloop
  endfacet
  facet normal 0.536811 0.470333 0.700443
    outer loop
      vertex 92.1645 41.6463 2.83556
      vertex 91.8568 41.1569 3.4
      vertex 92.2494 41.5494 2.83556
    endloop
  endfacet
  facet normal 0.536557 0.47055 0.700492
    outer loop
      vertex 91.8568 41.1569 3.4
      vertex 92.1645 41.6463 2.83556
      vertex 90.4232 42.7916 3.4
    endloop
  endfacet
  facet normal -0.470204 -0.537217 0.700219
    outer loop
      vertex 115.743 65.0432 3.4
      vertex 115.254 64.7355 2.83556
      vertex 115.351 64.6506 2.83556
    endloop
  endfacet
  facet normal -0.470617 -0.536732 0.700313
    outer loop
      vertex 115.254 64.7355 2.83556
      vertex 115.743 65.0432 3.4
      vertex 114.108 66.4768 3.4
    endloop
  endfacet
  facet normal -0.536716 -0.470792 0.700207
    outer loop
      vertex 115.743 65.0432 3.4
      vertex 115.436 64.5537 2.83556
      vertex 117.177 63.4084 3.4
    endloop
  endfacet
  facet normal -0.53671 -0.470798 0.700208
    outer loop
      vertex 115.436 64.5537 2.83556
      vertex 115.743 65.0432 3.4
      vertex 115.351 64.6506 2.83556
    endloop
  endfacet
  facet normal 0.593309 0.396647 0.700468
    outer loop
      vertex 89.1727 44.6549 3.4
      vertex 89.7251 44.8254 2.83556
      vertex 89.6535 44.9325 2.83556
    endloop
  endfacet
  facet normal 0.593385 0.396487 0.700494
    outer loop
      vertex 89.7251 44.8254 2.83556
      vertex 89.1727 44.6549 3.4
      vertex 90.3807 42.847 3.4
    endloop
  endfacet
  facet normal -0.316871 0.639301 0.700634
    outer loop
      vertex 111.852 38.8965 2.83556
      vertex 112.245 38.4727 3.4
      vertex 111.967 38.9535 2.83556
    endloop
  endfacet
  facet normal -0.315691 0.640114 0.700423
    outer loop
      vertex 112.245 38.4727 3.4
      vertex 111.852 38.8965 2.83556
      vertex 110.295 37.511 3.4
    endloop
  endfacet
  facet normal 0.0467304 -0.712082 0.700539
    outer loop
      vertex 101.796 69.3036 2.83556
      vertex 101.595 69.8457 3.4
      vertex 101.668 69.2952 2.83556
    endloop
  endfacet
  facet normal 0.0466636 -0.712096 0.700529
    outer loop
      vertex 101.595 69.8457 3.4
      vertex 101.796 69.3036 2.83556
      vertex 103.765 69.9879 3.4
    endloop
  endfacet
  facet normal 0.139258 -0.699953 0.700481
    outer loop
      vertex 99.4628 69.4215 3.4
      vertex 99.5722 68.8784 2.83556
      vertex 101.541 69.2701 2.83556
    endloop
  endfacet
  facet normal 0.140747 -0.699654 0.700482
    outer loop
      vertex 99.5722 68.8784 2.83556
      vertex 99.4628 69.4215 3.4
      vertex 99.4285 69.4146 3.4
    endloop
  endfacet
  facet normal 0.229412 -0.67583 0.700445
    outer loop
      vertex 97.3695 68.7157 3.4
      vertex 97.5489 68.1916 2.83556
      vertex 99.4502 68.837 2.83556
    endloop
  endfacet
  facet normal 0.228755 -0.676054 0.700444
    outer loop
      vertex 97.5489 68.1916 2.83556
      vertex 97.3695 68.7157 3.4
      vertex 97.3364 68.7045 3.4
    endloop
  endfacet
  facet normal -0.0472831 0.712028 0.700558
    outer loop
      vertex 105.804 36.8963 2.83556
      vertex 106.005 36.3543 3.4
      vertex 105.932 36.9048 2.83556
    endloop
  endfacet
  facet normal -0.0466678 0.712159 0.700465
    outer loop
      vertex 106.005 36.3543 3.4
      vertex 105.804 36.8963 2.83556
      vertex 103.835 36.2121 3.4
    endloop
  endfacet
  facet normal 0.315642 -0.640081 0.700476
    outer loop
      vertex 95.3549 67.7273 3.4
      vertex 95.7481 67.3035 2.83556
      vertex 97.3051 68.689 3.4
    endloop
  endfacet
  facet normal 0.315619 -0.640097 0.700472
    outer loop
      vertex 95.7481 67.3035 2.83556
      vertex 95.3549 67.7273 3.4
      vertex 95.6325 67.2465 2.83556
    endloop
  endfacet
  facet normal 0.675861 0.22935 0.700436
    outer loop
      vertex 87.4854 48.7285 3.4
      vertex 88.063 48.7502 2.83556
      vertex 88.0216 48.8722 2.83556
    endloop
  endfacet
  facet normal 0.67585 0.229408 0.700427
    outer loop
      vertex 88.063 48.7502 2.83556
      vertex 87.4854 48.7285 3.4
      vertex 88.1843 46.6695 3.4
    endloop
  endfacet
  facet normal 0.138347 0.700005 0.700609
    outer loop
      vertex 101.541 36.9299 2.83556
      vertex 101.595 36.3543 3.4
      vertex 101.668 36.9048 2.83556
    endloop
  endfacet
  facet normal 0.139256 0.699959 0.700475
    outer loop
      vertex 101.595 36.3543 3.4
      vertex 101.541 36.9299 2.83556
      vertex 99.4628 36.7785 3.4
    endloop
  endfacet
  facet normal 0.396647 0.593309 0.700468
    outer loop
      vertex 95.5254 39.0251 2.83556
      vertex 95.3549 38.4727 3.4
      vertex 95.6325 38.9535 2.83556
    endloop
  endfacet
  facet normal 0.396487 0.593385 0.700494
    outer loop
      vertex 95.3549 38.4727 3.4
      vertex 95.5254 39.0251 2.83556
      vertex 93.547 39.6807 3.4
    endloop
  endfacet
  facet normal 0.316705 0.639541 0.700489
    outer loop
      vertex 97.5489 38.0085 2.83556
      vertex 97.3051 37.511 3.4
      vertex 97.3364 37.4955 3.4
    endloop
  endfacet
  facet normal 0.315628 0.640071 0.700491
    outer loop
      vertex 97.3051 37.511 3.4
      vertex 97.5489 38.0085 2.83556
      vertex 95.7481 38.8965 2.83556
    endloop
  endfacet
  facet normal -0.105968 0.734992 0.669745
    outer loop
      vertex 0.617995 25.8729 1.7928
      vertex 0 26.3344 1.18856
      vertex 0 25.7838 1.7928
    endloop
  endfacet
  facet normal -0.661105 0.148192 0.735513
    outer loop
      vertex 3.25556 32.0649 0.103271
      vertex 3.20872 32.3685 0
      vertex 3.16613 32.1785 0
    endloop
  endfacet
  facet normal -0.718374 0.662108 0.213427
    outer loop
      vertex 2.49465 26.6941 3.07298
      vertex 2.45196 26.8568 2.42455
      vertex 1.87665 26.2326 2.42455
    endloop
  endfacet
  facet normal -0.951934 0.146878 0.268792
    outer loop
      vertex 4.73683 33.4077 2.42455
      vertex 4.57332 33.5041 1.7928
      vertex 4.37425 32.2139 1.7928
    endloop
  endfacet
  facet normal -0.258699 -0.591169 0.763933
    outer loop
      vertex 1.076 45.0345 0.622149
      vertex 1.16064 45.7294 1.18856
      vertex 0.542643 45.2679 0.622149
    endloop
  endfacet
  facet normal -0.0888466 -0.616164 0.782591
    outer loop
      vertex 0.585326 45.9812 1.18856
      vertex 0 46.0656 1.18856
      vertex 0 45.3462 0.622149
    endloop
  endfacet
  facet normal -0.684502 -0.105644 0.721315
    outer loop
      vertex 3.53136 38.2817 0
      vertex 3.63111 38.3405 0.103271
      vertex 3.5004 38.4823 0
    endloop
  endfacet
  facet normal -0.474253 0.63499 0.609813
    outer loop
      vertex 1.22542 26.1387 1.7928
      vertex 1.81187 26.5767 1.7928
      vertex 1.16064 26.6706 1.18856
    endloop
  endfacet
  facet normal -0.461864 -0.314201 0.829433
    outer loop
      vertex 2.22559 42.581 0
      vertex 2.28846 42.7612 0.103271
      vertex 2.14552 42.6987 0
    endloop
  endfacet
  facet normal -0.907465 0.140018 0.396108
    outer loop
      vertex 4.37425 32.2139 1.7928
      vertex 4.33156 33.6466 1.18856
      vertex 4.14301 32.4246 1.18856
    endloop
  endfacet
  facet normal -0.956839 0.290618 0
    outer loop
      vertex 3.95827 29.518 3.07298
      vertex 4.32086 30.7118 3.4
      vertex 4.32086 30.7118 3.07298
    endloop
  endfacet
  facet normal -0.956839 0.290618 0
    outer loop
      vertex 4.32086 30.7118 3.4
      vertex 3.95827 29.518 3.07298
      vertex 3.95827 29.518 3.4
    endloop
  endfacet
  facet normal -0.887836 0.460161 0
    outer loop
      vertex 3.03729 27.4918 3.07298
      vertex 3.52796 28.4385 3.4
      vertex 3.52796 28.4385 3.07298
    endloop
  endfacet
  facet normal -0.887836 0.460161 0
    outer loop
      vertex 3.52796 28.4385 3.4
      vertex 3.03729 27.4918 3.07298
      vertex 3.03729 27.4918 3.4
    endloop
  endfacet
  facet normal -0.811464 -0.552003 0.191879
    outer loop
      vertex 2.98532 44.7592 2.42455
      vertex 3.03729 44.9082 3.07298
      vertex 2.49465 45.7059 3.07298
    endloop
  endfacet
  facet normal -0.535698 -0.71726 0.445606
    outer loop
      vertex 1.81187 45.8233 1.7928
      vertex 1.87665 46.1674 2.42455
      vertex 1.22542 46.2613 1.7928
    endloop
  endfacet
  facet normal -0.581214 -0.778311 0.237535
    outer loop
      vertex 1.90932 46.3409 3.07298
      vertex 1.29132 46.8024 3.07298
      vertex 1.26923 46.621 2.42455
    endloop
  endfacet
  facet normal -0.797489 -0.242221 0.552576
    outer loop
      vertex 3.60037 40.7731 0.622149
      vertex 3.55768 42.2058 1.18856
      vertex 3.29825 41.7678 0.622149
    endloop
  endfacet
  facet normal -0.987192 -0.0892546 0.132231
    outer loop
      vertex 4.86197 37.6082 2.42455
      vertex 4.94661 37.6327 3.07298
      vertex 4.73683 38.9923 2.42455
    endloop
  endfacet
  facet normal -0.387026 0.884467 0.26063
    outer loop
      vertex 0.651233 25.3175 3.07298
      vertex 1.26923 25.779 2.42455
      vertex 0.64009 25.5037 2.42455
    endloop
  endfacet
  facet normal -0.75678 0.301682 0.57989
    outer loop
      vertex 3.17092 29.224 1.18856
      vertex 3.55768 30.1942 1.18856
      vertex 2.93969 29.7327 0.622149
    endloop
  endfacet
  facet normal -0.918329 0.083032 0.387011
    outer loop
      vertex 4.57332 33.5041 1.7928
      vertex 4.446 34.9123 1.18856
      vertex 4.33156 33.6466 1.18856
    endloop
  endfacet
  facet normal -0.706936 0.0210676 0.706964
    outer loop
      vertex 3.72704 35.1205 0.103271
      vertex 3.63095 35.3616 0
      vertex 3.62465 35.1502 0
    endloop
  endfacet
  facet normal -0.7975 0.242216 0.552562
    outer loop
      vertex 3.88357 31.2672 1.18856
      vertex 3.60037 31.6269 0.622149
      vertex 3.55768 30.1942 1.18856
    endloop
  endfacet
  facet normal -0.701517 0.363587 0.612926
    outer loop
      vertex 3.17092 29.224 1.18856
      vertex 2.93969 29.7327 0.622149
      vertex 2.72991 28.3731 1.18856
    endloop
  endfacet
  facet normal -0.961141 0.0869004 0.262024
    outer loop
      vertex 4.73683 33.4077 2.42455
      vertex 4.69414 34.8404 1.7928
      vertex 4.57332 33.5041 1.7928
    endloop
  endfacet
  facet normal -0.717913 0.21804 0.661105
    outer loop
      vertex 3.29825 30.6322 0.622149
      vertex 3.25556 32.0649 0.103271
      vertex 2.98237 31.1654 0.103271
    endloop
  endfacet
  facet normal -0.0595202 -0.413083 0.908746
    outer loop
      vertex 0 44.4702 0.103271
      vertex 0.381105 44.1881 0
      vertex 0.490673 44.3995 0.103271
    endloop
  endfacet
  facet normal -0.0595038 -0.413064 0.908756
    outer loop
      vertex 0.381105 44.1881 0
      vertex 0 44.4702 0.103271
      vertex 0 44.243 0
    endloop
  endfacet
  facet normal -0.684485 -0.105613 0.721336
    outer loop
      vertex 3.47305 39.3649 0.103271
      vertex 3.5004 38.4823 0
      vertex 3.63111 38.3405 0.103271
    endloop
  endfacet
  facet normal -0.684475 -0.105614 0.721346
    outer loop
      vertex 3.5004 38.4823 0
      vertex 3.47305 39.3649 0.103271
      vertex 3.37764 39.2779 0
    endloop
  endfacet
  facet normal -0.408019 -0.546448 0.731379
    outer loop
      vertex 1.59095 44.65 0.622149
      vertex 1.16064 45.7294 1.18856
      vertex 1.076 45.0345 0.622149
    endloop
  endfacet
  facet normal -0.74972 0.168065 0.640058
    outer loop
      vertex 3.84089 32.6999 0.622149
      vertex 3.47305 33.0351 0.103271
      vertex 3.25556 32.0649 0.103271
    endloop
  endfacet
  facet normal -0.827283 -0.329775 0.454809
    outer loop
      vertex 3.55768 42.2058 1.18856
      vertex 3.75625 42.541 1.7928
      vertex 3.3479 43.5654 1.7928
    endloop
  endfacet
  facet normal -0.545351 -0.371002 0.751632
    outer loop
      vertex 2.28846 42.7612 0.103271
      vertex 2.07867 44.1208 0.622149
      vertex 1.8796 43.3622 0.103271
    endloop
  endfacet
  facet normal -0.0889036 -0.616129 0.782611
    outer loop
      vertex 0.542643 45.2679 0.622149
      vertex 0.585326 45.9812 1.18856
      vertex 0 45.3462 0.622149
    endloop
  endfacet
  facet normal -0.215082 -0.491377 0.843971
    outer loop
      vertex 0.972952 44.1884 0.103271
      vertex 1.076 45.0345 0.622149
      vertex 0.490673 44.3995 0.103271
    endloop
  endfacet
  facet normal -0.916923 0.365503 0.160189
    outer loop
      vertex 3.95827 29.518 3.07298
      vertex 3.89055 29.6323 2.42455
      vertex 3.52796 28.4385 3.07298
    endloop
  endfacet
  facet normal -0.0732416 0.508312 0.858053
    outer loop
      vertex 0.542643 27.1321 0.622149
      vertex 0.490673 28.0005 0.103271
      vertex 0 27.9298 0.103271
    endloop
  endfacet
  facet normal -0.882035 0.3516 0.313676
    outer loop
      vertex 3.89055 29.6323 2.42455
      vertex 3.75625 29.859 1.7928
      vertex 3.3479 28.8346 1.7928
    endloop
  endfacet
  facet normal -0.88994 0.199487 0.410137
    outer loop
      vertex 4.37425 32.2139 1.7928
      vertex 4.14301 32.4246 1.18856
      vertex 3.88357 31.2672 1.18856
    endloop
  endfacet
  facet normal -0.175724 0.401607 0.898795
    outer loop
      vertex 0.477194 28.2258 0
      vertex 0.972952 28.2116 0.103271
      vertex 0.851778 28.3897 0
    endloop
  endfacet
  facet normal -0.175738 0.401491 0.898845
    outer loop
      vertex 0.972952 28.2116 0.103271
      vertex 0.477194 28.2258 0
      vertex 0.490673 28.0005 0.103271
    endloop
  endfacet
  facet normal -0.704237 -0.479122 0.52392
    outer loop
      vertex 2.88227 44.4638 1.7928
      vertex 2.36732 45.2207 1.7928
      vertex 2.24218 44.7439 1.18856
    endloop
  endfacet
  facet normal -0.889939 0.199486 0.410138
    outer loop
      vertex 4.10033 30.9919 1.7928
      vertex 4.37425 32.2139 1.7928
      vertex 3.88357 31.2672 1.18856
    endloop
  endfacet
  facet normal -0.62843 -0.190812 0.7541
    outer loop
      vertex 3.16613 40.2215 0
      vertex 3.25556 40.3351 0.103271
      vertex 3.11263 40.3977 0
    endloop
  endfacet
  facet normal -0.379679 -0.349937 0.856381
    outer loop
      vertex 1.82796 43.1655 0
      vertex 1.8796 43.3622 0.103271
      vertex 1.7416 43.2592 0
    endloop
  endfacet
  facet normal -0.717913 -0.21804 0.661105
    outer loop
      vertex 3.25556 40.3351 0.103271
      vertex 3.29825 41.7678 0.622149
      vertex 2.98237 41.2346 0.103271
    endloop
  endfacet
  facet normal -0.864074 -0.262435 0.42954
    outer loop
      vertex 3.88357 41.1328 1.18856
      vertex 4.10033 41.4081 1.7928
      vertex 3.55768 42.2058 1.18856
    endloop
  endfacet
  facet normal -0.305591 -0.698215 0.647387
    outer loop
      vertex 1.16064 45.7294 1.18856
      vertex 1.22542 46.2613 1.7928
      vertex 0.585326 45.9812 1.18856
    endloop
  endfacet
  facet normal -0.74972 -0.168065 0.640058
    outer loop
      vertex 3.47305 39.3649 0.103271
      vertex 3.84089 39.7001 0.622149
      vertex 3.25556 40.3351 0.103271
    endloop
  endfacet
  facet normal -0.928918 -0.370285 0
    outer loop
      vertex 3.95827 42.882 3.07298
      vertex 3.52796 43.9615 3.4
      vertex 3.52796 43.9615 3.07298
    endloop
  endfacet
  facet normal -0.928918 -0.370285 0
    outer loop
      vertex 3.52796 43.9615 3.4
      vertex 3.95827 42.882 3.07298
      vertex 3.95827 42.882 3.4
    endloop
  endfacet
  facet normal -0.756778 -0.301668 0.5799
    outer loop
      vertex 3.29825 41.7678 0.622149
      vertex 3.55768 42.2058 1.18856
      vertex 2.93969 42.6673 0.622149
    endloop
  endfacet
  facet normal -0.77577 -0.402071 0.486334
    outer loop
      vertex 3.17092 43.176 1.18856
      vertex 3.3479 43.5654 1.7928
      vertex 2.72991 44.0269 1.18856
    endloop
  endfacet
  facet normal -0.0732347 -0.508264 0.858082
    outer loop
      vertex 0.490673 44.3995 0.103271
      vertex 0 45.3462 0.622149
      vertex 0 44.4702 0.103271
    endloop
  endfacet
  facet normal -0.671931 -0.619302 0.406169
    outer loop
      vertex 2.36732 45.2207 1.7928
      vertex 2.45196 45.5432 2.42455
      vertex 1.87665 46.1674 2.42455
    endloop
  endfacet
  facet normal -0.400896 -0.916124 0
    outer loop
      vertex 0.651233 47.0825 3.07298
      vertex 0.799999 47.0174 3.4
      vertex 0.651233 47.0825 3.25123
    endloop
  endfacet
  facet normal -0.400893 -0.916125 -1.34407e-06
    outer loop
      vertex 0.799999 47.0174 3.4
      vertex 0.651233 47.0825 3.07298
      vertex 1.29132 46.8024 3.07298
    endloop
  endfacet
  facet normal -0.400892 -0.916125 0
    outer loop
      vertex 0.799999 47.0174 3.4
      vertex 1.29132 46.8024 3.07298
      vertex 1.29132 46.8024 3.4
    endloop
  endfacet
  facet normal -0.351346 -0.802926 0.481525
    outer loop
      vertex 1.26923 46.621 2.42455
      vertex 0.64009 46.8963 2.42455
      vertex 0.617995 46.5271 1.7928
    endloop
  endfacet
  facet normal -0.914532 0.27775 0.294084
    outer loop
      vertex 3.89055 29.6323 2.42455
      vertex 4.24692 30.8057 2.42455
      vertex 3.75625 29.859 1.7928
    endloop
  endfacet
  facet normal -0.797489 0.242221 0.552576
    outer loop
      vertex 3.55768 30.1942 1.18856
      vertex 3.60037 31.6269 0.622149
      vertex 3.29825 30.6322 0.622149
    endloop
  endfacet
  facet normal -0.0596021 0.412993 0.908782
    outer loop
      vertex 0.0960892 28.1708 0
      vertex 0.490673 28.0005 0.103271
      vertex 0.477194 28.2258 0
    endloop
  endfacet
  facet normal -0.0595272 0.413132 0.908724
    outer loop
      vertex 0.490673 28.0005 0.103271
      vertex 0.0960892 28.1708 0
      vertex 0 27.9298 0.103271
    endloop
  endfacet
  facet normal -0.8268 0.185333 0.531088
    outer loop
      vertex 3.88357 31.2672 1.18856
      vertex 3.84089 32.6999 0.622149
      vertex 3.60037 31.6269 0.622149
    endloop
  endfacet
  facet normal -0.991014 0.0295222 0.130458
    outer loop
      vertex 4.94661 34.7673 3.07298
      vertex 4.98929 36.2 3.07298
      vertex 4.90393 36.2 2.42455
    endloop
  endfacet
  facet normal -0.142705 0.989765 0
    outer loop
      vertex 0.651233 25.3175 3.25123
      vertex 0.651233 25.3175 3.07298
      vertex 0.472984 25.2918 3.07298
    endloop
  endfacet
  facet normal -0.718347 0.662158 0.213366
    outer loop
      vertex 1.90932 26.0591 3.07298
      vertex 2.49465 26.6941 3.07298
      vertex 1.87665 26.2326 2.42455
    endloop
  endfacet
  facet normal -0.400892 0.916125 0
    outer loop
      vertex 1.29132 25.5976 3.07298
      vertex 0.799999 25.3826 3.4
      vertex 1.29132 25.5976 3.4
    endloop
  endfacet
  facet normal -0.400893 0.916125 -1.34407e-06
    outer loop
      vertex 0.651233 25.3175 3.07298
      vertex 0.799999 25.3826 3.4
      vertex 1.29132 25.5976 3.07298
    endloop
  endfacet
  facet normal -0.400896 0.916124 0
    outer loop
      vertex 0.799999 25.3826 3.4
      vertex 0.651233 25.3175 3.07298
      vertex 0.651233 25.3175 3.25123
    endloop
  endfacet
  facet normal -0.0733388 0.508261 0.858075
    outer loop
      vertex 0.542643 27.1321 0.622149
      vertex 0 27.9298 0.103271
      vertex 0 27.0538 0.622149
    endloop
  endfacet
  facet normal -0.988305 0.152491 0
    outer loop
      vertex 4.60951 31.9995 3.07298
      vertex 4.81929 33.3591 3.4
      vertex 4.81929 33.3591 3.07298
    endloop
  endfacet
  facet normal -0.988305 0.152491 0
    outer loop
      vertex 4.81929 33.3591 3.4
      vertex 4.60951 31.9995 3.07298
      vertex 4.60951 31.9995 3.4
    endloop
  endfacet
  facet normal -0.975785 0.218731 0
    outer loop
      vertex 4.32086 30.7118 3.07298
      vertex 4.60951 31.9995 3.4
      vertex 4.60951 31.9995 3.07298
    endloop
  endfacet
  facet normal -0.975785 0.218731 0
    outer loop
      vertex 4.60951 31.9995 3.4
      vertex 4.32086 30.7118 3.07298
      vertex 4.32086 30.7118 3.4
    endloop
  endfacet
  facet normal -0.283656 0.379807 0.880503
    outer loop
      vertex 0.946224 28.431 0
      vertex 1.43858 28.5593 0.103271
      vertex 1.30788 28.7011 0
    endloop
  endfacet
  facet normal -0.283667 0.379877 0.880469
    outer loop
      vertex 1.43858 28.5593 0.103271
      vertex 0.946224 28.431 0
      vertex 0.972952 28.2116 0.103271
    endloop
  endfacet
  facet normal -0.0597411 -0.412983 0.908777
    outer loop
      vertex 0.477194 44.1742 0
      vertex 0.490673 44.3995 0.103271
      vertex 0.381105 44.1881 0
    endloop
  endfacet
  facet normal -0.123256 -0.854899 0.50394
    outer loop
      vertex 0.617995 46.5271 1.7928
      vertex 0 46.9886 2.42455
      vertex 0 46.6162 1.7928
    endloop
  endfacet
  facet normal -0.283667 -0.379877 0.880469
    outer loop
      vertex 0.946224 43.969 0
      vertex 1.43858 43.8407 0.103271
      vertex 0.972952 44.1884 0.103271
    endloop
  endfacet
  facet normal -0.283656 -0.379807 0.880503
    outer loop
      vertex 1.43858 43.8407 0.103271
      vertex 0.946224 43.969 0
      vertex 1.30788 43.6989 0
    endloop
  endfacet
  facet normal -0.545388 -0.370998 0.751607
    outer loop
      vertex 2.28846 42.7612 0.103271
      vertex 2.53083 43.4561 0.622149
      vertex 2.07867 44.1208 0.622149
    endloop
  endfacet
  facet normal -0.965526 -0.0287683 0.258714
    outer loop
      vertex 4.73465 36.2 1.7928
      vertex 4.86197 37.6082 2.42455
      vertex 4.69414 37.5596 1.7928
    endloop
  endfacet
  facet normal -0.628392 -0.190851 0.754121
    outer loop
      vertex 2.90044 41.0963 0
      vertex 3.25556 40.3351 0.103271
      vertex 2.98237 41.2346 0.103271
    endloop
  endfacet
  facet normal -0.628441 -0.19088 0.754074
    outer loop
      vertex 3.25556 40.3351 0.103271
      vertex 2.90044 41.0963 0
      vertex 3.11263 40.3977 0
    endloop
  endfacet
  facet normal -0.749715 -0.168054 0.640067
    outer loop
      vertex 3.84089 39.7001 0.622149
      vertex 3.60037 40.7731 0.622149
      vertex 3.25556 40.3351 0.103271
    endloop
  endfacet
  facet normal -0.865742 0.0257953 0.499825
    outer loop
      vertex 4.48436 36.2 1.18856
      vertex 4.15735 36.2 0.622149
      vertex 4.12178 35.0062 0.622149
    endloop
  endfacet
  facet normal -0.88994 -0.199487 0.410137
    outer loop
      vertex 4.14301 39.9754 1.18856
      vertex 4.37425 40.1861 1.7928
      vertex 3.88357 41.1328 1.18856
    endloop
  endfacet
  facet normal -0.461869 -0.314209 0.829428
    outer loop
      vertex 1.82796 43.1655 0
      vertex 2.28846 42.7612 0.103271
      vertex 1.8796 43.3622 0.103271
    endloop
  endfacet
  facet normal -0.461864 -0.314202 0.829433
    outer loop
      vertex 2.28846 42.7612 0.103271
      vertex 1.82796 43.1655 0
      vertex 2.14552 42.6987 0
    endloop
  endfacet
  facet normal -0.735279 -0.677765 0
    outer loop
      vertex 2.49465 45.7059 3.07298
      vertex 1.90932 46.3409 3.4
      vertex 1.90932 46.3409 3.07298
    endloop
  endfacet
  facet normal -0.735279 -0.677765 0
    outer loop
      vertex 1.90932 46.3409 3.4
      vertex 2.49465 45.7059 3.07298
      vertex 2.49465 45.7059 3.4
    endloop
  endfacet
  facet normal -0.999557 0.0297767 0
    outer loop
      vertex 4.94661 34.7673 3.07298
      vertex 4.98929 36.2 3.4
      vertex 4.98929 36.2 3.07298
    endloop
  endfacet
  facet normal -0.999557 0.0297767 0
    outer loop
      vertex 4.98929 36.2 3.4
      vertex 4.94661 34.7673 3.07298
      vertex 4.94661 34.7673 3.4
    endloop
  endfacet
  facet normal -0.975785 -0.218731 0
    outer loop
      vertex 4.60951 40.4005 3.07298
      vertex 4.32086 41.6882 3.4
      vertex 4.32086 41.6882 3.07298
    endloop
  endfacet
  facet normal -0.975785 -0.218731 0
    outer loop
      vertex 4.32086 41.6882 3.4
      vertex 4.60951 40.4005 3.07298
      vertex 4.60951 40.4005 3.4
    endloop
  endfacet
  facet normal -0.674797 -0.269006 0.68723
    outer loop
      vertex 2.98237 41.2346 0.103271
      vertex 3.29825 41.7678 0.622149
      vertex 2.65815 42.0479 0.103271
    endloop
  endfacet
  facet normal -0.907465 -0.140018 0.396108
    outer loop
      vertex 4.33156 38.7534 1.18856
      vertex 4.37425 40.1861 1.7928
      vertex 4.14301 39.9754 1.18856
    endloop
  endfacet
  facet normal -0.835349 -0.432963 0.338726
    outer loop
      vertex 3.3479 43.5654 1.7928
      vertex 3.4676 43.8287 2.42455
      vertex 2.98532 44.7592 2.42455
    endloop
  endfacet
  facet normal -0.988305 -0.152491 0
    outer loop
      vertex 4.81929 39.0409 3.07298
      vertex 4.60951 40.4005 3.4
      vertex 4.60951 40.4005 3.07298
    endloop
  endfacet
  facet normal -0.988305 -0.152491 0
    outer loop
      vertex 4.60951 40.4005 3.4
      vertex 4.81929 39.0409 3.07298
      vertex 4.81929 39.0409 3.4
    endloop
  endfacet
  facet normal -0.874262 -0.453126 0.174192
    outer loop
      vertex 3.52796 43.9615 3.07298
      vertex 3.03729 44.9082 3.07298
      vertex 2.98532 44.7592 2.42455
    endloop
  endfacet
  facet normal -0.874261 -0.453131 0.174184
    outer loop
      vertex 3.4676 43.8287 2.42455
      vertex 3.52796 43.9615 3.07298
      vertex 2.98532 44.7592 2.42455
    endloop
  endfacet
  facet normal -0.946097 -0.287337 0.149457
    outer loop
      vertex 4.24692 41.5943 2.42455
      vertex 3.95827 42.882 3.07298
      vertex 3.89055 42.7677 2.42455
    endloop
  endfacet
  facet normal -0.91692 -0.365502 0.160208
    outer loop
      vertex 3.95827 42.882 3.07298
      vertex 3.52796 43.9615 3.07298
      vertex 3.4676 43.8287 2.42455
    endloop
  endfacet
  facet normal -0.343609 -0.460186 0.818634
    outer loop
      vertex 1.59095 44.65 0.622149
      vertex 1.076 45.0345 0.622149
      vertex 0.972952 44.1884 0.103271
    endloop
  endfacet
  facet normal -0.175739 -0.401643 0.898776
    outer loop
      vertex 0.972952 44.1884 0.103271
      vertex 0.571639 44.1329 0
      vertex 0.946224 43.969 0
    endloop
  endfacet
  facet normal -0.175762 -0.401546 0.898815
    outer loop
      vertex 0.571639 44.1329 0
      vertex 0.972952 44.1884 0.103271
      vertex 0.490673 44.3995 0.103271
    endloop
  endfacet
  facet normal -0.283663 -0.379801 0.880504
    outer loop
      vertex 1.39906 43.6308 0
      vertex 1.43858 43.8407 0.103271
      vertex 1.30788 43.6989 0
    endloop
  endfacet
  facet normal -0.123276 -0.854905 0.503925
    outer loop
      vertex 0.617995 46.5271 1.7928
      vertex 0.64009 46.8963 2.42455
      vertex 0 46.9886 2.42455
    endloop
  endfacet
  facet normal -0.387039 -0.884466 0.260617
    outer loop
      vertex 1.26923 46.621 2.42455
      vertex 1.29132 46.8024 3.07298
      vertex 0.651233 47.0825 3.07298
    endloop
  endfacet
  facet normal -0.581215 -0.77831 0.237535
    outer loop
      vertex 1.87665 46.1674 2.42455
      vertex 1.90932 46.3409 3.07298
      vertex 1.26923 46.621 2.42455
    endloop
  endfacet
  facet normal -0.535664 -0.717313 0.445564
    outer loop
      vertex 1.87665 46.1674 2.42455
      vertex 1.26923 46.621 2.42455
      vertex 1.22542 46.2613 1.7928
    endloop
  endfacet
  facet normal -0.142705 -0.989765 0
    outer loop
      vertex 0.651233 47.0825 3.07298
      vertex 0.651233 47.0825 3.25123
      vertex 0.472984 47.1082 3.07298
    endloop
  endfacet
  facet normal -0.305603 0.698244 0.64735
    outer loop
      vertex 0.617995 25.8729 1.7928
      vertex 1.16064 26.6706 1.18856
      vertex 0.585326 26.4188 1.18856
    endloop
  endfacet
  facet normal -0.137196 0.951441 0.275569
    outer loop
      vertex 0.651233 25.3175 3.07298
      vertex 0.64009 25.5037 2.42455
      vertex 0 25.4114 2.42455
    endloop
  endfacet
  facet normal -0.772064 0.119125 0.624281
    outer loop
      vertex 3.84089 32.6999 0.622149
      vertex 4.01569 33.8328 0.622149
      vertex 3.63111 34.0595 0.103271
    endloop
  endfacet
  facet normal -0.979144 0.151081 0.13584
    outer loop
      vertex 4.81929 33.3591 3.07298
      vertex 4.73683 33.4077 2.42455
      vertex 4.53064 32.0714 2.42455
    endloop
  endfacet
  facet normal -0.864073 0.262433 0.429542
    outer loop
      vertex 3.75625 29.859 1.7928
      vertex 4.10033 30.9919 1.7928
      vertex 3.55768 30.1942 1.18856
    endloop
  endfacet
  facet normal -0.454258 0.418652 0.786371
    outer loop
      vertex 1.59095 27.75 0.622149
      vertex 2.07867 28.2792 0.622149
      vertex 1.43858 28.5593 0.103271
    endloop
  endfacet
  facet normal -0.756778 0.301668 0.5799
    outer loop
      vertex 3.55768 30.1942 1.18856
      vertex 3.29825 30.6322 0.622149
      vertex 2.93969 29.7327 0.622149
    endloop
  endfacet
  facet normal -0.827283 0.329775 0.454809
    outer loop
      vertex 3.75625 29.859 1.7928
      vertex 3.55768 30.1942 1.18856
      vertex 3.3479 28.8346 1.7928
    endloop
  endfacet
  facet normal -0.928918 0.370285 0
    outer loop
      vertex 3.52796 28.4385 3.07298
      vertex 3.95827 29.518 3.4
      vertex 3.95827 29.518 3.07298
    endloop
  endfacet
  facet normal -0.928918 0.370285 0
    outer loop
      vertex 3.95827 29.518 3.4
      vertex 3.52796 28.4385 3.07298
      vertex 3.52796 28.4385 3.4
    endloop
  endfacet
  facet normal -0.598339 0.801243 0
    outer loop
      vertex 1.90932 26.0591 3.07298
      vertex 1.29132 25.5976 3.4
      vertex 1.90932 26.0591 3.4
    endloop
  endfacet
  facet normal -0.598339 0.801243 0
    outer loop
      vertex 1.29132 25.5976 3.4
      vertex 1.90932 26.0591 3.07298
      vertex 1.29132 25.5976 3.07298
    endloop
  endfacet
  facet normal -0.408081 0.546453 0.731341
    outer loop
      vertex 1.71609 27.0854 1.18856
      vertex 1.59095 27.75 0.622149
      vertex 1.16064 26.6706 1.18856
    endloop
  endfacet
  facet normal -0.387039 0.884466 0.260617
    outer loop
      vertex 1.29132 25.5976 3.07298
      vertex 1.26923 25.779 2.42455
      vertex 0.651233 25.3175 3.07298
    endloop
  endfacet
  facet normal -0.768219 0.522651 0.369697
    outer loop
      vertex 2.98532 27.6408 2.42455
      vertex 2.88227 27.9362 1.7928
      vertex 2.36732 27.1793 1.7928
    endloop
  endfacet
  facet normal -0.965966 0.216532 0.141502
    outer loop
      vertex 4.60951 31.9995 3.07298
      vertex 4.53064 32.0714 2.42455
      vertex 4.24692 30.8057 2.42455
    endloop
  endfacet
  facet normal -0.995938 0.090046 0
    outer loop
      vertex 4.81929 33.3591 3.07298
      vertex 4.94661 34.7673 3.4
      vertex 4.94661 34.7673 3.07298
    endloop
  endfacet
  facet normal -0.995938 0.090046 0
    outer loop
      vertex 4.94661 34.7673 3.4
      vertex 4.81929 33.3591 3.07298
      vertex 4.81929 33.3591 3.4
    endloop
  endfacet
  facet normal -0.987192 0.0892553 0.13223
    outer loop
      vertex 4.81929 33.3591 3.07298
      vertex 4.94661 34.7673 3.07298
      vertex 4.73683 33.4077 2.42455
    endloop
  endfacet
  facet normal -0.530131 -0.274757 0.802166
    outer loop
      vertex 2.22559 42.581 0
      vertex 2.65815 42.0479 0.103271
      vertex 2.28846 42.7612 0.103271
    endloop
  endfacet
  facet normal -0.530155 -0.274781 0.802142
    outer loop
      vertex 2.65815 42.0479 0.103271
      vertex 2.22559 42.581 0
      vertex 2.51273 42.027 0
    endloop
  endfacet
  facet normal -0.530161 -0.274758 0.802146
    outer loop
      vertex 2.58513 41.8873 0
      vertex 2.65815 42.0479 0.103271
      vertex 2.51273 42.027 0
    endloop
  endfacet
  facet normal -0.215043 -0.491408 0.843964
    outer loop
      vertex 1.076 45.0345 0.622149
      vertex 0.542643 45.2679 0.622149
      vertex 0.490673 44.3995 0.103271
    endloop
  endfacet
  facet normal -0.379622 -0.349887 0.856426
    outer loop
      vertex 1.39906 43.6308 0
      vertex 1.8796 43.3622 0.103271
      vertex 1.43858 43.8407 0.103271
    endloop
  endfacet
  facet normal -0.379656 -0.349966 0.856379
    outer loop
      vertex 1.8796 43.3622 0.103271
      vertex 1.39906 43.6308 0
      vertex 1.7416 43.2592 0
    endloop
  endfacet
  facet normal -0.618134 -0.320367 0.717827
    outer loop
      vertex 2.65815 42.0479 0.103271
      vertex 2.93969 42.6673 0.622149
      vertex 2.28846 42.7612 0.103271
    endloop
  endfacet
  facet normal -0.717895 -0.218046 0.661122
    outer loop
      vertex 3.60037 40.7731 0.622149
      vertex 3.29825 41.7678 0.622149
      vertex 3.25556 40.3351 0.103271
    endloop
  endfacet
  facet normal -0.772063 0.119126 0.624282
    outer loop
      vertex 3.84089 32.6999 0.622149
      vertex 3.63111 34.0595 0.103271
      vertex 3.47305 33.0351 0.103271
    endloop
  endfacet
  facet normal -0.951935 -0.146883 0.268783
    outer loop
      vertex 4.73683 38.9923 2.42455
      vertex 4.53064 40.3286 2.42455
      vertex 4.37425 40.1861 1.7928
    endloop
  endfacet
  facet normal -0.598339 -0.801243 0
    outer loop
      vertex 1.29132 46.8024 3.07298
      vertex 1.90932 46.3409 3.4
      vertex 1.29132 46.8024 3.4
    endloop
  endfacet
  facet normal -0.598339 -0.801243 -0
    outer loop
      vertex 1.90932 46.3409 3.4
      vertex 1.29132 46.8024 3.07298
      vertex 1.90932 46.3409 3.07298
    endloop
  endfacet
  facet normal -0.987192 -0.0892553 0.13223
    outer loop
      vertex 4.94661 37.6327 3.07298
      vertex 4.81929 39.0409 3.07298
      vertex 4.73683 38.9923 2.42455
    endloop
  endfacet
  facet normal -0.995938 -0.090046 0
    outer loop
      vertex 4.94661 37.6327 3.07298
      vertex 4.81929 39.0409 3.4
      vertex 4.81929 39.0409 3.07298
    endloop
  endfacet
  facet normal -0.995938 -0.090046 0
    outer loop
      vertex 4.81929 39.0409 3.4
      vertex 4.94661 37.6327 3.07298
      vertex 4.94661 37.6327 3.4
    endloop
  endfacet
  facet normal -0.786249 0.0710867 0.613807
    outer loop
      vertex 4.01569 33.8328 0.622149
      vertex 4.12178 35.0062 0.622149
      vertex 3.63111 34.0595 0.103271
    endloop
  endfacet
  facet normal -0.956839 -0.290618 0
    outer loop
      vertex 4.32086 41.6882 3.07298
      vertex 3.95827 42.882 3.4
      vertex 3.95827 42.882 3.07298
    endloop
  endfacet
  facet normal -0.956839 -0.290618 0
    outer loop
      vertex 3.95827 42.882 3.4
      vertex 4.32086 41.6882 3.07298
      vertex 4.32086 41.6882 3.4
    endloop
  endfacet
  facet normal -0.78625 0.0710886 0.613805
    outer loop
      vertex 4.12178 35.0062 0.622149
      vertex 3.72704 35.1205 0.103271
      vertex 3.63111 34.0595 0.103271
    endloop
  endfacet
  facet normal -0.699592 -0.0632259 0.711739
    outer loop
      vertex 3.55014 38.0739 0
      vertex 3.63111 38.3405 0.103271
      vertex 3.53136 38.2817 0
    endloop
  endfacet
  facet normal -0.859643 -0.0777258 0.504948
    outer loop
      vertex 4.446 37.4877 1.18856
      vertex 4.33156 38.7534 1.18856
      vertex 4.01569 38.5672 0.622149
    endloop
  endfacet
  facet normal -0.923527 -0.0275114 0.382546
    outer loop
      vertex 4.48436 36.2 1.18856
      vertex 4.73465 36.2 1.7928
      vertex 4.446 37.4877 1.18856
    endloop
  endfacet
  facet normal -0.882035 -0.3516 0.313676
    outer loop
      vertex 3.75625 42.541 1.7928
      vertex 3.89055 42.7677 2.42455
      vertex 3.3479 43.5654 1.7928
    endloop
  endfacet
  facet normal -0.864073 -0.262433 0.429542
    outer loop
      vertex 4.10033 41.4081 1.7928
      vertex 3.75625 42.541 1.7928
      vertex 3.55768 42.2058 1.18856
    endloop
  endfacet
  facet normal -0.946087 -0.287353 0.149493
    outer loop
      vertex 4.24692 41.5943 2.42455
      vertex 4.32086 41.6882 3.07298
      vertex 3.95827 42.882 3.07298
    endloop
  endfacet
  facet normal -0.979144 -0.151081 0.13584
    outer loop
      vertex 4.73683 38.9923 2.42455
      vertex 4.81929 39.0409 3.07298
      vertex 4.53064 40.3286 2.42455
    endloop
  endfacet
  facet normal -0.811437 -0.552025 0.191932
    outer loop
      vertex 2.98532 44.7592 2.42455
      vertex 2.49465 45.7059 3.07298
      vertex 2.45196 45.5432 2.42455
    endloop
  endfacet
  facet normal -0.768224 -0.522628 0.369719
    outer loop
      vertex 2.98532 44.7592 2.42455
      vertex 2.45196 45.5432 2.42455
      vertex 2.36732 45.2207 1.7928
    endloop
  endfacet
  facet normal -0.70425 -0.479057 0.523963
    outer loop
      vertex 2.72991 44.0269 1.18856
      vertex 2.88227 44.4638 1.7928
      vertex 2.24218 44.7439 1.18856
    endloop
  endfacet
  facet normal -0.671887 -0.619315 0.406223
    outer loop
      vertex 2.36732 45.2207 1.7928
      vertex 1.87665 46.1674 2.42455
      vertex 1.81187 45.8233 1.7928
    endloop
  endfacet
  facet normal -0.0733451 -0.508304 0.858049
    outer loop
      vertex 0.490673 44.3995 0.103271
      vertex 0.542643 45.2679 0.622149
      vertex 0 45.3462 0.622149
    endloop
  endfacet
  facet normal -0.258728 -0.591143 0.763943
    outer loop
      vertex 1.16064 45.7294 1.18856
      vertex 0.585326 45.9812 1.18856
      vertex 0.542643 45.2679 0.622149
    endloop
  endfacet
  facet normal -0.175577 -0.40151 0.898867
    outer loop
      vertex 0.571639 44.1329 0
      vertex 0.490673 44.3995 0.103271
      vertex 0.477194 44.1742 0
    endloop
  endfacet
  facet normal -0.387026 -0.884467 0.26063
    outer loop
      vertex 1.26923 46.621 2.42455
      vertex 0.651233 47.0825 3.07298
      vertex 0.64009 46.8963 2.42455
    endloop
  endfacet
  facet normal -0.351347 -0.802924 0.481526
    outer loop
      vertex 1.22542 46.2613 1.7928
      vertex 1.26923 46.621 2.42455
      vertex 0.617995 46.5271 1.7928
    endloop
  endfacet
  facet normal -0.699592 0.0632259 0.711739
    outer loop
      vertex 3.63111 34.0595 0.103271
      vertex 3.55014 34.3261 0
      vertex 3.53136 34.1183 0
    endloop
  endfacet
  facet normal -0.749715 0.168054 0.640067
    outer loop
      vertex 3.60037 31.6269 0.622149
      vertex 3.84089 32.6999 0.622149
      vertex 3.25556 32.0649 0.103271
    endloop
  endfacet
  facet normal -0.717895 0.218046 0.661122
    outer loop
      vertex 3.29825 30.6322 0.622149
      vertex 3.60037 31.6269 0.622149
      vertex 3.25556 32.0649 0.103271
    endloop
  endfacet
  facet normal -0.979143 0.151077 0.135847
    outer loop
      vertex 4.60951 31.9995 3.07298
      vertex 4.81929 33.3591 3.07298
      vertex 4.53064 32.0714 2.42455
    endloop
  endfacet
  facet normal -0.965966 0.21653 0.141504
    outer loop
      vertex 4.32086 30.7118 3.07298
      vertex 4.60951 31.9995 3.07298
      vertex 4.24692 30.8057 2.42455
    endloop
  endfacet
  facet normal -0.923527 0.0275114 0.382546
    outer loop
      vertex 4.73465 36.2 1.7928
      vertex 4.48436 36.2 1.18856
      vertex 4.446 34.9123 1.18856
    endloop
  endfacet
  facet normal -0.991012 -0.0295291 0.130473
    outer loop
      vertex 4.90393 36.2 2.42455
      vertex 4.94661 37.6327 3.07298
      vertex 4.86197 37.6082 2.42455
    endloop
  endfacet
  facet normal -0.846987 0.130687 0.5153
    outer loop
      vertex 4.14301 32.4246 1.18856
      vertex 4.33156 33.6466 1.18856
      vertex 4.01569 33.8328 0.622149
    endloop
  endfacet
  facet normal -0.864074 0.262435 0.42954
    outer loop
      vertex 4.10033 30.9919 1.7928
      vertex 3.88357 31.2672 1.18856
      vertex 3.55768 30.1942 1.18856
    endloop
  endfacet
  facet normal -0.916915 0.365513 0.16021
    outer loop
      vertex 3.52796 28.4385 3.07298
      vertex 3.89055 29.6323 2.42455
      vertex 3.4676 28.5713 2.42455
    endloop
  endfacet
  facet normal -0.874261 0.453131 0.174184
    outer loop
      vertex 3.52796 28.4385 3.07298
      vertex 3.4676 28.5713 2.42455
      vertex 2.98532 27.6408 2.42455
    endloop
  endfacet
  facet normal -0.674782 0.269 0.687246
    outer loop
      vertex 2.93969 29.7327 0.622149
      vertex 2.98237 31.1654 0.103271
      vertex 2.65815 30.3521 0.103271
    endloop
  endfacet
  facet normal -0.674808 0.268993 0.687224
    outer loop
      vertex 3.29825 30.6322 0.622149
      vertex 2.98237 31.1654 0.103271
      vertex 2.93969 29.7327 0.622149
    endloop
  endfacet
  facet normal -0.946097 0.287337 0.149457
    outer loop
      vertex 3.95827 29.518 3.07298
      vertex 4.24692 30.8057 2.42455
      vertex 3.89055 29.6323 2.42455
    endloop
  endfacet
  facet normal -0.946087 0.287353 0.149493
    outer loop
      vertex 4.32086 30.7118 3.07298
      vertex 4.24692 30.8057 2.42455
      vertex 3.95827 29.518 3.07298
    endloop
  endfacet
  facet normal -0.826828 0.562455 0
    outer loop
      vertex 2.49465 26.6941 3.07298
      vertex 3.03729 27.4918 3.4
      vertex 3.03729 27.4918 3.07298
    endloop
  endfacet
  facet normal -0.826828 0.562455 0
    outer loop
      vertex 3.03729 27.4918 3.4
      vertex 2.49465 26.6941 3.07298
      vertex 2.49465 26.6941 3.4
    endloop
  endfacet
  facet normal -0.77577 0.402072 0.486333
    outer loop
      vertex 2.88227 27.9362 1.7928
      vertex 3.3479 28.8346 1.7928
      vertex 2.72991 28.3731 1.18856
    endloop
  endfacet
  facet normal -0.835359 0.432957 0.338709
    outer loop
      vertex 2.98532 27.6408 2.42455
      vertex 3.3479 28.8346 1.7928
      vertex 2.88227 27.9362 1.7928
    endloop
  endfacet
  facet normal -0.123276 0.854905 0.503925
    outer loop
      vertex 0.64009 25.5037 2.42455
      vertex 0.617995 25.8729 1.7928
      vertex 0 25.4114 2.42455
    endloop
  endfacet
  facet normal -0.535698 0.71726 0.445606
    outer loop
      vertex 1.87665 26.2326 2.42455
      vertex 1.81187 26.5767 1.7928
      vertex 1.22542 26.1387 1.7928
    endloop
  endfacet
  facet normal -0.704205 0.4791 0.523983
    outer loop
      vertex 2.88227 27.9362 1.7928
      vertex 2.72991 28.3731 1.18856
      vertex 2.36732 27.1793 1.7928
    endloop
  endfacet
  facet normal -0.671887 0.619315 0.406223
    outer loop
      vertex 1.87665 26.2326 2.42455
      vertex 2.36732 27.1793 1.7928
      vertex 1.81187 26.5767 1.7928
    endloop
  endfacet
  facet normal -0.61813 0.320396 0.717817
    outer loop
      vertex 2.53083 28.9439 0.622149
      vertex 2.93969 29.7327 0.622149
      vertex 2.28846 29.6388 0.103271
    endloop
  endfacet
  facet normal -0.0889081 0.61616 0.782587
    outer loop
      vertex 0.542643 27.1321 0.622149
      vertex 0 27.0538 0.622149
      vertex 0 26.3344 1.18856
    endloop
  endfacet
  facet normal -0.999557 -0.0297767 0
    outer loop
      vertex 4.98929 36.2 3.07298
      vertex 4.94661 37.6327 3.4
      vertex 4.94661 37.6327 3.07298
    endloop
  endfacet
  facet normal -0.999557 -0.0297767 0
    outer loop
      vertex 4.94661 37.6327 3.4
      vertex 4.98929 36.2 3.07298
      vertex 4.98929 36.2 3.4
    endloop
  endfacet
  facet normal -0.987192 0.0892546 0.132231
    outer loop
      vertex 4.94661 34.7673 3.07298
      vertex 4.86197 34.7918 2.42455
      vertex 4.73683 33.4077 2.42455
    endloop
  endfacet
  facet normal -0.585178 -0.23328 0.776626
    outer loop
      vertex 2.64862 41.728 0
      vertex 2.98237 41.2346 0.103271
      vertex 2.65815 42.0479 0.103271
    endloop
  endfacet
  facet normal -0.585167 -0.23327 0.776637
    outer loop
      vertex 2.98237 41.2346 0.103271
      vertex 2.64862 41.728 0
      vertex 2.90044 41.0963 0
    endloop
  endfacet
  facet normal -0.58526 -0.233259 0.77657
    outer loop
      vertex 2.64862 41.728 0
      vertex 2.65815 42.0479 0.103271
      vertex 2.58513 41.8873 0
    endloop
  endfacet
  facet normal -0.627688 -0.426983 0.650917
    outer loop
      vertex 2.53083 43.4561 0.622149
      vertex 2.24218 44.7439 1.18856
      vertex 2.07867 44.1208 0.622149
    endloop
  endfacet
  facet normal -0.627696 -0.426982 0.650911
    outer loop
      vertex 2.53083 43.4561 0.622149
      vertex 2.72991 44.0269 1.18856
      vertex 2.24218 44.7439 1.18856
    endloop
  endfacet
  facet normal -0.887836 -0.460161 0
    outer loop
      vertex 3.52796 43.9615 3.07298
      vertex 3.03729 44.9082 3.4
      vertex 3.03729 44.9082 3.07298
    endloop
  endfacet
  facet normal -0.887836 -0.460161 0
    outer loop
      vertex 3.03729 44.9082 3.4
      vertex 3.52796 43.9615 3.07298
      vertex 3.52796 43.9615 3.4
    endloop
  endfacet
  facet normal -0.826828 -0.562455 0
    outer loop
      vertex 3.03729 44.9082 3.07298
      vertex 2.49465 45.7059 3.4
      vertex 2.49465 45.7059 3.07298
    endloop
  endfacet
  facet normal -0.826828 -0.562455 0
    outer loop
      vertex 2.49465 45.7059 3.4
      vertex 3.03729 44.9082 3.07298
      vertex 3.03729 44.9082 3.4
    endloop
  endfacet
  facet normal -0.991012 0.0295291 0.130473
    outer loop
      vertex 4.94661 34.7673 3.07298
      vertex 4.90393 36.2 2.42455
      vertex 4.86197 34.7918 2.42455
    endloop
  endfacet
  facet normal -0.991014 -0.0295222 0.130458
    outer loop
      vertex 4.98929 36.2 3.07298
      vertex 4.94661 37.6327 3.07298
      vertex 4.90393 36.2 2.42455
    endloop
  endfacet
  facet normal -0.918331 -0.0830298 0.387006
    outer loop
      vertex 4.69414 37.5596 1.7928
      vertex 4.57332 38.8959 1.7928
      vertex 4.446 37.4877 1.18856
    endloop
  endfacet
  facet normal -0.961141 -0.0869004 0.262024
    outer loop
      vertex 4.69414 37.5596 1.7928
      vertex 4.73683 38.9923 2.42455
      vertex 4.57332 38.8959 1.7928
    endloop
  endfacet
  facet normal -0.918329 -0.083032 0.387011
    outer loop
      vertex 4.446 37.4877 1.18856
      vertex 4.57332 38.8959 1.7928
      vertex 4.33156 38.7534 1.18856
    endloop
  endfacet
  facet normal -0.961142 -0.0868993 0.262021
    outer loop
      vertex 4.86197 37.6082 2.42455
      vertex 4.73683 38.9923 2.42455
      vertex 4.69414 37.5596 1.7928
    endloop
  endfacet
  facet normal -0.706944 -0.021061 0.706956
    outer loop
      vertex 3.63095 37.0384 0
      vertex 3.7592 36.2 0.103271
      vertex 3.72704 37.2795 0.103271
    endloop
  endfacet
  facet normal -0.706953 -0.0210636 0.706946
    outer loop
      vertex 3.7592 36.2 0.103271
      vertex 3.63095 37.0384 0
      vertex 3.65593 36.2 0
    endloop
  endfacet
  facet normal -0.793131 -0.0236286 0.608592
    outer loop
      vertex 3.7592 36.2 0.103271
      vertex 4.15735 36.2 0.622149
      vertex 3.72704 37.2795 0.103271
    endloop
  endfacet
  facet normal -0.661092 -0.148197 0.735523
    outer loop
      vertex 3.20872 40.0315 0
      vertex 3.47305 39.3649 0.103271
      vertex 3.25556 40.3351 0.103271
    endloop
  endfacet
  facet normal -0.661053 -0.148176 0.735563
    outer loop
      vertex 3.47305 39.3649 0.103271
      vertex 3.20872 40.0315 0
      vertex 3.37764 39.2779 0
    endloop
  endfacet
  facet normal -0.661105 -0.148192 0.735513
    outer loop
      vertex 3.20872 40.0315 0
      vertex 3.25556 40.3351 0.103271
      vertex 3.16613 40.2215 0
    endloop
  endfacet
  facet normal -0.674795 -0.268988 0.687239
    outer loop
      vertex 3.29825 41.7678 0.622149
      vertex 2.93969 42.6673 0.622149
      vertex 2.65815 42.0479 0.103271
    endloop
  endfacet
  facet normal -0.7975 -0.242216 0.552562
    outer loop
      vertex 3.60037 40.7731 0.622149
      vertex 3.88357 41.1328 1.18856
      vertex 3.55768 42.2058 1.18856
    endloop
  endfacet
  facet normal -0.979143 -0.151077 0.135847
    outer loop
      vertex 4.81929 39.0409 3.07298
      vertex 4.60951 40.4005 3.07298
      vertex 4.53064 40.3286 2.42455
    endloop
  endfacet
  facet normal -0.965966 -0.216532 0.141502
    outer loop
      vertex 4.53064 40.3286 2.42455
      vertex 4.60951 40.4005 3.07298
      vertex 4.24692 41.5943 2.42455
    endloop
  endfacet
  facet normal -0.916918 -0.365514 0.16019
    outer loop
      vertex 3.89055 42.7677 2.42455
      vertex 3.95827 42.882 3.07298
      vertex 3.4676 43.8287 2.42455
    endloop
  endfacet
  facet normal -0.882035 -0.351609 0.313665
    outer loop
      vertex 3.89055 42.7677 2.42455
      vertex 3.4676 43.8287 2.42455
      vertex 3.3479 43.5654 1.7928
    endloop
  endfacet
  facet normal -0.454266 -0.41866 0.786362
    outer loop
      vertex 1.8796 43.3622 0.103271
      vertex 2.07867 44.1208 0.622149
      vertex 1.59095 44.65 0.622149
    endloop
  endfacet
  facet normal -0.531009 -0.489502 0.691677
    outer loop
      vertex 2.24218 44.7439 1.18856
      vertex 1.71609 45.3146 1.18856
      vertex 1.59095 44.65 0.622149
    endloop
  endfacet
  facet normal -0.718386 -0.662119 0.213357
    outer loop
      vertex 2.45196 45.5432 2.42455
      vertex 1.90932 46.3409 3.07298
      vertex 1.87665 46.1674 2.42455
    endloop
  endfacet
  facet normal -0.718336 -0.662147 0.213434
    outer loop
      vertex 2.45196 45.5432 2.42455
      vertex 2.49465 45.7059 3.07298
      vertex 1.90932 46.3409 3.07298
    endloop
  endfacet
  facet normal -0.768219 -0.522651 0.369697
    outer loop
      vertex 2.88227 44.4638 1.7928
      vertex 2.98532 44.7592 2.42455
      vertex 2.36732 45.2207 1.7928
    endloop
  endfacet
  facet normal -0.835359 -0.432957 0.338709
    outer loop
      vertex 3.3479 43.5654 1.7928
      vertex 2.98532 44.7592 2.42455
      vertex 2.88227 44.4638 1.7928
    endloop
  endfacet
  facet normal -0.474267 -0.635009 0.609782
    outer loop
      vertex 1.71609 45.3146 1.18856
      vertex 1.81187 45.8233 1.7928
      vertex 1.22542 46.2613 1.7928
    endloop
  endfacet
  facet normal -0.701517 -0.363587 0.612926
    outer loop
      vertex 2.93969 42.6673 0.622149
      vertex 3.17092 43.176 1.18856
      vertex 2.72991 44.0269 1.18856
    endloop
  endfacet
  facet normal -0.305547 -0.698258 0.647361
    outer loop
      vertex 1.22542 46.2613 1.7928
      vertex 0.617995 46.5271 1.7928
      vertex 0.585326 45.9812 1.18856
    endloop
  endfacet
  facet normal -0.105967 -0.734986 0.669751
    outer loop
      vertex 0.585326 45.9812 1.18856
      vertex 0.617995 46.5271 1.7928
      vertex 0 46.6162 1.7928
    endloop
  endfacet
  facet normal -0.105981 -0.734991 0.669744
    outer loop
      vertex 0.585326 45.9812 1.18856
      vertex 0 46.6162 1.7928
      vertex 0 46.0656 1.18856
    endloop
  endfacet
  facet normal -0.137908 -0.951224 0.275961
    outer loop
      vertex 0 46.9886 2.42455
      vertex 0.23496 47.0736 2.83496
      vertex 0 47.0395 2.6
    endloop
  endfacet
  facet normal -0.137195 -0.951433 0.275596
    outer loop
      vertex 0.23496 47.0736 2.83496
      vertex 0 46.9886 2.42455
      vertex 0.64009 46.8963 2.42455
    endloop
  endfacet
  facet normal -0.137242 -0.951439 0.275552
    outer loop
      vertex 0.64009 46.8963 2.42455
      vertex 0.472984 47.1082 3.07298
      vertex 0.23496 47.0736 2.83496
    endloop
  endfacet
  facet normal -0.137179 -0.951443 0.275569
    outer loop
      vertex 0.472984 47.1082 3.07298
      vertex 0.64009 46.8963 2.42455
      vertex 0.651233 47.0825 3.07298
    endloop
  endfacet
  facet normal -0.454249 0.418668 0.786368
    outer loop
      vertex 2.07867 28.2792 0.622149
      vertex 1.8796 29.0378 0.103271
      vertex 1.43858 28.5593 0.103271
    endloop
  endfacet
  facet normal -0.215034 0.491387 0.843978
    outer loop
      vertex 1.076 27.3655 0.622149
      vertex 0.972952 28.2116 0.103271
      vertex 0.542643 27.1321 0.622149
    endloop
  endfacet
  facet normal -0.699553 0.0632493 0.711776
    outer loop
      vertex 3.55014 34.3261 0
      vertex 3.72704 35.1205 0.103271
      vertex 3.62465 35.1502 0
    endloop
  endfacet
  facet normal -0.699556 0.0632501 0.711773
    outer loop
      vertex 3.72704 35.1205 0.103271
      vertex 3.55014 34.3261 0
      vertex 3.63111 34.0595 0.103271
    endloop
  endfacet
  facet normal -0.793134 0.0236319 0.608588
    outer loop
      vertex 4.12178 35.0062 0.622149
      vertex 4.15735 36.2 0.622149
      vertex 3.72704 35.1205 0.103271
    endloop
  endfacet
  facet normal -0.859643 0.0777258 0.504948
    outer loop
      vertex 4.33156 33.6466 1.18856
      vertex 4.446 34.9123 1.18856
      vertex 4.01569 33.8328 0.622149
    endloop
  endfacet
  facet normal -0.907467 0.140017 0.396104
    outer loop
      vertex 4.37425 32.2139 1.7928
      vertex 4.57332 33.5041 1.7928
      vertex 4.33156 33.6466 1.18856
    endloop
  endfacet
  facet normal -0.530139 0.274773 0.802155
    outer loop
      vertex 2.29799 29.9587 0
      vertex 2.65815 30.3521 0.103271
      vertex 2.58513 30.5127 0
    endloop
  endfacet
  facet normal -0.530122 0.274752 0.802173
    outer loop
      vertex 2.65815 30.3521 0.103271
      vertex 2.29799 29.9587 0
      vertex 2.28846 29.6388 0.103271
    endloop
  endfacet
  facet normal -0.93695 0.210024 0.27931
    outer loop
      vertex 4.24692 30.8057 2.42455
      vertex 4.37425 32.2139 1.7928
      vertex 4.10033 30.9919 1.7928
    endloop
  endfacet
  facet normal -0.914534 0.277759 0.294072
    outer loop
      vertex 4.24692 30.8057 2.42455
      vertex 4.10033 30.9919 1.7928
      vertex 3.75625 29.859 1.7928
    endloop
  endfacet
  facet normal -0.936948 0.210027 0.279316
    outer loop
      vertex 4.53064 32.0714 2.42455
      vertex 4.37425 32.2139 1.7928
      vertex 4.24692 30.8057 2.42455
    endloop
  endfacet
  facet normal -0.951935 0.146883 0.268783
    outer loop
      vertex 4.53064 32.0714 2.42455
      vertex 4.73683 33.4077 2.42455
      vertex 4.37425 32.2139 1.7928
    endloop
  endfacet
  facet normal -0.865738 0.0257899 0.499833
    outer loop
      vertex 4.446 34.9123 1.18856
      vertex 4.48436 36.2 1.18856
      vertex 4.12178 35.0062 0.622149
    endloop
  endfacet
  facet normal -0.859641 0.0777222 0.504953
    outer loop
      vertex 4.446 34.9123 1.18856
      vertex 4.12178 35.0062 0.622149
      vertex 4.01569 33.8328 0.622149
    endloop
  endfacet
  facet normal -0.936948 -0.210027 0.279316
    outer loop
      vertex 4.37425 40.1861 1.7928
      vertex 4.53064 40.3286 2.42455
      vertex 4.24692 41.5943 2.42455
    endloop
  endfacet
  facet normal -0.923531 -0.0275171 0.382536
    outer loop
      vertex 4.73465 36.2 1.7928
      vertex 4.69414 37.5596 1.7928
      vertex 4.446 37.4877 1.18856
    endloop
  endfacet
  facet normal -0.827268 0.329782 0.454831
    outer loop
      vertex 3.3479 28.8346 1.7928
      vertex 3.55768 30.1942 1.18856
      vertex 3.17092 29.224 1.18856
    endloop
  endfacet
  facet normal -0.77577 0.402071 0.486334
    outer loop
      vertex 3.3479 28.8346 1.7928
      vertex 3.17092 29.224 1.18856
      vertex 2.72991 28.3731 1.18856
    endloop
  endfacet
  facet normal -0.531046 0.489421 0.691706
    outer loop
      vertex 2.24218 27.6561 1.18856
      vertex 2.07867 28.2792 0.622149
      vertex 1.59095 27.75 0.622149
    endloop
  endfacet
  facet normal -0.882035 0.351609 0.313665
    outer loop
      vertex 3.4676 28.5713 2.42455
      vertex 3.89055 29.6323 2.42455
      vertex 3.3479 28.8346 1.7928
    endloop
  endfacet
  facet normal -0.379649 0.349949 0.856389
    outer loop
      vertex 1.48543 28.8629 0
      vertex 1.8796 29.0378 0.103271
      vertex 1.82796 29.2345 0
    endloop
  endfacet
  facet normal -0.379633 0.349897 0.856417
    outer loop
      vertex 1.8796 29.0378 0.103271
      vertex 1.48543 28.8629 0
      vertex 1.43858 28.5593 0.103271
    endloop
  endfacet
  facet normal -0.701476 0.363597 0.612967
    outer loop
      vertex 2.72991 28.3731 1.18856
      vertex 2.93969 29.7327 0.622149
      vertex 2.53083 28.9439 0.622149
    endloop
  endfacet
  facet normal -0.585167 0.23327 0.776637
    outer loop
      vertex 2.64862 30.672 0
      vertex 2.98237 31.1654 0.103271
      vertex 2.90044 31.3037 0
    endloop
  endfacet
  facet normal -0.585178 0.23328 0.776626
    outer loop
      vertex 2.98237 31.1654 0.103271
      vertex 2.64862 30.672 0
      vertex 2.65815 30.3521 0.103271
    endloop
  endfacet
  facet normal -0.581215 0.77831 0.237535
    outer loop
      vertex 1.29132 25.5976 3.07298
      vertex 1.87665 26.2326 2.42455
      vertex 1.26923 25.779 2.42455
    endloop
  endfacet
  facet normal -0.581214 0.77831 0.237535
    outer loop
      vertex 1.90932 26.0591 3.07298
      vertex 1.87665 26.2326 2.42455
      vertex 1.29132 25.5976 3.07298
    endloop
  endfacet
  facet normal -0.535664 0.717313 0.445564
    outer loop
      vertex 1.26923 25.779 2.42455
      vertex 1.87665 26.2326 2.42455
      vertex 1.22542 26.1387 1.7928
    endloop
  endfacet
  facet normal -0.351346 0.802926 0.481525
    outer loop
      vertex 0.64009 25.5037 2.42455
      vertex 1.26923 25.779 2.42455
      vertex 0.617995 25.8729 1.7928
    endloop
  endfacet
  facet normal -0.137187 0.951493 0.275391
    outer loop
      vertex 0.651233 25.3175 3.07298
      vertex 0 25.3605 2.6
      vertex 0.472984 25.2918 3.07298
    endloop
  endfacet
  facet normal -0.137623 0.951262 0.275972
    outer loop
      vertex 0 25.3605 2.6
      vertex 0.651233 25.3175 3.07298
      vertex 0 25.4114 2.42455
    endloop
  endfacet
  facet normal -0.10598 0.734984 0.669751
    outer loop
      vertex 0.617995 25.8729 1.7928
      vertex 0.585326 26.4188 1.18856
      vertex 0 26.3344 1.18856
    endloop
  endfacet
  facet normal -0.343624 0.460169 0.818637
    outer loop
      vertex 1.59095 27.75 0.622149
      vertex 1.43858 28.5593 0.103271
      vertex 0.972952 28.2116 0.103271
    endloop
  endfacet
  facet normal -0.175641 0.40166 0.898788
    outer loop
      vertex 0.972952 28.2116 0.103271
      vertex 0.946224 28.431 0
      vertex 0.851778 28.3897 0
    endloop
  endfacet
  facet normal -0.965525 0.0287697 0.258716
    outer loop
      vertex 4.86197 34.7918 2.42455
      vertex 4.90393 36.2 2.42455
      vertex 4.73465 36.2 1.7928
    endloop
  endfacet
  facet normal -0.965525 -0.0287697 0.258716
    outer loop
      vertex 4.90393 36.2 2.42455
      vertex 4.86197 37.6082 2.42455
      vertex 4.73465 36.2 1.7928
    endloop
  endfacet
  facet normal -0.699556 -0.0632501 0.711773
    outer loop
      vertex 3.55014 38.0739 0
      vertex 3.72704 37.2795 0.103271
      vertex 3.63111 38.3405 0.103271
    endloop
  endfacet
  facet normal -0.699553 -0.0632493 0.711776
    outer loop
      vertex 3.72704 37.2795 0.103271
      vertex 3.55014 38.0739 0
      vertex 3.62465 37.2498 0
    endloop
  endfacet
  facet normal -0.706936 -0.0210676 0.706964
    outer loop
      vertex 3.63095 37.0384 0
      vertex 3.72704 37.2795 0.103271
      vertex 3.62465 37.2498 0
    endloop
  endfacet
  facet normal -0.865738 -0.0257899 0.499833
    outer loop
      vertex 4.48436 36.2 1.18856
      vertex 4.446 37.4877 1.18856
      vertex 4.12178 37.3938 0.622149
    endloop
  endfacet
  facet normal -0.8268 -0.185333 0.531088
    outer loop
      vertex 3.84089 39.7001 0.622149
      vertex 3.88357 41.1328 1.18856
      vertex 3.60037 40.7731 0.622149
    endloop
  endfacet
  facet normal -0.793131 0.0236286 0.608592
    outer loop
      vertex 4.15735 36.2 0.622149
      vertex 3.7592 36.2 0.103271
      vertex 3.72704 35.1205 0.103271
    endloop
  endfacet
  facet normal -0.706953 0.0210636 0.706946
    outer loop
      vertex 3.63095 35.3616 0
      vertex 3.7592 36.2 0.103271
      vertex 3.65593 36.2 0
    endloop
  endfacet
  facet normal -0.706944 0.021061 0.706956
    outer loop
      vertex 3.7592 36.2 0.103271
      vertex 3.63095 35.3616 0
      vertex 3.72704 35.1205 0.103271
    endloop
  endfacet
  facet normal -0.75678 -0.301682 0.57989
    outer loop
      vertex 3.55768 42.2058 1.18856
      vertex 3.17092 43.176 1.18856
      vertex 2.93969 42.6673 0.622149
    endloop
  endfacet
  facet normal -0.827268 -0.329782 0.454831
    outer loop
      vertex 3.55768 42.2058 1.18856
      vertex 3.3479 43.5654 1.7928
      vertex 3.17092 43.176 1.18856
    endloop
  endfacet
  facet normal -0.965966 -0.21653 0.141504
    outer loop
      vertex 4.60951 40.4005 3.07298
      vertex 4.32086 41.6882 3.07298
      vertex 4.24692 41.5943 2.42455
    endloop
  endfacet
  facet normal -0.606023 -0.558606 0.5663
    outer loop
      vertex 2.24218 44.7439 1.18856
      vertex 2.36732 45.2207 1.7928
      vertex 1.81187 45.8233 1.7928
    endloop
  endfacet
  facet normal -0.77577 -0.402072 0.486333
    outer loop
      vertex 3.3479 43.5654 1.7928
      vertex 2.88227 44.4638 1.7928
      vertex 2.72991 44.0269 1.18856
    endloop
  endfacet
  facet normal -0.45424 -0.41866 0.786378
    outer loop
      vertex 1.8796 43.3622 0.103271
      vertex 1.59095 44.65 0.622149
      vertex 1.43858 43.8407 0.103271
    endloop
  endfacet
  facet normal -0.343624 -0.460169 0.818637
    outer loop
      vertex 1.43858 43.8407 0.103271
      vertex 1.59095 44.65 0.622149
      vertex 0.972952 44.1884 0.103271
    endloop
  endfacet
  facet normal -0.0888424 0.616135 0.782614
    outer loop
      vertex 0.585326 26.4188 1.18856
      vertex 0.542643 27.1321 0.622149
      vertex 0 26.3344 1.18856
    endloop
  endfacet
  facet normal -0.258728 0.591143 0.763943
    outer loop
      vertex 0.585326 26.4188 1.18856
      vertex 1.16064 26.6706 1.18856
      vertex 0.542643 27.1321 0.622149
    endloop
  endfacet
  facet normal -0.918331 0.0830298 0.387006
    outer loop
      vertex 4.57332 33.5041 1.7928
      vertex 4.69414 34.8404 1.7928
      vertex 4.446 34.9123 1.18856
    endloop
  endfacet
  facet normal -0.923531 0.0275171 0.382536
    outer loop
      vertex 4.69414 34.8404 1.7928
      vertex 4.73465 36.2 1.7928
      vertex 4.446 34.9123 1.18856
    endloop
  endfacet
  facet normal -0.826799 0.185333 0.531089
    outer loop
      vertex 3.88357 31.2672 1.18856
      vertex 4.14301 32.4246 1.18856
      vertex 3.84089 32.6999 0.622149
    endloop
  endfacet
  facet normal -0.846989 0.130686 0.515297
    outer loop
      vertex 4.14301 32.4246 1.18856
      vertex 4.01569 33.8328 0.622149
      vertex 3.84089 32.6999 0.622149
    endloop
  endfacet
  facet normal -0.618134 0.320367 0.717827
    outer loop
      vertex 2.93969 29.7327 0.622149
      vertex 2.65815 30.3521 0.103271
      vertex 2.28846 29.6388 0.103271
    endloop
  endfacet
  facet normal -0.531009 0.489502 0.691677
    outer loop
      vertex 1.71609 27.0854 1.18856
      vertex 2.24218 27.6561 1.18856
      vertex 1.59095 27.75 0.622149
    endloop
  endfacet
  facet normal -0.545388 0.370998 0.751607
    outer loop
      vertex 2.53083 28.9439 0.622149
      vertex 2.28846 29.6388 0.103271
      vertex 2.07867 28.2792 0.622149
    endloop
  endfacet
  facet normal -0.545351 0.371002 0.751632
    outer loop
      vertex 2.07867 28.2792 0.622149
      vertex 2.28846 29.6388 0.103271
      vertex 1.8796 29.0378 0.103271
    endloop
  endfacet
  facet normal -0.62843 0.190812 0.7541
    outer loop
      vertex 3.25556 32.0649 0.103271
      vertex 3.16613 32.1785 0
      vertex 3.11263 32.0023 0
    endloop
  endfacet
  facet normal -0.628441 0.19088 0.754074
    outer loop
      vertex 2.90044 31.3037 0
      vertex 3.25556 32.0649 0.103271
      vertex 3.11263 32.0023 0
    endloop
  endfacet
  facet normal -0.628392 0.190851 0.754121
    outer loop
      vertex 3.25556 32.0649 0.103271
      vertex 2.90044 31.3037 0
      vertex 2.98237 31.1654 0.103271
    endloop
  endfacet
  facet normal -0.735279 0.677765 0
    outer loop
      vertex 1.90932 26.0591 3.07298
      vertex 2.49465 26.6941 3.4
      vertex 2.49465 26.6941 3.07298
    endloop
  endfacet
  facet normal -0.735279 0.677765 0
    outer loop
      vertex 2.49465 26.6941 3.4
      vertex 1.90932 26.0591 3.07298
      vertex 1.90932 26.0591 3.4
    endloop
  endfacet
  facet normal -0.605979 0.558611 0.566342
    outer loop
      vertex 1.81187 26.5767 1.7928
      vertex 2.24218 27.6561 1.18856
      vertex 1.71609 27.0854 1.18856
    endloop
  endfacet
  facet normal -0.474228 0.635029 0.609792
    outer loop
      vertex 1.81187 26.5767 1.7928
      vertex 1.71609 27.0854 1.18856
      vertex 1.16064 26.6706 1.18856
    endloop
  endfacet
  facet normal -0.811437 0.552025 0.191932
    outer loop
      vertex 2.49465 26.6941 3.07298
      vertex 2.98532 27.6408 2.42455
      vertex 2.45196 26.8568 2.42455
    endloop
  endfacet
  facet normal -0.671931 0.619302 0.406169
    outer loop
      vertex 2.45196 26.8568 2.42455
      vertex 2.36732 27.1793 1.7928
      vertex 1.87665 26.2326 2.42455
    endloop
  endfacet
  facet normal -0.351347 0.802924 0.481526
    outer loop
      vertex 1.26923 25.779 2.42455
      vertex 1.22542 26.1387 1.7928
      vertex 0.617995 25.8729 1.7928
    endloop
  endfacet
  facet normal -0.305536 0.698232 0.647395
    outer loop
      vertex 1.22542 26.1387 1.7928
      vertex 1.16064 26.6706 1.18856
      vertex 0.617995 25.8729 1.7928
    endloop
  endfacet
  facet normal -0.123256 0.854899 0.50394
    outer loop
      vertex 0.617995 25.8729 1.7928
      vertex 0 25.7838 1.7928
      vertex 0 25.4114 2.42455
    endloop
  endfacet
  facet normal -0.258699 0.591169 0.763933
    outer loop
      vertex 1.16064 26.6706 1.18856
      vertex 1.076 27.3655 0.622149
      vertex 0.542643 27.1321 0.622149
    endloop
  endfacet
  facet normal -0.215092 0.4914 0.843956
    outer loop
      vertex 0.542643 27.1321 0.622149
      vertex 0.972952 28.2116 0.103271
      vertex 0.490673 28.0005 0.103271
    endloop
  endfacet
  facet normal -0.379592 0.349897 0.856435
    outer loop
      vertex 1.43858 28.5593 0.103271
      vertex 1.48543 28.8629 0
      vertex 1.39906 28.7692 0
    endloop
  endfacet
  facet normal -0.772063 -0.119125 0.624282
    outer loop
      vertex 4.01569 38.5672 0.622149
      vertex 3.84089 39.7001 0.622149
      vertex 3.47305 39.3649 0.103271
    endloop
  endfacet
  facet normal -0.846989 -0.130686 0.515297
    outer loop
      vertex 4.01569 38.5672 0.622149
      vertex 4.14301 39.9754 1.18856
      vertex 3.84089 39.7001 0.622149
    endloop
  endfacet
  facet normal -0.93695 -0.210024 0.27931
    outer loop
      vertex 4.37425 40.1861 1.7928
      vertex 4.24692 41.5943 2.42455
      vertex 4.10033 41.4081 1.7928
    endloop
  endfacet
  facet normal -0.889939 -0.199486 0.410138
    outer loop
      vertex 4.37425 40.1861 1.7928
      vertex 4.10033 41.4081 1.7928
      vertex 3.88357 41.1328 1.18856
    endloop
  endfacet
  facet normal -0.859641 -0.0777222 0.504953
    outer loop
      vertex 4.12178 37.3938 0.622149
      vertex 4.446 37.4877 1.18856
      vertex 4.01569 38.5672 0.622149
    endloop
  endfacet
  facet normal -0.786249 -0.0710867 0.613807
    outer loop
      vertex 4.12178 37.3938 0.622149
      vertex 4.01569 38.5672 0.622149
      vertex 3.63111 38.3405 0.103271
    endloop
  endfacet
  facet normal -0.701476 -0.363597 0.612967
    outer loop
      vertex 2.93969 42.6673 0.622149
      vertex 2.72991 44.0269 1.18856
      vertex 2.53083 43.4561 0.622149
    endloop
  endfacet
  facet normal -0.61813 -0.320396 0.717817
    outer loop
      vertex 2.93969 42.6673 0.622149
      vertex 2.53083 43.4561 0.622149
      vertex 2.28846 42.7612 0.103271
    endloop
  endfacet
  facet normal -0.531046 -0.489421 0.691706
    outer loop
      vertex 2.07867 44.1208 0.622149
      vertex 2.24218 44.7439 1.18856
      vertex 1.59095 44.65 0.622149
    endloop
  endfacet
  facet normal -0.605979 -0.558611 0.566342
    outer loop
      vertex 2.24218 44.7439 1.18856
      vertex 1.81187 45.8233 1.7928
      vertex 1.71609 45.3146 1.18856
    endloop
  endfacet
  facet normal -0.661053 0.148176 0.735563
    outer loop
      vertex 3.20872 32.3685 0
      vertex 3.47305 33.0351 0.103271
      vertex 3.37764 33.1221 0
    endloop
  endfacet
  facet normal -0.661092 0.148197 0.735523
    outer loop
      vertex 3.47305 33.0351 0.103271
      vertex 3.20872 32.3685 0
      vertex 3.25556 32.0649 0.103271
    endloop
  endfacet
  facet normal -0.965526 0.0287683 0.258714
    outer loop
      vertex 4.86197 34.7918 2.42455
      vertex 4.73465 36.2 1.7928
      vertex 4.69414 34.8404 1.7928
    endloop
  endfacet
  facet normal -0.961142 0.0868993 0.262021
    outer loop
      vertex 4.73683 33.4077 2.42455
      vertex 4.86197 34.7918 2.42455
      vertex 4.69414 34.8404 1.7928
    endloop
  endfacet
  facet normal -0.461864 0.314202 0.829433
    outer loop
      vertex 1.82796 29.2345 0
      vertex 2.28846 29.6388 0.103271
      vertex 2.14552 29.7013 0
    endloop
  endfacet
  facet normal -0.461869 0.314209 0.829428
    outer loop
      vertex 2.28846 29.6388 0.103271
      vertex 1.82796 29.2345 0
      vertex 1.8796 29.0378 0.103271
    endloop
  endfacet
  facet normal -0.58526 0.233259 0.77657
    outer loop
      vertex 2.65815 30.3521 0.103271
      vertex 2.64862 30.672 0
      vertex 2.58513 30.5127 0
    endloop
  endfacet
  facet normal -0.627688 0.426983 0.650917
    outer loop
      vertex 2.24218 27.6561 1.18856
      vertex 2.53083 28.9439 0.622149
      vertex 2.07867 28.2792 0.622149
    endloop
  endfacet
  facet normal -0.627696 0.426982 0.650911
    outer loop
      vertex 2.72991 28.3731 1.18856
      vertex 2.53083 28.9439 0.622149
      vertex 2.24218 27.6561 1.18856
    endloop
  endfacet
  facet normal -0.768224 0.522628 0.369719
    outer loop
      vertex 2.45196 26.8568 2.42455
      vertex 2.98532 27.6408 2.42455
      vertex 2.36732 27.1793 1.7928
    endloop
  endfacet
  facet normal -0.835349 0.432963 0.338726
    outer loop
      vertex 3.4676 28.5713 2.42455
      vertex 3.3479 28.8346 1.7928
      vertex 2.98532 27.6408 2.42455
    endloop
  endfacet
  facet normal -0.343609 0.460186 0.818634
    outer loop
      vertex 1.076 27.3655 0.622149
      vertex 1.59095 27.75 0.622149
      vertex 0.972952 28.2116 0.103271
    endloop
  endfacet
  facet normal -0.408019 0.546448 0.731379
    outer loop
      vertex 1.16064 26.6706 1.18856
      vertex 1.59095 27.75 0.622149
      vertex 1.076 27.3655 0.622149
    endloop
  endfacet
  facet normal -0.0593235 0.413068 0.908766
    outer loop
      vertex 0.0960892 28.1708 0
      vertex 0 28.157 0
      vertex 0 27.9298 0.103271
    endloop
  endfacet
  facet normal -0.846987 -0.130687 0.5153
    outer loop
      vertex 4.33156 38.7534 1.18856
      vertex 4.14301 39.9754 1.18856
      vertex 4.01569 38.5672 0.622149
    endloop
  endfacet
  facet normal -0.826799 -0.185333 0.531089
    outer loop
      vertex 4.14301 39.9754 1.18856
      vertex 3.88357 41.1328 1.18856
      vertex 3.84089 39.7001 0.622149
    endloop
  endfacet
  facet normal -0.865742 -0.0257953 0.499825
    outer loop
      vertex 4.15735 36.2 0.622149
      vertex 4.48436 36.2 1.18856
      vertex 4.12178 37.3938 0.622149
    endloop
  endfacet
  facet normal -0.772063 -0.119126 0.624281
    outer loop
      vertex 3.63111 38.3405 0.103271
      vertex 4.01569 38.5672 0.622149
      vertex 3.47305 39.3649 0.103271
    endloop
  endfacet
  facet normal -0.907467 -0.140017 0.396104
    outer loop
      vertex 4.57332 38.8959 1.7928
      vertex 4.37425 40.1861 1.7928
      vertex 4.33156 38.7534 1.18856
    endloop
  endfacet
  facet normal -0.951934 -0.146878 0.268792
    outer loop
      vertex 4.57332 38.8959 1.7928
      vertex 4.73683 38.9923 2.42455
      vertex 4.37425 40.1861 1.7928
    endloop
  endfacet
  facet normal -0.914529 -0.277757 0.294086
    outer loop
      vertex 4.10033 41.4081 1.7928
      vertex 3.89055 42.7677 2.42455
      vertex 3.75625 42.541 1.7928
    endloop
  endfacet
  facet normal -0.914536 -0.277751 0.294071
    outer loop
      vertex 4.10033 41.4081 1.7928
      vertex 4.24692 41.5943 2.42455
      vertex 3.89055 42.7677 2.42455
    endloop
  endfacet
  facet normal -0.408081 -0.546453 0.731341
    outer loop
      vertex 1.59095 44.65 0.622149
      vertex 1.71609 45.3146 1.18856
      vertex 1.16064 45.7294 1.18856
    endloop
  endfacet
  facet normal -0.474213 -0.635009 0.609825
    outer loop
      vertex 1.71609 45.3146 1.18856
      vertex 1.22542 46.2613 1.7928
      vertex 1.16064 45.7294 1.18856
    endloop
  endfacet
  facet normal -0.283663 0.379801 0.880504
    outer loop
      vertex 1.43858 28.5593 0.103271
      vertex 1.39906 28.7692 0
      vertex 1.30788 28.7011 0
    endloop
  endfacet
  facet normal -0.461864 0.314201 0.829433
    outer loop
      vertex 2.28846 29.6388 0.103271
      vertex 2.22559 29.819 0
      vertex 2.14552 29.7013 0
    endloop
  endfacet
  facet normal -0.606023 0.558606 0.5663
    outer loop
      vertex 2.36732 27.1793 1.7928
      vertex 2.24218 27.6561 1.18856
      vertex 1.81187 26.5767 1.7928
    endloop
  endfacet
  facet normal -0.704283 0.47908 0.523897
    outer loop
      vertex 2.36732 27.1793 1.7928
      vertex 2.72991 28.3731 1.18856
      vertex 2.24218 27.6561 1.18856
    endloop
  endfacet
  facet normal -0.874262 0.453126 0.174192
    outer loop
      vertex 3.03729 27.4918 3.07298
      vertex 3.52796 28.4385 3.07298
      vertex 2.98532 27.6408 2.42455
    endloop
  endfacet
  facet normal -0.811464 0.552003 0.191879
    outer loop
      vertex 3.03729 27.4918 3.07298
      vertex 2.98532 27.6408 2.42455
      vertex 2.49465 26.6941 3.07298
    endloop
  endfacet
  facet normal -0.793134 -0.0236319 0.608588
    outer loop
      vertex 4.15735 36.2 0.622149
      vertex 4.12178 37.3938 0.622149
      vertex 3.72704 37.2795 0.103271
    endloop
  endfacet
  facet normal -0.78625 -0.0710886 0.613805
    outer loop
      vertex 3.72704 37.2795 0.103271
      vertex 4.12178 37.3938 0.622149
      vertex 3.63111 38.3405 0.103271
    endloop
  endfacet
  facet normal -0.684502 0.105644 0.721315
    outer loop
      vertex 3.63111 34.0595 0.103271
      vertex 3.53136 34.1183 0
      vertex 3.5004 33.9177 0
    endloop
  endfacet
  facet normal -0.684485 0.105613 0.721336
    outer loop
      vertex 3.5004 33.9177 0
      vertex 3.47305 33.0351 0.103271
      vertex 3.63111 34.0595 0.103271
    endloop
  endfacet
  facet normal -0.684475 0.105614 0.721346
    outer loop
      vertex 3.47305 33.0351 0.103271
      vertex 3.5004 33.9177 0
      vertex 3.37764 33.1221 0
    endloop
  endfacet
  facet normal -0.530144 0.274749 0.80216
    outer loop
      vertex 2.28846 29.6388 0.103271
      vertex 2.29799 29.9587 0
      vertex 2.22559 29.819 0
    endloop
  endfacet
  facet normal 0.979208 -0.150526 0.13599
    outer loop
      vertex 118.569 40.3286 2.42455
      vertex 118.49 40.4005 3.07298
      vertex 118.281 39.0409 3.07298
    endloop
  endfacet
  facet normal 0.792958 0.0235059 0.608823
    outer loop
      vertex 119.373 35.1205 0.103271
      vertex 119.341 36.2 0.103271
      vertex 118.978 35.0062 0.622149
    endloop
  endfacet
  facet normal 0.627831 0.426929 0.650816
    outer loop
      vertex 121.021 28.2792 0.622149
      vertex 120.569 28.9439 0.622149
      vertex 120.37 28.3731 1.18856
    endloop
  endfacet
  facet normal 0.749774 -0.167698 0.640091
    outer loop
      vertex 119.627 39.3649 0.103271
      vertex 119.844 40.3351 0.103271
      vertex 119.259 39.7001 0.622149
    endloop
  endfacet
  facet normal 0.827137 0.562001 0
    outer loop
      vertex 120.605 26.6941 3.4
      vertex 120.063 27.4918 3.07298
      vertex 120.063 27.4918 3.4
    endloop
  endfacet
  facet normal 0.827137 0.562001 0
    outer loop
      vertex 120.063 27.4918 3.07298
      vertex 120.605 26.6941 3.4
      vertex 120.605 26.6941 3.07298
    endloop
  endfacet
  facet normal 0.864442 -0.262636 0.428676
    outer loop
      vertex 119.216 41.1328 1.18856
      vertex 119.542 42.2058 1.18856
      vertex 119 41.4081 1.7928
    endloop
  endfacet
  facet normal 0.123294 -0.854911 0.503911
    outer loop
      vertex 122.482 46.5271 1.7928
      vertex 123.1 46.9886 2.42455
      vertex 122.46 46.8963 2.42455
    endloop
  endfacet
  facet normal 0.580934 -0.778677 0.237019
    outer loop
      vertex 121.223 46.1674 2.42455
      vertex 121.831 46.621 2.42455
      vertex 121.191 46.3409 3.07298
    endloop
  endfacet
  facet normal 0.750098 -0.168475 0.639507
    outer loop
      vertex 119.844 40.3351 0.103271
      vertex 119.5 40.7731 0.622149
      vertex 119.259 39.7001 0.622149
    endloop
  endfacet
  facet normal 0.718505 0.661872 0.21372
    outer loop
      vertex 121.223 26.2326 2.42455
      vertex 120.648 26.8568 2.42455
      vertex 120.605 26.6941 3.07298
    endloop
  endfacet
  facet normal 0.0593784 0.413067 0.908763
    outer loop
      vertex 123.1 27.9298 0.103271
      vertex 123.1 28.157 0
      vertex 123.004 28.1708 0
    endloop
  endfacet
  facet normal 0.960965 -0.0867861 0.262706
    outer loop
      vertex 118.527 38.8959 1.7928
      vertex 118.363 38.9923 2.42455
      vertex 118.238 37.6082 2.42455
    endloop
  endfacet
  facet normal 0.951711 0.146792 0.269626
    outer loop
      vertex 118.569 32.0714 2.42455
      vertex 118.726 32.2139 1.7928
      vertex 118.527 33.5041 1.7928
    endloop
  endfacet
  facet normal 0.707892 -0.0200915 0.706035
    outer loop
      vertex 119.444 36.2 0
      vertex 119.45 36.4114 0
      vertex 119.341 36.2 0.103271
    endloop
  endfacet
  facet normal 0.827713 -0.329663 0.454108
    outer loop
      vertex 119.542 42.2058 1.18856
      vertex 119.752 43.5654 1.7928
      vertex 119.344 42.541 1.7928
    endloop
  endfacet
  facet normal 0.873962 0.453652 0.174329
    outer loop
      vertex 120.063 27.4918 3.07298
      vertex 120.115 27.6408 2.42455
      vertex 119.632 28.5713 2.42455
    endloop
  endfacet
  facet normal 0.785958 0.0710001 0.61419
    outer loop
      vertex 119.084 33.8328 0.622149
      vertex 119.469 34.0595 0.103271
      vertex 118.978 35.0062 0.622149
    endloop
  endfacet
  facet normal 0.343644 0.460278 0.818568
    outer loop
      vertex 122.024 27.3655 0.622149
      vertex 121.661 28.5593 0.103271
      vertex 121.509 27.75 0.622149
    endloop
  endfacet
  facet normal 0.946334 0.28711 0.148391
    outer loop
      vertex 119.142 29.518 3.07298
      vertex 119.209 29.6323 2.42455
      vertex 118.853 30.8057 2.42455
    endloop
  endfacet
  facet normal 0.454284 0.418682 0.78634
    outer loop
      vertex 121.661 28.5593 0.103271
      vertex 121.22 29.0378 0.103271
      vertex 121.021 28.2792 0.622149
    endloop
  endfacet
  facet normal 0.106034 0.73495 0.66978
    outer loop
      vertex 123.1 26.3344 1.18856
      vertex 122.515 26.4188 1.18856
      vertex 122.482 25.8729 1.7928
    endloop
  endfacet
  facet normal 0.305244 0.698255 0.647508
    outer loop
      vertex 122.482 25.8729 1.7928
      vertex 122.515 26.4188 1.18856
      vertex 121.939 26.6706 1.18856
    endloop
  endfacet
  facet normal 0.672075 0.618987 0.40641
    outer loop
      vertex 121.288 26.5767 1.7928
      vertex 120.733 27.1793 1.7928
      vertex 120.648 26.8568 2.42455
    endloop
  endfacet
  facet normal 0.343414 0.460255 0.818677
    outer loop
      vertex 122.024 27.3655 0.622149
      vertex 122.127 28.2116 0.103271
      vertex 121.661 28.5593 0.103271
    endloop
  endfacet
  facet normal 0.40791 -0.546355 0.731509
    outer loop
      vertex 122.024 45.0345 0.622149
      vertex 121.939 45.7294 1.18856
      vertex 121.509 44.65 0.622149
    endloop
  endfacet
  facet normal 0.685738 -0.105972 0.720092
    outer loop
      vertex 119.691 39.0773 0
      vertex 119.722 39.2779 0
      vertex 119.627 39.3649 0.103271
    endloop
  endfacet
  facet normal 0.92901 -0.370055 0
    outer loop
      vertex 119.142 42.882 3.4
      vertex 119.572 43.9615 3.07298
      vertex 119.572 43.9615 3.4
    endloop
  endfacet
  facet normal 0.92901 -0.370055 0
    outer loop
      vertex 119.572 43.9615 3.07298
      vertex 119.142 42.882 3.4
      vertex 119.142 42.882 3.07298
    endloop
  endfacet
  facet normal 0.923134 0.027838 0.383468
    outer loop
      vertex 118.406 34.8404 1.7928
      vertex 118.616 36.2 1.18856
      vertex 118.365 36.2 1.7928
    endloop
  endfacet
  facet normal 0.865758 0.0253824 0.499819
    outer loop
      vertex 118.978 35.0062 0.622149
      vertex 118.943 36.2 0.622149
      vertex 118.616 36.2 1.18856
    endloop
  endfacet
  facet normal 0.859572 0.0776501 0.505081
    outer loop
      vertex 119.084 33.8328 0.622149
      vertex 118.978 35.0062 0.622149
      vertex 118.768 33.6466 1.18856
    endloop
  endfacet
  facet normal 0.951768 -0.146722 0.269464
    outer loop
      vertex 118.527 38.8959 1.7928
      vertex 118.569 40.3286 2.42455
      vertex 118.363 38.9923 2.42455
    endloop
  endfacet
  facet normal 0.685738 0.105972 0.720092
    outer loop
      vertex 119.722 33.1221 0
      vertex 119.691 33.3227 0
      vertex 119.627 33.0351 0.103271
    endloop
  endfacet
  facet normal 0.887709 0.460405 0
    outer loop
      vertex 120.063 27.4918 3.4
      vertex 119.572 28.4385 3.07298
      vertex 119.572 28.4385 3.4
    endloop
  endfacet
  facet normal 0.887709 0.460405 0
    outer loop
      vertex 119.572 28.4385 3.07298
      vertex 120.063 27.4918 3.4
      vertex 120.063 27.4918 3.07298
    endloop
  endfacet
  facet normal 0.77595 0.402155 0.485976
    outer loop
      vertex 120.218 27.9362 1.7928
      vertex 120.37 28.3731 1.18856
      vertex 119.929 29.224 1.18856
    endloop
  endfacet
  facet normal 0.606348 0.558452 0.566105
    outer loop
      vertex 121.288 26.5767 1.7928
      vertex 120.858 27.6561 1.18856
      vertex 120.733 27.1793 1.7928
    endloop
  endfacet
  facet normal 0.0888988 0.616182 0.78257
    outer loop
      vertex 123.1 26.3344 1.18856
      vertex 122.557 27.1321 0.622149
      vertex 122.515 26.4188 1.18856
    endloop
  endfacet
  facet normal 0.990957 -0.0290502 0.130998
    outer loop
      vertex 118.238 37.6082 2.42455
      vertex 118.153 37.6327 3.07298
      vertex 118.111 36.2 3.07298
    endloop
  endfacet
  facet normal 0.999571 -0.0293027 0
    outer loop
      vertex 118.111 36.2 3.4
      vertex 118.153 37.6327 3.07298
      vertex 118.153 37.6327 3.4
    endloop
  endfacet
  facet normal 0.999571 -0.0293027 0
    outer loop
      vertex 118.153 37.6327 3.07298
      vertex 118.111 36.2 3.4
      vertex 118.111 36.2 3.07298
    endloop
  endfacet
  facet normal 0.717882 -0.217956 0.661166
    outer loop
      vertex 120.118 41.2346 0.103271
      vertex 119.802 41.7678 0.622149
      vertex 119.5 40.7731 0.622149
    endloop
  endfacet
  facet normal 0.775582 -0.402294 0.486448
    outer loop
      vertex 119.929 43.176 1.18856
      vertex 120.218 44.4638 1.7928
      vertex 119.752 43.5654 1.7928
    endloop
  endfacet
  facet normal 0.701546 -0.363594 0.612889
    outer loop
      vertex 120.569 43.4561 0.622149
      vertex 120.37 44.0269 1.18856
      vertex 119.929 43.176 1.18856
    endloop
  endfacet
  facet normal 0.351423 -0.802923 0.481473
    outer loop
      vertex 122.482 46.5271 1.7928
      vertex 122.46 46.8963 2.42455
      vertex 121.831 46.621 2.42455
    endloop
  endfacet
  facet normal 0.215175 -0.491381 0.843945
    outer loop
      vertex 122.609 44.3995 0.103271
      vertex 122.557 45.2679 0.622149
      vertex 122.024 45.0345 0.622149
    endloop
  endfacet
  facet normal 0.91709 -0.365307 0.159675
    outer loop
      vertex 119.632 43.8287 2.42455
      vertex 119.572 43.9615 3.07298
      vertex 119.142 42.882 3.07298
    endloop
  endfacet
  facet normal 0.535308 -0.71741 0.445834
    outer loop
      vertex 121.288 45.8233 1.7928
      vertex 121.875 46.2613 1.7928
      vertex 121.223 46.1674 2.42455
    endloop
  endfacet
  facet normal 0.864402 -0.262472 0.428856
    outer loop
      vertex 119.542 42.2058 1.18856
      vertex 119.344 42.541 1.7928
      vertex 119 41.4081 1.7928
    endloop
  endfacet
  facet normal 0.387108 -0.884457 0.260543
    outer loop
      vertex 122.46 46.8963 2.42455
      vertex 122.449 47.0825 3.07298
      vertex 121.831 46.621 2.42455
    endloop
  endfacet
  facet normal 0.0731862 -0.508266 0.858085
    outer loop
      vertex 123.1 44.4702 0.103271
      vertex 123.1 45.3462 0.622149
      vertex 122.609 44.3995 0.103271
    endloop
  endfacet
  facet normal 0.846966 -0.130996 0.515256
    outer loop
      vertex 119.259 39.7001 0.622149
      vertex 118.957 39.9754 1.18856
      vertex 118.768 38.7534 1.18856
    endloop
  endfacet
  facet normal 0.826127 -0.185551 0.532057
    outer loop
      vertex 119.259 39.7001 0.622149
      vertex 119.5 40.7731 0.622149
      vertex 119.216 41.1328 1.18856
    endloop
  endfacet
  facet normal 0.98839 -0.151937 0
    outer loop
      vertex 118.281 39.0409 3.4
      vertex 118.49 40.4005 3.07298
      vertex 118.49 40.4005 3.4
    endloop
  endfacet
  facet normal 0.98839 -0.151937 0
    outer loop
      vertex 118.49 40.4005 3.07298
      vertex 118.281 39.0409 3.4
      vertex 118.281 39.0409 3.07298
    endloop
  endfacet
  facet normal 0.936774 -0.210046 0.279883
    outer loop
      vertex 119 41.4081 1.7928
      vertex 118.853 41.5943 2.42455
      vertex 118.726 40.1861 1.7928
    endloop
  endfacet
  facet normal 0.98839 0.151937 0
    outer loop
      vertex 118.49 31.9995 3.4
      vertex 118.281 33.3591 3.07298
      vertex 118.281 33.3591 3.4
    endloop
  endfacet
  facet normal 0.98839 0.151937 0
    outer loop
      vertex 118.281 33.3591 3.07298
      vertex 118.49 31.9995 3.4
      vertex 118.49 31.9995 3.07298
    endloop
  endfacet
  facet normal 0.531104 0.275139 0.801391
    outer loop
      vertex 120.442 30.3521 0.103271
      vertex 120.874 29.819 0
      vertex 120.587 30.373 0
    endloop
  endfacet
  facet normal 0.531829 0.275868 0.800659
    outer loop
      vertex 120.874 29.819 0
      vertex 120.442 30.3521 0.103271
      vertex 120.812 29.6388 0.103271
    endloop
  endfacet
  facet normal 0.757216 0.301371 0.579481
    outer loop
      vertex 119.929 29.224 1.18856
      vertex 120.16 29.7327 0.622149
      vertex 119.802 30.6322 0.622149
    endloop
  endfacet
  facet normal 0.846864 -0.130816 0.515469
    outer loop
      vertex 119.084 38.5672 0.622149
      vertex 119.259 39.7001 0.622149
      vertex 118.768 38.7534 1.18856
    endloop
  endfacet
  facet normal 0.718073 -0.218735 0.660701
    outer loop
      vertex 119.844 40.3351 0.103271
      vertex 120.118 41.2346 0.103271
      vertex 119.5 40.7731 0.622149
    endloop
  endfacet
  facet normal 0.914361 0.27741 0.294939
    outer loop
      vertex 119.209 29.6323 2.42455
      vertex 119.344 29.859 1.7928
      vertex 118.853 30.8057 2.42455
    endloop
  endfacet
  facet normal 0.914395 0.277652 0.294602
    outer loop
      vertex 119.344 29.859 1.7928
      vertex 119 30.9919 1.7928
      vertex 118.853 30.8057 2.42455
    endloop
  endfacet
  facet normal 0.999571 0.0293027 0
    outer loop
      vertex 118.153 34.7673 3.4
      vertex 118.111 36.2 3.07298
      vertex 118.111 36.2 3.4
    endloop
  endfacet
  facet normal 0.999571 0.0293027 0
    outer loop
      vertex 118.111 36.2 3.07298
      vertex 118.153 34.7673 3.4
      vertex 118.153 34.7673 3.07298
    endloop
  endfacet
  facet normal 0.991084 0.0295594 0.129917
    outer loop
      vertex 118.238 34.7918 2.42455
      vertex 118.196 36.2 2.42455
      vertex 118.111 36.2 3.07298
    endloop
  endfacet
  facet normal 0.914473 -0.277444 0.294559
    outer loop
      vertex 119 41.4081 1.7928
      vertex 119.209 42.7677 2.42455
      vertex 118.853 41.5943 2.42455
    endloop
  endfacet
  facet normal 0.995894 0.090523 0
    outer loop
      vertex 118.281 33.3591 3.4
      vertex 118.153 34.7673 3.07298
      vertex 118.153 34.7673 3.4
    endloop
  endfacet
  facet normal 0.995894 0.090523 0
    outer loop
      vertex 118.153 34.7673 3.07298
      vertex 118.281 33.3591 3.4
      vertex 118.281 33.3591 3.07298
    endloop
  endfacet
  facet normal 0.704177 0.479272 0.523863
    outer loop
      vertex 120.733 27.1793 1.7928
      vertex 120.858 27.6561 1.18856
      vertex 120.37 28.3731 1.18856
    endloop
  endfacet
  facet normal 0.704332 0.479232 0.523691
    outer loop
      vertex 120.733 27.1793 1.7928
      vertex 120.37 28.3731 1.18856
      vertex 120.218 27.9362 1.7928
    endloop
  endfacet
  facet normal 0.811713 0.551521 0.192212
    outer loop
      vertex 120.605 26.6941 3.07298
      vertex 120.648 26.8568 2.42455
      vertex 120.063 27.4918 3.07298
    endloop
  endfacet
  facet normal 0.835053 0.433456 0.338826
    outer loop
      vertex 120.115 27.6408 2.42455
      vertex 120.218 27.9362 1.7928
      vertex 119.632 28.5713 2.42455
    endloop
  endfacet
  facet normal 0.917052 0.365611 0.159203
    outer loop
      vertex 119.632 28.5713 2.42455
      vertex 119.209 29.6323 2.42455
      vertex 119.142 29.518 3.07298
    endloop
  endfacet
  facet normal 0.734892 0.678184 0
    outer loop
      vertex 121.191 26.0591 3.4
      vertex 120.605 26.6941 3.07298
      vertex 120.605 26.6941 3.4
    endloop
  endfacet
  facet normal 0.734892 0.678184 0
    outer loop
      vertex 120.605 26.6941 3.07298
      vertex 121.191 26.0591 3.4
      vertex 121.191 26.0591 3.07298
    endloop
  endfacet
  facet normal 0.380209 0.348964 0.856542
    outer loop
      vertex 121.661 28.5593 0.103271
      vertex 121.701 28.7692 0
      vertex 121.615 28.8629 0
    endloop
  endfacet
  facet normal 0.258912 0.59126 0.763791
    outer loop
      vertex 122.515 26.4188 1.18856
      vertex 122.557 27.1321 0.622149
      vertex 122.024 27.3655 0.622149
    endloop
  endfacet
  facet normal 0.2152 0.491362 0.84395
    outer loop
      vertex 122.609 28.0005 0.103271
      vertex 122.127 28.2116 0.103271
      vertex 122.024 27.3655 0.622149
    endloop
  endfacet
  facet normal 0.105967 0.734992 0.669745
    outer loop
      vertex 123.1 25.7838 1.7928
      vertex 123.1 26.3344 1.18856
      vertex 122.482 25.8729 1.7928
    endloop
  endfacet
  facet normal 0.1429 0.989737 0
    outer loop
      vertex 122.449 25.3175 3.25123
      vertex 122.627 25.2918 3.07298
      vertex 122.449 25.3175 3.07298
    endloop
  endfacet
  facet normal 0.137216 0.951446 0.27554
    outer loop
      vertex 123.1 25.4114 2.42455
      vertex 122.46 25.5037 2.42455
      vertex 122.449 25.3175 3.07298
    endloop
  endfacet
  facet normal 0.123294 0.854911 0.503911
    outer loop
      vertex 123.1 25.4114 2.42455
      vertex 122.482 25.8729 1.7928
      vertex 122.46 25.5037 2.42455
    endloop
  endfacet
  facet normal 0.215175 0.491381 0.843945
    outer loop
      vertex 122.557 27.1321 0.622149
      vertex 122.609 28.0005 0.103271
      vertex 122.024 27.3655 0.622149
    endloop
  endfacet
  facet normal 0.951711 -0.146792 0.269626
    outer loop
      vertex 118.726 40.1861 1.7928
      vertex 118.569 40.3286 2.42455
      vertex 118.527 38.8959 1.7928
    endloop
  endfacet
  facet normal 0.995894 -0.090523 0
    outer loop
      vertex 118.153 37.6327 3.4
      vertex 118.281 39.0409 3.07298
      vertex 118.281 39.0409 3.4
    endloop
  endfacet
  facet normal 0.995894 -0.090523 0
    outer loop
      vertex 118.281 39.0409 3.07298
      vertex 118.153 37.6327 3.4
      vertex 118.153 37.6327 3.07298
    endloop
  endfacet
  facet normal 0.77595 -0.402155 0.485976
    outer loop
      vertex 120.37 44.0269 1.18856
      vertex 120.218 44.4638 1.7928
      vertex 119.929 43.176 1.18856
    endloop
  endfacet
  facet normal 0.174466 -0.401313 0.899172
    outer loop
      vertex 122.623 44.1742 0
      vertex 122.609 44.3995 0.103271
      vertex 122.528 44.1329 0
    endloop
  endfacet
  facet normal 0.379062 -0.349355 0.856892
    outer loop
      vertex 121.22 43.3622 0.103271
      vertex 121.701 43.6308 0
      vertex 121.661 43.8407 0.103271
    endloop
  endfacet
  facet normal 0.379442 -0.350238 0.856363
    outer loop
      vertex 121.701 43.6308 0
      vertex 121.22 43.3622 0.103271
      vertex 121.358 43.2592 0
    endloop
  endfacet
  facet normal 0.617609 -0.320364 0.71828
    outer loop
      vertex 120.812 42.7612 0.103271
      vertex 120.569 43.4561 0.622149
      vertex 120.442 42.0479 0.103271
    endloop
  endfacet
  facet normal 0.835077 -0.433154 0.339151
    outer loop
      vertex 119.752 43.5654 1.7928
      vertex 120.218 44.4638 1.7928
      vertex 119.632 43.8287 2.42455
    endloop
  endfacet
  facet normal 0.796965 -0.242135 0.553369
    outer loop
      vertex 119.5 40.7731 0.622149
      vertex 119.542 42.2058 1.18856
      vertex 119.216 41.1328 1.18856
    endloop
  endfacet
  facet normal 0.827153 -0.32994 0.454926
    outer loop
      vertex 119.929 43.176 1.18856
      vertex 119.752 43.5654 1.7928
      vertex 119.542 42.2058 1.18856
    endloop
  endfacet
  facet normal 0.343644 -0.460278 0.818568
    outer loop
      vertex 121.661 43.8407 0.103271
      vertex 122.024 45.0345 0.622149
      vertex 121.509 44.65 0.622149
    endloop
  endfacet
  facet normal 0.305346 -0.698489 0.647207
    outer loop
      vertex 121.939 45.7294 1.18856
      vertex 122.515 45.9812 1.18856
      vertex 121.875 46.2613 1.7928
    endloop
  endfacet
  facet normal 0.258425 -0.591154 0.764037
    outer loop
      vertex 122.024 45.0345 0.622149
      vertex 122.515 45.9812 1.18856
      vertex 121.939 45.7294 1.18856
    endloop
  endfacet
  facet normal 0.873962 -0.453652 0.174329
    outer loop
      vertex 120.115 44.7592 2.42455
      vertex 120.063 44.9082 3.07298
      vertex 119.632 43.8287 2.42455
    endloop
  endfacet
  facet normal 0.718684 -0.662036 0.212608
    outer loop
      vertex 121.223 46.1674 2.42455
      vertex 121.191 46.3409 3.07298
      vertex 120.648 45.5432 2.42455
    endloop
  endfacet
  facet normal 0.672042 -0.619071 0.406339
    outer loop
      vertex 121.288 45.8233 1.7928
      vertex 121.223 46.1674 2.42455
      vertex 120.648 45.5432 2.42455
    endloop
  endfacet
  facet normal 0.859827 -0.0774435 0.504679
    outer loop
      vertex 118.978 37.3938 0.622149
      vertex 118.768 38.7534 1.18856
      vertex 118.654 37.4877 1.18856
    endloop
  endfacet
  facet normal 0.771776 -0.119036 0.624654
    outer loop
      vertex 119.469 38.3405 0.103271
      vertex 119.627 39.3649 0.103271
      vertex 119.084 38.5672 0.622149
    endloop
  endfacet
  facet normal 0.890051 -0.19957 0.409855
    outer loop
      vertex 118.957 39.9754 1.18856
      vertex 119 41.4081 1.7928
      vertex 118.726 40.1861 1.7928
    endloop
  endfacet
  facet normal 0.987076 -0.0897214 0.132782
    outer loop
      vertex 118.238 37.6082 2.42455
      vertex 118.281 39.0409 3.07298
      vertex 118.153 37.6327 3.07298
    endloop
  endfacet
  facet normal 0.771776 0.119036 0.624654
    outer loop
      vertex 119.627 33.0351 0.103271
      vertex 119.469 34.0595 0.103271
      vertex 119.084 33.8328 0.622149
    endloop
  endfacet
  facet normal 0.701546 0.363594 0.612889
    outer loop
      vertex 120.37 28.3731 1.18856
      vertex 120.569 28.9439 0.622149
      vertex 119.929 29.224 1.18856
    endloop
  endfacet
  facet normal 0.701539 0.363754 0.612801
    outer loop
      vertex 120.569 28.9439 0.622149
      vertex 120.16 29.7327 0.622149
      vertex 119.929 29.224 1.18856
    endloop
  endfacet
  facet normal 0.628361 0.191584 0.753962
    outer loop
      vertex 119.844 32.0649 0.103271
      vertex 120.2 31.3037 0
      vertex 119.987 32.0023 0
    endloop
  endfacet
  facet normal 0.627764 0.191225 0.75455
    outer loop
      vertex 120.2 31.3037 0
      vertex 119.844 32.0649 0.103271
      vertex 120.118 31.1654 0.103271
    endloop
  endfacet
  facet normal 0.797186 0.242033 0.553095
    outer loop
      vertex 119.542 30.1942 1.18856
      vertex 119.802 30.6322 0.622149
      vertex 119.5 31.6269 0.622149
    endloop
  endfacet
  facet normal 0.835077 0.433154 0.339151
    outer loop
      vertex 120.218 27.9362 1.7928
      vertex 119.752 28.8346 1.7928
      vertex 119.632 28.5713 2.42455
    endloop
  endfacet
  facet normal 0.890464 0.199266 0.409106
    outer loop
      vertex 119 30.9919 1.7928
      vertex 119.216 31.2672 1.18856
      vertex 118.957 32.4246 1.18856
    endloop
  endfacet
  facet normal 0.965631 0.0288002 0.258317
    outer loop
      vertex 118.238 34.7918 2.42455
      vertex 118.365 36.2 1.7928
      vertex 118.196 36.2 2.42455
    endloop
  endfacet
  facet normal 0.965444 0.0291139 0.258978
    outer loop
      vertex 118.406 34.8404 1.7928
      vertex 118.365 36.2 1.7928
      vertex 118.238 34.7918 2.42455
    endloop
  endfacet
  facet normal 0.700792 0.0637779 0.710509
    outer loop
      vertex 119.373 35.1205 0.103271
      vertex 119.55 34.3261 0
      vertex 119.475 35.1502 0
    endloop
  endfacet
  facet normal 0.699393 0.0632816 0.71193
    outer loop
      vertex 119.55 34.3261 0
      vertex 119.373 35.1205 0.103271
      vertex 119.469 34.0595 0.103271
    endloop
  endfacet
  facet normal 0.907806 0.140405 0.395189
    outer loop
      vertex 118.957 32.4246 1.18856
      vertex 118.768 33.6466 1.18856
      vertex 118.527 33.5041 1.7928
    endloop
  endfacet
  facet normal 0.771893 -0.119235 0.624471
    outer loop
      vertex 119.627 39.3649 0.103271
      vertex 119.259 39.7001 0.622149
      vertex 119.084 38.5672 0.622149
    endloop
  endfacet
  facet normal 0.686036 -0.105812 0.719832
    outer loop
      vertex 119.469 38.3405 0.103271
      vertex 119.691 39.0773 0
      vertex 119.627 39.3649 0.103271
    endloop
  endfacet
  facet normal 0.683925 -0.104875 0.721975
    outer loop
      vertex 119.691 39.0773 0
      vertex 119.469 38.3405 0.103271
      vertex 119.569 38.2817 0
    endloop
  endfacet
  facet normal 0.698507 -0.0638674 0.712747
    outer loop
      vertex 119.55 38.0739 0
      vertex 119.569 38.2817 0
      vertex 119.469 38.3405 0.103271
    endloop
  endfacet
  facet normal 0.956748 0.290919 0
    outer loop
      vertex 119.142 29.518 3.4
      vertex 118.779 30.7118 3.07298
      vertex 118.779 30.7118 3.4
    endloop
  endfacet
  facet normal 0.956748 0.290919 0
    outer loop
      vertex 118.779 30.7118 3.07298
      vertex 119.142 29.518 3.4
      vertex 119.142 29.518 3.07298
    endloop
  endfacet
  facet normal 0.531035 0.489692 0.691522
    outer loop
      vertex 121.509 27.75 0.622149
      vertex 121.021 28.2792 0.622149
      vertex 120.858 27.6561 1.18856
    endloop
  endfacet
  facet normal 0.91709 0.365307 0.159675
    outer loop
      vertex 119.572 28.4385 3.07298
      vertex 119.632 28.5713 2.42455
      vertex 119.142 29.518 3.07298
    endloop
  endfacet
  facet normal 0.874207 0.453402 0.173749
    outer loop
      vertex 120.063 27.4918 3.07298
      vertex 119.632 28.5713 2.42455
      vertex 119.572 28.4385 3.07298
    endloop
  endfacet
  facet normal 0.581297 0.778421 0.236969
    outer loop
      vertex 121.809 25.5976 3.07298
      vertex 121.223 26.2326 2.42455
      vertex 121.191 26.0591 3.07298
    endloop
  endfacet
  facet normal 0.718069 0.662659 0.212744
    outer loop
      vertex 121.191 26.0591 3.07298
      vertex 121.223 26.2326 2.42455
      vertex 120.605 26.6941 3.07298
    endloop
  endfacet
  facet normal 0.463001 0.315412 0.828339
    outer loop
      vertex 120.812 29.6388 0.103271
      vertex 121.192 29.3522 0
      vertex 120.874 29.819 0
    endloop
  endfacet
  facet normal 0.461996 0.313635 0.829574
    outer loop
      vertex 121.192 29.3522 0
      vertex 120.812 29.6388 0.103271
      vertex 121.22 29.0378 0.103271
    endloop
  endfacet
  facet normal 0.258425 0.591154 0.764037
    outer loop
      vertex 122.515 26.4188 1.18856
      vertex 122.024 27.3655 0.622149
      vertex 121.939 26.6706 1.18856
    endloop
  endfacet
  facet normal 0.059602 0.412879 0.908833
    outer loop
      vertex 122.609 28.0005 0.103271
      vertex 123.004 28.1708 0
      vertex 122.623 28.2258 0
    endloop
  endfacet
  facet normal 0.059483 0.413099 0.908741
    outer loop
      vertex 123.004 28.1708 0
      vertex 122.609 28.0005 0.103271
      vertex 123.1 27.9298 0.103271
    endloop
  endfacet
  facet normal 0.123255 0.854899 0.50394
    outer loop
      vertex 123.1 25.4114 2.42455
      vertex 123.1 25.7838 1.7928
      vertex 122.482 25.8729 1.7928
    endloop
  endfacet
  facet normal 0.351423 0.802923 0.481473
    outer loop
      vertex 122.46 25.5037 2.42455
      vertex 122.482 25.8729 1.7928
      vertex 121.831 25.779 2.42455
    endloop
  endfacet
  facet normal 0.400367 0.916355 -0
    outer loop
      vertex 122.449 25.3175 3.07298
      vertex 122.3 25.3826 3.4
      vertex 122.449 25.3175 3.25123
    endloop
  endfacet
  facet normal 0.400939 0.916105 0.00031034
    outer loop
      vertex 122.3 25.3826 3.4
      vertex 122.449 25.3175 3.07298
      vertex 121.809 25.5976 3.07298
    endloop
  endfacet
  facet normal 0.401112 0.916029 0
    outer loop
      vertex 122.3 25.3826 3.4
      vertex 121.809 25.5976 3.07298
      vertex 121.809 25.5976 3.4
    endloop
  endfacet
  facet normal 0.137367 0.951417 0.275566
    outer loop
      vertex 123.1 25.3605 2.6
      vertex 122.449 25.3175 3.07298
      vertex 122.627 25.2918 3.07298
    endloop
  endfacet
  facet normal 0.137672 0.951256 0.27597
    outer loop
      vertex 122.449 25.3175 3.07298
      vertex 123.1 25.3605 2.6
      vertex 123.1 25.4114 2.42455
    endloop
  endfacet
  facet normal 0.674844 -0.268842 0.687247
    outer loop
      vertex 120.118 41.2346 0.103271
      vertex 120.442 42.0479 0.103271
      vertex 119.802 41.7678 0.622149
    endloop
  endfacet
  facet normal 0.704244 -0.479318 0.523731
    outer loop
      vertex 120.37 44.0269 1.18856
      vertex 120.858 44.7439 1.18856
      vertex 120.218 44.4638 1.7928
    endloop
  endfacet
  facet normal 0.283795 -0.379227 0.880708
    outer loop
      vertex 121.701 43.6308 0
      vertex 121.792 43.6989 0
      vertex 121.661 43.8407 0.103271
    endloop
  endfacet
  facet normal 0.701539 -0.363754 0.612801
    outer loop
      vertex 120.16 42.6673 0.622149
      vertex 120.569 43.4561 0.622149
      vertex 119.929 43.176 1.18856
    endloop
  endfacet
  facet normal 0.351542 -0.802807 0.481579
    outer loop
      vertex 121.875 46.2613 1.7928
      vertex 122.482 46.5271 1.7928
      vertex 121.831 46.621 2.42455
    endloop
  endfacet
  facet normal 0.882051 -0.351305 0.313961
    outer loop
      vertex 119.752 43.5654 1.7928
      vertex 119.632 43.8287 2.42455
      vertex 119.344 42.541 1.7928
    endloop
  endfacet
  facet normal 0.975728 -0.218984 0
    outer loop
      vertex 118.49 40.4005 3.4
      vertex 118.779 41.6882 3.07298
      vertex 118.779 41.6882 3.4
    endloop
  endfacet
  facet normal 0.975728 -0.218984 0
    outer loop
      vertex 118.779 41.6882 3.07298
      vertex 118.49 40.4005 3.4
      vertex 118.49 40.4005 3.07298
    endloop
  endfacet
  facet normal 0.826991 -0.185062 0.530884
    outer loop
      vertex 119.259 39.7001 0.622149
      vertex 119.216 41.1328 1.18856
      vertex 118.957 39.9754 1.18856
    endloop
  endfacet
  facet normal 0.890464 -0.199266 0.409106
    outer loop
      vertex 119.216 41.1328 1.18856
      vertex 119 41.4081 1.7928
      vertex 118.957 39.9754 1.18856
    endloop
  endfacet
  facet normal 0.717894 -0.662497 0.213836
    outer loop
      vertex 120.648 45.5432 2.42455
      vertex 121.191 46.3409 3.07298
      vertex 120.605 45.7059 3.07298
    endloop
  endfacet
  facet normal 0.946334 -0.28711 0.148391
    outer loop
      vertex 119.209 42.7677 2.42455
      vertex 119.142 42.882 3.07298
      vertex 118.853 41.5943 2.42455
    endloop
  endfacet
  facet normal 0.917052 -0.365611 0.159203
    outer loop
      vertex 119.209 42.7677 2.42455
      vertex 119.632 43.8287 2.42455
      vertex 119.142 42.882 3.07298
    endloop
  endfacet
  facet normal 0.811774 -0.551562 0.19184
    outer loop
      vertex 120.115 44.7592 2.42455
      vertex 120.605 45.7059 3.07298
      vertex 120.063 44.9082 3.07298
    endloop
  endfacet
  facet normal 0.956748 -0.290919 0
    outer loop
      vertex 118.779 41.6882 3.4
      vertex 119.142 42.882 3.07298
      vertex 119.142 42.882 3.4
    endloop
  endfacet
  facet normal 0.956748 -0.290919 0
    outer loop
      vertex 119.142 42.882 3.07298
      vertex 118.779 41.6882 3.4
      vertex 118.779 41.6882 3.07298
    endloop
  endfacet
  facet normal 0.792958 -0.0235059 0.608823
    outer loop
      vertex 119.341 36.2 0.103271
      vertex 119.373 37.2795 0.103271
      vertex 118.978 37.3938 0.622149
    endloop
  endfacet
  facet normal 0.786052 -0.0711225 0.614055
    outer loop
      vertex 119.373 37.2795 0.103271
      vertex 119.469 38.3405 0.103271
      vertex 118.978 37.3938 0.622149
    endloop
  endfacet
  facet normal 0.907608 -0.139989 0.395792
    outer loop
      vertex 118.957 39.9754 1.18856
      vertex 118.726 40.1861 1.7928
      vertex 118.527 38.8959 1.7928
    endloop
  endfacet
  facet normal 0.907806 -0.140405 0.395189
    outer loop
      vertex 118.768 38.7534 1.18856
      vertex 118.957 39.9754 1.18856
      vertex 118.527 38.8959 1.7928
    endloop
  endfacet
  facet normal 0.965881 0.216774 0.141713
    outer loop
      vertex 118.779 30.7118 3.07298
      vertex 118.569 32.0714 2.42455
      vertex 118.49 31.9995 3.07298
    endloop
  endfacet
  facet normal 0.786052 0.0711225 0.614055
    outer loop
      vertex 119.469 34.0595 0.103271
      vertex 119.373 35.1205 0.103271
      vertex 118.978 35.0062 0.622149
    endloop
  endfacet
  facet normal 0.175618 0.401811 0.898725
    outer loop
      vertex 122.127 28.2116 0.103271
      vertex 122.623 28.2258 0
      vertex 122.248 28.3897 0
    endloop
  endfacet
  facet normal 0.175694 0.401159 0.899001
    outer loop
      vertex 122.623 28.2258 0
      vertex 122.127 28.2116 0.103271
      vertex 122.609 28.0005 0.103271
    endloop
  endfacet
  facet normal 0.675012 0.268654 0.687156
    outer loop
      vertex 120.16 29.7327 0.622149
      vertex 120.118 31.1654 0.103271
      vertex 119.802 30.6322 0.622149
    endloop
  endfacet
  facet normal 0.659292 0.147851 0.737207
    outer loop
      vertex 119.765 32.9321 0
      vertex 119.844 32.0649 0.103271
      vertex 119.934 32.1785 0
    endloop
  endfacet
  facet normal 0.660924 0.147826 0.735749
    outer loop
      vertex 119.844 32.0649 0.103271
      vertex 119.765 32.9321 0
      vertex 119.627 33.0351 0.103271
    endloop
  endfacet
  facet normal 0.936774 0.210046 0.279883
    outer loop
      vertex 118.853 30.8057 2.42455
      vertex 119 30.9919 1.7928
      vertex 118.726 32.2139 1.7928
    endloop
  endfacet
  facet normal 0.890051 0.19957 0.409855
    outer loop
      vertex 119 30.9919 1.7928
      vertex 118.957 32.4246 1.18856
      vertex 118.726 32.2139 1.7928
    endloop
  endfacet
  facet normal 0.586366 0.231896 0.776144
    outer loop
      vertex 120.263 31.1444 0
      vertex 120.2 31.3037 0
      vertex 120.118 31.1654 0.103271
    endloop
  endfacet
  facet normal 0.936658 0.210169 0.280181
    outer loop
      vertex 118.853 30.8057 2.42455
      vertex 118.726 32.2139 1.7928
      vertex 118.569 32.0714 2.42455
    endloop
  endfacet
  facet normal 0.826991 0.185062 0.530884
    outer loop
      vertex 119.216 31.2672 1.18856
      vertex 119.259 32.6999 0.622149
      vertex 118.957 32.4246 1.18856
    endloop
  endfacet
  facet normal 0.793249 0.0232566 0.608453
    outer loop
      vertex 118.978 35.0062 0.622149
      vertex 119.341 36.2 0.103271
      vertex 118.943 36.2 0.622149
    endloop
  endfacet
  facet normal 0.987293 0.0891638 0.131535
    outer loop
      vertex 118.281 33.3591 3.07298
      vertex 118.363 33.4077 2.42455
      vertex 118.238 34.7918 2.42455
    endloop
  endfacet
  facet normal 0.882051 0.351305 0.313961
    outer loop
      vertex 119.632 28.5713 2.42455
      vertex 119.752 28.8346 1.7928
      vertex 119.344 29.859 1.7928
    endloop
  endfacet
  facet normal 0.881743 0.351534 0.314568
    outer loop
      vertex 119.632 28.5713 2.42455
      vertex 119.344 29.859 1.7928
      vertex 119.209 29.6323 2.42455
    endloop
  endfacet
  facet normal 0.627754 0.427258 0.650673
    outer loop
      vertex 120.858 27.6561 1.18856
      vertex 121.021 28.2792 0.622149
      vertex 120.37 28.3731 1.18856
    endloop
  endfacet
  facet normal 0.580861 0.778579 0.237517
    outer loop
      vertex 121.809 25.5976 3.07298
      vertex 121.831 25.779 2.42455
      vertex 121.223 26.2326 2.42455
    endloop
  endfacet
  facet normal 0.965631 -0.0288002 0.258317
    outer loop
      vertex 118.365 36.2 1.7928
      vertex 118.238 37.6082 2.42455
      vertex 118.196 36.2 2.42455
    endloop
  endfacet
  facet normal 0.991084 -0.0295594 0.129917
    outer loop
      vertex 118.196 36.2 2.42455
      vertex 118.238 37.6082 2.42455
      vertex 118.111 36.2 3.07298
    endloop
  endfacet
  facet normal 0.987076 0.0897214 0.132782
    outer loop
      vertex 118.281 33.3591 3.07298
      vertex 118.238 34.7918 2.42455
      vertex 118.153 34.7673 3.07298
    endloop
  endfacet
  facet normal 0.990957 0.0290502 0.130998
    outer loop
      vertex 118.153 34.7673 3.07298
      vertex 118.238 34.7918 2.42455
      vertex 118.111 36.2 3.07298
    endloop
  endfacet
  facet normal 0.960965 0.0867861 0.262706
    outer loop
      vertex 118.363 33.4077 2.42455
      vertex 118.527 33.5041 1.7928
      vertex 118.238 34.7918 2.42455
    endloop
  endfacet
  facet normal 0.965444 -0.0291139 0.258978
    outer loop
      vertex 118.365 36.2 1.7928
      vertex 118.406 37.5596 1.7928
      vertex 118.238 37.6082 2.42455
    endloop
  endfacet
  facet normal 0.708269 0.0211197 0.705626
    outer loop
      vertex 119.45 35.9886 0
      vertex 119.373 35.1205 0.103271
      vertex 119.475 35.1502 0
    endloop
  endfacet
  facet normal 0.708793 0.021011 0.705103
    outer loop
      vertex 119.373 35.1205 0.103271
      vertex 119.45 35.9886 0
      vertex 119.341 36.2 0.103271
    endloop
  endfacet
  facet normal 0.793249 -0.0232566 0.608453
    outer loop
      vertex 119.341 36.2 0.103271
      vertex 118.978 37.3938 0.622149
      vertex 118.943 36.2 0.622149
    endloop
  endfacet
  facet normal 0.859827 0.0774435 0.504679
    outer loop
      vertex 118.768 33.6466 1.18856
      vertex 118.978 35.0062 0.622149
      vertex 118.654 34.9123 1.18856
    endloop
  endfacet
  facet normal 0.945979 0.287645 0.149611
    outer loop
      vertex 119.142 29.518 3.07298
      vertex 118.853 30.8057 2.42455
      vertex 118.779 30.7118 3.07298
    endloop
  endfacet
  facet normal 0.768439 0.522421 0.369564
    outer loop
      vertex 120.648 26.8568 2.42455
      vertex 120.218 27.9362 1.7928
      vertex 120.115 27.6408 2.42455
    endloop
  endfacet
  facet normal 0.811619 0.551777 0.191877
    outer loop
      vertex 120.648 26.8568 2.42455
      vertex 120.115 27.6408 2.42455
      vertex 120.063 27.4918 3.07298
    endloop
  endfacet
  facet normal 0.672042 0.619071 0.406339
    outer loop
      vertex 121.223 26.2326 2.42455
      vertex 121.288 26.5767 1.7928
      vertex 120.648 26.8568 2.42455
    endloop
  endfacet
  facet normal 0.768057 0.522592 0.370116
    outer loop
      vertex 120.648 26.8568 2.42455
      vertex 120.733 27.1793 1.7928
      vertex 120.218 27.9362 1.7928
    endloop
  endfacet
  facet normal 0.598339 0.801243 -0
    outer loop
      vertex 121.809 25.5976 3.07298
      vertex 121.191 26.0591 3.4
      vertex 121.809 25.5976 3.4
    endloop
  endfacet
  facet normal 0.598339 0.801243 0
    outer loop
      vertex 121.191 26.0591 3.4
      vertex 121.809 25.5976 3.07298
      vertex 121.191 26.0591 3.07298
    endloop
  endfacet
  facet normal 0.351542 0.802807 0.481579
    outer loop
      vertex 122.482 25.8729 1.7928
      vertex 121.875 26.1387 1.7928
      vertex 121.831 25.779 2.42455
    endloop
  endfacet
  facet normal 0.535269 0.717469 0.445786
    outer loop
      vertex 121.831 25.779 2.42455
      vertex 121.875 26.1387 1.7928
      vertex 121.223 26.2326 2.42455
    endloop
  endfacet
  facet normal 0.40791 0.546355 0.731509
    outer loop
      vertex 121.939 26.6706 1.18856
      vertex 122.024 27.3655 0.622149
      vertex 121.509 27.75 0.622149
    endloop
  endfacet
  facet normal 0.408365 0.54639 0.731229
    outer loop
      vertex 121.939 26.6706 1.18856
      vertex 121.509 27.75 0.622149
      vertex 121.384 27.0854 1.18856
    endloop
  endfacet
  facet normal 0.0888501 0.616163 0.782591
    outer loop
      vertex 123.1 26.3344 1.18856
      vertex 123.1 27.0538 0.622149
      vertex 122.557 27.1321 0.622149
    endloop
  endfacet
  facet normal 0.661602 -0.149731 0.734754
    outer loop
      vertex 119.722 39.2779 0
      vertex 119.765 39.4679 0
      vertex 119.627 39.3649 0.103271
    endloop
  endfacet
  facet normal 0.531432 -0.273895 0.8016
    outer loop
      vertex 120.515 41.8873 0
      vertex 120.587 42.027 0
      vertex 120.442 42.0479 0.103271
    endloop
  endfacet
  facet normal 0.627831 -0.426929 0.650816
    outer loop
      vertex 120.569 43.4561 0.622149
      vertex 121.021 44.1208 0.622149
      vertex 120.37 44.0269 1.18856
    endloop
  endfacet
  facet normal 0.531829 -0.275868 0.800659
    outer loop
      vertex 120.442 42.0479 0.103271
      vertex 120.874 42.581 0
      vertex 120.812 42.7612 0.103271
    endloop
  endfacet
  facet normal 0.531104 -0.275139 0.801391
    outer loop
      vertex 120.874 42.581 0
      vertex 120.442 42.0479 0.103271
      vertex 120.587 42.027 0
    endloop
  endfacet
  facet normal 0.797186 -0.242033 0.553095
    outer loop
      vertex 119.802 41.7678 0.622149
      vertex 119.542 42.2058 1.18856
      vertex 119.5 40.7731 0.622149
    endloop
  endfacet
  facet normal 0.75633 -0.30169 0.580472
    outer loop
      vertex 119.802 41.7678 0.622149
      vertex 119.929 43.176 1.18856
      vertex 119.542 42.2058 1.18856
    endloop
  endfacet
  facet normal 0.343414 -0.460255 0.818677
    outer loop
      vertex 122.127 44.1884 0.103271
      vertex 122.024 45.0345 0.622149
      vertex 121.661 43.8407 0.103271
    endloop
  endfacet
  facet normal 0.2152 -0.491362 0.84395
    outer loop
      vertex 122.127 44.1884 0.103271
      vertex 122.609 44.3995 0.103271
      vertex 122.024 45.0345 0.622149
    endloop
  endfacet
  facet normal 0.704268 -0.479189 0.523817
    outer loop
      vertex 120.858 44.7439 1.18856
      vertex 120.733 45.2207 1.7928
      vertex 120.218 44.4638 1.7928
    endloop
  endfacet
  facet normal 0.606348 -0.558452 0.566105
    outer loop
      vertex 120.858 44.7439 1.18856
      vertex 121.288 45.8233 1.7928
      vertex 120.733 45.2207 1.7928
    endloop
  endfacet
  facet normal 0.914279 -0.277617 0.294996
    outer loop
      vertex 119.344 42.541 1.7928
      vertex 119.209 42.7677 2.42455
      vertex 119 41.4081 1.7928
    endloop
  endfacet
  facet normal 0.881743 -0.351534 0.314568
    outer loop
      vertex 119.344 42.541 1.7928
      vertex 119.632 43.8287 2.42455
      vertex 119.209 42.7677 2.42455
    endloop
  endfacet
  facet normal 0.305706 -0.698132 0.647422
    outer loop
      vertex 122.515 45.9812 1.18856
      vertex 122.482 46.5271 1.7928
      vertex 121.875 46.2613 1.7928
    endloop
  endfacet
  facet normal 0.0732971 -0.508306 0.858052
    outer loop
      vertex 122.609 44.3995 0.103271
      vertex 123.1 45.3462 0.622149
      vertex 122.557 45.2679 0.622149
    endloop
  endfacet
  facet normal 0.387089 -0.88446 0.260563
    outer loop
      vertex 121.831 46.621 2.42455
      vertex 122.449 47.0825 3.07298
      vertex 121.809 46.8024 3.07298
    endloop
  endfacet
  facet normal 0.581225 -0.778326 0.237458
    outer loop
      vertex 121.831 46.621 2.42455
      vertex 121.809 46.8024 3.07298
      vertex 121.191 46.3409 3.07298
    endloop
  endfacet
  facet normal 0.672075 -0.618987 0.40641
    outer loop
      vertex 120.733 45.2207 1.7928
      vertex 121.288 45.8233 1.7928
      vertex 120.648 45.5432 2.42455
    endloop
  endfacet
  facet normal 0.734892 -0.678184 0
    outer loop
      vertex 120.605 45.7059 3.4
      vertex 121.191 46.3409 3.07298
      vertex 121.191 46.3409 3.4
    endloop
  endfacet
  facet normal 0.734892 -0.678184 0
    outer loop
      vertex 121.191 46.3409 3.07298
      vertex 120.605 45.7059 3.4
      vertex 120.605 45.7059 3.07298
    endloop
  endfacet
  facet normal 0.936658 -0.210169 0.280181
    outer loop
      vertex 118.726 40.1861 1.7928
      vertex 118.853 41.5943 2.42455
      vertex 118.569 40.3286 2.42455
    endloop
  endfacet
  facet normal 0.945979 -0.287645 0.149611
    outer loop
      vertex 118.853 41.5943 2.42455
      vertex 119.142 42.882 3.07298
      vertex 118.779 41.6882 3.07298
    endloop
  endfacet
  facet normal 0.0597795 -0.412866 0.908828
    outer loop
      vertex 122.623 44.1742 0
      vertex 122.719 44.1881 0
      vertex 122.609 44.3995 0.103271
    endloop
  endfacet
  facet normal 0.283287 -0.379672 0.88068
    outer loop
      vertex 121.661 43.8407 0.103271
      vertex 122.154 43.969 0
      vertex 122.127 44.1884 0.103271
    endloop
  endfacet
  facet normal 0.283288 -0.379675 0.880679
    outer loop
      vertex 122.154 43.969 0
      vertex 121.661 43.8407 0.103271
      vertex 121.792 43.6989 0
    endloop
  endfacet
  facet normal 0.175883 -0.401589 0.898772
    outer loop
      vertex 122.127 44.1884 0.103271
      vertex 122.528 44.1329 0
      vertex 122.609 44.3995 0.103271
    endloop
  endfacet
  facet normal 0.175921 -0.40143 0.898836
    outer loop
      vertex 122.528 44.1329 0
      vertex 122.127 44.1884 0.103271
      vertex 122.154 43.969 0
    endloop
  endfacet
  facet normal 0.699393 -0.0632816 0.71193
    outer loop
      vertex 119.373 37.2795 0.103271
      vertex 119.55 38.0739 0
      vertex 119.469 38.3405 0.103271
    endloop
  endfacet
  facet normal 0.700792 -0.0637779 0.710509
    outer loop
      vertex 119.55 38.0739 0
      vertex 119.373 37.2795 0.103271
      vertex 119.475 37.2498 0
    endloop
  endfacet
  facet normal 0.708269 -0.0211197 0.705626
    outer loop
      vertex 119.373 37.2795 0.103271
      vertex 119.45 36.4114 0
      vertex 119.475 37.2498 0
    endloop
  endfacet
  facet normal 0.708793 -0.021011 0.705103
    outer loop
      vertex 119.45 36.4114 0
      vertex 119.373 37.2795 0.103271
      vertex 119.341 36.2 0.103271
    endloop
  endfacet
  facet normal 0.961063 -0.0870229 0.262268
    outer loop
      vertex 118.406 37.5596 1.7928
      vertex 118.527 38.8959 1.7928
      vertex 118.238 37.6082 2.42455
    endloop
  endfacet
  facet normal 0.91872 -0.0831887 0.386048
    outer loop
      vertex 118.768 38.7534 1.18856
      vertex 118.527 38.8959 1.7928
      vertex 118.406 37.5596 1.7928
    endloop
  endfacet
  facet normal 0.979258 0.150959 0.135151
    outer loop
      vertex 118.569 32.0714 2.42455
      vertex 118.363 33.4077 2.42455
      vertex 118.281 33.3591 3.07298
    endloop
  endfacet
  facet normal 0.965905 0.216731 0.141616
    outer loop
      vertex 118.779 30.7118 3.07298
      vertex 118.853 30.8057 2.42455
      vertex 118.569 32.0714 2.42455
    endloop
  endfacet
  facet normal 0.717882 0.217956 0.661166
    outer loop
      vertex 119.802 30.6322 0.622149
      vertex 120.118 31.1654 0.103271
      vertex 119.5 31.6269 0.622149
    endloop
  endfacet
  facet normal 0.75633 0.30169 0.580472
    outer loop
      vertex 119.929 29.224 1.18856
      vertex 119.802 30.6322 0.622149
      vertex 119.542 30.1942 1.18856
    endloop
  endfacet
  facet normal 0.846966 0.130996 0.515256
    outer loop
      vertex 118.957 32.4246 1.18856
      vertex 119.259 32.6999 0.622149
      vertex 118.768 33.6466 1.18856
    endloop
  endfacet
  facet normal 0.827472 0.330068 0.454253
    outer loop
      vertex 119.929 29.224 1.18856
      vertex 119.542 30.1942 1.18856
      vertex 119.344 29.859 1.7928
    endloop
  endfacet
  facet normal 0.864402 0.262472 0.428856
    outer loop
      vertex 119.344 29.859 1.7928
      vertex 119.542 30.1942 1.18856
      vertex 119 30.9919 1.7928
    endloop
  endfacet
  facet normal 0.82741 0.329543 0.454746
    outer loop
      vertex 119.752 28.8346 1.7928
      vertex 119.929 29.224 1.18856
      vertex 119.344 29.859 1.7928
    endloop
  endfacet
  facet normal 0.775582 0.402294 0.486448
    outer loop
      vertex 120.218 27.9362 1.7928
      vertex 119.929 29.224 1.18856
      vertex 119.752 28.8346 1.7928
    endloop
  endfacet
  facet normal 0.987293 -0.0891638 0.131535
    outer loop
      vertex 118.363 38.9923 2.42455
      vertex 118.281 39.0409 3.07298
      vertex 118.238 37.6082 2.42455
    endloop
  endfacet
  facet normal 0.979258 -0.150959 0.135151
    outer loop
      vertex 118.363 38.9923 2.42455
      vertex 118.569 40.3286 2.42455
      vertex 118.281 39.0409 3.07298
    endloop
  endfacet
  facet normal 0.707892 0.0200915 0.706035
    outer loop
      vertex 119.45 35.9886 0
      vertex 119.444 36.2 0
      vertex 119.341 36.2 0.103271
    endloop
  endfacet
  facet normal 0.785958 -0.0710001 0.61419
    outer loop
      vertex 119.469 38.3405 0.103271
      vertex 119.084 38.5672 0.622149
      vertex 118.978 37.3938 0.622149
    endloop
  endfacet
  facet normal 0.859572 -0.0776501 0.505081
    outer loop
      vertex 118.978 37.3938 0.622149
      vertex 119.084 38.5672 0.622149
      vertex 118.768 38.7534 1.18856
    endloop
  endfacet
  facet normal 0.865906 0.0255529 0.499554
    outer loop
      vertex 118.654 34.9123 1.18856
      vertex 118.978 35.0062 0.622149
      vertex 118.616 36.2 1.18856
    endloop
  endfacet
  facet normal 0.865758 -0.0253824 0.499819
    outer loop
      vertex 118.943 36.2 0.622149
      vertex 118.978 37.3938 0.622149
      vertex 118.616 36.2 1.18856
    endloop
  endfacet
  facet normal 0.771893 0.119235 0.624471
    outer loop
      vertex 119.259 32.6999 0.622149
      vertex 119.627 33.0351 0.103271
      vertex 119.084 33.8328 0.622149
    endloop
  endfacet
  facet normal 0.846864 0.130816 0.515469
    outer loop
      vertex 119.259 32.6999 0.622149
      vertex 119.084 33.8328 0.622149
      vertex 118.768 33.6466 1.18856
    endloop
  endfacet
  facet normal 0.923624 0.0272561 0.382329
    outer loop
      vertex 118.654 34.9123 1.18856
      vertex 118.616 36.2 1.18856
      vertex 118.406 34.8404 1.7928
    endloop
  endfacet
  facet normal 0.918444 0.0827231 0.386803
    outer loop
      vertex 118.768 33.6466 1.18856
      vertex 118.654 34.9123 1.18856
      vertex 118.406 34.8404 1.7928
    endloop
  endfacet
  facet normal 0.979208 0.150526 0.13599
    outer loop
      vertex 118.49 31.9995 3.07298
      vertex 118.569 32.0714 2.42455
      vertex 118.281 33.3591 3.07298
    endloop
  endfacet
  facet normal 0.92901 0.370055 0
    outer loop
      vertex 119.572 28.4385 3.4
      vertex 119.142 29.518 3.07298
      vertex 119.142 29.518 3.4
    endloop
  endfacet
  facet normal 0.92901 0.370055 0
    outer loop
      vertex 119.142 29.518 3.07298
      vertex 119.572 28.4385 3.4
      vertex 119.572 28.4385 3.07298
    endloop
  endfacet
  facet normal 0.531115 0.489516 0.691586
    outer loop
      vertex 121.384 27.0854 1.18856
      vertex 121.509 27.75 0.622149
      vertex 120.858 27.6561 1.18856
    endloop
  endfacet
  facet normal 0.535308 0.71741 0.445834
    outer loop
      vertex 121.875 26.1387 1.7928
      vertex 121.288 26.5767 1.7928
      vertex 121.223 26.2326 2.42455
    endloop
  endfacet
  facet normal 0.454194 0.418834 0.786311
    outer loop
      vertex 121.509 27.75 0.622149
      vertex 121.661 28.5593 0.103271
      vertex 121.021 28.2792 0.622149
    endloop
  endfacet
  facet normal 0.461497 0.313677 0.829836
    outer loop
      vertex 121.22 29.0378 0.103271
      vertex 121.272 29.2345 0
      vertex 121.192 29.3522 0
    endloop
  endfacet
  facet normal 0.0732909 0.508262 0.858078
    outer loop
      vertex 123.1 27.0538 0.622149
      vertex 123.1 27.9298 0.103271
      vertex 122.557 27.1321 0.622149
    endloop
  endfacet
  facet normal 0.0731931 0.508314 0.858056
    outer loop
      vertex 123.1 27.9298 0.103271
      vertex 122.609 28.0005 0.103271
      vertex 122.557 27.1321 0.622149
    endloop
  endfacet
  facet normal 0.628706 -0.191513 0.753692
    outer loop
      vertex 119.844 40.3351 0.103271
      vertex 120.146 40.9201 0
      vertex 120.118 41.2346 0.103271
    endloop
  endfacet
  facet normal 0.626856 -0.190228 0.755556
    outer loop
      vertex 120.146 40.9201 0
      vertex 119.844 40.3351 0.103271
      vertex 119.934 40.2215 0
    endloop
  endfacet
  facet normal 0.659292 -0.147851 0.737207
    outer loop
      vertex 119.844 40.3351 0.103271
      vertex 119.765 39.4679 0
      vertex 119.934 40.2215 0
    endloop
  endfacet
  facet normal 0.660924 -0.147826 0.735749
    outer loop
      vertex 119.765 39.4679 0
      vertex 119.844 40.3351 0.103271
      vertex 119.627 39.3649 0.103271
    endloop
  endfacet
  facet normal 0.626885 -0.192122 0.755052
    outer loop
      vertex 120.146 40.9201 0
      vertex 120.2 41.0963 0
      vertex 120.118 41.2346 0.103271
    endloop
  endfacet
  facet normal 0.58679 -0.233764 0.775262
    outer loop
      vertex 120.118 41.2346 0.103271
      vertex 120.451 41.728 0
      vertex 120.442 42.0479 0.103271
    endloop
  endfacet
  facet normal 0.585553 -0.232664 0.776528
    outer loop
      vertex 120.451 41.728 0
      vertex 120.118 41.2346 0.103271
      vertex 120.2 41.0963 0
    endloop
  endfacet
  facet normal 0.17634 0.401356 0.898787
    outer loop
      vertex 122.248 28.3897 0
      vertex 122.154 28.431 0
      vertex 122.127 28.2116 0.103271
    endloop
  endfacet
  facet normal 0.378859 0.3497 0.85684
    outer loop
      vertex 121.22 29.0378 0.103271
      vertex 121.615 28.8629 0
      vertex 121.272 29.2345 0
    endloop
  endfacet
  facet normal 0.378637 0.348963 0.857239
    outer loop
      vertex 121.615 28.8629 0
      vertex 121.22 29.0378 0.103271
      vertex 121.661 28.5593 0.103271
    endloop
  endfacet
  facet normal 0.461996 -0.313635 0.829574
    outer loop
      vertex 120.812 42.7612 0.103271
      vertex 121.192 43.0478 0
      vertex 121.22 43.3622 0.103271
    endloop
  endfacet
  facet normal 0.463001 -0.315412 0.828339
    outer loop
      vertex 121.192 43.0478 0
      vertex 120.812 42.7612 0.103271
      vertex 120.874 42.581 0
    endloop
  endfacet
  facet normal 0.461497 -0.313677 0.829836
    outer loop
      vertex 121.272 43.1655 0
      vertex 121.22 43.3622 0.103271
      vertex 121.192 43.0478 0
    endloop
  endfacet
  facet normal 0.454284 -0.418682 0.78634
    outer loop
      vertex 121.22 43.3622 0.103271
      vertex 121.661 43.8407 0.103271
      vertex 121.021 44.1208 0.622149
    endloop
  endfacet
  facet normal 0.605963 -0.558501 0.566467
    outer loop
      vertex 121.384 45.3146 1.18856
      vertex 121.288 45.8233 1.7928
      vertex 120.858 44.7439 1.18856
    endloop
  endfacet
  facet normal 0.627754 -0.427258 0.650673
    outer loop
      vertex 121.021 44.1208 0.622149
      vertex 120.858 44.7439 1.18856
      vertex 120.37 44.0269 1.18856
    endloop
  endfacet
  facet normal 0.617788 -0.320329 0.718142
    outer loop
      vertex 120.442 42.0479 0.103271
      vertex 120.569 43.4561 0.622149
      vertex 120.16 42.6673 0.622149
    endloop
  endfacet
  facet normal 0.1429 -0.989737 0
    outer loop
      vertex 122.627 47.1082 3.07298
      vertex 122.449 47.0825 3.25123
      vertex 122.449 47.0825 3.07298
    endloop
  endfacet
  facet normal 0.827137 -0.562001 0
    outer loop
      vertex 120.063 44.9082 3.4
      vertex 120.605 45.7059 3.07298
      vertex 120.605 45.7059 3.4
    endloop
  endfacet
  facet normal 0.827137 -0.562001 0
    outer loop
      vertex 120.605 45.7059 3.07298
      vertex 120.063 44.9082 3.4
      vertex 120.063 44.9082 3.07298
    endloop
  endfacet
  facet normal 0.887709 -0.460405 0
    outer loop
      vertex 119.572 43.9615 3.4
      vertex 120.063 44.9082 3.07298
      vertex 120.063 44.9082 3.4
    endloop
  endfacet
  facet normal 0.887709 -0.460405 0
    outer loop
      vertex 120.063 44.9082 3.07298
      vertex 119.572 43.9615 3.4
      vertex 119.572 43.9615 3.07298
    endloop
  endfacet
  facet normal 0.874207 -0.453402 0.173749
    outer loop
      vertex 119.632 43.8287 2.42455
      vertex 120.063 44.9082 3.07298
      vertex 119.572 43.9615 3.07298
    endloop
  endfacet
  facet normal 0.768057 -0.522592 0.370116
    outer loop
      vertex 120.733 45.2207 1.7928
      vertex 120.648 45.5432 2.42455
      vertex 120.218 44.4638 1.7928
    endloop
  endfacet
  facet normal 0.811558 -0.551735 0.192256
    outer loop
      vertex 120.648 45.5432 2.42455
      vertex 120.605 45.7059 3.07298
      vertex 120.115 44.7592 2.42455
    endloop
  endfacet
  facet normal 0.965905 -0.216731 0.141616
    outer loop
      vertex 118.853 41.5943 2.42455
      vertex 118.779 41.6882 3.07298
      vertex 118.569 40.3286 2.42455
    endloop
  endfacet
  facet normal 0.965881 -0.216774 0.141713
    outer loop
      vertex 118.569 40.3286 2.42455
      vertex 118.779 41.6882 3.07298
      vertex 118.49 40.4005 3.07298
    endloop
  endfacet
  facet normal 0.907608 0.139989 0.395792
    outer loop
      vertex 118.726 32.2139 1.7928
      vertex 118.957 32.4246 1.18856
      vertex 118.527 33.5041 1.7928
    endloop
  endfacet
  facet normal 0.951768 0.146722 0.269464
    outer loop
      vertex 118.569 32.0714 2.42455
      vertex 118.527 33.5041 1.7928
      vertex 118.363 33.4077 2.42455
    endloop
  endfacet
  facet normal 0.283288 0.379675 0.880679
    outer loop
      vertex 121.661 28.5593 0.103271
      vertex 122.154 28.431 0
      vertex 121.792 28.7011 0
    endloop
  endfacet
  facet normal 0.283287 0.379672 0.88068
    outer loop
      vertex 122.154 28.431 0
      vertex 121.661 28.5593 0.103271
      vertex 122.127 28.2116 0.103271
    endloop
  endfacet
  facet normal 0.283795 0.379227 0.880708
    outer loop
      vertex 121.792 28.7011 0
      vertex 121.701 28.7692 0
      vertex 121.661 28.5593 0.103271
    endloop
  endfacet
  facet normal 0.674639 0.268761 0.687481
    outer loop
      vertex 120.16 29.7327 0.622149
      vertex 120.442 30.3521 0.103271
      vertex 120.118 31.1654 0.103271
    endloop
  endfacet
  facet normal 0.586277 0.23388 0.775616
    outer loop
      vertex 120.118 31.1654 0.103271
      vertex 120.515 30.5127 0
      vertex 120.263 31.1444 0
    endloop
  endfacet
  facet normal 0.5854 0.23321 0.776479
    outer loop
      vertex 120.515 30.5127 0
      vertex 120.118 31.1654 0.103271
      vertex 120.442 30.3521 0.103271
    endloop
  endfacet
  facet normal 0.531432 0.273895 0.8016
    outer loop
      vertex 120.587 30.373 0
      vertex 120.515 30.5127 0
      vertex 120.442 30.3521 0.103271
    endloop
  endfacet
  facet normal 0.661602 0.149731 0.734754
    outer loop
      vertex 119.765 32.9321 0
      vertex 119.722 33.1221 0
      vertex 119.627 33.0351 0.103271
    endloop
  endfacet
  facet normal 0.796965 0.242135 0.553369
    outer loop
      vertex 119.542 30.1942 1.18856
      vertex 119.5 31.6269 0.622149
      vertex 119.216 31.2672 1.18856
    endloop
  endfacet
  facet normal 0.864442 0.262636 0.428676
    outer loop
      vertex 119.542 30.1942 1.18856
      vertex 119.216 31.2672 1.18856
      vertex 119 30.9919 1.7928
    endloop
  endfacet
  facet normal 0.923134 -0.027838 0.383468
    outer loop
      vertex 118.616 36.2 1.18856
      vertex 118.406 37.5596 1.7928
      vertex 118.365 36.2 1.7928
    endloop
  endfacet
  facet normal 0.865906 -0.0255529 0.499554
    outer loop
      vertex 118.978 37.3938 0.622149
      vertex 118.654 37.4877 1.18856
      vertex 118.616 36.2 1.18856
    endloop
  endfacet
  facet normal 0.698507 0.0638674 0.712747
    outer loop
      vertex 119.569 34.1183 0
      vertex 119.55 34.3261 0
      vertex 119.469 34.0595 0.103271
    endloop
  endfacet
  facet normal 0.683925 0.104875 0.721975
    outer loop
      vertex 119.469 34.0595 0.103271
      vertex 119.691 33.3227 0
      vertex 119.569 34.1183 0
    endloop
  endfacet
  facet normal 0.686036 0.105812 0.719832
    outer loop
      vertex 119.691 33.3227 0
      vertex 119.469 34.0595 0.103271
      vertex 119.627 33.0351 0.103271
    endloop
  endfacet
  facet normal 0.961063 0.0870229 0.262268
    outer loop
      vertex 118.527 33.5041 1.7928
      vertex 118.406 34.8404 1.7928
      vertex 118.238 34.7918 2.42455
    endloop
  endfacet
  facet normal 0.91872 0.0831887 0.386048
    outer loop
      vertex 118.527 33.5041 1.7928
      vertex 118.768 33.6466 1.18856
      vertex 118.406 34.8404 1.7928
    endloop
  endfacet
  facet normal 0.975728 0.218984 0
    outer loop
      vertex 118.779 30.7118 3.4
      vertex 118.49 31.9995 3.07298
      vertex 118.49 31.9995 3.4
    endloop
  endfacet
  facet normal 0.975728 0.218984 0
    outer loop
      vertex 118.49 31.9995 3.07298
      vertex 118.779 30.7118 3.4
      vertex 118.779 30.7118 3.07298
    endloop
  endfacet
  facet normal 0.387108 0.884457 0.260543
    outer loop
      vertex 122.449 25.3175 3.07298
      vertex 122.46 25.5037 2.42455
      vertex 121.831 25.779 2.42455
    endloop
  endfacet
  facet normal 0.387089 0.88446 0.260563
    outer loop
      vertex 122.449 25.3175 3.07298
      vertex 121.831 25.779 2.42455
      vertex 121.809 25.5976 3.07298
    endloop
  endfacet
  facet normal 0.474458 0.634823 0.609828
    outer loop
      vertex 121.939 26.6706 1.18856
      vertex 121.384 27.0854 1.18856
      vertex 121.288 26.5767 1.7928
    endloop
  endfacet
  facet normal 0.605963 0.558501 0.566467
    outer loop
      vertex 121.288 26.5767 1.7928
      vertex 121.384 27.0854 1.18856
      vertex 120.858 27.6561 1.18856
    endloop
  endfacet
  facet normal 0.545509 0.37095 0.751542
    outer loop
      vertex 121.021 28.2792 0.622149
      vertex 121.22 29.0378 0.103271
      vertex 120.569 28.9439 0.622149
    endloop
  endfacet
  facet normal 0.545681 0.370446 0.751666
    outer loop
      vertex 121.22 29.0378 0.103271
      vertex 120.812 29.6388 0.103271
      vertex 120.569 28.9439 0.622149
    endloop
  endfacet
  facet normal 0.583734 -0.23452 0.777338
    outer loop
      vertex 120.451 41.728 0
      vertex 120.515 41.8873 0
      vertex 120.442 42.0479 0.103271
    endloop
  endfacet
  facet normal 0.380347 -0.349091 0.856429
    outer loop
      vertex 121.272 43.1655 0
      vertex 121.358 43.2592 0
      vertex 121.22 43.3622 0.103271
    endloop
  endfacet
  facet normal 0.408365 -0.54639 0.731229
    outer loop
      vertex 121.509 44.65 0.622149
      vertex 121.939 45.7294 1.18856
      vertex 121.384 45.3146 1.18856
    endloop
  endfacet
  facet normal 0.535269 -0.717469 0.445786
    outer loop
      vertex 121.875 46.2613 1.7928
      vertex 121.831 46.621 2.42455
      vertex 121.223 46.1674 2.42455
    endloop
  endfacet
  facet normal 0.531115 -0.489516 0.691586
    outer loop
      vertex 121.509 44.65 0.622149
      vertex 121.384 45.3146 1.18856
      vertex 120.858 44.7439 1.18856
    endloop
  endfacet
  facet normal 0.0888957 -0.616161 0.782588
    outer loop
      vertex 123.1 45.3462 0.622149
      vertex 123.1 46.0656 1.18856
      vertex 122.515 45.9812 1.18856
    endloop
  endfacet
  facet normal 0.545509 -0.37095 0.751542
    outer loop
      vertex 121.22 43.3622 0.103271
      vertex 121.021 44.1208 0.622149
      vertex 120.569 43.4561 0.622149
    endloop
  endfacet
  facet normal 0.545681 -0.370446 0.751666
    outer loop
      vertex 120.812 42.7612 0.103271
      vertex 121.22 43.3622 0.103271
      vertex 120.569 43.4561 0.622149
    endloop
  endfacet
  facet normal 0.0595202 -0.413064 0.908755
    outer loop
      vertex 123.1 44.4702 0.103271
      vertex 122.719 44.1881 0
      vertex 123.1 44.243 0
    endloop
  endfacet
  facet normal 0.0594695 -0.413006 0.908785
    outer loop
      vertex 122.719 44.1881 0
      vertex 123.1 44.4702 0.103271
      vertex 122.609 44.3995 0.103271
    endloop
  endfacet
  facet normal 0.401112 -0.916029 0
    outer loop
      vertex 121.809 46.8024 3.07298
      vertex 122.3 47.0174 3.4
      vertex 121.809 46.8024 3.4
    endloop
  endfacet
  facet normal 0.400939 -0.916105 0.00031034
    outer loop
      vertex 122.449 47.0825 3.07298
      vertex 122.3 47.0174 3.4
      vertex 121.809 46.8024 3.07298
    endloop
  endfacet
  facet normal 0.400367 -0.916355 0
    outer loop
      vertex 122.3 47.0174 3.4
      vertex 122.449 47.0825 3.07298
      vertex 122.449 47.0825 3.25123
    endloop
  endfacet
  facet normal 0.598339 -0.801243 0
    outer loop
      vertex 121.191 46.3409 3.07298
      vertex 121.809 46.8024 3.4
      vertex 121.191 46.3409 3.4
    endloop
  endfacet
  facet normal 0.598339 -0.801243 0
    outer loop
      vertex 121.809 46.8024 3.4
      vertex 121.191 46.3409 3.07298
      vertex 121.809 46.8024 3.07298
    endloop
  endfacet
  facet normal 0.768439 -0.522421 0.369564
    outer loop
      vertex 120.218 44.4638 1.7928
      vertex 120.648 45.5432 2.42455
      vertex 120.115 44.7592 2.42455
    endloop
  endfacet
  facet normal 0.835053 -0.433456 0.338826
    outer loop
      vertex 120.218 44.4638 1.7928
      vertex 120.115 44.7592 2.42455
      vertex 119.632 43.8287 2.42455
    endloop
  endfacet
  facet normal 0.826127 0.185551 0.532057
    outer loop
      vertex 119.5 31.6269 0.622149
      vertex 119.259 32.6999 0.622149
      vertex 119.216 31.2672 1.18856
    endloop
  endfacet
  facet normal 0.627928 0.188877 0.755004
    outer loop
      vertex 119.987 32.0023 0
      vertex 119.934 32.1785 0
      vertex 119.844 32.0649 0.103271
    endloop
  endfacet
  facet normal 0.718073 0.218735 0.660701
    outer loop
      vertex 120.118 31.1654 0.103271
      vertex 119.844 32.0649 0.103271
      vertex 119.5 31.6269 0.622149
    endloop
  endfacet
  facet normal 0.617609 0.320364 0.71828
    outer loop
      vertex 120.569 28.9439 0.622149
      vertex 120.812 29.6388 0.103271
      vertex 120.442 30.3521 0.103271
    endloop
  endfacet
  facet normal 0.617788 0.320329 0.718142
    outer loop
      vertex 120.569 28.9439 0.622149
      vertex 120.442 30.3521 0.103271
      vertex 120.16 29.7327 0.622149
    endloop
  endfacet
  facet normal 0.923624 -0.0272561 0.382329
    outer loop
      vertex 118.616 36.2 1.18856
      vertex 118.654 37.4877 1.18856
      vertex 118.406 37.5596 1.7928
    endloop
  endfacet
  facet normal 0.918444 -0.0827231 0.386803
    outer loop
      vertex 118.654 37.4877 1.18856
      vertex 118.768 38.7534 1.18856
      vertex 118.406 37.5596 1.7928
    endloop
  endfacet
  facet normal 0.474099 0.635379 0.609527
    outer loop
      vertex 121.875 26.1387 1.7928
      vertex 121.939 26.6706 1.18856
      vertex 121.288 26.5767 1.7928
    endloop
  endfacet
  facet normal 0.305803 0.698354 0.647137
    outer loop
      vertex 122.482 25.8729 1.7928
      vertex 121.939 26.6706 1.18856
      vertex 121.875 26.1387 1.7928
    endloop
  endfacet
  facet normal 0.474676 -0.635114 0.609354
    outer loop
      vertex 121.939 45.7294 1.18856
      vertex 121.875 46.2613 1.7928
      vertex 121.384 45.3146 1.18856
    endloop
  endfacet
  facet normal 0.473893 -0.635104 0.609974
    outer loop
      vertex 121.384 45.3146 1.18856
      vertex 121.875 46.2613 1.7928
      vertex 121.288 45.8233 1.7928
    endloop
  endfacet
  facet normal 0.137369 -0.951425 0.275537
    outer loop
      vertex 122.46 46.8963 2.42455
      vertex 122.627 47.1082 3.07298
      vertex 122.449 47.0825 3.07298
    endloop
  endfacet
  facet normal 0.13727 -0.951431 0.275564
    outer loop
      vertex 122.627 47.1082 3.07298
      vertex 122.46 46.8963 2.42455
      vertex 122.865 47.0736 2.83496
    endloop
  endfacet
  facet normal 0.137367 -0.951443 0.275474
    outer loop
      vertex 122.46 46.8963 2.42455
      vertex 123.1 47.0395 2.6
      vertex 122.865 47.0736 2.83496
    endloop
  endfacet
  facet normal 0.137198 -0.951319 0.275988
    outer loop
      vertex 123.1 47.0395 2.6
      vertex 122.46 46.8963 2.42455
      vertex 123.1 46.9886 2.42455
    endloop
  endfacet
  facet normal 0.123255 -0.854899 0.50394
    outer loop
      vertex 123.1 46.6162 1.7928
      vertex 123.1 46.9886 2.42455
      vertex 122.482 46.5271 1.7928
    endloop
  endfacet
  facet normal 0.106039 -0.734986 0.66974
    outer loop
      vertex 123.1 46.0656 1.18856
      vertex 123.1 46.6162 1.7928
      vertex 122.515 45.9812 1.18856
    endloop
  endfacet
  facet normal 0.105962 -0.734957 0.669783
    outer loop
      vertex 122.515 45.9812 1.18856
      vertex 123.1 46.6162 1.7928
      vertex 122.482 46.5271 1.7928
    endloop
  endfacet
  facet normal 0.531035 -0.489692 0.691522
    outer loop
      vertex 121.021 44.1208 0.622149
      vertex 121.509 44.65 0.622149
      vertex 120.858 44.7439 1.18856
    endloop
  endfacet
  facet normal 0.454194 -0.418834 0.786311
    outer loop
      vertex 121.661 43.8407 0.103271
      vertex 121.509 44.65 0.622149
      vertex 121.021 44.1208 0.622149
    endloop
  endfacet
  facet normal 0.674827 -0.26858 0.687367
    outer loop
      vertex 120.442 42.0479 0.103271
      vertex 120.16 42.6673 0.622149
      vertex 119.802 41.7678 0.622149
    endloop
  endfacet
  facet normal 0.757216 -0.301371 0.579481
    outer loop
      vertex 120.16 42.6673 0.622149
      vertex 119.929 43.176 1.18856
      vertex 119.802 41.7678 0.622149
    endloop
  endfacet
  facet normal 0.750098 0.168475 0.639507
    outer loop
      vertex 119.5 31.6269 0.622149
      vertex 119.844 32.0649 0.103271
      vertex 119.259 32.6999 0.622149
    endloop
  endfacet
  facet normal 0.749774 0.167698 0.640091
    outer loop
      vertex 119.844 32.0649 0.103271
      vertex 119.627 33.0351 0.103271
      vertex 119.259 32.6999 0.622149
    endloop
  endfacet
  facet normal 0.0888534 -0.616186 0.782572
    outer loop
      vertex 122.557 45.2679 0.622149
      vertex 123.1 45.3462 0.622149
      vertex 122.515 45.9812 1.18856
    endloop
  endfacet
  facet normal 0.258912 -0.59126 0.763791
    outer loop
      vertex 122.557 45.2679 0.622149
      vertex 122.515 45.9812 1.18856
      vertex 122.024 45.0345 0.622149
    endloop
  endfacet
  facet normal -0.264564 0.536676 0.80124
    outer loop
      vertex 2.65195 71.3716 3.4
      vertex 1.85195 72.1716 2.6
      vertex 2.3 71.1981 3.4
    endloop
  endfacet
  facet normal 0.5864 -0.198838 0.785238
    outer loop
      vertex 122.072 2.65195 3.4
      vertex 122.998 2.22354 2.6
      vertex 122.198 3.02354 3.4
    endloop
  endfacet
  facet normal 0.5864 -0.198838 0.785238
    outer loop
      vertex 122.998 2.22354 2.6
      vertex 122.072 2.65195 3.4
      vertex 122.872 1.85195 2.6
    endloop
  endfacet
  facet normal -0.946929 -0.321442 0
    outer loop
      vertex 0.228361 1.85195 0
      vertex 0.102222 2.22354 2.6
      vertex 0.102222 2.22354 0
    endloop
  endfacet
  facet normal -0.946929 -0.321442 0
    outer loop
      vertex 0.102222 2.22354 2.6
      vertex 0.228361 1.85195 0
      vertex 0.228361 1.85195 2.6
    endloop
  endfacet
  facet normal -0.0654026 -0.997859 0
    outer loop
      vertex 2.60842 0.0256653 0
      vertex 3 0 2.6
      vertex 2.60842 0.0256653 2.6
    endloop
  endfacet
  facet normal -0.0654026 -0.997859 -0
    outer loop
      vertex 3 0 2.6
      vertex 2.60842 0.0256653 0
      vertex 3 0 0
    endloop
  endfacet
  facet normal 0 -0.707107 0.707106
    outer loop
      vertex 3 0 2.6
      vertex 119.3 0.799999 3.4
      vertex 3.8 0.799999 3.4
    endloop
  endfacet
  facet normal 0 -0.707107 0.707106
    outer loop
      vertex 119.3 0.799999 3.4
      vertex 3 0 2.6
      vertex 120.1 0 2.6
    endloop
  endfacet
  facet normal -0.0654906 0.997853 0
    outer loop
      vertex 3 72.4 0
      vertex 2.60842 72.3743 2.6
      vertex 3 72.4 2.6
    endloop
  endfacet
  facet normal -0.0654906 0.997853 0
    outer loop
      vertex 2.60842 72.3743 2.6
      vertex 3 72.4 0
      vertex 2.60842 72.3743 0
    endloop
  endfacet
  facet normal 0.751516 -0.659714 0
    outer loop
      vertex 122.221 0.878679 2.6
      vertex 122.48 1.17372 0
      vertex 122.48 1.17372 2.6
    endloop
  endfacet
  facet normal 0.751516 -0.659714 0
    outer loop
      vertex 122.48 1.17372 0
      vertex 122.221 0.878679 2.6
      vertex 122.221 0.878679 0
    endloop
  endfacet
  facet normal 0.0654208 0.997858 -0
    outer loop
      vertex 120.492 72.3743 0
      vertex 120.1 72.4 2.6
      vertex 120.492 72.3743 2.6
    endloop
  endfacet
  facet normal 0.0654208 0.997858 0
    outer loop
      vertex 120.1 72.4 2.6
      vertex 120.492 72.3743 0
      vertex 120.1 72.4 0
    endloop
  endfacet
  facet normal -0.635395 0.126381 0.761775
    outer loop
      vertex 0.902222 69.3765 3.4
      vertex 0.0256653 69.7916 2.6
      vertex 0.825665 68.9916 3.4
    endloop
  endfacet
  facet normal 0.63591 -0.125569 0.761479
    outer loop
      vertex 122.198 3.02354 3.4
      vertex 123.074 2.60842 2.6
      vertex 122.274 3.40842 3.4
    endloop
  endfacet
  facet normal 0.63591 -0.125569 0.761479
    outer loop
      vertex 123.074 2.60842 2.6
      vertex 122.198 3.02354 3.4
      vertex 122.998 2.22354 2.6
    endloop
  endfacet
  facet normal -0.831481 0.555553 0
    outer loop
      vertex 0.401923 70.9 0
      vertex 0.61994 71.2263 2.6
      vertex 0.61994 71.2263 0
    endloop
  endfacet
  facet normal -0.831481 0.555553 0
    outer loop
      vertex 0.61994 71.2263 2.6
      vertex 0.401923 70.9 0
      vertex 0.401923 70.9 2.6
    endloop
  endfacet
  facet normal -0.126386 -0.635391 0.761777
    outer loop
      vertex 3.02354 0.902222 3.4
      vertex 2.60842 0.0256653 2.6
      vertex 3.40842 0.825665 3.4
    endloop
  endfacet
  facet normal -0.126386 -0.635391 0.761777
    outer loop
      vertex 2.60842 0.0256653 2.6
      vertex 3.02354 0.902222 3.4
      vertex 2.22354 0.102222 2.6
    endloop
  endfacet
  facet normal 0 0.707107 0.707107
    outer loop
      vertex 120.1 72.4 2.6
      vertex 3.8 71.6 3.4
      vertex 119.3 71.6 3.4
    endloop
  endfacet
  facet normal 0 0.707107 0.707107
    outer loop
      vertex 3.8 71.6 3.4
      vertex 120.1 72.4 2.6
      vertex 3 72.4 2.6
    endloop
  endfacet
  facet normal 0.555906 -0.831245 0
    outer loop
      vertex 121.6 0.401923 0
      vertex 121.926 0.61994 2.6
      vertex 121.6 0.401923 2.6
    endloop
  endfacet
  facet normal 0.555906 -0.831245 0
    outer loop
      vertex 121.926 0.61994 2.6
      vertex 121.6 0.401923 0
      vertex 121.926 0.61994 0
    endloop
  endfacet
  facet normal -0.980788 0.195079 0
    outer loop
      vertex 0.0256653 69.7916 0
      vertex 0.102222 70.1765 2.6
      vertex 0.102222 70.1765 0
    endloop
  endfacet
  facet normal -0.980788 0.195079 0
    outer loop
      vertex 0.102222 70.1765 2.6
      vertex 0.0256653 69.7916 0
      vertex 0.0256653 69.7916 2.6
    endloop
  endfacet
  facet normal -0.997859 -0.0654026 0
    outer loop
      vertex 0.0256653 2.60842 0
      vertex 0 3 2.6
      vertex 0 3 0
    endloop
  endfacet
  facet normal -0.997859 -0.0654026 0
    outer loop
      vertex 0 3 2.6
      vertex 0.0256653 2.60842 0
      vertex 0.0256653 2.60842 2.6
    endloop
  endfacet
  facet normal -0.486266 0.324898 0.811164
    outer loop
      vertex 0.401923 70.9 2.6
      vertex 1.41994 70.4263 3.4
      vertex 0.61994 71.2263 2.6
    endloop
  endfacet
  facet normal -0.486264 0.324901 0.811164
    outer loop
      vertex 1.41994 70.4263 3.4
      vertex 0.401923 70.9 2.6
      vertex 1.20192 70.1 3.4
    endloop
  endfacet
  facet normal -0.321582 0.946882 0
    outer loop
      vertex 2.22354 72.2978 0
      vertex 1.85195 72.1716 2.6
      vertex 2.22354 72.2978 2.6
    endloop
  endfacet
  facet normal -0.321582 0.946882 0
    outer loop
      vertex 1.85195 72.1716 2.6
      vertex 2.22354 72.2978 0
      vertex 1.85195 72.1716 0
    endloop
  endfacet
  facet normal -0.751801 0.65939 0
    outer loop
      vertex 0.61994 71.2263 0
      vertex 0.878679 71.5213 2.6
      vertex 0.878679 71.5213 0
    endloop
  endfacet
  facet normal -0.751801 0.65939 0
    outer loop
      vertex 0.878679 71.5213 2.6
      vertex 0.61994 71.2263 0
      vertex 0.61994 71.2263 2.6
    endloop
  endfacet
  facet normal -1 0 0
    outer loop
      vertex 0 3 0
      vertex 0 27.9298 0.103271
      vertex 0 28.157 0
    endloop
  endfacet
  facet normal -1 0 0
    outer loop
      vertex 0 3 0
      vertex 0 27.0538 0.622149
      vertex 0 27.9298 0.103271
    endloop
  endfacet
  facet normal -1 0 0
    outer loop
      vertex 0 3 0
      vertex 0 26.3344 1.18856
      vertex 0 27.0538 0.622149
    endloop
  endfacet
  facet normal -1 0 0
    outer loop
      vertex 0 3 0
      vertex 0 25.7838 1.7928
      vertex 0 26.3344 1.18856
    endloop
  endfacet
  facet normal -1 0 0
    outer loop
      vertex 0 3 0
      vertex 0 25.4114 2.42455
      vertex 0 25.7838 1.7928
    endloop
  endfacet
  facet normal -1 0 0
    outer loop
      vertex 0 3 0
      vertex 0 25.3605 2.6
      vertex 0 25.4114 2.42455
    endloop
  endfacet
  facet normal -1 -0 0
    outer loop
      vertex 0 25.3605 2.6
      vertex 0 3 0
      vertex 0 3 2.6
    endloop
  endfacet
  facet normal -1 0 0
    outer loop
      vertex 0 69.4 0
      vertex 0 47.0395 2.6
      vertex 0 69.4 2.6
    endloop
  endfacet
  facet normal -1 0 0
    outer loop
      vertex 0 69.4 0
      vertex 0 46.9886 2.42455
      vertex 0 47.0395 2.6
    endloop
  endfacet
  facet normal -1 0 0
    outer loop
      vertex 0 69.4 0
      vertex 0 46.6162 1.7928
      vertex 0 46.9886 2.42455
    endloop
  endfacet
  facet normal -1 0 0
    outer loop
      vertex 0 69.4 0
      vertex 0 46.0656 1.18856
      vertex 0 46.6162 1.7928
    endloop
  endfacet
  facet normal -1 0 0
    outer loop
      vertex 0 69.4 0
      vertex 0 45.3462 0.622149
      vertex 0 46.0656 1.18856
    endloop
  endfacet
  facet normal -1 0 0
    outer loop
      vertex 0 69.4 0
      vertex 0 44.4702 0.103271
      vertex 0 45.3462 0.622149
    endloop
  endfacet
  facet normal -1 0 -0
    outer loop
      vertex 0 44.4702 0.103271
      vertex 0 69.4 0
      vertex 0 44.243 0
    endloop
  endfacet
  facet normal -0.831465 -0.555577 0
    outer loop
      vertex 0.61994 1.17372 0
      vertex 0.401923 1.5 2.6
      vertex 0.401923 1.5 0
    endloop
  endfacet
  facet normal -0.831465 -0.555577 0
    outer loop
      vertex 0.401923 1.5 2.6
      vertex 0.61994 1.17372 0
      vertex 0.61994 1.17372 2.6
    endloop
  endfacet
  facet normal 0 -1 0
    outer loop
      vertex 3 0 0
      vertex 120.1 0 2.6
      vertex 3 0 2.6
    endloop
  endfacet
  facet normal 0 -1 -0
    outer loop
      vertex 120.1 0 2.6
      vertex 3 0 0
      vertex 120.1 0 0
    endloop
  endfacet
  facet normal 0.997803 -0.0662518 0
    outer loop
      vertex 123.074 2.60842 2.6
      vertex 123.1 3 0
      vertex 123.1 3 2.6
    endloop
  endfacet
  facet normal 0.997803 -0.0662518 0
    outer loop
      vertex 123.1 3 0
      vertex 123.074 2.60842 2.6
      vertex 123.074 2.60842 0
    endloop
  endfacet
  facet normal 0.997803 0.0662484 0
    outer loop
      vertex 123.1 69.4 2.6
      vertex 123.074 69.7916 0
      vertex 123.074 69.7916 2.6
    endloop
  endfacet
  facet normal 0.997803 0.0662484 0
    outer loop
      vertex 123.074 69.7916 0
      vertex 123.1 69.4 2.6
      vertex 123.1 69.4 0
    endloop
  endfacet
  facet normal -0.586247 0.199052 0.785298
    outer loop
      vertex 1.02836 69.748 3.4
      vertex 0.228361 70.548 2.6
      vertex 0.902222 69.3765 3.4
    endloop
  endfacet
  facet normal 0.707602 -1.44107e-05 0.706611
    outer loop
      vertex 122.449 25.3175 3.25123
      vertex 122.3 3.8 3.4
      vertex 122.627 25.2918 3.07298
    endloop
  endfacet
  facet normal 0.70656 -0 0.707653
    outer loop
      vertex 122.3 3.8 3.4
      vertex 122.449 25.3175 3.25123
      vertex 122.3 25.3826 3.4
    endloop
  endfacet
  facet normal 0.707092 1.11543e-06 0.707122
    outer loop
      vertex 122.3 3.8 3.4
      vertex 123.1 25.3605 2.6
      vertex 122.627 25.2918 3.07298
    endloop
  endfacet
  facet normal 0.707107 0 0.707107
    outer loop
      vertex 123.1 25.3605 2.6
      vertex 122.3 3.8 3.4
      vertex 123.1 3 2.6
    endloop
  endfacet
  facet normal 0.707602 1.44107e-05 0.706611
    outer loop
      vertex 122.3 68.6 3.4
      vertex 122.449 47.0825 3.25123
      vertex 122.627 47.1082 3.07298
    endloop
  endfacet
  facet normal 0.70656 0 0.707653
    outer loop
      vertex 122.449 47.0825 3.25123
      vertex 122.3 68.6 3.4
      vertex 122.3 47.0174 3.4
    endloop
  endfacet
  facet normal 0.707137 2.46603e-07 0.707077
    outer loop
      vertex 122.865 47.0736 2.83496
      vertex 122.3 68.6 3.4
      vertex 122.627 47.1082 3.07298
    endloop
  endfacet
  facet normal 0.707046 -4.49045e-06 0.707167
    outer loop
      vertex 123.1 47.0395 2.6
      vertex 122.3 68.6 3.4
      vertex 122.865 47.0736 2.83496
    endloop
  endfacet
  facet normal 0.707107 0 0.707107
    outer loop
      vertex 122.3 68.6 3.4
      vertex 123.1 47.0395 2.6
      vertex 123.1 69.4 2.6
    endloop
  endfacet
  facet normal -0.707104 2.56063e-07 0.70711
    outer loop
      vertex 0 25.3605 2.6
      vertex 0.799999 3.8 3.4
      vertex 0.472984 25.2918 3.07298
    endloop
  endfacet
  facet normal -0.707107 0 0.707106
    outer loop
      vertex 0.799999 3.8 3.4
      vertex 0 25.3605 2.6
      vertex 0 3 2.6
    endloop
  endfacet
  facet normal -0.707116 0 0.707097
    outer loop
      vertex 0.651233 25.3175 3.25123
      vertex 0.799999 3.8 3.4
      vertex 0.799999 25.3826 3.4
    endloop
  endfacet
  facet normal -0.707109 1.03917e-07 0.707105
    outer loop
      vertex 0.799999 3.8 3.4
      vertex 0.651233 25.3175 3.25123
      vertex 0.472984 25.2918 3.07298
    endloop
  endfacet
  facet normal -0.707107 0 0.707106
    outer loop
      vertex 0 47.0395 2.6
      vertex 0.799999 68.6 3.4
      vertex 0 69.4 2.6
    endloop
  endfacet
  facet normal -0.707101 -3.46083e-07 0.707113
    outer loop
      vertex 0.799999 68.6 3.4
      vertex 0.23496 47.0736 2.83496
      vertex 0.472984 47.1082 3.07298
    endloop
  endfacet
  facet normal -0.707107 -3.2974e-08 0.707107
    outer loop
      vertex 0.799999 68.6 3.4
      vertex 0 47.0395 2.6
      vertex 0.23496 47.0736 2.83496
    endloop
  endfacet
  facet normal -0.707109 -1.03917e-07 0.707105
    outer loop
      vertex 0.651233 47.0825 3.25123
      vertex 0.799999 68.6 3.4
      vertex 0.472984 47.1082 3.07298
    endloop
  endfacet
  facet normal -0.707116 0 0.707097
    outer loop
      vertex 0.799999 68.6 3.4
      vertex 0.651233 47.0825 3.25123
      vertex 0.799999 47.0174 3.4
    endloop
  endfacet
  facet normal -0.0448661 0.683605 0.728471
    outer loop
      vertex 3 72.4 2.6
      vertex 3.40842 71.5743 3.4
      vertex 3.8 71.6 3.4
    endloop
  endfacet
  facet normal -0.0448661 0.683605 0.728471
    outer loop
      vertex 3.40842 71.5743 3.4
      vertex 3 72.4 2.6
      vertex 2.60842 72.3743 2.6
    endloop
  endfacet
  facet normal -0.997859 0.0653993 0
    outer loop
      vertex 0 69.4 0
      vertex 0.0256653 69.7916 2.6
      vertex 0.0256653 69.7916 0
    endloop
  endfacet
  facet normal -0.997859 0.0653993 0
    outer loop
      vertex 0.0256653 69.7916 2.6
      vertex 0 69.4 0
      vertex 0 69.4 2.6
    endloop
  endfacet
  facet normal -0.195089 -0.980786 0
    outer loop
      vertex 2.22354 0.102222 0
      vertex 2.60842 0.0256653 2.6
      vertex 2.22354 0.102222 2.6
    endloop
  endfacet
  facet normal -0.195089 -0.980786 -0
    outer loop
      vertex 2.60842 0.0256653 2.6
      vertex 2.22354 0.102222 0
      vertex 2.60842 0.0256653 0
    endloop
  endfacet
  facet normal -0.434693 -0.381223 0.815911
    outer loop
      vertex 0.61994 1.17372 2.6
      vertex 1.67868 1.67868 3.4
      vertex 1.41994 1.97371 3.4
    endloop
  endfacet
  facet normal -0.434699 -0.381213 0.815913
    outer loop
      vertex 1.67868 1.67868 3.4
      vertex 0.61994 1.17372 2.6
      vertex 0.878679 0.878679 2.6
    endloop
  endfacet
  facet normal -0.635391 -0.126386 0.761777
    outer loop
      vertex 0.0256653 2.60842 2.6
      vertex 0.902222 3.02354 3.4
      vertex 0.825665 3.40842 3.4
    endloop
  endfacet
  facet normal -0.635391 -0.126386 0.761777
    outer loop
      vertex 0.902222 3.02354 3.4
      vertex 0.0256653 2.60842 2.6
      vertex 0.102222 2.22354 2.6
    endloop
  endfacet
  facet normal -0.555577 -0.831465 0
    outer loop
      vertex 1.17372 0.61994 0
      vertex 1.5 0.401923 2.6
      vertex 1.17372 0.61994 2.6
    endloop
  endfacet
  facet normal -0.555577 -0.831465 -0
    outer loop
      vertex 1.5 0.401923 2.6
      vertex 1.17372 0.61994 0
      vertex 1.5 0.401923 0
    endloop
  endfacet
  facet normal 0.53624 -0.265111 0.801351
    outer loop
      vertex 122.872 1.85195 2.6
      vertex 121.898 2.3 3.4
      vertex 122.698 1.5 2.6
    endloop
  endfacet
  facet normal -0.896898 0.442237 0
    outer loop
      vertex 0.228361 70.548 0
      vertex 0.401923 70.9 2.6
      vertex 0.401923 70.9 0
    endloop
  endfacet
  facet normal -0.896898 0.442237 0
    outer loop
      vertex 0.401923 70.9 2.6
      vertex 0.228361 70.548 0
      vertex 0.228361 70.548 2.6
    endloop
  endfacet
  facet normal -0.946905 0.321512 0
    outer loop
      vertex 0.102222 70.1765 0
      vertex 0.228361 70.548 2.6
      vertex 0.228361 70.548 0
    endloop
  endfacet
  facet normal -0.946905 0.321512 0
    outer loop
      vertex 0.228361 70.548 2.6
      vertex 0.102222 70.1765 0
      vertex 0.102222 70.1765 2.6
    endloop
  endfacet
  facet normal -0.381223 -0.434693 0.815911
    outer loop
      vertex 1.67868 1.67868 3.4
      vertex 1.17372 0.61994 2.6
      vertex 1.97371 1.41994 3.4
    endloop
  endfacet
  facet normal -0.381213 -0.434699 0.815913
    outer loop
      vertex 1.17372 0.61994 2.6
      vertex 1.67868 1.67868 3.4
      vertex 0.878679 0.878679 2.6
    endloop
  endfacet
  facet normal 0.68333 0.0453692 0.728699
    outer loop
      vertex 123.074 69.7916 2.6
      vertex 122.274 68.9916 3.4
      vertex 122.3 68.6 3.4
    endloop
  endfacet
  facet normal -0.324895 0.486269 0.811163
    outer loop
      vertex 1.5 71.9981 2.6
      vertex 1.17372 71.7801 2.6
      vertex 2.3 71.1981 3.4
    endloop
  endfacet
  facet normal 0.48628 0.324882 0.811162
    outer loop
      vertex 122.48 71.2263 2.6
      vertex 121.898 70.1 3.4
      vertex 122.698 70.9 2.6
    endloop
  endfacet
  facet normal -0.586245 0.199054 0.785299
    outer loop
      vertex 0.228361 70.548 2.6
      vertex 0.102222 70.1765 2.6
      vertex 0.902222 69.3765 3.4
    endloop
  endfacet
  facet normal -0.19495 0.980813 0
    outer loop
      vertex 2.60842 72.3743 0
      vertex 2.22354 72.2978 2.6
      vertex 2.60842 72.3743 2.6
    endloop
  endfacet
  facet normal -0.19495 0.980813 0
    outer loop
      vertex 2.22354 72.2978 2.6
      vertex 2.60842 72.3743 0
      vertex 2.22354 72.2978 0
    endloop
  endfacet
  facet normal 0.48628 0.324882 0.811162
    outer loop
      vertex 122.48 71.2263 2.6
      vertex 121.68 70.4263 3.4
      vertex 121.898 70.1 3.4
    endloop
  endfacet
  facet normal -0.199092 0.586218 0.78531
    outer loop
      vertex 2.22354 72.2978 2.6
      vertex 2.65195 71.3716 3.4
      vertex 3.02354 71.4978 3.4
    endloop
  endfacet
  facet normal -0.199092 0.586218 0.78531
    outer loop
      vertex 2.65195 71.3716 3.4
      vertex 2.22354 72.2978 2.6
      vertex 1.85195 72.1716 2.6
    endloop
  endfacet
  facet normal 0.981058 0.193714 0
    outer loop
      vertex 123.074 69.7916 2.6
      vertex 122.998 70.1765 0
      vertex 122.998 70.1765 2.6
    endloop
  endfacet
  facet normal 0.981058 0.193714 0
    outer loop
      vertex 122.998 70.1765 0
      vertex 123.074 69.7916 2.6
      vertex 123.074 69.7916 0
    endloop
  endfacet
  facet normal 0.635914 0.125564 0.761477
    outer loop
      vertex 123.074 69.7916 2.6
      vertex 122.198 69.3765 3.4
      vertex 122.274 68.9916 3.4
    endloop
  endfacet
  facet normal -0.321442 -0.946929 0
    outer loop
      vertex 1.85195 0.228361 0
      vertex 2.22354 0.102222 2.6
      vertex 1.85195 0.228361 2.6
    endloop
  endfacet
  facet normal -0.321442 -0.946929 -0
    outer loop
      vertex 2.22354 0.102222 2.6
      vertex 1.85195 0.228361 0
      vertex 2.22354 0.102222 0
    endloop
  endfacet
  facet normal 0.198916 0.586344 0.78526
    outer loop
      vertex 121.248 72.1716 2.6
      vertex 120.076 71.4978 3.4
      vertex 120.448 71.3716 3.4
    endloop
  endfacet
  facet normal 0.89643 -0.443185 0
    outer loop
      vertex 122.698 1.5 2.6
      vertex 122.872 1.85195 0
      vertex 122.872 1.85195 2.6
    endloop
  endfacet
  facet normal 0.89643 -0.443185 0
    outer loop
      vertex 122.872 1.85195 0
      vertex 122.698 1.5 2.6
      vertex 122.698 1.5 0
    endloop
  endfacet
  facet normal -0.486259 -0.324908 0.811164
    outer loop
      vertex 0.401923 1.5 2.6
      vertex 1.41994 1.97371 3.4
      vertex 1.20192 2.3 3.4
    endloop
  endfacet
  facet normal -0.486256 -0.324912 0.811164
    outer loop
      vertex 1.41994 1.97371 3.4
      vertex 0.401923 1.5 2.6
      vertex 0.61994 1.17372 2.6
    endloop
  endfacet
  facet normal 0.981056 -0.193723 0
    outer loop
      vertex 122.998 2.22354 2.6
      vertex 123.074 2.60842 0
      vertex 123.074 2.60842 2.6
    endloop
  endfacet
  facet normal 0.981056 -0.193723 0
    outer loop
      vertex 123.074 2.60842 0
      vertex 122.998 2.22354 2.6
      vertex 122.998 2.22354 0
    endloop
  endfacet
  facet normal -0.26463 -0.536624 0.801253
    outer loop
      vertex 2.3 1.20192 3.4
      vertex 1.85195 0.228361 2.6
      vertex 2.65195 1.02836 3.4
    endloop
  endfacet
  facet normal -0.264632 -0.536623 0.801253
    outer loop
      vertex 1.85195 0.228361 2.6
      vertex 2.3 1.20192 3.4
      vertex 1.5 0.401923 2.6
    endloop
  endfacet
  facet normal 0.381242 -0.434671 0.815914
    outer loop
      vertex 121.421 1.67868 3.4
      vertex 121.926 0.61994 2.6
      vertex 122.221 0.878679 2.6
    endloop
  endfacet
  facet normal 0.381243 -0.434671 0.815914
    outer loop
      vertex 121.926 0.61994 2.6
      vertex 121.421 1.67868 3.4
      vertex 121.126 1.41994 3.4
    endloop
  endfacet
  facet normal 0.442237 -0.896898 0
    outer loop
      vertex 121.248 0.228361 0
      vertex 121.6 0.401923 2.6
      vertex 121.248 0.228361 2.6
    endloop
  endfacet
  facet normal 0.442237 -0.896898 0
    outer loop
      vertex 121.6 0.401923 2.6
      vertex 121.248 0.228361 0
      vertex 121.6 0.401923 0
    endloop
  endfacet
  facet normal -0.324908 -0.486259 0.811164
    outer loop
      vertex 1.97371 1.41994 3.4
      vertex 1.5 0.401923 2.6
      vertex 2.3 1.20192 3.4
    endloop
  endfacet
  facet normal -0.324912 -0.486256 0.811164
    outer loop
      vertex 1.5 0.401923 2.6
      vertex 1.97371 1.41994 3.4
      vertex 1.17372 0.61994 2.6
    endloop
  endfacet
  facet normal -0.44216 0.896936 0
    outer loop
      vertex 1.85195 72.1716 0
      vertex 1.5 71.9981 2.6
      vertex 1.85195 72.1716 2.6
    endloop
  endfacet
  facet normal -0.44216 0.896936 0
    outer loop
      vertex 1.5 71.9981 2.6
      vertex 1.85195 72.1716 0
      vertex 1.5 71.9981 0
    endloop
  endfacet
  facet normal 0.12656 0.635281 0.761841
    outer loop
      vertex 120.492 72.3743 2.6
      vertex 120.076 71.4978 3.4
      vertex 120.876 72.2978 2.6
    endloop
  endfacet
  facet normal 0.198916 0.586344 0.78526
    outer loop
      vertex 120.876 72.2978 2.6
      vertex 120.076 71.4978 3.4
      vertex 121.248 72.1716 2.6
    endloop
  endfacet
  facet normal -0.126303 0.635444 0.761747
    outer loop
      vertex 2.60842 72.3743 2.6
      vertex 3.02354 71.4978 3.4
      vertex 3.40842 71.5743 3.4
    endloop
  endfacet
  facet normal -0.126303 0.635444 0.761747
    outer loop
      vertex 3.02354 71.4978 3.4
      vertex 2.60842 72.3743 2.6
      vertex 2.22354 72.2978 2.6
    endloop
  endfacet
  facet normal 1 0 0
    outer loop
      vertex 123.1 3 0
      vertex 123.1 25.3605 2.6
      vertex 123.1 3 2.6
    endloop
  endfacet
  facet normal 1 0 0
    outer loop
      vertex 123.1 25.3605 2.6
      vertex 123.1 3 0
      vertex 123.1 25.4114 2.42455
    endloop
  endfacet
  facet normal 1 0 0
    outer loop
      vertex 123.1 25.4114 2.42455
      vertex 123.1 3 0
      vertex 123.1 25.7838 1.7928
    endloop
  endfacet
  facet normal 1 0 0
    outer loop
      vertex 123.1 25.7838 1.7928
      vertex 123.1 3 0
      vertex 123.1 26.3344 1.18856
    endloop
  endfacet
  facet normal 1 0 0
    outer loop
      vertex 123.1 26.3344 1.18856
      vertex 123.1 3 0
      vertex 123.1 27.0538 0.622149
    endloop
  endfacet
  facet normal 1 0 0
    outer loop
      vertex 123.1 27.0538 0.622149
      vertex 123.1 3 0
      vertex 123.1 27.9298 0.103271
    endloop
  endfacet
  facet normal 1 0 0
    outer loop
      vertex 123.1 27.9298 0.103271
      vertex 123.1 3 0
      vertex 123.1 28.157 0
    endloop
  endfacet
  facet normal 1 -0 0
    outer loop
      vertex 123.1 47.0395 2.6
      vertex 123.1 69.4 0
      vertex 123.1 69.4 2.6
    endloop
  endfacet
  facet normal 1 -0 0
    outer loop
      vertex 123.1 46.9886 2.42455
      vertex 123.1 69.4 0
      vertex 123.1 47.0395 2.6
    endloop
  endfacet
  facet normal 1 -0 0
    outer loop
      vertex 123.1 46.6162 1.7928
      vertex 123.1 69.4 0
      vertex 123.1 46.9886 2.42455
    endloop
  endfacet
  facet normal 1 -0 0
    outer loop
      vertex 123.1 46.0656 1.18856
      vertex 123.1 69.4 0
      vertex 123.1 46.6162 1.7928
    endloop
  endfacet
  facet normal 1 -0 0
    outer loop
      vertex 123.1 45.3462 0.622149
      vertex 123.1 69.4 0
      vertex 123.1 46.0656 1.18856
    endloop
  endfacet
  facet normal 1 -0 0
    outer loop
      vertex 123.1 44.4702 0.103271
      vertex 123.1 69.4 0
      vertex 123.1 45.3462 0.622149
    endloop
  endfacet
  facet normal 1 0 0
    outer loop
      vertex 123.1 69.4 0
      vertex 123.1 44.4702 0.103271
      vertex 123.1 44.243 0
    endloop
  endfacet
  facet normal 0.536261 0.265084 0.801345
    outer loop
      vertex 122.698 70.9 2.6
      vertex 121.898 70.1 3.4
      vertex 122.872 70.548 2.6
    endloop
  endfacet
  facet normal 0.264537 0.536697 0.801234
    outer loop
      vertex 121.248 72.1716 2.6
      vertex 120.8 71.1981 3.4
      vertex 121.6 71.9981 2.6
    endloop
  endfacet
  facet normal -0.264564 0.536676 0.80124
    outer loop
      vertex 1.85195 72.1716 2.6
      vertex 1.5 71.9981 2.6
      vertex 2.3 71.1981 3.4
    endloop
  endfacet
  facet normal 0.381291 0.434625 0.815916
    outer loop
      vertex 121.926 71.7801 2.6
      vertex 121.421 70.7213 3.4
      vertex 122.221 71.5213 2.6
    endloop
  endfacet
  facet normal 0.381291 0.434625 0.815916
    outer loop
      vertex 121.421 70.7213 3.4
      vertex 121.926 71.7801 2.6
      vertex 121.126 70.9801 3.4
    endloop
  endfacet
  facet normal 0 1 -0
    outer loop
      vertex 120.1 72.4 0
      vertex 3 72.4 2.6
      vertex 120.1 72.4 2.6
    endloop
  endfacet
  facet normal 0 1 0
    outer loop
      vertex 3 72.4 2.6
      vertex 120.1 72.4 0
      vertex 3 72.4 0
    endloop
  endfacet
  facet normal 0.264603 -0.536645 0.801247
    outer loop
      vertex 120.8 1.20192 3.4
      vertex 120.448 1.02836 3.4
      vertex 121.248 0.228361 2.6
    endloop
  endfacet
  facet normal -0.536624 -0.26463 0.801253
    outer loop
      vertex 0.228361 1.85195 2.6
      vertex 1.20192 2.3 3.4
      vertex 1.02836 2.65195 3.4
    endloop
  endfacet
  facet normal -0.536623 -0.264632 0.801253
    outer loop
      vertex 1.20192 2.3 3.4
      vertex 0.228361 1.85195 2.6
      vertex 0.401923 1.5 2.6
    endloop
  endfacet
  facet normal 0.0447613 -0.683663 0.728424
    outer loop
      vertex 120.492 0.0256653 2.6
      vertex 119.3 0.799999 3.4
      vertex 120.1 0 2.6
    endloop
  endfacet
  facet normal 0.683329 -0.0453714 0.7287
    outer loop
      vertex 123.1 3 2.6
      vertex 122.3 3.8 3.4
      vertex 123.074 2.60842 2.6
    endloop
  endfacet
  facet normal -0.683639 0.0448054 0.728444
    outer loop
      vertex 0 69.4 2.6
      vertex 0.825665 68.9916 3.4
      vertex 0.0256653 69.7916 2.6
    endloop
  endfacet
  facet normal -0.683638 0.0448066 0.728444
    outer loop
      vertex 0.825665 68.9916 3.4
      vertex 0 69.4 2.6
      vertex 0.799999 68.6 3.4
    endloop
  endfacet
  facet normal -0.659426 0.751769 0
    outer loop
      vertex 1.17372 71.7801 0
      vertex 0.878679 71.5213 2.6
      vertex 1.17372 71.7801 2.6
    endloop
  endfacet
  facet normal -0.659426 0.751769 0
    outer loop
      vertex 0.878679 71.5213 2.6
      vertex 1.17372 71.7801 0
      vertex 0.878679 71.5213 0
    endloop
  endfacet
  facet normal -0.434671 0.381242 0.815914
    outer loop
      vertex 0.61994 71.2263 2.6
      vertex 1.67868 70.7213 3.4
      vertex 0.878679 71.5213 2.6
    endloop
  endfacet
  facet normal -0.434671 0.381243 0.815914
    outer loop
      vertex 1.67868 70.7213 3.4
      vertex 0.61994 71.2263 2.6
      vertex 1.41994 70.4263 3.4
    endloop
  endfacet
  facet normal -0.0448088 -0.683637 0.728445
    outer loop
      vertex 3.40842 0.825665 3.4
      vertex 3 0 2.6
      vertex 3.8 0.799999 3.4
    endloop
  endfacet
  facet normal -0.0448076 -0.683638 0.728445
    outer loop
      vertex 3 0 2.6
      vertex 3.40842 0.825665 3.4
      vertex 2.60842 0.0256653 2.6
    endloop
  endfacet
  facet normal 0.659478 0.751724 -0
    outer loop
      vertex 122.221 71.5213 0
      vertex 121.926 71.7801 2.6
      vertex 122.221 71.5213 2.6
    endloop
  endfacet
  facet normal 0.659478 0.751724 0
    outer loop
      vertex 121.926 71.7801 2.6
      vertex 122.221 71.5213 0
      vertex 121.926 71.7801 0
    endloop
  endfacet
  facet normal -0.381271 0.434647 0.815913
    outer loop
      vertex 1.17372 71.7801 2.6
      vertex 1.67868 70.7213 3.4
      vertex 1.97371 70.9801 3.4
    endloop
  endfacet
  facet normal -0.381262 0.434652 0.815915
    outer loop
      vertex 1.67868 70.7213 3.4
      vertex 1.17372 71.7801 2.6
      vertex 0.878679 71.5213 2.6
    endloop
  endfacet
  facet normal 0.831485 -0.555547 0
    outer loop
      vertex 122.48 1.17372 2.6
      vertex 122.698 1.5 0
      vertex 122.698 1.5 2.6
    endloop
  endfacet
  facet normal 0.831485 -0.555547 0
    outer loop
      vertex 122.698 1.5 0
      vertex 122.48 1.17372 2.6
      vertex 122.48 1.17372 0
    endloop
  endfacet
  facet normal -0.555547 0.831485 0
    outer loop
      vertex 1.5 71.9981 0
      vertex 1.17372 71.7801 2.6
      vertex 1.5 71.9981 2.6
    endloop
  endfacet
  facet normal -0.555547 0.831485 0
    outer loop
      vertex 1.17372 71.7801 2.6
      vertex 1.5 71.9981 0
      vertex 1.17372 71.7801 0
    endloop
  endfacet
  facet normal 0.0448197 0.683631 0.72845
    outer loop
      vertex 120.1 72.4 2.6
      vertex 119.3 71.6 3.4
      vertex 120.492 72.3743 2.6
    endloop
  endfacet
  facet normal 0.0448197 0.683631 0.72845
    outer loop
      vertex 120.492 72.3743 2.6
      vertex 119.3 71.6 3.4
      vertex 119.692 71.5743 3.4
    endloop
  endfacet
  facet normal 0.0653328 -0.997864 0
    outer loop
      vertex 120.1 0 0
      vertex 120.492 0.0256653 2.6
      vertex 120.1 0 2.6
    endloop
  endfacet
  facet normal 0.0653328 -0.997864 0
    outer loop
      vertex 120.492 0.0256653 2.6
      vertex 120.1 0 0
      vertex 120.492 0.0256653 0
    endloop
  endfacet
  facet normal -0.659339 -0.751846 0
    outer loop
      vertex 0.878679 0.878679 0
      vertex 1.17372 0.61994 2.6
      vertex 0.878679 0.878679 2.6
    endloop
  endfacet
  facet normal -0.659339 -0.751846 -0
    outer loop
      vertex 1.17372 0.61994 2.6
      vertex 0.878679 0.878679 0
      vertex 1.17372 0.61994 0
    endloop
  endfacet
  facet normal -0.442288 -0.896873 0
    outer loop
      vertex 1.5 0.401923 0
      vertex 1.85195 0.228361 2.6
      vertex 1.5 0.401923 2.6
    endloop
  endfacet
  facet normal -0.442288 -0.896873 -0
    outer loop
      vertex 1.85195 0.228361 2.6
      vertex 1.5 0.401923 0
      vertex 1.85195 0.228361 0
    endloop
  endfacet
  facet normal 0.68333 0.0453692 0.728699
    outer loop
      vertex 123.074 69.7916 2.6
      vertex 122.3 68.6 3.4
      vertex 123.1 69.4 2.6
    endloop
  endfacet
  facet normal -0.980786 -0.195089 0
    outer loop
      vertex 0.102222 2.22354 0
      vertex 0.0256653 2.60842 2.6
      vertex 0.0256653 2.60842 0
    endloop
  endfacet
  facet normal -0.980786 -0.195089 0
    outer loop
      vertex 0.0256653 2.60842 2.6
      vertex 0.102222 2.22354 0
      vertex 0.102222 2.22354 2.6
    endloop
  endfacet
  facet normal 0.896455 0.443134 0
    outer loop
      vertex 122.872 70.548 2.6
      vertex 122.698 70.9 0
      vertex 122.698 70.9 2.6
    endloop
  endfacet
  facet normal 0.896455 0.443134 0
    outer loop
      vertex 122.698 70.9 0
      vertex 122.872 70.548 2.6
      vertex 122.872 70.548 0
    endloop
  endfacet
  facet normal 0.325071 0.486115 0.811185
    outer loop
      vertex 121.926 71.7801 2.6
      vertex 120.8 71.1981 3.4
      vertex 121.126 70.9801 3.4
    endloop
  endfacet
  facet normal 0.586372 0.198877 0.785249
    outer loop
      vertex 122.872 70.548 2.6
      vertex 122.072 69.748 3.4
      vertex 122.198 69.3765 3.4
    endloop
  endfacet
  facet normal 0.198837 -0.586401 0.785237
    outer loop
      vertex 120.448 1.02836 3.4
      vertex 120.076 0.902222 3.4
      vertex 121.248 0.228361 2.6
    endloop
  endfacet
  facet normal 0.126643 -0.635228 0.761871
    outer loop
      vertex 120.876 0.102222 2.6
      vertex 120.076 0.902222 3.4
      vertex 120.492 0.0256653 2.6
    endloop
  endfacet
  facet normal 0.198838 -0.5864 0.785238
    outer loop
      vertex 121.248 0.228361 2.6
      vertex 120.076 0.902222 3.4
      vertex 120.876 0.102222 2.6
    endloop
  endfacet
  facet normal 0.635914 0.125564 0.761477
    outer loop
      vertex 122.998 70.1765 2.6
      vertex 122.198 69.3765 3.4
      vertex 123.074 69.7916 2.6
    endloop
  endfacet
  facet normal 0.195519 -0.9807 0
    outer loop
      vertex 120.492 0.0256653 0
      vertex 120.876 0.102222 2.6
      vertex 120.492 0.0256653 2.6
    endloop
  endfacet
  facet normal 0.195519 -0.9807 0
    outer loop
      vertex 120.876 0.102222 2.6
      vertex 120.492 0.0256653 0
      vertex 120.876 0.102222 0
    endloop
  endfacet
  facet normal -0.635395 0.12638 0.761775
    outer loop
      vertex 0.102222 70.1765 2.6
      vertex 0.0256653 69.7916 2.6
      vertex 0.902222 69.3765 3.4
    endloop
  endfacet
  facet normal -0.683637 -0.0448088 0.728445
    outer loop
      vertex 0 3 2.6
      vertex 0.825665 3.40842 3.4
      vertex 0.799999 3.8 3.4
    endloop
  endfacet
  facet normal -0.683638 -0.0448076 0.728445
    outer loop
      vertex 0.825665 3.40842 3.4
      vertex 0 3 2.6
      vertex 0.0256653 2.60842 2.6
    endloop
  endfacet
  facet normal -0.896873 -0.442288 0
    outer loop
      vertex 0.401923 1.5 0
      vertex 0.228361 1.85195 2.6
      vertex 0.228361 1.85195 0
    endloop
  endfacet
  facet normal -0.896873 -0.442288 0
    outer loop
      vertex 0.228361 1.85195 2.6
      vertex 0.401923 1.5 0
      vertex 0.401923 1.5 2.6
    endloop
  endfacet
  facet normal 0.325089 -0.486098 0.811188
    outer loop
      vertex 121.126 1.41994 3.4
      vertex 120.8 1.20192 3.4
      vertex 121.926 0.61994 2.6
    endloop
  endfacet
  facet normal 0.325087 -0.486101 0.811187
    outer loop
      vertex 121.926 0.61994 2.6
      vertex 120.8 1.20192 3.4
      vertex 121.6 0.401923 2.6
    endloop
  endfacet
  facet normal 0.264605 -0.536644 0.801247
    outer loop
      vertex 121.6 0.401923 2.6
      vertex 120.8 1.20192 3.4
      vertex 121.248 0.228361 2.6
    endloop
  endfacet
  facet normal 0.751471 0.659766 0
    outer loop
      vertex 122.48 71.2263 2.6
      vertex 122.221 71.5213 0
      vertex 122.221 71.5213 2.6
    endloop
  endfacet
  facet normal 0.751471 0.659766 0
    outer loop
      vertex 122.221 71.5213 0
      vertex 122.48 71.2263 2.6
      vertex 122.48 71.2263 0
    endloop
  endfacet
  facet normal -0.586274 -0.199014 0.785287
    outer loop
      vertex 0.102222 2.22354 2.6
      vertex 1.02836 2.65195 3.4
      vertex 0.902222 3.02354 3.4
    endloop
  endfacet
  facet normal -0.586273 -0.199015 0.785288
    outer loop
      vertex 1.02836 2.65195 3.4
      vertex 0.102222 2.22354 2.6
      vertex 0.228361 1.85195 2.6
    endloop
  endfacet
  facet normal 0 0 -1
    outer loop
      vertex 120.1 0 0
      vertex 123.1 3 0
      vertex 123.074 2.60842 0
    endloop
  endfacet
  facet normal 0 0 -1
    outer loop
      vertex 123.1 3 0
      vertex 123.004 28.1708 0
      vertex 123.1 28.157 0
    endloop
  endfacet
  facet normal 0 0 -1
    outer loop
      vertex 120.1 0 0
      vertex 123.074 2.60842 0
      vertex 122.998 2.22354 0
    endloop
  endfacet
  facet normal 0 0 -1
    outer loop
      vertex 120.1 0 0
      vertex 122.998 2.22354 0
      vertex 122.872 1.85195 0
    endloop
  endfacet
  facet normal 0 0 -1
    outer loop
      vertex 120.1 0 0
      vertex 122.872 1.85195 0
      vertex 122.698 1.5 0
    endloop
  endfacet
  facet normal 0 0 -1
    outer loop
      vertex 123.1 3 0
      vertex 122.623 28.2258 0
      vertex 123.004 28.1708 0
    endloop
  endfacet
  facet normal 0 0 -1
    outer loop
      vertex 120.1 0 0
      vertex 122.698 1.5 0
      vertex 122.48 1.17372 0
    endloop
  endfacet
  facet normal 0 0 -1
    outer loop
      vertex 123.1 3 0
      vertex 122.248 28.3897 0
      vertex 122.623 28.2258 0
    endloop
  endfacet
  facet normal 0 0 -1
    outer loop
      vertex 120.1 0 0
      vertex 122.48 1.17372 0
      vertex 122.221 0.878679 0
    endloop
  endfacet
  facet normal 0 0 -1
    outer loop
      vertex 123.1 3 0
      vertex 122.154 28.431 0
      vertex 122.248 28.3897 0
    endloop
  endfacet
  facet normal 0 0 -1
    outer loop
      vertex 120.1 0 0
      vertex 122.221 0.878679 0
      vertex 121.926 0.61994 0
    endloop
  endfacet
  facet normal -0 0 -1
    outer loop
      vertex 123.1 3 0
      vertex 120.1 0 0
      vertex 121.701 28.7692 0
    endloop
  endfacet
  facet normal 0 0 -1
    outer loop
      vertex 123.1 3 0
      vertex 121.792 28.7011 0
      vertex 122.154 28.431 0
    endloop
  endfacet
  facet normal 0 0 -1
    outer loop
      vertex 123.1 3 0
      vertex 121.701 28.7692 0
      vertex 121.792 28.7011 0
    endloop
  endfacet
  facet normal 0 0 -1
    outer loop
      vertex 120.1 0 0
      vertex 121.926 0.61994 0
      vertex 121.6 0.401923 0
    endloop
  endfacet
  facet normal -0 0 -1
    outer loop
      vertex 121.701 28.7692 0
      vertex 120.1 0 0
      vertex 121.615 28.8629 0
    endloop
  endfacet
  facet normal 0 0 -1
    outer loop
      vertex 120.1 0 0
      vertex 121.6 0.401923 0
      vertex 121.248 0.228361 0
    endloop
  endfacet
  facet normal -0 0 -1
    outer loop
      vertex 121.615 28.8629 0
      vertex 120.1 0 0
      vertex 121.272 29.2345 0
    endloop
  endfacet
  facet normal 0 0 -1
    outer loop
      vertex 120.1 0 0
      vertex 121.248 0.228361 0
      vertex 120.876 0.102222 0
    endloop
  endfacet
  facet normal -0 0 -1
    outer loop
      vertex 121.272 29.2345 0
      vertex 120.1 0 0
      vertex 121.192 29.3522 0
    endloop
  endfacet
  facet normal -0 0 -1
    outer loop
      vertex 121.192 29.3522 0
      vertex 120.1 0 0
      vertex 120.874 29.819 0
    endloop
  endfacet
  facet normal -0 0 -1
    outer loop
      vertex 120.874 29.819 0
      vertex 120.1 0 0
      vertex 120.587 30.373 0
    endloop
  endfacet
  facet normal 0 0 -1
    outer loop
      vertex 120.1 0 0
      vertex 120.876 0.102222 0
      vertex 120.492 0.0256653 0
    endloop
  endfacet
  facet normal -0 0 -1
    outer loop
      vertex 120.587 30.373 0
      vertex 120.1 0 0
      vertex 120.515 30.5127 0
    endloop
  endfacet
  facet normal -0 0 -1
    outer loop
      vertex 120.515 30.5127 0
      vertex 120.1 0 0
      vertex 120.263 31.1444 0
    endloop
  endfacet
  facet normal -0 0 -1
    outer loop
      vertex 120.263 31.1444 0
      vertex 120.1 0 0
      vertex 120.2 31.3037 0
    endloop
  endfacet
  facet normal 0 0 -1
    outer loop
      vertex 120.1 0 0
      vertex 119.987 32.0023 0
      vertex 120.2 31.3037 0
    endloop
  endfacet
  facet normal 0 0 -1
    outer loop
      vertex 120.1 0 0
      vertex 119.934 32.1785 0
      vertex 119.987 32.0023 0
    endloop
  endfacet
  facet normal 0 0 -1
    outer loop
      vertex 3.16613 32.1785 0
      vertex 119.934 32.1785 0
      vertex 120.1 0 0
    endloop
  endfacet
  facet normal 0 0 -1
    outer loop
      vertex 119.934 32.1785 0
      vertex 3.16613 32.1785 0
      vertex 119.765 32.9321 0
    endloop
  endfacet
  facet normal 0 -0 -1
    outer loop
      vertex 3.20872 32.3685 0
      vertex 119.765 32.9321 0
      vertex 3.16613 32.1785 0
    endloop
  endfacet
  facet normal -0 0 -1
    outer loop
      vertex 119.765 32.9321 0
      vertex 3.20872 32.3685 0
      vertex 119.722 33.1221 0
    endloop
  endfacet
  facet normal 0 -0 -1
    outer loop
      vertex 3.37764 33.1221 0
      vertex 119.722 33.1221 0
      vertex 3.20872 32.3685 0
    endloop
  endfacet
  facet normal 0 0 -1
    outer loop
      vertex 119.722 33.1221 0
      vertex 3.37764 33.1221 0
      vertex 119.691 33.3227 0
    endloop
  endfacet
  facet normal -0 0 -1
    outer loop
      vertex 119.691 33.3227 0
      vertex 3.37764 33.1221 0
      vertex 119.569 34.1183 0
    endloop
  endfacet
  facet normal 0 -0 -1
    outer loop
      vertex 3.5004 33.9177 0
      vertex 119.569 34.1183 0
      vertex 3.37764 33.1221 0
    endloop
  endfacet
  facet normal 0 -0 -1
    outer loop
      vertex 3.53136 34.1183 0
      vertex 119.569 34.1183 0
      vertex 3.5004 33.9177 0
    endloop
  endfacet
  facet normal -0 0 -1
    outer loop
      vertex 119.444 36.2 0
      vertex 3.63095 35.3616 0
      vertex 3.65593 36.2 0
    endloop
  endfacet
  facet normal -0 0 -1
    outer loop
      vertex 119.45 35.9886 0
      vertex 3.63095 35.3616 0
      vertex 119.444 36.2 0
    endloop
  endfacet
  facet normal 0 -0 -1
    outer loop
      vertex 3.63095 35.3616 0
      vertex 119.45 35.9886 0
      vertex 3.62465 35.1502 0
    endloop
  endfacet
  facet normal 0 0 -1
    outer loop
      vertex 119.475 35.1502 0
      vertex 3.62465 35.1502 0
      vertex 119.45 35.9886 0
    endloop
  endfacet
  facet normal 0 -0 -1
    outer loop
      vertex 3.62465 35.1502 0
      vertex 119.475 35.1502 0
      vertex 3.55014 34.3261 0
    endloop
  endfacet
  facet normal 0 -0 -1
    outer loop
      vertex 3.55014 34.3261 0
      vertex 119.475 35.1502 0
      vertex 3.53136 34.1183 0
    endloop
  endfacet
  facet normal -0 0 -1
    outer loop
      vertex 119.55 34.3261 0
      vertex 3.53136 34.1183 0
      vertex 119.475 35.1502 0
    endloop
  endfacet
  facet normal 0 0 -1
    outer loop
      vertex 119.569 34.1183 0
      vertex 3.53136 34.1183 0
      vertex 119.55 34.3261 0
    endloop
  endfacet
  facet normal 0 0 -1
    outer loop
      vertex 3 0 0
      vertex 3.16613 32.1785 0
      vertex 120.1 0 0
    endloop
  endfacet
  facet normal 0 0 -1
    outer loop
      vertex 3.16613 32.1785 0
      vertex 3 0 0
      vertex 3.11263 32.0023 0
    endloop
  endfacet
  facet normal 0 0 -1
    outer loop
      vertex 3 0 0
      vertex 2.90044 31.3037 0
      vertex 3.11263 32.0023 0
    endloop
  endfacet
  facet normal 0 0 -1
    outer loop
      vertex 3 0 0
      vertex 2.64862 30.672 0
      vertex 2.90044 31.3037 0
    endloop
  endfacet
  facet normal 0 0 -1
    outer loop
      vertex 0 3 0
      vertex 3 0 0
      vertex 2.60842 0.0256653 0
    endloop
  endfacet
  facet normal 0 0 -1
    outer loop
      vertex 3 0 0
      vertex 2.58513 30.5127 0
      vertex 2.64862 30.672 0
    endloop
  endfacet
  facet normal 0 0 -1
    outer loop
      vertex 3 0 0
      vertex 2.29799 29.9587 0
      vertex 2.58513 30.5127 0
    endloop
  endfacet
  facet normal 0 0 -1
    outer loop
      vertex 3 0 0
      vertex 2.22559 29.819 0
      vertex 2.29799 29.9587 0
    endloop
  endfacet
  facet normal 0 0 -1
    outer loop
      vertex 0 3 0
      vertex 2.60842 0.0256653 0
      vertex 2.22354 0.102222 0
    endloop
  endfacet
  facet normal 0 0 -1
    outer loop
      vertex 3 0 0
      vertex 2.14552 29.7013 0
      vertex 2.22559 29.819 0
    endloop
  endfacet
  facet normal 0 0 -1
    outer loop
      vertex 0 3 0
      vertex 2.22354 0.102222 0
      vertex 1.85195 0.228361 0
    endloop
  endfacet
  facet normal 0 0 -1
    outer loop
      vertex 3 0 0
      vertex 1.82796 29.2345 0
      vertex 2.14552 29.7013 0
    endloop
  endfacet
  facet normal 0 0 -1
    outer loop
      vertex 0 3 0
      vertex 1.85195 0.228361 0
      vertex 1.5 0.401923 0
    endloop
  endfacet
  facet normal 0 -0 -1
    outer loop
      vertex 1.39906 28.7692 0
      vertex 3 0 0
      vertex 0 3 0
    endloop
  endfacet
  facet normal 0 0 -1
    outer loop
      vertex 3 0 0
      vertex 1.48543 28.8629 0
      vertex 1.82796 29.2345 0
    endloop
  endfacet
  facet normal 0 0 -1
    outer loop
      vertex 3 0 0
      vertex 1.39906 28.7692 0
      vertex 1.48543 28.8629 0
    endloop
  endfacet
  facet normal 0 0 -1
    outer loop
      vertex 0 3 0
      vertex 1.5 0.401923 0
      vertex 1.17372 0.61994 0
    endloop
  endfacet
  facet normal 0 0 -1
    outer loop
      vertex 1.39906 28.7692 0
      vertex 0 3 0
      vertex 1.30788 28.7011 0
    endloop
  endfacet
  facet normal 0 0 -1
    outer loop
      vertex 0 3 0
      vertex 1.17372 0.61994 0
      vertex 0.878679 0.878679 0
    endloop
  endfacet
  facet normal 0 0 -1
    outer loop
      vertex 1.30788 28.7011 0
      vertex 0 3 0
      vertex 0.946224 28.431 0
    endloop
  endfacet
  facet normal 0 0 -1
    outer loop
      vertex 0 3 0
      vertex 0.878679 0.878679 0
      vertex 0.61994 1.17372 0
    endloop
  endfacet
  facet normal 0 0 -1
    outer loop
      vertex 0.946224 28.431 0
      vertex 0 3 0
      vertex 0.851778 28.3897 0
    endloop
  endfacet
  facet normal 0 0 -1
    outer loop
      vertex 0 3 0
      vertex 0.61994 1.17372 0
      vertex 0.401923 1.5 0
    endloop
  endfacet
  facet normal 0 0 -1
    outer loop
      vertex 0 3 0
      vertex 0.401923 1.5 0
      vertex 0.228361 1.85195 0
    endloop
  endfacet
  facet normal 0 0 -1
    outer loop
      vertex 0 3 0
      vertex 0.228361 1.85195 0
      vertex 0.102222 2.22354 0
    endloop
  endfacet
  facet normal 0 0 -1
    outer loop
      vertex 0.851778 28.3897 0
      vertex 0 3 0
      vertex 0.477194 28.2258 0
    endloop
  endfacet
  facet normal 0 0 -1
    outer loop
      vertex 0 3 0
      vertex 0.102222 2.22354 0
      vertex 0.0256653 2.60842 0
    endloop
  endfacet
  facet normal 0 0 -1
    outer loop
      vertex 0.477194 28.2258 0
      vertex 0 3 0
      vertex 0.0960892 28.1708 0
    endloop
  endfacet
  facet normal 0 0 -1
    outer loop
      vertex 0.0960892 28.1708 0
      vertex 0 3 0
      vertex 0 28.157 0
    endloop
  endfacet
  facet normal 0 0 -1
    outer loop
      vertex 122.719 44.1881 0
      vertex 123.1 69.4 0
      vertex 123.1 44.243 0
    endloop
  endfacet
  facet normal 0 0 -1
    outer loop
      vertex 122.623 44.1742 0
      vertex 123.1 69.4 0
      vertex 122.719 44.1881 0
    endloop
  endfacet
  facet normal 0 0 -1
    outer loop
      vertex 122.528 44.1329 0
      vertex 123.1 69.4 0
      vertex 122.623 44.1742 0
    endloop
  endfacet
  facet normal 0 0 -1
    outer loop
      vertex 122.154 43.969 0
      vertex 123.1 69.4 0
      vertex 122.528 44.1329 0
    endloop
  endfacet
  facet normal 0 0 -1
    outer loop
      vertex 121.792 43.6989 0
      vertex 123.1 69.4 0
      vertex 122.154 43.969 0
    endloop
  endfacet
  facet normal 0 0 -1
    outer loop
      vertex 121.701 43.6308 0
      vertex 123.1 69.4 0
      vertex 121.792 43.6989 0
    endloop
  endfacet
  facet normal 0 0 -1
    outer loop
      vertex 120.1 72.4 0
      vertex 123.1 69.4 0
      vertex 121.701 43.6308 0
    endloop
  endfacet
  facet normal 0 0 -1
    outer loop
      vertex 122.998 70.1765 0
      vertex 120.1 72.4 0
      vertex 122.872 70.548 0
    endloop
  endfacet
  facet normal 0 0 -1
    outer loop
      vertex 122.872 70.548 0
      vertex 120.1 72.4 0
      vertex 122.698 70.9 0
    endloop
  endfacet
  facet normal 0 0 -1
    outer loop
      vertex 122.698 70.9 0
      vertex 120.1 72.4 0
      vertex 122.48 71.2263 0
    endloop
  endfacet
  facet normal 0 0 -1
    outer loop
      vertex 122.48 71.2263 0
      vertex 120.1 72.4 0
      vertex 122.221 71.5213 0
    endloop
  endfacet
  facet normal 0 0 -1
    outer loop
      vertex 123.1 69.4 0
      vertex 120.1 72.4 0
      vertex 123.074 69.7916 0
    endloop
  endfacet
  facet normal 0 0 -1
    outer loop
      vertex 123.074 69.7916 0
      vertex 120.1 72.4 0
      vertex 122.998 70.1765 0
    endloop
  endfacet
  facet normal 0 0 -1
    outer loop
      vertex 122.221 71.5213 0
      vertex 120.1 72.4 0
      vertex 121.926 71.7801 0
    endloop
  endfacet
  facet normal 0 0 -1
    outer loop
      vertex 120.1 72.4 0
      vertex 121.701 43.6308 0
      vertex 121.358 43.2592 0
    endloop
  endfacet
  facet normal 0 0 -1
    outer loop
      vertex 120.1 72.4 0
      vertex 121.358 43.2592 0
      vertex 121.272 43.1655 0
    endloop
  endfacet
  facet normal 0 0 -1
    outer loop
      vertex 121.926 71.7801 0
      vertex 120.1 72.4 0
      vertex 121.6 71.9981 0
    endloop
  endfacet
  facet normal 0 0 -1
    outer loop
      vertex 120.1 72.4 0
      vertex 121.272 43.1655 0
      vertex 121.192 43.0478 0
    endloop
  endfacet
  facet normal 0 0 -1
    outer loop
      vertex 121.6 71.9981 0
      vertex 120.1 72.4 0
      vertex 121.248 72.1716 0
    endloop
  endfacet
  facet normal 0 0 -1
    outer loop
      vertex 120.1 72.4 0
      vertex 121.192 43.0478 0
      vertex 120.874 42.581 0
    endloop
  endfacet
  facet normal 0 0 -1
    outer loop
      vertex 120.1 72.4 0
      vertex 120.874 42.581 0
      vertex 120.587 42.027 0
    endloop
  endfacet
  facet normal 0 0 -1
    outer loop
      vertex 120.1 72.4 0
      vertex 120.587 42.027 0
      vertex 120.515 41.8873 0
    endloop
  endfacet
  facet normal 0 0 -1
    outer loop
      vertex 121.248 72.1716 0
      vertex 120.1 72.4 0
      vertex 120.876 72.2978 0
    endloop
  endfacet
  facet normal 0 0 -1
    outer loop
      vertex 120.1 72.4 0
      vertex 120.515 41.8873 0
      vertex 120.451 41.728 0
    endloop
  endfacet
  facet normal 0 0 -1
    outer loop
      vertex 120.1 72.4 0
      vertex 120.451 41.728 0
      vertex 120.2 41.0963 0
    endloop
  endfacet
  facet normal 0 0 -1
    outer loop
      vertex 120.1 72.4 0
      vertex 120.2 41.0963 0
      vertex 120.146 40.9201 0
    endloop
  endfacet
  facet normal 0 0 -1
    outer loop
      vertex 120.876 72.2978 0
      vertex 120.1 72.4 0
      vertex 120.492 72.3743 0
    endloop
  endfacet
  facet normal 0 0 -1
    outer loop
      vertex 119.934 40.2215 0
      vertex 120.1 72.4 0
      vertex 120.146 40.9201 0
    endloop
  endfacet
  facet normal 0 0 -1
    outer loop
      vertex 3.16613 40.2215 0
      vertex 119.934 40.2215 0
      vertex 119.765 39.4679 0
    endloop
  endfacet
  facet normal 0 0 -1
    outer loop
      vertex 3.20872 40.0315 0
      vertex 119.765 39.4679 0
      vertex 119.722 39.2779 0
    endloop
  endfacet
  facet normal 0 0 -1
    outer loop
      vertex 3.37764 39.2779 0
      vertex 119.722 39.2779 0
      vertex 119.691 39.0773 0
    endloop
  endfacet
  facet normal 0 0 -1
    outer loop
      vertex 3.37764 39.2779 0
      vertex 119.691 39.0773 0
      vertex 119.569 38.2817 0
    endloop
  endfacet
  facet normal 0 0 -1
    outer loop
      vertex 3.53136 38.2817 0
      vertex 119.569 38.2817 0
      vertex 119.55 38.0739 0
    endloop
  endfacet
  facet normal 0 0 -1
    outer loop
      vertex 3.53136 38.2817 0
      vertex 119.55 38.0739 0
      vertex 119.475 37.2498 0
    endloop
  endfacet
  facet normal 0 0 -1
    outer loop
      vertex 3.62465 37.2498 0
      vertex 119.475 37.2498 0
      vertex 119.45 36.4114 0
    endloop
  endfacet
  facet normal 0 0 -1
    outer loop
      vertex 3.63095 37.0384 0
      vertex 119.45 36.4114 0
      vertex 119.444 36.2 0
    endloop
  endfacet
  facet normal 0 0 -1
    outer loop
      vertex 3.63095 37.0384 0
      vertex 119.444 36.2 0
      vertex 3.65593 36.2 0
    endloop
  endfacet
  facet normal 0 0 -1
    outer loop
      vertex 119.45 36.4114 0
      vertex 3.63095 37.0384 0
      vertex 3.62465 37.2498 0
    endloop
  endfacet
  facet normal 0 0 -1
    outer loop
      vertex 119.475 37.2498 0
      vertex 3.62465 37.2498 0
      vertex 3.55014 38.0739 0
    endloop
  endfacet
  facet normal 0 0 -1
    outer loop
      vertex 119.475 37.2498 0
      vertex 3.55014 38.0739 0
      vertex 3.53136 38.2817 0
    endloop
  endfacet
  facet normal 0 0 -1
    outer loop
      vertex 119.569 38.2817 0
      vertex 3.53136 38.2817 0
      vertex 3.5004 38.4823 0
    endloop
  endfacet
  facet normal 0 0 -1
    outer loop
      vertex 119.569 38.2817 0
      vertex 3.5004 38.4823 0
      vertex 3.37764 39.2779 0
    endloop
  endfacet
  facet normal 0 0 -1
    outer loop
      vertex 119.722 39.2779 0
      vertex 3.37764 39.2779 0
      vertex 3.20872 40.0315 0
    endloop
  endfacet
  facet normal 0 0 -1
    outer loop
      vertex 119.765 39.4679 0
      vertex 3.20872 40.0315 0
      vertex 3.16613 40.2215 0
    endloop
  endfacet
  facet normal 0 0 -1
    outer loop
      vertex 119.934 40.2215 0
      vertex 3.16613 40.2215 0
      vertex 120.1 72.4 0
    endloop
  endfacet
  facet normal 0 0 -1
    outer loop
      vertex 3 72.4 0
      vertex 3.16613 40.2215 0
      vertex 3.11263 40.3977 0
    endloop
  endfacet
  facet normal 0 0 -1
    outer loop
      vertex 3.16613 40.2215 0
      vertex 3 72.4 0
      vertex 120.1 72.4 0
    endloop
  endfacet
  facet normal 0 0 -1
    outer loop
      vertex 2.90044 41.0963 0
      vertex 3 72.4 0
      vertex 3.11263 40.3977 0
    endloop
  endfacet
  facet normal 0 0 -1
    outer loop
      vertex 2.64862 41.728 0
      vertex 3 72.4 0
      vertex 2.90044 41.0963 0
    endloop
  endfacet
  facet normal 0 0 -1
    outer loop
      vertex 2.58513 41.8873 0
      vertex 3 72.4 0
      vertex 2.64862 41.728 0
    endloop
  endfacet
  facet normal 0 0 -1
    outer loop
      vertex 2.51273 42.027 0
      vertex 3 72.4 0
      vertex 2.58513 41.8873 0
    endloop
  endfacet
  facet normal 0 0 -1
    outer loop
      vertex 2.22559 42.581 0
      vertex 3 72.4 0
      vertex 2.51273 42.027 0
    endloop
  endfacet
  facet normal 0 0 -1
    outer loop
      vertex 2.14552 42.6987 0
      vertex 3 72.4 0
      vertex 2.22559 42.581 0
    endloop
  endfacet
  facet normal 0 0 -1
    outer loop
      vertex 1.82796 43.1655 0
      vertex 3 72.4 0
      vertex 2.14552 42.6987 0
    endloop
  endfacet
  facet normal 0 0 -1
    outer loop
      vertex 1.7416 43.2592 0
      vertex 3 72.4 0
      vertex 1.82796 43.1655 0
    endloop
  endfacet
  facet normal 0 0 -1
    outer loop
      vertex 1.39906 43.6308 0
      vertex 3 72.4 0
      vertex 1.7416 43.2592 0
    endloop
  endfacet
  facet normal 0 0 -1
    outer loop
      vertex 2.60842 72.3743 0
      vertex 0 69.4 0
      vertex 2.22354 72.2978 0
    endloop
  endfacet
  facet normal 0 0 -1
    outer loop
      vertex 3 72.4 0
      vertex 0 69.4 0
      vertex 2.60842 72.3743 0
    endloop
  endfacet
  facet normal 0 0 -1
    outer loop
      vertex 2.22354 72.2978 0
      vertex 0 69.4 0
      vertex 1.85195 72.1716 0
    endloop
  endfacet
  facet normal 0 0 -1
    outer loop
      vertex 3 72.4 0
      vertex 1.39906 43.6308 0
      vertex 0 69.4 0
    endloop
  endfacet
  facet normal 0 0 -1
    outer loop
      vertex 0 69.4 0
      vertex 1.39906 43.6308 0
      vertex 1.30788 43.6989 0
    endloop
  endfacet
  facet normal 0 0 -1
    outer loop
      vertex 1.85195 72.1716 0
      vertex 0 69.4 0
      vertex 1.5 71.9981 0
    endloop
  endfacet
  facet normal 0 0 -1
    outer loop
      vertex 0 69.4 0
      vertex 1.30788 43.6989 0
      vertex 0.946224 43.969 0
    endloop
  endfacet
  facet normal 0 0 -1
    outer loop
      vertex 1.5 71.9981 0
      vertex 0 69.4 0
      vertex 1.17372 71.7801 0
    endloop
  endfacet
  facet normal 0 0 -1
    outer loop
      vertex 1.17372 71.7801 0
      vertex 0 69.4 0
      vertex 0.878679 71.5213 0
    endloop
  endfacet
  facet normal 0 0 -1
    outer loop
      vertex 0 69.4 0
      vertex 0.946224 43.969 0
      vertex 0.571639 44.1329 0
    endloop
  endfacet
  facet normal 0 0 -1
    outer loop
      vertex 0 69.4 0
      vertex 0.571639 44.1329 0
      vertex 0.477194 44.1742 0
    endloop
  endfacet
  facet normal 0 0 -1
    outer loop
      vertex 0.878679 71.5213 0
      vertex 0 69.4 0
      vertex 0.61994 71.2263 0
    endloop
  endfacet
  facet normal 0 0 -1
    outer loop
      vertex 0 69.4 0
      vertex 0.477194 44.1742 0
      vertex 0.381105 44.1881 0
    endloop
  endfacet
  facet normal 0 0 -1
    outer loop
      vertex 0.61994 71.2263 0
      vertex 0 69.4 0
      vertex 0.401923 70.9 0
    endloop
  endfacet
  facet normal 0 0 -1
    outer loop
      vertex 0.401923 70.9 0
      vertex 0 69.4 0
      vertex 0.228361 70.548 0
    endloop
  endfacet
  facet normal 0 0 -1
    outer loop
      vertex 0.228361 70.548 0
      vertex 0 69.4 0
      vertex 0.102222 70.1765 0
    endloop
  endfacet
  facet normal 0 0 -1
    outer loop
      vertex 0 69.4 0
      vertex 0.381105 44.1881 0
      vertex 0 44.243 0
    endloop
  endfacet
  facet normal 0 0 -1
    outer loop
      vertex 0.102222 70.1765 0
      vertex 0 69.4 0
      vertex 0.0256653 69.7916 0
    endloop
  endfacet
  facet normal 0.683329 -0.0453714 0.7287
    outer loop
      vertex 122.3 3.8 3.4
      vertex 122.274 3.40842 3.4
      vertex 123.074 2.60842 2.6
    endloop
  endfacet
  facet normal -0.324889 0.486276 0.811161
    outer loop
      vertex 2.3 71.1981 3.4
      vertex 1.17372 71.7801 2.6
      vertex 1.97371 70.9801 3.4
    endloop
  endfacet
  facet normal 0.65939 -0.751801 0
    outer loop
      vertex 121.926 0.61994 0
      vertex 122.221 0.878679 2.6
      vertex 121.926 0.61994 2.6
    endloop
  endfacet
  facet normal 0.65939 -0.751801 0
    outer loop
      vertex 122.221 0.878679 2.6
      vertex 121.926 0.61994 0
      vertex 122.221 0.878679 0
    endloop
  endfacet
  facet normal -0.536644 0.264605 0.801247
    outer loop
      vertex 0.228361 70.548 2.6
      vertex 1.20192 70.1 3.4
      vertex 0.401923 70.9 2.6
    endloop
  endfacet
  facet normal -0.536645 0.264603 0.801247
    outer loop
      vertex 1.20192 70.1 3.4
      vertex 0.228361 70.548 2.6
      vertex 1.02836 69.748 3.4
    endloop
  endfacet
  facet normal -0.199014 -0.586274 0.785287
    outer loop
      vertex 2.65195 1.02836 3.4
      vertex 2.22354 0.102222 2.6
      vertex 3.02354 0.902222 3.4
    endloop
  endfacet
  facet normal -0.199015 -0.586273 0.785288
    outer loop
      vertex 2.22354 0.102222 2.6
      vertex 2.65195 1.02836 3.4
      vertex 1.85195 0.228361 2.6
    endloop
  endfacet
  facet normal 0.555877 0.831265 -0
    outer loop
      vertex 121.926 71.7801 0
      vertex 121.6 71.9981 2.6
      vertex 121.926 71.7801 2.6
    endloop
  endfacet
  facet normal 0.555877 0.831265 0
    outer loop
      vertex 121.6 71.9981 2.6
      vertex 121.926 71.7801 0
      vertex 121.6 71.9981 0
    endloop
  endfacet
  facet normal -0.751846 -0.659339 0
    outer loop
      vertex 0.878679 0.878679 0
      vertex 0.61994 1.17372 2.6
      vertex 0.61994 1.17372 0
    endloop
  endfacet
  facet normal -0.751846 -0.659339 0
    outer loop
      vertex 0.61994 1.17372 2.6
      vertex 0.878679 0.878679 0
      vertex 0.878679 0.878679 2.6
    endloop
  endfacet
  facet normal 0.325071 0.486115 0.811185
    outer loop
      vertex 121.6 71.9981 2.6
      vertex 120.8 71.1981 3.4
      vertex 121.926 71.7801 2.6
    endloop
  endfacet
  facet normal 0.486269 -0.324895 0.811163
    outer loop
      vertex 122.698 1.5 2.6
      vertex 121.898 2.3 3.4
      vertex 122.48 1.17372 2.6
    endloop
  endfacet
  facet normal 0.264537 0.536697 0.801234
    outer loop
      vertex 121.248 72.1716 2.6
      vertex 120.448 71.3716 3.4
      vertex 120.8 71.1981 3.4
    endloop
  endfacet
  facet normal 0.12656 0.635281 0.761841
    outer loop
      vertex 120.492 72.3743 2.6
      vertex 119.692 71.5743 3.4
      vertex 120.076 71.4978 3.4
    endloop
  endfacet
  facet normal 0.434493 -0.381432 0.81592
    outer loop
      vertex 121.421 1.67868 3.4
      vertex 122.48 1.17372 2.6
      vertex 121.68 1.97371 3.4
    endloop
  endfacet
  facet normal 0.434499 -0.381422 0.815921
    outer loop
      vertex 122.48 1.17372 2.6
      vertex 121.421 1.67868 3.4
      vertex 122.221 0.878679 2.6
    endloop
  endfacet
  facet normal 0.434471 0.381451 0.815923
    outer loop
      vertex 121.421 70.7213 3.4
      vertex 122.48 71.2263 2.6
      vertex 122.221 71.5213 2.6
    endloop
  endfacet
  facet normal 0.434471 0.381451 0.815923
    outer loop
      vertex 122.48 71.2263 2.6
      vertex 121.421 70.7213 3.4
      vertex 121.68 70.4263 3.4
    endloop
  endfacet
  facet normal 0.536261 0.265084 0.801345
    outer loop
      vertex 122.872 70.548 2.6
      vertex 121.898 70.1 3.4
      vertex 122.072 69.748 3.4
    endloop
  endfacet
  facet normal 0.586372 0.198877 0.785249
    outer loop
      vertex 122.872 70.548 2.6
      vertex 122.198 69.3765 3.4
      vertex 122.998 70.1765 2.6
    endloop
  endfacet
  facet normal 0.126644 -0.635228 0.761871
    outer loop
      vertex 120.076 0.902222 3.4
      vertex 119.692 0.825665 3.4
      vertex 120.492 0.0256653 2.6
    endloop
  endfacet
  facet normal 0.0447624 -0.683662 0.728424
    outer loop
      vertex 119.692 0.825665 3.4
      vertex 119.3 0.799999 3.4
      vertex 120.492 0.0256653 2.6
    endloop
  endfacet
  facet normal 0.486276 -0.324889 0.811161
    outer loop
      vertex 121.898 2.3 3.4
      vertex 121.68 1.97371 3.4
      vertex 122.48 1.17372 2.6
    endloop
  endfacet
  facet normal 0.321264 0.94699 -0
    outer loop
      vertex 121.248 72.1716 0
      vertex 120.876 72.2978 2.6
      vertex 121.248 72.1716 2.6
    endloop
  endfacet
  facet normal 0.321264 0.94699 0
    outer loop
      vertex 120.876 72.2978 2.6
      vertex 121.248 72.1716 0
      vertex 120.876 72.2978 0
    endloop
  endfacet
  facet normal 0.195379 0.980728 -0
    outer loop
      vertex 120.876 72.2978 0
      vertex 120.492 72.3743 2.6
      vertex 120.876 72.2978 2.6
    endloop
  endfacet
  facet normal 0.195379 0.980728 0
    outer loop
      vertex 120.492 72.3743 2.6
      vertex 120.876 72.2978 0
      vertex 120.492 72.3743 0
    endloop
  endfacet
  facet normal 0.44211 0.896961 -0
    outer loop
      vertex 121.6 71.9981 0
      vertex 121.248 72.1716 2.6
      vertex 121.6 71.9981 2.6
    endloop
  endfacet
  facet normal 0.44211 0.896961 0
    outer loop
      vertex 121.248 72.1716 2.6
      vertex 121.6 71.9981 0
      vertex 121.248 72.1716 0
    endloop
  endfacet
  facet normal 0.831501 0.555523 0
    outer loop
      vertex 122.698 70.9 2.6
      vertex 122.48 71.2263 0
      vertex 122.48 71.2263 2.6
    endloop
  endfacet
  facet normal 0.831501 0.555523 0
    outer loop
      vertex 122.48 71.2263 0
      vertex 122.698 70.9 2.6
      vertex 122.698 70.9 0
    endloop
  endfacet
  facet normal 0.53624 -0.265111 0.801351
    outer loop
      vertex 122.072 2.65195 3.4
      vertex 121.898 2.3 3.4
      vertex 122.872 1.85195 2.6
    endloop
  endfacet
  facet normal 0.321124 -0.947037 0
    outer loop
      vertex 120.876 0.102222 0
      vertex 121.248 0.228361 2.6
      vertex 120.876 0.102222 2.6
    endloop
  endfacet
  facet normal 0.321124 -0.947037 0
    outer loop
      vertex 121.248 0.228361 2.6
      vertex 120.876 0.102222 0
      vertex 121.248 0.228361 0
    endloop
  endfacet
  facet normal 0 0 1
    outer loop
      vertex 122.3 47.0174 3.4
      vertex 120.688 53.1349 3.4
      vertex 120.69 53.1 3.4
    endloop
  endfacet
  facet normal 0 0 1
    outer loop
      vertex 122.3 68.6 3.4
      vertex 120.546 55.3046 3.4
      vertex 120.688 53.1349 3.4
    endloop
  endfacet
  facet normal 0 0 1
    outer loop
      vertex 119.3 71.6 3.4
      vertex 120.8 71.1981 3.4
      vertex 120.448 71.3716 3.4
    endloop
  endfacet
  facet normal 0 0 1
    outer loop
      vertex 122.3 68.6 3.4
      vertex 120.121 57.4372 3.4
      vertex 120.546 55.3046 3.4
    endloop
  endfacet
  facet normal 0 0 1
    outer loop
      vertex 122.3 68.6 3.4
      vertex 120.115 57.4715 3.4
      vertex 120.121 57.4372 3.4
    endloop
  endfacet
  facet normal 0 0 1
    outer loop
      vertex 119.3 71.6 3.4
      vertex 120.448 71.3716 3.4
      vertex 120.076 71.4978 3.4
    endloop
  endfacet
  facet normal 0 0 1
    outer loop
      vertex 119.3 71.6 3.4
      vertex 120.076 71.4978 3.4
      vertex 119.692 71.5743 3.4
    endloop
  endfacet
  facet normal 0 0 1
    outer loop
      vertex 122.3 68.6 3.4
      vertex 119.416 59.5305 3.4
      vertex 120.115 57.4715 3.4
    endloop
  endfacet
  facet normal 0 0 1
    outer loop
      vertex 122.3 68.6 3.4
      vertex 119.404 59.5636 3.4
      vertex 119.416 59.5305 3.4
    endloop
  endfacet
  facet normal 0 0 1
    outer loop
      vertex 122.3 68.6 3.4
      vertex 119.389 59.5949 3.4
      vertex 119.404 59.5636 3.4
    endloop
  endfacet
  facet normal 0 0 1
    outer loop
      vertex 122.3 68.6 3.4
      vertex 119.3 71.6 3.4
      vertex 115.743 65.0432 3.4
    endloop
  endfacet
  facet normal 0 0 1
    outer loop
      vertex 122.3 68.6 3.4
      vertex 118.427 61.5451 3.4
      vertex 119.389 59.5949 3.4
    endloop
  endfacet
  facet normal 0 0 1
    outer loop
      vertex 122.3 68.6 3.4
      vertex 117.219 63.353 3.4
      vertex 118.427 61.5451 3.4
    endloop
  endfacet
  facet normal 0 0 1
    outer loop
      vertex 122.3 68.6 3.4
      vertex 117.2 63.3821 3.4
      vertex 117.219 63.353 3.4
    endloop
  endfacet
  facet normal 0 0 1
    outer loop
      vertex 122.3 68.6 3.4
      vertex 117.177 63.4084 3.4
      vertex 117.2 63.3821 3.4
    endloop
  endfacet
  facet normal 0 0 1
    outer loop
      vertex 122.3 68.6 3.4
      vertex 115.743 65.0432 3.4
      vertex 117.177 63.4084 3.4
    endloop
  endfacet
  facet normal 0 0 1
    outer loop
      vertex 119.3 71.6 3.4
      vertex 114.108 66.4768 3.4
      vertex 115.743 65.0432 3.4
    endloop
  endfacet
  facet normal 0 0 1
    outer loop
      vertex 119.3 71.6 3.4
      vertex 114.082 66.4999 3.4
      vertex 114.108 66.4768 3.4
    endloop
  endfacet
  facet normal 0 0 1
    outer loop
      vertex 119.3 71.6 3.4
      vertex 114.053 66.5193 3.4
      vertex 114.082 66.4999 3.4
    endloop
  endfacet
  facet normal 0 0 1
    outer loop
      vertex 119.3 71.6 3.4
      vertex 112.245 67.7273 3.4
      vertex 114.053 66.5193 3.4
    endloop
  endfacet
  facet normal 0 0 1
    outer loop
      vertex 119.3 71.6 3.4
      vertex 110.295 68.689 3.4
      vertex 112.245 67.7273 3.4
    endloop
  endfacet
  facet normal 0 0 1
    outer loop
      vertex 119.3 71.6 3.4
      vertex 110.264 68.7045 3.4
      vertex 110.295 68.689 3.4
    endloop
  endfacet
  facet normal 0 0 1
    outer loop
      vertex 119.3 71.6 3.4
      vertex 110.23 68.7157 3.4
      vertex 110.264 68.7045 3.4
    endloop
  endfacet
  facet normal 0 0 1
    outer loop
      vertex 119.3 71.6 3.4
      vertex 108.171 69.4146 3.4
      vertex 110.23 68.7157 3.4
    endloop
  endfacet
  facet normal 0 0 1
    outer loop
      vertex 119.3 71.6 3.4
      vertex 108.137 69.4215 3.4
      vertex 108.171 69.4146 3.4
    endloop
  endfacet
  facet normal 0 0 1
    outer loop
      vertex 119.3 71.6 3.4
      vertex 106.005 69.8457 3.4
      vertex 108.137 69.4215 3.4
    endloop
  endfacet
  facet normal 0 0 1
    outer loop
      vertex 119.3 71.6 3.4
      vertex 103.835 69.9879 3.4
      vertex 106.005 69.8457 3.4
    endloop
  endfacet
  facet normal 0 0 1
    outer loop
      vertex 119.3 71.6 3.4
      vertex 103.8 69.9902 3.4
      vertex 103.835 69.9879 3.4
    endloop
  endfacet
  facet normal 0 0 1
    outer loop
      vertex 119.3 71.6 3.4
      vertex 103.765 69.9879 3.4
      vertex 103.8 69.9902 3.4
    endloop
  endfacet
  facet normal 0 0 1
    outer loop
      vertex 119.3 71.6 3.4
      vertex 101.595 69.8457 3.4
      vertex 103.765 69.9879 3.4
    endloop
  endfacet
  facet normal 0 0 1
    outer loop
      vertex 80.253 66.5193 3.4
      vertex 93.547 66.5193 3.4
      vertex 95.3549 67.7273 3.4
    endloop
  endfacet
  facet normal 0 0 1
    outer loop
      vertex 83.3768 63.4084 3.4
      vertex 90.4232 63.4084 3.4
      vertex 91.8568 65.0432 3.4
    endloop
  endfacet
  facet normal 0 0 1
    outer loop
      vertex 83.4193 63.353 3.4
      vertex 90.3807 63.353 3.4
      vertex 90.4001 63.3821 3.4
    endloop
  endfacet
  facet normal 0 0 1
    outer loop
      vertex 86.3215 57.4372 3.4
      vertex 87.4785 57.4372 3.4
      vertex 87.4854 57.4715 3.4
    endloop
  endfacet
  facet normal 0 0 1
    outer loop
      vertex 86.8879 53.1349 3.4
      vertex 86.9121 53.1349 3.4
      vertex 87.0543 55.3046 3.4
    endloop
  endfacet
  facet normal 0 0 1
    outer loop
      vertex 86.9121 53.0651 3.4
      vertex 86.8879 53.0651 3.4
      vertex 87.0543 50.8954 3.4
    endloop
  endfacet
  facet normal 0 0 1
    outer loop
      vertex 86.9121 53.1349 3.4
      vertex 86.8879 53.1349 3.4
      vertex 86.9098 53.1 3.4
    endloop
  endfacet
  facet normal 0 0 1
    outer loop
      vertex 86.9098 53.1 3.4
      vertex 86.8879 53.1349 3.4
      vertex 86.8902 53.1 3.4
    endloop
  endfacet
  facet normal 0 0 1
    outer loop
      vertex 87.0543 55.3046 3.4
      vertex 86.7457 55.3046 3.4
      vertex 86.8879 53.1349 3.4
    endloop
  endfacet
  facet normal 0 0 1
    outer loop
      vertex 87.4785 57.4372 3.4
      vertex 86.3215 57.4372 3.4
      vertex 87.0543 55.3046 3.4
    endloop
  endfacet
  facet normal 0 0 1
    outer loop
      vertex 86.3146 57.4715 3.4
      vertex 87.4854 57.4715 3.4
      vertex 88.1843 59.5305 3.4
    endloop
  endfacet
  facet normal 0 0 1
    outer loop
      vertex 85.6157 59.5305 3.4
      vertex 88.1843 59.5305 3.4
      vertex 88.1955 59.5636 3.4
    endloop
  endfacet
  facet normal 0 0 1
    outer loop
      vertex 87.0543 55.3046 3.4
      vertex 86.3215 57.4372 3.4
      vertex 86.7457 55.3046 3.4
    endloop
  endfacet
  facet normal 0 0 1
    outer loop
      vertex 85.6045 59.5636 3.4
      vertex 88.1955 59.5636 3.4
      vertex 88.211 59.5949 3.4
    endloop
  endfacet
  facet normal 0 0 1
    outer loop
      vertex 85.589 59.5949 3.4
      vertex 88.211 59.5949 3.4
      vertex 89.1727 61.5451 3.4
    endloop
  endfacet
  facet normal 0 0 1
    outer loop
      vertex 90.3807 63.353 3.4
      vertex 84.6273 61.5451 3.4
      vertex 89.1727 61.5451 3.4
    endloop
  endfacet
  facet normal 0 0 1
    outer loop
      vertex 87.4854 57.4715 3.4
      vertex 86.3146 57.4715 3.4
      vertex 86.3215 57.4372 3.4
    endloop
  endfacet
  facet normal 0 0 1
    outer loop
      vertex 88.1843 59.5305 3.4
      vertex 85.6157 59.5305 3.4
      vertex 86.3146 57.4715 3.4
    endloop
  endfacet
  facet normal 0 0 1
    outer loop
      vertex 90.4232 63.4084 3.4
      vertex 83.3768 63.4084 3.4
      vertex 90.4001 63.3821 3.4
    endloop
  endfacet
  facet normal 0 0 1
    outer loop
      vertex 88.1955 59.5636 3.4
      vertex 85.6045 59.5636 3.4
      vertex 85.6157 59.5305 3.4
    endloop
  endfacet
  facet normal 0 0 1
    outer loop
      vertex 81.9431 65.0432 3.4
      vertex 91.8568 65.0432 3.4
      vertex 93.4916 66.4768 3.4
    endloop
  endfacet
  facet normal 0 0 1
    outer loop
      vertex 80.3084 66.4768 3.4
      vertex 93.4916 66.4768 3.4
      vertex 93.5179 66.4999 3.4
    endloop
  endfacet
  facet normal 0 0 1
    outer loop
      vertex 88.211 59.5949 3.4
      vertex 85.589 59.5949 3.4
      vertex 85.6045 59.5636 3.4
    endloop
  endfacet
  facet normal 0 0 1
    outer loop
      vertex 89.1727 61.5451 3.4
      vertex 84.6273 61.5451 3.4
      vertex 85.589 59.5949 3.4
    endloop
  endfacet
  facet normal 0 0 1
    outer loop
      vertex 93.547 66.5193 3.4
      vertex 80.253 66.5193 3.4
      vertex 93.5179 66.4999 3.4
    endloop
  endfacet
  facet normal 0 0 1
    outer loop
      vertex 90.3807 63.353 3.4
      vertex 83.4193 63.353 3.4
      vertex 84.6273 61.5451 3.4
    endloop
  endfacet
  facet normal 0 0 1
    outer loop
      vertex 78.4451 67.7273 3.4
      vertex 95.3549 67.7273 3.4
      vertex 97.3051 68.689 3.4
    endloop
  endfacet
  facet normal 0 0 1
    outer loop
      vertex 76.4949 68.689 3.4
      vertex 97.3051 68.689 3.4
      vertex 97.3364 68.7045 3.4
    endloop
  endfacet
  facet normal 0 0 1
    outer loop
      vertex 90.4001 63.3821 3.4
      vertex 83.3999 63.3821 3.4
      vertex 83.4193 63.353 3.4
    endloop
  endfacet
  facet normal 0 0 1
    outer loop
      vertex 90.4001 63.3821 3.4
      vertex 83.3768 63.4084 3.4
      vertex 83.3999 63.3821 3.4
    endloop
  endfacet
  facet normal 0 0 1
    outer loop
      vertex 91.8568 65.0432 3.4
      vertex 81.9431 65.0432 3.4
      vertex 83.3768 63.4084 3.4
    endloop
  endfacet
  facet normal 0 0 1
    outer loop
      vertex 76.4636 68.7045 3.4
      vertex 97.3364 68.7045 3.4
      vertex 97.3695 68.7157 3.4
    endloop
  endfacet
  facet normal 0 0 1
    outer loop
      vertex 76.4305 68.7157 3.4
      vertex 97.3695 68.7157 3.4
      vertex 99.4285 69.4146 3.4
    endloop
  endfacet
  facet normal 0 0 1
    outer loop
      vertex 93.4916 66.4768 3.4
      vertex 80.3084 66.4768 3.4
      vertex 81.9431 65.0432 3.4
    endloop
  endfacet
  facet normal 0 0 1
    outer loop
      vertex 74.3715 69.4146 3.4
      vertex 99.4285 69.4146 3.4
      vertex 99.4628 69.4215 3.4
    endloop
  endfacet
  facet normal 0 0 1
    outer loop
      vertex 74.3372 69.4215 3.4
      vertex 99.4628 69.4215 3.4
      vertex 101.595 69.8457 3.4
    endloop
  endfacet
  facet normal 0 0 1
    outer loop
      vertex 93.5179 66.4999 3.4
      vertex 80.2821 66.4999 3.4
      vertex 80.3084 66.4768 3.4
    endloop
  endfacet
  facet normal 0 0 1
    outer loop
      vertex 93.5179 66.4999 3.4
      vertex 80.253 66.5193 3.4
      vertex 80.2821 66.4999 3.4
    endloop
  endfacet
  facet normal 0 0 1
    outer loop
      vertex 95.3549 67.7273 3.4
      vertex 78.4451 67.7273 3.4
      vertex 80.253 66.5193 3.4
    endloop
  endfacet
  facet normal 0 0 1
    outer loop
      vertex 72.2046 69.8457 3.4
      vertex 101.595 69.8457 3.4
      vertex 119.3 71.6 3.4
    endloop
  endfacet
  facet normal 0 0 1
    outer loop
      vertex 97.3051 68.689 3.4
      vertex 76.4949 68.689 3.4
      vertex 78.4451 67.7273 3.4
    endloop
  endfacet
  facet normal 0 0 1
    outer loop
      vertex 97.3364 68.7045 3.4
      vertex 76.4636 68.7045 3.4
      vertex 76.4949 68.689 3.4
    endloop
  endfacet
  facet normal 0 0 1
    outer loop
      vertex 97.3695 68.7157 3.4
      vertex 76.4305 68.7157 3.4
      vertex 76.4636 68.7045 3.4
    endloop
  endfacet
  facet normal 0 0 1
    outer loop
      vertex 99.4285 69.4146 3.4
      vertex 74.3715 69.4146 3.4
      vertex 76.4305 68.7157 3.4
    endloop
  endfacet
  facet normal 0 0 1
    outer loop
      vertex 99.4628 69.4215 3.4
      vertex 74.3372 69.4215 3.4
      vertex 74.3715 69.4146 3.4
    endloop
  endfacet
  facet normal 0 0 1
    outer loop
      vertex 101.595 69.8457 3.4
      vertex 72.2046 69.8457 3.4
      vertex 74.3372 69.4215 3.4
    endloop
  endfacet
  facet normal 0 0 1
    outer loop
      vertex 119.3 71.6 3.4
      vertex 70.0349 69.9879 3.4
      vertex 72.2046 69.8457 3.4
    endloop
  endfacet
  facet normal 0 0 1
    outer loop
      vertex 119.3 71.6 3.4
      vertex 70 69.9902 3.4
      vertex 70.0349 69.9879 3.4
    endloop
  endfacet
  facet normal 0 0 1
    outer loop
      vertex 70 69.9902 3.4
      vertex 67.7954 69.8457 3.4
      vertex 69.9651 69.9879 3.4
    endloop
  endfacet
  facet normal 0 0 1
    outer loop
      vertex 46.453 66.5193 3.4
      vertex 59.747 66.5193 3.4
      vertex 61.5549 67.7273 3.4
    endloop
  endfacet
  facet normal 0 0 1
    outer loop
      vertex 46.5084 66.4768 3.4
      vertex 59.6916 66.4768 3.4
      vertex 59.7179 66.4999 3.4
    endloop
  endfacet
  facet normal 0 0 1
    outer loop
      vertex 49.5768 63.4084 3.4
      vertex 56.6232 63.4084 3.4
      vertex 58.0569 65.0432 3.4
    endloop
  endfacet
  facet normal 0 0 1
    outer loop
      vertex 49.6193 63.353 3.4
      vertex 56.5807 63.353 3.4
      vertex 56.6001 63.3821 3.4
    endloop
  endfacet
  facet normal 0 0 1
    outer loop
      vertex 51.789 59.5949 3.4
      vertex 54.411 59.5949 3.4
      vertex 55.3727 61.5451 3.4
    endloop
  endfacet
  facet normal 0 0 1
    outer loop
      vertex 51.8157 59.5305 3.4
      vertex 54.3843 59.5305 3.4
      vertex 54.3955 59.5636 3.4
    endloop
  endfacet
  facet normal 0 0 1
    outer loop
      vertex 53.1121 53.0651 3.4
      vertex 53.0879 53.0651 3.4
      vertex 53.2543 50.8954 3.4
    endloop
  endfacet
  facet normal 0 0 1
    outer loop
      vertex 53.1121 53.1349 3.4
      vertex 53.0902 53.1 3.4
      vertex 53.1098 53.1 3.4
    endloop
  endfacet
  facet normal 0 0 1
    outer loop
      vertex 53.0879 53.1349 3.4
      vertex 53.1121 53.1349 3.4
      vertex 53.2543 55.3046 3.4
    endloop
  endfacet
  facet normal 0 0 1
    outer loop
      vertex 53.1121 53.1349 3.4
      vertex 53.0879 53.1349 3.4
      vertex 53.0902 53.1 3.4
    endloop
  endfacet
  facet normal 0 0 1
    outer loop
      vertex 53.2543 55.3046 3.4
      vertex 52.9457 55.3046 3.4
      vertex 53.0879 53.1349 3.4
    endloop
  endfacet
  facet normal 0 0 1
    outer loop
      vertex 53.6785 57.4372 3.4
      vertex 52.9457 55.3046 3.4
      vertex 53.2543 55.3046 3.4
    endloop
  endfacet
  facet normal 0 0 1
    outer loop
      vertex 52.5215 57.4372 3.4
      vertex 53.6785 57.4372 3.4
      vertex 53.6854 57.4715 3.4
    endloop
  endfacet
  facet normal 0 0 1
    outer loop
      vertex 54.3843 59.5305 3.4
      vertex 51.8157 59.5305 3.4
      vertex 53.6854 57.4715 3.4
    endloop
  endfacet
  facet normal 0 0 1
    outer loop
      vertex 53.6785 57.4372 3.4
      vertex 52.5215 57.4372 3.4
      vertex 52.9457 55.3046 3.4
    endloop
  endfacet
  facet normal 0 0 1
    outer loop
      vertex 54.411 59.5949 3.4
      vertex 51.789 59.5949 3.4
      vertex 54.3955 59.5636 3.4
    endloop
  endfacet
  facet normal 0 0 1
    outer loop
      vertex 56.5807 63.353 3.4
      vertex 50.8273 61.5451 3.4
      vertex 55.3727 61.5451 3.4
    endloop
  endfacet
  facet normal 0 0 1
    outer loop
      vertex 53.6854 57.4715 3.4
      vertex 52.5146 57.4715 3.4
      vertex 52.5215 57.4372 3.4
    endloop
  endfacet
  facet normal 0 0 1
    outer loop
      vertex 53.6854 57.4715 3.4
      vertex 51.8157 59.5305 3.4
      vertex 52.5146 57.4715 3.4
    endloop
  endfacet
  facet normal 0 0 1
    outer loop
      vertex 56.6232 63.4084 3.4
      vertex 49.5768 63.4084 3.4
      vertex 56.6001 63.3821 3.4
    endloop
  endfacet
  facet normal 0 0 1
    outer loop
      vertex 54.3955 59.5636 3.4
      vertex 51.8045 59.5636 3.4
      vertex 51.8157 59.5305 3.4
    endloop
  endfacet
  facet normal 0 0 1
    outer loop
      vertex 59.6916 66.4768 3.4
      vertex 48.1432 65.0432 3.4
      vertex 58.0569 65.0432 3.4
    endloop
  endfacet
  facet normal 0 0 1
    outer loop
      vertex 54.3955 59.5636 3.4
      vertex 51.789 59.5949 3.4
      vertex 51.8045 59.5636 3.4
    endloop
  endfacet
  facet normal 0 0 1
    outer loop
      vertex 55.3727 61.5451 3.4
      vertex 50.8273 61.5451 3.4
      vertex 51.789 59.5949 3.4
    endloop
  endfacet
  facet normal 0 0 1
    outer loop
      vertex 59.747 66.5193 3.4
      vertex 46.453 66.5193 3.4
      vertex 59.7179 66.4999 3.4
    endloop
  endfacet
  facet normal 0 0 1
    outer loop
      vertex 56.5807 63.353 3.4
      vertex 49.6193 63.353 3.4
      vertex 50.8273 61.5451 3.4
    endloop
  endfacet
  facet normal 0 0 1
    outer loop
      vertex 44.6451 67.7273 3.4
      vertex 61.5549 67.7273 3.4
      vertex 63.5051 68.689 3.4
    endloop
  endfacet
  facet normal 0 0 1
    outer loop
      vertex 42.6949 68.689 3.4
      vertex 63.5051 68.689 3.4
      vertex 63.5364 68.7045 3.4
    endloop
  endfacet
  facet normal 0 0 1
    outer loop
      vertex 56.6001 63.3821 3.4
      vertex 49.5999 63.3821 3.4
      vertex 49.6193 63.353 3.4
    endloop
  endfacet
  facet normal 0 0 1
    outer loop
      vertex 56.6001 63.3821 3.4
      vertex 49.5768 63.4084 3.4
      vertex 49.5999 63.3821 3.4
    endloop
  endfacet
  facet normal 0 0 1
    outer loop
      vertex 58.0569 65.0432 3.4
      vertex 48.1432 65.0432 3.4
      vertex 49.5768 63.4084 3.4
    endloop
  endfacet
  facet normal 0 0 1
    outer loop
      vertex 42.6636 68.7045 3.4
      vertex 63.5364 68.7045 3.4
      vertex 63.5695 68.7157 3.4
    endloop
  endfacet
  facet normal 0 0 1
    outer loop
      vertex 42.6305 68.7157 3.4
      vertex 63.5695 68.7157 3.4
      vertex 65.6285 69.4146 3.4
    endloop
  endfacet
  facet normal 0 0 1
    outer loop
      vertex 59.6916 66.4768 3.4
      vertex 46.5084 66.4768 3.4
      vertex 48.1432 65.0432 3.4
    endloop
  endfacet
  facet normal 0 0 1
    outer loop
      vertex 40.5715 69.4146 3.4
      vertex 65.6285 69.4146 3.4
      vertex 65.6628 69.4215 3.4
    endloop
  endfacet
  facet normal 0 0 1
    outer loop
      vertex 40.5372 69.4215 3.4
      vertex 65.6628 69.4215 3.4
      vertex 67.7954 69.8457 3.4
    endloop
  endfacet
  facet normal 0 0 1
    outer loop
      vertex 59.7179 66.4999 3.4
      vertex 46.4821 66.4999 3.4
      vertex 46.5084 66.4768 3.4
    endloop
  endfacet
  facet normal 0 0 1
    outer loop
      vertex 59.7179 66.4999 3.4
      vertex 46.453 66.5193 3.4
      vertex 46.4821 66.4999 3.4
    endloop
  endfacet
  facet normal 0 0 1
    outer loop
      vertex 61.5549 67.7273 3.4
      vertex 44.6451 67.7273 3.4
      vertex 46.453 66.5193 3.4
    endloop
  endfacet
  facet normal 0 0 1
    outer loop
      vertex 63.5051 68.689 3.4
      vertex 42.6949 68.689 3.4
      vertex 44.6451 67.7273 3.4
    endloop
  endfacet
  facet normal 0 0 1
    outer loop
      vertex 38.4046 69.8457 3.4
      vertex 67.7954 69.8457 3.4
      vertex 70 69.9902 3.4
    endloop
  endfacet
  facet normal 0 0 1
    outer loop
      vertex 63.5364 68.7045 3.4
      vertex 42.6636 68.7045 3.4
      vertex 42.6949 68.689 3.4
    endloop
  endfacet
  facet normal 0 0 1
    outer loop
      vertex 63.5695 68.7157 3.4
      vertex 42.6305 68.7157 3.4
      vertex 42.6636 68.7045 3.4
    endloop
  endfacet
  facet normal 0 0 1
    outer loop
      vertex 65.6285 69.4146 3.4
      vertex 40.5715 69.4146 3.4
      vertex 42.6305 68.7157 3.4
    endloop
  endfacet
  facet normal -0 0 1
    outer loop
      vertex 3.8 71.6 3.4
      vertex 70 69.9902 3.4
      vertex 119.3 71.6 3.4
    endloop
  endfacet
  facet normal 0 0 1
    outer loop
      vertex 65.6628 69.4215 3.4
      vertex 40.5372 69.4215 3.4
      vertex 40.5715 69.4146 3.4
    endloop
  endfacet
  facet normal 0 0 1
    outer loop
      vertex 67.7954 69.8457 3.4
      vertex 38.4046 69.8457 3.4
      vertex 40.5372 69.4215 3.4
    endloop
  endfacet
  facet normal 0 0 1
    outer loop
      vertex 70 69.9902 3.4
      vertex 36.2349 69.9879 3.4
      vertex 38.4046 69.8457 3.4
    endloop
  endfacet
  facet normal 0 0 1
    outer loop
      vertex 70 69.9902 3.4
      vertex 36.2 69.9902 3.4
      vertex 36.2349 69.9879 3.4
    endloop
  endfacet
  facet normal 0 0 1
    outer loop
      vertex 36.2 69.9902 3.4
      vertex 33.9954 69.8457 3.4
      vertex 36.1651 69.9879 3.4
    endloop
  endfacet
  facet normal 0 0 1
    outer loop
      vertex 3.8 71.6 3.4
      vertex 25.947 66.5193 3.4
      vertex 27.7549 67.7273 3.4
    endloop
  endfacet
  facet normal 0 0 1
    outer loop
      vertex 3.8 71.6 3.4
      vertex 25.8916 66.4768 3.4
      vertex 25.9179 66.4999 3.4
    endloop
  endfacet
  facet normal 0 0 1
    outer loop
      vertex 3.8 71.6 3.4
      vertex 22.8232 63.4084 3.4
      vertex 24.2569 65.0432 3.4
    endloop
  endfacet
  facet normal 0 0 1
    outer loop
      vertex 3.8 71.6 3.4
      vertex 22.7807 63.353 3.4
      vertex 22.8001 63.3821 3.4
    endloop
  endfacet
  facet normal 0 0 1
    outer loop
      vertex 0.799999 68.6 3.4
      vertex 19.8785 57.4372 3.4
      vertex 19.8854 57.4715 3.4
    endloop
  endfacet
  facet normal 0 0 1
    outer loop
      vertex 22.7807 42.847 3.4
      vertex 19.2651 36.1879 3.4
      vertex 19.3 36.1902 3.4
    endloop
  endfacet
  facet normal 0 0 1
    outer loop
      vertex 19.3121 53.0651 3.4
      vertex 17.0954 36.0457 3.4
      vertex 19.2651 36.1879 3.4
    endloop
  endfacet
  facet normal 0 0 1
    outer loop
      vertex 1.90932 46.3409 3.4
      vertex 19.3098 53.1 3.4
      vertex 19.3121 53.1349 3.4
    endloop
  endfacet
  facet normal 0 0 1
    outer loop
      vertex 1.90932 46.3409 3.4
      vertex 19.3121 53.1349 3.4
      vertex 19.4543 55.3046 3.4
    endloop
  endfacet
  facet normal 0 0 1
    outer loop
      vertex 19.3121 53.0651 3.4
      vertex 14.9628 35.6215 3.4
      vertex 17.0954 36.0457 3.4
    endloop
  endfacet
  facet normal 0 0 1
    outer loop
      vertex 19.8785 57.4372 3.4
      vertex 0.799999 68.6 3.4
      vertex 19.4543 55.3046 3.4
    endloop
  endfacet
  facet normal 0 0 1
    outer loop
      vertex 19.3121 53.0651 3.4
      vertex 3.95827 42.882 3.4
      vertex 14.9628 35.6215 3.4
    endloop
  endfacet
  facet normal -0 -0 1
    outer loop
      vertex 4.32086 41.6882 3.4
      vertex 14.9628 35.6215 3.4
      vertex 3.95827 42.882 3.4
    endloop
  endfacet
  facet normal 0 0 1
    outer loop
      vertex 14.9628 35.6215 3.4
      vertex 4.32086 41.6882 3.4
      vertex 14.9285 35.6146 3.4
    endloop
  endfacet
  facet normal -0 -0 1
    outer loop
      vertex 4.60951 40.4005 3.4
      vertex 14.9285 35.6146 3.4
      vertex 4.32086 41.6882 3.4
    endloop
  endfacet
  facet normal 0 0 1
    outer loop
      vertex 14.9285 35.6146 3.4
      vertex 4.60951 40.4005 3.4
      vertex 12.8695 34.9157 3.4
    endloop
  endfacet
  facet normal 0 0 1
    outer loop
      vertex 0.799999 68.6 3.4
      vertex 19.8854 57.4715 3.4
      vertex 20.5843 59.5305 3.4
    endloop
  endfacet
  facet normal 0 0 1
    outer loop
      vertex 3.8 71.6 3.4
      vertex 20.5843 59.5305 3.4
      vertex 20.5955 59.5636 3.4
    endloop
  endfacet
  facet normal -0 -0 1
    outer loop
      vertex 4.81929 39.0409 3.4
      vertex 12.8364 34.9045 3.4
      vertex 4.60951 40.4005 3.4
    endloop
  endfacet
  facet normal -0 -0 1
    outer loop
      vertex 4.94661 37.6327 3.4
      vertex 12.8051 34.889 3.4
      vertex 4.81929 39.0409 3.4
    endloop
  endfacet
  facet normal 0 0 1
    outer loop
      vertex 12.8051 34.889 3.4
      vertex 4.94661 37.6327 3.4
      vertex 10.8549 33.9273 3.4
    endloop
  endfacet
  facet normal -0 -0 1
    outer loop
      vertex 4.98929 36.2 3.4
      vertex 10.8549 33.9273 3.4
      vertex 4.94661 37.6327 3.4
    endloop
  endfacet
  facet normal -0 0 1
    outer loop
      vertex 4.94661 34.7673 3.4
      vertex 9.04698 32.7193 3.4
      vertex 4.98929 36.2 3.4
    endloop
  endfacet
  facet normal -0 0 1
    outer loop
      vertex 4.81929 33.3591 3.4
      vertex 8.99164 32.6768 3.4
      vertex 4.94661 34.7673 3.4
    endloop
  endfacet
  facet normal 0 0 1
    outer loop
      vertex 8.99164 32.6768 3.4
      vertex 4.81929 33.3591 3.4
      vertex 7.35685 31.2431 3.4
    endloop
  endfacet
  facet normal -0 0 1
    outer loop
      vertex 4.60951 31.9995 3.4
      vertex 7.35685 31.2431 3.4
      vertex 4.81929 33.3591 3.4
    endloop
  endfacet
  facet normal 0 0 1
    outer loop
      vertex 3.8 71.6 3.4
      vertex 20.5955 59.5636 3.4
      vertex 20.611 59.5949 3.4
    endloop
  endfacet
  facet normal 0 0 1
    outer loop
      vertex 3.8 71.6 3.4
      vertex 20.611 59.5949 3.4
      vertex 21.5727 61.5451 3.4
    endloop
  endfacet
  facet normal 0 0 1
    outer loop
      vertex 9.01792 32.6999 3.4
      vertex 4.94661 34.7673 3.4
      vertex 8.99164 32.6768 3.4
    endloop
  endfacet
  facet normal 0 0 1
    outer loop
      vertex 22.7807 63.353 3.4
      vertex 3.8 71.6 3.4
      vertex 21.5727 61.5451 3.4
    endloop
  endfacet
  facet normal 0 0 1
    outer loop
      vertex 9.04698 32.7193 3.4
      vertex 4.94661 34.7673 3.4
      vertex 9.01792 32.6999 3.4
    endloop
  endfacet
  facet normal 0 0 1
    outer loop
      vertex 10.8549 33.9273 3.4
      vertex 4.98929 36.2 3.4
      vertex 9.04698 32.7193 3.4
    endloop
  endfacet
  facet normal 0 0 1
    outer loop
      vertex 12.8364 34.9045 3.4
      vertex 4.81929 39.0409 3.4
      vertex 12.8051 34.889 3.4
    endloop
  endfacet
  facet normal 0 0 1
    outer loop
      vertex 12.8695 34.9157 3.4
      vertex 4.60951 40.4005 3.4
      vertex 12.8364 34.9045 3.4
    endloop
  endfacet
  facet normal 0 0 1
    outer loop
      vertex 22.8232 63.4084 3.4
      vertex 3.8 71.6 3.4
      vertex 22.8001 63.3821 3.4
    endloop
  endfacet
  facet normal 0 0 1
    outer loop
      vertex 70 69.9902 3.4
      vertex 3.8 71.6 3.4
      vertex 36.2 69.9902 3.4
    endloop
  endfacet
  facet normal 0 0 1
    outer loop
      vertex 3.8 71.6 3.4
      vertex 33.9954 69.8457 3.4
      vertex 36.2 69.9902 3.4
    endloop
  endfacet
  facet normal 0 0 1
    outer loop
      vertex 3.8 71.6 3.4
      vertex 31.8628 69.4215 3.4
      vertex 33.9954 69.8457 3.4
    endloop
  endfacet
  facet normal 0 0 1
    outer loop
      vertex 3.8 71.6 3.4
      vertex 31.8285 69.4146 3.4
      vertex 31.8628 69.4215 3.4
    endloop
  endfacet
  facet normal 0 0 1
    outer loop
      vertex 3.8 71.6 3.4
      vertex 29.7695 68.7157 3.4
      vertex 31.8285 69.4146 3.4
    endloop
  endfacet
  facet normal 0 0 1
    outer loop
      vertex 3.8 71.6 3.4
      vertex 29.7364 68.7045 3.4
      vertex 29.7695 68.7157 3.4
    endloop
  endfacet
  facet normal 0 0 1
    outer loop
      vertex 3.8 71.6 3.4
      vertex 29.7051 68.689 3.4
      vertex 29.7364 68.7045 3.4
    endloop
  endfacet
  facet normal 0 0 1
    outer loop
      vertex 3.8 71.6 3.4
      vertex 27.7549 67.7273 3.4
      vertex 29.7051 68.689 3.4
    endloop
  endfacet
  facet normal 0 0 1
    outer loop
      vertex 25.947 66.5193 3.4
      vertex 3.8 71.6 3.4
      vertex 25.9179 66.4999 3.4
    endloop
  endfacet
  facet normal 0 0 1
    outer loop
      vertex 25.8916 66.4768 3.4
      vertex 3.8 71.6 3.4
      vertex 24.2569 65.0432 3.4
    endloop
  endfacet
  facet normal 0 0 1
    outer loop
      vertex 20.5843 59.5305 3.4
      vertex 3.8 71.6 3.4
      vertex 0.799999 68.6 3.4
    endloop
  endfacet
  facet normal 0 0 1
    outer loop
      vertex 19.3121 53.0651 3.4
      vertex 3.52796 43.9615 3.4
      vertex 3.95827 42.882 3.4
    endloop
  endfacet
  facet normal 0 0 1
    outer loop
      vertex 0.799999 68.6 3.4
      vertex 3.8 71.6 3.4
      vertex 3.40842 71.5743 3.4
    endloop
  endfacet
  facet normal 0 0 1
    outer loop
      vertex 19.3121 53.0651 3.4
      vertex 3.03729 44.9082 3.4
      vertex 3.52796 43.9615 3.4
    endloop
  endfacet
  facet normal 0 0 1
    outer loop
      vertex 0.799999 68.6 3.4
      vertex 3.40842 71.5743 3.4
      vertex 3.02354 71.4978 3.4
    endloop
  endfacet
  facet normal 0 0 1
    outer loop
      vertex 0.799999 68.6 3.4
      vertex 3.02354 71.4978 3.4
      vertex 2.65195 71.3716 3.4
    endloop
  endfacet
  facet normal 0 0 1
    outer loop
      vertex 19.3121 53.0651 3.4
      vertex 2.49465 45.7059 3.4
      vertex 3.03729 44.9082 3.4
    endloop
  endfacet
  facet normal 0 0 1
    outer loop
      vertex 0.799999 68.6 3.4
      vertex 2.65195 71.3716 3.4
      vertex 2.3 71.1981 3.4
    endloop
  endfacet
  facet normal 0 0 1
    outer loop
      vertex 0.799999 68.6 3.4
      vertex 2.3 71.1981 3.4
      vertex 1.97371 70.9801 3.4
    endloop
  endfacet
  facet normal 0 0 1
    outer loop
      vertex 19.4543 55.3046 3.4
      vertex 0.799999 68.6 3.4
      vertex 1.29132 46.8024 3.4
    endloop
  endfacet
  facet normal 0 0 1
    outer loop
      vertex 0.799999 68.6 3.4
      vertex 1.97371 70.9801 3.4
      vertex 1.67868 70.7213 3.4
    endloop
  endfacet
  facet normal 0 0 1
    outer loop
      vertex 0.799999 68.6 3.4
      vertex 1.67868 70.7213 3.4
      vertex 1.41994 70.4263 3.4
    endloop
  endfacet
  facet normal 0 0 1
    outer loop
      vertex 19.3098 53.1 3.4
      vertex 1.90932 46.3409 3.4
      vertex 2.49465 45.7059 3.4
    endloop
  endfacet
  facet normal 0 0 1
    outer loop
      vertex 0.799999 68.6 3.4
      vertex 1.41994 70.4263 3.4
      vertex 1.20192 70.1 3.4
    endloop
  endfacet
  facet normal 0 0 1
    outer loop
      vertex 0.799999 68.6 3.4
      vertex 1.20192 70.1 3.4
      vertex 1.02836 69.748 3.4
    endloop
  endfacet
  facet normal 0 0 1
    outer loop
      vertex 0.799999 68.6 3.4
      vertex 1.02836 69.748 3.4
      vertex 0.902222 69.3765 3.4
    endloop
  endfacet
  facet normal 0 0 1
    outer loop
      vertex 0.799999 68.6 3.4
      vertex 0.902222 69.3765 3.4
      vertex 0.825665 68.9916 3.4
    endloop
  endfacet
  facet normal 0 0 1
    outer loop
      vertex 19.4543 55.3046 3.4
      vertex 1.29132 46.8024 3.4
      vertex 1.90932 46.3409 3.4
    endloop
  endfacet
  facet normal 0 0 1
    outer loop
      vertex 1.29132 46.8024 3.4
      vertex 0.799999 68.6 3.4
      vertex 0.799999 47.0174 3.4
    endloop
  endfacet
  facet normal 0 0 1
    outer loop
      vertex 120.8 71.1981 3.4
      vertex 122.3 68.6 3.4
      vertex 122.274 68.9916 3.4
    endloop
  endfacet
  facet normal 0 0 1
    outer loop
      vertex 120.8 71.1981 3.4
      vertex 122.274 68.9916 3.4
      vertex 122.198 69.3765 3.4
    endloop
  endfacet
  facet normal 0 0 1
    outer loop
      vertex 120.8 71.1981 3.4
      vertex 122.198 69.3765 3.4
      vertex 122.072 69.748 3.4
    endloop
  endfacet
  facet normal 0 0 1
    outer loop
      vertex 120.8 71.1981 3.4
      vertex 122.072 69.748 3.4
      vertex 121.898 70.1 3.4
    endloop
  endfacet
  facet normal -0 0 1
    outer loop
      vertex 120.688 53.1349 3.4
      vertex 122.3 47.0174 3.4
      vertex 122.3 68.6 3.4
    endloop
  endfacet
  facet normal 0 0 1
    outer loop
      vertex 120.8 71.1981 3.4
      vertex 121.898 70.1 3.4
      vertex 121.68 70.4263 3.4
    endloop
  endfacet
  facet normal 0 0 1
    outer loop
      vertex 120.8 71.1981 3.4
      vertex 121.68 70.4263 3.4
      vertex 121.421 70.7213 3.4
    endloop
  endfacet
  facet normal -0 0 1
    outer loop
      vertex 120.688 53.0651 3.4
      vertex 122.3 47.0174 3.4
      vertex 120.69 53.1 3.4
    endloop
  endfacet
  facet normal 0 0 1
    outer loop
      vertex 120.8 71.1981 3.4
      vertex 121.421 70.7213 3.4
      vertex 121.126 70.9801 3.4
    endloop
  endfacet
  facet normal 0 0 1
    outer loop
      vertex 119.3 71.6 3.4
      vertex 122.3 68.6 3.4
      vertex 120.8 71.1981 3.4
    endloop
  endfacet
  facet normal -0 0 1
    outer loop
      vertex 120.546 50.8954 3.4
      vertex 122.3 47.0174 3.4
      vertex 120.688 53.0651 3.4
    endloop
  endfacet
  facet normal -0 0 1
    outer loop
      vertex 120.121 48.7628 3.4
      vertex 122.3 47.0174 3.4
      vertex 120.546 50.8954 3.4
    endloop
  endfacet
  facet normal -0 0 1
    outer loop
      vertex 120.115 48.7285 3.4
      vertex 122.3 47.0174 3.4
      vertex 120.121 48.7628 3.4
    endloop
  endfacet
  facet normal 0 0 1
    outer loop
      vertex 122.3 47.0174 3.4
      vertex 120.115 48.7285 3.4
      vertex 121.809 46.8024 3.4
    endloop
  endfacet
  facet normal 0 0 1
    outer loop
      vertex 121.809 46.8024 3.4
      vertex 120.115 48.7285 3.4
      vertex 121.191 46.3409 3.4
    endloop
  endfacet
  facet normal -0 0 1
    outer loop
      vertex 119.416 46.6695 3.4
      vertex 121.191 46.3409 3.4
      vertex 120.115 48.7285 3.4
    endloop
  endfacet
  facet normal 0 0 1
    outer loop
      vertex 121.191 46.3409 3.4
      vertex 119.416 46.6695 3.4
      vertex 120.605 45.7059 3.4
    endloop
  endfacet
  facet normal -0 0 1
    outer loop
      vertex 119.404 46.6364 3.4
      vertex 120.605 45.7059 3.4
      vertex 119.416 46.6695 3.4
    endloop
  endfacet
  facet normal -0 0 1
    outer loop
      vertex 119.389 46.6051 3.4
      vertex 120.605 45.7059 3.4
      vertex 119.404 46.6364 3.4
    endloop
  endfacet
  facet normal 0 0 1
    outer loop
      vertex 120.605 45.7059 3.4
      vertex 119.389 46.6051 3.4
      vertex 120.063 44.9082 3.4
    endloop
  endfacet
  facet normal 0 0 1
    outer loop
      vertex 118.427 44.6549 3.4
      vertex 120.063 44.9082 3.4
      vertex 119.389 46.6051 3.4
    endloop
  endfacet
  facet normal 0 0 1
    outer loop
      vertex 120.063 44.9082 3.4
      vertex 118.427 44.6549 3.4
      vertex 119.572 43.9615 3.4
    endloop
  endfacet
  facet normal 0 0 1
    outer loop
      vertex 119.572 43.9615 3.4
      vertex 118.427 44.6549 3.4
      vertex 119.142 42.882 3.4
    endloop
  endfacet
  facet normal 0 0 1
    outer loop
      vertex 117.219 42.847 3.4
      vertex 119.142 42.882 3.4
      vertex 118.427 44.6549 3.4
    endloop
  endfacet
  facet normal 0 0 1
    outer loop
      vertex 119.142 42.882 3.4
      vertex 117.219 42.847 3.4
      vertex 118.779 41.6882 3.4
    endloop
  endfacet
  facet normal -0 0 1
    outer loop
      vertex 117.2 42.8179 3.4
      vertex 118.779 41.6882 3.4
      vertex 117.219 42.847 3.4
    endloop
  endfacet
  facet normal -0 0 1
    outer loop
      vertex 117.177 42.7916 3.4
      vertex 118.779 41.6882 3.4
      vertex 117.2 42.8179 3.4
    endloop
  endfacet
  facet normal -0 0 1
    outer loop
      vertex 115.743 41.1569 3.4
      vertex 118.49 40.4005 3.4
      vertex 117.177 42.7916 3.4
    endloop
  endfacet
  facet normal 0 0 1
    outer loop
      vertex 118.779 41.6882 3.4
      vertex 117.177 42.7916 3.4
      vertex 118.49 40.4005 3.4
    endloop
  endfacet
  facet normal 0 0 1
    outer loop
      vertex 121.809 25.5976 3.4
      vertex 122.3 3.8 3.4
      vertex 122.3 25.3826 3.4
    endloop
  endfacet
  facet normal -0 0 1
    outer loop
      vertex 103.646 17.0954 3.4
      vertex 122.3 3.8 3.4
      vertex 121.809 25.5976 3.4
    endloop
  endfacet
  facet normal -0 0 1
    outer loop
      vertex 103.221 14.9628 3.4
      vertex 122.3 3.8 3.4
      vertex 103.646 17.0954 3.4
    endloop
  endfacet
  facet normal -0 0 1
    outer loop
      vertex 103.215 14.9285 3.4
      vertex 122.3 3.8 3.4
      vertex 103.221 14.9628 3.4
    endloop
  endfacet
  facet normal -0 0 1
    outer loop
      vertex 102.516 12.8695 3.4
      vertex 122.3 3.8 3.4
      vertex 103.215 14.9285 3.4
    endloop
  endfacet
  facet normal 0 0 1
    outer loop
      vertex 122.3 3.8 3.4
      vertex 119.3 0.799999 3.4
      vertex 122.274 3.40842 3.4
    endloop
  endfacet
  facet normal 0 0 1
    outer loop
      vertex 122.274 3.40842 3.4
      vertex 119.3 0.799999 3.4
      vertex 122.198 3.02354 3.4
    endloop
  endfacet
  facet normal 0 0 1
    outer loop
      vertex 103.646 17.0954 3.4
      vertex 121.809 25.5976 3.4
      vertex 121.191 26.0591 3.4
    endloop
  endfacet
  facet normal 0 0 1
    outer loop
      vertex 122.198 3.02354 3.4
      vertex 119.3 0.799999 3.4
      vertex 122.072 2.65195 3.4
    endloop
  endfacet
  facet normal 0 0 1
    outer loop
      vertex 122.072 2.65195 3.4
      vertex 119.3 0.799999 3.4
      vertex 121.898 2.3 3.4
    endloop
  endfacet
  facet normal 0 0 1
    outer loop
      vertex 103.79 19.3 3.4
      vertex 121.191 26.0591 3.4
      vertex 120.605 26.6941 3.4
    endloop
  endfacet
  facet normal 0 0 1
    outer loop
      vertex 121.126 1.41994 3.4
      vertex 119.3 0.799999 3.4
      vertex 120.8 1.20192 3.4
    endloop
  endfacet
  facet normal 0 0 1
    outer loop
      vertex 120.8 1.20192 3.4
      vertex 119.3 0.799999 3.4
      vertex 120.448 1.02836 3.4
    endloop
  endfacet
  facet normal 0 0 1
    outer loop
      vertex 103.646 21.5046 3.4
      vertex 120.605 26.6941 3.4
      vertex 120.063 27.4918 3.4
    endloop
  endfacet
  facet normal 0 0 1
    outer loop
      vertex 120.448 1.02836 3.4
      vertex 119.3 0.799999 3.4
      vertex 120.076 0.902222 3.4
    endloop
  endfacet
  facet normal 0 0 1
    outer loop
      vertex 103.646 21.5046 3.4
      vertex 120.063 27.4918 3.4
      vertex 119.572 28.4385 3.4
    endloop
  endfacet
  facet normal 0 0 1
    outer loop
      vertex 120.076 0.902222 3.4
      vertex 119.3 0.799999 3.4
      vertex 119.692 0.825665 3.4
    endloop
  endfacet
  facet normal 0 0 1
    outer loop
      vertex 103.215 23.6715 3.4
      vertex 119.572 28.4385 3.4
      vertex 119.142 29.518 3.4
    endloop
  endfacet
  facet normal 0 0 1
    outer loop
      vertex 102.516 25.7305 3.4
      vertex 119.142 29.518 3.4
      vertex 118.779 30.7118 3.4
    endloop
  endfacet
  facet normal 0 0 1
    outer loop
      vertex 108.171 36.7854 3.4
      vertex 118.779 30.7118 3.4
      vertex 118.49 31.9995 3.4
    endloop
  endfacet
  facet normal 0 0 1
    outer loop
      vertex 110.264 37.4955 3.4
      vertex 118.49 31.9995 3.4
      vertex 118.281 33.3591 3.4
    endloop
  endfacet
  facet normal 0 0 1
    outer loop
      vertex 110.295 37.511 3.4
      vertex 118.281 33.3591 3.4
      vertex 118.153 34.7673 3.4
    endloop
  endfacet
  facet normal 0 0 1
    outer loop
      vertex 118.49 40.4005 3.4
      vertex 115.743 41.1569 3.4
      vertex 118.281 39.0409 3.4
    endloop
  endfacet
  facet normal -0 0 1
    outer loop
      vertex 114.108 39.7232 3.4
      vertex 118.281 39.0409 3.4
      vertex 115.743 41.1569 3.4
    endloop
  endfacet
  facet normal 0 0 1
    outer loop
      vertex 118.281 39.0409 3.4
      vertex 114.108 39.7232 3.4
      vertex 118.153 37.6327 3.4
    endloop
  endfacet
  facet normal -0 0 1
    outer loop
      vertex 114.082 39.7001 3.4
      vertex 118.153 37.6327 3.4
      vertex 114.108 39.7232 3.4
    endloop
  endfacet
  facet normal -0 0 1
    outer loop
      vertex 114.053 39.6807 3.4
      vertex 118.153 37.6327 3.4
      vertex 114.082 39.7001 3.4
    endloop
  endfacet
  facet normal 0 0 1
    outer loop
      vertex 118.153 37.6327 3.4
      vertex 114.053 39.6807 3.4
      vertex 118.111 36.2 3.4
    endloop
  endfacet
  facet normal -0 0 1
    outer loop
      vertex 112.245 38.4727 3.4
      vertex 118.111 36.2 3.4
      vertex 114.053 39.6807 3.4
    endloop
  endfacet
  facet normal 0 0 1
    outer loop
      vertex 118.111 36.2 3.4
      vertex 112.245 38.4727 3.4
      vertex 118.153 34.7673 3.4
    endloop
  endfacet
  facet normal -0 0 1
    outer loop
      vertex 110.295 37.511 3.4
      vertex 118.153 34.7673 3.4
      vertex 112.245 38.4727 3.4
    endloop
  endfacet
  facet normal 0 0 1
    outer loop
      vertex 118.281 33.3591 3.4
      vertex 110.295 37.511 3.4
      vertex 110.264 37.4955 3.4
    endloop
  endfacet
  facet normal 0 0 1
    outer loop
      vertex 118.49 31.9995 3.4
      vertex 110.264 37.4955 3.4
      vertex 110.23 37.4843 3.4
    endloop
  endfacet
  facet normal 0 0 1
    outer loop
      vertex 118.49 31.9995 3.4
      vertex 110.23 37.4843 3.4
      vertex 108.171 36.7854 3.4
    endloop
  endfacet
  facet normal 0 0 1
    outer loop
      vertex 102.504 25.7636 3.4
      vertex 118.779 30.7118 3.4
      vertex 108.171 36.7854 3.4
    endloop
  endfacet
  facet normal 0 0 1
    outer loop
      vertex 102.504 25.7636 3.4
      vertex 108.171 36.7854 3.4
      vertex 108.137 36.7785 3.4
    endloop
  endfacet
  facet normal 0 0 1
    outer loop
      vertex 102.489 25.7949 3.4
      vertex 108.137 36.7785 3.4
      vertex 106.005 36.3543 3.4
    endloop
  endfacet
  facet normal 0 0 1
    outer loop
      vertex 101.527 27.7451 3.4
      vertex 106.005 36.3543 3.4
      vertex 103.835 36.2121 3.4
    endloop
  endfacet
  facet normal 0 0 1
    outer loop
      vertex 100.319 29.553 3.4
      vertex 103.835 36.2121 3.4
      vertex 103.8 36.2098 3.4
    endloop
  endfacet
  facet normal 0 0 1
    outer loop
      vertex 120.605 26.6941 3.4
      vertex 103.646 21.5046 3.4
      vertex 103.788 19.3349 3.4
    endloop
  endfacet
  facet normal 0 0 1
    outer loop
      vertex 121.191 26.0591 3.4
      vertex 103.788 19.2651 3.4
      vertex 103.646 17.0954 3.4
    endloop
  endfacet
  facet normal 0 0 1
    outer loop
      vertex 121.68 1.97371 3.4
      vertex 119.3 0.799999 3.4
      vertex 121.421 1.67868 3.4
    endloop
  endfacet
  facet normal 0 0 1
    outer loop
      vertex 121.421 1.67868 3.4
      vertex 119.3 0.799999 3.4
      vertex 121.126 1.41994 3.4
    endloop
  endfacet
  facet normal 0 0 1
    outer loop
      vertex 121.898 2.3 3.4
      vertex 119.3 0.799999 3.4
      vertex 121.68 1.97371 3.4
    endloop
  endfacet
  facet normal 0 0 1
    outer loop
      vertex 122.3 3.8 3.4
      vertex 102.516 12.8695 3.4
      vertex 119.3 0.799999 3.4
    endloop
  endfacet
  facet normal -0 0 1
    outer loop
      vertex 102.504 12.8364 3.4
      vertex 119.3 0.799999 3.4
      vertex 102.516 12.8695 3.4
    endloop
  endfacet
  facet normal -0 0 1
    outer loop
      vertex 102.489 12.8051 3.4
      vertex 119.3 0.799999 3.4
      vertex 102.504 12.8364 3.4
    endloop
  endfacet
  facet normal -0 0 1
    outer loop
      vertex 101.527 10.8549 3.4
      vertex 119.3 0.799999 3.4
      vertex 102.489 12.8051 3.4
    endloop
  endfacet
  facet normal -0 0 1
    outer loop
      vertex 100.319 9.04698 3.4
      vertex 119.3 0.799999 3.4
      vertex 101.527 10.8549 3.4
    endloop
  endfacet
  facet normal -0 0 1
    outer loop
      vertex 100.3 9.01792 3.4
      vertex 119.3 0.799999 3.4
      vertex 100.319 9.04698 3.4
    endloop
  endfacet
  facet normal -0 0 1
    outer loop
      vertex 100.277 8.99164 3.4
      vertex 119.3 0.799999 3.4
      vertex 100.3 9.01792 3.4
    endloop
  endfacet
  facet normal -0 0 1
    outer loop
      vertex 98.8431 7.35685 3.4
      vertex 119.3 0.799999 3.4
      vertex 100.277 8.99164 3.4
    endloop
  endfacet
  facet normal -0 0 1
    outer loop
      vertex 97.2084 5.92318 3.4
      vertex 119.3 0.799999 3.4
      vertex 98.8431 7.35685 3.4
    endloop
  endfacet
  facet normal -0 0 1
    outer loop
      vertex 97.1821 5.90013 3.4
      vertex 119.3 0.799999 3.4
      vertex 97.2084 5.92318 3.4
    endloop
  endfacet
  facet normal -0 0 1
    outer loop
      vertex 97.153 5.88071 3.4
      vertex 119.3 0.799999 3.4
      vertex 97.1821 5.90013 3.4
    endloop
  endfacet
  facet normal -0 0 1
    outer loop
      vertex 95.3451 4.67269 3.4
      vertex 119.3 0.799999 3.4
      vertex 97.153 5.88071 3.4
    endloop
  endfacet
  facet normal -0 0 1
    outer loop
      vertex 93.3949 3.71098 3.4
      vertex 119.3 0.799999 3.4
      vertex 95.3451 4.67269 3.4
    endloop
  endfacet
  facet normal -0 0 1
    outer loop
      vertex 93.3636 3.69552 3.4
      vertex 119.3 0.799999 3.4
      vertex 93.3949 3.71098 3.4
    endloop
  endfacet
  facet normal -0 0 1
    outer loop
      vertex 93.3305 3.68429 3.4
      vertex 119.3 0.799999 3.4
      vertex 93.3636 3.69552 3.4
    endloop
  endfacet
  facet normal -0 0 1
    outer loop
      vertex 91.2715 2.98535 3.4
      vertex 119.3 0.799999 3.4
      vertex 93.3305 3.68429 3.4
    endloop
  endfacet
  facet normal -0 0 1
    outer loop
      vertex 91.2372 2.97854 3.4
      vertex 119.3 0.799999 3.4
      vertex 91.2715 2.98535 3.4
    endloop
  endfacet
  facet normal -0 0 1
    outer loop
      vertex 89.1046 2.55433 3.4
      vertex 119.3 0.799999 3.4
      vertex 91.2372 2.97854 3.4
    endloop
  endfacet
  facet normal -0 0 1
    outer loop
      vertex 86.9349 2.41212 3.4
      vertex 119.3 0.799999 3.4
      vertex 89.1046 2.55433 3.4
    endloop
  endfacet
  facet normal -0 0 1
    outer loop
      vertex 86.9 2.40984 3.4
      vertex 119.3 0.799999 3.4
      vertex 86.9349 2.41212 3.4
    endloop
  endfacet
  facet normal 0 0 1
    outer loop
      vertex 57.4372 2.97854 3.4
      vertex 82.5628 2.97854 3.4
      vertex 82.5285 2.98535 3.4
    endloop
  endfacet
  facet normal -0 0 1
    outer loop
      vertex 61.5451 4.67269 3.4
      vertex 80.4051 3.71098 3.4
      vertex 78.4549 4.67269 3.4
    endloop
  endfacet
  facet normal 0 0 1
    outer loop
      vertex 66.4768 8.99164 3.4
      vertex 73.5232 8.99164 3.4
      vertex 73.5001 9.01792 3.4
    endloop
  endfacet
  facet normal -0 0 1
    outer loop
      vertex 67.7273 10.8549 3.4
      vertex 73.4807 9.04698 3.4
      vertex 72.2727 10.8549 3.4
    endloop
  endfacet
  facet normal 0 0 1
    outer loop
      vertex 69.9879 19.2651 3.4
      vertex 70.0121 19.2651 3.4
      vertex 70.0098 19.3 3.4
    endloop
  endfacet
  facet normal 0 -0 1
    outer loop
      vertex 69.9879 19.3349 3.4
      vertex 70.0121 19.3349 3.4
      vertex 69.8457 21.5046 3.4
    endloop
  endfacet
  facet normal 0 0 1
    outer loop
      vertex 69.9879 19.2651 3.4
      vertex 70.0098 19.3 3.4
      vertex 69.9902 19.3 3.4
    endloop
  endfacet
  facet normal 0 0 1
    outer loop
      vertex 70.0121 19.2651 3.4
      vertex 69.9879 19.2651 3.4
      vertex 70.1543 17.0954 3.4
    endloop
  endfacet
  facet normal 0 0 1
    outer loop
      vertex 69.8457 17.0954 3.4
      vertex 70.1543 17.0954 3.4
      vertex 69.9879 19.2651 3.4
    endloop
  endfacet
  facet normal -0 0 1
    outer loop
      vertex 69.8457 17.0954 3.4
      vertex 70.5785 14.9628 3.4
      vertex 70.1543 17.0954 3.4
    endloop
  endfacet
  facet normal 0 0 1
    outer loop
      vertex 69.4215 14.9628 3.4
      vertex 70.5785 14.9628 3.4
      vertex 69.8457 17.0954 3.4
    endloop
  endfacet
  facet normal 0 0 1
    outer loop
      vertex 70.5785 14.9628 3.4
      vertex 69.4215 14.9628 3.4
      vertex 70.5854 14.9285 3.4
    endloop
  endfacet
  facet normal 0 0 1
    outer loop
      vertex 69.4146 14.9285 3.4
      vertex 70.5854 14.9285 3.4
      vertex 69.4215 14.9628 3.4
    endloop
  endfacet
  facet normal 0 0 1
    outer loop
      vertex 70.5854 14.9285 3.4
      vertex 69.4146 14.9285 3.4
      vertex 71.2843 12.8695 3.4
    endloop
  endfacet
  facet normal 0 0 1
    outer loop
      vertex 68.7157 12.8695 3.4
      vertex 71.2843 12.8695 3.4
      vertex 69.4146 14.9285 3.4
    endloop
  endfacet
  facet normal 0 0 1
    outer loop
      vertex 71.2843 12.8695 3.4
      vertex 68.7157 12.8695 3.4
      vertex 71.2955 12.8364 3.4
    endloop
  endfacet
  facet normal 0 0 1
    outer loop
      vertex 68.7045 12.8364 3.4
      vertex 71.2955 12.8364 3.4
      vertex 68.7157 12.8695 3.4
    endloop
  endfacet
  facet normal 0 0 1
    outer loop
      vertex 71.2955 12.8364 3.4
      vertex 68.7045 12.8364 3.4
      vertex 71.311 12.8051 3.4
    endloop
  endfacet
  facet normal 0 0 1
    outer loop
      vertex 68.689 12.8051 3.4
      vertex 71.311 12.8051 3.4
      vertex 68.7045 12.8364 3.4
    endloop
  endfacet
  facet normal 0 0 1
    outer loop
      vertex 71.311 12.8051 3.4
      vertex 68.689 12.8051 3.4
      vertex 72.2727 10.8549 3.4
    endloop
  endfacet
  facet normal 0 0 1
    outer loop
      vertex 67.7273 10.8549 3.4
      vertex 72.2727 10.8549 3.4
      vertex 68.689 12.8051 3.4
    endloop
  endfacet
  facet normal 0 0 1
    outer loop
      vertex 66.5193 9.04698 3.4
      vertex 73.4807 9.04698 3.4
      vertex 67.7273 10.8549 3.4
    endloop
  endfacet
  facet normal 0 0 1
    outer loop
      vertex 73.4807 9.04698 3.4
      vertex 66.5193 9.04698 3.4
      vertex 73.5001 9.01792 3.4
    endloop
  endfacet
  facet normal 0 0 1
    outer loop
      vertex 66.4999 9.01792 3.4
      vertex 73.5001 9.01792 3.4
      vertex 66.5193 9.04698 3.4
    endloop
  endfacet
  facet normal 0 0 1
    outer loop
      vertex 66.4768 8.99164 3.4
      vertex 73.5001 9.01792 3.4
      vertex 66.4999 9.01792 3.4
    endloop
  endfacet
  facet normal 0 0 1
    outer loop
      vertex 73.5232 8.99164 3.4
      vertex 66.4768 8.99164 3.4
      vertex 74.9568 7.35685 3.4
    endloop
  endfacet
  facet normal 0 0 1
    outer loop
      vertex 65.0432 7.35685 3.4
      vertex 74.9568 7.35685 3.4
      vertex 66.4768 8.99164 3.4
    endloop
  endfacet
  facet normal 0 0 1
    outer loop
      vertex 74.9568 7.35685 3.4
      vertex 65.0432 7.35685 3.4
      vertex 76.5916 5.92318 3.4
    endloop
  endfacet
  facet normal 0 0 1
    outer loop
      vertex 63.4084 5.92318 3.4
      vertex 76.5916 5.92318 3.4
      vertex 65.0432 7.35685 3.4
    endloop
  endfacet
  facet normal 0 0 1
    outer loop
      vertex 76.5916 5.92318 3.4
      vertex 63.4084 5.92318 3.4
      vertex 76.6179 5.90013 3.4
    endloop
  endfacet
  facet normal 0 0 1
    outer loop
      vertex 63.3821 5.90013 3.4
      vertex 76.6179 5.90013 3.4
      vertex 63.4084 5.92318 3.4
    endloop
  endfacet
  facet normal 0 0 1
    outer loop
      vertex 76.6179 5.90013 3.4
      vertex 63.3821 5.90013 3.4
      vertex 76.647 5.88071 3.4
    endloop
  endfacet
  facet normal 0 0 1
    outer loop
      vertex 63.353 5.88071 3.4
      vertex 76.647 5.88071 3.4
      vertex 63.3821 5.90013 3.4
    endloop
  endfacet
  facet normal 0 0 1
    outer loop
      vertex 76.647 5.88071 3.4
      vertex 63.353 5.88071 3.4
      vertex 78.4549 4.67269 3.4
    endloop
  endfacet
  facet normal 0 0 1
    outer loop
      vertex 61.5451 4.67269 3.4
      vertex 78.4549 4.67269 3.4
      vertex 63.353 5.88071 3.4
    endloop
  endfacet
  facet normal 0 0 1
    outer loop
      vertex 59.5949 3.71098 3.4
      vertex 80.4051 3.71098 3.4
      vertex 61.5451 4.67269 3.4
    endloop
  endfacet
  facet normal 0 0 1
    outer loop
      vertex 80.4051 3.71098 3.4
      vertex 59.5949 3.71098 3.4
      vertex 80.4364 3.69552 3.4
    endloop
  endfacet
  facet normal 0 0 1
    outer loop
      vertex 59.5636 3.69552 3.4
      vertex 80.4364 3.69552 3.4
      vertex 59.5949 3.71098 3.4
    endloop
  endfacet
  facet normal 0 0 1
    outer loop
      vertex 80.4364 3.69552 3.4
      vertex 59.5636 3.69552 3.4
      vertex 80.4695 3.68429 3.4
    endloop
  endfacet
  facet normal 0 0 1
    outer loop
      vertex 59.5305 3.68429 3.4
      vertex 80.4695 3.68429 3.4
      vertex 59.5636 3.69552 3.4
    endloop
  endfacet
  facet normal 0 0 1
    outer loop
      vertex 80.4695 3.68429 3.4
      vertex 59.5305 3.68429 3.4
      vertex 82.5285 2.98535 3.4
    endloop
  endfacet
  facet normal 0 0 1
    outer loop
      vertex 57.4715 2.98535 3.4
      vertex 82.5285 2.98535 3.4
      vertex 59.5305 3.68429 3.4
    endloop
  endfacet
  facet normal 0 0 1
    outer loop
      vertex 57.4372 2.97854 3.4
      vertex 82.5285 2.98535 3.4
      vertex 57.4715 2.98535 3.4
    endloop
  endfacet
  facet normal 0 0 1
    outer loop
      vertex 82.5628 2.97854 3.4
      vertex 57.4372 2.97854 3.4
      vertex 84.6954 2.55433 3.4
    endloop
  endfacet
  facet normal 0 0 1
    outer loop
      vertex 55.3046 2.55433 3.4
      vertex 84.6954 2.55433 3.4
      vertex 57.4372 2.97854 3.4
    endloop
  endfacet
  facet normal 0 0 1
    outer loop
      vertex 84.6954 2.55433 3.4
      vertex 55.3046 2.55433 3.4
      vertex 86.8651 2.41212 3.4
    endloop
  endfacet
  facet normal 0 0 1
    outer loop
      vertex 86.8651 2.41212 3.4
      vertex 55.3046 2.55433 3.4
      vertex 86.9 2.40984 3.4
    endloop
  endfacet
  facet normal -0 0 1
    outer loop
      vertex 53.1349 2.41212 3.4
      vertex 86.9 2.40984 3.4
      vertex 55.3046 2.55433 3.4
    endloop
  endfacet
  facet normal 0 0 1
    outer loop
      vertex 53.1 2.40984 3.4
      vertex 86.9 2.40984 3.4
      vertex 53.1349 2.41212 3.4
    endloop
  endfacet
  facet normal 0 0 1
    outer loop
      vertex 86.9 2.40984 3.4
      vertex 53.1 2.40984 3.4
      vertex 119.3 0.799999 3.4
    endloop
  endfacet
  facet normal 0 0 1
    outer loop
      vertex 23.6372 2.97854 3.4
      vertex 48.7628 2.97854 3.4
      vertex 48.7285 2.98535 3.4
    endloop
  endfacet
  facet normal 0 0 1
    outer loop
      vertex 25.7305 3.68429 3.4
      vertex 46.6695 3.68429 3.4
      vertex 46.6364 3.69552 3.4
    endloop
  endfacet
  facet normal -0 0 1
    outer loop
      vertex 27.7451 4.67269 3.4
      vertex 46.6051 3.71098 3.4
      vertex 44.6549 4.67269 3.4
    endloop
  endfacet
  facet normal 0 0 1
    outer loop
      vertex 29.553 5.88071 3.4
      vertex 42.847 5.88071 3.4
      vertex 42.8179 5.90013 3.4
    endloop
  endfacet
  facet normal -0 0 1
    outer loop
      vertex 31.2431 7.35685 3.4
      vertex 42.7916 5.92318 3.4
      vertex 41.1569 7.35685 3.4
    endloop
  endfacet
  facet normal 0 0 1
    outer loop
      vertex 36.1879 19.2651 3.4
      vertex 36.2121 19.2651 3.4
      vertex 36.2098 19.3 3.4
    endloop
  endfacet
  facet normal 0 -0 1
    outer loop
      vertex 36.1879 19.3349 3.4
      vertex 36.2121 19.3349 3.4
      vertex 36.0457 21.5046 3.4
    endloop
  endfacet
  facet normal 0 0 1
    outer loop
      vertex 36.1879 19.2651 3.4
      vertex 36.2098 19.3 3.4
      vertex 36.1902 19.3 3.4
    endloop
  endfacet
  facet normal 0 0 1
    outer loop
      vertex 36.2121 19.2651 3.4
      vertex 36.1879 19.2651 3.4
      vertex 36.3543 17.0954 3.4
    endloop
  endfacet
  facet normal 0 0 1
    outer loop
      vertex 36.0457 17.0954 3.4
      vertex 36.3543 17.0954 3.4
      vertex 36.1879 19.2651 3.4
    endloop
  endfacet
  facet normal -0 0 1
    outer loop
      vertex 36.0457 17.0954 3.4
      vertex 36.7785 14.9628 3.4
      vertex 36.3543 17.0954 3.4
    endloop
  endfacet
  facet normal 0 0 1
    outer loop
      vertex 35.6215 14.9628 3.4
      vertex 36.7785 14.9628 3.4
      vertex 36.0457 17.0954 3.4
    endloop
  endfacet
  facet normal 0 0 1
    outer loop
      vertex 36.7785 14.9628 3.4
      vertex 35.6215 14.9628 3.4
      vertex 36.7854 14.9285 3.4
    endloop
  endfacet
  facet normal 0 0 1
    outer loop
      vertex 35.6146 14.9285 3.4
      vertex 36.7854 14.9285 3.4
      vertex 35.6215 14.9628 3.4
    endloop
  endfacet
  facet normal 0 0 1
    outer loop
      vertex 36.7854 14.9285 3.4
      vertex 35.6146 14.9285 3.4
      vertex 37.4843 12.8695 3.4
    endloop
  endfacet
  facet normal 0 0 1
    outer loop
      vertex 34.9157 12.8695 3.4
      vertex 37.4843 12.8695 3.4
      vertex 35.6146 14.9285 3.4
    endloop
  endfacet
  facet normal 0 0 1
    outer loop
      vertex 37.4843 12.8695 3.4
      vertex 34.9157 12.8695 3.4
      vertex 37.4955 12.8364 3.4
    endloop
  endfacet
  facet normal 0 0 1
    outer loop
      vertex 34.9045 12.8364 3.4
      vertex 37.4955 12.8364 3.4
      vertex 34.9157 12.8695 3.4
    endloop
  endfacet
  facet normal 0 0 1
    outer loop
      vertex 37.4955 12.8364 3.4
      vertex 34.9045 12.8364 3.4
      vertex 37.511 12.8051 3.4
    endloop
  endfacet
  facet normal 0 0 1
    outer loop
      vertex 34.889 12.8051 3.4
      vertex 37.511 12.8051 3.4
      vertex 34.9045 12.8364 3.4
    endloop
  endfacet
  facet normal 0 0 1
    outer loop
      vertex 37.511 12.8051 3.4
      vertex 34.889 12.8051 3.4
      vertex 38.4727 10.8549 3.4
    endloop
  endfacet
  facet normal 0 0 1
    outer loop
      vertex 33.9273 10.8549 3.4
      vertex 38.4727 10.8549 3.4
      vertex 34.889 12.8051 3.4
    endloop
  endfacet
  facet normal 0 0 1
    outer loop
      vertex 38.4727 10.8549 3.4
      vertex 33.9273 10.8549 3.4
      vertex 39.6807 9.04698 3.4
    endloop
  endfacet
  facet normal 0 0 1
    outer loop
      vertex 32.7193 9.04698 3.4
      vertex 39.6807 9.04698 3.4
      vertex 33.9273 10.8549 3.4
    endloop
  endfacet
  facet normal 0 0 1
    outer loop
      vertex 39.6807 9.04698 3.4
      vertex 32.7193 9.04698 3.4
      vertex 39.7001 9.01792 3.4
    endloop
  endfacet
  facet normal 0 0 1
    outer loop
      vertex 32.6999 9.01792 3.4
      vertex 39.7001 9.01792 3.4
      vertex 32.7193 9.04698 3.4
    endloop
  endfacet
  facet normal 0 0 1
    outer loop
      vertex 39.7001 9.01792 3.4
      vertex 32.6999 9.01792 3.4
      vertex 39.7232 8.99164 3.4
    endloop
  endfacet
  facet normal 0 0 1
    outer loop
      vertex 32.6768 8.99164 3.4
      vertex 39.7232 8.99164 3.4
      vertex 32.6999 9.01792 3.4
    endloop
  endfacet
  facet normal 0 0 1
    outer loop
      vertex 39.7232 8.99164 3.4
      vertex 32.6768 8.99164 3.4
      vertex 41.1569 7.35685 3.4
    endloop
  endfacet
  facet normal 0 0 1
    outer loop
      vertex 31.2431 7.35685 3.4
      vertex 41.1569 7.35685 3.4
      vertex 32.6768 8.99164 3.4
    endloop
  endfacet
  facet normal 0 0 1
    outer loop
      vertex 29.6084 5.92318 3.4
      vertex 42.7916 5.92318 3.4
      vertex 31.2431 7.35685 3.4
    endloop
  endfacet
  facet normal 0 0 1
    outer loop
      vertex 42.7916 5.92318 3.4
      vertex 29.6084 5.92318 3.4
      vertex 42.8179 5.90013 3.4
    endloop
  endfacet
  facet normal 0 0 1
    outer loop
      vertex 29.5821 5.90013 3.4
      vertex 42.8179 5.90013 3.4
      vertex 29.6084 5.92318 3.4
    endloop
  endfacet
  facet normal 0 0 1
    outer loop
      vertex 29.553 5.88071 3.4
      vertex 42.8179 5.90013 3.4
      vertex 29.5821 5.90013 3.4
    endloop
  endfacet
  facet normal 0 0 1
    outer loop
      vertex 42.847 5.88071 3.4
      vertex 29.553 5.88071 3.4
      vertex 44.6549 4.67269 3.4
    endloop
  endfacet
  facet normal 0 0 1
    outer loop
      vertex 27.7451 4.67269 3.4
      vertex 44.6549 4.67269 3.4
      vertex 29.553 5.88071 3.4
    endloop
  endfacet
  facet normal 0 0 1
    outer loop
      vertex 25.7949 3.71098 3.4
      vertex 46.6051 3.71098 3.4
      vertex 27.7451 4.67269 3.4
    endloop
  endfacet
  facet normal 0 0 1
    outer loop
      vertex 46.6051 3.71098 3.4
      vertex 25.7949 3.71098 3.4
      vertex 46.6364 3.69552 3.4
    endloop
  endfacet
  facet normal 0 0 1
    outer loop
      vertex 25.7636 3.69552 3.4
      vertex 46.6364 3.69552 3.4
      vertex 25.7949 3.71098 3.4
    endloop
  endfacet
  facet normal 0 0 1
    outer loop
      vertex 25.7305 3.68429 3.4
      vertex 46.6364 3.69552 3.4
      vertex 25.7636 3.69552 3.4
    endloop
  endfacet
  facet normal 0 0 1
    outer loop
      vertex 46.6695 3.68429 3.4
      vertex 25.7305 3.68429 3.4
      vertex 48.7285 2.98535 3.4
    endloop
  endfacet
  facet normal 0 0 1
    outer loop
      vertex 23.6715 2.98535 3.4
      vertex 48.7285 2.98535 3.4
      vertex 25.7305 3.68429 3.4
    endloop
  endfacet
  facet normal 0 0 1
    outer loop
      vertex 23.6372 2.97854 3.4
      vertex 48.7285 2.98535 3.4
      vertex 23.6715 2.98535 3.4
    endloop
  endfacet
  facet normal 0 0 1
    outer loop
      vertex 48.7628 2.97854 3.4
      vertex 23.6372 2.97854 3.4
      vertex 50.8954 2.55433 3.4
    endloop
  endfacet
  facet normal 0 0 1
    outer loop
      vertex 21.5046 2.55433 3.4
      vertex 50.8954 2.55433 3.4
      vertex 23.6372 2.97854 3.4
    endloop
  endfacet
  facet normal 0 0 1
    outer loop
      vertex 50.8954 2.55433 3.4
      vertex 21.5046 2.55433 3.4
      vertex 53.0651 2.41212 3.4
    endloop
  endfacet
  facet normal 0 0 1
    outer loop
      vertex 53.0651 2.41212 3.4
      vertex 21.5046 2.55433 3.4
      vertex 53.1 2.40984 3.4
    endloop
  endfacet
  facet normal 0 0 1
    outer loop
      vertex 3.8 0.799999 3.4
      vertex 53.1 2.40984 3.4
      vertex 21.5046 2.55433 3.4
    endloop
  endfacet
  facet normal 0 0 1
    outer loop
      vertex 3.8 0.799999 3.4
      vertex 21.5046 2.55433 3.4
      vertex 19.3349 2.41212 3.4
    endloop
  endfacet
  facet normal 0 0 1
    outer loop
      vertex 3.8 0.799999 3.4
      vertex 19.3349 2.41212 3.4
      vertex 19.3 2.40984 3.4
    endloop
  endfacet
  facet normal 0 0 1
    outer loop
      vertex 3.8 0.799999 3.4
      vertex 12.8695 3.68429 3.4
      vertex 12.8364 3.69552 3.4
    endloop
  endfacet
  facet normal 0 0 1
    outer loop
      vertex 3.8 0.799999 3.4
      vertex 12.8051 3.71098 3.4
      vertex 10.8549 4.67269 3.4
    endloop
  endfacet
  facet normal 0 0 1
    outer loop
      vertex 3.8 0.799999 3.4
      vertex 9.04698 5.88071 3.4
      vertex 9.01792 5.90013 3.4
    endloop
  endfacet
  facet normal 0 0 1
    outer loop
      vertex 0.799999 3.8 3.4
      vertex 5.88071 9.04698 3.4
      vertex 4.67269 10.8549 3.4
    endloop
  endfacet
  facet normal 0 0 1
    outer loop
      vertex 53.1 2.40984 3.4
      vertex 3.8 0.799999 3.4
      vertex 119.3 0.799999 3.4
    endloop
  endfacet
  facet normal 0 0 1
    outer loop
      vertex 19.2651 2.41212 3.4
      vertex 3.8 0.799999 3.4
      vertex 19.3 2.40984 3.4
    endloop
  endfacet
  facet normal 0 0 1
    outer loop
      vertex 17.0954 2.55433 3.4
      vertex 3.8 0.799999 3.4
      vertex 19.2651 2.41212 3.4
    endloop
  endfacet
  facet normal 0 0 1
    outer loop
      vertex 14.9628 2.97854 3.4
      vertex 3.8 0.799999 3.4
      vertex 17.0954 2.55433 3.4
    endloop
  endfacet
  facet normal 0 0 1
    outer loop
      vertex 14.9285 2.98535 3.4
      vertex 3.8 0.799999 3.4
      vertex 14.9628 2.97854 3.4
    endloop
  endfacet
  facet normal 0 0 1
    outer loop
      vertex 12.8695 3.68429 3.4
      vertex 3.8 0.799999 3.4
      vertex 14.9285 2.98535 3.4
    endloop
  endfacet
  facet normal 0 0 1
    outer loop
      vertex 12.8051 3.71098 3.4
      vertex 3.8 0.799999 3.4
      vertex 12.8364 3.69552 3.4
    endloop
  endfacet
  facet normal 0 0 1
    outer loop
      vertex 9.04698 5.88071 3.4
      vertex 3.8 0.799999 3.4
      vertex 10.8549 4.67269 3.4
    endloop
  endfacet
  facet normal 0 0 1
    outer loop
      vertex 8.99164 5.92318 3.4
      vertex 3.8 0.799999 3.4
      vertex 9.01792 5.90013 3.4
    endloop
  endfacet
  facet normal 0 0 1
    outer loop
      vertex 7.35685 7.35685 3.4
      vertex 3.8 0.799999 3.4
      vertex 8.99164 5.92318 3.4
    endloop
  endfacet
  facet normal 0 0 1
    outer loop
      vertex 0.799999 3.8 3.4
      vertex 7.35685 7.35685 3.4
      vertex 5.92318 8.99164 3.4
    endloop
  endfacet
  facet normal 0 0 1
    outer loop
      vertex 0.799999 3.8 3.4
      vertex 5.92318 8.99164 3.4
      vertex 5.90013 9.01792 3.4
    endloop
  endfacet
  facet normal 0 0 1
    outer loop
      vertex 5.88071 9.04698 3.4
      vertex 0.799999 3.8 3.4
      vertex 5.90013 9.01792 3.4
    endloop
  endfacet
  facet normal 0 0 1
    outer loop
      vertex 0.799999 3.8 3.4
      vertex 4.67269 10.8549 3.4
      vertex 3.71098 12.8051 3.4
    endloop
  endfacet
  facet normal 0 0 1
    outer loop
      vertex 0.799999 3.8 3.4
      vertex 3.71098 12.8051 3.4
      vertex 3.69552 12.8364 3.4
    endloop
  endfacet
  facet normal 0 0 1
    outer loop
      vertex 0.799999 3.8 3.4
      vertex 3.69552 12.8364 3.4
      vertex 3.68429 12.8695 3.4
    endloop
  endfacet
  facet normal 0 0 1
    outer loop
      vertex 7.35685 7.35685 3.4
      vertex 0.799999 3.8 3.4
      vertex 3.8 0.799999 3.4
    endloop
  endfacet
  facet normal 0 0 1
    outer loop
      vertex 3.8 0.799999 3.4
      vertex 0.799999 3.8 3.4
      vertex 3.40842 0.825665 3.4
    endloop
  endfacet
  facet normal 0 0 1
    outer loop
      vertex 0.799999 3.8 3.4
      vertex 3.68429 12.8695 3.4
      vertex 2.98535 14.9285 3.4
    endloop
  endfacet
  facet normal 0 0 1
    outer loop
      vertex 0.799999 3.8 3.4
      vertex 2.98535 14.9285 3.4
      vertex 2.97854 14.9628 3.4
    endloop
  endfacet
  facet normal 0 0 1
    outer loop
      vertex 3.40842 0.825665 3.4
      vertex 0.799999 3.8 3.4
      vertex 3.02354 0.902222 3.4
    endloop
  endfacet
  facet normal 0 0 1
    outer loop
      vertex 0.799999 3.8 3.4
      vertex 2.97854 14.9628 3.4
      vertex 2.55433 17.0954 3.4
    endloop
  endfacet
  facet normal 0 0 1
    outer loop
      vertex 0.799999 25.3826 3.4
      vertex 2.55433 17.0954 3.4
      vertex 2.41212 19.2651 3.4
    endloop
  endfacet
  facet normal 0 0 1
    outer loop
      vertex 0.799999 25.3826 3.4
      vertex 2.41212 19.2651 3.4
      vertex 2.40984 19.3 3.4
    endloop
  endfacet
  facet normal 0 0 1
    outer loop
      vertex 3.02354 0.902222 3.4
      vertex 0.799999 3.8 3.4
      vertex 2.65195 1.02836 3.4
    endloop
  endfacet
  facet normal 0 0 1
    outer loop
      vertex 36.2098 19.3 3.4
      vertex 36.1879 19.3349 3.4
      vertex 36.1902 19.3 3.4
    endloop
  endfacet
  facet normal 0 0 1
    outer loop
      vertex 32.6999 29.5821 3.4
      vertex 36.2 36.2098 3.4
      vertex 36.1651 36.2121 3.4
    endloop
  endfacet
  facet normal 0 0 1
    outer loop
      vertex 36.2121 19.3349 3.4
      vertex 36.1879 19.3349 3.4
      vertex 36.2098 19.3 3.4
    endloop
  endfacet
  facet normal 0 0 1
    outer loop
      vertex 36.2 36.2098 3.4
      vertex 35.6215 23.6372 3.4
      vertex 36.0457 21.5046 3.4
    endloop
  endfacet
  facet normal 0 0 1
    outer loop
      vertex 36.2 36.2098 3.4
      vertex 35.6146 23.6715 3.4
      vertex 35.6215 23.6372 3.4
    endloop
  endfacet
  facet normal 0 0 1
    outer loop
      vertex 36.2 36.2098 3.4
      vertex 34.9157 25.7305 3.4
      vertex 35.6146 23.6715 3.4
    endloop
  endfacet
  facet normal 0 0 1
    outer loop
      vertex 36.2 36.2098 3.4
      vertex 34.9045 25.7636 3.4
      vertex 34.9157 25.7305 3.4
    endloop
  endfacet
  facet normal 0 0 1
    outer loop
      vertex 36.2 36.2098 3.4
      vertex 34.889 25.7949 3.4
      vertex 34.9045 25.7636 3.4
    endloop
  endfacet
  facet normal 0 0 1
    outer loop
      vertex 32.6768 29.6084 3.4
      vertex 36.1651 36.2121 3.4
      vertex 33.9954 36.3543 3.4
    endloop
  endfacet
  facet normal 0 0 1
    outer loop
      vertex 36.2 36.2098 3.4
      vertex 33.9273 27.7451 3.4
      vertex 34.889 25.7949 3.4
    endloop
  endfacet
  facet normal 0 0 1
    outer loop
      vertex 36.2 36.2098 3.4
      vertex 32.7193 29.553 3.4
      vertex 33.9273 27.7451 3.4
    endloop
  endfacet
  facet normal 0 0 1
    outer loop
      vertex 36.2 36.2098 3.4
      vertex 32.6999 29.5821 3.4
      vertex 32.7193 29.553 3.4
    endloop
  endfacet
  facet normal 0 0 1
    outer loop
      vertex 36.1651 36.2121 3.4
      vertex 32.6768 29.6084 3.4
      vertex 32.6999 29.5821 3.4
    endloop
  endfacet
  facet normal 0 0 1
    outer loop
      vertex 31.2431 31.2431 3.4
      vertex 33.9954 36.3543 3.4
      vertex 31.8628 36.7785 3.4
    endloop
  endfacet
  facet normal 0 0 1
    outer loop
      vertex 29.6084 32.6768 3.4
      vertex 31.8628 36.7785 3.4
      vertex 31.8285 36.7854 3.4
    endloop
  endfacet
  facet normal 0 0 1
    outer loop
      vertex 33.9954 36.3543 3.4
      vertex 31.2431 31.2431 3.4
      vertex 32.6768 29.6084 3.4
    endloop
  endfacet
  facet normal 0 0 1
    outer loop
      vertex 29.553 32.7193 3.4
      vertex 31.8285 36.7854 3.4
      vertex 29.7695 37.4843 3.4
    endloop
  endfacet
  facet normal 0 0 1
    outer loop
      vertex 27.7451 33.9273 3.4
      vertex 29.7695 37.4843 3.4
      vertex 29.7364 37.4955 3.4
    endloop
  endfacet
  facet normal 0 0 1
    outer loop
      vertex 27.7451 33.9273 3.4
      vertex 29.7364 37.4955 3.4
      vertex 29.7051 37.511 3.4
    endloop
  endfacet
  facet normal 0 0 1
    outer loop
      vertex 31.8628 36.7785 3.4
      vertex 29.6084 32.6768 3.4
      vertex 31.2431 31.2431 3.4
    endloop
  endfacet
  facet normal 0 0 1
    outer loop
      vertex 31.8285 36.7854 3.4
      vertex 29.5821 32.6999 3.4
      vertex 29.6084 32.6768 3.4
    endloop
  endfacet
  facet normal 0 0 1
    outer loop
      vertex 31.8285 36.7854 3.4
      vertex 29.553 32.7193 3.4
      vertex 29.5821 32.6999 3.4
    endloop
  endfacet
  facet normal 0 0 1
    outer loop
      vertex 27.7451 33.9273 3.4
      vertex 29.7051 37.511 3.4
      vertex 27.7549 38.4727 3.4
    endloop
  endfacet
  facet normal 0 0 1
    outer loop
      vertex 29.7695 37.4843 3.4
      vertex 27.7451 33.9273 3.4
      vertex 29.553 32.7193 3.4
    endloop
  endfacet
  facet normal 0 0 1
    outer loop
      vertex 25.7305 34.9157 3.4
      vertex 27.7549 38.4727 3.4
      vertex 25.947 39.6807 3.4
    endloop
  endfacet
  facet normal 0 0 1
    outer loop
      vertex 23.6715 35.6146 3.4
      vertex 25.947 39.6807 3.4
      vertex 25.9179 39.7001 3.4
    endloop
  endfacet
  facet normal 0 0 1
    outer loop
      vertex 23.6715 35.6146 3.4
      vertex 25.9179 39.7001 3.4
      vertex 25.8916 39.7232 3.4
    endloop
  endfacet
  facet normal 0 0 1
    outer loop
      vertex 27.7549 38.4727 3.4
      vertex 25.7949 34.889 3.4
      vertex 27.7451 33.9273 3.4
    endloop
  endfacet
  facet normal 0 0 1
    outer loop
      vertex 27.7549 38.4727 3.4
      vertex 25.7636 34.9045 3.4
      vertex 25.7949 34.889 3.4
    endloop
  endfacet
  facet normal 0 0 1
    outer loop
      vertex 27.7549 38.4727 3.4
      vertex 25.7305 34.9157 3.4
      vertex 25.7636 34.9045 3.4
    endloop
  endfacet
  facet normal 0 0 1
    outer loop
      vertex 23.6372 35.6215 3.4
      vertex 25.8916 39.7232 3.4
      vertex 24.2569 41.1569 3.4
    endloop
  endfacet
  facet normal 0 0 1
    outer loop
      vertex 25.947 39.6807 3.4
      vertex 23.6715 35.6146 3.4
      vertex 25.7305 34.9157 3.4
    endloop
  endfacet
  facet normal 0 0 1
    outer loop
      vertex 25.8916 39.7232 3.4
      vertex 23.6372 35.6215 3.4
      vertex 23.6715 35.6146 3.4
    endloop
  endfacet
  facet normal 0 0 1
    outer loop
      vertex 21.5046 36.0457 3.4
      vertex 24.2569 41.1569 3.4
      vertex 22.8232 42.7916 3.4
    endloop
  endfacet
  facet normal 0 0 1
    outer loop
      vertex 19.3349 36.1879 3.4
      vertex 22.8232 42.7916 3.4
      vertex 22.8001 42.8179 3.4
    endloop
  endfacet
  facet normal 0 0 1
    outer loop
      vertex 19.3 36.1902 3.4
      vertex 22.8001 42.8179 3.4
      vertex 22.7807 42.847 3.4
    endloop
  endfacet
  facet normal 0 0 1
    outer loop
      vertex 19.2651 36.1879 3.4
      vertex 22.7807 42.847 3.4
      vertex 21.5727 44.6549 3.4
    endloop
  endfacet
  facet normal 0 0 1
    outer loop
      vertex 24.2569 41.1569 3.4
      vertex 21.5046 36.0457 3.4
      vertex 23.6372 35.6215 3.4
    endloop
  endfacet
  facet normal 0 0 1
    outer loop
      vertex 19.2651 36.1879 3.4
      vertex 21.5727 44.6549 3.4
      vertex 20.611 46.6051 3.4
    endloop
  endfacet
  facet normal 0 0 1
    outer loop
      vertex 19.2651 36.1879 3.4
      vertex 20.611 46.6051 3.4
      vertex 20.5955 46.6364 3.4
    endloop
  endfacet
  facet normal 0 0 1
    outer loop
      vertex 19.2651 36.1879 3.4
      vertex 20.5955 46.6364 3.4
      vertex 20.5843 46.6695 3.4
    endloop
  endfacet
  facet normal 0 0 1
    outer loop
      vertex 19.2651 36.1879 3.4
      vertex 20.5843 46.6695 3.4
      vertex 19.8854 48.7285 3.4
    endloop
  endfacet
  facet normal 0 0 1
    outer loop
      vertex 19.2651 36.1879 3.4
      vertex 19.8854 48.7285 3.4
      vertex 19.8785 48.7628 3.4
    endloop
  endfacet
  facet normal 0 0 1
    outer loop
      vertex 19.2651 36.1879 3.4
      vertex 19.8785 48.7628 3.4
      vertex 19.4543 50.8954 3.4
    endloop
  endfacet
  facet normal 0 0 1
    outer loop
      vertex 22.8232 42.7916 3.4
      vertex 19.3349 36.1879 3.4
      vertex 21.5046 36.0457 3.4
    endloop
  endfacet
  facet normal 0 0 1
    outer loop
      vertex 19.2651 36.1879 3.4
      vertex 19.4543 50.8954 3.4
      vertex 19.3121 53.0651 3.4
    endloop
  endfacet
  facet normal 0 0 1
    outer loop
      vertex 2.49465 45.7059 3.4
      vertex 19.3121 53.0651 3.4
      vertex 19.3098 53.1 3.4
    endloop
  endfacet
  facet normal 0 0 1
    outer loop
      vertex 22.8001 42.8179 3.4
      vertex 19.3 36.1902 3.4
      vertex 19.3349 36.1879 3.4
    endloop
  endfacet
  facet normal 0 0 1
    outer loop
      vertex 7.35685 31.2431 3.4
      vertex 4.60951 31.9995 3.4
      vertex 5.92318 29.6084 3.4
    endloop
  endfacet
  facet normal -0 0 1
    outer loop
      vertex 4.32086 30.7118 3.4
      vertex 5.92318 29.6084 3.4
      vertex 4.60951 31.9995 3.4
    endloop
  endfacet
  facet normal 0 0 1
    outer loop
      vertex 5.92318 29.6084 3.4
      vertex 4.32086 30.7118 3.4
      vertex 5.90013 29.5821 3.4
    endloop
  endfacet
  facet normal 0 0 1
    outer loop
      vertex 5.90013 29.5821 3.4
      vertex 4.32086 30.7118 3.4
      vertex 5.88071 29.553 3.4
    endloop
  endfacet
  facet normal 0 0 1
    outer loop
      vertex 3.95827 29.518 3.4
      vertex 5.88071 29.553 3.4
      vertex 4.32086 30.7118 3.4
    endloop
  endfacet
  facet normal 0 0 1
    outer loop
      vertex 5.88071 29.553 3.4
      vertex 3.95827 29.518 3.4
      vertex 4.67269 27.7451 3.4
    endloop
  endfacet
  facet normal -0 0 1
    outer loop
      vertex 3.52796 28.4385 3.4
      vertex 4.67269 27.7451 3.4
      vertex 3.95827 29.518 3.4
    endloop
  endfacet
  facet normal 0 0 1
    outer loop
      vertex 3.03729 27.4918 3.4
      vertex 4.67269 27.7451 3.4
      vertex 3.52796 28.4385 3.4
    endloop
  endfacet
  facet normal 0 0 1
    outer loop
      vertex 4.67269 27.7451 3.4
      vertex 3.03729 27.4918 3.4
      vertex 3.71098 25.7949 3.4
    endloop
  endfacet
  facet normal -0 0 1
    outer loop
      vertex 2.49465 26.6941 3.4
      vertex 3.71098 25.7949 3.4
      vertex 3.03729 27.4918 3.4
    endloop
  endfacet
  facet normal 0 0 1
    outer loop
      vertex 3.71098 25.7949 3.4
      vertex 2.49465 26.6941 3.4
      vertex 3.69552 25.7636 3.4
    endloop
  endfacet
  facet normal 0 0 1
    outer loop
      vertex 3.69552 25.7636 3.4
      vertex 2.49465 26.6941 3.4
      vertex 3.68429 25.7305 3.4
    endloop
  endfacet
  facet normal -0 0 1
    outer loop
      vertex 1.90932 26.0591 3.4
      vertex 3.68429 25.7305 3.4
      vertex 2.49465 26.6941 3.4
    endloop
  endfacet
  facet normal 0 0 1
    outer loop
      vertex 3.68429 25.7305 3.4
      vertex 1.90932 26.0591 3.4
      vertex 2.98535 23.6715 3.4
    endloop
  endfacet
  facet normal -0 0 1
    outer loop
      vertex 1.29132 25.5976 3.4
      vertex 2.98535 23.6715 3.4
      vertex 1.90932 26.0591 3.4
    endloop
  endfacet
  facet normal -0 0 1
    outer loop
      vertex 0.799999 25.3826 3.4
      vertex 2.98535 23.6715 3.4
      vertex 1.29132 25.5976 3.4
    endloop
  endfacet
  facet normal 0 0 1
    outer loop
      vertex 2.98535 23.6715 3.4
      vertex 0.799999 25.3826 3.4
      vertex 2.97854 23.6372 3.4
    endloop
  endfacet
  facet normal 0 0 1
    outer loop
      vertex 2.65195 1.02836 3.4
      vertex 0.799999 3.8 3.4
      vertex 2.3 1.20192 3.4
    endloop
  endfacet
  facet normal 0 0 1
    outer loop
      vertex 2.97854 23.6372 3.4
      vertex 0.799999 25.3826 3.4
      vertex 2.55433 21.5046 3.4
    endloop
  endfacet
  facet normal 0 0 1
    outer loop
      vertex 2.55433 21.5046 3.4
      vertex 0.799999 25.3826 3.4
      vertex 2.41212 19.3349 3.4
    endloop
  endfacet
  facet normal 0 0 1
    outer loop
      vertex 2.3 1.20192 3.4
      vertex 0.799999 3.8 3.4
      vertex 1.97371 1.41994 3.4
    endloop
  endfacet
  facet normal 0 0 1
    outer loop
      vertex 1.97371 1.41994 3.4
      vertex 0.799999 3.8 3.4
      vertex 1.67868 1.67868 3.4
    endloop
  endfacet
  facet normal 0 0 1
    outer loop
      vertex 2.41212 19.3349 3.4
      vertex 0.799999 25.3826 3.4
      vertex 2.40984 19.3 3.4
    endloop
  endfacet
  facet normal 0 0 1
    outer loop
      vertex 1.67868 1.67868 3.4
      vertex 0.799999 3.8 3.4
      vertex 1.41994 1.97371 3.4
    endloop
  endfacet
  facet normal 0 0 1
    outer loop
      vertex 1.41994 1.97371 3.4
      vertex 0.799999 3.8 3.4
      vertex 1.20192 2.3 3.4
    endloop
  endfacet
  facet normal 0 0 1
    outer loop
      vertex 1.20192 2.3 3.4
      vertex 0.799999 3.8 3.4
      vertex 1.02836 2.65195 3.4
    endloop
  endfacet
  facet normal 0 0 1
    outer loop
      vertex 1.02836 2.65195 3.4
      vertex 0.799999 3.8 3.4
      vertex 0.902222 3.02354 3.4
    endloop
  endfacet
  facet normal 0 0 1
    outer loop
      vertex 2.55433 17.0954 3.4
      vertex 0.799999 25.3826 3.4
      vertex 0.799999 3.8 3.4
    endloop
  endfacet
  facet normal 0 0 1
    outer loop
      vertex 0.902222 3.02354 3.4
      vertex 0.799999 3.8 3.4
      vertex 0.825665 3.40842 3.4
    endloop
  endfacet
  facet normal 0 0 1
    outer loop
      vertex 70.0098 19.3 3.4
      vertex 69.9879 19.3349 3.4
      vertex 69.9902 19.3 3.4
    endloop
  endfacet
  facet normal 0 0 1
    outer loop
      vertex 66.4999 29.5821 3.4
      vertex 70 36.2098 3.4
      vertex 69.9651 36.2121 3.4
    endloop
  endfacet
  facet normal 0 0 1
    outer loop
      vertex 70.0121 19.3349 3.4
      vertex 69.9879 19.3349 3.4
      vertex 70.0098 19.3 3.4
    endloop
  endfacet
  facet normal 0 0 1
    outer loop
      vertex 70 36.2098 3.4
      vertex 69.4215 23.6372 3.4
      vertex 69.8457 21.5046 3.4
    endloop
  endfacet
  facet normal 0 0 1
    outer loop
      vertex 70 36.2098 3.4
      vertex 69.4146 23.6715 3.4
      vertex 69.4215 23.6372 3.4
    endloop
  endfacet
  facet normal 0 0 1
    outer loop
      vertex 70 36.2098 3.4
      vertex 68.7157 25.7305 3.4
      vertex 69.4146 23.6715 3.4
    endloop
  endfacet
  facet normal 0 0 1
    outer loop
      vertex 70 36.2098 3.4
      vertex 68.7045 25.7636 3.4
      vertex 68.7157 25.7305 3.4
    endloop
  endfacet
  facet normal 0 0 1
    outer loop
      vertex 70 36.2098 3.4
      vertex 68.689 25.7949 3.4
      vertex 68.7045 25.7636 3.4
    endloop
  endfacet
  facet normal 0 0 1
    outer loop
      vertex 66.4768 29.6084 3.4
      vertex 69.9651 36.2121 3.4
      vertex 67.7954 36.3543 3.4
    endloop
  endfacet
  facet normal 0 0 1
    outer loop
      vertex 70 36.2098 3.4
      vertex 67.7273 27.7451 3.4
      vertex 68.689 25.7949 3.4
    endloop
  endfacet
  facet normal 0 0 1
    outer loop
      vertex 70 36.2098 3.4
      vertex 66.5193 29.553 3.4
      vertex 67.7273 27.7451 3.4
    endloop
  endfacet
  facet normal 0 0 1
    outer loop
      vertex 70 36.2098 3.4
      vertex 66.4999 29.5821 3.4
      vertex 66.5193 29.553 3.4
    endloop
  endfacet
  facet normal 0 0 1
    outer loop
      vertex 69.9651 36.2121 3.4
      vertex 66.4768 29.6084 3.4
      vertex 66.4999 29.5821 3.4
    endloop
  endfacet
  facet normal 0 0 1
    outer loop
      vertex 65.0432 31.2431 3.4
      vertex 67.7954 36.3543 3.4
      vertex 65.6628 36.7785 3.4
    endloop
  endfacet
  facet normal 0 0 1
    outer loop
      vertex 63.4084 32.6768 3.4
      vertex 65.6628 36.7785 3.4
      vertex 65.6285 36.7854 3.4
    endloop
  endfacet
  facet normal 0 0 1
    outer loop
      vertex 67.7954 36.3543 3.4
      vertex 65.0432 31.2431 3.4
      vertex 66.4768 29.6084 3.4
    endloop
  endfacet
  facet normal 0 0 1
    outer loop
      vertex 63.353 32.7193 3.4
      vertex 65.6285 36.7854 3.4
      vertex 63.5695 37.4843 3.4
    endloop
  endfacet
  facet normal 0 0 1
    outer loop
      vertex 61.5451 33.9273 3.4
      vertex 63.5695 37.4843 3.4
      vertex 63.5364 37.4955 3.4
    endloop
  endfacet
  facet normal 0 0 1
    outer loop
      vertex 61.5451 33.9273 3.4
      vertex 63.5364 37.4955 3.4
      vertex 63.5051 37.511 3.4
    endloop
  endfacet
  facet normal 0 0 1
    outer loop
      vertex 65.6628 36.7785 3.4
      vertex 63.4084 32.6768 3.4
      vertex 65.0432 31.2431 3.4
    endloop
  endfacet
  facet normal 0 0 1
    outer loop
      vertex 65.6285 36.7854 3.4
      vertex 63.3821 32.6999 3.4
      vertex 63.4084 32.6768 3.4
    endloop
  endfacet
  facet normal 0 0 1
    outer loop
      vertex 65.6285 36.7854 3.4
      vertex 63.353 32.7193 3.4
      vertex 63.3821 32.6999 3.4
    endloop
  endfacet
  facet normal 0 0 1
    outer loop
      vertex 61.5451 33.9273 3.4
      vertex 63.5051 37.511 3.4
      vertex 61.5549 38.4727 3.4
    endloop
  endfacet
  facet normal 0 0 1
    outer loop
      vertex 63.5695 37.4843 3.4
      vertex 61.5451 33.9273 3.4
      vertex 63.353 32.7193 3.4
    endloop
  endfacet
  facet normal 0 0 1
    outer loop
      vertex 59.5305 34.9157 3.4
      vertex 61.5549 38.4727 3.4
      vertex 59.747 39.6807 3.4
    endloop
  endfacet
  facet normal 0 0 1
    outer loop
      vertex 57.4715 35.6146 3.4
      vertex 59.747 39.6807 3.4
      vertex 59.7179 39.7001 3.4
    endloop
  endfacet
  facet normal 0 0 1
    outer loop
      vertex 57.4715 35.6146 3.4
      vertex 59.7179 39.7001 3.4
      vertex 59.6916 39.7232 3.4
    endloop
  endfacet
  facet normal 0 0 1
    outer loop
      vertex 61.5549 38.4727 3.4
      vertex 59.5949 34.889 3.4
      vertex 61.5451 33.9273 3.4
    endloop
  endfacet
  facet normal 0 0 1
    outer loop
      vertex 61.5549 38.4727 3.4
      vertex 59.5636 34.9045 3.4
      vertex 59.5949 34.889 3.4
    endloop
  endfacet
  facet normal 0 0 1
    outer loop
      vertex 61.5549 38.4727 3.4
      vertex 59.5305 34.9157 3.4
      vertex 59.5636 34.9045 3.4
    endloop
  endfacet
  facet normal 0 0 1
    outer loop
      vertex 57.4372 35.6215 3.4
      vertex 59.6916 39.7232 3.4
      vertex 58.0569 41.1569 3.4
    endloop
  endfacet
  facet normal 0 0 1
    outer loop
      vertex 59.747 39.6807 3.4
      vertex 57.4715 35.6146 3.4
      vertex 59.5305 34.9157 3.4
    endloop
  endfacet
  facet normal 0 0 1
    outer loop
      vertex 59.6916 39.7232 3.4
      vertex 57.4372 35.6215 3.4
      vertex 57.4715 35.6146 3.4
    endloop
  endfacet
  facet normal 0 0 1
    outer loop
      vertex 55.3046 36.0457 3.4
      vertex 58.0569 41.1569 3.4
      vertex 56.6232 42.7916 3.4
    endloop
  endfacet
  facet normal 0 0 1
    outer loop
      vertex 53.1349 36.1879 3.4
      vertex 56.6232 42.7916 3.4
      vertex 56.6001 42.8179 3.4
    endloop
  endfacet
  facet normal 0 0 1
    outer loop
      vertex 53.1 36.1902 3.4
      vertex 56.6001 42.8179 3.4
      vertex 56.5807 42.847 3.4
    endloop
  endfacet
  facet normal 0 0 1
    outer loop
      vertex 53.1 36.1902 3.4
      vertex 56.5807 42.847 3.4
      vertex 55.3727 44.6549 3.4
    endloop
  endfacet
  facet normal 0 0 1
    outer loop
      vertex 58.0569 41.1569 3.4
      vertex 55.3046 36.0457 3.4
      vertex 57.4372 35.6215 3.4
    endloop
  endfacet
  facet normal 0 0 1
    outer loop
      vertex 53.1 36.1902 3.4
      vertex 55.3727 44.6549 3.4
      vertex 54.411 46.6051 3.4
    endloop
  endfacet
  facet normal 0 0 1
    outer loop
      vertex 53.1 36.1902 3.4
      vertex 54.411 46.6051 3.4
      vertex 54.3955 46.6364 3.4
    endloop
  endfacet
  facet normal 0 0 1
    outer loop
      vertex 53.1 36.1902 3.4
      vertex 54.3955 46.6364 3.4
      vertex 54.3843 46.6695 3.4
    endloop
  endfacet
  facet normal 0 0 1
    outer loop
      vertex 53.1 36.1902 3.4
      vertex 54.3843 46.6695 3.4
      vertex 53.6854 48.7285 3.4
    endloop
  endfacet
  facet normal 0 0 1
    outer loop
      vertex 53.1 36.1902 3.4
      vertex 53.6854 48.7285 3.4
      vertex 53.6785 48.7628 3.4
    endloop
  endfacet
  facet normal 0 0 1
    outer loop
      vertex 53.1 36.1902 3.4
      vertex 53.6785 48.7628 3.4
      vertex 53.2543 50.8954 3.4
    endloop
  endfacet
  facet normal 0 0 1
    outer loop
      vertex 56.6232 42.7916 3.4
      vertex 53.1349 36.1879 3.4
      vertex 55.3046 36.0457 3.4
    endloop
  endfacet
  facet normal 0 0 1
    outer loop
      vertex 53.0879 53.0651 3.4
      vertex 53.1121 53.0651 3.4
      vertex 53.0902 53.1 3.4
    endloop
  endfacet
  facet normal -0 0 1
    outer loop
      vertex 53.0902 53.1 3.4
      vertex 53.1121 53.0651 3.4
      vertex 53.1098 53.1 3.4
    endloop
  endfacet
  facet normal 0 0 1
    outer loop
      vertex 56.6001 42.8179 3.4
      vertex 53.1 36.1902 3.4
      vertex 53.1349 36.1879 3.4
    endloop
  endfacet
  facet normal 0 0 1
    outer loop
      vertex 52.9457 50.8954 3.4
      vertex 53.2543 50.8954 3.4
      vertex 53.0879 53.0651 3.4
    endloop
  endfacet
  facet normal 0 0 1
    outer loop
      vertex 52.5215 48.7628 3.4
      vertex 53.2543 50.8954 3.4
      vertex 52.9457 50.8954 3.4
    endloop
  endfacet
  facet normal 0 0 1
    outer loop
      vertex 52.5146 48.7285 3.4
      vertex 53.2543 50.8954 3.4
      vertex 52.5215 48.7628 3.4
    endloop
  endfacet
  facet normal 0 0 1
    outer loop
      vertex 53.2543 50.8954 3.4
      vertex 52.5146 48.7285 3.4
      vertex 53.1 36.1902 3.4
    endloop
  endfacet
  facet normal -0 0 1
    outer loop
      vertex 51.8157 46.6695 3.4
      vertex 53.1 36.1902 3.4
      vertex 52.5146 48.7285 3.4
    endloop
  endfacet
  facet normal -0 0 1
    outer loop
      vertex 51.8045 46.6364 3.4
      vertex 53.1 36.1902 3.4
      vertex 51.8157 46.6695 3.4
    endloop
  endfacet
  facet normal -0 0 1
    outer loop
      vertex 51.789 46.6051 3.4
      vertex 53.1 36.1902 3.4
      vertex 51.8045 46.6364 3.4
    endloop
  endfacet
  facet normal -0 0 1
    outer loop
      vertex 50.8273 44.6549 3.4
      vertex 53.1 36.1902 3.4
      vertex 51.789 46.6051 3.4
    endloop
  endfacet
  facet normal -0 0 1
    outer loop
      vertex 49.6193 42.847 3.4
      vertex 53.1 36.1902 3.4
      vertex 50.8273 44.6549 3.4
    endloop
  endfacet
  facet normal -0 0 1
    outer loop
      vertex 49.5999 42.8179 3.4
      vertex 53.1 36.1902 3.4
      vertex 49.6193 42.847 3.4
    endloop
  endfacet
  facet normal 0 0 1
    outer loop
      vertex 53.1 36.1902 3.4
      vertex 49.5999 42.8179 3.4
      vertex 53.0651 36.1879 3.4
    endloop
  endfacet
  facet normal -0 0 1
    outer loop
      vertex 49.5768 42.7916 3.4
      vertex 53.0651 36.1879 3.4
      vertex 49.5999 42.8179 3.4
    endloop
  endfacet
  facet normal 0 0 1
    outer loop
      vertex 53.0651 36.1879 3.4
      vertex 49.5768 42.7916 3.4
      vertex 50.8954 36.0457 3.4
    endloop
  endfacet
  facet normal -0 0 1
    outer loop
      vertex 48.1432 41.1569 3.4
      vertex 50.8954 36.0457 3.4
      vertex 49.5768 42.7916 3.4
    endloop
  endfacet
  facet normal 0 0 1
    outer loop
      vertex 50.8954 36.0457 3.4
      vertex 48.1432 41.1569 3.4
      vertex 48.7628 35.6215 3.4
    endloop
  endfacet
  facet normal -0 0 1
    outer loop
      vertex 46.5084 39.7232 3.4
      vertex 48.7628 35.6215 3.4
      vertex 48.1432 41.1569 3.4
    endloop
  endfacet
  facet normal 0 0 1
    outer loop
      vertex 48.7628 35.6215 3.4
      vertex 46.5084 39.7232 3.4
      vertex 48.7285 35.6146 3.4
    endloop
  endfacet
  facet normal -0 0 1
    outer loop
      vertex 46.4821 39.7001 3.4
      vertex 48.7285 35.6146 3.4
      vertex 46.5084 39.7232 3.4
    endloop
  endfacet
  facet normal -0 0 1
    outer loop
      vertex 46.453 39.6807 3.4
      vertex 48.7285 35.6146 3.4
      vertex 46.4821 39.7001 3.4
    endloop
  endfacet
  facet normal 0 0 1
    outer loop
      vertex 48.7285 35.6146 3.4
      vertex 46.453 39.6807 3.4
      vertex 46.6695 34.9157 3.4
    endloop
  endfacet
  facet normal -0 0 1
    outer loop
      vertex 44.6451 38.4727 3.4
      vertex 46.6695 34.9157 3.4
      vertex 46.453 39.6807 3.4
    endloop
  endfacet
  facet normal 0 0 1
    outer loop
      vertex 46.6695 34.9157 3.4
      vertex 44.6451 38.4727 3.4
      vertex 46.6364 34.9045 3.4
    endloop
  endfacet
  facet normal 0 0 1
    outer loop
      vertex 46.6364 34.9045 3.4
      vertex 44.6451 38.4727 3.4
      vertex 46.6051 34.889 3.4
    endloop
  endfacet
  facet normal 0 0 1
    outer loop
      vertex 46.6051 34.889 3.4
      vertex 44.6451 38.4727 3.4
      vertex 44.6549 33.9273 3.4
    endloop
  endfacet
  facet normal -0 0 1
    outer loop
      vertex 42.6949 37.511 3.4
      vertex 44.6549 33.9273 3.4
      vertex 44.6451 38.4727 3.4
    endloop
  endfacet
  facet normal -0 0 1
    outer loop
      vertex 42.6636 37.4955 3.4
      vertex 44.6549 33.9273 3.4
      vertex 42.6949 37.511 3.4
    endloop
  endfacet
  facet normal -0 0 1
    outer loop
      vertex 42.6305 37.4843 3.4
      vertex 44.6549 33.9273 3.4
      vertex 42.6636 37.4955 3.4
    endloop
  endfacet
  facet normal 0 0 1
    outer loop
      vertex 44.6549 33.9273 3.4
      vertex 42.6305 37.4843 3.4
      vertex 42.847 32.7193 3.4
    endloop
  endfacet
  facet normal -0 0 1
    outer loop
      vertex 40.5715 36.7854 3.4
      vertex 42.847 32.7193 3.4
      vertex 42.6305 37.4843 3.4
    endloop
  endfacet
  facet normal 0 0 1
    outer loop
      vertex 42.847 32.7193 3.4
      vertex 40.5715 36.7854 3.4
      vertex 42.8179 32.6999 3.4
    endloop
  endfacet
  facet normal 0 0 1
    outer loop
      vertex 42.8179 32.6999 3.4
      vertex 40.5715 36.7854 3.4
      vertex 42.7916 32.6768 3.4
    endloop
  endfacet
  facet normal -0 0 1
    outer loop
      vertex 40.5372 36.7785 3.4
      vertex 42.7916 32.6768 3.4
      vertex 40.5715 36.7854 3.4
    endloop
  endfacet
  facet normal 0 0 1
    outer loop
      vertex 42.7916 32.6768 3.4
      vertex 40.5372 36.7785 3.4
      vertex 41.1569 31.2431 3.4
    endloop
  endfacet
  facet normal -0 0 1
    outer loop
      vertex 38.4046 36.3543 3.4
      vertex 41.1569 31.2431 3.4
      vertex 40.5372 36.7785 3.4
    endloop
  endfacet
  facet normal 0 0 1
    outer loop
      vertex 41.1569 31.2431 3.4
      vertex 38.4046 36.3543 3.4
      vertex 39.7232 29.6084 3.4
    endloop
  endfacet
  facet normal -0 0 1
    outer loop
      vertex 36.2349 36.2121 3.4
      vertex 39.7232 29.6084 3.4
      vertex 38.4046 36.3543 3.4
    endloop
  endfacet
  facet normal 0 0 1
    outer loop
      vertex 39.7232 29.6084 3.4
      vertex 36.2349 36.2121 3.4
      vertex 39.7001 29.5821 3.4
    endloop
  endfacet
  facet normal -0 0 1
    outer loop
      vertex 36.2 36.2098 3.4
      vertex 39.7001 29.5821 3.4
      vertex 36.2349 36.2121 3.4
    endloop
  endfacet
  facet normal 0 0 1
    outer loop
      vertex 39.7001 29.5821 3.4
      vertex 36.2 36.2098 3.4
      vertex 39.6807 29.553 3.4
    endloop
  endfacet
  facet normal 0 0 1
    outer loop
      vertex 39.6807 29.553 3.4
      vertex 36.2 36.2098 3.4
      vertex 38.4727 27.7451 3.4
    endloop
  endfacet
  facet normal 0 0 1
    outer loop
      vertex 38.4727 27.7451 3.4
      vertex 36.2 36.2098 3.4
      vertex 37.511 25.7949 3.4
    endloop
  endfacet
  facet normal 0 0 1
    outer loop
      vertex 37.511 25.7949 3.4
      vertex 36.2 36.2098 3.4
      vertex 37.4955 25.7636 3.4
    endloop
  endfacet
  facet normal 0 0 1
    outer loop
      vertex 37.4955 25.7636 3.4
      vertex 36.2 36.2098 3.4
      vertex 37.4843 25.7305 3.4
    endloop
  endfacet
  facet normal 0 0 1
    outer loop
      vertex 37.4843 25.7305 3.4
      vertex 36.2 36.2098 3.4
      vertex 36.7854 23.6715 3.4
    endloop
  endfacet
  facet normal 0 0 1
    outer loop
      vertex 36.0457 21.5046 3.4
      vertex 36.7854 23.6715 3.4
      vertex 36.2 36.2098 3.4
    endloop
  endfacet
  facet normal 0 0 1
    outer loop
      vertex 36.7854 23.6715 3.4
      vertex 36.0457 21.5046 3.4
      vertex 36.7785 23.6372 3.4
    endloop
  endfacet
  facet normal 0 0 1
    outer loop
      vertex 36.7785 23.6372 3.4
      vertex 36.0457 21.5046 3.4
      vertex 36.3543 21.5046 3.4
    endloop
  endfacet
  facet normal 0 0 1
    outer loop
      vertex 36.3543 21.5046 3.4
      vertex 36.0457 21.5046 3.4
      vertex 36.2121 19.3349 3.4
    endloop
  endfacet
  facet normal 0 0 1
    outer loop
      vertex 121.191 26.0591 3.4
      vertex 103.79 19.3 3.4
      vertex 103.788 19.2651 3.4
    endloop
  endfacet
  facet normal 0 0 1
    outer loop
      vertex 100.3 29.5821 3.4
      vertex 103.8 36.2098 3.4
      vertex 103.765 36.2121 3.4
    endloop
  endfacet
  facet normal 0 0 1
    outer loop
      vertex 120.605 26.6941 3.4
      vertex 103.788 19.3349 3.4
      vertex 103.79 19.3 3.4
    endloop
  endfacet
  facet normal 0 0 1
    outer loop
      vertex 119.572 28.4385 3.4
      vertex 103.221 23.6372 3.4
      vertex 103.646 21.5046 3.4
    endloop
  endfacet
  facet normal 0 0 1
    outer loop
      vertex 119.572 28.4385 3.4
      vertex 103.215 23.6715 3.4
      vertex 103.221 23.6372 3.4
    endloop
  endfacet
  facet normal 0 0 1
    outer loop
      vertex 119.142 29.518 3.4
      vertex 102.516 25.7305 3.4
      vertex 103.215 23.6715 3.4
    endloop
  endfacet
  facet normal 0 0 1
    outer loop
      vertex 118.779 30.7118 3.4
      vertex 102.504 25.7636 3.4
      vertex 102.516 25.7305 3.4
    endloop
  endfacet
  facet normal 0 0 1
    outer loop
      vertex 108.137 36.7785 3.4
      vertex 102.489 25.7949 3.4
      vertex 102.504 25.7636 3.4
    endloop
  endfacet
  facet normal 0 0 1
    outer loop
      vertex 100.277 29.6084 3.4
      vertex 103.765 36.2121 3.4
      vertex 101.595 36.3543 3.4
    endloop
  endfacet
  facet normal 0 0 1
    outer loop
      vertex 106.005 36.3543 3.4
      vertex 101.527 27.7451 3.4
      vertex 102.489 25.7949 3.4
    endloop
  endfacet
  facet normal 0 0 1
    outer loop
      vertex 103.835 36.2121 3.4
      vertex 100.319 29.553 3.4
      vertex 101.527 27.7451 3.4
    endloop
  endfacet
  facet normal 0 0 1
    outer loop
      vertex 103.8 36.2098 3.4
      vertex 100.3 29.5821 3.4
      vertex 100.319 29.553 3.4
    endloop
  endfacet
  facet normal 0 0 1
    outer loop
      vertex 103.765 36.2121 3.4
      vertex 100.277 29.6084 3.4
      vertex 100.3 29.5821 3.4
    endloop
  endfacet
  facet normal 0 0 1
    outer loop
      vertex 98.8431 31.2431 3.4
      vertex 101.595 36.3543 3.4
      vertex 99.4628 36.7785 3.4
    endloop
  endfacet
  facet normal 0 0 1
    outer loop
      vertex 97.2084 32.6768 3.4
      vertex 99.4628 36.7785 3.4
      vertex 99.4285 36.7854 3.4
    endloop
  endfacet
  facet normal 0 0 1
    outer loop
      vertex 101.595 36.3543 3.4
      vertex 98.8431 31.2431 3.4
      vertex 100.277 29.6084 3.4
    endloop
  endfacet
  facet normal 0 0 1
    outer loop
      vertex 97.153 32.7193 3.4
      vertex 99.4285 36.7854 3.4
      vertex 97.3695 37.4843 3.4
    endloop
  endfacet
  facet normal 0 0 1
    outer loop
      vertex 95.3451 33.9273 3.4
      vertex 97.3695 37.4843 3.4
      vertex 97.3364 37.4955 3.4
    endloop
  endfacet
  facet normal 0 0 1
    outer loop
      vertex 95.3451 33.9273 3.4
      vertex 97.3364 37.4955 3.4
      vertex 97.3051 37.511 3.4
    endloop
  endfacet
  facet normal 0 0 1
    outer loop
      vertex 99.4628 36.7785 3.4
      vertex 97.2084 32.6768 3.4
      vertex 98.8431 31.2431 3.4
    endloop
  endfacet
  facet normal 0 0 1
    outer loop
      vertex 99.4285 36.7854 3.4
      vertex 97.1821 32.6999 3.4
      vertex 97.2084 32.6768 3.4
    endloop
  endfacet
  facet normal 0 0 1
    outer loop
      vertex 99.4285 36.7854 3.4
      vertex 97.153 32.7193 3.4
      vertex 97.1821 32.6999 3.4
    endloop
  endfacet
  facet normal 0 0 1
    outer loop
      vertex 95.3451 33.9273 3.4
      vertex 97.3051 37.511 3.4
      vertex 95.3549 38.4727 3.4
    endloop
  endfacet
  facet normal 0 0 1
    outer loop
      vertex 97.3695 37.4843 3.4
      vertex 95.3451 33.9273 3.4
      vertex 97.153 32.7193 3.4
    endloop
  endfacet
  facet normal 0 0 1
    outer loop
      vertex 93.3305 34.9157 3.4
      vertex 95.3549 38.4727 3.4
      vertex 93.547 39.6807 3.4
    endloop
  endfacet
  facet normal 0 0 1
    outer loop
      vertex 91.2715 35.6146 3.4
      vertex 93.547 39.6807 3.4
      vertex 93.5179 39.7001 3.4
    endloop
  endfacet
  facet normal 0 0 1
    outer loop
      vertex 91.2715 35.6146 3.4
      vertex 93.5179 39.7001 3.4
      vertex 93.4916 39.7232 3.4
    endloop
  endfacet
  facet normal 0 0 1
    outer loop
      vertex 95.3549 38.4727 3.4
      vertex 93.3949 34.889 3.4
      vertex 95.3451 33.9273 3.4
    endloop
  endfacet
  facet normal 0 0 1
    outer loop
      vertex 95.3549 38.4727 3.4
      vertex 93.3636 34.9045 3.4
      vertex 93.3949 34.889 3.4
    endloop
  endfacet
  facet normal 0 0 1
    outer loop
      vertex 95.3549 38.4727 3.4
      vertex 93.3305 34.9157 3.4
      vertex 93.3636 34.9045 3.4
    endloop
  endfacet
  facet normal 0 0 1
    outer loop
      vertex 91.2372 35.6215 3.4
      vertex 93.4916 39.7232 3.4
      vertex 91.8568 41.1569 3.4
    endloop
  endfacet
  facet normal 0 0 1
    outer loop
      vertex 93.547 39.6807 3.4
      vertex 91.2715 35.6146 3.4
      vertex 93.3305 34.9157 3.4
    endloop
  endfacet
  facet normal 0 0 1
    outer loop
      vertex 93.4916 39.7232 3.4
      vertex 91.2372 35.6215 3.4
      vertex 91.2715 35.6146 3.4
    endloop
  endfacet
  facet normal 0 0 1
    outer loop
      vertex 89.1046 36.0457 3.4
      vertex 91.8568 41.1569 3.4
      vertex 90.4232 42.7916 3.4
    endloop
  endfacet
  facet normal 0 0 1
    outer loop
      vertex 86.9349 36.1879 3.4
      vertex 90.4232 42.7916 3.4
      vertex 90.4001 42.8179 3.4
    endloop
  endfacet
  facet normal 0 0 1
    outer loop
      vertex 86.9 36.1902 3.4
      vertex 90.4001 42.8179 3.4
      vertex 90.3807 42.847 3.4
    endloop
  endfacet
  facet normal 0 0 1
    outer loop
      vertex 86.9 36.1902 3.4
      vertex 90.3807 42.847 3.4
      vertex 89.1727 44.6549 3.4
    endloop
  endfacet
  facet normal 0 0 1
    outer loop
      vertex 91.8568 41.1569 3.4
      vertex 89.1046 36.0457 3.4
      vertex 91.2372 35.6215 3.4
    endloop
  endfacet
  facet normal 0 0 1
    outer loop
      vertex 86.9 36.1902 3.4
      vertex 89.1727 44.6549 3.4
      vertex 88.211 46.6051 3.4
    endloop
  endfacet
  facet normal 0 0 1
    outer loop
      vertex 86.9 36.1902 3.4
      vertex 88.211 46.6051 3.4
      vertex 88.1955 46.6364 3.4
    endloop
  endfacet
  facet normal 0 0 1
    outer loop
      vertex 86.9 36.1902 3.4
      vertex 88.1955 46.6364 3.4
      vertex 88.1843 46.6695 3.4
    endloop
  endfacet
  facet normal 0 0 1
    outer loop
      vertex 86.9 36.1902 3.4
      vertex 88.1843 46.6695 3.4
      vertex 87.4854 48.7285 3.4
    endloop
  endfacet
  facet normal 0 0 1
    outer loop
      vertex 86.9 36.1902 3.4
      vertex 87.4854 48.7285 3.4
      vertex 87.4785 48.7628 3.4
    endloop
  endfacet
  facet normal 0 0 1
    outer loop
      vertex 86.9 36.1902 3.4
      vertex 87.4785 48.7628 3.4
      vertex 87.0543 50.8954 3.4
    endloop
  endfacet
  facet normal 0 0 1
    outer loop
      vertex 90.4232 42.7916 3.4
      vertex 86.9349 36.1879 3.4
      vertex 89.1046 36.0457 3.4
    endloop
  endfacet
  facet normal 0 0 1
    outer loop
      vertex 86.8879 53.0651 3.4
      vertex 86.9121 53.0651 3.4
      vertex 86.8902 53.1 3.4
    endloop
  endfacet
  facet normal -0 0 1
    outer loop
      vertex 86.8902 53.1 3.4
      vertex 86.9121 53.0651 3.4
      vertex 86.9098 53.1 3.4
    endloop
  endfacet
  facet normal 0 0 1
    outer loop
      vertex 90.4001 42.8179 3.4
      vertex 86.9 36.1902 3.4
      vertex 86.9349 36.1879 3.4
    endloop
  endfacet
  facet normal 0 0 1
    outer loop
      vertex 86.7457 50.8954 3.4
      vertex 87.0543 50.8954 3.4
      vertex 86.8879 53.0651 3.4
    endloop
  endfacet
  facet normal 0 0 1
    outer loop
      vertex 86.3215 48.7628 3.4
      vertex 87.0543 50.8954 3.4
      vertex 86.7457 50.8954 3.4
    endloop
  endfacet
  facet normal 0 0 1
    outer loop
      vertex 86.3146 48.7285 3.4
      vertex 87.0543 50.8954 3.4
      vertex 86.3215 48.7628 3.4
    endloop
  endfacet
  facet normal 0 0 1
    outer loop
      vertex 87.0543 50.8954 3.4
      vertex 86.3146 48.7285 3.4
      vertex 86.9 36.1902 3.4
    endloop
  endfacet
  facet normal -0 0 1
    outer loop
      vertex 85.6157 46.6695 3.4
      vertex 86.9 36.1902 3.4
      vertex 86.3146 48.7285 3.4
    endloop
  endfacet
  facet normal -0 0 1
    outer loop
      vertex 85.6045 46.6364 3.4
      vertex 86.9 36.1902 3.4
      vertex 85.6157 46.6695 3.4
    endloop
  endfacet
  facet normal -0 0 1
    outer loop
      vertex 85.589 46.6051 3.4
      vertex 86.9 36.1902 3.4
      vertex 85.6045 46.6364 3.4
    endloop
  endfacet
  facet normal -0 0 1
    outer loop
      vertex 84.6273 44.6549 3.4
      vertex 86.9 36.1902 3.4
      vertex 85.589 46.6051 3.4
    endloop
  endfacet
  facet normal -0 0 1
    outer loop
      vertex 83.4193 42.847 3.4
      vertex 86.9 36.1902 3.4
      vertex 84.6273 44.6549 3.4
    endloop
  endfacet
  facet normal -0 0 1
    outer loop
      vertex 83.3999 42.8179 3.4
      vertex 86.9 36.1902 3.4
      vertex 83.4193 42.847 3.4
    endloop
  endfacet
  facet normal 0 0 1
    outer loop
      vertex 86.9 36.1902 3.4
      vertex 83.3999 42.8179 3.4
      vertex 86.8651 36.1879 3.4
    endloop
  endfacet
  facet normal -0 0 1
    outer loop
      vertex 83.3768 42.7916 3.4
      vertex 86.8651 36.1879 3.4
      vertex 83.3999 42.8179 3.4
    endloop
  endfacet
  facet normal 0 0 1
    outer loop
      vertex 86.8651 36.1879 3.4
      vertex 83.3768 42.7916 3.4
      vertex 84.6954 36.0457 3.4
    endloop
  endfacet
  facet normal -0 0 1
    outer loop
      vertex 81.9431 41.1569 3.4
      vertex 84.6954 36.0457 3.4
      vertex 83.3768 42.7916 3.4
    endloop
  endfacet
  facet normal 0 0 1
    outer loop
      vertex 84.6954 36.0457 3.4
      vertex 81.9431 41.1569 3.4
      vertex 82.5628 35.6215 3.4
    endloop
  endfacet
  facet normal -0 0 1
    outer loop
      vertex 80.3084 39.7232 3.4
      vertex 82.5628 35.6215 3.4
      vertex 81.9431 41.1569 3.4
    endloop
  endfacet
  facet normal 0 0 1
    outer loop
      vertex 82.5628 35.6215 3.4
      vertex 80.3084 39.7232 3.4
      vertex 82.5285 35.6146 3.4
    endloop
  endfacet
  facet normal -0 0 1
    outer loop
      vertex 80.2821 39.7001 3.4
      vertex 82.5285 35.6146 3.4
      vertex 80.3084 39.7232 3.4
    endloop
  endfacet
  facet normal -0 0 1
    outer loop
      vertex 80.253 39.6807 3.4
      vertex 82.5285 35.6146 3.4
      vertex 80.2821 39.7001 3.4
    endloop
  endfacet
  facet normal 0 0 1
    outer loop
      vertex 82.5285 35.6146 3.4
      vertex 80.253 39.6807 3.4
      vertex 80.4695 34.9157 3.4
    endloop
  endfacet
  facet normal -0 0 1
    outer loop
      vertex 78.4451 38.4727 3.4
      vertex 80.4695 34.9157 3.4
      vertex 80.253 39.6807 3.4
    endloop
  endfacet
  facet normal 0 0 1
    outer loop
      vertex 80.4695 34.9157 3.4
      vertex 78.4451 38.4727 3.4
      vertex 80.4364 34.9045 3.4
    endloop
  endfacet
  facet normal 0 0 1
    outer loop
      vertex 80.4364 34.9045 3.4
      vertex 78.4451 38.4727 3.4
      vertex 80.4051 34.889 3.4
    endloop
  endfacet
  facet normal 0 0 1
    outer loop
      vertex 80.4051 34.889 3.4
      vertex 78.4451 38.4727 3.4
      vertex 78.4549 33.9273 3.4
    endloop
  endfacet
  facet normal -0 0 1
    outer loop
      vertex 76.4949 37.511 3.4
      vertex 78.4549 33.9273 3.4
      vertex 78.4451 38.4727 3.4
    endloop
  endfacet
  facet normal -0 0 1
    outer loop
      vertex 76.4636 37.4955 3.4
      vertex 78.4549 33.9273 3.4
      vertex 76.4949 37.511 3.4
    endloop
  endfacet
  facet normal -0 0 1
    outer loop
      vertex 76.4305 37.4843 3.4
      vertex 78.4549 33.9273 3.4
      vertex 76.4636 37.4955 3.4
    endloop
  endfacet
  facet normal 0 0 1
    outer loop
      vertex 78.4549 33.9273 3.4
      vertex 76.4305 37.4843 3.4
      vertex 76.647 32.7193 3.4
    endloop
  endfacet
  facet normal -0 0 1
    outer loop
      vertex 74.3715 36.7854 3.4
      vertex 76.647 32.7193 3.4
      vertex 76.4305 37.4843 3.4
    endloop
  endfacet
  facet normal 0 0 1
    outer loop
      vertex 76.647 32.7193 3.4
      vertex 74.3715 36.7854 3.4
      vertex 76.6179 32.6999 3.4
    endloop
  endfacet
  facet normal 0 0 1
    outer loop
      vertex 76.6179 32.6999 3.4
      vertex 74.3715 36.7854 3.4
      vertex 76.5916 32.6768 3.4
    endloop
  endfacet
  facet normal -0 0 1
    outer loop
      vertex 74.3372 36.7785 3.4
      vertex 76.5916 32.6768 3.4
      vertex 74.3715 36.7854 3.4
    endloop
  endfacet
  facet normal 0 0 1
    outer loop
      vertex 76.5916 32.6768 3.4
      vertex 74.3372 36.7785 3.4
      vertex 74.9568 31.2431 3.4
    endloop
  endfacet
  facet normal -0 0 1
    outer loop
      vertex 72.2046 36.3543 3.4
      vertex 74.9568 31.2431 3.4
      vertex 74.3372 36.7785 3.4
    endloop
  endfacet
  facet normal 0 0 1
    outer loop
      vertex 74.9568 31.2431 3.4
      vertex 72.2046 36.3543 3.4
      vertex 73.5232 29.6084 3.4
    endloop
  endfacet
  facet normal -0 0 1
    outer loop
      vertex 70.0349 36.2121 3.4
      vertex 73.5232 29.6084 3.4
      vertex 72.2046 36.3543 3.4
    endloop
  endfacet
  facet normal 0 0 1
    outer loop
      vertex 73.5232 29.6084 3.4
      vertex 70.0349 36.2121 3.4
      vertex 73.5001 29.5821 3.4
    endloop
  endfacet
  facet normal -0 0 1
    outer loop
      vertex 70 36.2098 3.4
      vertex 73.5001 29.5821 3.4
      vertex 70.0349 36.2121 3.4
    endloop
  endfacet
  facet normal 0 0 1
    outer loop
      vertex 73.5001 29.5821 3.4
      vertex 70 36.2098 3.4
      vertex 73.4807 29.553 3.4
    endloop
  endfacet
  facet normal 0 0 1
    outer loop
      vertex 73.4807 29.553 3.4
      vertex 70 36.2098 3.4
      vertex 72.2727 27.7451 3.4
    endloop
  endfacet
  facet normal 0 0 1
    outer loop
      vertex 72.2727 27.7451 3.4
      vertex 70 36.2098 3.4
      vertex 71.311 25.7949 3.4
    endloop
  endfacet
  facet normal 0 0 1
    outer loop
      vertex 71.311 25.7949 3.4
      vertex 70 36.2098 3.4
      vertex 71.2955 25.7636 3.4
    endloop
  endfacet
  facet normal 0 0 1
    outer loop
      vertex 71.2955 25.7636 3.4
      vertex 70 36.2098 3.4
      vertex 71.2843 25.7305 3.4
    endloop
  endfacet
  facet normal 0 0 1
    outer loop
      vertex 71.2843 25.7305 3.4
      vertex 70 36.2098 3.4
      vertex 70.5854 23.6715 3.4
    endloop
  endfacet
  facet normal 0 0 1
    outer loop
      vertex 69.8457 21.5046 3.4
      vertex 70.5854 23.6715 3.4
      vertex 70 36.2098 3.4
    endloop
  endfacet
  facet normal 0 0 1
    outer loop
      vertex 70.5854 23.6715 3.4
      vertex 69.8457 21.5046 3.4
      vertex 70.5785 23.6372 3.4
    endloop
  endfacet
  facet normal 0 0 1
    outer loop
      vertex 70.5785 23.6372 3.4
      vertex 69.8457 21.5046 3.4
      vertex 70.1543 21.5046 3.4
    endloop
  endfacet
  facet normal 0 0 1
    outer loop
      vertex 70.1543 21.5046 3.4
      vertex 69.8457 21.5046 3.4
      vertex 70.0121 19.3349 3.4
    endloop
  endfacet
  facet normal 0.947037 -0.321125 0
    outer loop
      vertex 122.872 1.85195 2.6
      vertex 122.998 2.22354 0
      vertex 122.998 2.22354 2.6
    endloop
  endfacet
  facet normal 0.947037 -0.321125 0
    outer loop
      vertex 122.998 2.22354 0
      vertex 122.872 1.85195 2.6
      vertex 122.872 1.85195 0
    endloop
  endfacet
  facet normal 0.947013 0.321194 0
    outer loop
      vertex 122.998 70.1765 2.6
      vertex 122.872 70.548 0
      vertex 122.872 70.548 2.6
    endloop
  endfacet
  facet normal 0.947013 0.321194 0
    outer loop
      vertex 122.872 70.548 0
      vertex 122.998 70.1765 2.6
      vertex 122.998 70.1765 0
    endloop
  endfacet
endsolid OpenSCAD_Model
